INFO - 2024-12-19 00:52:30 --> Config Class Initialized
INFO - 2024-12-19 00:52:30 --> Hooks Class Initialized
DEBUG - 2024-12-19 00:52:30 --> UTF-8 Support Enabled
INFO - 2024-12-19 00:52:30 --> Utf8 Class Initialized
INFO - 2024-12-19 00:52:30 --> URI Class Initialized
INFO - 2024-12-19 00:52:30 --> Router Class Initialized
INFO - 2024-12-19 00:52:30 --> Output Class Initialized
INFO - 2024-12-19 00:52:30 --> Security Class Initialized
DEBUG - 2024-12-19 00:52:30 --> Global POST, GET and COOKIE data sanitized
INFO - 2024-12-19 00:52:30 --> Input Class Initialized
INFO - 2024-12-19 00:52:30 --> Language Class Initialized
INFO - 2024-12-19 00:52:30 --> Language Class Initialized
INFO - 2024-12-19 00:52:30 --> Config Class Initialized
INFO - 2024-12-19 00:52:30 --> Loader Class Initialized
INFO - 2024-12-19 00:52:30 --> Helper loaded: url_helper
INFO - 2024-12-19 00:52:30 --> Helper loaded: easyui_helper
INFO - 2024-12-19 00:52:30 --> Helper loaded: param_helper
INFO - 2024-12-19 00:52:30 --> Helper loaded: credential_helper
INFO - 2024-12-19 00:52:30 --> Helper loaded: template_helper
INFO - 2024-12-19 00:52:30 --> Helper loaded: rest_helper
INFO - 2024-12-19 00:52:30 --> Database Driver Class Initialized
DEBUG - 2024-12-19 00:52:30 --> Idgenerator class already loaded. Second attempt ignored.
INFO - 2024-12-19 00:52:30 --> Controller Class Initialized
INFO - 2024-12-19 00:52:30 --> Model Class Initialized
DEBUG - 2024-12-19 00:52:30 --> File loaded: /apps/web-drc/application/modules/api_v1/models/Api_v1_model.php
INFO - 2024-12-19 00:52:30 --> Model Class Initialized
ERROR - 2024-12-19 00:52:31 --> Query error: Duplicate entry '2024-12-19-GSKMD244-37812-AC05' for key 'PRIMARY' - Invalid query: insert into t_sales_crc(periode,salesmanid,customerid,productid,brandid,harga,price)
							select '2024-12-19',a.salesmanid, a.customerid, c.productid, d.brandid, d.h_ritel, ifnull(e.price,0)
							from t_sales_rrk a join m_customer_ob b on a.customerid = b.customerid and a.salesmanid=b.salesmanid
							join m_customer mc on b.customerid = mc.customerid
							join mapping_sku_active c on mc.classid = c.idaccount
							join m_product d on c.productid = d.productid
							left join t_stock_all_outlet e on a.salesmanid=e.salesmanid and a.customerid = e.customerid 
							and d.productid=e.productid and e.tahun=date_format('2024-12-19','%Y') and e.bulan=date_format('2024-12-19','%m')
						where a.periode='2024-12-19' and a.customerid not in (select distinct customerid from mapping_sku_active_last3months);
						
INFO - 2024-12-19 00:52:37 --> Final output sent to browser
DEBUG - 2024-12-19 00:52:37 --> Total execution time: 7.7324
INFO - 2024-12-19 01:08:37 --> Config Class Initialized
INFO - 2024-12-19 01:08:37 --> Hooks Class Initialized
DEBUG - 2024-12-19 01:08:37 --> UTF-8 Support Enabled
INFO - 2024-12-19 01:08:37 --> Utf8 Class Initialized
INFO - 2024-12-19 01:08:37 --> URI Class Initialized
INFO - 2024-12-19 01:08:37 --> Router Class Initialized
INFO - 2024-12-19 01:08:37 --> Output Class Initialized
INFO - 2024-12-19 01:08:37 --> Security Class Initialized
DEBUG - 2024-12-19 01:08:37 --> Global POST, GET and COOKIE data sanitized
INFO - 2024-12-19 01:08:37 --> Input Class Initialized
INFO - 2024-12-19 01:08:37 --> Language Class Initialized
INFO - 2024-12-19 01:08:37 --> Language Class Initialized
INFO - 2024-12-19 01:08:37 --> Config Class Initialized
INFO - 2024-12-19 01:08:37 --> Loader Class Initialized
INFO - 2024-12-19 01:08:37 --> Helper loaded: url_helper
INFO - 2024-12-19 01:08:37 --> Helper loaded: easyui_helper
INFO - 2024-12-19 01:08:37 --> Helper loaded: param_helper
INFO - 2024-12-19 01:08:37 --> Helper loaded: credential_helper
INFO - 2024-12-19 01:08:37 --> Helper loaded: template_helper
INFO - 2024-12-19 01:08:37 --> Helper loaded: rest_helper
INFO - 2024-12-19 01:08:37 --> Database Driver Class Initialized
DEBUG - 2024-12-19 01:08:37 --> Idgenerator class already loaded. Second attempt ignored.
INFO - 2024-12-19 01:08:37 --> Controller Class Initialized
INFO - 2024-12-19 01:08:37 --> Model Class Initialized
DEBUG - 2024-12-19 01:08:37 --> File loaded: /apps/web-drc/application/modules/api_v1/models/Api_v1_model.php
INFO - 2024-12-19 01:08:37 --> Model Class Initialized
INFO - 2024-12-19 01:08:43 --> Final output sent to browser
DEBUG - 2024-12-19 01:08:43 --> Total execution time: 6.4438
INFO - 2024-12-19 19:56:36 --> Config Class Initialized
INFO - 2024-12-19 19:56:36 --> Hooks Class Initialized
DEBUG - 2024-12-19 19:56:36 --> UTF-8 Support Enabled
INFO - 2024-12-19 19:56:36 --> Utf8 Class Initialized
INFO - 2024-12-19 19:56:36 --> URI Class Initialized
DEBUG - 2024-12-19 19:56:36 --> No URI present. Default controller set.
INFO - 2024-12-19 19:56:36 --> Router Class Initialized
INFO - 2024-12-19 19:56:36 --> Output Class Initialized
INFO - 2024-12-19 19:56:36 --> Security Class Initialized
DEBUG - 2024-12-19 19:56:36 --> Global POST, GET and COOKIE data sanitized
INFO - 2024-12-19 19:56:36 --> Input Class Initialized
INFO - 2024-12-19 19:56:36 --> Language Class Initialized
INFO - 2024-12-19 19:56:36 --> Language Class Initialized
INFO - 2024-12-19 19:56:36 --> Config Class Initialized
INFO - 2024-12-19 19:56:36 --> Loader Class Initialized
INFO - 2024-12-19 19:56:36 --> Helper loaded: url_helper
INFO - 2024-12-19 19:56:36 --> Helper loaded: easyui_helper
INFO - 2024-12-19 19:56:36 --> Helper loaded: param_helper
INFO - 2024-12-19 19:56:36 --> Helper loaded: credential_helper
INFO - 2024-12-19 19:56:36 --> Helper loaded: template_helper
INFO - 2024-12-19 19:56:36 --> Helper loaded: rest_helper
INFO - 2024-12-19 19:56:36 --> Database Driver Class Initialized
DEBUG - 2024-12-19 19:56:36 --> Idgenerator class already loaded. Second attempt ignored.
INFO - 2024-12-19 19:56:36 --> Controller Class Initialized
DEBUG - 2024-12-19 19:56:36 --> File loaded: /apps/web-drc/application/modules/app_auth/views/login_lte_template.php
DEBUG - 2024-12-19 19:56:36 --> File loaded: /apps/web-drc/application/views/template_login_lte/header.php
DEBUG - 2024-12-19 19:56:36 --> File loaded: /apps/web-drc/application/views/template_login_lte/contents.php
DEBUG - 2024-12-19 19:56:36 --> File loaded: /apps/web-drc/application/views/template_login_lte/default.php
INFO - 2024-12-19 19:56:36 --> Final output sent to browser
DEBUG - 2024-12-19 19:56:36 --> Total execution time: 0.0850
INFO - 2024-12-19 19:56:37 --> Config Class Initialized
INFO - 2024-12-19 19:56:37 --> Hooks Class Initialized
DEBUG - 2024-12-19 19:56:37 --> UTF-8 Support Enabled
INFO - 2024-12-19 19:56:37 --> Utf8 Class Initialized
INFO - 2024-12-19 19:56:37 --> URI Class Initialized
INFO - 2024-12-19 19:56:37 --> Router Class Initialized
INFO - 2024-12-19 19:56:37 --> Output Class Initialized
INFO - 2024-12-19 19:56:37 --> Security Class Initialized
DEBUG - 2024-12-19 19:56:37 --> Global POST, GET and COOKIE data sanitized
INFO - 2024-12-19 19:56:37 --> Input Class Initialized
INFO - 2024-12-19 19:56:37 --> Language Class Initialized
ERROR - 2024-12-19 19:56:37 --> 404 Page Not Found: /index
INFO - 2024-12-19 19:56:39 --> Config Class Initialized
INFO - 2024-12-19 19:56:39 --> Hooks Class Initialized
DEBUG - 2024-12-19 19:56:39 --> UTF-8 Support Enabled
INFO - 2024-12-19 19:56:39 --> Utf8 Class Initialized
INFO - 2024-12-19 19:56:39 --> URI Class Initialized
INFO - 2024-12-19 19:56:39 --> Router Class Initialized
INFO - 2024-12-19 19:56:39 --> Output Class Initialized
INFO - 2024-12-19 19:56:39 --> Security Class Initialized
DEBUG - 2024-12-19 19:56:39 --> Global POST, GET and COOKIE data sanitized
INFO - 2024-12-19 19:56:39 --> Input Class Initialized
INFO - 2024-12-19 19:56:39 --> Language Class Initialized
INFO - 2024-12-19 19:56:39 --> Language Class Initialized
INFO - 2024-12-19 19:56:39 --> Config Class Initialized
INFO - 2024-12-19 19:56:39 --> Loader Class Initialized
INFO - 2024-12-19 19:56:39 --> Helper loaded: url_helper
INFO - 2024-12-19 19:56:39 --> Helper loaded: easyui_helper
INFO - 2024-12-19 19:56:39 --> Helper loaded: param_helper
INFO - 2024-12-19 19:56:39 --> Helper loaded: credential_helper
INFO - 2024-12-19 19:56:39 --> Helper loaded: template_helper
INFO - 2024-12-19 19:56:39 --> Helper loaded: rest_helper
INFO - 2024-12-19 19:56:39 --> Database Driver Class Initialized
DEBUG - 2024-12-19 19:56:39 --> Idgenerator class already loaded. Second attempt ignored.
INFO - 2024-12-19 19:56:39 --> Controller Class Initialized
INFO - 2024-12-19 19:56:39 --> Final output sent to browser
DEBUG - 2024-12-19 19:56:39 --> Total execution time: 0.0176
INFO - 2024-12-19 19:56:39 --> Config Class Initialized
INFO - 2024-12-19 19:56:39 --> Hooks Class Initialized
DEBUG - 2024-12-19 19:56:39 --> UTF-8 Support Enabled
INFO - 2024-12-19 19:56:39 --> Utf8 Class Initialized
INFO - 2024-12-19 19:56:39 --> URI Class Initialized
INFO - 2024-12-19 19:56:39 --> Router Class Initialized
INFO - 2024-12-19 19:56:39 --> Output Class Initialized
INFO - 2024-12-19 19:56:39 --> Security Class Initialized
DEBUG - 2024-12-19 19:56:39 --> Global POST, GET and COOKIE data sanitized
INFO - 2024-12-19 19:56:39 --> Input Class Initialized
INFO - 2024-12-19 19:56:39 --> Language Class Initialized
INFO - 2024-12-19 19:56:39 --> Language Class Initialized
INFO - 2024-12-19 19:56:39 --> Config Class Initialized
INFO - 2024-12-19 19:56:39 --> Loader Class Initialized
INFO - 2024-12-19 19:56:39 --> Helper loaded: url_helper
INFO - 2024-12-19 19:56:39 --> Helper loaded: easyui_helper
INFO - 2024-12-19 19:56:39 --> Helper loaded: param_helper
INFO - 2024-12-19 19:56:39 --> Helper loaded: credential_helper
INFO - 2024-12-19 19:56:39 --> Helper loaded: template_helper
INFO - 2024-12-19 19:56:39 --> Helper loaded: rest_helper
INFO - 2024-12-19 19:56:39 --> Database Driver Class Initialized
DEBUG - 2024-12-19 19:56:39 --> Idgenerator class already loaded. Second attempt ignored.
INFO - 2024-12-19 19:56:39 --> Controller Class Initialized
INFO - 2024-12-19 19:56:39 --> Model Class Initialized
DEBUG - 2024-12-19 19:56:39 --> File loaded: /apps/web-drc/application/modules/app_dashboard/models/App_dashboard_model.php
INFO - 2024-12-19 19:56:39 --> Model Class Initialized
DEBUG - 2024-12-19 19:56:39 --> File loaded: /apps/web-drc/application/modules/app_dashboard/views/content.php
DEBUG - 2024-12-19 19:56:39 --> File loaded: /apps/web-drc/application/views/templates/header.php
DEBUG - 2024-12-19 19:56:39 --> File loaded: /apps/web-drc/application/views/templates/toolbar.php
DEBUG - 2024-12-19 19:56:39 --> File loaded: /apps/web-drc/application/views/templates/sidebar.php
DEBUG - 2024-12-19 19:56:39 --> File loaded: /apps/web-drc/application/views/templates/contents.php
DEBUG - 2024-12-19 19:56:39 --> File loaded: /apps/web-drc/application/views/templates/content_footer.php
DEBUG - 2024-12-19 19:56:39 --> File loaded: /apps/web-drc/application/views/templates/footer.php
DEBUG - 2024-12-19 19:56:39 --> File loaded: /apps/web-drc/application/views/templates/default.php
INFO - 2024-12-19 19:56:39 --> Final output sent to browser
DEBUG - 2024-12-19 19:56:39 --> Total execution time: 0.0261
INFO - 2024-12-19 19:56:40 --> Config Class Initialized
INFO - 2024-12-19 19:56:40 --> Hooks Class Initialized
DEBUG - 2024-12-19 19:56:40 --> UTF-8 Support Enabled
INFO - 2024-12-19 19:56:40 --> Utf8 Class Initialized
INFO - 2024-12-19 19:56:40 --> URI Class Initialized
INFO - 2024-12-19 19:56:40 --> Router Class Initialized
INFO - 2024-12-19 19:56:40 --> Output Class Initialized
INFO - 2024-12-19 19:56:40 --> Security Class Initialized
DEBUG - 2024-12-19 19:56:40 --> Global POST, GET and COOKIE data sanitized
INFO - 2024-12-19 19:56:40 --> Input Class Initialized
INFO - 2024-12-19 19:56:40 --> Language Class Initialized
INFO - 2024-12-19 19:56:40 --> Language Class Initialized
INFO - 2024-12-19 19:56:40 --> Config Class Initialized
INFO - 2024-12-19 19:56:40 --> Loader Class Initialized
INFO - 2024-12-19 19:56:40 --> Helper loaded: url_helper
INFO - 2024-12-19 19:56:40 --> Helper loaded: easyui_helper
INFO - 2024-12-19 19:56:40 --> Helper loaded: param_helper
INFO - 2024-12-19 19:56:40 --> Helper loaded: credential_helper
INFO - 2024-12-19 19:56:40 --> Helper loaded: template_helper
INFO - 2024-12-19 19:56:40 --> Helper loaded: rest_helper
INFO - 2024-12-19 19:56:40 --> Database Driver Class Initialized
DEBUG - 2024-12-19 19:56:40 --> Idgenerator class already loaded. Second attempt ignored.
INFO - 2024-12-19 19:56:40 --> Controller Class Initialized
INFO - 2024-12-19 19:56:40 --> Model Class Initialized
DEBUG - 2024-12-19 19:56:40 --> File loaded: /apps/web-drc/application/modules/app_dashboard/models/App_dashboard_model.php
INFO - 2024-12-19 19:56:40 --> Model Class Initialized
INFO - 2024-12-19 19:56:40 --> Final output sent to browser
DEBUG - 2024-12-19 19:56:40 --> Total execution time: 0.0236
INFO - 2024-12-19 19:56:40 --> Config Class Initialized
INFO - 2024-12-19 19:56:40 --> Hooks Class Initialized
DEBUG - 2024-12-19 19:56:40 --> UTF-8 Support Enabled
INFO - 2024-12-19 19:56:40 --> Utf8 Class Initialized
INFO - 2024-12-19 19:56:40 --> URI Class Initialized
INFO - 2024-12-19 19:56:40 --> Router Class Initialized
INFO - 2024-12-19 19:56:40 --> Output Class Initialized
INFO - 2024-12-19 19:56:40 --> Security Class Initialized
DEBUG - 2024-12-19 19:56:40 --> Global POST, GET and COOKIE data sanitized
INFO - 2024-12-19 19:56:40 --> Input Class Initialized
INFO - 2024-12-19 19:56:40 --> Language Class Initialized
INFO - 2024-12-19 19:56:40 --> Language Class Initialized
INFO - 2024-12-19 19:56:40 --> Config Class Initialized
INFO - 2024-12-19 19:56:40 --> Loader Class Initialized
INFO - 2024-12-19 19:56:40 --> Helper loaded: url_helper
INFO - 2024-12-19 19:56:40 --> Helper loaded: easyui_helper
INFO - 2024-12-19 19:56:40 --> Helper loaded: param_helper
INFO - 2024-12-19 19:56:40 --> Helper loaded: credential_helper
INFO - 2024-12-19 19:56:40 --> Helper loaded: template_helper
INFO - 2024-12-19 19:56:40 --> Helper loaded: rest_helper
INFO - 2024-12-19 19:56:40 --> Database Driver Class Initialized
DEBUG - 2024-12-19 19:56:40 --> Idgenerator class already loaded. Second attempt ignored.
INFO - 2024-12-19 19:56:40 --> Controller Class Initialized
INFO - 2024-12-19 19:56:40 --> Model Class Initialized
DEBUG - 2024-12-19 19:56:40 --> File loaded: /apps/web-drc/application/modules/api_v1/models/Api_v1_model.php
INFO - 2024-12-19 19:56:40 --> Model Class Initialized
INFO - 2024-12-19 19:56:40 --> Final output sent to browser
DEBUG - 2024-12-19 19:56:40 --> Total execution time: 0.0077
INFO - 2024-12-19 19:56:46 --> Config Class Initialized
INFO - 2024-12-19 19:56:46 --> Hooks Class Initialized
DEBUG - 2024-12-19 19:56:46 --> UTF-8 Support Enabled
INFO - 2024-12-19 19:56:46 --> Utf8 Class Initialized
INFO - 2024-12-19 19:56:46 --> URI Class Initialized
INFO - 2024-12-19 19:56:46 --> Router Class Initialized
INFO - 2024-12-19 19:56:46 --> Output Class Initialized
INFO - 2024-12-19 19:56:46 --> Security Class Initialized
DEBUG - 2024-12-19 19:56:46 --> Global POST, GET and COOKIE data sanitized
INFO - 2024-12-19 19:56:46 --> Input Class Initialized
INFO - 2024-12-19 19:56:46 --> Language Class Initialized
INFO - 2024-12-19 19:56:46 --> Language Class Initialized
INFO - 2024-12-19 19:56:46 --> Config Class Initialized
INFO - 2024-12-19 19:56:46 --> Loader Class Initialized
INFO - 2024-12-19 19:56:46 --> Helper loaded: url_helper
INFO - 2024-12-19 19:56:46 --> Helper loaded: easyui_helper
INFO - 2024-12-19 19:56:46 --> Helper loaded: param_helper
INFO - 2024-12-19 19:56:46 --> Helper loaded: credential_helper
INFO - 2024-12-19 19:56:46 --> Helper loaded: template_helper
INFO - 2024-12-19 19:56:46 --> Helper loaded: rest_helper
INFO - 2024-12-19 19:56:46 --> Database Driver Class Initialized
DEBUG - 2024-12-19 19:56:46 --> Idgenerator class already loaded. Second attempt ignored.
INFO - 2024-12-19 19:56:46 --> Controller Class Initialized
INFO - 2024-12-19 19:56:46 --> Model Class Initialized
DEBUG - 2024-12-19 19:56:46 --> File loaded: /apps/web-drc/application/modules/ref_customer/models/Customer_model.php
INFO - 2024-12-19 19:56:46 --> Model Class Initialized
DEBUG - 2024-12-19 19:56:46 --> File loaded: /apps/web-drc/application/modules/ref_customer/views/content.php
DEBUG - 2024-12-19 19:56:46 --> File loaded: /apps/web-drc/application/views/templates/header.php
DEBUG - 2024-12-19 19:56:46 --> File loaded: /apps/web-drc/application/views/templates/toolbar.php
DEBUG - 2024-12-19 19:56:46 --> File loaded: /apps/web-drc/application/views/templates/sidebar.php
DEBUG - 2024-12-19 19:56:46 --> File loaded: /apps/web-drc/application/views/templates/contents.php
DEBUG - 2024-12-19 19:56:46 --> File loaded: /apps/web-drc/application/views/templates/content_footer.php
DEBUG - 2024-12-19 19:56:46 --> File loaded: /apps/web-drc/application/views/templates/footer.php
DEBUG - 2024-12-19 19:56:46 --> File loaded: /apps/web-drc/application/views/templates/default.php
INFO - 2024-12-19 19:56:46 --> Final output sent to browser
DEBUG - 2024-12-19 19:56:46 --> Total execution time: 0.0124
INFO - 2024-12-19 19:56:46 --> Config Class Initialized
INFO - 2024-12-19 19:56:46 --> Hooks Class Initialized
DEBUG - 2024-12-19 19:56:46 --> UTF-8 Support Enabled
INFO - 2024-12-19 19:56:46 --> Utf8 Class Initialized
INFO - 2024-12-19 19:56:46 --> URI Class Initialized
INFO - 2024-12-19 19:56:46 --> Router Class Initialized
INFO - 2024-12-19 19:56:46 --> Output Class Initialized
INFO - 2024-12-19 19:56:46 --> Security Class Initialized
DEBUG - 2024-12-19 19:56:46 --> Global POST, GET and COOKIE data sanitized
INFO - 2024-12-19 19:56:46 --> Input Class Initialized
INFO - 2024-12-19 19:56:46 --> Language Class Initialized
INFO - 2024-12-19 19:56:46 --> Language Class Initialized
INFO - 2024-12-19 19:56:46 --> Config Class Initialized
INFO - 2024-12-19 19:56:46 --> Loader Class Initialized
INFO - 2024-12-19 19:56:46 --> Helper loaded: url_helper
INFO - 2024-12-19 19:56:46 --> Helper loaded: easyui_helper
INFO - 2024-12-19 19:56:46 --> Helper loaded: param_helper
INFO - 2024-12-19 19:56:46 --> Helper loaded: credential_helper
INFO - 2024-12-19 19:56:46 --> Helper loaded: template_helper
INFO - 2024-12-19 19:56:46 --> Helper loaded: rest_helper
INFO - 2024-12-19 19:56:46 --> Database Driver Class Initialized
DEBUG - 2024-12-19 19:56:46 --> Idgenerator class already loaded. Second attempt ignored.
INFO - 2024-12-19 19:56:46 --> Controller Class Initialized
INFO - 2024-12-19 19:56:46 --> Model Class Initialized
DEBUG - 2024-12-19 19:56:46 --> File loaded: /apps/web-drc/application/modules/ref_customer/models/Customer_model.php
INFO - 2024-12-19 19:56:46 --> Model Class Initialized
INFO - 2024-12-19 19:56:52 --> Final output sent to browser
DEBUG - 2024-12-19 19:56:52 --> Total execution time: 6.0308
INFO - 2024-12-19 19:56:55 --> Config Class Initialized
INFO - 2024-12-19 19:56:55 --> Hooks Class Initialized
DEBUG - 2024-12-19 19:56:55 --> UTF-8 Support Enabled
INFO - 2024-12-19 19:56:55 --> Utf8 Class Initialized
INFO - 2024-12-19 19:56:55 --> URI Class Initialized
INFO - 2024-12-19 19:56:55 --> Router Class Initialized
INFO - 2024-12-19 19:56:55 --> Output Class Initialized
INFO - 2024-12-19 19:56:55 --> Security Class Initialized
DEBUG - 2024-12-19 19:56:55 --> Global POST, GET and COOKIE data sanitized
INFO - 2024-12-19 19:56:55 --> Input Class Initialized
INFO - 2024-12-19 19:56:55 --> Language Class Initialized
INFO - 2024-12-19 19:56:55 --> Language Class Initialized
INFO - 2024-12-19 19:56:55 --> Config Class Initialized
INFO - 2024-12-19 19:56:55 --> Loader Class Initialized
INFO - 2024-12-19 19:56:55 --> Helper loaded: url_helper
INFO - 2024-12-19 19:56:55 --> Helper loaded: easyui_helper
INFO - 2024-12-19 19:56:55 --> Helper loaded: param_helper
INFO - 2024-12-19 19:56:55 --> Helper loaded: credential_helper
INFO - 2024-12-19 19:56:55 --> Helper loaded: template_helper
INFO - 2024-12-19 19:56:55 --> Helper loaded: rest_helper
INFO - 2024-12-19 19:56:55 --> Database Driver Class Initialized
DEBUG - 2024-12-19 19:56:55 --> Idgenerator class already loaded. Second attempt ignored.
INFO - 2024-12-19 19:56:55 --> Controller Class Initialized
INFO - 2024-12-19 19:56:55 --> Model Class Initialized
DEBUG - 2024-12-19 19:56:55 --> File loaded: /apps/web-drc/application/modules/ref_customer/models/Customer_model.php
INFO - 2024-12-19 19:56:55 --> Model Class Initialized
DEBUG - 2024-12-19 19:56:55 --> File loaded: /apps/web-drc/application/modules/ref_customer/views/form.php
DEBUG - 2024-12-19 19:56:55 --> File loaded: /apps/web-drc/application/views/templates/header.php
DEBUG - 2024-12-19 19:56:55 --> File loaded: /apps/web-drc/application/views/templates/toolbar.php
DEBUG - 2024-12-19 19:56:55 --> File loaded: /apps/web-drc/application/views/templates/sidebar.php
DEBUG - 2024-12-19 19:56:55 --> File loaded: /apps/web-drc/application/views/templates/contents.php
DEBUG - 2024-12-19 19:56:55 --> File loaded: /apps/web-drc/application/views/templates/content_footer.php
DEBUG - 2024-12-19 19:56:55 --> File loaded: /apps/web-drc/application/views/templates/footer.php
DEBUG - 2024-12-19 19:56:55 --> File loaded: /apps/web-drc/application/views/templates/default.php
INFO - 2024-12-19 19:56:55 --> Final output sent to browser
DEBUG - 2024-12-19 19:56:55 --> Total execution time: 0.0071
INFO - 2024-12-19 19:56:55 --> Config Class Initialized
INFO - 2024-12-19 19:56:55 --> Hooks Class Initialized
DEBUG - 2024-12-19 19:56:55 --> UTF-8 Support Enabled
INFO - 2024-12-19 19:56:55 --> Utf8 Class Initialized
INFO - 2024-12-19 19:56:55 --> URI Class Initialized
INFO - 2024-12-19 19:56:55 --> Router Class Initialized
INFO - 2024-12-19 19:56:55 --> Output Class Initialized
INFO - 2024-12-19 19:56:55 --> Security Class Initialized
DEBUG - 2024-12-19 19:56:55 --> Global POST, GET and COOKIE data sanitized
INFO - 2024-12-19 19:56:55 --> Input Class Initialized
INFO - 2024-12-19 19:56:55 --> Language Class Initialized
INFO - 2024-12-19 19:56:55 --> Language Class Initialized
INFO - 2024-12-19 19:56:55 --> Config Class Initialized
INFO - 2024-12-19 19:56:55 --> Loader Class Initialized
INFO - 2024-12-19 19:56:55 --> Helper loaded: url_helper
INFO - 2024-12-19 19:56:55 --> Helper loaded: easyui_helper
INFO - 2024-12-19 19:56:55 --> Helper loaded: param_helper
INFO - 2024-12-19 19:56:55 --> Helper loaded: credential_helper
INFO - 2024-12-19 19:56:55 --> Helper loaded: template_helper
INFO - 2024-12-19 19:56:55 --> Helper loaded: rest_helper
INFO - 2024-12-19 19:56:55 --> Database Driver Class Initialized
DEBUG - 2024-12-19 19:56:55 --> Idgenerator class already loaded. Second attempt ignored.
INFO - 2024-12-19 19:56:55 --> Controller Class Initialized
INFO - 2024-12-19 19:56:55 --> Model Class Initialized
DEBUG - 2024-12-19 19:56:55 --> File loaded: /apps/web-drc/application/modules/ref_customer_segment/models/Customer_segment_model.php
INFO - 2024-12-19 19:56:55 --> Model Class Initialized
INFO - 2024-12-19 19:56:55 --> Final output sent to browser
DEBUG - 2024-12-19 19:56:55 --> Total execution time: 0.0059
INFO - 2024-12-19 19:56:55 --> Config Class Initialized
INFO - 2024-12-19 19:56:55 --> Hooks Class Initialized
DEBUG - 2024-12-19 19:56:55 --> UTF-8 Support Enabled
INFO - 2024-12-19 19:56:55 --> Utf8 Class Initialized
INFO - 2024-12-19 19:56:55 --> URI Class Initialized
INFO - 2024-12-19 19:56:55 --> Router Class Initialized
INFO - 2024-12-19 19:56:55 --> Output Class Initialized
INFO - 2024-12-19 19:56:55 --> Security Class Initialized
DEBUG - 2024-12-19 19:56:55 --> Global POST, GET and COOKIE data sanitized
INFO - 2024-12-19 19:56:55 --> Input Class Initialized
INFO - 2024-12-19 19:56:55 --> Language Class Initialized
INFO - 2024-12-19 19:56:55 --> Language Class Initialized
INFO - 2024-12-19 19:56:55 --> Config Class Initialized
INFO - 2024-12-19 19:56:55 --> Loader Class Initialized
INFO - 2024-12-19 19:56:55 --> Helper loaded: url_helper
INFO - 2024-12-19 19:56:55 --> Helper loaded: easyui_helper
INFO - 2024-12-19 19:56:55 --> Helper loaded: param_helper
INFO - 2024-12-19 19:56:55 --> Helper loaded: credential_helper
INFO - 2024-12-19 19:56:55 --> Helper loaded: template_helper
INFO - 2024-12-19 19:56:55 --> Helper loaded: rest_helper
INFO - 2024-12-19 19:56:55 --> Database Driver Class Initialized
DEBUG - 2024-12-19 19:56:55 --> Idgenerator class already loaded. Second attempt ignored.
INFO - 2024-12-19 19:56:55 --> Controller Class Initialized
INFO - 2024-12-19 19:56:55 --> Model Class Initialized
DEBUG - 2024-12-19 19:56:55 --> File loaded: /apps/web-drc/application/modules/ref_customer_type/models/Customer_type_model.php
INFO - 2024-12-19 19:56:55 --> Model Class Initialized
INFO - 2024-12-19 19:56:55 --> Final output sent to browser
DEBUG - 2024-12-19 19:56:55 --> Total execution time: 0.0055
INFO - 2024-12-19 19:56:55 --> Config Class Initialized
INFO - 2024-12-19 19:56:55 --> Hooks Class Initialized
DEBUG - 2024-12-19 19:56:55 --> UTF-8 Support Enabled
INFO - 2024-12-19 19:56:55 --> Utf8 Class Initialized
INFO - 2024-12-19 19:56:55 --> URI Class Initialized
INFO - 2024-12-19 19:56:55 --> Router Class Initialized
INFO - 2024-12-19 19:56:55 --> Output Class Initialized
INFO - 2024-12-19 19:56:55 --> Security Class Initialized
DEBUG - 2024-12-19 19:56:55 --> Global POST, GET and COOKIE data sanitized
INFO - 2024-12-19 19:56:55 --> Input Class Initialized
INFO - 2024-12-19 19:56:55 --> Language Class Initialized
INFO - 2024-12-19 19:56:55 --> Language Class Initialized
INFO - 2024-12-19 19:56:55 --> Config Class Initialized
INFO - 2024-12-19 19:56:55 --> Loader Class Initialized
INFO - 2024-12-19 19:56:55 --> Helper loaded: url_helper
INFO - 2024-12-19 19:56:55 --> Helper loaded: easyui_helper
INFO - 2024-12-19 19:56:55 --> Helper loaded: param_helper
INFO - 2024-12-19 19:56:55 --> Helper loaded: credential_helper
INFO - 2024-12-19 19:56:55 --> Helper loaded: template_helper
INFO - 2024-12-19 19:56:55 --> Helper loaded: rest_helper
INFO - 2024-12-19 19:56:55 --> Database Driver Class Initialized
DEBUG - 2024-12-19 19:56:55 --> Idgenerator class already loaded. Second attempt ignored.
INFO - 2024-12-19 19:56:55 --> Controller Class Initialized
INFO - 2024-12-19 19:56:55 --> Model Class Initialized
DEBUG - 2024-12-19 19:56:55 --> File loaded: /apps/web-drc/application/modules/ref_customer_class/models/Customer_class_model.php
INFO - 2024-12-19 19:56:55 --> Model Class Initialized
INFO - 2024-12-19 19:56:55 --> Final output sent to browser
DEBUG - 2024-12-19 19:56:55 --> Total execution time: 0.0061
INFO - 2024-12-19 19:56:55 --> Config Class Initialized
INFO - 2024-12-19 19:56:55 --> Hooks Class Initialized
DEBUG - 2024-12-19 19:56:55 --> UTF-8 Support Enabled
INFO - 2024-12-19 19:56:55 --> Utf8 Class Initialized
INFO - 2024-12-19 19:56:55 --> URI Class Initialized
INFO - 2024-12-19 19:56:55 --> Router Class Initialized
INFO - 2024-12-19 19:56:55 --> Output Class Initialized
INFO - 2024-12-19 19:56:55 --> Security Class Initialized
DEBUG - 2024-12-19 19:56:55 --> Global POST, GET and COOKIE data sanitized
INFO - 2024-12-19 19:56:55 --> Input Class Initialized
INFO - 2024-12-19 19:56:55 --> Language Class Initialized
INFO - 2024-12-19 19:56:55 --> Language Class Initialized
INFO - 2024-12-19 19:56:55 --> Config Class Initialized
INFO - 2024-12-19 19:56:55 --> Loader Class Initialized
INFO - 2024-12-19 19:56:55 --> Helper loaded: url_helper
INFO - 2024-12-19 19:56:55 --> Helper loaded: easyui_helper
INFO - 2024-12-19 19:56:55 --> Helper loaded: param_helper
INFO - 2024-12-19 19:56:55 --> Helper loaded: credential_helper
INFO - 2024-12-19 19:56:55 --> Helper loaded: template_helper
INFO - 2024-12-19 19:56:55 --> Helper loaded: rest_helper
INFO - 2024-12-19 19:56:55 --> Database Driver Class Initialized
DEBUG - 2024-12-19 19:56:55 --> Idgenerator class already loaded. Second attempt ignored.
INFO - 2024-12-19 19:56:55 --> Controller Class Initialized
INFO - 2024-12-19 19:56:55 --> Model Class Initialized
DEBUG - 2024-12-19 19:56:55 --> File loaded: /apps/web-drc/application/modules/api_v1/models/Api_v1_model.php
INFO - 2024-12-19 19:56:55 --> Model Class Initialized
INFO - 2024-12-19 19:56:55 --> Final output sent to browser
DEBUG - 2024-12-19 19:56:55 --> Total execution time: 0.0042
INFO - 2024-12-19 19:56:55 --> Config Class Initialized
INFO - 2024-12-19 19:56:55 --> Hooks Class Initialized
DEBUG - 2024-12-19 19:56:55 --> UTF-8 Support Enabled
INFO - 2024-12-19 19:56:55 --> Utf8 Class Initialized
INFO - 2024-12-19 19:56:55 --> URI Class Initialized
INFO - 2024-12-19 19:56:55 --> Router Class Initialized
INFO - 2024-12-19 19:56:55 --> Output Class Initialized
INFO - 2024-12-19 19:56:55 --> Security Class Initialized
DEBUG - 2024-12-19 19:56:55 --> Global POST, GET and COOKIE data sanitized
INFO - 2024-12-19 19:56:55 --> Input Class Initialized
INFO - 2024-12-19 19:56:55 --> Language Class Initialized
INFO - 2024-12-19 19:56:55 --> Language Class Initialized
INFO - 2024-12-19 19:56:55 --> Config Class Initialized
INFO - 2024-12-19 19:56:55 --> Loader Class Initialized
INFO - 2024-12-19 19:56:55 --> Helper loaded: url_helper
INFO - 2024-12-19 19:56:55 --> Helper loaded: easyui_helper
INFO - 2024-12-19 19:56:55 --> Helper loaded: param_helper
INFO - 2024-12-19 19:56:55 --> Helper loaded: credential_helper
INFO - 2024-12-19 19:56:55 --> Helper loaded: template_helper
INFO - 2024-12-19 19:56:55 --> Helper loaded: rest_helper
INFO - 2024-12-19 19:56:55 --> Database Driver Class Initialized
DEBUG - 2024-12-19 19:56:55 --> Idgenerator class already loaded. Second attempt ignored.
INFO - 2024-12-19 19:56:55 --> Controller Class Initialized
INFO - 2024-12-19 19:56:55 --> Model Class Initialized
DEBUG - 2024-12-19 19:56:55 --> File loaded: /apps/web-drc/application/modules/api_v1/models/Api_v1_model.php
INFO - 2024-12-19 19:56:55 --> Model Class Initialized
INFO - 2024-12-19 19:56:55 --> Final output sent to browser
DEBUG - 2024-12-19 19:56:55 --> Total execution time: 0.0083
INFO - 2024-12-19 19:56:55 --> Config Class Initialized
INFO - 2024-12-19 19:56:55 --> Hooks Class Initialized
DEBUG - 2024-12-19 19:56:55 --> UTF-8 Support Enabled
INFO - 2024-12-19 19:56:55 --> Utf8 Class Initialized
INFO - 2024-12-19 19:56:55 --> URI Class Initialized
INFO - 2024-12-19 19:56:55 --> Router Class Initialized
INFO - 2024-12-19 19:56:55 --> Output Class Initialized
INFO - 2024-12-19 19:56:55 --> Security Class Initialized
DEBUG - 2024-12-19 19:56:55 --> Global POST, GET and COOKIE data sanitized
INFO - 2024-12-19 19:56:55 --> Input Class Initialized
INFO - 2024-12-19 19:56:55 --> Language Class Initialized
INFO - 2024-12-19 19:56:55 --> Language Class Initialized
INFO - 2024-12-19 19:56:55 --> Config Class Initialized
INFO - 2024-12-19 19:56:55 --> Loader Class Initialized
INFO - 2024-12-19 19:56:55 --> Helper loaded: url_helper
INFO - 2024-12-19 19:56:55 --> Helper loaded: easyui_helper
INFO - 2024-12-19 19:56:55 --> Helper loaded: param_helper
INFO - 2024-12-19 19:56:55 --> Helper loaded: credential_helper
INFO - 2024-12-19 19:56:55 --> Helper loaded: template_helper
INFO - 2024-12-19 19:56:55 --> Helper loaded: rest_helper
INFO - 2024-12-19 19:56:55 --> Database Driver Class Initialized
DEBUG - 2024-12-19 19:56:55 --> Idgenerator class already loaded. Second attempt ignored.
INFO - 2024-12-19 19:56:55 --> Controller Class Initialized
INFO - 2024-12-19 19:56:55 --> Model Class Initialized
DEBUG - 2024-12-19 19:56:55 --> File loaded: /apps/web-drc/application/modules/api_v1/models/Api_v1_model.php
INFO - 2024-12-19 19:56:55 --> Model Class Initialized
INFO - 2024-12-19 19:56:55 --> Final output sent to browser
DEBUG - 2024-12-19 19:56:55 --> Total execution time: 0.0049
INFO - 2024-12-19 19:56:55 --> Config Class Initialized
INFO - 2024-12-19 19:56:55 --> Hooks Class Initialized
DEBUG - 2024-12-19 19:56:55 --> UTF-8 Support Enabled
INFO - 2024-12-19 19:56:55 --> Utf8 Class Initialized
INFO - 2024-12-19 19:56:55 --> URI Class Initialized
INFO - 2024-12-19 19:56:55 --> Router Class Initialized
INFO - 2024-12-19 19:56:55 --> Output Class Initialized
INFO - 2024-12-19 19:56:55 --> Security Class Initialized
DEBUG - 2024-12-19 19:56:55 --> Global POST, GET and COOKIE data sanitized
INFO - 2024-12-19 19:56:55 --> Input Class Initialized
INFO - 2024-12-19 19:56:55 --> Language Class Initialized
INFO - 2024-12-19 19:56:55 --> Language Class Initialized
INFO - 2024-12-19 19:56:55 --> Config Class Initialized
INFO - 2024-12-19 19:56:55 --> Loader Class Initialized
INFO - 2024-12-19 19:56:55 --> Helper loaded: url_helper
INFO - 2024-12-19 19:56:55 --> Helper loaded: easyui_helper
INFO - 2024-12-19 19:56:55 --> Helper loaded: param_helper
INFO - 2024-12-19 19:56:55 --> Helper loaded: credential_helper
INFO - 2024-12-19 19:56:55 --> Helper loaded: template_helper
INFO - 2024-12-19 19:56:55 --> Helper loaded: rest_helper
INFO - 2024-12-19 19:56:55 --> Database Driver Class Initialized
DEBUG - 2024-12-19 19:56:55 --> Idgenerator class already loaded. Second attempt ignored.
INFO - 2024-12-19 19:56:55 --> Controller Class Initialized
INFO - 2024-12-19 19:56:55 --> Model Class Initialized
DEBUG - 2024-12-19 19:56:55 --> File loaded: /apps/web-drc/application/modules/api_v1/models/Api_v1_model.php
INFO - 2024-12-19 19:56:55 --> Model Class Initialized
INFO - 2024-12-19 19:56:55 --> Final output sent to browser
DEBUG - 2024-12-19 19:56:55 --> Total execution time: 0.0048
INFO - 2024-12-19 19:56:55 --> Config Class Initialized
INFO - 2024-12-19 19:56:55 --> Hooks Class Initialized
DEBUG - 2024-12-19 19:56:55 --> UTF-8 Support Enabled
INFO - 2024-12-19 19:56:55 --> Utf8 Class Initialized
INFO - 2024-12-19 19:56:55 --> URI Class Initialized
INFO - 2024-12-19 19:56:55 --> Router Class Initialized
INFO - 2024-12-19 19:56:55 --> Output Class Initialized
INFO - 2024-12-19 19:56:55 --> Security Class Initialized
DEBUG - 2024-12-19 19:56:55 --> Global POST, GET and COOKIE data sanitized
INFO - 2024-12-19 19:56:55 --> Input Class Initialized
INFO - 2024-12-19 19:56:55 --> Language Class Initialized
INFO - 2024-12-19 19:56:55 --> Language Class Initialized
INFO - 2024-12-19 19:56:55 --> Config Class Initialized
INFO - 2024-12-19 19:56:55 --> Loader Class Initialized
INFO - 2024-12-19 19:56:55 --> Helper loaded: url_helper
INFO - 2024-12-19 19:56:55 --> Helper loaded: easyui_helper
INFO - 2024-12-19 19:56:55 --> Helper loaded: param_helper
INFO - 2024-12-19 19:56:55 --> Helper loaded: credential_helper
INFO - 2024-12-19 19:56:55 --> Helper loaded: template_helper
INFO - 2024-12-19 19:56:55 --> Helper loaded: rest_helper
INFO - 2024-12-19 19:56:55 --> Database Driver Class Initialized
DEBUG - 2024-12-19 19:56:55 --> Idgenerator class already loaded. Second attempt ignored.
INFO - 2024-12-19 19:56:55 --> Controller Class Initialized
INFO - 2024-12-19 19:56:55 --> Model Class Initialized
DEBUG - 2024-12-19 19:56:55 --> File loaded: /apps/web-drc/application/modules/api_v1/models/Api_v1_model.php
INFO - 2024-12-19 19:56:55 --> Model Class Initialized
INFO - 2024-12-19 19:56:56 --> Final output sent to browser
DEBUG - 2024-12-19 19:56:56 --> Total execution time: 0.3093
INFO - 2024-12-19 19:56:56 --> Config Class Initialized
INFO - 2024-12-19 19:56:56 --> Hooks Class Initialized
DEBUG - 2024-12-19 19:56:56 --> UTF-8 Support Enabled
INFO - 2024-12-19 19:56:56 --> Utf8 Class Initialized
INFO - 2024-12-19 19:56:56 --> URI Class Initialized
INFO - 2024-12-19 19:56:56 --> Router Class Initialized
INFO - 2024-12-19 19:56:56 --> Output Class Initialized
INFO - 2024-12-19 19:56:56 --> Security Class Initialized
DEBUG - 2024-12-19 19:56:56 --> Global POST, GET and COOKIE data sanitized
INFO - 2024-12-19 19:56:56 --> Input Class Initialized
INFO - 2024-12-19 19:56:56 --> Language Class Initialized
INFO - 2024-12-19 19:56:56 --> Language Class Initialized
INFO - 2024-12-19 19:56:56 --> Config Class Initialized
INFO - 2024-12-19 19:56:56 --> Loader Class Initialized
INFO - 2024-12-19 19:56:56 --> Helper loaded: url_helper
INFO - 2024-12-19 19:56:56 --> Helper loaded: easyui_helper
INFO - 2024-12-19 19:56:56 --> Helper loaded: param_helper
INFO - 2024-12-19 19:56:56 --> Helper loaded: credential_helper
INFO - 2024-12-19 19:56:56 --> Helper loaded: template_helper
INFO - 2024-12-19 19:56:56 --> Helper loaded: rest_helper
INFO - 2024-12-19 19:56:56 --> Database Driver Class Initialized
DEBUG - 2024-12-19 19:56:56 --> Idgenerator class already loaded. Second attempt ignored.
INFO - 2024-12-19 19:56:56 --> Controller Class Initialized
INFO - 2024-12-19 19:56:56 --> Model Class Initialized
DEBUG - 2024-12-19 19:56:56 --> File loaded: /apps/web-drc/application/modules/api_v1/models/Api_v1_model.php
INFO - 2024-12-19 19:56:56 --> Model Class Initialized
INFO - 2024-12-19 19:56:56 --> Final output sent to browser
DEBUG - 2024-12-19 19:56:56 --> Total execution time: 0.0048
INFO - 2024-12-19 19:56:56 --> Config Class Initialized
INFO - 2024-12-19 19:56:56 --> Hooks Class Initialized
DEBUG - 2024-12-19 19:56:56 --> UTF-8 Support Enabled
INFO - 2024-12-19 19:56:56 --> Utf8 Class Initialized
INFO - 2024-12-19 19:56:56 --> URI Class Initialized
INFO - 2024-12-19 19:56:56 --> Router Class Initialized
INFO - 2024-12-19 19:56:56 --> Output Class Initialized
INFO - 2024-12-19 19:56:56 --> Security Class Initialized
DEBUG - 2024-12-19 19:56:56 --> Global POST, GET and COOKIE data sanitized
INFO - 2024-12-19 19:56:56 --> Input Class Initialized
INFO - 2024-12-19 19:56:56 --> Language Class Initialized
INFO - 2024-12-19 19:56:56 --> Language Class Initialized
INFO - 2024-12-19 19:56:56 --> Config Class Initialized
INFO - 2024-12-19 19:56:56 --> Loader Class Initialized
INFO - 2024-12-19 19:56:56 --> Helper loaded: url_helper
INFO - 2024-12-19 19:56:56 --> Helper loaded: easyui_helper
INFO - 2024-12-19 19:56:56 --> Helper loaded: param_helper
INFO - 2024-12-19 19:56:56 --> Helper loaded: credential_helper
INFO - 2024-12-19 19:56:56 --> Helper loaded: template_helper
INFO - 2024-12-19 19:56:56 --> Helper loaded: rest_helper
INFO - 2024-12-19 19:56:56 --> Database Driver Class Initialized
DEBUG - 2024-12-19 19:56:56 --> Idgenerator class already loaded. Second attempt ignored.
INFO - 2024-12-19 19:56:56 --> Controller Class Initialized
INFO - 2024-12-19 19:56:56 --> Model Class Initialized
DEBUG - 2024-12-19 19:56:56 --> File loaded: /apps/web-drc/application/modules/api_v1/models/Api_v1_model.php
INFO - 2024-12-19 19:56:56 --> Model Class Initialized
INFO - 2024-12-19 19:56:56 --> Final output sent to browser
DEBUG - 2024-12-19 19:56:56 --> Total execution time: 0.0047
INFO - 2024-12-19 19:56:56 --> Config Class Initialized
INFO - 2024-12-19 19:56:56 --> Hooks Class Initialized
DEBUG - 2024-12-19 19:56:56 --> UTF-8 Support Enabled
INFO - 2024-12-19 19:56:56 --> Utf8 Class Initialized
INFO - 2024-12-19 19:56:56 --> URI Class Initialized
INFO - 2024-12-19 19:56:56 --> Router Class Initialized
INFO - 2024-12-19 19:56:56 --> Output Class Initialized
INFO - 2024-12-19 19:56:56 --> Security Class Initialized
DEBUG - 2024-12-19 19:56:56 --> Global POST, GET and COOKIE data sanitized
INFO - 2024-12-19 19:56:56 --> Input Class Initialized
INFO - 2024-12-19 19:56:56 --> Language Class Initialized
INFO - 2024-12-19 19:56:56 --> Language Class Initialized
INFO - 2024-12-19 19:56:56 --> Config Class Initialized
INFO - 2024-12-19 19:56:56 --> Loader Class Initialized
INFO - 2024-12-19 19:56:56 --> Helper loaded: url_helper
INFO - 2024-12-19 19:56:56 --> Helper loaded: easyui_helper
INFO - 2024-12-19 19:56:56 --> Helper loaded: param_helper
INFO - 2024-12-19 19:56:56 --> Helper loaded: credential_helper
INFO - 2024-12-19 19:56:56 --> Helper loaded: template_helper
INFO - 2024-12-19 19:56:56 --> Helper loaded: rest_helper
INFO - 2024-12-19 19:56:56 --> Database Driver Class Initialized
DEBUG - 2024-12-19 19:56:56 --> Idgenerator class already loaded. Second attempt ignored.
INFO - 2024-12-19 19:56:56 --> Controller Class Initialized
INFO - 2024-12-19 19:56:56 --> Model Class Initialized
DEBUG - 2024-12-19 19:56:56 --> File loaded: /apps/web-drc/application/modules/api_v1/models/Api_v1_model.php
INFO - 2024-12-19 19:56:56 --> Model Class Initialized
INFO - 2024-12-19 19:56:56 --> Final output sent to browser
DEBUG - 2024-12-19 19:56:56 --> Total execution time: 0.0055
INFO - 2024-12-19 19:56:56 --> Config Class Initialized
INFO - 2024-12-19 19:56:56 --> Hooks Class Initialized
DEBUG - 2024-12-19 19:56:56 --> UTF-8 Support Enabled
INFO - 2024-12-19 19:56:56 --> Utf8 Class Initialized
INFO - 2024-12-19 19:56:56 --> URI Class Initialized
INFO - 2024-12-19 19:56:56 --> Router Class Initialized
INFO - 2024-12-19 19:56:56 --> Output Class Initialized
INFO - 2024-12-19 19:56:56 --> Security Class Initialized
DEBUG - 2024-12-19 19:56:56 --> Global POST, GET and COOKIE data sanitized
INFO - 2024-12-19 19:56:56 --> Input Class Initialized
INFO - 2024-12-19 19:56:56 --> Language Class Initialized
INFO - 2024-12-19 19:56:56 --> Language Class Initialized
INFO - 2024-12-19 19:56:56 --> Config Class Initialized
INFO - 2024-12-19 19:56:56 --> Loader Class Initialized
INFO - 2024-12-19 19:56:56 --> Helper loaded: url_helper
INFO - 2024-12-19 19:56:56 --> Helper loaded: easyui_helper
INFO - 2024-12-19 19:56:56 --> Helper loaded: param_helper
INFO - 2024-12-19 19:56:56 --> Helper loaded: credential_helper
INFO - 2024-12-19 19:56:56 --> Helper loaded: template_helper
INFO - 2024-12-19 19:56:56 --> Helper loaded: rest_helper
INFO - 2024-12-19 19:56:56 --> Database Driver Class Initialized
DEBUG - 2024-12-19 19:56:56 --> Idgenerator class already loaded. Second attempt ignored.
INFO - 2024-12-19 19:56:56 --> Controller Class Initialized
INFO - 2024-12-19 19:56:56 --> Model Class Initialized
DEBUG - 2024-12-19 19:56:56 --> File loaded: /apps/web-drc/application/modules/api_v1/models/Api_v1_model.php
INFO - 2024-12-19 19:56:56 --> Model Class Initialized
INFO - 2024-12-19 19:56:56 --> Final output sent to browser
DEBUG - 2024-12-19 19:56:56 --> Total execution time: 0.2825
INFO - 2024-12-19 19:56:56 --> Config Class Initialized
INFO - 2024-12-19 19:56:56 --> Hooks Class Initialized
DEBUG - 2024-12-19 19:56:56 --> UTF-8 Support Enabled
INFO - 2024-12-19 19:56:56 --> Utf8 Class Initialized
INFO - 2024-12-19 19:56:56 --> URI Class Initialized
INFO - 2024-12-19 19:56:56 --> Router Class Initialized
INFO - 2024-12-19 19:56:56 --> Output Class Initialized
INFO - 2024-12-19 19:56:56 --> Security Class Initialized
DEBUG - 2024-12-19 19:56:56 --> Global POST, GET and COOKIE data sanitized
INFO - 2024-12-19 19:56:56 --> Input Class Initialized
INFO - 2024-12-19 19:56:56 --> Language Class Initialized
INFO - 2024-12-19 19:56:56 --> Language Class Initialized
INFO - 2024-12-19 19:56:56 --> Config Class Initialized
INFO - 2024-12-19 19:56:56 --> Loader Class Initialized
INFO - 2024-12-19 19:56:56 --> Helper loaded: url_helper
INFO - 2024-12-19 19:56:56 --> Helper loaded: easyui_helper
INFO - 2024-12-19 19:56:56 --> Helper loaded: param_helper
INFO - 2024-12-19 19:56:56 --> Helper loaded: credential_helper
INFO - 2024-12-19 19:56:56 --> Helper loaded: template_helper
INFO - 2024-12-19 19:56:56 --> Helper loaded: rest_helper
INFO - 2024-12-19 19:56:56 --> Database Driver Class Initialized
DEBUG - 2024-12-19 19:56:56 --> Idgenerator class already loaded. Second attempt ignored.
INFO - 2024-12-19 19:56:56 --> Controller Class Initialized
INFO - 2024-12-19 19:56:56 --> Model Class Initialized
DEBUG - 2024-12-19 19:56:56 --> File loaded: /apps/web-drc/application/modules/api_v1/models/Api_v1_model.php
INFO - 2024-12-19 19:56:56 --> Model Class Initialized
INFO - 2024-12-19 19:56:56 --> Final output sent to browser
DEBUG - 2024-12-19 19:56:56 --> Total execution time: 0.0035
INFO - 2024-12-19 19:56:56 --> Config Class Initialized
INFO - 2024-12-19 19:56:56 --> Hooks Class Initialized
DEBUG - 2024-12-19 19:56:56 --> UTF-8 Support Enabled
INFO - 2024-12-19 19:56:56 --> Utf8 Class Initialized
INFO - 2024-12-19 19:56:56 --> URI Class Initialized
INFO - 2024-12-19 19:56:56 --> Router Class Initialized
INFO - 2024-12-19 19:56:56 --> Output Class Initialized
INFO - 2024-12-19 19:56:56 --> Security Class Initialized
DEBUG - 2024-12-19 19:56:56 --> Global POST, GET and COOKIE data sanitized
INFO - 2024-12-19 19:56:56 --> Input Class Initialized
INFO - 2024-12-19 19:56:56 --> Language Class Initialized
INFO - 2024-12-19 19:56:56 --> Language Class Initialized
INFO - 2024-12-19 19:56:56 --> Config Class Initialized
INFO - 2024-12-19 19:56:56 --> Loader Class Initialized
INFO - 2024-12-19 19:56:56 --> Helper loaded: url_helper
INFO - 2024-12-19 19:56:56 --> Helper loaded: easyui_helper
INFO - 2024-12-19 19:56:56 --> Helper loaded: param_helper
INFO - 2024-12-19 19:56:56 --> Helper loaded: credential_helper
INFO - 2024-12-19 19:56:56 --> Helper loaded: template_helper
INFO - 2024-12-19 19:56:56 --> Helper loaded: rest_helper
INFO - 2024-12-19 19:56:56 --> Database Driver Class Initialized
DEBUG - 2024-12-19 19:56:56 --> Idgenerator class already loaded. Second attempt ignored.
INFO - 2024-12-19 19:56:56 --> Controller Class Initialized
INFO - 2024-12-19 19:56:56 --> Model Class Initialized
DEBUG - 2024-12-19 19:56:56 --> File loaded: /apps/web-drc/application/modules/api_v1/models/Api_v1_model.php
INFO - 2024-12-19 19:56:56 --> Model Class Initialized
INFO - 2024-12-19 19:56:56 --> Final output sent to browser
DEBUG - 2024-12-19 19:56:56 --> Total execution time: 0.0037
INFO - 2024-12-19 19:56:56 --> Config Class Initialized
INFO - 2024-12-19 19:56:56 --> Hooks Class Initialized
DEBUG - 2024-12-19 19:56:56 --> UTF-8 Support Enabled
INFO - 2024-12-19 19:56:56 --> Utf8 Class Initialized
INFO - 2024-12-19 19:56:56 --> URI Class Initialized
INFO - 2024-12-19 19:56:56 --> Router Class Initialized
INFO - 2024-12-19 19:56:56 --> Output Class Initialized
INFO - 2024-12-19 19:56:56 --> Security Class Initialized
DEBUG - 2024-12-19 19:56:56 --> Global POST, GET and COOKIE data sanitized
INFO - 2024-12-19 19:56:56 --> Input Class Initialized
INFO - 2024-12-19 19:56:56 --> Language Class Initialized
INFO - 2024-12-19 19:56:56 --> Language Class Initialized
INFO - 2024-12-19 19:56:56 --> Config Class Initialized
INFO - 2024-12-19 19:56:56 --> Loader Class Initialized
INFO - 2024-12-19 19:56:56 --> Helper loaded: url_helper
INFO - 2024-12-19 19:56:56 --> Helper loaded: easyui_helper
INFO - 2024-12-19 19:56:56 --> Helper loaded: param_helper
INFO - 2024-12-19 19:56:56 --> Helper loaded: credential_helper
INFO - 2024-12-19 19:56:56 --> Helper loaded: template_helper
INFO - 2024-12-19 19:56:56 --> Helper loaded: rest_helper
INFO - 2024-12-19 19:56:56 --> Database Driver Class Initialized
DEBUG - 2024-12-19 19:56:56 --> Idgenerator class already loaded. Second attempt ignored.
INFO - 2024-12-19 19:56:56 --> Controller Class Initialized
INFO - 2024-12-19 19:56:56 --> Model Class Initialized
DEBUG - 2024-12-19 19:56:56 --> File loaded: /apps/web-drc/application/modules/api_v1/models/Api_v1_model.php
INFO - 2024-12-19 19:56:56 --> Model Class Initialized
INFO - 2024-12-19 19:56:56 --> Final output sent to browser
DEBUG - 2024-12-19 19:56:56 --> Total execution time: 0.0030
INFO - 2024-12-19 19:57:29 --> Config Class Initialized
INFO - 2024-12-19 19:57:29 --> Hooks Class Initialized
DEBUG - 2024-12-19 19:57:29 --> UTF-8 Support Enabled
INFO - 2024-12-19 19:57:29 --> Utf8 Class Initialized
INFO - 2024-12-19 19:57:29 --> URI Class Initialized
INFO - 2024-12-19 19:57:29 --> Router Class Initialized
INFO - 2024-12-19 19:57:29 --> Output Class Initialized
INFO - 2024-12-19 19:57:29 --> Security Class Initialized
DEBUG - 2024-12-19 19:57:29 --> Global POST, GET and COOKIE data sanitized
INFO - 2024-12-19 19:57:29 --> Input Class Initialized
INFO - 2024-12-19 19:57:29 --> Language Class Initialized
INFO - 2024-12-19 19:57:29 --> Language Class Initialized
INFO - 2024-12-19 19:57:29 --> Config Class Initialized
INFO - 2024-12-19 19:57:29 --> Loader Class Initialized
INFO - 2024-12-19 19:57:29 --> Helper loaded: url_helper
INFO - 2024-12-19 19:57:29 --> Helper loaded: easyui_helper
INFO - 2024-12-19 19:57:29 --> Helper loaded: param_helper
INFO - 2024-12-19 19:57:29 --> Helper loaded: credential_helper
INFO - 2024-12-19 19:57:29 --> Helper loaded: template_helper
INFO - 2024-12-19 19:57:29 --> Helper loaded: rest_helper
INFO - 2024-12-19 19:57:29 --> Database Driver Class Initialized
DEBUG - 2024-12-19 19:57:29 --> Idgenerator class already loaded. Second attempt ignored.
INFO - 2024-12-19 19:57:29 --> Controller Class Initialized
INFO - 2024-12-19 19:57:29 --> Model Class Initialized
DEBUG - 2024-12-19 19:57:29 --> File loaded: /apps/web-drc/application/modules/ref_request_new_outlet/models/Request_new_outlet_model.php
INFO - 2024-12-19 19:57:29 --> Model Class Initialized
DEBUG - 2024-12-19 19:57:29 --> File loaded: /apps/web-drc/application/modules/ref_request_new_outlet/views/content.php
DEBUG - 2024-12-19 19:57:29 --> File loaded: /apps/web-drc/application/views/templates/header.php
DEBUG - 2024-12-19 19:57:29 --> File loaded: /apps/web-drc/application/views/templates/toolbar.php
DEBUG - 2024-12-19 19:57:29 --> File loaded: /apps/web-drc/application/views/templates/sidebar.php
DEBUG - 2024-12-19 19:57:29 --> File loaded: /apps/web-drc/application/views/templates/contents.php
DEBUG - 2024-12-19 19:57:29 --> File loaded: /apps/web-drc/application/views/templates/content_footer.php
DEBUG - 2024-12-19 19:57:29 --> File loaded: /apps/web-drc/application/views/templates/footer.php
DEBUG - 2024-12-19 19:57:29 --> File loaded: /apps/web-drc/application/views/templates/default.php
INFO - 2024-12-19 19:57:29 --> Final output sent to browser
DEBUG - 2024-12-19 19:57:29 --> Total execution time: 0.0149
INFO - 2024-12-19 19:57:29 --> Config Class Initialized
INFO - 2024-12-19 19:57:29 --> Hooks Class Initialized
DEBUG - 2024-12-19 19:57:29 --> UTF-8 Support Enabled
INFO - 2024-12-19 19:57:29 --> Utf8 Class Initialized
INFO - 2024-12-19 19:57:29 --> URI Class Initialized
INFO - 2024-12-19 19:57:29 --> Router Class Initialized
INFO - 2024-12-19 19:57:29 --> Output Class Initialized
INFO - 2024-12-19 19:57:29 --> Security Class Initialized
DEBUG - 2024-12-19 19:57:29 --> Global POST, GET and COOKIE data sanitized
INFO - 2024-12-19 19:57:29 --> Input Class Initialized
INFO - 2024-12-19 19:57:29 --> Language Class Initialized
INFO - 2024-12-19 19:57:29 --> Language Class Initialized
INFO - 2024-12-19 19:57:29 --> Config Class Initialized
INFO - 2024-12-19 19:57:29 --> Loader Class Initialized
INFO - 2024-12-19 19:57:29 --> Helper loaded: url_helper
INFO - 2024-12-19 19:57:29 --> Helper loaded: easyui_helper
INFO - 2024-12-19 19:57:29 --> Helper loaded: param_helper
INFO - 2024-12-19 19:57:29 --> Helper loaded: credential_helper
INFO - 2024-12-19 19:57:29 --> Helper loaded: template_helper
INFO - 2024-12-19 19:57:29 --> Helper loaded: rest_helper
INFO - 2024-12-19 19:57:29 --> Database Driver Class Initialized
DEBUG - 2024-12-19 19:57:29 --> Idgenerator class already loaded. Second attempt ignored.
INFO - 2024-12-19 19:57:29 --> Controller Class Initialized
INFO - 2024-12-19 19:57:29 --> Model Class Initialized
DEBUG - 2024-12-19 19:57:29 --> File loaded: /apps/web-drc/application/modules/ref_request_new_outlet/models/Request_new_outlet_model.php
INFO - 2024-12-19 19:57:29 --> Model Class Initialized
INFO - 2024-12-19 19:57:30 --> Final output sent to browser
DEBUG - 2024-12-19 19:57:30 --> Total execution time: 0.3380
INFO - 2024-12-19 19:57:31 --> Config Class Initialized
INFO - 2024-12-19 19:57:31 --> Hooks Class Initialized
DEBUG - 2024-12-19 19:57:31 --> UTF-8 Support Enabled
INFO - 2024-12-19 19:57:31 --> Utf8 Class Initialized
INFO - 2024-12-19 19:57:31 --> URI Class Initialized
INFO - 2024-12-19 19:57:31 --> Router Class Initialized
INFO - 2024-12-19 19:57:31 --> Output Class Initialized
INFO - 2024-12-19 19:57:31 --> Security Class Initialized
DEBUG - 2024-12-19 19:57:31 --> Global POST, GET and COOKIE data sanitized
INFO - 2024-12-19 19:57:31 --> Input Class Initialized
INFO - 2024-12-19 19:57:31 --> Language Class Initialized
INFO - 2024-12-19 19:57:31 --> Language Class Initialized
INFO - 2024-12-19 19:57:31 --> Config Class Initialized
INFO - 2024-12-19 19:57:31 --> Loader Class Initialized
INFO - 2024-12-19 19:57:31 --> Helper loaded: url_helper
INFO - 2024-12-19 19:57:31 --> Helper loaded: easyui_helper
INFO - 2024-12-19 19:57:31 --> Helper loaded: param_helper
INFO - 2024-12-19 19:57:31 --> Helper loaded: credential_helper
INFO - 2024-12-19 19:57:31 --> Helper loaded: template_helper
INFO - 2024-12-19 19:57:31 --> Helper loaded: rest_helper
INFO - 2024-12-19 19:57:31 --> Database Driver Class Initialized
DEBUG - 2024-12-19 19:57:31 --> Idgenerator class already loaded. Second attempt ignored.
INFO - 2024-12-19 19:57:31 --> Controller Class Initialized
INFO - 2024-12-19 19:57:31 --> Model Class Initialized
DEBUG - 2024-12-19 19:57:31 --> File loaded: /apps/web-drc/application/modules/ref_request_new_outlet/models/Request_new_outlet_model.php
INFO - 2024-12-19 19:57:31 --> Model Class Initialized
DEBUG - 2024-12-19 19:57:31 --> File loaded: /apps/web-drc/application/modules/ref_request_new_outlet/views/form.php
DEBUG - 2024-12-19 19:57:31 --> File loaded: /apps/web-drc/application/views/templates/header.php
DEBUG - 2024-12-19 19:57:31 --> File loaded: /apps/web-drc/application/views/templates/toolbar.php
DEBUG - 2024-12-19 19:57:31 --> File loaded: /apps/web-drc/application/views/templates/sidebar.php
DEBUG - 2024-12-19 19:57:31 --> File loaded: /apps/web-drc/application/views/templates/contents.php
DEBUG - 2024-12-19 19:57:31 --> File loaded: /apps/web-drc/application/views/templates/content_footer.php
DEBUG - 2024-12-19 19:57:31 --> File loaded: /apps/web-drc/application/views/templates/footer.php
DEBUG - 2024-12-19 19:57:31 --> File loaded: /apps/web-drc/application/views/templates/default.php
INFO - 2024-12-19 19:57:31 --> Final output sent to browser
DEBUG - 2024-12-19 19:57:31 --> Total execution time: 0.0065
INFO - 2024-12-19 19:57:31 --> Config Class Initialized
INFO - 2024-12-19 19:57:31 --> Hooks Class Initialized
DEBUG - 2024-12-19 19:57:31 --> UTF-8 Support Enabled
INFO - 2024-12-19 19:57:31 --> Utf8 Class Initialized
INFO - 2024-12-19 19:57:31 --> URI Class Initialized
INFO - 2024-12-19 19:57:31 --> Router Class Initialized
INFO - 2024-12-19 19:57:31 --> Output Class Initialized
INFO - 2024-12-19 19:57:31 --> Security Class Initialized
DEBUG - 2024-12-19 19:57:31 --> Global POST, GET and COOKIE data sanitized
INFO - 2024-12-19 19:57:31 --> Input Class Initialized
INFO - 2024-12-19 19:57:31 --> Language Class Initialized
INFO - 2024-12-19 19:57:31 --> Language Class Initialized
INFO - 2024-12-19 19:57:31 --> Config Class Initialized
INFO - 2024-12-19 19:57:31 --> Loader Class Initialized
INFO - 2024-12-19 19:57:31 --> Helper loaded: url_helper
INFO - 2024-12-19 19:57:31 --> Helper loaded: easyui_helper
INFO - 2024-12-19 19:57:31 --> Helper loaded: param_helper
INFO - 2024-12-19 19:57:31 --> Helper loaded: credential_helper
INFO - 2024-12-19 19:57:31 --> Helper loaded: template_helper
INFO - 2024-12-19 19:57:31 --> Helper loaded: rest_helper
INFO - 2024-12-19 19:57:31 --> Database Driver Class Initialized
DEBUG - 2024-12-19 19:57:31 --> Idgenerator class already loaded. Second attempt ignored.
INFO - 2024-12-19 19:57:31 --> Controller Class Initialized
INFO - 2024-12-19 19:57:31 --> Model Class Initialized
DEBUG - 2024-12-19 19:57:31 --> File loaded: /apps/web-drc/application/modules/ref_customer_segment/models/Customer_segment_model.php
INFO - 2024-12-19 19:57:31 --> Model Class Initialized
INFO - 2024-12-19 19:57:31 --> Final output sent to browser
DEBUG - 2024-12-19 19:57:31 --> Total execution time: 0.0031
INFO - 2024-12-19 19:57:31 --> Config Class Initialized
INFO - 2024-12-19 19:57:31 --> Hooks Class Initialized
DEBUG - 2024-12-19 19:57:31 --> UTF-8 Support Enabled
INFO - 2024-12-19 19:57:31 --> Utf8 Class Initialized
INFO - 2024-12-19 19:57:31 --> URI Class Initialized
INFO - 2024-12-19 19:57:31 --> Router Class Initialized
INFO - 2024-12-19 19:57:31 --> Output Class Initialized
INFO - 2024-12-19 19:57:31 --> Security Class Initialized
DEBUG - 2024-12-19 19:57:31 --> Global POST, GET and COOKIE data sanitized
INFO - 2024-12-19 19:57:31 --> Input Class Initialized
INFO - 2024-12-19 19:57:31 --> Language Class Initialized
INFO - 2024-12-19 19:57:31 --> Language Class Initialized
INFO - 2024-12-19 19:57:31 --> Config Class Initialized
INFO - 2024-12-19 19:57:31 --> Loader Class Initialized
INFO - 2024-12-19 19:57:31 --> Helper loaded: url_helper
INFO - 2024-12-19 19:57:31 --> Helper loaded: easyui_helper
INFO - 2024-12-19 19:57:31 --> Helper loaded: param_helper
INFO - 2024-12-19 19:57:31 --> Helper loaded: credential_helper
INFO - 2024-12-19 19:57:31 --> Helper loaded: template_helper
INFO - 2024-12-19 19:57:31 --> Helper loaded: rest_helper
INFO - 2024-12-19 19:57:31 --> Database Driver Class Initialized
DEBUG - 2024-12-19 19:57:31 --> Idgenerator class already loaded. Second attempt ignored.
INFO - 2024-12-19 19:57:31 --> Controller Class Initialized
INFO - 2024-12-19 19:57:31 --> Model Class Initialized
DEBUG - 2024-12-19 19:57:31 --> File loaded: /apps/web-drc/application/modules/ref_customer_type/models/Customer_type_model.php
INFO - 2024-12-19 19:57:31 --> Model Class Initialized
INFO - 2024-12-19 19:57:31 --> Final output sent to browser
DEBUG - 2024-12-19 19:57:31 --> Total execution time: 0.0031
INFO - 2024-12-19 19:57:32 --> Config Class Initialized
INFO - 2024-12-19 19:57:32 --> Hooks Class Initialized
DEBUG - 2024-12-19 19:57:32 --> UTF-8 Support Enabled
INFO - 2024-12-19 19:57:32 --> Utf8 Class Initialized
INFO - 2024-12-19 19:57:32 --> URI Class Initialized
INFO - 2024-12-19 19:57:32 --> Router Class Initialized
INFO - 2024-12-19 19:57:32 --> Output Class Initialized
INFO - 2024-12-19 19:57:32 --> Security Class Initialized
DEBUG - 2024-12-19 19:57:32 --> Global POST, GET and COOKIE data sanitized
INFO - 2024-12-19 19:57:32 --> Input Class Initialized
INFO - 2024-12-19 19:57:32 --> Language Class Initialized
INFO - 2024-12-19 19:57:32 --> Language Class Initialized
INFO - 2024-12-19 19:57:32 --> Config Class Initialized
INFO - 2024-12-19 19:57:32 --> Loader Class Initialized
INFO - 2024-12-19 19:57:32 --> Helper loaded: url_helper
INFO - 2024-12-19 19:57:32 --> Helper loaded: easyui_helper
INFO - 2024-12-19 19:57:32 --> Helper loaded: param_helper
INFO - 2024-12-19 19:57:32 --> Helper loaded: credential_helper
INFO - 2024-12-19 19:57:32 --> Helper loaded: template_helper
INFO - 2024-12-19 19:57:32 --> Helper loaded: rest_helper
INFO - 2024-12-19 19:57:32 --> Database Driver Class Initialized
DEBUG - 2024-12-19 19:57:32 --> Idgenerator class already loaded. Second attempt ignored.
INFO - 2024-12-19 19:57:32 --> Controller Class Initialized
INFO - 2024-12-19 19:57:32 --> Model Class Initialized
DEBUG - 2024-12-19 19:57:32 --> File loaded: /apps/web-drc/application/modules/api_v1/models/Api_v1_model.php
INFO - 2024-12-19 19:57:32 --> Model Class Initialized
INFO - 2024-12-19 19:57:32 --> Final output sent to browser
DEBUG - 2024-12-19 19:57:32 --> Total execution time: 0.0037
INFO - 2024-12-19 19:57:32 --> Config Class Initialized
INFO - 2024-12-19 19:57:32 --> Hooks Class Initialized
DEBUG - 2024-12-19 19:57:32 --> UTF-8 Support Enabled
INFO - 2024-12-19 19:57:32 --> Utf8 Class Initialized
INFO - 2024-12-19 19:57:32 --> URI Class Initialized
INFO - 2024-12-19 19:57:32 --> Router Class Initialized
INFO - 2024-12-19 19:57:32 --> Output Class Initialized
INFO - 2024-12-19 19:57:32 --> Security Class Initialized
DEBUG - 2024-12-19 19:57:32 --> Global POST, GET and COOKIE data sanitized
INFO - 2024-12-19 19:57:32 --> Input Class Initialized
INFO - 2024-12-19 19:57:32 --> Language Class Initialized
INFO - 2024-12-19 19:57:32 --> Language Class Initialized
INFO - 2024-12-19 19:57:32 --> Config Class Initialized
INFO - 2024-12-19 19:57:32 --> Loader Class Initialized
INFO - 2024-12-19 19:57:32 --> Helper loaded: url_helper
INFO - 2024-12-19 19:57:32 --> Helper loaded: easyui_helper
INFO - 2024-12-19 19:57:32 --> Helper loaded: param_helper
INFO - 2024-12-19 19:57:32 --> Helper loaded: credential_helper
INFO - 2024-12-19 19:57:32 --> Helper loaded: template_helper
INFO - 2024-12-19 19:57:32 --> Helper loaded: rest_helper
INFO - 2024-12-19 19:57:32 --> Database Driver Class Initialized
DEBUG - 2024-12-19 19:57:32 --> Idgenerator class already loaded. Second attempt ignored.
INFO - 2024-12-19 19:57:32 --> Controller Class Initialized
INFO - 2024-12-19 19:57:32 --> Model Class Initialized
DEBUG - 2024-12-19 19:57:32 --> File loaded: /apps/web-drc/application/modules/ref_customer_class/models/Customer_class_model.php
INFO - 2024-12-19 19:57:32 --> Model Class Initialized
INFO - 2024-12-19 19:57:32 --> Final output sent to browser
DEBUG - 2024-12-19 19:57:32 --> Total execution time: 0.0039
INFO - 2024-12-19 19:57:32 --> Config Class Initialized
INFO - 2024-12-19 19:57:32 --> Hooks Class Initialized
DEBUG - 2024-12-19 19:57:32 --> UTF-8 Support Enabled
INFO - 2024-12-19 19:57:32 --> Utf8 Class Initialized
INFO - 2024-12-19 19:57:32 --> URI Class Initialized
INFO - 2024-12-19 19:57:32 --> Router Class Initialized
INFO - 2024-12-19 19:57:32 --> Output Class Initialized
INFO - 2024-12-19 19:57:32 --> Security Class Initialized
DEBUG - 2024-12-19 19:57:32 --> Global POST, GET and COOKIE data sanitized
INFO - 2024-12-19 19:57:32 --> Input Class Initialized
INFO - 2024-12-19 19:57:32 --> Language Class Initialized
INFO - 2024-12-19 19:57:32 --> Language Class Initialized
INFO - 2024-12-19 19:57:32 --> Config Class Initialized
INFO - 2024-12-19 19:57:32 --> Loader Class Initialized
INFO - 2024-12-19 19:57:32 --> Helper loaded: url_helper
INFO - 2024-12-19 19:57:32 --> Helper loaded: easyui_helper
INFO - 2024-12-19 19:57:32 --> Helper loaded: param_helper
INFO - 2024-12-19 19:57:32 --> Helper loaded: credential_helper
INFO - 2024-12-19 19:57:32 --> Helper loaded: template_helper
INFO - 2024-12-19 19:57:32 --> Helper loaded: rest_helper
INFO - 2024-12-19 19:57:32 --> Database Driver Class Initialized
DEBUG - 2024-12-19 19:57:32 --> Idgenerator class already loaded. Second attempt ignored.
INFO - 2024-12-19 19:57:32 --> Controller Class Initialized
INFO - 2024-12-19 19:57:32 --> Model Class Initialized
DEBUG - 2024-12-19 19:57:32 --> File loaded: /apps/web-drc/application/modules/api_v1/models/Api_v1_model.php
INFO - 2024-12-19 19:57:32 --> Model Class Initialized
INFO - 2024-12-19 19:57:32 --> Final output sent to browser
DEBUG - 2024-12-19 19:57:32 --> Total execution time: 0.0042
INFO - 2024-12-19 19:57:32 --> Config Class Initialized
INFO - 2024-12-19 19:57:32 --> Hooks Class Initialized
DEBUG - 2024-12-19 19:57:32 --> UTF-8 Support Enabled
INFO - 2024-12-19 19:57:32 --> Utf8 Class Initialized
INFO - 2024-12-19 19:57:32 --> URI Class Initialized
INFO - 2024-12-19 19:57:32 --> Router Class Initialized
INFO - 2024-12-19 19:57:32 --> Output Class Initialized
INFO - 2024-12-19 19:57:32 --> Security Class Initialized
DEBUG - 2024-12-19 19:57:32 --> Global POST, GET and COOKIE data sanitized
INFO - 2024-12-19 19:57:32 --> Input Class Initialized
INFO - 2024-12-19 19:57:32 --> Language Class Initialized
INFO - 2024-12-19 19:57:32 --> Language Class Initialized
INFO - 2024-12-19 19:57:32 --> Config Class Initialized
INFO - 2024-12-19 19:57:32 --> Loader Class Initialized
INFO - 2024-12-19 19:57:32 --> Helper loaded: url_helper
INFO - 2024-12-19 19:57:32 --> Helper loaded: easyui_helper
INFO - 2024-12-19 19:57:32 --> Helper loaded: param_helper
INFO - 2024-12-19 19:57:32 --> Helper loaded: credential_helper
INFO - 2024-12-19 19:57:32 --> Helper loaded: template_helper
INFO - 2024-12-19 19:57:32 --> Helper loaded: rest_helper
INFO - 2024-12-19 19:57:32 --> Database Driver Class Initialized
DEBUG - 2024-12-19 19:57:32 --> Idgenerator class already loaded. Second attempt ignored.
INFO - 2024-12-19 19:57:32 --> Controller Class Initialized
INFO - 2024-12-19 19:57:32 --> Model Class Initialized
DEBUG - 2024-12-19 19:57:32 --> File loaded: /apps/web-drc/application/modules/api_v1/models/Api_v1_model.php
INFO - 2024-12-19 19:57:32 --> Model Class Initialized
INFO - 2024-12-19 19:57:32 --> Final output sent to browser
DEBUG - 2024-12-19 19:57:32 --> Total execution time: 0.0057
INFO - 2024-12-19 19:57:32 --> Config Class Initialized
INFO - 2024-12-19 19:57:32 --> Hooks Class Initialized
DEBUG - 2024-12-19 19:57:32 --> UTF-8 Support Enabled
INFO - 2024-12-19 19:57:32 --> Utf8 Class Initialized
INFO - 2024-12-19 19:57:32 --> URI Class Initialized
INFO - 2024-12-19 19:57:32 --> Router Class Initialized
INFO - 2024-12-19 19:57:32 --> Output Class Initialized
INFO - 2024-12-19 19:57:32 --> Security Class Initialized
DEBUG - 2024-12-19 19:57:32 --> Global POST, GET and COOKIE data sanitized
INFO - 2024-12-19 19:57:32 --> Input Class Initialized
INFO - 2024-12-19 19:57:32 --> Language Class Initialized
INFO - 2024-12-19 19:57:32 --> Language Class Initialized
INFO - 2024-12-19 19:57:32 --> Config Class Initialized
INFO - 2024-12-19 19:57:32 --> Loader Class Initialized
INFO - 2024-12-19 19:57:32 --> Helper loaded: url_helper
INFO - 2024-12-19 19:57:32 --> Helper loaded: easyui_helper
INFO - 2024-12-19 19:57:32 --> Helper loaded: param_helper
INFO - 2024-12-19 19:57:32 --> Helper loaded: credential_helper
INFO - 2024-12-19 19:57:32 --> Helper loaded: template_helper
INFO - 2024-12-19 19:57:32 --> Helper loaded: rest_helper
INFO - 2024-12-19 19:57:32 --> Database Driver Class Initialized
DEBUG - 2024-12-19 19:57:32 --> Idgenerator class already loaded. Second attempt ignored.
INFO - 2024-12-19 19:57:32 --> Controller Class Initialized
INFO - 2024-12-19 19:57:32 --> Model Class Initialized
DEBUG - 2024-12-19 19:57:32 --> File loaded: /apps/web-drc/application/modules/api_v1/models/Api_v1_model.php
INFO - 2024-12-19 19:57:32 --> Model Class Initialized
INFO - 2024-12-19 19:57:32 --> Final output sent to browser
DEBUG - 2024-12-19 19:57:32 --> Total execution time: 0.0043
INFO - 2024-12-19 19:57:32 --> Config Class Initialized
INFO - 2024-12-19 19:57:32 --> Hooks Class Initialized
DEBUG - 2024-12-19 19:57:32 --> UTF-8 Support Enabled
INFO - 2024-12-19 19:57:32 --> Utf8 Class Initialized
INFO - 2024-12-19 19:57:32 --> URI Class Initialized
INFO - 2024-12-19 19:57:32 --> Router Class Initialized
INFO - 2024-12-19 19:57:32 --> Output Class Initialized
INFO - 2024-12-19 19:57:32 --> Security Class Initialized
DEBUG - 2024-12-19 19:57:32 --> Global POST, GET and COOKIE data sanitized
INFO - 2024-12-19 19:57:32 --> Input Class Initialized
INFO - 2024-12-19 19:57:32 --> Language Class Initialized
INFO - 2024-12-19 19:57:32 --> Language Class Initialized
INFO - 2024-12-19 19:57:32 --> Config Class Initialized
INFO - 2024-12-19 19:57:32 --> Loader Class Initialized
INFO - 2024-12-19 19:57:32 --> Helper loaded: url_helper
INFO - 2024-12-19 19:57:32 --> Helper loaded: easyui_helper
INFO - 2024-12-19 19:57:32 --> Helper loaded: param_helper
INFO - 2024-12-19 19:57:32 --> Helper loaded: credential_helper
INFO - 2024-12-19 19:57:32 --> Helper loaded: template_helper
INFO - 2024-12-19 19:57:32 --> Helper loaded: rest_helper
INFO - 2024-12-19 19:57:32 --> Database Driver Class Initialized
DEBUG - 2024-12-19 19:57:32 --> Idgenerator class already loaded. Second attempt ignored.
INFO - 2024-12-19 19:57:32 --> Controller Class Initialized
INFO - 2024-12-19 19:57:32 --> Model Class Initialized
DEBUG - 2024-12-19 19:57:32 --> File loaded: /apps/web-drc/application/modules/api_v1/models/Api_v1_model.php
INFO - 2024-12-19 19:57:32 --> Model Class Initialized
INFO - 2024-12-19 19:57:32 --> Final output sent to browser
DEBUG - 2024-12-19 19:57:32 --> Total execution time: 0.3055
INFO - 2024-12-19 19:57:32 --> Config Class Initialized
INFO - 2024-12-19 19:57:32 --> Hooks Class Initialized
DEBUG - 2024-12-19 19:57:32 --> UTF-8 Support Enabled
INFO - 2024-12-19 19:57:32 --> Utf8 Class Initialized
INFO - 2024-12-19 19:57:32 --> URI Class Initialized
INFO - 2024-12-19 19:57:32 --> Router Class Initialized
INFO - 2024-12-19 19:57:32 --> Output Class Initialized
INFO - 2024-12-19 19:57:32 --> Security Class Initialized
DEBUG - 2024-12-19 19:57:32 --> Global POST, GET and COOKIE data sanitized
INFO - 2024-12-19 19:57:32 --> Input Class Initialized
INFO - 2024-12-19 19:57:32 --> Language Class Initialized
INFO - 2024-12-19 19:57:32 --> Language Class Initialized
INFO - 2024-12-19 19:57:32 --> Config Class Initialized
INFO - 2024-12-19 19:57:32 --> Loader Class Initialized
INFO - 2024-12-19 19:57:32 --> Helper loaded: url_helper
INFO - 2024-12-19 19:57:32 --> Helper loaded: easyui_helper
INFO - 2024-12-19 19:57:32 --> Helper loaded: param_helper
INFO - 2024-12-19 19:57:32 --> Helper loaded: credential_helper
INFO - 2024-12-19 19:57:32 --> Helper loaded: template_helper
INFO - 2024-12-19 19:57:32 --> Helper loaded: rest_helper
INFO - 2024-12-19 19:57:32 --> Database Driver Class Initialized
DEBUG - 2024-12-19 19:57:32 --> Idgenerator class already loaded. Second attempt ignored.
INFO - 2024-12-19 19:57:32 --> Controller Class Initialized
INFO - 2024-12-19 19:57:32 --> Model Class Initialized
DEBUG - 2024-12-19 19:57:32 --> File loaded: /apps/web-drc/application/modules/api_v1/models/Api_v1_model.php
INFO - 2024-12-19 19:57:32 --> Model Class Initialized
INFO - 2024-12-19 19:57:32 --> Final output sent to browser
DEBUG - 2024-12-19 19:57:32 --> Total execution time: 0.0062
INFO - 2024-12-19 19:57:32 --> Config Class Initialized
INFO - 2024-12-19 19:57:32 --> Hooks Class Initialized
DEBUG - 2024-12-19 19:57:32 --> UTF-8 Support Enabled
INFO - 2024-12-19 19:57:32 --> Utf8 Class Initialized
INFO - 2024-12-19 19:57:32 --> URI Class Initialized
INFO - 2024-12-19 19:57:32 --> Router Class Initialized
INFO - 2024-12-19 19:57:32 --> Output Class Initialized
INFO - 2024-12-19 19:57:32 --> Security Class Initialized
DEBUG - 2024-12-19 19:57:32 --> Global POST, GET and COOKIE data sanitized
INFO - 2024-12-19 19:57:32 --> Input Class Initialized
INFO - 2024-12-19 19:57:32 --> Language Class Initialized
INFO - 2024-12-19 19:57:32 --> Language Class Initialized
INFO - 2024-12-19 19:57:32 --> Config Class Initialized
INFO - 2024-12-19 19:57:32 --> Loader Class Initialized
INFO - 2024-12-19 19:57:32 --> Helper loaded: url_helper
INFO - 2024-12-19 19:57:32 --> Helper loaded: easyui_helper
INFO - 2024-12-19 19:57:32 --> Helper loaded: param_helper
INFO - 2024-12-19 19:57:32 --> Helper loaded: credential_helper
INFO - 2024-12-19 19:57:32 --> Helper loaded: template_helper
INFO - 2024-12-19 19:57:32 --> Helper loaded: rest_helper
INFO - 2024-12-19 19:57:32 --> Database Driver Class Initialized
DEBUG - 2024-12-19 19:57:32 --> Idgenerator class already loaded. Second attempt ignored.
INFO - 2024-12-19 19:57:32 --> Controller Class Initialized
INFO - 2024-12-19 19:57:32 --> Model Class Initialized
DEBUG - 2024-12-19 19:57:32 --> File loaded: /apps/web-drc/application/modules/api_v1/models/Api_v1_model.php
INFO - 2024-12-19 19:57:32 --> Model Class Initialized
INFO - 2024-12-19 19:57:32 --> Final output sent to browser
DEBUG - 2024-12-19 19:57:32 --> Total execution time: 0.0025
INFO - 2024-12-19 19:57:32 --> Config Class Initialized
INFO - 2024-12-19 19:57:32 --> Hooks Class Initialized
DEBUG - 2024-12-19 19:57:32 --> UTF-8 Support Enabled
INFO - 2024-12-19 19:57:32 --> Utf8 Class Initialized
INFO - 2024-12-19 19:57:32 --> URI Class Initialized
INFO - 2024-12-19 19:57:32 --> Router Class Initialized
INFO - 2024-12-19 19:57:32 --> Output Class Initialized
INFO - 2024-12-19 19:57:32 --> Security Class Initialized
DEBUG - 2024-12-19 19:57:32 --> Global POST, GET and COOKIE data sanitized
INFO - 2024-12-19 19:57:32 --> Input Class Initialized
INFO - 2024-12-19 19:57:32 --> Language Class Initialized
INFO - 2024-12-19 19:57:32 --> Language Class Initialized
INFO - 2024-12-19 19:57:32 --> Config Class Initialized
INFO - 2024-12-19 19:57:32 --> Loader Class Initialized
INFO - 2024-12-19 19:57:32 --> Helper loaded: url_helper
INFO - 2024-12-19 19:57:32 --> Helper loaded: easyui_helper
INFO - 2024-12-19 19:57:32 --> Helper loaded: param_helper
INFO - 2024-12-19 19:57:32 --> Helper loaded: credential_helper
INFO - 2024-12-19 19:57:32 --> Helper loaded: template_helper
INFO - 2024-12-19 19:57:32 --> Helper loaded: rest_helper
INFO - 2024-12-19 19:57:32 --> Database Driver Class Initialized
DEBUG - 2024-12-19 19:57:32 --> Idgenerator class already loaded. Second attempt ignored.
INFO - 2024-12-19 19:57:32 --> Controller Class Initialized
INFO - 2024-12-19 19:57:32 --> Model Class Initialized
DEBUG - 2024-12-19 19:57:32 --> File loaded: /apps/web-drc/application/modules/api_v1/models/Api_v1_model.php
INFO - 2024-12-19 19:57:32 --> Model Class Initialized
INFO - 2024-12-19 19:57:32 --> Final output sent to browser
DEBUG - 2024-12-19 19:57:32 --> Total execution time: 0.0029
INFO - 2024-12-19 19:57:32 --> Config Class Initialized
INFO - 2024-12-19 19:57:32 --> Hooks Class Initialized
DEBUG - 2024-12-19 19:57:32 --> UTF-8 Support Enabled
INFO - 2024-12-19 19:57:32 --> Utf8 Class Initialized
INFO - 2024-12-19 19:57:32 --> URI Class Initialized
INFO - 2024-12-19 19:57:32 --> Router Class Initialized
INFO - 2024-12-19 19:57:32 --> Output Class Initialized
INFO - 2024-12-19 19:57:32 --> Security Class Initialized
DEBUG - 2024-12-19 19:57:32 --> Global POST, GET and COOKIE data sanitized
INFO - 2024-12-19 19:57:32 --> Input Class Initialized
INFO - 2024-12-19 19:57:32 --> Language Class Initialized
INFO - 2024-12-19 19:57:32 --> Language Class Initialized
INFO - 2024-12-19 19:57:32 --> Config Class Initialized
INFO - 2024-12-19 19:57:32 --> Loader Class Initialized
INFO - 2024-12-19 19:57:32 --> Helper loaded: url_helper
INFO - 2024-12-19 19:57:32 --> Helper loaded: easyui_helper
INFO - 2024-12-19 19:57:32 --> Helper loaded: param_helper
INFO - 2024-12-19 19:57:32 --> Helper loaded: credential_helper
INFO - 2024-12-19 19:57:32 --> Helper loaded: template_helper
INFO - 2024-12-19 19:57:32 --> Helper loaded: rest_helper
INFO - 2024-12-19 19:57:32 --> Database Driver Class Initialized
DEBUG - 2024-12-19 19:57:32 --> Idgenerator class already loaded. Second attempt ignored.
INFO - 2024-12-19 19:57:32 --> Controller Class Initialized
INFO - 2024-12-19 19:57:32 --> Model Class Initialized
DEBUG - 2024-12-19 19:57:32 --> File loaded: /apps/web-drc/application/modules/api_v1/models/Api_v1_model.php
INFO - 2024-12-19 19:57:32 --> Model Class Initialized
INFO - 2024-12-19 19:57:32 --> Final output sent to browser
DEBUG - 2024-12-19 19:57:32 --> Total execution time: 0.0021
INFO - 2024-12-19 19:57:32 --> Config Class Initialized
INFO - 2024-12-19 19:57:32 --> Hooks Class Initialized
DEBUG - 2024-12-19 19:57:32 --> UTF-8 Support Enabled
INFO - 2024-12-19 19:57:32 --> Utf8 Class Initialized
INFO - 2024-12-19 19:57:32 --> URI Class Initialized
INFO - 2024-12-19 19:57:32 --> Router Class Initialized
INFO - 2024-12-19 19:57:32 --> Output Class Initialized
INFO - 2024-12-19 19:57:32 --> Security Class Initialized
DEBUG - 2024-12-19 19:57:32 --> Global POST, GET and COOKIE data sanitized
INFO - 2024-12-19 19:57:32 --> Input Class Initialized
INFO - 2024-12-19 19:57:32 --> Language Class Initialized
INFO - 2024-12-19 19:57:32 --> Language Class Initialized
INFO - 2024-12-19 19:57:32 --> Config Class Initialized
INFO - 2024-12-19 19:57:32 --> Loader Class Initialized
INFO - 2024-12-19 19:57:32 --> Helper loaded: url_helper
INFO - 2024-12-19 19:57:32 --> Helper loaded: easyui_helper
INFO - 2024-12-19 19:57:32 --> Helper loaded: param_helper
INFO - 2024-12-19 19:57:32 --> Helper loaded: credential_helper
INFO - 2024-12-19 19:57:32 --> Helper loaded: template_helper
INFO - 2024-12-19 19:57:32 --> Helper loaded: rest_helper
INFO - 2024-12-19 19:57:32 --> Database Driver Class Initialized
DEBUG - 2024-12-19 19:57:32 --> Idgenerator class already loaded. Second attempt ignored.
INFO - 2024-12-19 19:57:32 --> Controller Class Initialized
INFO - 2024-12-19 19:57:32 --> Model Class Initialized
DEBUG - 2024-12-19 19:57:32 --> File loaded: /apps/web-drc/application/modules/api_v1/models/Api_v1_model.php
INFO - 2024-12-19 19:57:32 --> Model Class Initialized
INFO - 2024-12-19 19:57:33 --> Final output sent to browser
DEBUG - 2024-12-19 19:57:33 --> Total execution time: 0.3402
INFO - 2024-12-19 19:57:33 --> Config Class Initialized
INFO - 2024-12-19 19:57:33 --> Hooks Class Initialized
DEBUG - 2024-12-19 19:57:33 --> UTF-8 Support Enabled
INFO - 2024-12-19 19:57:33 --> Utf8 Class Initialized
INFO - 2024-12-19 19:57:33 --> URI Class Initialized
INFO - 2024-12-19 19:57:33 --> Router Class Initialized
INFO - 2024-12-19 19:57:33 --> Output Class Initialized
INFO - 2024-12-19 19:57:33 --> Security Class Initialized
DEBUG - 2024-12-19 19:57:33 --> Global POST, GET and COOKIE data sanitized
INFO - 2024-12-19 19:57:33 --> Input Class Initialized
INFO - 2024-12-19 19:57:33 --> Language Class Initialized
INFO - 2024-12-19 19:57:33 --> Language Class Initialized
INFO - 2024-12-19 19:57:33 --> Config Class Initialized
INFO - 2024-12-19 19:57:33 --> Loader Class Initialized
INFO - 2024-12-19 19:57:33 --> Helper loaded: url_helper
INFO - 2024-12-19 19:57:33 --> Helper loaded: easyui_helper
INFO - 2024-12-19 19:57:33 --> Helper loaded: param_helper
INFO - 2024-12-19 19:57:33 --> Helper loaded: credential_helper
INFO - 2024-12-19 19:57:33 --> Helper loaded: template_helper
INFO - 2024-12-19 19:57:33 --> Helper loaded: rest_helper
INFO - 2024-12-19 19:57:33 --> Database Driver Class Initialized
DEBUG - 2024-12-19 19:57:33 --> Idgenerator class already loaded. Second attempt ignored.
INFO - 2024-12-19 19:57:33 --> Controller Class Initialized
INFO - 2024-12-19 19:57:33 --> Model Class Initialized
DEBUG - 2024-12-19 19:57:33 --> File loaded: /apps/web-drc/application/modules/api_v1/models/Api_v1_model.php
INFO - 2024-12-19 19:57:33 --> Model Class Initialized
INFO - 2024-12-19 19:57:33 --> Final output sent to browser
DEBUG - 2024-12-19 19:57:33 --> Total execution time: 0.0033
INFO - 2024-12-19 19:57:33 --> Config Class Initialized
INFO - 2024-12-19 19:57:33 --> Hooks Class Initialized
DEBUG - 2024-12-19 19:57:33 --> UTF-8 Support Enabled
INFO - 2024-12-19 19:57:33 --> Utf8 Class Initialized
INFO - 2024-12-19 19:57:33 --> URI Class Initialized
INFO - 2024-12-19 19:57:33 --> Router Class Initialized
INFO - 2024-12-19 19:57:33 --> Output Class Initialized
INFO - 2024-12-19 19:57:33 --> Security Class Initialized
DEBUG - 2024-12-19 19:57:33 --> Global POST, GET and COOKIE data sanitized
INFO - 2024-12-19 19:57:33 --> Input Class Initialized
INFO - 2024-12-19 19:57:33 --> Language Class Initialized
INFO - 2024-12-19 19:57:33 --> Language Class Initialized
INFO - 2024-12-19 19:57:33 --> Config Class Initialized
INFO - 2024-12-19 19:57:33 --> Loader Class Initialized
INFO - 2024-12-19 19:57:33 --> Helper loaded: url_helper
INFO - 2024-12-19 19:57:33 --> Helper loaded: easyui_helper
INFO - 2024-12-19 19:57:33 --> Helper loaded: param_helper
INFO - 2024-12-19 19:57:33 --> Helper loaded: credential_helper
INFO - 2024-12-19 19:57:33 --> Helper loaded: template_helper
INFO - 2024-12-19 19:57:33 --> Helper loaded: rest_helper
INFO - 2024-12-19 19:57:33 --> Database Driver Class Initialized
DEBUG - 2024-12-19 19:57:33 --> Idgenerator class already loaded. Second attempt ignored.
INFO - 2024-12-19 19:57:33 --> Controller Class Initialized
INFO - 2024-12-19 19:57:33 --> Model Class Initialized
DEBUG - 2024-12-19 19:57:33 --> File loaded: /apps/web-drc/application/modules/api_v1/models/Api_v1_model.php
INFO - 2024-12-19 19:57:33 --> Model Class Initialized
INFO - 2024-12-19 19:57:33 --> Final output sent to browser
DEBUG - 2024-12-19 19:57:33 --> Total execution time: 0.0026
INFO - 2024-12-19 19:59:21 --> Config Class Initialized
INFO - 2024-12-19 19:59:21 --> Hooks Class Initialized
DEBUG - 2024-12-19 19:59:21 --> UTF-8 Support Enabled
INFO - 2024-12-19 19:59:21 --> Utf8 Class Initialized
INFO - 2024-12-19 19:59:21 --> URI Class Initialized
INFO - 2024-12-19 19:59:21 --> Router Class Initialized
INFO - 2024-12-19 19:59:21 --> Output Class Initialized
INFO - 2024-12-19 19:59:21 --> Security Class Initialized
DEBUG - 2024-12-19 19:59:21 --> Global POST, GET and COOKIE data sanitized
INFO - 2024-12-19 19:59:21 --> Input Class Initialized
INFO - 2024-12-19 19:59:21 --> Language Class Initialized
INFO - 2024-12-19 19:59:21 --> Language Class Initialized
INFO - 2024-12-19 19:59:21 --> Config Class Initialized
INFO - 2024-12-19 19:59:21 --> Loader Class Initialized
INFO - 2024-12-19 19:59:21 --> Helper loaded: url_helper
INFO - 2024-12-19 19:59:21 --> Helper loaded: easyui_helper
INFO - 2024-12-19 19:59:21 --> Helper loaded: param_helper
INFO - 2024-12-19 19:59:21 --> Helper loaded: credential_helper
INFO - 2024-12-19 19:59:21 --> Helper loaded: template_helper
INFO - 2024-12-19 19:59:21 --> Helper loaded: rest_helper
INFO - 2024-12-19 19:59:21 --> Database Driver Class Initialized
DEBUG - 2024-12-19 19:59:21 --> Idgenerator class already loaded. Second attempt ignored.
INFO - 2024-12-19 19:59:21 --> Controller Class Initialized
INFO - 2024-12-19 19:59:21 --> Model Class Initialized
DEBUG - 2024-12-19 19:59:21 --> File loaded: /apps/web-drc/application/modules/ref_customer/models/Customer_model.php
INFO - 2024-12-19 19:59:21 --> Model Class Initialized
DEBUG - 2024-12-19 19:59:21 --> File loaded: /apps/web-drc/application/modules/ref_customer/views/content.php
DEBUG - 2024-12-19 19:59:21 --> File loaded: /apps/web-drc/application/views/templates/header.php
DEBUG - 2024-12-19 19:59:21 --> File loaded: /apps/web-drc/application/views/templates/toolbar.php
DEBUG - 2024-12-19 19:59:21 --> File loaded: /apps/web-drc/application/views/templates/sidebar.php
DEBUG - 2024-12-19 19:59:21 --> File loaded: /apps/web-drc/application/views/templates/contents.php
DEBUG - 2024-12-19 19:59:21 --> File loaded: /apps/web-drc/application/views/templates/content_footer.php
DEBUG - 2024-12-19 19:59:21 --> File loaded: /apps/web-drc/application/views/templates/footer.php
DEBUG - 2024-12-19 19:59:21 --> File loaded: /apps/web-drc/application/views/templates/default.php
INFO - 2024-12-19 19:59:21 --> Final output sent to browser
DEBUG - 2024-12-19 19:59:21 --> Total execution time: 0.0066
INFO - 2024-12-19 19:59:22 --> Config Class Initialized
INFO - 2024-12-19 19:59:22 --> Hooks Class Initialized
DEBUG - 2024-12-19 19:59:22 --> UTF-8 Support Enabled
INFO - 2024-12-19 19:59:22 --> Utf8 Class Initialized
INFO - 2024-12-19 19:59:22 --> URI Class Initialized
INFO - 2024-12-19 19:59:22 --> Router Class Initialized
INFO - 2024-12-19 19:59:22 --> Output Class Initialized
INFO - 2024-12-19 19:59:22 --> Security Class Initialized
DEBUG - 2024-12-19 19:59:22 --> Global POST, GET and COOKIE data sanitized
INFO - 2024-12-19 19:59:22 --> Input Class Initialized
INFO - 2024-12-19 19:59:22 --> Language Class Initialized
INFO - 2024-12-19 19:59:22 --> Language Class Initialized
INFO - 2024-12-19 19:59:22 --> Config Class Initialized
INFO - 2024-12-19 19:59:22 --> Loader Class Initialized
INFO - 2024-12-19 19:59:22 --> Helper loaded: url_helper
INFO - 2024-12-19 19:59:22 --> Helper loaded: easyui_helper
INFO - 2024-12-19 19:59:22 --> Helper loaded: param_helper
INFO - 2024-12-19 19:59:22 --> Helper loaded: credential_helper
INFO - 2024-12-19 19:59:22 --> Helper loaded: template_helper
INFO - 2024-12-19 19:59:22 --> Helper loaded: rest_helper
INFO - 2024-12-19 19:59:22 --> Database Driver Class Initialized
DEBUG - 2024-12-19 19:59:22 --> Idgenerator class already loaded. Second attempt ignored.
INFO - 2024-12-19 19:59:22 --> Controller Class Initialized
INFO - 2024-12-19 19:59:22 --> Model Class Initialized
DEBUG - 2024-12-19 19:59:22 --> File loaded: /apps/web-drc/application/modules/ref_customer/models/Customer_model.php
INFO - 2024-12-19 19:59:22 --> Model Class Initialized
INFO - 2024-12-19 19:59:27 --> Final output sent to browser
DEBUG - 2024-12-19 19:59:27 --> Total execution time: 5.7979
INFO - 2024-12-19 19:59:28 --> Config Class Initialized
INFO - 2024-12-19 19:59:28 --> Hooks Class Initialized
DEBUG - 2024-12-19 19:59:28 --> UTF-8 Support Enabled
INFO - 2024-12-19 19:59:28 --> Utf8 Class Initialized
INFO - 2024-12-19 19:59:28 --> URI Class Initialized
INFO - 2024-12-19 19:59:28 --> Router Class Initialized
INFO - 2024-12-19 19:59:28 --> Output Class Initialized
INFO - 2024-12-19 19:59:28 --> Security Class Initialized
DEBUG - 2024-12-19 19:59:28 --> Global POST, GET and COOKIE data sanitized
INFO - 2024-12-19 19:59:28 --> Input Class Initialized
INFO - 2024-12-19 19:59:28 --> Language Class Initialized
INFO - 2024-12-19 19:59:28 --> Language Class Initialized
INFO - 2024-12-19 19:59:28 --> Config Class Initialized
INFO - 2024-12-19 19:59:28 --> Loader Class Initialized
INFO - 2024-12-19 19:59:28 --> Helper loaded: url_helper
INFO - 2024-12-19 19:59:28 --> Helper loaded: easyui_helper
INFO - 2024-12-19 19:59:28 --> Helper loaded: param_helper
INFO - 2024-12-19 19:59:28 --> Helper loaded: credential_helper
INFO - 2024-12-19 19:59:28 --> Helper loaded: template_helper
INFO - 2024-12-19 19:59:28 --> Helper loaded: rest_helper
INFO - 2024-12-19 19:59:28 --> Database Driver Class Initialized
DEBUG - 2024-12-19 19:59:28 --> Idgenerator class already loaded. Second attempt ignored.
INFO - 2024-12-19 19:59:28 --> Controller Class Initialized
INFO - 2024-12-19 19:59:28 --> Model Class Initialized
DEBUG - 2024-12-19 19:59:28 --> File loaded: /apps/web-drc/application/modules/ref_customer/models/Customer_model.php
INFO - 2024-12-19 19:59:28 --> Model Class Initialized
DEBUG - 2024-12-19 19:59:28 --> File loaded: /apps/web-drc/application/modules/ref_customer/views/form.php
DEBUG - 2024-12-19 19:59:28 --> File loaded: /apps/web-drc/application/views/templates/header.php
DEBUG - 2024-12-19 19:59:28 --> File loaded: /apps/web-drc/application/views/templates/toolbar.php
DEBUG - 2024-12-19 19:59:28 --> File loaded: /apps/web-drc/application/views/templates/sidebar.php
DEBUG - 2024-12-19 19:59:28 --> File loaded: /apps/web-drc/application/views/templates/contents.php
DEBUG - 2024-12-19 19:59:28 --> File loaded: /apps/web-drc/application/views/templates/content_footer.php
DEBUG - 2024-12-19 19:59:28 --> File loaded: /apps/web-drc/application/views/templates/footer.php
DEBUG - 2024-12-19 19:59:28 --> File loaded: /apps/web-drc/application/views/templates/default.php
INFO - 2024-12-19 19:59:28 --> Final output sent to browser
DEBUG - 2024-12-19 19:59:28 --> Total execution time: 0.0081
INFO - 2024-12-19 19:59:29 --> Config Class Initialized
INFO - 2024-12-19 19:59:29 --> Hooks Class Initialized
DEBUG - 2024-12-19 19:59:29 --> UTF-8 Support Enabled
INFO - 2024-12-19 19:59:29 --> Utf8 Class Initialized
INFO - 2024-12-19 19:59:29 --> URI Class Initialized
INFO - 2024-12-19 19:59:29 --> Router Class Initialized
INFO - 2024-12-19 19:59:29 --> Output Class Initialized
INFO - 2024-12-19 19:59:29 --> Security Class Initialized
DEBUG - 2024-12-19 19:59:29 --> Global POST, GET and COOKIE data sanitized
INFO - 2024-12-19 19:59:29 --> Input Class Initialized
INFO - 2024-12-19 19:59:29 --> Language Class Initialized
INFO - 2024-12-19 19:59:29 --> Language Class Initialized
INFO - 2024-12-19 19:59:29 --> Config Class Initialized
INFO - 2024-12-19 19:59:29 --> Loader Class Initialized
INFO - 2024-12-19 19:59:29 --> Helper loaded: url_helper
INFO - 2024-12-19 19:59:29 --> Helper loaded: easyui_helper
INFO - 2024-12-19 19:59:29 --> Helper loaded: param_helper
INFO - 2024-12-19 19:59:29 --> Helper loaded: credential_helper
INFO - 2024-12-19 19:59:29 --> Helper loaded: template_helper
INFO - 2024-12-19 19:59:29 --> Helper loaded: rest_helper
INFO - 2024-12-19 19:59:29 --> Database Driver Class Initialized
DEBUG - 2024-12-19 19:59:29 --> Idgenerator class already loaded. Second attempt ignored.
INFO - 2024-12-19 19:59:29 --> Controller Class Initialized
INFO - 2024-12-19 19:59:29 --> Model Class Initialized
DEBUG - 2024-12-19 19:59:29 --> File loaded: /apps/web-drc/application/modules/ref_customer_segment/models/Customer_segment_model.php
INFO - 2024-12-19 19:59:29 --> Model Class Initialized
INFO - 2024-12-19 19:59:29 --> Final output sent to browser
DEBUG - 2024-12-19 19:59:29 --> Total execution time: 0.0032
INFO - 2024-12-19 19:59:29 --> Config Class Initialized
INFO - 2024-12-19 19:59:29 --> Hooks Class Initialized
DEBUG - 2024-12-19 19:59:29 --> UTF-8 Support Enabled
INFO - 2024-12-19 19:59:29 --> Utf8 Class Initialized
INFO - 2024-12-19 19:59:29 --> URI Class Initialized
INFO - 2024-12-19 19:59:29 --> Router Class Initialized
INFO - 2024-12-19 19:59:29 --> Output Class Initialized
INFO - 2024-12-19 19:59:29 --> Security Class Initialized
DEBUG - 2024-12-19 19:59:29 --> Global POST, GET and COOKIE data sanitized
INFO - 2024-12-19 19:59:29 --> Input Class Initialized
INFO - 2024-12-19 19:59:29 --> Language Class Initialized
INFO - 2024-12-19 19:59:29 --> Language Class Initialized
INFO - 2024-12-19 19:59:29 --> Config Class Initialized
INFO - 2024-12-19 19:59:29 --> Loader Class Initialized
INFO - 2024-12-19 19:59:29 --> Helper loaded: url_helper
INFO - 2024-12-19 19:59:29 --> Helper loaded: easyui_helper
INFO - 2024-12-19 19:59:29 --> Helper loaded: param_helper
INFO - 2024-12-19 19:59:29 --> Helper loaded: credential_helper
INFO - 2024-12-19 19:59:29 --> Helper loaded: template_helper
INFO - 2024-12-19 19:59:29 --> Helper loaded: rest_helper
INFO - 2024-12-19 19:59:29 --> Database Driver Class Initialized
DEBUG - 2024-12-19 19:59:29 --> Idgenerator class already loaded. Second attempt ignored.
INFO - 2024-12-19 19:59:29 --> Controller Class Initialized
INFO - 2024-12-19 19:59:29 --> Model Class Initialized
DEBUG - 2024-12-19 19:59:29 --> File loaded: /apps/web-drc/application/modules/ref_customer_type/models/Customer_type_model.php
INFO - 2024-12-19 19:59:29 --> Model Class Initialized
INFO - 2024-12-19 19:59:29 --> Final output sent to browser
DEBUG - 2024-12-19 19:59:29 --> Total execution time: 0.0031
INFO - 2024-12-19 19:59:29 --> Config Class Initialized
INFO - 2024-12-19 19:59:29 --> Hooks Class Initialized
DEBUG - 2024-12-19 19:59:29 --> UTF-8 Support Enabled
INFO - 2024-12-19 19:59:29 --> Utf8 Class Initialized
INFO - 2024-12-19 19:59:29 --> URI Class Initialized
INFO - 2024-12-19 19:59:29 --> Router Class Initialized
INFO - 2024-12-19 19:59:29 --> Output Class Initialized
INFO - 2024-12-19 19:59:29 --> Security Class Initialized
DEBUG - 2024-12-19 19:59:29 --> Global POST, GET and COOKIE data sanitized
INFO - 2024-12-19 19:59:29 --> Input Class Initialized
INFO - 2024-12-19 19:59:29 --> Language Class Initialized
INFO - 2024-12-19 19:59:29 --> Language Class Initialized
INFO - 2024-12-19 19:59:29 --> Config Class Initialized
INFO - 2024-12-19 19:59:29 --> Loader Class Initialized
INFO - 2024-12-19 19:59:29 --> Helper loaded: url_helper
INFO - 2024-12-19 19:59:29 --> Helper loaded: easyui_helper
INFO - 2024-12-19 19:59:29 --> Helper loaded: param_helper
INFO - 2024-12-19 19:59:29 --> Helper loaded: credential_helper
INFO - 2024-12-19 19:59:29 --> Helper loaded: template_helper
INFO - 2024-12-19 19:59:29 --> Helper loaded: rest_helper
INFO - 2024-12-19 19:59:29 --> Database Driver Class Initialized
DEBUG - 2024-12-19 19:59:29 --> Idgenerator class already loaded. Second attempt ignored.
INFO - 2024-12-19 19:59:29 --> Controller Class Initialized
INFO - 2024-12-19 19:59:29 --> Model Class Initialized
DEBUG - 2024-12-19 19:59:29 --> File loaded: /apps/web-drc/application/modules/api_v1/models/Api_v1_model.php
INFO - 2024-12-19 19:59:29 --> Model Class Initialized
INFO - 2024-12-19 19:59:29 --> Final output sent to browser
DEBUG - 2024-12-19 19:59:29 --> Total execution time: 0.0031
INFO - 2024-12-19 19:59:29 --> Config Class Initialized
INFO - 2024-12-19 19:59:29 --> Hooks Class Initialized
DEBUG - 2024-12-19 19:59:29 --> UTF-8 Support Enabled
INFO - 2024-12-19 19:59:29 --> Utf8 Class Initialized
INFO - 2024-12-19 19:59:29 --> URI Class Initialized
INFO - 2024-12-19 19:59:29 --> Router Class Initialized
INFO - 2024-12-19 19:59:29 --> Output Class Initialized
INFO - 2024-12-19 19:59:29 --> Security Class Initialized
DEBUG - 2024-12-19 19:59:29 --> Global POST, GET and COOKIE data sanitized
INFO - 2024-12-19 19:59:29 --> Input Class Initialized
INFO - 2024-12-19 19:59:29 --> Language Class Initialized
INFO - 2024-12-19 19:59:29 --> Language Class Initialized
INFO - 2024-12-19 19:59:29 --> Config Class Initialized
INFO - 2024-12-19 19:59:29 --> Loader Class Initialized
INFO - 2024-12-19 19:59:29 --> Helper loaded: url_helper
INFO - 2024-12-19 19:59:29 --> Helper loaded: easyui_helper
INFO - 2024-12-19 19:59:29 --> Helper loaded: param_helper
INFO - 2024-12-19 19:59:29 --> Helper loaded: credential_helper
INFO - 2024-12-19 19:59:29 --> Helper loaded: template_helper
INFO - 2024-12-19 19:59:29 --> Helper loaded: rest_helper
INFO - 2024-12-19 19:59:29 --> Database Driver Class Initialized
DEBUG - 2024-12-19 19:59:29 --> Idgenerator class already loaded. Second attempt ignored.
INFO - 2024-12-19 19:59:29 --> Controller Class Initialized
INFO - 2024-12-19 19:59:29 --> Model Class Initialized
DEBUG - 2024-12-19 19:59:29 --> File loaded: /apps/web-drc/application/modules/ref_customer_class/models/Customer_class_model.php
INFO - 2024-12-19 19:59:29 --> Model Class Initialized
INFO - 2024-12-19 19:59:29 --> Final output sent to browser
DEBUG - 2024-12-19 19:59:29 --> Total execution time: 0.0029
INFO - 2024-12-19 19:59:29 --> Config Class Initialized
INFO - 2024-12-19 19:59:29 --> Hooks Class Initialized
DEBUG - 2024-12-19 19:59:29 --> UTF-8 Support Enabled
INFO - 2024-12-19 19:59:29 --> Utf8 Class Initialized
INFO - 2024-12-19 19:59:29 --> URI Class Initialized
INFO - 2024-12-19 19:59:29 --> Router Class Initialized
INFO - 2024-12-19 19:59:29 --> Output Class Initialized
INFO - 2024-12-19 19:59:29 --> Security Class Initialized
DEBUG - 2024-12-19 19:59:29 --> Global POST, GET and COOKIE data sanitized
INFO - 2024-12-19 19:59:29 --> Input Class Initialized
INFO - 2024-12-19 19:59:29 --> Language Class Initialized
INFO - 2024-12-19 19:59:29 --> Language Class Initialized
INFO - 2024-12-19 19:59:29 --> Config Class Initialized
INFO - 2024-12-19 19:59:29 --> Loader Class Initialized
INFO - 2024-12-19 19:59:29 --> Helper loaded: url_helper
INFO - 2024-12-19 19:59:29 --> Helper loaded: easyui_helper
INFO - 2024-12-19 19:59:29 --> Helper loaded: param_helper
INFO - 2024-12-19 19:59:29 --> Helper loaded: credential_helper
INFO - 2024-12-19 19:59:29 --> Helper loaded: template_helper
INFO - 2024-12-19 19:59:29 --> Helper loaded: rest_helper
INFO - 2024-12-19 19:59:29 --> Database Driver Class Initialized
DEBUG - 2024-12-19 19:59:29 --> Idgenerator class already loaded. Second attempt ignored.
INFO - 2024-12-19 19:59:29 --> Controller Class Initialized
INFO - 2024-12-19 19:59:29 --> Model Class Initialized
DEBUG - 2024-12-19 19:59:29 --> File loaded: /apps/web-drc/application/modules/api_v1/models/Api_v1_model.php
INFO - 2024-12-19 19:59:29 --> Model Class Initialized
INFO - 2024-12-19 19:59:29 --> Final output sent to browser
DEBUG - 2024-12-19 19:59:29 --> Total execution time: 0.0037
INFO - 2024-12-19 19:59:29 --> Config Class Initialized
INFO - 2024-12-19 19:59:29 --> Hooks Class Initialized
DEBUG - 2024-12-19 19:59:29 --> UTF-8 Support Enabled
INFO - 2024-12-19 19:59:29 --> Utf8 Class Initialized
INFO - 2024-12-19 19:59:29 --> URI Class Initialized
INFO - 2024-12-19 19:59:29 --> Router Class Initialized
INFO - 2024-12-19 19:59:29 --> Output Class Initialized
INFO - 2024-12-19 19:59:29 --> Security Class Initialized
DEBUG - 2024-12-19 19:59:29 --> Global POST, GET and COOKIE data sanitized
INFO - 2024-12-19 19:59:29 --> Input Class Initialized
INFO - 2024-12-19 19:59:29 --> Language Class Initialized
INFO - 2024-12-19 19:59:29 --> Language Class Initialized
INFO - 2024-12-19 19:59:29 --> Config Class Initialized
INFO - 2024-12-19 19:59:29 --> Loader Class Initialized
INFO - 2024-12-19 19:59:29 --> Helper loaded: url_helper
INFO - 2024-12-19 19:59:29 --> Helper loaded: easyui_helper
INFO - 2024-12-19 19:59:29 --> Helper loaded: param_helper
INFO - 2024-12-19 19:59:29 --> Helper loaded: credential_helper
INFO - 2024-12-19 19:59:29 --> Helper loaded: template_helper
INFO - 2024-12-19 19:59:29 --> Helper loaded: rest_helper
INFO - 2024-12-19 19:59:29 --> Database Driver Class Initialized
DEBUG - 2024-12-19 19:59:29 --> Idgenerator class already loaded. Second attempt ignored.
INFO - 2024-12-19 19:59:29 --> Controller Class Initialized
INFO - 2024-12-19 19:59:29 --> Model Class Initialized
DEBUG - 2024-12-19 19:59:29 --> File loaded: /apps/web-drc/application/modules/api_v1/models/Api_v1_model.php
INFO - 2024-12-19 19:59:29 --> Model Class Initialized
INFO - 2024-12-19 19:59:29 --> Final output sent to browser
DEBUG - 2024-12-19 19:59:29 --> Total execution time: 0.2827
INFO - 2024-12-19 19:59:29 --> Config Class Initialized
INFO - 2024-12-19 19:59:29 --> Hooks Class Initialized
DEBUG - 2024-12-19 19:59:29 --> UTF-8 Support Enabled
INFO - 2024-12-19 19:59:29 --> Utf8 Class Initialized
INFO - 2024-12-19 19:59:29 --> URI Class Initialized
INFO - 2024-12-19 19:59:29 --> Router Class Initialized
INFO - 2024-12-19 19:59:29 --> Output Class Initialized
INFO - 2024-12-19 19:59:29 --> Security Class Initialized
DEBUG - 2024-12-19 19:59:29 --> Global POST, GET and COOKIE data sanitized
INFO - 2024-12-19 19:59:29 --> Input Class Initialized
INFO - 2024-12-19 19:59:29 --> Language Class Initialized
INFO - 2024-12-19 19:59:29 --> Language Class Initialized
INFO - 2024-12-19 19:59:29 --> Config Class Initialized
INFO - 2024-12-19 19:59:29 --> Loader Class Initialized
INFO - 2024-12-19 19:59:29 --> Helper loaded: url_helper
INFO - 2024-12-19 19:59:29 --> Helper loaded: easyui_helper
INFO - 2024-12-19 19:59:29 --> Helper loaded: param_helper
INFO - 2024-12-19 19:59:29 --> Helper loaded: credential_helper
INFO - 2024-12-19 19:59:29 --> Helper loaded: template_helper
INFO - 2024-12-19 19:59:29 --> Helper loaded: rest_helper
INFO - 2024-12-19 19:59:29 --> Database Driver Class Initialized
DEBUG - 2024-12-19 19:59:29 --> Idgenerator class already loaded. Second attempt ignored.
INFO - 2024-12-19 19:59:29 --> Controller Class Initialized
INFO - 2024-12-19 19:59:29 --> Model Class Initialized
DEBUG - 2024-12-19 19:59:29 --> File loaded: /apps/web-drc/application/modules/api_v1/models/Api_v1_model.php
INFO - 2024-12-19 19:59:29 --> Model Class Initialized
INFO - 2024-12-19 19:59:29 --> Final output sent to browser
DEBUG - 2024-12-19 19:59:29 --> Total execution time: 0.0032
INFO - 2024-12-19 20:18:09 --> Config Class Initialized
INFO - 2024-12-19 20:18:09 --> Hooks Class Initialized
DEBUG - 2024-12-19 20:18:09 --> UTF-8 Support Enabled
INFO - 2024-12-19 20:18:09 --> Utf8 Class Initialized
INFO - 2024-12-19 20:18:09 --> URI Class Initialized
INFO - 2024-12-19 20:18:09 --> Router Class Initialized
INFO - 2024-12-19 20:18:09 --> Output Class Initialized
INFO - 2024-12-19 20:18:09 --> Security Class Initialized
DEBUG - 2024-12-19 20:18:09 --> Global POST, GET and COOKIE data sanitized
INFO - 2024-12-19 20:18:09 --> Input Class Initialized
INFO - 2024-12-19 20:18:09 --> Language Class Initialized
INFO - 2024-12-19 20:18:09 --> Language Class Initialized
INFO - 2024-12-19 20:18:09 --> Config Class Initialized
INFO - 2024-12-19 20:18:09 --> Loader Class Initialized
INFO - 2024-12-19 20:18:09 --> Helper loaded: url_helper
INFO - 2024-12-19 20:18:09 --> Helper loaded: easyui_helper
INFO - 2024-12-19 20:18:09 --> Helper loaded: param_helper
INFO - 2024-12-19 20:18:09 --> Helper loaded: credential_helper
INFO - 2024-12-19 20:18:09 --> Helper loaded: template_helper
INFO - 2024-12-19 20:18:09 --> Helper loaded: rest_helper
INFO - 2024-12-19 20:18:09 --> Database Driver Class Initialized
DEBUG - 2024-12-19 20:18:09 --> Idgenerator class already loaded. Second attempt ignored.
INFO - 2024-12-19 20:18:09 --> Controller Class Initialized
INFO - 2024-12-19 20:18:09 --> Model Class Initialized
DEBUG - 2024-12-19 20:18:09 --> File loaded: /apps/web-drc/application/modules/ref_request_new_outlet/models/Request_new_outlet_model.php
INFO - 2024-12-19 20:18:09 --> Model Class Initialized
DEBUG - 2024-12-19 20:18:09 --> File loaded: /apps/web-drc/application/modules/ref_request_new_outlet/views/content.php
DEBUG - 2024-12-19 20:18:09 --> File loaded: /apps/web-drc/application/views/templates/header.php
DEBUG - 2024-12-19 20:18:09 --> File loaded: /apps/web-drc/application/views/templates/toolbar.php
DEBUG - 2024-12-19 20:18:09 --> File loaded: /apps/web-drc/application/views/templates/sidebar.php
DEBUG - 2024-12-19 20:18:09 --> File loaded: /apps/web-drc/application/views/templates/contents.php
DEBUG - 2024-12-19 20:18:09 --> File loaded: /apps/web-drc/application/views/templates/content_footer.php
DEBUG - 2024-12-19 20:18:09 --> File loaded: /apps/web-drc/application/views/templates/footer.php
DEBUG - 2024-12-19 20:18:09 --> File loaded: /apps/web-drc/application/views/templates/default.php
INFO - 2024-12-19 20:18:09 --> Final output sent to browser
DEBUG - 2024-12-19 20:18:09 --> Total execution time: 0.0091
INFO - 2024-12-19 20:18:09 --> Config Class Initialized
INFO - 2024-12-19 20:18:09 --> Hooks Class Initialized
DEBUG - 2024-12-19 20:18:09 --> UTF-8 Support Enabled
INFO - 2024-12-19 20:18:09 --> Utf8 Class Initialized
INFO - 2024-12-19 20:18:09 --> URI Class Initialized
INFO - 2024-12-19 20:18:09 --> Router Class Initialized
INFO - 2024-12-19 20:18:09 --> Output Class Initialized
INFO - 2024-12-19 20:18:09 --> Security Class Initialized
DEBUG - 2024-12-19 20:18:09 --> Global POST, GET and COOKIE data sanitized
INFO - 2024-12-19 20:18:09 --> Input Class Initialized
INFO - 2024-12-19 20:18:09 --> Language Class Initialized
INFO - 2024-12-19 20:18:09 --> Language Class Initialized
INFO - 2024-12-19 20:18:09 --> Config Class Initialized
INFO - 2024-12-19 20:18:09 --> Loader Class Initialized
INFO - 2024-12-19 20:18:09 --> Helper loaded: url_helper
INFO - 2024-12-19 20:18:09 --> Helper loaded: easyui_helper
INFO - 2024-12-19 20:18:09 --> Helper loaded: param_helper
INFO - 2024-12-19 20:18:09 --> Helper loaded: credential_helper
INFO - 2024-12-19 20:18:09 --> Helper loaded: template_helper
INFO - 2024-12-19 20:18:09 --> Helper loaded: rest_helper
INFO - 2024-12-19 20:18:09 --> Database Driver Class Initialized
DEBUG - 2024-12-19 20:18:09 --> Idgenerator class already loaded. Second attempt ignored.
INFO - 2024-12-19 20:18:09 --> Controller Class Initialized
INFO - 2024-12-19 20:18:09 --> Model Class Initialized
DEBUG - 2024-12-19 20:18:09 --> File loaded: /apps/web-drc/application/modules/ref_request_new_outlet/models/Request_new_outlet_model.php
INFO - 2024-12-19 20:18:09 --> Model Class Initialized
INFO - 2024-12-19 20:18:09 --> Final output sent to browser
DEBUG - 2024-12-19 20:18:09 --> Total execution time: 0.3229
INFO - 2024-12-19 20:18:12 --> Config Class Initialized
INFO - 2024-12-19 20:18:12 --> Hooks Class Initialized
DEBUG - 2024-12-19 20:18:12 --> UTF-8 Support Enabled
INFO - 2024-12-19 20:18:12 --> Utf8 Class Initialized
INFO - 2024-12-19 20:18:12 --> URI Class Initialized
INFO - 2024-12-19 20:18:12 --> Router Class Initialized
INFO - 2024-12-19 20:18:12 --> Output Class Initialized
INFO - 2024-12-19 20:18:12 --> Security Class Initialized
DEBUG - 2024-12-19 20:18:12 --> Global POST, GET and COOKIE data sanitized
INFO - 2024-12-19 20:18:12 --> Input Class Initialized
INFO - 2024-12-19 20:18:12 --> Language Class Initialized
INFO - 2024-12-19 20:18:12 --> Language Class Initialized
INFO - 2024-12-19 20:18:12 --> Config Class Initialized
INFO - 2024-12-19 20:18:12 --> Loader Class Initialized
INFO - 2024-12-19 20:18:12 --> Helper loaded: url_helper
INFO - 2024-12-19 20:18:12 --> Helper loaded: easyui_helper
INFO - 2024-12-19 20:18:12 --> Helper loaded: param_helper
INFO - 2024-12-19 20:18:12 --> Helper loaded: credential_helper
INFO - 2024-12-19 20:18:12 --> Helper loaded: template_helper
INFO - 2024-12-19 20:18:12 --> Helper loaded: rest_helper
INFO - 2024-12-19 20:18:12 --> Database Driver Class Initialized
DEBUG - 2024-12-19 20:18:12 --> Idgenerator class already loaded. Second attempt ignored.
INFO - 2024-12-19 20:18:12 --> Controller Class Initialized
INFO - 2024-12-19 20:18:12 --> Model Class Initialized
DEBUG - 2024-12-19 20:18:12 --> File loaded: /apps/web-drc/application/modules/ref_request_new_outlet/models/Request_new_outlet_model.php
INFO - 2024-12-19 20:18:12 --> Model Class Initialized
DEBUG - 2024-12-19 20:18:12 --> File loaded: /apps/web-drc/application/modules/ref_request_new_outlet/views/form.php
DEBUG - 2024-12-19 20:18:12 --> File loaded: /apps/web-drc/application/views/templates/header.php
DEBUG - 2024-12-19 20:18:12 --> File loaded: /apps/web-drc/application/views/templates/toolbar.php
DEBUG - 2024-12-19 20:18:12 --> File loaded: /apps/web-drc/application/views/templates/sidebar.php
DEBUG - 2024-12-19 20:18:12 --> File loaded: /apps/web-drc/application/views/templates/contents.php
DEBUG - 2024-12-19 20:18:12 --> File loaded: /apps/web-drc/application/views/templates/content_footer.php
DEBUG - 2024-12-19 20:18:12 --> File loaded: /apps/web-drc/application/views/templates/footer.php
DEBUG - 2024-12-19 20:18:12 --> File loaded: /apps/web-drc/application/views/templates/default.php
INFO - 2024-12-19 20:18:12 --> Final output sent to browser
DEBUG - 2024-12-19 20:18:12 --> Total execution time: 0.0069
INFO - 2024-12-19 20:18:12 --> Config Class Initialized
INFO - 2024-12-19 20:18:12 --> Hooks Class Initialized
DEBUG - 2024-12-19 20:18:12 --> UTF-8 Support Enabled
INFO - 2024-12-19 20:18:12 --> Utf8 Class Initialized
INFO - 2024-12-19 20:18:12 --> URI Class Initialized
INFO - 2024-12-19 20:18:12 --> Router Class Initialized
INFO - 2024-12-19 20:18:12 --> Output Class Initialized
INFO - 2024-12-19 20:18:12 --> Security Class Initialized
DEBUG - 2024-12-19 20:18:12 --> Global POST, GET and COOKIE data sanitized
INFO - 2024-12-19 20:18:12 --> Input Class Initialized
INFO - 2024-12-19 20:18:12 --> Language Class Initialized
INFO - 2024-12-19 20:18:12 --> Language Class Initialized
INFO - 2024-12-19 20:18:12 --> Config Class Initialized
INFO - 2024-12-19 20:18:12 --> Loader Class Initialized
INFO - 2024-12-19 20:18:12 --> Helper loaded: url_helper
INFO - 2024-12-19 20:18:12 --> Helper loaded: easyui_helper
INFO - 2024-12-19 20:18:12 --> Helper loaded: param_helper
INFO - 2024-12-19 20:18:12 --> Helper loaded: credential_helper
INFO - 2024-12-19 20:18:12 --> Helper loaded: template_helper
INFO - 2024-12-19 20:18:12 --> Helper loaded: rest_helper
INFO - 2024-12-19 20:18:12 --> Database Driver Class Initialized
DEBUG - 2024-12-19 20:18:12 --> Idgenerator class already loaded. Second attempt ignored.
INFO - 2024-12-19 20:18:12 --> Controller Class Initialized
INFO - 2024-12-19 20:18:12 --> Model Class Initialized
DEBUG - 2024-12-19 20:18:12 --> File loaded: /apps/web-drc/application/modules/ref_customer_type/models/Customer_type_model.php
INFO - 2024-12-19 20:18:12 --> Model Class Initialized
INFO - 2024-12-19 20:18:12 --> Final output sent to browser
DEBUG - 2024-12-19 20:18:12 --> Total execution time: 0.0060
INFO - 2024-12-19 20:18:12 --> Config Class Initialized
INFO - 2024-12-19 20:18:12 --> Hooks Class Initialized
DEBUG - 2024-12-19 20:18:12 --> UTF-8 Support Enabled
INFO - 2024-12-19 20:18:12 --> Utf8 Class Initialized
INFO - 2024-12-19 20:18:12 --> URI Class Initialized
INFO - 2024-12-19 20:18:12 --> Router Class Initialized
INFO - 2024-12-19 20:18:12 --> Output Class Initialized
INFO - 2024-12-19 20:18:12 --> Security Class Initialized
DEBUG - 2024-12-19 20:18:12 --> Global POST, GET and COOKIE data sanitized
INFO - 2024-12-19 20:18:12 --> Input Class Initialized
INFO - 2024-12-19 20:18:12 --> Language Class Initialized
INFO - 2024-12-19 20:18:12 --> Language Class Initialized
INFO - 2024-12-19 20:18:12 --> Config Class Initialized
INFO - 2024-12-19 20:18:12 --> Loader Class Initialized
INFO - 2024-12-19 20:18:12 --> Helper loaded: url_helper
INFO - 2024-12-19 20:18:12 --> Helper loaded: easyui_helper
INFO - 2024-12-19 20:18:12 --> Helper loaded: param_helper
INFO - 2024-12-19 20:18:12 --> Helper loaded: credential_helper
INFO - 2024-12-19 20:18:12 --> Helper loaded: template_helper
INFO - 2024-12-19 20:18:12 --> Helper loaded: rest_helper
INFO - 2024-12-19 20:18:12 --> Database Driver Class Initialized
DEBUG - 2024-12-19 20:18:12 --> Idgenerator class already loaded. Second attempt ignored.
INFO - 2024-12-19 20:18:12 --> Controller Class Initialized
INFO - 2024-12-19 20:18:12 --> Model Class Initialized
DEBUG - 2024-12-19 20:18:12 --> File loaded: /apps/web-drc/application/modules/ref_customer_segment/models/Customer_segment_model.php
INFO - 2024-12-19 20:18:12 --> Model Class Initialized
INFO - 2024-12-19 20:18:12 --> Final output sent to browser
DEBUG - 2024-12-19 20:18:12 --> Total execution time: 0.0042
INFO - 2024-12-19 20:18:12 --> Config Class Initialized
INFO - 2024-12-19 20:18:12 --> Hooks Class Initialized
DEBUG - 2024-12-19 20:18:12 --> UTF-8 Support Enabled
INFO - 2024-12-19 20:18:12 --> Utf8 Class Initialized
INFO - 2024-12-19 20:18:12 --> URI Class Initialized
INFO - 2024-12-19 20:18:12 --> Router Class Initialized
INFO - 2024-12-19 20:18:12 --> Output Class Initialized
INFO - 2024-12-19 20:18:12 --> Security Class Initialized
DEBUG - 2024-12-19 20:18:12 --> Global POST, GET and COOKIE data sanitized
INFO - 2024-12-19 20:18:12 --> Input Class Initialized
INFO - 2024-12-19 20:18:12 --> Language Class Initialized
INFO - 2024-12-19 20:18:12 --> Language Class Initialized
INFO - 2024-12-19 20:18:12 --> Config Class Initialized
INFO - 2024-12-19 20:18:12 --> Loader Class Initialized
INFO - 2024-12-19 20:18:12 --> Helper loaded: url_helper
INFO - 2024-12-19 20:18:12 --> Helper loaded: easyui_helper
INFO - 2024-12-19 20:18:12 --> Helper loaded: param_helper
INFO - 2024-12-19 20:18:12 --> Helper loaded: credential_helper
INFO - 2024-12-19 20:18:12 --> Helper loaded: template_helper
INFO - 2024-12-19 20:18:12 --> Helper loaded: rest_helper
INFO - 2024-12-19 20:18:12 --> Database Driver Class Initialized
DEBUG - 2024-12-19 20:18:12 --> Idgenerator class already loaded. Second attempt ignored.
INFO - 2024-12-19 20:18:12 --> Controller Class Initialized
INFO - 2024-12-19 20:18:12 --> Model Class Initialized
DEBUG - 2024-12-19 20:18:12 --> File loaded: /apps/web-drc/application/modules/ref_customer_class/models/Customer_class_model.php
INFO - 2024-12-19 20:18:12 --> Model Class Initialized
INFO - 2024-12-19 20:18:12 --> Final output sent to browser
DEBUG - 2024-12-19 20:18:12 --> Total execution time: 0.0036
INFO - 2024-12-19 20:18:12 --> Config Class Initialized
INFO - 2024-12-19 20:18:12 --> Hooks Class Initialized
DEBUG - 2024-12-19 20:18:12 --> UTF-8 Support Enabled
INFO - 2024-12-19 20:18:12 --> Utf8 Class Initialized
INFO - 2024-12-19 20:18:12 --> URI Class Initialized
INFO - 2024-12-19 20:18:12 --> Router Class Initialized
INFO - 2024-12-19 20:18:12 --> Output Class Initialized
INFO - 2024-12-19 20:18:12 --> Security Class Initialized
DEBUG - 2024-12-19 20:18:12 --> Global POST, GET and COOKIE data sanitized
INFO - 2024-12-19 20:18:12 --> Input Class Initialized
INFO - 2024-12-19 20:18:12 --> Language Class Initialized
INFO - 2024-12-19 20:18:12 --> Language Class Initialized
INFO - 2024-12-19 20:18:12 --> Config Class Initialized
INFO - 2024-12-19 20:18:12 --> Loader Class Initialized
INFO - 2024-12-19 20:18:12 --> Helper loaded: url_helper
INFO - 2024-12-19 20:18:12 --> Helper loaded: easyui_helper
INFO - 2024-12-19 20:18:12 --> Helper loaded: param_helper
INFO - 2024-12-19 20:18:12 --> Helper loaded: credential_helper
INFO - 2024-12-19 20:18:12 --> Helper loaded: template_helper
INFO - 2024-12-19 20:18:12 --> Helper loaded: rest_helper
INFO - 2024-12-19 20:18:12 --> Database Driver Class Initialized
DEBUG - 2024-12-19 20:18:12 --> Idgenerator class already loaded. Second attempt ignored.
INFO - 2024-12-19 20:18:12 --> Controller Class Initialized
INFO - 2024-12-19 20:18:12 --> Model Class Initialized
DEBUG - 2024-12-19 20:18:12 --> File loaded: /apps/web-drc/application/modules/api_v1/models/Api_v1_model.php
INFO - 2024-12-19 20:18:12 --> Model Class Initialized
INFO - 2024-12-19 20:18:12 --> Final output sent to browser
DEBUG - 2024-12-19 20:18:12 --> Total execution time: 0.0038
INFO - 2024-12-19 20:18:12 --> Config Class Initialized
INFO - 2024-12-19 20:18:12 --> Hooks Class Initialized
DEBUG - 2024-12-19 20:18:12 --> UTF-8 Support Enabled
INFO - 2024-12-19 20:18:12 --> Utf8 Class Initialized
INFO - 2024-12-19 20:18:12 --> URI Class Initialized
INFO - 2024-12-19 20:18:12 --> Router Class Initialized
INFO - 2024-12-19 20:18:12 --> Output Class Initialized
INFO - 2024-12-19 20:18:12 --> Security Class Initialized
DEBUG - 2024-12-19 20:18:12 --> Global POST, GET and COOKIE data sanitized
INFO - 2024-12-19 20:18:12 --> Input Class Initialized
INFO - 2024-12-19 20:18:12 --> Language Class Initialized
INFO - 2024-12-19 20:18:12 --> Language Class Initialized
INFO - 2024-12-19 20:18:12 --> Config Class Initialized
INFO - 2024-12-19 20:18:12 --> Loader Class Initialized
INFO - 2024-12-19 20:18:12 --> Helper loaded: url_helper
INFO - 2024-12-19 20:18:12 --> Helper loaded: easyui_helper
INFO - 2024-12-19 20:18:12 --> Helper loaded: param_helper
INFO - 2024-12-19 20:18:12 --> Helper loaded: credential_helper
INFO - 2024-12-19 20:18:12 --> Helper loaded: template_helper
INFO - 2024-12-19 20:18:12 --> Helper loaded: rest_helper
INFO - 2024-12-19 20:18:12 --> Database Driver Class Initialized
DEBUG - 2024-12-19 20:18:12 --> Idgenerator class already loaded. Second attempt ignored.
INFO - 2024-12-19 20:18:12 --> Controller Class Initialized
INFO - 2024-12-19 20:18:12 --> Model Class Initialized
DEBUG - 2024-12-19 20:18:12 --> File loaded: /apps/web-drc/application/modules/api_v1/models/Api_v1_model.php
INFO - 2024-12-19 20:18:12 --> Model Class Initialized
INFO - 2024-12-19 20:18:12 --> Final output sent to browser
DEBUG - 2024-12-19 20:18:12 --> Total execution time: 0.0033
INFO - 2024-12-19 20:18:12 --> Config Class Initialized
INFO - 2024-12-19 20:18:12 --> Hooks Class Initialized
DEBUG - 2024-12-19 20:18:12 --> UTF-8 Support Enabled
INFO - 2024-12-19 20:18:12 --> Utf8 Class Initialized
INFO - 2024-12-19 20:18:12 --> URI Class Initialized
INFO - 2024-12-19 20:18:12 --> Router Class Initialized
INFO - 2024-12-19 20:18:12 --> Output Class Initialized
INFO - 2024-12-19 20:18:12 --> Security Class Initialized
DEBUG - 2024-12-19 20:18:12 --> Global POST, GET and COOKIE data sanitized
INFO - 2024-12-19 20:18:12 --> Input Class Initialized
INFO - 2024-12-19 20:18:12 --> Language Class Initialized
INFO - 2024-12-19 20:18:12 --> Language Class Initialized
INFO - 2024-12-19 20:18:12 --> Config Class Initialized
INFO - 2024-12-19 20:18:12 --> Loader Class Initialized
INFO - 2024-12-19 20:18:12 --> Helper loaded: url_helper
INFO - 2024-12-19 20:18:12 --> Helper loaded: easyui_helper
INFO - 2024-12-19 20:18:12 --> Helper loaded: param_helper
INFO - 2024-12-19 20:18:12 --> Helper loaded: credential_helper
INFO - 2024-12-19 20:18:12 --> Helper loaded: template_helper
INFO - 2024-12-19 20:18:12 --> Helper loaded: rest_helper
INFO - 2024-12-19 20:18:12 --> Database Driver Class Initialized
DEBUG - 2024-12-19 20:18:12 --> Idgenerator class already loaded. Second attempt ignored.
INFO - 2024-12-19 20:18:12 --> Controller Class Initialized
INFO - 2024-12-19 20:18:12 --> Model Class Initialized
DEBUG - 2024-12-19 20:18:12 --> File loaded: /apps/web-drc/application/modules/api_v1/models/Api_v1_model.php
INFO - 2024-12-19 20:18:12 --> Model Class Initialized
INFO - 2024-12-19 20:18:12 --> Final output sent to browser
DEBUG - 2024-12-19 20:18:12 --> Total execution time: 0.0036
INFO - 2024-12-19 20:18:12 --> Config Class Initialized
INFO - 2024-12-19 20:18:12 --> Hooks Class Initialized
DEBUG - 2024-12-19 20:18:12 --> UTF-8 Support Enabled
INFO - 2024-12-19 20:18:12 --> Utf8 Class Initialized
INFO - 2024-12-19 20:18:12 --> URI Class Initialized
INFO - 2024-12-19 20:18:12 --> Router Class Initialized
INFO - 2024-12-19 20:18:12 --> Output Class Initialized
INFO - 2024-12-19 20:18:12 --> Security Class Initialized
DEBUG - 2024-12-19 20:18:12 --> Global POST, GET and COOKIE data sanitized
INFO - 2024-12-19 20:18:12 --> Input Class Initialized
INFO - 2024-12-19 20:18:12 --> Language Class Initialized
INFO - 2024-12-19 20:18:12 --> Language Class Initialized
INFO - 2024-12-19 20:18:12 --> Config Class Initialized
INFO - 2024-12-19 20:18:12 --> Loader Class Initialized
INFO - 2024-12-19 20:18:12 --> Helper loaded: url_helper
INFO - 2024-12-19 20:18:12 --> Helper loaded: easyui_helper
INFO - 2024-12-19 20:18:12 --> Helper loaded: param_helper
INFO - 2024-12-19 20:18:12 --> Helper loaded: credential_helper
INFO - 2024-12-19 20:18:12 --> Helper loaded: template_helper
INFO - 2024-12-19 20:18:12 --> Helper loaded: rest_helper
INFO - 2024-12-19 20:18:12 --> Database Driver Class Initialized
DEBUG - 2024-12-19 20:18:12 --> Idgenerator class already loaded. Second attempt ignored.
INFO - 2024-12-19 20:18:12 --> Controller Class Initialized
INFO - 2024-12-19 20:18:12 --> Model Class Initialized
DEBUG - 2024-12-19 20:18:12 --> File loaded: /apps/web-drc/application/modules/api_v1/models/Api_v1_model.php
INFO - 2024-12-19 20:18:12 --> Model Class Initialized
INFO - 2024-12-19 20:18:21 --> Final output sent to browser
DEBUG - 2024-12-19 20:18:21 --> Total execution time: 9.1138
INFO - 2024-12-19 20:18:21 --> Config Class Initialized
INFO - 2024-12-19 20:18:21 --> Hooks Class Initialized
DEBUG - 2024-12-19 20:18:21 --> UTF-8 Support Enabled
INFO - 2024-12-19 20:18:21 --> Utf8 Class Initialized
INFO - 2024-12-19 20:18:21 --> URI Class Initialized
INFO - 2024-12-19 20:18:21 --> Router Class Initialized
INFO - 2024-12-19 20:18:21 --> Output Class Initialized
INFO - 2024-12-19 20:18:21 --> Security Class Initialized
DEBUG - 2024-12-19 20:18:21 --> Global POST, GET and COOKIE data sanitized
INFO - 2024-12-19 20:18:21 --> Input Class Initialized
INFO - 2024-12-19 20:18:21 --> Language Class Initialized
INFO - 2024-12-19 20:18:21 --> Language Class Initialized
INFO - 2024-12-19 20:18:21 --> Config Class Initialized
INFO - 2024-12-19 20:18:21 --> Loader Class Initialized
INFO - 2024-12-19 20:18:21 --> Helper loaded: url_helper
INFO - 2024-12-19 20:18:21 --> Helper loaded: easyui_helper
INFO - 2024-12-19 20:18:21 --> Helper loaded: param_helper
INFO - 2024-12-19 20:18:21 --> Helper loaded: credential_helper
INFO - 2024-12-19 20:18:21 --> Helper loaded: template_helper
INFO - 2024-12-19 20:18:21 --> Helper loaded: rest_helper
INFO - 2024-12-19 20:18:21 --> Database Driver Class Initialized
DEBUG - 2024-12-19 20:18:21 --> Idgenerator class already loaded. Second attempt ignored.
INFO - 2024-12-19 20:18:21 --> Controller Class Initialized
INFO - 2024-12-19 20:18:21 --> Model Class Initialized
DEBUG - 2024-12-19 20:18:21 --> File loaded: /apps/web-drc/application/modules/api_v1/models/Api_v1_model.php
INFO - 2024-12-19 20:18:21 --> Model Class Initialized
INFO - 2024-12-19 20:18:21 --> Final output sent to browser
DEBUG - 2024-12-19 20:18:21 --> Total execution time: 0.0042
INFO - 2024-12-19 20:18:21 --> Config Class Initialized
INFO - 2024-12-19 20:18:21 --> Hooks Class Initialized
DEBUG - 2024-12-19 20:18:21 --> UTF-8 Support Enabled
INFO - 2024-12-19 20:18:21 --> Utf8 Class Initialized
INFO - 2024-12-19 20:18:21 --> URI Class Initialized
INFO - 2024-12-19 20:18:21 --> Router Class Initialized
INFO - 2024-12-19 20:18:21 --> Output Class Initialized
INFO - 2024-12-19 20:18:21 --> Security Class Initialized
DEBUG - 2024-12-19 20:18:21 --> Global POST, GET and COOKIE data sanitized
INFO - 2024-12-19 20:18:21 --> Input Class Initialized
INFO - 2024-12-19 20:18:21 --> Language Class Initialized
INFO - 2024-12-19 20:18:21 --> Language Class Initialized
INFO - 2024-12-19 20:18:21 --> Config Class Initialized
INFO - 2024-12-19 20:18:21 --> Loader Class Initialized
INFO - 2024-12-19 20:18:21 --> Helper loaded: url_helper
INFO - 2024-12-19 20:18:21 --> Helper loaded: easyui_helper
INFO - 2024-12-19 20:18:21 --> Helper loaded: param_helper
INFO - 2024-12-19 20:18:21 --> Helper loaded: credential_helper
INFO - 2024-12-19 20:18:21 --> Helper loaded: template_helper
INFO - 2024-12-19 20:18:21 --> Helper loaded: rest_helper
INFO - 2024-12-19 20:18:21 --> Database Driver Class Initialized
DEBUG - 2024-12-19 20:18:21 --> Idgenerator class already loaded. Second attempt ignored.
INFO - 2024-12-19 20:18:21 --> Controller Class Initialized
INFO - 2024-12-19 20:18:21 --> Model Class Initialized
DEBUG - 2024-12-19 20:18:21 --> File loaded: /apps/web-drc/application/modules/api_v1/models/Api_v1_model.php
INFO - 2024-12-19 20:18:21 --> Model Class Initialized
INFO - 2024-12-19 20:18:21 --> Final output sent to browser
DEBUG - 2024-12-19 20:18:21 --> Total execution time: 0.0039
INFO - 2024-12-19 20:18:21 --> Config Class Initialized
INFO - 2024-12-19 20:18:21 --> Hooks Class Initialized
DEBUG - 2024-12-19 20:18:21 --> UTF-8 Support Enabled
INFO - 2024-12-19 20:18:21 --> Utf8 Class Initialized
INFO - 2024-12-19 20:18:21 --> URI Class Initialized
INFO - 2024-12-19 20:18:21 --> Router Class Initialized
INFO - 2024-12-19 20:18:21 --> Output Class Initialized
INFO - 2024-12-19 20:18:21 --> Security Class Initialized
DEBUG - 2024-12-19 20:18:21 --> Global POST, GET and COOKIE data sanitized
INFO - 2024-12-19 20:18:21 --> Input Class Initialized
INFO - 2024-12-19 20:18:21 --> Language Class Initialized
INFO - 2024-12-19 20:18:21 --> Language Class Initialized
INFO - 2024-12-19 20:18:21 --> Config Class Initialized
INFO - 2024-12-19 20:18:21 --> Loader Class Initialized
INFO - 2024-12-19 20:18:21 --> Helper loaded: url_helper
INFO - 2024-12-19 20:18:21 --> Helper loaded: easyui_helper
INFO - 2024-12-19 20:18:21 --> Helper loaded: param_helper
INFO - 2024-12-19 20:18:21 --> Helper loaded: credential_helper
INFO - 2024-12-19 20:18:21 --> Helper loaded: template_helper
INFO - 2024-12-19 20:18:21 --> Helper loaded: rest_helper
INFO - 2024-12-19 20:18:21 --> Database Driver Class Initialized
DEBUG - 2024-12-19 20:18:21 --> Idgenerator class already loaded. Second attempt ignored.
INFO - 2024-12-19 20:18:21 --> Controller Class Initialized
INFO - 2024-12-19 20:18:21 --> Model Class Initialized
DEBUG - 2024-12-19 20:18:21 --> File loaded: /apps/web-drc/application/modules/api_v1/models/Api_v1_model.php
INFO - 2024-12-19 20:18:21 --> Model Class Initialized
INFO - 2024-12-19 20:18:21 --> Final output sent to browser
DEBUG - 2024-12-19 20:18:21 --> Total execution time: 0.0029
INFO - 2024-12-19 20:18:21 --> Config Class Initialized
INFO - 2024-12-19 20:18:21 --> Hooks Class Initialized
DEBUG - 2024-12-19 20:18:21 --> UTF-8 Support Enabled
INFO - 2024-12-19 20:18:21 --> Utf8 Class Initialized
INFO - 2024-12-19 20:18:21 --> URI Class Initialized
INFO - 2024-12-19 20:18:21 --> Router Class Initialized
INFO - 2024-12-19 20:18:21 --> Output Class Initialized
INFO - 2024-12-19 20:18:21 --> Security Class Initialized
DEBUG - 2024-12-19 20:18:21 --> Global POST, GET and COOKIE data sanitized
INFO - 2024-12-19 20:18:21 --> Input Class Initialized
INFO - 2024-12-19 20:18:21 --> Language Class Initialized
INFO - 2024-12-19 20:18:21 --> Language Class Initialized
INFO - 2024-12-19 20:18:21 --> Config Class Initialized
INFO - 2024-12-19 20:18:21 --> Loader Class Initialized
INFO - 2024-12-19 20:18:21 --> Helper loaded: url_helper
INFO - 2024-12-19 20:18:21 --> Helper loaded: easyui_helper
INFO - 2024-12-19 20:18:21 --> Helper loaded: param_helper
INFO - 2024-12-19 20:18:21 --> Helper loaded: credential_helper
INFO - 2024-12-19 20:18:21 --> Helper loaded: template_helper
INFO - 2024-12-19 20:18:21 --> Helper loaded: rest_helper
INFO - 2024-12-19 20:18:21 --> Database Driver Class Initialized
DEBUG - 2024-12-19 20:18:21 --> Idgenerator class already loaded. Second attempt ignored.
INFO - 2024-12-19 20:18:21 --> Controller Class Initialized
INFO - 2024-12-19 20:18:21 --> Model Class Initialized
DEBUG - 2024-12-19 20:18:21 --> File loaded: /apps/web-drc/application/modules/api_v1/models/Api_v1_model.php
INFO - 2024-12-19 20:18:21 --> Model Class Initialized
INFO - 2024-12-19 20:18:21 --> Final output sent to browser
DEBUG - 2024-12-19 20:18:21 --> Total execution time: 0.0031
INFO - 2024-12-19 20:18:21 --> Config Class Initialized
INFO - 2024-12-19 20:18:21 --> Hooks Class Initialized
DEBUG - 2024-12-19 20:18:21 --> UTF-8 Support Enabled
INFO - 2024-12-19 20:18:21 --> Utf8 Class Initialized
INFO - 2024-12-19 20:18:21 --> URI Class Initialized
INFO - 2024-12-19 20:18:21 --> Router Class Initialized
INFO - 2024-12-19 20:18:21 --> Output Class Initialized
INFO - 2024-12-19 20:18:21 --> Security Class Initialized
DEBUG - 2024-12-19 20:18:21 --> Global POST, GET and COOKIE data sanitized
INFO - 2024-12-19 20:18:21 --> Input Class Initialized
INFO - 2024-12-19 20:18:21 --> Language Class Initialized
INFO - 2024-12-19 20:18:21 --> Language Class Initialized
INFO - 2024-12-19 20:18:21 --> Config Class Initialized
INFO - 2024-12-19 20:18:21 --> Loader Class Initialized
INFO - 2024-12-19 20:18:21 --> Helper loaded: url_helper
INFO - 2024-12-19 20:18:21 --> Helper loaded: easyui_helper
INFO - 2024-12-19 20:18:21 --> Helper loaded: param_helper
INFO - 2024-12-19 20:18:21 --> Helper loaded: credential_helper
INFO - 2024-12-19 20:18:21 --> Helper loaded: template_helper
INFO - 2024-12-19 20:18:21 --> Helper loaded: rest_helper
INFO - 2024-12-19 20:18:21 --> Database Driver Class Initialized
DEBUG - 2024-12-19 20:18:21 --> Idgenerator class already loaded. Second attempt ignored.
INFO - 2024-12-19 20:18:21 --> Controller Class Initialized
INFO - 2024-12-19 20:18:21 --> Model Class Initialized
DEBUG - 2024-12-19 20:18:21 --> File loaded: /apps/web-drc/application/modules/api_v1/models/Api_v1_model.php
INFO - 2024-12-19 20:18:21 --> Model Class Initialized
INFO - 2024-12-19 20:18:21 --> Final output sent to browser
DEBUG - 2024-12-19 20:18:21 --> Total execution time: 0.0031
INFO - 2024-12-19 20:18:22 --> Config Class Initialized
INFO - 2024-12-19 20:18:22 --> Hooks Class Initialized
DEBUG - 2024-12-19 20:18:22 --> UTF-8 Support Enabled
INFO - 2024-12-19 20:18:22 --> Utf8 Class Initialized
INFO - 2024-12-19 20:18:22 --> URI Class Initialized
INFO - 2024-12-19 20:18:22 --> Router Class Initialized
INFO - 2024-12-19 20:18:22 --> Output Class Initialized
INFO - 2024-12-19 20:18:22 --> Security Class Initialized
DEBUG - 2024-12-19 20:18:22 --> Global POST, GET and COOKIE data sanitized
INFO - 2024-12-19 20:18:22 --> Input Class Initialized
INFO - 2024-12-19 20:18:22 --> Language Class Initialized
INFO - 2024-12-19 20:18:22 --> Language Class Initialized
INFO - 2024-12-19 20:18:22 --> Config Class Initialized
INFO - 2024-12-19 20:18:22 --> Loader Class Initialized
INFO - 2024-12-19 20:18:22 --> Helper loaded: url_helper
INFO - 2024-12-19 20:18:22 --> Helper loaded: easyui_helper
INFO - 2024-12-19 20:18:22 --> Helper loaded: param_helper
INFO - 2024-12-19 20:18:22 --> Helper loaded: credential_helper
INFO - 2024-12-19 20:18:22 --> Helper loaded: template_helper
INFO - 2024-12-19 20:18:22 --> Helper loaded: rest_helper
INFO - 2024-12-19 20:18:22 --> Database Driver Class Initialized
DEBUG - 2024-12-19 20:18:22 --> Idgenerator class already loaded. Second attempt ignored.
INFO - 2024-12-19 20:18:22 --> Controller Class Initialized
INFO - 2024-12-19 20:18:22 --> Model Class Initialized
DEBUG - 2024-12-19 20:18:22 --> File loaded: /apps/web-drc/application/modules/api_v1/models/Api_v1_model.php
INFO - 2024-12-19 20:18:22 --> Model Class Initialized
INFO - 2024-12-19 20:18:22 --> Final output sent to browser
DEBUG - 2024-12-19 20:18:22 --> Total execution time: 0.2393
INFO - 2024-12-19 20:18:22 --> Config Class Initialized
INFO - 2024-12-19 20:18:22 --> Hooks Class Initialized
DEBUG - 2024-12-19 20:18:22 --> UTF-8 Support Enabled
INFO - 2024-12-19 20:18:22 --> Utf8 Class Initialized
INFO - 2024-12-19 20:18:22 --> URI Class Initialized
INFO - 2024-12-19 20:18:22 --> Router Class Initialized
INFO - 2024-12-19 20:18:22 --> Output Class Initialized
INFO - 2024-12-19 20:18:22 --> Security Class Initialized
DEBUG - 2024-12-19 20:18:22 --> Global POST, GET and COOKIE data sanitized
INFO - 2024-12-19 20:18:22 --> Input Class Initialized
INFO - 2024-12-19 20:18:22 --> Language Class Initialized
INFO - 2024-12-19 20:18:22 --> Language Class Initialized
INFO - 2024-12-19 20:18:22 --> Config Class Initialized
INFO - 2024-12-19 20:18:22 --> Loader Class Initialized
INFO - 2024-12-19 20:18:22 --> Helper loaded: url_helper
INFO - 2024-12-19 20:18:22 --> Helper loaded: easyui_helper
INFO - 2024-12-19 20:18:22 --> Helper loaded: param_helper
INFO - 2024-12-19 20:18:22 --> Helper loaded: credential_helper
INFO - 2024-12-19 20:18:22 --> Helper loaded: template_helper
INFO - 2024-12-19 20:18:22 --> Helper loaded: rest_helper
INFO - 2024-12-19 20:18:22 --> Database Driver Class Initialized
DEBUG - 2024-12-19 20:18:22 --> Idgenerator class already loaded. Second attempt ignored.
INFO - 2024-12-19 20:18:22 --> Controller Class Initialized
INFO - 2024-12-19 20:18:22 --> Model Class Initialized
DEBUG - 2024-12-19 20:18:22 --> File loaded: /apps/web-drc/application/modules/api_v1/models/Api_v1_model.php
INFO - 2024-12-19 20:18:22 --> Model Class Initialized
INFO - 2024-12-19 20:18:22 --> Final output sent to browser
DEBUG - 2024-12-19 20:18:22 --> Total execution time: 0.0042
INFO - 2024-12-19 20:18:22 --> Config Class Initialized
INFO - 2024-12-19 20:18:22 --> Hooks Class Initialized
DEBUG - 2024-12-19 20:18:22 --> UTF-8 Support Enabled
INFO - 2024-12-19 20:18:22 --> Utf8 Class Initialized
INFO - 2024-12-19 20:18:22 --> URI Class Initialized
INFO - 2024-12-19 20:18:22 --> Router Class Initialized
INFO - 2024-12-19 20:18:22 --> Output Class Initialized
INFO - 2024-12-19 20:18:22 --> Security Class Initialized
DEBUG - 2024-12-19 20:18:22 --> Global POST, GET and COOKIE data sanitized
INFO - 2024-12-19 20:18:22 --> Input Class Initialized
INFO - 2024-12-19 20:18:22 --> Language Class Initialized
INFO - 2024-12-19 20:18:22 --> Language Class Initialized
INFO - 2024-12-19 20:18:22 --> Config Class Initialized
INFO - 2024-12-19 20:18:22 --> Loader Class Initialized
INFO - 2024-12-19 20:18:22 --> Helper loaded: url_helper
INFO - 2024-12-19 20:18:22 --> Helper loaded: easyui_helper
INFO - 2024-12-19 20:18:22 --> Helper loaded: param_helper
INFO - 2024-12-19 20:18:22 --> Helper loaded: credential_helper
INFO - 2024-12-19 20:18:22 --> Helper loaded: template_helper
INFO - 2024-12-19 20:18:22 --> Helper loaded: rest_helper
INFO - 2024-12-19 20:18:22 --> Database Driver Class Initialized
DEBUG - 2024-12-19 20:18:22 --> Idgenerator class already loaded. Second attempt ignored.
INFO - 2024-12-19 20:18:22 --> Controller Class Initialized
INFO - 2024-12-19 20:18:22 --> Model Class Initialized
DEBUG - 2024-12-19 20:18:22 --> File loaded: /apps/web-drc/application/modules/api_v1/models/Api_v1_model.php
INFO - 2024-12-19 20:18:22 --> Model Class Initialized
INFO - 2024-12-19 20:18:22 --> Final output sent to browser
DEBUG - 2024-12-19 20:18:22 --> Total execution time: 0.0042
INFO - 2024-12-19 20:21:21 --> Config Class Initialized
INFO - 2024-12-19 20:21:21 --> Hooks Class Initialized
DEBUG - 2024-12-19 20:21:21 --> UTF-8 Support Enabled
INFO - 2024-12-19 20:21:21 --> Utf8 Class Initialized
INFO - 2024-12-19 20:21:21 --> URI Class Initialized
INFO - 2024-12-19 20:21:21 --> Router Class Initialized
INFO - 2024-12-19 20:21:21 --> Output Class Initialized
INFO - 2024-12-19 20:21:21 --> Security Class Initialized
DEBUG - 2024-12-19 20:21:21 --> Global POST, GET and COOKIE data sanitized
INFO - 2024-12-19 20:21:21 --> Input Class Initialized
INFO - 2024-12-19 20:21:21 --> Language Class Initialized
INFO - 2024-12-19 20:21:21 --> Language Class Initialized
INFO - 2024-12-19 20:21:21 --> Config Class Initialized
INFO - 2024-12-19 20:21:21 --> Loader Class Initialized
INFO - 2024-12-19 20:21:21 --> Helper loaded: url_helper
INFO - 2024-12-19 20:21:21 --> Helper loaded: easyui_helper
INFO - 2024-12-19 20:21:21 --> Helper loaded: param_helper
INFO - 2024-12-19 20:21:21 --> Helper loaded: credential_helper
INFO - 2024-12-19 20:21:21 --> Helper loaded: template_helper
INFO - 2024-12-19 20:21:21 --> Helper loaded: rest_helper
INFO - 2024-12-19 20:21:21 --> Database Driver Class Initialized
DEBUG - 2024-12-19 20:21:21 --> Idgenerator class already loaded. Second attempt ignored.
INFO - 2024-12-19 20:21:21 --> Controller Class Initialized
INFO - 2024-12-19 20:21:21 --> Model Class Initialized
DEBUG - 2024-12-19 20:21:21 --> File loaded: /apps/web-drc/application/modules/ref_request_new_outlet/models/Request_new_outlet_model.php
INFO - 2024-12-19 20:21:21 --> Model Class Initialized
DEBUG - 2024-12-19 20:21:21 --> File loaded: /apps/web-drc/application/modules/ref_request_new_outlet/views/form.php
DEBUG - 2024-12-19 20:21:21 --> File loaded: /apps/web-drc/application/views/templates/header.php
DEBUG - 2024-12-19 20:21:21 --> File loaded: /apps/web-drc/application/views/templates/toolbar.php
DEBUG - 2024-12-19 20:21:21 --> File loaded: /apps/web-drc/application/views/templates/sidebar.php
DEBUG - 2024-12-19 20:21:21 --> File loaded: /apps/web-drc/application/views/templates/contents.php
DEBUG - 2024-12-19 20:21:21 --> File loaded: /apps/web-drc/application/views/templates/content_footer.php
DEBUG - 2024-12-19 20:21:21 --> File loaded: /apps/web-drc/application/views/templates/footer.php
DEBUG - 2024-12-19 20:21:21 --> File loaded: /apps/web-drc/application/views/templates/default.php
INFO - 2024-12-19 20:21:21 --> Final output sent to browser
DEBUG - 2024-12-19 20:21:21 --> Total execution time: 0.0075
INFO - 2024-12-19 20:21:21 --> Config Class Initialized
INFO - 2024-12-19 20:21:21 --> Hooks Class Initialized
DEBUG - 2024-12-19 20:21:21 --> UTF-8 Support Enabled
INFO - 2024-12-19 20:21:21 --> Utf8 Class Initialized
INFO - 2024-12-19 20:21:21 --> URI Class Initialized
INFO - 2024-12-19 20:21:21 --> Router Class Initialized
INFO - 2024-12-19 20:21:21 --> Output Class Initialized
INFO - 2024-12-19 20:21:21 --> Security Class Initialized
DEBUG - 2024-12-19 20:21:21 --> Global POST, GET and COOKIE data sanitized
INFO - 2024-12-19 20:21:21 --> Input Class Initialized
INFO - 2024-12-19 20:21:21 --> Language Class Initialized
INFO - 2024-12-19 20:21:21 --> Language Class Initialized
INFO - 2024-12-19 20:21:21 --> Config Class Initialized
INFO - 2024-12-19 20:21:21 --> Loader Class Initialized
INFO - 2024-12-19 20:21:21 --> Helper loaded: url_helper
INFO - 2024-12-19 20:21:21 --> Helper loaded: easyui_helper
INFO - 2024-12-19 20:21:21 --> Helper loaded: param_helper
INFO - 2024-12-19 20:21:21 --> Helper loaded: credential_helper
INFO - 2024-12-19 20:21:21 --> Helper loaded: template_helper
INFO - 2024-12-19 20:21:21 --> Helper loaded: rest_helper
INFO - 2024-12-19 20:21:21 --> Database Driver Class Initialized
DEBUG - 2024-12-19 20:21:21 --> Idgenerator class already loaded. Second attempt ignored.
INFO - 2024-12-19 20:21:21 --> Controller Class Initialized
INFO - 2024-12-19 20:21:21 --> Model Class Initialized
DEBUG - 2024-12-19 20:21:21 --> File loaded: /apps/web-drc/application/modules/ref_customer_segment/models/Customer_segment_model.php
INFO - 2024-12-19 20:21:21 --> Model Class Initialized
INFO - 2024-12-19 20:21:21 --> Final output sent to browser
DEBUG - 2024-12-19 20:21:21 --> Total execution time: 0.0031
INFO - 2024-12-19 20:21:21 --> Config Class Initialized
INFO - 2024-12-19 20:21:21 --> Hooks Class Initialized
DEBUG - 2024-12-19 20:21:21 --> UTF-8 Support Enabled
INFO - 2024-12-19 20:21:21 --> Utf8 Class Initialized
INFO - 2024-12-19 20:21:21 --> URI Class Initialized
INFO - 2024-12-19 20:21:21 --> Router Class Initialized
INFO - 2024-12-19 20:21:21 --> Output Class Initialized
INFO - 2024-12-19 20:21:21 --> Security Class Initialized
DEBUG - 2024-12-19 20:21:21 --> Global POST, GET and COOKIE data sanitized
INFO - 2024-12-19 20:21:21 --> Input Class Initialized
INFO - 2024-12-19 20:21:21 --> Language Class Initialized
INFO - 2024-12-19 20:21:21 --> Language Class Initialized
INFO - 2024-12-19 20:21:21 --> Config Class Initialized
INFO - 2024-12-19 20:21:21 --> Loader Class Initialized
INFO - 2024-12-19 20:21:21 --> Helper loaded: url_helper
INFO - 2024-12-19 20:21:21 --> Helper loaded: easyui_helper
INFO - 2024-12-19 20:21:21 --> Helper loaded: param_helper
INFO - 2024-12-19 20:21:21 --> Helper loaded: credential_helper
INFO - 2024-12-19 20:21:21 --> Helper loaded: template_helper
INFO - 2024-12-19 20:21:21 --> Helper loaded: rest_helper
INFO - 2024-12-19 20:21:21 --> Database Driver Class Initialized
DEBUG - 2024-12-19 20:21:21 --> Idgenerator class already loaded. Second attempt ignored.
INFO - 2024-12-19 20:21:21 --> Controller Class Initialized
INFO - 2024-12-19 20:21:21 --> Model Class Initialized
DEBUG - 2024-12-19 20:21:21 --> File loaded: /apps/web-drc/application/modules/ref_customer_type/models/Customer_type_model.php
INFO - 2024-12-19 20:21:21 --> Model Class Initialized
INFO - 2024-12-19 20:21:21 --> Final output sent to browser
DEBUG - 2024-12-19 20:21:21 --> Total execution time: 0.0028
INFO - 2024-12-19 20:21:21 --> Config Class Initialized
INFO - 2024-12-19 20:21:21 --> Hooks Class Initialized
DEBUG - 2024-12-19 20:21:21 --> UTF-8 Support Enabled
INFO - 2024-12-19 20:21:21 --> Utf8 Class Initialized
INFO - 2024-12-19 20:21:21 --> URI Class Initialized
INFO - 2024-12-19 20:21:21 --> Router Class Initialized
INFO - 2024-12-19 20:21:21 --> Output Class Initialized
INFO - 2024-12-19 20:21:21 --> Security Class Initialized
DEBUG - 2024-12-19 20:21:21 --> Global POST, GET and COOKIE data sanitized
INFO - 2024-12-19 20:21:21 --> Input Class Initialized
INFO - 2024-12-19 20:21:21 --> Language Class Initialized
INFO - 2024-12-19 20:21:21 --> Language Class Initialized
INFO - 2024-12-19 20:21:21 --> Config Class Initialized
INFO - 2024-12-19 20:21:21 --> Loader Class Initialized
INFO - 2024-12-19 20:21:21 --> Helper loaded: url_helper
INFO - 2024-12-19 20:21:21 --> Helper loaded: easyui_helper
INFO - 2024-12-19 20:21:21 --> Helper loaded: param_helper
INFO - 2024-12-19 20:21:21 --> Helper loaded: credential_helper
INFO - 2024-12-19 20:21:21 --> Helper loaded: template_helper
INFO - 2024-12-19 20:21:21 --> Helper loaded: rest_helper
INFO - 2024-12-19 20:21:21 --> Database Driver Class Initialized
DEBUG - 2024-12-19 20:21:21 --> Idgenerator class already loaded. Second attempt ignored.
INFO - 2024-12-19 20:21:21 --> Controller Class Initialized
INFO - 2024-12-19 20:21:21 --> Model Class Initialized
DEBUG - 2024-12-19 20:21:21 --> File loaded: /apps/web-drc/application/modules/ref_customer_class/models/Customer_class_model.php
INFO - 2024-12-19 20:21:21 --> Model Class Initialized
INFO - 2024-12-19 20:21:21 --> Final output sent to browser
DEBUG - 2024-12-19 20:21:21 --> Total execution time: 0.0038
INFO - 2024-12-19 20:21:21 --> Config Class Initialized
INFO - 2024-12-19 20:21:21 --> Hooks Class Initialized
DEBUG - 2024-12-19 20:21:21 --> UTF-8 Support Enabled
INFO - 2024-12-19 20:21:21 --> Utf8 Class Initialized
INFO - 2024-12-19 20:21:21 --> URI Class Initialized
INFO - 2024-12-19 20:21:21 --> Router Class Initialized
INFO - 2024-12-19 20:21:21 --> Output Class Initialized
INFO - 2024-12-19 20:21:21 --> Security Class Initialized
DEBUG - 2024-12-19 20:21:21 --> Global POST, GET and COOKIE data sanitized
INFO - 2024-12-19 20:21:21 --> Input Class Initialized
INFO - 2024-12-19 20:21:21 --> Language Class Initialized
INFO - 2024-12-19 20:21:21 --> Language Class Initialized
INFO - 2024-12-19 20:21:21 --> Config Class Initialized
INFO - 2024-12-19 20:21:21 --> Loader Class Initialized
INFO - 2024-12-19 20:21:21 --> Helper loaded: url_helper
INFO - 2024-12-19 20:21:21 --> Helper loaded: easyui_helper
INFO - 2024-12-19 20:21:21 --> Helper loaded: param_helper
INFO - 2024-12-19 20:21:21 --> Helper loaded: credential_helper
INFO - 2024-12-19 20:21:21 --> Helper loaded: template_helper
INFO - 2024-12-19 20:21:21 --> Helper loaded: rest_helper
INFO - 2024-12-19 20:21:21 --> Database Driver Class Initialized
DEBUG - 2024-12-19 20:21:21 --> Idgenerator class already loaded. Second attempt ignored.
INFO - 2024-12-19 20:21:21 --> Controller Class Initialized
INFO - 2024-12-19 20:21:21 --> Model Class Initialized
DEBUG - 2024-12-19 20:21:21 --> File loaded: /apps/web-drc/application/modules/api_v1/models/Api_v1_model.php
INFO - 2024-12-19 20:21:21 --> Model Class Initialized
INFO - 2024-12-19 20:21:21 --> Final output sent to browser
DEBUG - 2024-12-19 20:21:21 --> Total execution time: 0.0026
INFO - 2024-12-19 20:21:22 --> Config Class Initialized
INFO - 2024-12-19 20:21:22 --> Hooks Class Initialized
DEBUG - 2024-12-19 20:21:22 --> UTF-8 Support Enabled
INFO - 2024-12-19 20:21:22 --> Utf8 Class Initialized
INFO - 2024-12-19 20:21:22 --> URI Class Initialized
INFO - 2024-12-19 20:21:22 --> Router Class Initialized
INFO - 2024-12-19 20:21:22 --> Output Class Initialized
INFO - 2024-12-19 20:21:22 --> Security Class Initialized
DEBUG - 2024-12-19 20:21:22 --> Global POST, GET and COOKIE data sanitized
INFO - 2024-12-19 20:21:22 --> Input Class Initialized
INFO - 2024-12-19 20:21:22 --> Language Class Initialized
INFO - 2024-12-19 20:21:22 --> Language Class Initialized
INFO - 2024-12-19 20:21:22 --> Config Class Initialized
INFO - 2024-12-19 20:21:22 --> Loader Class Initialized
INFO - 2024-12-19 20:21:22 --> Helper loaded: url_helper
INFO - 2024-12-19 20:21:22 --> Helper loaded: easyui_helper
INFO - 2024-12-19 20:21:22 --> Helper loaded: param_helper
INFO - 2024-12-19 20:21:22 --> Helper loaded: credential_helper
INFO - 2024-12-19 20:21:22 --> Helper loaded: template_helper
INFO - 2024-12-19 20:21:22 --> Helper loaded: rest_helper
INFO - 2024-12-19 20:21:22 --> Database Driver Class Initialized
DEBUG - 2024-12-19 20:21:22 --> Idgenerator class already loaded. Second attempt ignored.
INFO - 2024-12-19 20:21:22 --> Controller Class Initialized
INFO - 2024-12-19 20:21:22 --> Model Class Initialized
DEBUG - 2024-12-19 20:21:22 --> File loaded: /apps/web-drc/application/modules/api_v1/models/Api_v1_model.php
INFO - 2024-12-19 20:21:22 --> Model Class Initialized
INFO - 2024-12-19 20:21:22 --> Final output sent to browser
DEBUG - 2024-12-19 20:21:22 --> Total execution time: 0.0041
INFO - 2024-12-19 20:21:22 --> Config Class Initialized
INFO - 2024-12-19 20:21:22 --> Hooks Class Initialized
DEBUG - 2024-12-19 20:21:22 --> UTF-8 Support Enabled
INFO - 2024-12-19 20:21:22 --> Utf8 Class Initialized
INFO - 2024-12-19 20:21:22 --> URI Class Initialized
INFO - 2024-12-19 20:21:22 --> Router Class Initialized
INFO - 2024-12-19 20:21:22 --> Output Class Initialized
INFO - 2024-12-19 20:21:22 --> Security Class Initialized
DEBUG - 2024-12-19 20:21:22 --> Global POST, GET and COOKIE data sanitized
INFO - 2024-12-19 20:21:22 --> Input Class Initialized
INFO - 2024-12-19 20:21:22 --> Language Class Initialized
INFO - 2024-12-19 20:21:22 --> Language Class Initialized
INFO - 2024-12-19 20:21:22 --> Config Class Initialized
INFO - 2024-12-19 20:21:22 --> Loader Class Initialized
INFO - 2024-12-19 20:21:22 --> Helper loaded: url_helper
INFO - 2024-12-19 20:21:22 --> Helper loaded: easyui_helper
INFO - 2024-12-19 20:21:22 --> Helper loaded: param_helper
INFO - 2024-12-19 20:21:22 --> Helper loaded: credential_helper
INFO - 2024-12-19 20:21:22 --> Helper loaded: template_helper
INFO - 2024-12-19 20:21:22 --> Helper loaded: rest_helper
INFO - 2024-12-19 20:21:22 --> Database Driver Class Initialized
DEBUG - 2024-12-19 20:21:22 --> Idgenerator class already loaded. Second attempt ignored.
INFO - 2024-12-19 20:21:22 --> Controller Class Initialized
INFO - 2024-12-19 20:21:22 --> Model Class Initialized
DEBUG - 2024-12-19 20:21:22 --> File loaded: /apps/web-drc/application/modules/api_v1/models/Api_v1_model.php
INFO - 2024-12-19 20:21:22 --> Model Class Initialized
INFO - 2024-12-19 20:21:22 --> Final output sent to browser
DEBUG - 2024-12-19 20:21:22 --> Total execution time: 0.2508
INFO - 2024-12-19 20:21:22 --> Config Class Initialized
INFO - 2024-12-19 20:21:22 --> Hooks Class Initialized
DEBUG - 2024-12-19 20:21:22 --> UTF-8 Support Enabled
INFO - 2024-12-19 20:21:22 --> Utf8 Class Initialized
INFO - 2024-12-19 20:21:22 --> URI Class Initialized
INFO - 2024-12-19 20:21:22 --> Router Class Initialized
INFO - 2024-12-19 20:21:22 --> Output Class Initialized
INFO - 2024-12-19 20:21:22 --> Security Class Initialized
DEBUG - 2024-12-19 20:21:22 --> Global POST, GET and COOKIE data sanitized
INFO - 2024-12-19 20:21:22 --> Input Class Initialized
INFO - 2024-12-19 20:21:22 --> Language Class Initialized
INFO - 2024-12-19 20:21:22 --> Language Class Initialized
INFO - 2024-12-19 20:21:22 --> Config Class Initialized
INFO - 2024-12-19 20:21:22 --> Loader Class Initialized
INFO - 2024-12-19 20:21:22 --> Helper loaded: url_helper
INFO - 2024-12-19 20:21:22 --> Helper loaded: easyui_helper
INFO - 2024-12-19 20:21:22 --> Helper loaded: param_helper
INFO - 2024-12-19 20:21:22 --> Helper loaded: credential_helper
INFO - 2024-12-19 20:21:22 --> Helper loaded: template_helper
INFO - 2024-12-19 20:21:22 --> Helper loaded: rest_helper
INFO - 2024-12-19 20:21:22 --> Database Driver Class Initialized
DEBUG - 2024-12-19 20:21:22 --> Idgenerator class already loaded. Second attempt ignored.
INFO - 2024-12-19 20:21:22 --> Controller Class Initialized
INFO - 2024-12-19 20:21:22 --> Model Class Initialized
DEBUG - 2024-12-19 20:21:22 --> File loaded: /apps/web-drc/application/modules/api_v1/models/Api_v1_model.php
INFO - 2024-12-19 20:21:22 --> Model Class Initialized
INFO - 2024-12-19 20:21:22 --> Final output sent to browser
DEBUG - 2024-12-19 20:21:22 --> Total execution time: 0.0027
INFO - 2024-12-19 20:21:22 --> Config Class Initialized
INFO - 2024-12-19 20:21:22 --> Hooks Class Initialized
DEBUG - 2024-12-19 20:21:22 --> UTF-8 Support Enabled
INFO - 2024-12-19 20:21:22 --> Utf8 Class Initialized
INFO - 2024-12-19 20:21:22 --> URI Class Initialized
INFO - 2024-12-19 20:21:22 --> Router Class Initialized
INFO - 2024-12-19 20:21:22 --> Output Class Initialized
INFO - 2024-12-19 20:21:22 --> Security Class Initialized
DEBUG - 2024-12-19 20:21:22 --> Global POST, GET and COOKIE data sanitized
INFO - 2024-12-19 20:21:22 --> Input Class Initialized
INFO - 2024-12-19 20:21:22 --> Language Class Initialized
INFO - 2024-12-19 20:21:22 --> Language Class Initialized
INFO - 2024-12-19 20:21:22 --> Config Class Initialized
INFO - 2024-12-19 20:21:22 --> Loader Class Initialized
INFO - 2024-12-19 20:21:22 --> Helper loaded: url_helper
INFO - 2024-12-19 20:21:22 --> Helper loaded: easyui_helper
INFO - 2024-12-19 20:21:22 --> Helper loaded: param_helper
INFO - 2024-12-19 20:21:22 --> Helper loaded: credential_helper
INFO - 2024-12-19 20:21:22 --> Helper loaded: template_helper
INFO - 2024-12-19 20:21:22 --> Helper loaded: rest_helper
INFO - 2024-12-19 20:21:22 --> Database Driver Class Initialized
DEBUG - 2024-12-19 20:21:22 --> Idgenerator class already loaded. Second attempt ignored.
INFO - 2024-12-19 20:21:22 --> Controller Class Initialized
INFO - 2024-12-19 20:21:22 --> Model Class Initialized
DEBUG - 2024-12-19 20:21:22 --> File loaded: /apps/web-drc/application/modules/api_v1/models/Api_v1_model.php
INFO - 2024-12-19 20:21:22 --> Model Class Initialized
INFO - 2024-12-19 20:21:22 --> Final output sent to browser
DEBUG - 2024-12-19 20:21:22 --> Total execution time: 0.0049
INFO - 2024-12-19 20:21:22 --> Config Class Initialized
INFO - 2024-12-19 20:21:22 --> Hooks Class Initialized
DEBUG - 2024-12-19 20:21:22 --> UTF-8 Support Enabled
INFO - 2024-12-19 20:21:22 --> Utf8 Class Initialized
INFO - 2024-12-19 20:21:22 --> URI Class Initialized
INFO - 2024-12-19 20:21:22 --> Router Class Initialized
INFO - 2024-12-19 20:21:22 --> Output Class Initialized
INFO - 2024-12-19 20:21:22 --> Security Class Initialized
DEBUG - 2024-12-19 20:21:22 --> Global POST, GET and COOKIE data sanitized
INFO - 2024-12-19 20:21:22 --> Input Class Initialized
INFO - 2024-12-19 20:21:22 --> Language Class Initialized
INFO - 2024-12-19 20:21:22 --> Language Class Initialized
INFO - 2024-12-19 20:21:22 --> Config Class Initialized
INFO - 2024-12-19 20:21:22 --> Loader Class Initialized
INFO - 2024-12-19 20:21:22 --> Helper loaded: url_helper
INFO - 2024-12-19 20:21:22 --> Helper loaded: easyui_helper
INFO - 2024-12-19 20:21:22 --> Helper loaded: param_helper
INFO - 2024-12-19 20:21:22 --> Helper loaded: credential_helper
INFO - 2024-12-19 20:21:22 --> Helper loaded: template_helper
INFO - 2024-12-19 20:21:22 --> Helper loaded: rest_helper
INFO - 2024-12-19 20:21:22 --> Database Driver Class Initialized
DEBUG - 2024-12-19 20:21:22 --> Idgenerator class already loaded. Second attempt ignored.
INFO - 2024-12-19 20:21:22 --> Controller Class Initialized
INFO - 2024-12-19 20:21:22 --> Model Class Initialized
DEBUG - 2024-12-19 20:21:22 --> File loaded: /apps/web-drc/application/modules/api_v1/models/Api_v1_model.php
INFO - 2024-12-19 20:21:22 --> Model Class Initialized
INFO - 2024-12-19 20:21:22 --> Final output sent to browser
DEBUG - 2024-12-19 20:21:22 --> Total execution time: 0.0031
INFO - 2024-12-19 20:21:22 --> Config Class Initialized
INFO - 2024-12-19 20:21:22 --> Hooks Class Initialized
DEBUG - 2024-12-19 20:21:22 --> UTF-8 Support Enabled
INFO - 2024-12-19 20:21:22 --> Utf8 Class Initialized
INFO - 2024-12-19 20:21:22 --> URI Class Initialized
INFO - 2024-12-19 20:21:22 --> Router Class Initialized
INFO - 2024-12-19 20:21:22 --> Output Class Initialized
INFO - 2024-12-19 20:21:22 --> Security Class Initialized
DEBUG - 2024-12-19 20:21:22 --> Global POST, GET and COOKIE data sanitized
INFO - 2024-12-19 20:21:22 --> Input Class Initialized
INFO - 2024-12-19 20:21:22 --> Language Class Initialized
INFO - 2024-12-19 20:21:22 --> Language Class Initialized
INFO - 2024-12-19 20:21:22 --> Config Class Initialized
INFO - 2024-12-19 20:21:22 --> Loader Class Initialized
INFO - 2024-12-19 20:21:22 --> Helper loaded: url_helper
INFO - 2024-12-19 20:21:22 --> Helper loaded: easyui_helper
INFO - 2024-12-19 20:21:22 --> Helper loaded: param_helper
INFO - 2024-12-19 20:21:22 --> Helper loaded: credential_helper
INFO - 2024-12-19 20:21:22 --> Helper loaded: template_helper
INFO - 2024-12-19 20:21:22 --> Helper loaded: rest_helper
INFO - 2024-12-19 20:21:22 --> Database Driver Class Initialized
DEBUG - 2024-12-19 20:21:22 --> Idgenerator class already loaded. Second attempt ignored.
INFO - 2024-12-19 20:21:22 --> Controller Class Initialized
INFO - 2024-12-19 20:21:22 --> Model Class Initialized
DEBUG - 2024-12-19 20:21:22 --> File loaded: /apps/web-drc/application/modules/api_v1/models/Api_v1_model.php
INFO - 2024-12-19 20:21:22 --> Model Class Initialized
INFO - 2024-12-19 20:21:22 --> Final output sent to browser
DEBUG - 2024-12-19 20:21:22 --> Total execution time: 0.0033
INFO - 2024-12-19 20:21:22 --> Config Class Initialized
INFO - 2024-12-19 20:21:22 --> Hooks Class Initialized
DEBUG - 2024-12-19 20:21:22 --> UTF-8 Support Enabled
INFO - 2024-12-19 20:21:22 --> Utf8 Class Initialized
INFO - 2024-12-19 20:21:22 --> URI Class Initialized
INFO - 2024-12-19 20:21:22 --> Router Class Initialized
INFO - 2024-12-19 20:21:22 --> Output Class Initialized
INFO - 2024-12-19 20:21:22 --> Security Class Initialized
DEBUG - 2024-12-19 20:21:22 --> Global POST, GET and COOKIE data sanitized
INFO - 2024-12-19 20:21:22 --> Input Class Initialized
INFO - 2024-12-19 20:21:22 --> Language Class Initialized
INFO - 2024-12-19 20:21:22 --> Language Class Initialized
INFO - 2024-12-19 20:21:22 --> Config Class Initialized
INFO - 2024-12-19 20:21:22 --> Loader Class Initialized
INFO - 2024-12-19 20:21:22 --> Helper loaded: url_helper
INFO - 2024-12-19 20:21:22 --> Helper loaded: easyui_helper
INFO - 2024-12-19 20:21:22 --> Helper loaded: param_helper
INFO - 2024-12-19 20:21:22 --> Helper loaded: credential_helper
INFO - 2024-12-19 20:21:22 --> Helper loaded: template_helper
INFO - 2024-12-19 20:21:22 --> Helper loaded: rest_helper
INFO - 2024-12-19 20:21:22 --> Database Driver Class Initialized
DEBUG - 2024-12-19 20:21:22 --> Idgenerator class already loaded. Second attempt ignored.
INFO - 2024-12-19 20:21:22 --> Controller Class Initialized
INFO - 2024-12-19 20:21:22 --> Model Class Initialized
DEBUG - 2024-12-19 20:21:22 --> File loaded: /apps/web-drc/application/modules/api_v1/models/Api_v1_model.php
INFO - 2024-12-19 20:21:22 --> Model Class Initialized
INFO - 2024-12-19 20:21:22 --> Final output sent to browser
DEBUG - 2024-12-19 20:21:22 --> Total execution time: 0.0029
INFO - 2024-12-19 20:21:22 --> Config Class Initialized
INFO - 2024-12-19 20:21:22 --> Hooks Class Initialized
DEBUG - 2024-12-19 20:21:22 --> UTF-8 Support Enabled
INFO - 2024-12-19 20:21:22 --> Utf8 Class Initialized
INFO - 2024-12-19 20:21:22 --> URI Class Initialized
INFO - 2024-12-19 20:21:22 --> Router Class Initialized
INFO - 2024-12-19 20:21:22 --> Output Class Initialized
INFO - 2024-12-19 20:21:22 --> Security Class Initialized
DEBUG - 2024-12-19 20:21:22 --> Global POST, GET and COOKIE data sanitized
INFO - 2024-12-19 20:21:22 --> Input Class Initialized
INFO - 2024-12-19 20:21:22 --> Language Class Initialized
INFO - 2024-12-19 20:21:22 --> Language Class Initialized
INFO - 2024-12-19 20:21:22 --> Config Class Initialized
INFO - 2024-12-19 20:21:22 --> Loader Class Initialized
INFO - 2024-12-19 20:21:22 --> Helper loaded: url_helper
INFO - 2024-12-19 20:21:22 --> Helper loaded: easyui_helper
INFO - 2024-12-19 20:21:22 --> Helper loaded: param_helper
INFO - 2024-12-19 20:21:22 --> Helper loaded: credential_helper
INFO - 2024-12-19 20:21:22 --> Helper loaded: template_helper
INFO - 2024-12-19 20:21:22 --> Helper loaded: rest_helper
INFO - 2024-12-19 20:21:22 --> Database Driver Class Initialized
DEBUG - 2024-12-19 20:21:22 --> Idgenerator class already loaded. Second attempt ignored.
INFO - 2024-12-19 20:21:22 --> Controller Class Initialized
INFO - 2024-12-19 20:21:22 --> Model Class Initialized
DEBUG - 2024-12-19 20:21:22 --> File loaded: /apps/web-drc/application/modules/api_v1/models/Api_v1_model.php
INFO - 2024-12-19 20:21:22 --> Model Class Initialized
INFO - 2024-12-19 20:21:22 --> Final output sent to browser
DEBUG - 2024-12-19 20:21:22 --> Total execution time: 0.0041
INFO - 2024-12-19 20:21:22 --> Config Class Initialized
INFO - 2024-12-19 20:21:22 --> Hooks Class Initialized
DEBUG - 2024-12-19 20:21:22 --> UTF-8 Support Enabled
INFO - 2024-12-19 20:21:22 --> Utf8 Class Initialized
INFO - 2024-12-19 20:21:22 --> URI Class Initialized
INFO - 2024-12-19 20:21:22 --> Router Class Initialized
INFO - 2024-12-19 20:21:22 --> Output Class Initialized
INFO - 2024-12-19 20:21:22 --> Security Class Initialized
DEBUG - 2024-12-19 20:21:22 --> Global POST, GET and COOKIE data sanitized
INFO - 2024-12-19 20:21:22 --> Input Class Initialized
INFO - 2024-12-19 20:21:22 --> Language Class Initialized
INFO - 2024-12-19 20:21:22 --> Language Class Initialized
INFO - 2024-12-19 20:21:22 --> Config Class Initialized
INFO - 2024-12-19 20:21:22 --> Loader Class Initialized
INFO - 2024-12-19 20:21:22 --> Helper loaded: url_helper
INFO - 2024-12-19 20:21:22 --> Helper loaded: easyui_helper
INFO - 2024-12-19 20:21:22 --> Helper loaded: param_helper
INFO - 2024-12-19 20:21:22 --> Helper loaded: credential_helper
INFO - 2024-12-19 20:21:22 --> Helper loaded: template_helper
INFO - 2024-12-19 20:21:22 --> Helper loaded: rest_helper
INFO - 2024-12-19 20:21:22 --> Database Driver Class Initialized
DEBUG - 2024-12-19 20:21:22 --> Idgenerator class already loaded. Second attempt ignored.
INFO - 2024-12-19 20:21:22 --> Controller Class Initialized
INFO - 2024-12-19 20:21:22 --> Model Class Initialized
DEBUG - 2024-12-19 20:21:22 --> File loaded: /apps/web-drc/application/modules/api_v1/models/Api_v1_model.php
INFO - 2024-12-19 20:21:22 --> Model Class Initialized
INFO - 2024-12-19 20:21:22 --> Final output sent to browser
DEBUG - 2024-12-19 20:21:22 --> Total execution time: 0.0034
INFO - 2024-12-19 20:21:22 --> Config Class Initialized
INFO - 2024-12-19 20:21:22 --> Hooks Class Initialized
DEBUG - 2024-12-19 20:21:22 --> UTF-8 Support Enabled
INFO - 2024-12-19 20:21:22 --> Utf8 Class Initialized
INFO - 2024-12-19 20:21:22 --> URI Class Initialized
INFO - 2024-12-19 20:21:22 --> Router Class Initialized
INFO - 2024-12-19 20:21:22 --> Output Class Initialized
INFO - 2024-12-19 20:21:22 --> Security Class Initialized
DEBUG - 2024-12-19 20:21:22 --> Global POST, GET and COOKIE data sanitized
INFO - 2024-12-19 20:21:22 --> Input Class Initialized
INFO - 2024-12-19 20:21:22 --> Language Class Initialized
INFO - 2024-12-19 20:21:22 --> Language Class Initialized
INFO - 2024-12-19 20:21:22 --> Config Class Initialized
INFO - 2024-12-19 20:21:22 --> Loader Class Initialized
INFO - 2024-12-19 20:21:22 --> Helper loaded: url_helper
INFO - 2024-12-19 20:21:22 --> Helper loaded: easyui_helper
INFO - 2024-12-19 20:21:22 --> Helper loaded: param_helper
INFO - 2024-12-19 20:21:22 --> Helper loaded: credential_helper
INFO - 2024-12-19 20:21:22 --> Helper loaded: template_helper
INFO - 2024-12-19 20:21:22 --> Helper loaded: rest_helper
INFO - 2024-12-19 20:21:22 --> Database Driver Class Initialized
DEBUG - 2024-12-19 20:21:22 --> Idgenerator class already loaded. Second attempt ignored.
INFO - 2024-12-19 20:21:22 --> Controller Class Initialized
INFO - 2024-12-19 20:21:22 --> Model Class Initialized
DEBUG - 2024-12-19 20:21:22 --> File loaded: /apps/web-drc/application/modules/api_v1/models/Api_v1_model.php
INFO - 2024-12-19 20:21:22 --> Model Class Initialized
INFO - 2024-12-19 20:21:22 --> Final output sent to browser
DEBUG - 2024-12-19 20:21:22 --> Total execution time: 0.0032
INFO - 2024-12-19 20:21:22 --> Config Class Initialized
INFO - 2024-12-19 20:21:22 --> Hooks Class Initialized
DEBUG - 2024-12-19 20:21:22 --> UTF-8 Support Enabled
INFO - 2024-12-19 20:21:22 --> Utf8 Class Initialized
INFO - 2024-12-19 20:21:22 --> URI Class Initialized
INFO - 2024-12-19 20:21:22 --> Router Class Initialized
INFO - 2024-12-19 20:21:22 --> Output Class Initialized
INFO - 2024-12-19 20:21:22 --> Security Class Initialized
DEBUG - 2024-12-19 20:21:22 --> Global POST, GET and COOKIE data sanitized
INFO - 2024-12-19 20:21:22 --> Input Class Initialized
INFO - 2024-12-19 20:21:22 --> Language Class Initialized
INFO - 2024-12-19 20:21:22 --> Language Class Initialized
INFO - 2024-12-19 20:21:22 --> Config Class Initialized
INFO - 2024-12-19 20:21:22 --> Loader Class Initialized
INFO - 2024-12-19 20:21:22 --> Helper loaded: url_helper
INFO - 2024-12-19 20:21:22 --> Helper loaded: easyui_helper
INFO - 2024-12-19 20:21:22 --> Helper loaded: param_helper
INFO - 2024-12-19 20:21:22 --> Helper loaded: credential_helper
INFO - 2024-12-19 20:21:22 --> Helper loaded: template_helper
INFO - 2024-12-19 20:21:22 --> Helper loaded: rest_helper
INFO - 2024-12-19 20:21:22 --> Database Driver Class Initialized
DEBUG - 2024-12-19 20:21:22 --> Idgenerator class already loaded. Second attempt ignored.
INFO - 2024-12-19 20:21:22 --> Controller Class Initialized
INFO - 2024-12-19 20:21:22 --> Model Class Initialized
DEBUG - 2024-12-19 20:21:22 --> File loaded: /apps/web-drc/application/modules/api_v1/models/Api_v1_model.php
INFO - 2024-12-19 20:21:22 --> Model Class Initialized
INFO - 2024-12-19 20:21:22 --> Final output sent to browser
DEBUG - 2024-12-19 20:21:22 --> Total execution time: 0.2952
INFO - 2024-12-19 20:21:32 --> Config Class Initialized
INFO - 2024-12-19 20:21:32 --> Hooks Class Initialized
DEBUG - 2024-12-19 20:21:32 --> UTF-8 Support Enabled
INFO - 2024-12-19 20:21:32 --> Utf8 Class Initialized
INFO - 2024-12-19 20:21:32 --> URI Class Initialized
INFO - 2024-12-19 20:21:32 --> Router Class Initialized
INFO - 2024-12-19 20:21:32 --> Output Class Initialized
INFO - 2024-12-19 20:21:32 --> Security Class Initialized
DEBUG - 2024-12-19 20:21:32 --> Global POST, GET and COOKIE data sanitized
INFO - 2024-12-19 20:21:32 --> Input Class Initialized
INFO - 2024-12-19 20:21:32 --> Language Class Initialized
ERROR - 2024-12-19 20:21:32 --> 404 Page Not Found: /index
INFO - 2024-12-19 20:21:44 --> Config Class Initialized
INFO - 2024-12-19 20:21:44 --> Hooks Class Initialized
DEBUG - 2024-12-19 20:21:44 --> UTF-8 Support Enabled
INFO - 2024-12-19 20:21:44 --> Utf8 Class Initialized
INFO - 2024-12-19 20:21:44 --> URI Class Initialized
INFO - 2024-12-19 20:21:44 --> Router Class Initialized
INFO - 2024-12-19 20:21:44 --> Output Class Initialized
INFO - 2024-12-19 20:21:44 --> Security Class Initialized
DEBUG - 2024-12-19 20:21:44 --> Global POST, GET and COOKIE data sanitized
INFO - 2024-12-19 20:21:44 --> Input Class Initialized
INFO - 2024-12-19 20:21:44 --> Language Class Initialized
INFO - 2024-12-19 20:21:44 --> Language Class Initialized
INFO - 2024-12-19 20:21:44 --> Config Class Initialized
INFO - 2024-12-19 20:21:44 --> Loader Class Initialized
INFO - 2024-12-19 20:21:44 --> Helper loaded: url_helper
INFO - 2024-12-19 20:21:44 --> Helper loaded: easyui_helper
INFO - 2024-12-19 20:21:44 --> Helper loaded: param_helper
INFO - 2024-12-19 20:21:44 --> Helper loaded: credential_helper
INFO - 2024-12-19 20:21:44 --> Helper loaded: template_helper
INFO - 2024-12-19 20:21:44 --> Helper loaded: rest_helper
INFO - 2024-12-19 20:21:44 --> Database Driver Class Initialized
DEBUG - 2024-12-19 20:21:44 --> Idgenerator class already loaded. Second attempt ignored.
INFO - 2024-12-19 20:21:44 --> Controller Class Initialized
INFO - 2024-12-19 20:21:44 --> Model Class Initialized
DEBUG - 2024-12-19 20:21:44 --> File loaded: /apps/web-drc/application/modules/ref_request_new_outlet/models/Request_new_outlet_model.php
INFO - 2024-12-19 20:21:44 --> Model Class Initialized
DEBUG - 2024-12-19 20:21:44 --> File loaded: /apps/web-drc/application/modules/ref_request_new_outlet/views/form.php
DEBUG - 2024-12-19 20:21:44 --> File loaded: /apps/web-drc/application/views/templates/header.php
DEBUG - 2024-12-19 20:21:44 --> File loaded: /apps/web-drc/application/views/templates/toolbar.php
DEBUG - 2024-12-19 20:21:44 --> File loaded: /apps/web-drc/application/views/templates/sidebar.php
DEBUG - 2024-12-19 20:21:44 --> File loaded: /apps/web-drc/application/views/templates/contents.php
DEBUG - 2024-12-19 20:21:44 --> File loaded: /apps/web-drc/application/views/templates/content_footer.php
DEBUG - 2024-12-19 20:21:44 --> File loaded: /apps/web-drc/application/views/templates/footer.php
DEBUG - 2024-12-19 20:21:44 --> File loaded: /apps/web-drc/application/views/templates/default.php
INFO - 2024-12-19 20:21:44 --> Final output sent to browser
DEBUG - 2024-12-19 20:21:44 --> Total execution time: 0.0091
INFO - 2024-12-19 20:21:44 --> Config Class Initialized
INFO - 2024-12-19 20:21:44 --> Hooks Class Initialized
DEBUG - 2024-12-19 20:21:44 --> UTF-8 Support Enabled
INFO - 2024-12-19 20:21:44 --> Utf8 Class Initialized
INFO - 2024-12-19 20:21:44 --> URI Class Initialized
INFO - 2024-12-19 20:21:44 --> Router Class Initialized
INFO - 2024-12-19 20:21:44 --> Output Class Initialized
INFO - 2024-12-19 20:21:44 --> Security Class Initialized
DEBUG - 2024-12-19 20:21:44 --> Global POST, GET and COOKIE data sanitized
INFO - 2024-12-19 20:21:44 --> Input Class Initialized
INFO - 2024-12-19 20:21:44 --> Language Class Initialized
ERROR - 2024-12-19 20:21:44 --> 404 Page Not Found: /index
INFO - 2024-12-19 20:21:44 --> Config Class Initialized
INFO - 2024-12-19 20:21:44 --> Hooks Class Initialized
DEBUG - 2024-12-19 20:21:44 --> UTF-8 Support Enabled
INFO - 2024-12-19 20:21:44 --> Utf8 Class Initialized
INFO - 2024-12-19 20:21:44 --> URI Class Initialized
INFO - 2024-12-19 20:21:44 --> Router Class Initialized
INFO - 2024-12-19 20:21:44 --> Output Class Initialized
INFO - 2024-12-19 20:21:44 --> Security Class Initialized
DEBUG - 2024-12-19 20:21:44 --> Global POST, GET and COOKIE data sanitized
INFO - 2024-12-19 20:21:44 --> Input Class Initialized
INFO - 2024-12-19 20:21:44 --> Language Class Initialized
INFO - 2024-12-19 20:21:44 --> Language Class Initialized
INFO - 2024-12-19 20:21:44 --> Config Class Initialized
INFO - 2024-12-19 20:21:44 --> Loader Class Initialized
INFO - 2024-12-19 20:21:44 --> Helper loaded: url_helper
INFO - 2024-12-19 20:21:44 --> Helper loaded: easyui_helper
INFO - 2024-12-19 20:21:44 --> Helper loaded: param_helper
INFO - 2024-12-19 20:21:44 --> Helper loaded: credential_helper
INFO - 2024-12-19 20:21:44 --> Helper loaded: template_helper
INFO - 2024-12-19 20:21:44 --> Helper loaded: rest_helper
INFO - 2024-12-19 20:21:44 --> Database Driver Class Initialized
DEBUG - 2024-12-19 20:21:44 --> Idgenerator class already loaded. Second attempt ignored.
INFO - 2024-12-19 20:21:44 --> Controller Class Initialized
INFO - 2024-12-19 20:21:44 --> Model Class Initialized
DEBUG - 2024-12-19 20:21:44 --> File loaded: /apps/web-drc/application/modules/ref_customer_segment/models/Customer_segment_model.php
INFO - 2024-12-19 20:21:44 --> Model Class Initialized
INFO - 2024-12-19 20:21:44 --> Final output sent to browser
DEBUG - 2024-12-19 20:21:44 --> Total execution time: 0.0044
INFO - 2024-12-19 20:21:44 --> Config Class Initialized
INFO - 2024-12-19 20:21:44 --> Hooks Class Initialized
DEBUG - 2024-12-19 20:21:44 --> UTF-8 Support Enabled
INFO - 2024-12-19 20:21:44 --> Utf8 Class Initialized
INFO - 2024-12-19 20:21:44 --> URI Class Initialized
INFO - 2024-12-19 20:21:44 --> Router Class Initialized
INFO - 2024-12-19 20:21:44 --> Output Class Initialized
INFO - 2024-12-19 20:21:44 --> Security Class Initialized
DEBUG - 2024-12-19 20:21:44 --> Global POST, GET and COOKIE data sanitized
INFO - 2024-12-19 20:21:44 --> Input Class Initialized
INFO - 2024-12-19 20:21:44 --> Language Class Initialized
INFO - 2024-12-19 20:21:44 --> Language Class Initialized
INFO - 2024-12-19 20:21:44 --> Config Class Initialized
INFO - 2024-12-19 20:21:44 --> Loader Class Initialized
INFO - 2024-12-19 20:21:44 --> Helper loaded: url_helper
INFO - 2024-12-19 20:21:44 --> Helper loaded: easyui_helper
INFO - 2024-12-19 20:21:44 --> Helper loaded: param_helper
INFO - 2024-12-19 20:21:44 --> Helper loaded: credential_helper
INFO - 2024-12-19 20:21:44 --> Helper loaded: template_helper
INFO - 2024-12-19 20:21:44 --> Helper loaded: rest_helper
INFO - 2024-12-19 20:21:44 --> Database Driver Class Initialized
DEBUG - 2024-12-19 20:21:44 --> Idgenerator class already loaded. Second attempt ignored.
INFO - 2024-12-19 20:21:44 --> Controller Class Initialized
INFO - 2024-12-19 20:21:44 --> Model Class Initialized
DEBUG - 2024-12-19 20:21:44 --> File loaded: /apps/web-drc/application/modules/ref_customer_type/models/Customer_type_model.php
INFO - 2024-12-19 20:21:44 --> Model Class Initialized
INFO - 2024-12-19 20:21:44 --> Final output sent to browser
DEBUG - 2024-12-19 20:21:44 --> Total execution time: 0.0034
INFO - 2024-12-19 20:21:44 --> Config Class Initialized
INFO - 2024-12-19 20:21:44 --> Hooks Class Initialized
DEBUG - 2024-12-19 20:21:44 --> UTF-8 Support Enabled
INFO - 2024-12-19 20:21:44 --> Utf8 Class Initialized
INFO - 2024-12-19 20:21:44 --> URI Class Initialized
INFO - 2024-12-19 20:21:44 --> Router Class Initialized
INFO - 2024-12-19 20:21:44 --> Output Class Initialized
INFO - 2024-12-19 20:21:44 --> Security Class Initialized
DEBUG - 2024-12-19 20:21:44 --> Global POST, GET and COOKIE data sanitized
INFO - 2024-12-19 20:21:44 --> Input Class Initialized
INFO - 2024-12-19 20:21:44 --> Language Class Initialized
INFO - 2024-12-19 20:21:44 --> Language Class Initialized
INFO - 2024-12-19 20:21:44 --> Config Class Initialized
INFO - 2024-12-19 20:21:44 --> Loader Class Initialized
INFO - 2024-12-19 20:21:44 --> Helper loaded: url_helper
INFO - 2024-12-19 20:21:44 --> Helper loaded: easyui_helper
INFO - 2024-12-19 20:21:44 --> Helper loaded: param_helper
INFO - 2024-12-19 20:21:44 --> Helper loaded: credential_helper
INFO - 2024-12-19 20:21:44 --> Helper loaded: template_helper
INFO - 2024-12-19 20:21:44 --> Helper loaded: rest_helper
INFO - 2024-12-19 20:21:44 --> Database Driver Class Initialized
DEBUG - 2024-12-19 20:21:44 --> Idgenerator class already loaded. Second attempt ignored.
INFO - 2024-12-19 20:21:44 --> Controller Class Initialized
INFO - 2024-12-19 20:21:44 --> Model Class Initialized
DEBUG - 2024-12-19 20:21:44 --> File loaded: /apps/web-drc/application/modules/ref_customer_class/models/Customer_class_model.php
INFO - 2024-12-19 20:21:44 --> Model Class Initialized
INFO - 2024-12-19 20:21:44 --> Final output sent to browser
DEBUG - 2024-12-19 20:21:44 --> Total execution time: 0.0026
INFO - 2024-12-19 20:21:44 --> Config Class Initialized
INFO - 2024-12-19 20:21:44 --> Hooks Class Initialized
DEBUG - 2024-12-19 20:21:44 --> UTF-8 Support Enabled
INFO - 2024-12-19 20:21:44 --> Utf8 Class Initialized
INFO - 2024-12-19 20:21:44 --> URI Class Initialized
INFO - 2024-12-19 20:21:44 --> Router Class Initialized
INFO - 2024-12-19 20:21:44 --> Output Class Initialized
INFO - 2024-12-19 20:21:44 --> Security Class Initialized
DEBUG - 2024-12-19 20:21:44 --> Global POST, GET and COOKIE data sanitized
INFO - 2024-12-19 20:21:44 --> Input Class Initialized
INFO - 2024-12-19 20:21:44 --> Language Class Initialized
INFO - 2024-12-19 20:21:44 --> Language Class Initialized
INFO - 2024-12-19 20:21:44 --> Config Class Initialized
INFO - 2024-12-19 20:21:44 --> Loader Class Initialized
INFO - 2024-12-19 20:21:44 --> Helper loaded: url_helper
INFO - 2024-12-19 20:21:44 --> Helper loaded: easyui_helper
INFO - 2024-12-19 20:21:44 --> Helper loaded: param_helper
INFO - 2024-12-19 20:21:44 --> Helper loaded: credential_helper
INFO - 2024-12-19 20:21:44 --> Helper loaded: template_helper
INFO - 2024-12-19 20:21:44 --> Helper loaded: rest_helper
INFO - 2024-12-19 20:21:44 --> Database Driver Class Initialized
DEBUG - 2024-12-19 20:21:44 --> Idgenerator class already loaded. Second attempt ignored.
INFO - 2024-12-19 20:21:44 --> Controller Class Initialized
INFO - 2024-12-19 20:21:44 --> Model Class Initialized
DEBUG - 2024-12-19 20:21:44 --> File loaded: /apps/web-drc/application/modules/api_v1/models/Api_v1_model.php
INFO - 2024-12-19 20:21:44 --> Model Class Initialized
INFO - 2024-12-19 20:21:44 --> Final output sent to browser
DEBUG - 2024-12-19 20:21:44 --> Total execution time: 0.0029
INFO - 2024-12-19 20:21:44 --> Config Class Initialized
INFO - 2024-12-19 20:21:44 --> Hooks Class Initialized
DEBUG - 2024-12-19 20:21:44 --> UTF-8 Support Enabled
INFO - 2024-12-19 20:21:44 --> Utf8 Class Initialized
INFO - 2024-12-19 20:21:44 --> URI Class Initialized
INFO - 2024-12-19 20:21:44 --> Router Class Initialized
INFO - 2024-12-19 20:21:44 --> Output Class Initialized
INFO - 2024-12-19 20:21:44 --> Security Class Initialized
DEBUG - 2024-12-19 20:21:44 --> Global POST, GET and COOKIE data sanitized
INFO - 2024-12-19 20:21:44 --> Input Class Initialized
INFO - 2024-12-19 20:21:44 --> Language Class Initialized
INFO - 2024-12-19 20:21:44 --> Language Class Initialized
INFO - 2024-12-19 20:21:44 --> Config Class Initialized
INFO - 2024-12-19 20:21:44 --> Loader Class Initialized
INFO - 2024-12-19 20:21:44 --> Helper loaded: url_helper
INFO - 2024-12-19 20:21:44 --> Helper loaded: easyui_helper
INFO - 2024-12-19 20:21:44 --> Helper loaded: param_helper
INFO - 2024-12-19 20:21:44 --> Helper loaded: credential_helper
INFO - 2024-12-19 20:21:44 --> Helper loaded: template_helper
INFO - 2024-12-19 20:21:44 --> Helper loaded: rest_helper
INFO - 2024-12-19 20:21:44 --> Database Driver Class Initialized
DEBUG - 2024-12-19 20:21:44 --> Idgenerator class already loaded. Second attempt ignored.
INFO - 2024-12-19 20:21:44 --> Controller Class Initialized
INFO - 2024-12-19 20:21:44 --> Model Class Initialized
DEBUG - 2024-12-19 20:21:44 --> File loaded: /apps/web-drc/application/modules/api_v1/models/Api_v1_model.php
INFO - 2024-12-19 20:21:44 --> Model Class Initialized
INFO - 2024-12-19 20:21:44 --> Final output sent to browser
DEBUG - 2024-12-19 20:21:44 --> Total execution time: 0.0031
INFO - 2024-12-19 20:21:44 --> Config Class Initialized
INFO - 2024-12-19 20:21:44 --> Hooks Class Initialized
DEBUG - 2024-12-19 20:21:44 --> UTF-8 Support Enabled
INFO - 2024-12-19 20:21:44 --> Utf8 Class Initialized
INFO - 2024-12-19 20:21:44 --> URI Class Initialized
INFO - 2024-12-19 20:21:44 --> Router Class Initialized
INFO - 2024-12-19 20:21:44 --> Output Class Initialized
INFO - 2024-12-19 20:21:44 --> Security Class Initialized
DEBUG - 2024-12-19 20:21:44 --> Global POST, GET and COOKIE data sanitized
INFO - 2024-12-19 20:21:44 --> Input Class Initialized
INFO - 2024-12-19 20:21:44 --> Language Class Initialized
INFO - 2024-12-19 20:21:44 --> Language Class Initialized
INFO - 2024-12-19 20:21:44 --> Config Class Initialized
INFO - 2024-12-19 20:21:44 --> Loader Class Initialized
INFO - 2024-12-19 20:21:44 --> Helper loaded: url_helper
INFO - 2024-12-19 20:21:44 --> Helper loaded: easyui_helper
INFO - 2024-12-19 20:21:44 --> Helper loaded: param_helper
INFO - 2024-12-19 20:21:44 --> Helper loaded: credential_helper
INFO - 2024-12-19 20:21:44 --> Helper loaded: template_helper
INFO - 2024-12-19 20:21:44 --> Helper loaded: rest_helper
INFO - 2024-12-19 20:21:44 --> Database Driver Class Initialized
DEBUG - 2024-12-19 20:21:44 --> Idgenerator class already loaded. Second attempt ignored.
INFO - 2024-12-19 20:21:44 --> Controller Class Initialized
INFO - 2024-12-19 20:21:44 --> Model Class Initialized
DEBUG - 2024-12-19 20:21:44 --> File loaded: /apps/web-drc/application/modules/api_v1/models/Api_v1_model.php
INFO - 2024-12-19 20:21:44 --> Model Class Initialized
INFO - 2024-12-19 20:21:45 --> Final output sent to browser
DEBUG - 2024-12-19 20:21:45 --> Total execution time: 0.3070
INFO - 2024-12-19 20:21:45 --> Config Class Initialized
INFO - 2024-12-19 20:21:45 --> Hooks Class Initialized
DEBUG - 2024-12-19 20:21:45 --> UTF-8 Support Enabled
INFO - 2024-12-19 20:21:45 --> Utf8 Class Initialized
INFO - 2024-12-19 20:21:45 --> URI Class Initialized
INFO - 2024-12-19 20:21:45 --> Router Class Initialized
INFO - 2024-12-19 20:21:45 --> Output Class Initialized
INFO - 2024-12-19 20:21:45 --> Security Class Initialized
DEBUG - 2024-12-19 20:21:45 --> Global POST, GET and COOKIE data sanitized
INFO - 2024-12-19 20:21:45 --> Input Class Initialized
INFO - 2024-12-19 20:21:45 --> Language Class Initialized
INFO - 2024-12-19 20:21:45 --> Language Class Initialized
INFO - 2024-12-19 20:21:45 --> Config Class Initialized
INFO - 2024-12-19 20:21:45 --> Loader Class Initialized
INFO - 2024-12-19 20:21:45 --> Helper loaded: url_helper
INFO - 2024-12-19 20:21:45 --> Helper loaded: easyui_helper
INFO - 2024-12-19 20:21:45 --> Helper loaded: param_helper
INFO - 2024-12-19 20:21:45 --> Helper loaded: credential_helper
INFO - 2024-12-19 20:21:45 --> Helper loaded: template_helper
INFO - 2024-12-19 20:21:45 --> Helper loaded: rest_helper
INFO - 2024-12-19 20:21:45 --> Database Driver Class Initialized
DEBUG - 2024-12-19 20:21:45 --> Idgenerator class already loaded. Second attempt ignored.
INFO - 2024-12-19 20:21:45 --> Controller Class Initialized
INFO - 2024-12-19 20:21:45 --> Model Class Initialized
DEBUG - 2024-12-19 20:21:45 --> File loaded: /apps/web-drc/application/modules/api_v1/models/Api_v1_model.php
INFO - 2024-12-19 20:21:45 --> Model Class Initialized
INFO - 2024-12-19 20:21:45 --> Final output sent to browser
DEBUG - 2024-12-19 20:21:45 --> Total execution time: 0.0033
INFO - 2024-12-19 20:21:45 --> Config Class Initialized
INFO - 2024-12-19 20:21:45 --> Hooks Class Initialized
DEBUG - 2024-12-19 20:21:45 --> UTF-8 Support Enabled
INFO - 2024-12-19 20:21:45 --> Utf8 Class Initialized
INFO - 2024-12-19 20:21:45 --> URI Class Initialized
INFO - 2024-12-19 20:21:45 --> Router Class Initialized
INFO - 2024-12-19 20:21:45 --> Output Class Initialized
INFO - 2024-12-19 20:21:45 --> Security Class Initialized
DEBUG - 2024-12-19 20:21:45 --> Global POST, GET and COOKIE data sanitized
INFO - 2024-12-19 20:21:45 --> Input Class Initialized
INFO - 2024-12-19 20:21:45 --> Language Class Initialized
INFO - 2024-12-19 20:21:45 --> Language Class Initialized
INFO - 2024-12-19 20:21:45 --> Config Class Initialized
INFO - 2024-12-19 20:21:45 --> Loader Class Initialized
INFO - 2024-12-19 20:21:45 --> Helper loaded: url_helper
INFO - 2024-12-19 20:21:45 --> Helper loaded: easyui_helper
INFO - 2024-12-19 20:21:45 --> Helper loaded: param_helper
INFO - 2024-12-19 20:21:45 --> Helper loaded: credential_helper
INFO - 2024-12-19 20:21:45 --> Helper loaded: template_helper
INFO - 2024-12-19 20:21:45 --> Helper loaded: rest_helper
INFO - 2024-12-19 20:21:45 --> Database Driver Class Initialized
DEBUG - 2024-12-19 20:21:45 --> Idgenerator class already loaded. Second attempt ignored.
INFO - 2024-12-19 20:21:45 --> Controller Class Initialized
INFO - 2024-12-19 20:21:45 --> Model Class Initialized
DEBUG - 2024-12-19 20:21:45 --> File loaded: /apps/web-drc/application/modules/api_v1/models/Api_v1_model.php
INFO - 2024-12-19 20:21:45 --> Model Class Initialized
INFO - 2024-12-19 20:21:45 --> Final output sent to browser
DEBUG - 2024-12-19 20:21:45 --> Total execution time: 0.0032
INFO - 2024-12-19 20:21:45 --> Config Class Initialized
INFO - 2024-12-19 20:21:45 --> Hooks Class Initialized
DEBUG - 2024-12-19 20:21:45 --> UTF-8 Support Enabled
INFO - 2024-12-19 20:21:45 --> Utf8 Class Initialized
INFO - 2024-12-19 20:21:45 --> URI Class Initialized
INFO - 2024-12-19 20:21:45 --> Router Class Initialized
INFO - 2024-12-19 20:21:45 --> Output Class Initialized
INFO - 2024-12-19 20:21:45 --> Security Class Initialized
DEBUG - 2024-12-19 20:21:45 --> Global POST, GET and COOKIE data sanitized
INFO - 2024-12-19 20:21:45 --> Input Class Initialized
INFO - 2024-12-19 20:21:45 --> Language Class Initialized
INFO - 2024-12-19 20:21:45 --> Language Class Initialized
INFO - 2024-12-19 20:21:45 --> Config Class Initialized
INFO - 2024-12-19 20:21:45 --> Loader Class Initialized
INFO - 2024-12-19 20:21:45 --> Helper loaded: url_helper
INFO - 2024-12-19 20:21:45 --> Helper loaded: easyui_helper
INFO - 2024-12-19 20:21:45 --> Helper loaded: param_helper
INFO - 2024-12-19 20:21:45 --> Helper loaded: credential_helper
INFO - 2024-12-19 20:21:45 --> Helper loaded: template_helper
INFO - 2024-12-19 20:21:45 --> Helper loaded: rest_helper
INFO - 2024-12-19 20:21:45 --> Database Driver Class Initialized
DEBUG - 2024-12-19 20:21:45 --> Idgenerator class already loaded. Second attempt ignored.
INFO - 2024-12-19 20:21:45 --> Controller Class Initialized
INFO - 2024-12-19 20:21:45 --> Model Class Initialized
DEBUG - 2024-12-19 20:21:45 --> File loaded: /apps/web-drc/application/modules/api_v1/models/Api_v1_model.php
INFO - 2024-12-19 20:21:45 --> Model Class Initialized
INFO - 2024-12-19 20:21:45 --> Final output sent to browser
DEBUG - 2024-12-19 20:21:45 --> Total execution time: 0.0047
INFO - 2024-12-19 20:21:45 --> Config Class Initialized
INFO - 2024-12-19 20:21:45 --> Hooks Class Initialized
DEBUG - 2024-12-19 20:21:45 --> UTF-8 Support Enabled
INFO - 2024-12-19 20:21:45 --> Utf8 Class Initialized
INFO - 2024-12-19 20:21:45 --> URI Class Initialized
INFO - 2024-12-19 20:21:45 --> Router Class Initialized
INFO - 2024-12-19 20:21:45 --> Output Class Initialized
INFO - 2024-12-19 20:21:45 --> Security Class Initialized
DEBUG - 2024-12-19 20:21:45 --> Global POST, GET and COOKIE data sanitized
INFO - 2024-12-19 20:21:45 --> Input Class Initialized
INFO - 2024-12-19 20:21:45 --> Language Class Initialized
INFO - 2024-12-19 20:21:45 --> Language Class Initialized
INFO - 2024-12-19 20:21:45 --> Config Class Initialized
INFO - 2024-12-19 20:21:45 --> Loader Class Initialized
INFO - 2024-12-19 20:21:45 --> Helper loaded: url_helper
INFO - 2024-12-19 20:21:45 --> Helper loaded: easyui_helper
INFO - 2024-12-19 20:21:45 --> Helper loaded: param_helper
INFO - 2024-12-19 20:21:45 --> Helper loaded: credential_helper
INFO - 2024-12-19 20:21:45 --> Helper loaded: template_helper
INFO - 2024-12-19 20:21:45 --> Helper loaded: rest_helper
INFO - 2024-12-19 20:21:45 --> Database Driver Class Initialized
DEBUG - 2024-12-19 20:21:45 --> Idgenerator class already loaded. Second attempt ignored.
INFO - 2024-12-19 20:21:45 --> Controller Class Initialized
INFO - 2024-12-19 20:21:45 --> Model Class Initialized
DEBUG - 2024-12-19 20:21:45 --> File loaded: /apps/web-drc/application/modules/api_v1/models/Api_v1_model.php
INFO - 2024-12-19 20:21:45 --> Model Class Initialized
INFO - 2024-12-19 20:21:45 --> Final output sent to browser
DEBUG - 2024-12-19 20:21:45 --> Total execution time: 0.0032
INFO - 2024-12-19 20:21:45 --> Config Class Initialized
INFO - 2024-12-19 20:21:45 --> Hooks Class Initialized
DEBUG - 2024-12-19 20:21:45 --> UTF-8 Support Enabled
INFO - 2024-12-19 20:21:45 --> Utf8 Class Initialized
INFO - 2024-12-19 20:21:45 --> URI Class Initialized
INFO - 2024-12-19 20:21:45 --> Router Class Initialized
INFO - 2024-12-19 20:21:45 --> Output Class Initialized
INFO - 2024-12-19 20:21:45 --> Security Class Initialized
DEBUG - 2024-12-19 20:21:45 --> Global POST, GET and COOKIE data sanitized
INFO - 2024-12-19 20:21:45 --> Input Class Initialized
INFO - 2024-12-19 20:21:45 --> Language Class Initialized
INFO - 2024-12-19 20:21:45 --> Language Class Initialized
INFO - 2024-12-19 20:21:45 --> Config Class Initialized
INFO - 2024-12-19 20:21:45 --> Loader Class Initialized
INFO - 2024-12-19 20:21:45 --> Helper loaded: url_helper
INFO - 2024-12-19 20:21:45 --> Helper loaded: easyui_helper
INFO - 2024-12-19 20:21:45 --> Helper loaded: param_helper
INFO - 2024-12-19 20:21:45 --> Helper loaded: credential_helper
INFO - 2024-12-19 20:21:45 --> Helper loaded: template_helper
INFO - 2024-12-19 20:21:45 --> Helper loaded: rest_helper
INFO - 2024-12-19 20:21:45 --> Database Driver Class Initialized
DEBUG - 2024-12-19 20:21:45 --> Idgenerator class already loaded. Second attempt ignored.
INFO - 2024-12-19 20:21:45 --> Controller Class Initialized
INFO - 2024-12-19 20:21:45 --> Model Class Initialized
DEBUG - 2024-12-19 20:21:45 --> File loaded: /apps/web-drc/application/modules/api_v1/models/Api_v1_model.php
INFO - 2024-12-19 20:21:45 --> Model Class Initialized
INFO - 2024-12-19 20:21:45 --> Final output sent to browser
DEBUG - 2024-12-19 20:21:45 --> Total execution time: 0.0034
INFO - 2024-12-19 20:21:45 --> Config Class Initialized
INFO - 2024-12-19 20:21:45 --> Hooks Class Initialized
DEBUG - 2024-12-19 20:21:45 --> UTF-8 Support Enabled
INFO - 2024-12-19 20:21:45 --> Utf8 Class Initialized
INFO - 2024-12-19 20:21:45 --> URI Class Initialized
INFO - 2024-12-19 20:21:45 --> Router Class Initialized
INFO - 2024-12-19 20:21:45 --> Output Class Initialized
INFO - 2024-12-19 20:21:45 --> Security Class Initialized
DEBUG - 2024-12-19 20:21:45 --> Global POST, GET and COOKIE data sanitized
INFO - 2024-12-19 20:21:45 --> Input Class Initialized
INFO - 2024-12-19 20:21:45 --> Language Class Initialized
INFO - 2024-12-19 20:21:45 --> Language Class Initialized
INFO - 2024-12-19 20:21:45 --> Config Class Initialized
INFO - 2024-12-19 20:21:45 --> Loader Class Initialized
INFO - 2024-12-19 20:21:45 --> Helper loaded: url_helper
INFO - 2024-12-19 20:21:45 --> Helper loaded: easyui_helper
INFO - 2024-12-19 20:21:45 --> Helper loaded: param_helper
INFO - 2024-12-19 20:21:45 --> Helper loaded: credential_helper
INFO - 2024-12-19 20:21:45 --> Helper loaded: template_helper
INFO - 2024-12-19 20:21:45 --> Helper loaded: rest_helper
INFO - 2024-12-19 20:21:45 --> Database Driver Class Initialized
DEBUG - 2024-12-19 20:21:45 --> Idgenerator class already loaded. Second attempt ignored.
INFO - 2024-12-19 20:21:45 --> Controller Class Initialized
INFO - 2024-12-19 20:21:45 --> Model Class Initialized
DEBUG - 2024-12-19 20:21:45 --> File loaded: /apps/web-drc/application/modules/api_v1/models/Api_v1_model.php
INFO - 2024-12-19 20:21:45 --> Model Class Initialized
INFO - 2024-12-19 20:21:45 --> Final output sent to browser
DEBUG - 2024-12-19 20:21:45 --> Total execution time: 0.0036
INFO - 2024-12-19 20:21:45 --> Config Class Initialized
INFO - 2024-12-19 20:21:45 --> Hooks Class Initialized
DEBUG - 2024-12-19 20:21:45 --> UTF-8 Support Enabled
INFO - 2024-12-19 20:21:45 --> Utf8 Class Initialized
INFO - 2024-12-19 20:21:45 --> URI Class Initialized
INFO - 2024-12-19 20:21:45 --> Router Class Initialized
INFO - 2024-12-19 20:21:45 --> Output Class Initialized
INFO - 2024-12-19 20:21:45 --> Security Class Initialized
DEBUG - 2024-12-19 20:21:45 --> Global POST, GET and COOKIE data sanitized
INFO - 2024-12-19 20:21:45 --> Input Class Initialized
INFO - 2024-12-19 20:21:45 --> Language Class Initialized
INFO - 2024-12-19 20:21:45 --> Language Class Initialized
INFO - 2024-12-19 20:21:45 --> Config Class Initialized
INFO - 2024-12-19 20:21:45 --> Loader Class Initialized
INFO - 2024-12-19 20:21:45 --> Helper loaded: url_helper
INFO - 2024-12-19 20:21:45 --> Helper loaded: easyui_helper
INFO - 2024-12-19 20:21:45 --> Helper loaded: param_helper
INFO - 2024-12-19 20:21:45 --> Helper loaded: credential_helper
INFO - 2024-12-19 20:21:45 --> Helper loaded: template_helper
INFO - 2024-12-19 20:21:45 --> Helper loaded: rest_helper
INFO - 2024-12-19 20:21:45 --> Database Driver Class Initialized
DEBUG - 2024-12-19 20:21:45 --> Idgenerator class already loaded. Second attempt ignored.
INFO - 2024-12-19 20:21:45 --> Controller Class Initialized
INFO - 2024-12-19 20:21:45 --> Model Class Initialized
DEBUG - 2024-12-19 20:21:45 --> File loaded: /apps/web-drc/application/modules/api_v1/models/Api_v1_model.php
INFO - 2024-12-19 20:21:45 --> Model Class Initialized
INFO - 2024-12-19 20:21:45 --> Final output sent to browser
DEBUG - 2024-12-19 20:21:45 --> Total execution time: 0.1738
INFO - 2024-12-19 20:21:45 --> Config Class Initialized
INFO - 2024-12-19 20:21:45 --> Hooks Class Initialized
DEBUG - 2024-12-19 20:21:45 --> UTF-8 Support Enabled
INFO - 2024-12-19 20:21:45 --> Utf8 Class Initialized
INFO - 2024-12-19 20:21:45 --> URI Class Initialized
INFO - 2024-12-19 20:21:45 --> Router Class Initialized
INFO - 2024-12-19 20:21:45 --> Output Class Initialized
INFO - 2024-12-19 20:21:45 --> Security Class Initialized
DEBUG - 2024-12-19 20:21:45 --> Global POST, GET and COOKIE data sanitized
INFO - 2024-12-19 20:21:45 --> Input Class Initialized
INFO - 2024-12-19 20:21:45 --> Language Class Initialized
INFO - 2024-12-19 20:21:45 --> Language Class Initialized
INFO - 2024-12-19 20:21:45 --> Config Class Initialized
INFO - 2024-12-19 20:21:45 --> Loader Class Initialized
INFO - 2024-12-19 20:21:45 --> Helper loaded: url_helper
INFO - 2024-12-19 20:21:45 --> Helper loaded: easyui_helper
INFO - 2024-12-19 20:21:45 --> Helper loaded: param_helper
INFO - 2024-12-19 20:21:45 --> Helper loaded: credential_helper
INFO - 2024-12-19 20:21:45 --> Helper loaded: template_helper
INFO - 2024-12-19 20:21:45 --> Helper loaded: rest_helper
INFO - 2024-12-19 20:21:45 --> Database Driver Class Initialized
DEBUG - 2024-12-19 20:21:45 --> Idgenerator class already loaded. Second attempt ignored.
INFO - 2024-12-19 20:21:45 --> Controller Class Initialized
INFO - 2024-12-19 20:21:45 --> Model Class Initialized
DEBUG - 2024-12-19 20:21:45 --> File loaded: /apps/web-drc/application/modules/api_v1/models/Api_v1_model.php
INFO - 2024-12-19 20:21:45 --> Model Class Initialized
INFO - 2024-12-19 20:21:45 --> Final output sent to browser
DEBUG - 2024-12-19 20:21:45 --> Total execution time: 0.0036
INFO - 2024-12-19 20:21:45 --> Config Class Initialized
INFO - 2024-12-19 20:21:45 --> Hooks Class Initialized
DEBUG - 2024-12-19 20:21:45 --> UTF-8 Support Enabled
INFO - 2024-12-19 20:21:45 --> Utf8 Class Initialized
INFO - 2024-12-19 20:21:45 --> URI Class Initialized
INFO - 2024-12-19 20:21:45 --> Router Class Initialized
INFO - 2024-12-19 20:21:45 --> Output Class Initialized
INFO - 2024-12-19 20:21:45 --> Security Class Initialized
DEBUG - 2024-12-19 20:21:45 --> Global POST, GET and COOKIE data sanitized
INFO - 2024-12-19 20:21:45 --> Input Class Initialized
INFO - 2024-12-19 20:21:45 --> Language Class Initialized
INFO - 2024-12-19 20:21:45 --> Language Class Initialized
INFO - 2024-12-19 20:21:45 --> Config Class Initialized
INFO - 2024-12-19 20:21:45 --> Loader Class Initialized
INFO - 2024-12-19 20:21:45 --> Helper loaded: url_helper
INFO - 2024-12-19 20:21:45 --> Helper loaded: easyui_helper
INFO - 2024-12-19 20:21:45 --> Helper loaded: param_helper
INFO - 2024-12-19 20:21:45 --> Helper loaded: credential_helper
INFO - 2024-12-19 20:21:45 --> Helper loaded: template_helper
INFO - 2024-12-19 20:21:45 --> Helper loaded: rest_helper
INFO - 2024-12-19 20:21:45 --> Database Driver Class Initialized
DEBUG - 2024-12-19 20:21:45 --> Idgenerator class already loaded. Second attempt ignored.
INFO - 2024-12-19 20:21:45 --> Controller Class Initialized
INFO - 2024-12-19 20:21:45 --> Model Class Initialized
DEBUG - 2024-12-19 20:21:45 --> File loaded: /apps/web-drc/application/modules/api_v1/models/Api_v1_model.php
INFO - 2024-12-19 20:21:45 --> Model Class Initialized
INFO - 2024-12-19 20:21:45 --> Final output sent to browser
DEBUG - 2024-12-19 20:21:45 --> Total execution time: 0.0031
INFO - 2024-12-19 20:27:43 --> Config Class Initialized
INFO - 2024-12-19 20:27:43 --> Hooks Class Initialized
DEBUG - 2024-12-19 20:27:43 --> UTF-8 Support Enabled
INFO - 2024-12-19 20:27:43 --> Utf8 Class Initialized
INFO - 2024-12-19 20:27:43 --> URI Class Initialized
INFO - 2024-12-19 20:27:43 --> Router Class Initialized
INFO - 2024-12-19 20:27:43 --> Output Class Initialized
INFO - 2024-12-19 20:27:43 --> Security Class Initialized
DEBUG - 2024-12-19 20:27:43 --> Global POST, GET and COOKIE data sanitized
INFO - 2024-12-19 20:27:43 --> Input Class Initialized
INFO - 2024-12-19 20:27:43 --> Language Class Initialized
INFO - 2024-12-19 20:27:43 --> Language Class Initialized
INFO - 2024-12-19 20:27:43 --> Config Class Initialized
INFO - 2024-12-19 20:27:43 --> Loader Class Initialized
INFO - 2024-12-19 20:27:43 --> Helper loaded: url_helper
INFO - 2024-12-19 20:27:43 --> Helper loaded: easyui_helper
INFO - 2024-12-19 20:27:43 --> Helper loaded: param_helper
INFO - 2024-12-19 20:27:43 --> Helper loaded: credential_helper
INFO - 2024-12-19 20:27:43 --> Helper loaded: template_helper
INFO - 2024-12-19 20:27:43 --> Helper loaded: rest_helper
INFO - 2024-12-19 20:27:43 --> Database Driver Class Initialized
DEBUG - 2024-12-19 20:27:43 --> Idgenerator class already loaded. Second attempt ignored.
INFO - 2024-12-19 20:27:43 --> Controller Class Initialized
INFO - 2024-12-19 20:27:43 --> Model Class Initialized
DEBUG - 2024-12-19 20:27:43 --> File loaded: /apps/web-drc/application/modules/ref_request_new_outlet/models/Request_new_outlet_model.php
INFO - 2024-12-19 20:27:43 --> Model Class Initialized
DEBUG - 2024-12-19 20:27:43 --> File loaded: /apps/web-drc/application/modules/ref_request_new_outlet/views/form.php
DEBUG - 2024-12-19 20:27:43 --> File loaded: /apps/web-drc/application/views/templates/header.php
DEBUG - 2024-12-19 20:27:43 --> File loaded: /apps/web-drc/application/views/templates/toolbar.php
DEBUG - 2024-12-19 20:27:43 --> File loaded: /apps/web-drc/application/views/templates/sidebar.php
DEBUG - 2024-12-19 20:27:43 --> File loaded: /apps/web-drc/application/views/templates/contents.php
DEBUG - 2024-12-19 20:27:43 --> File loaded: /apps/web-drc/application/views/templates/content_footer.php
DEBUG - 2024-12-19 20:27:43 --> File loaded: /apps/web-drc/application/views/templates/footer.php
DEBUG - 2024-12-19 20:27:43 --> File loaded: /apps/web-drc/application/views/templates/default.php
INFO - 2024-12-19 20:27:43 --> Final output sent to browser
DEBUG - 2024-12-19 20:27:43 --> Total execution time: 0.0091
INFO - 2024-12-19 20:27:44 --> Config Class Initialized
INFO - 2024-12-19 20:27:44 --> Hooks Class Initialized
DEBUG - 2024-12-19 20:27:44 --> UTF-8 Support Enabled
INFO - 2024-12-19 20:27:44 --> Utf8 Class Initialized
INFO - 2024-12-19 20:27:44 --> URI Class Initialized
INFO - 2024-12-19 20:27:44 --> Router Class Initialized
INFO - 2024-12-19 20:27:44 --> Output Class Initialized
INFO - 2024-12-19 20:27:44 --> Security Class Initialized
DEBUG - 2024-12-19 20:27:44 --> Global POST, GET and COOKIE data sanitized
INFO - 2024-12-19 20:27:44 --> Input Class Initialized
INFO - 2024-12-19 20:27:44 --> Language Class Initialized
INFO - 2024-12-19 20:27:44 --> Language Class Initialized
INFO - 2024-12-19 20:27:44 --> Config Class Initialized
INFO - 2024-12-19 20:27:44 --> Loader Class Initialized
INFO - 2024-12-19 20:27:44 --> Helper loaded: url_helper
INFO - 2024-12-19 20:27:44 --> Helper loaded: easyui_helper
INFO - 2024-12-19 20:27:44 --> Helper loaded: param_helper
INFO - 2024-12-19 20:27:44 --> Helper loaded: credential_helper
INFO - 2024-12-19 20:27:44 --> Helper loaded: template_helper
INFO - 2024-12-19 20:27:44 --> Helper loaded: rest_helper
INFO - 2024-12-19 20:27:44 --> Database Driver Class Initialized
DEBUG - 2024-12-19 20:27:44 --> Idgenerator class already loaded. Second attempt ignored.
INFO - 2024-12-19 20:27:44 --> Controller Class Initialized
INFO - 2024-12-19 20:27:44 --> Model Class Initialized
DEBUG - 2024-12-19 20:27:44 --> File loaded: /apps/web-drc/application/modules/ref_customer_segment/models/Customer_segment_model.php
INFO - 2024-12-19 20:27:44 --> Model Class Initialized
INFO - 2024-12-19 20:27:44 --> Final output sent to browser
DEBUG - 2024-12-19 20:27:44 --> Total execution time: 0.0040
INFO - 2024-12-19 20:27:44 --> Config Class Initialized
INFO - 2024-12-19 20:27:44 --> Hooks Class Initialized
DEBUG - 2024-12-19 20:27:44 --> UTF-8 Support Enabled
INFO - 2024-12-19 20:27:44 --> Utf8 Class Initialized
INFO - 2024-12-19 20:27:44 --> URI Class Initialized
INFO - 2024-12-19 20:27:44 --> Router Class Initialized
INFO - 2024-12-19 20:27:44 --> Output Class Initialized
INFO - 2024-12-19 20:27:44 --> Security Class Initialized
DEBUG - 2024-12-19 20:27:44 --> Global POST, GET and COOKIE data sanitized
INFO - 2024-12-19 20:27:44 --> Input Class Initialized
INFO - 2024-12-19 20:27:44 --> Language Class Initialized
INFO - 2024-12-19 20:27:44 --> Language Class Initialized
INFO - 2024-12-19 20:27:44 --> Config Class Initialized
INFO - 2024-12-19 20:27:44 --> Loader Class Initialized
INFO - 2024-12-19 20:27:44 --> Helper loaded: url_helper
INFO - 2024-12-19 20:27:44 --> Helper loaded: easyui_helper
INFO - 2024-12-19 20:27:44 --> Helper loaded: param_helper
INFO - 2024-12-19 20:27:44 --> Helper loaded: credential_helper
INFO - 2024-12-19 20:27:44 --> Helper loaded: template_helper
INFO - 2024-12-19 20:27:44 --> Helper loaded: rest_helper
INFO - 2024-12-19 20:27:44 --> Database Driver Class Initialized
DEBUG - 2024-12-19 20:27:44 --> Idgenerator class already loaded. Second attempt ignored.
INFO - 2024-12-19 20:27:44 --> Controller Class Initialized
INFO - 2024-12-19 20:27:44 --> Model Class Initialized
DEBUG - 2024-12-19 20:27:44 --> File loaded: /apps/web-drc/application/modules/ref_customer_type/models/Customer_type_model.php
INFO - 2024-12-19 20:27:44 --> Model Class Initialized
INFO - 2024-12-19 20:27:44 --> Final output sent to browser
DEBUG - 2024-12-19 20:27:44 --> Total execution time: 0.0030
INFO - 2024-12-19 20:27:44 --> Config Class Initialized
INFO - 2024-12-19 20:27:44 --> Hooks Class Initialized
DEBUG - 2024-12-19 20:27:44 --> UTF-8 Support Enabled
INFO - 2024-12-19 20:27:44 --> Utf8 Class Initialized
INFO - 2024-12-19 20:27:44 --> URI Class Initialized
INFO - 2024-12-19 20:27:44 --> Router Class Initialized
INFO - 2024-12-19 20:27:44 --> Output Class Initialized
INFO - 2024-12-19 20:27:44 --> Security Class Initialized
DEBUG - 2024-12-19 20:27:44 --> Global POST, GET and COOKIE data sanitized
INFO - 2024-12-19 20:27:44 --> Input Class Initialized
INFO - 2024-12-19 20:27:44 --> Language Class Initialized
INFO - 2024-12-19 20:27:44 --> Language Class Initialized
INFO - 2024-12-19 20:27:44 --> Config Class Initialized
INFO - 2024-12-19 20:27:44 --> Loader Class Initialized
INFO - 2024-12-19 20:27:44 --> Helper loaded: url_helper
INFO - 2024-12-19 20:27:44 --> Helper loaded: easyui_helper
INFO - 2024-12-19 20:27:44 --> Helper loaded: param_helper
INFO - 2024-12-19 20:27:44 --> Helper loaded: credential_helper
INFO - 2024-12-19 20:27:44 --> Helper loaded: template_helper
INFO - 2024-12-19 20:27:44 --> Helper loaded: rest_helper
INFO - 2024-12-19 20:27:44 --> Database Driver Class Initialized
DEBUG - 2024-12-19 20:27:44 --> Idgenerator class already loaded. Second attempt ignored.
INFO - 2024-12-19 20:27:44 --> Controller Class Initialized
INFO - 2024-12-19 20:27:44 --> Model Class Initialized
DEBUG - 2024-12-19 20:27:44 --> File loaded: /apps/web-drc/application/modules/ref_customer_class/models/Customer_class_model.php
INFO - 2024-12-19 20:27:44 --> Model Class Initialized
INFO - 2024-12-19 20:27:44 --> Final output sent to browser
DEBUG - 2024-12-19 20:27:44 --> Total execution time: 0.0034
INFO - 2024-12-19 20:27:44 --> Config Class Initialized
INFO - 2024-12-19 20:27:44 --> Hooks Class Initialized
DEBUG - 2024-12-19 20:27:44 --> UTF-8 Support Enabled
INFO - 2024-12-19 20:27:44 --> Utf8 Class Initialized
INFO - 2024-12-19 20:27:44 --> URI Class Initialized
INFO - 2024-12-19 20:27:44 --> Router Class Initialized
INFO - 2024-12-19 20:27:44 --> Output Class Initialized
INFO - 2024-12-19 20:27:44 --> Security Class Initialized
DEBUG - 2024-12-19 20:27:44 --> Global POST, GET and COOKIE data sanitized
INFO - 2024-12-19 20:27:44 --> Input Class Initialized
INFO - 2024-12-19 20:27:44 --> Language Class Initialized
INFO - 2024-12-19 20:27:44 --> Language Class Initialized
INFO - 2024-12-19 20:27:44 --> Config Class Initialized
INFO - 2024-12-19 20:27:44 --> Loader Class Initialized
INFO - 2024-12-19 20:27:44 --> Helper loaded: url_helper
INFO - 2024-12-19 20:27:44 --> Helper loaded: easyui_helper
INFO - 2024-12-19 20:27:44 --> Helper loaded: param_helper
INFO - 2024-12-19 20:27:44 --> Helper loaded: credential_helper
INFO - 2024-12-19 20:27:44 --> Helper loaded: template_helper
INFO - 2024-12-19 20:27:44 --> Helper loaded: rest_helper
INFO - 2024-12-19 20:27:44 --> Database Driver Class Initialized
DEBUG - 2024-12-19 20:27:44 --> Idgenerator class already loaded. Second attempt ignored.
INFO - 2024-12-19 20:27:44 --> Controller Class Initialized
INFO - 2024-12-19 20:27:44 --> Model Class Initialized
DEBUG - 2024-12-19 20:27:44 --> File loaded: /apps/web-drc/application/modules/api_v1/models/Api_v1_model.php
INFO - 2024-12-19 20:27:44 --> Model Class Initialized
INFO - 2024-12-19 20:27:44 --> Final output sent to browser
DEBUG - 2024-12-19 20:27:44 --> Total execution time: 0.0029
INFO - 2024-12-19 20:27:44 --> Config Class Initialized
INFO - 2024-12-19 20:27:44 --> Hooks Class Initialized
DEBUG - 2024-12-19 20:27:44 --> UTF-8 Support Enabled
INFO - 2024-12-19 20:27:44 --> Utf8 Class Initialized
INFO - 2024-12-19 20:27:44 --> URI Class Initialized
INFO - 2024-12-19 20:27:44 --> Router Class Initialized
INFO - 2024-12-19 20:27:44 --> Output Class Initialized
INFO - 2024-12-19 20:27:44 --> Security Class Initialized
DEBUG - 2024-12-19 20:27:44 --> Global POST, GET and COOKIE data sanitized
INFO - 2024-12-19 20:27:44 --> Input Class Initialized
INFO - 2024-12-19 20:27:44 --> Language Class Initialized
INFO - 2024-12-19 20:27:44 --> Language Class Initialized
INFO - 2024-12-19 20:27:44 --> Config Class Initialized
INFO - 2024-12-19 20:27:44 --> Loader Class Initialized
INFO - 2024-12-19 20:27:44 --> Helper loaded: url_helper
INFO - 2024-12-19 20:27:44 --> Helper loaded: easyui_helper
INFO - 2024-12-19 20:27:44 --> Helper loaded: param_helper
INFO - 2024-12-19 20:27:44 --> Helper loaded: credential_helper
INFO - 2024-12-19 20:27:44 --> Helper loaded: template_helper
INFO - 2024-12-19 20:27:44 --> Helper loaded: rest_helper
INFO - 2024-12-19 20:27:44 --> Database Driver Class Initialized
DEBUG - 2024-12-19 20:27:44 --> Idgenerator class already loaded. Second attempt ignored.
INFO - 2024-12-19 20:27:44 --> Controller Class Initialized
INFO - 2024-12-19 20:27:44 --> Model Class Initialized
DEBUG - 2024-12-19 20:27:44 --> File loaded: /apps/web-drc/application/modules/api_v1/models/Api_v1_model.php
INFO - 2024-12-19 20:27:44 --> Model Class Initialized
INFO - 2024-12-19 20:27:44 --> Final output sent to browser
DEBUG - 2024-12-19 20:27:44 --> Total execution time: 0.0033
INFO - 2024-12-19 20:27:44 --> Config Class Initialized
INFO - 2024-12-19 20:27:44 --> Hooks Class Initialized
DEBUG - 2024-12-19 20:27:44 --> UTF-8 Support Enabled
INFO - 2024-12-19 20:27:44 --> Utf8 Class Initialized
INFO - 2024-12-19 20:27:44 --> URI Class Initialized
INFO - 2024-12-19 20:27:44 --> Router Class Initialized
INFO - 2024-12-19 20:27:44 --> Output Class Initialized
INFO - 2024-12-19 20:27:44 --> Security Class Initialized
DEBUG - 2024-12-19 20:27:44 --> Global POST, GET and COOKIE data sanitized
INFO - 2024-12-19 20:27:44 --> Input Class Initialized
INFO - 2024-12-19 20:27:44 --> Language Class Initialized
INFO - 2024-12-19 20:27:44 --> Language Class Initialized
INFO - 2024-12-19 20:27:44 --> Config Class Initialized
INFO - 2024-12-19 20:27:44 --> Loader Class Initialized
INFO - 2024-12-19 20:27:44 --> Helper loaded: url_helper
INFO - 2024-12-19 20:27:44 --> Helper loaded: easyui_helper
INFO - 2024-12-19 20:27:44 --> Helper loaded: param_helper
INFO - 2024-12-19 20:27:44 --> Helper loaded: credential_helper
INFO - 2024-12-19 20:27:44 --> Helper loaded: template_helper
INFO - 2024-12-19 20:27:44 --> Helper loaded: rest_helper
INFO - 2024-12-19 20:27:44 --> Database Driver Class Initialized
DEBUG - 2024-12-19 20:27:44 --> Idgenerator class already loaded. Second attempt ignored.
INFO - 2024-12-19 20:27:44 --> Controller Class Initialized
INFO - 2024-12-19 20:27:44 --> Model Class Initialized
DEBUG - 2024-12-19 20:27:44 --> File loaded: /apps/web-drc/application/modules/api_v1/models/Api_v1_model.php
INFO - 2024-12-19 20:27:44 --> Model Class Initialized
INFO - 2024-12-19 20:27:44 --> Final output sent to browser
DEBUG - 2024-12-19 20:27:44 --> Total execution time: 0.2139
INFO - 2024-12-19 20:27:44 --> Config Class Initialized
INFO - 2024-12-19 20:27:44 --> Hooks Class Initialized
DEBUG - 2024-12-19 20:27:44 --> UTF-8 Support Enabled
INFO - 2024-12-19 20:27:44 --> Utf8 Class Initialized
INFO - 2024-12-19 20:27:44 --> URI Class Initialized
INFO - 2024-12-19 20:27:44 --> Router Class Initialized
INFO - 2024-12-19 20:27:44 --> Output Class Initialized
INFO - 2024-12-19 20:27:44 --> Security Class Initialized
DEBUG - 2024-12-19 20:27:44 --> Global POST, GET and COOKIE data sanitized
INFO - 2024-12-19 20:27:44 --> Input Class Initialized
INFO - 2024-12-19 20:27:44 --> Language Class Initialized
INFO - 2024-12-19 20:27:44 --> Language Class Initialized
INFO - 2024-12-19 20:27:44 --> Config Class Initialized
INFO - 2024-12-19 20:27:44 --> Loader Class Initialized
INFO - 2024-12-19 20:27:44 --> Helper loaded: url_helper
INFO - 2024-12-19 20:27:44 --> Helper loaded: easyui_helper
INFO - 2024-12-19 20:27:44 --> Helper loaded: param_helper
INFO - 2024-12-19 20:27:44 --> Helper loaded: credential_helper
INFO - 2024-12-19 20:27:44 --> Helper loaded: template_helper
INFO - 2024-12-19 20:27:44 --> Helper loaded: rest_helper
INFO - 2024-12-19 20:27:44 --> Database Driver Class Initialized
DEBUG - 2024-12-19 20:27:44 --> Idgenerator class already loaded. Second attempt ignored.
INFO - 2024-12-19 20:27:44 --> Controller Class Initialized
INFO - 2024-12-19 20:27:44 --> Model Class Initialized
DEBUG - 2024-12-19 20:27:44 --> File loaded: /apps/web-drc/application/modules/api_v1/models/Api_v1_model.php
INFO - 2024-12-19 20:27:44 --> Model Class Initialized
INFO - 2024-12-19 20:27:44 --> Final output sent to browser
DEBUG - 2024-12-19 20:27:44 --> Total execution time: 0.0032
INFO - 2024-12-19 20:27:44 --> Config Class Initialized
INFO - 2024-12-19 20:27:44 --> Hooks Class Initialized
DEBUG - 2024-12-19 20:27:44 --> UTF-8 Support Enabled
INFO - 2024-12-19 20:27:44 --> Utf8 Class Initialized
INFO - 2024-12-19 20:27:44 --> URI Class Initialized
INFO - 2024-12-19 20:27:44 --> Router Class Initialized
INFO - 2024-12-19 20:27:44 --> Output Class Initialized
INFO - 2024-12-19 20:27:44 --> Security Class Initialized
DEBUG - 2024-12-19 20:27:44 --> Global POST, GET and COOKIE data sanitized
INFO - 2024-12-19 20:27:44 --> Input Class Initialized
INFO - 2024-12-19 20:27:44 --> Language Class Initialized
INFO - 2024-12-19 20:27:44 --> Language Class Initialized
INFO - 2024-12-19 20:27:44 --> Config Class Initialized
INFO - 2024-12-19 20:27:44 --> Loader Class Initialized
INFO - 2024-12-19 20:27:44 --> Helper loaded: url_helper
INFO - 2024-12-19 20:27:44 --> Helper loaded: easyui_helper
INFO - 2024-12-19 20:27:44 --> Helper loaded: param_helper
INFO - 2024-12-19 20:27:44 --> Helper loaded: credential_helper
INFO - 2024-12-19 20:27:44 --> Helper loaded: template_helper
INFO - 2024-12-19 20:27:44 --> Helper loaded: rest_helper
INFO - 2024-12-19 20:27:44 --> Database Driver Class Initialized
DEBUG - 2024-12-19 20:27:44 --> Idgenerator class already loaded. Second attempt ignored.
INFO - 2024-12-19 20:27:44 --> Controller Class Initialized
INFO - 2024-12-19 20:27:44 --> Model Class Initialized
DEBUG - 2024-12-19 20:27:44 --> File loaded: /apps/web-drc/application/modules/api_v1/models/Api_v1_model.php
INFO - 2024-12-19 20:27:44 --> Model Class Initialized
INFO - 2024-12-19 20:27:44 --> Final output sent to browser
DEBUG - 2024-12-19 20:27:44 --> Total execution time: 0.0032
INFO - 2024-12-19 20:27:44 --> Config Class Initialized
INFO - 2024-12-19 20:27:44 --> Hooks Class Initialized
DEBUG - 2024-12-19 20:27:44 --> UTF-8 Support Enabled
INFO - 2024-12-19 20:27:44 --> Utf8 Class Initialized
INFO - 2024-12-19 20:27:44 --> URI Class Initialized
INFO - 2024-12-19 20:27:44 --> Router Class Initialized
INFO - 2024-12-19 20:27:44 --> Output Class Initialized
INFO - 2024-12-19 20:27:44 --> Security Class Initialized
DEBUG - 2024-12-19 20:27:44 --> Global POST, GET and COOKIE data sanitized
INFO - 2024-12-19 20:27:44 --> Input Class Initialized
INFO - 2024-12-19 20:27:44 --> Language Class Initialized
INFO - 2024-12-19 20:27:44 --> Language Class Initialized
INFO - 2024-12-19 20:27:44 --> Config Class Initialized
INFO - 2024-12-19 20:27:44 --> Loader Class Initialized
INFO - 2024-12-19 20:27:44 --> Helper loaded: url_helper
INFO - 2024-12-19 20:27:44 --> Helper loaded: easyui_helper
INFO - 2024-12-19 20:27:44 --> Helper loaded: param_helper
INFO - 2024-12-19 20:27:44 --> Helper loaded: credential_helper
INFO - 2024-12-19 20:27:44 --> Helper loaded: template_helper
INFO - 2024-12-19 20:27:44 --> Helper loaded: rest_helper
INFO - 2024-12-19 20:27:44 --> Database Driver Class Initialized
DEBUG - 2024-12-19 20:27:44 --> Idgenerator class already loaded. Second attempt ignored.
INFO - 2024-12-19 20:27:44 --> Controller Class Initialized
INFO - 2024-12-19 20:27:44 --> Model Class Initialized
DEBUG - 2024-12-19 20:27:44 --> File loaded: /apps/web-drc/application/modules/api_v1/models/Api_v1_model.php
INFO - 2024-12-19 20:27:44 --> Model Class Initialized
INFO - 2024-12-19 20:27:44 --> Final output sent to browser
DEBUG - 2024-12-19 20:27:44 --> Total execution time: 0.0034
INFO - 2024-12-19 20:27:44 --> Config Class Initialized
INFO - 2024-12-19 20:27:44 --> Hooks Class Initialized
DEBUG - 2024-12-19 20:27:44 --> UTF-8 Support Enabled
INFO - 2024-12-19 20:27:44 --> Utf8 Class Initialized
INFO - 2024-12-19 20:27:44 --> URI Class Initialized
INFO - 2024-12-19 20:27:44 --> Router Class Initialized
INFO - 2024-12-19 20:27:44 --> Output Class Initialized
INFO - 2024-12-19 20:27:44 --> Security Class Initialized
DEBUG - 2024-12-19 20:27:44 --> Global POST, GET and COOKIE data sanitized
INFO - 2024-12-19 20:27:44 --> Input Class Initialized
INFO - 2024-12-19 20:27:44 --> Language Class Initialized
INFO - 2024-12-19 20:27:44 --> Language Class Initialized
INFO - 2024-12-19 20:27:44 --> Config Class Initialized
INFO - 2024-12-19 20:27:44 --> Loader Class Initialized
INFO - 2024-12-19 20:27:44 --> Helper loaded: url_helper
INFO - 2024-12-19 20:27:44 --> Helper loaded: easyui_helper
INFO - 2024-12-19 20:27:44 --> Helper loaded: param_helper
INFO - 2024-12-19 20:27:44 --> Helper loaded: credential_helper
INFO - 2024-12-19 20:27:44 --> Helper loaded: template_helper
INFO - 2024-12-19 20:27:44 --> Helper loaded: rest_helper
INFO - 2024-12-19 20:27:44 --> Database Driver Class Initialized
DEBUG - 2024-12-19 20:27:44 --> Idgenerator class already loaded. Second attempt ignored.
INFO - 2024-12-19 20:27:44 --> Controller Class Initialized
INFO - 2024-12-19 20:27:44 --> Model Class Initialized
DEBUG - 2024-12-19 20:27:44 --> File loaded: /apps/web-drc/application/modules/api_v1/models/Api_v1_model.php
INFO - 2024-12-19 20:27:44 --> Model Class Initialized
INFO - 2024-12-19 20:27:44 --> Final output sent to browser
DEBUG - 2024-12-19 20:27:44 --> Total execution time: 0.0031
INFO - 2024-12-19 20:27:44 --> Config Class Initialized
INFO - 2024-12-19 20:27:44 --> Hooks Class Initialized
DEBUG - 2024-12-19 20:27:44 --> UTF-8 Support Enabled
INFO - 2024-12-19 20:27:44 --> Utf8 Class Initialized
INFO - 2024-12-19 20:27:44 --> URI Class Initialized
INFO - 2024-12-19 20:27:44 --> Router Class Initialized
INFO - 2024-12-19 20:27:44 --> Output Class Initialized
INFO - 2024-12-19 20:27:44 --> Security Class Initialized
DEBUG - 2024-12-19 20:27:44 --> Global POST, GET and COOKIE data sanitized
INFO - 2024-12-19 20:27:44 --> Input Class Initialized
INFO - 2024-12-19 20:27:44 --> Language Class Initialized
INFO - 2024-12-19 20:27:44 --> Language Class Initialized
INFO - 2024-12-19 20:27:44 --> Config Class Initialized
INFO - 2024-12-19 20:27:44 --> Loader Class Initialized
INFO - 2024-12-19 20:27:44 --> Helper loaded: url_helper
INFO - 2024-12-19 20:27:44 --> Helper loaded: easyui_helper
INFO - 2024-12-19 20:27:44 --> Helper loaded: param_helper
INFO - 2024-12-19 20:27:44 --> Helper loaded: credential_helper
INFO - 2024-12-19 20:27:44 --> Helper loaded: template_helper
INFO - 2024-12-19 20:27:44 --> Helper loaded: rest_helper
INFO - 2024-12-19 20:27:44 --> Database Driver Class Initialized
DEBUG - 2024-12-19 20:27:44 --> Idgenerator class already loaded. Second attempt ignored.
INFO - 2024-12-19 20:27:44 --> Controller Class Initialized
INFO - 2024-12-19 20:27:44 --> Model Class Initialized
DEBUG - 2024-12-19 20:27:44 --> File loaded: /apps/web-drc/application/modules/api_v1/models/Api_v1_model.php
INFO - 2024-12-19 20:27:44 --> Model Class Initialized
INFO - 2024-12-19 20:27:44 --> Final output sent to browser
DEBUG - 2024-12-19 20:27:44 --> Total execution time: 0.0031
INFO - 2024-12-19 20:27:44 --> Config Class Initialized
INFO - 2024-12-19 20:27:44 --> Hooks Class Initialized
DEBUG - 2024-12-19 20:27:44 --> UTF-8 Support Enabled
INFO - 2024-12-19 20:27:44 --> Utf8 Class Initialized
INFO - 2024-12-19 20:27:44 --> URI Class Initialized
INFO - 2024-12-19 20:27:44 --> Router Class Initialized
INFO - 2024-12-19 20:27:44 --> Output Class Initialized
INFO - 2024-12-19 20:27:44 --> Security Class Initialized
DEBUG - 2024-12-19 20:27:44 --> Global POST, GET and COOKIE data sanitized
INFO - 2024-12-19 20:27:44 --> Input Class Initialized
INFO - 2024-12-19 20:27:44 --> Language Class Initialized
INFO - 2024-12-19 20:27:44 --> Language Class Initialized
INFO - 2024-12-19 20:27:44 --> Config Class Initialized
INFO - 2024-12-19 20:27:44 --> Loader Class Initialized
INFO - 2024-12-19 20:27:44 --> Helper loaded: url_helper
INFO - 2024-12-19 20:27:44 --> Helper loaded: easyui_helper
INFO - 2024-12-19 20:27:44 --> Helper loaded: param_helper
INFO - 2024-12-19 20:27:44 --> Helper loaded: credential_helper
INFO - 2024-12-19 20:27:44 --> Helper loaded: template_helper
INFO - 2024-12-19 20:27:44 --> Helper loaded: rest_helper
INFO - 2024-12-19 20:27:44 --> Database Driver Class Initialized
DEBUG - 2024-12-19 20:27:44 --> Idgenerator class already loaded. Second attempt ignored.
INFO - 2024-12-19 20:27:44 --> Controller Class Initialized
INFO - 2024-12-19 20:27:44 --> Model Class Initialized
DEBUG - 2024-12-19 20:27:44 --> File loaded: /apps/web-drc/application/modules/api_v1/models/Api_v1_model.php
INFO - 2024-12-19 20:27:44 --> Model Class Initialized
INFO - 2024-12-19 20:27:44 --> Final output sent to browser
DEBUG - 2024-12-19 20:27:44 --> Total execution time: 0.0031
INFO - 2024-12-19 20:27:44 --> Config Class Initialized
INFO - 2024-12-19 20:27:44 --> Hooks Class Initialized
DEBUG - 2024-12-19 20:27:44 --> UTF-8 Support Enabled
INFO - 2024-12-19 20:27:44 --> Utf8 Class Initialized
INFO - 2024-12-19 20:27:44 --> URI Class Initialized
INFO - 2024-12-19 20:27:44 --> Router Class Initialized
INFO - 2024-12-19 20:27:44 --> Output Class Initialized
INFO - 2024-12-19 20:27:44 --> Security Class Initialized
DEBUG - 2024-12-19 20:27:44 --> Global POST, GET and COOKIE data sanitized
INFO - 2024-12-19 20:27:44 --> Input Class Initialized
INFO - 2024-12-19 20:27:44 --> Language Class Initialized
INFO - 2024-12-19 20:27:44 --> Language Class Initialized
INFO - 2024-12-19 20:27:44 --> Config Class Initialized
INFO - 2024-12-19 20:27:44 --> Loader Class Initialized
INFO - 2024-12-19 20:27:44 --> Helper loaded: url_helper
INFO - 2024-12-19 20:27:44 --> Helper loaded: easyui_helper
INFO - 2024-12-19 20:27:44 --> Helper loaded: param_helper
INFO - 2024-12-19 20:27:44 --> Helper loaded: credential_helper
INFO - 2024-12-19 20:27:44 --> Helper loaded: template_helper
INFO - 2024-12-19 20:27:44 --> Helper loaded: rest_helper
INFO - 2024-12-19 20:27:44 --> Database Driver Class Initialized
DEBUG - 2024-12-19 20:27:44 --> Idgenerator class already loaded. Second attempt ignored.
INFO - 2024-12-19 20:27:44 --> Controller Class Initialized
INFO - 2024-12-19 20:27:44 --> Model Class Initialized
DEBUG - 2024-12-19 20:27:44 --> File loaded: /apps/web-drc/application/modules/api_v1/models/Api_v1_model.php
INFO - 2024-12-19 20:27:44 --> Model Class Initialized
INFO - 2024-12-19 20:27:45 --> Final output sent to browser
DEBUG - 2024-12-19 20:27:45 --> Total execution time: 0.2981
INFO - 2024-12-19 20:27:45 --> Config Class Initialized
INFO - 2024-12-19 20:27:45 --> Hooks Class Initialized
DEBUG - 2024-12-19 20:27:45 --> UTF-8 Support Enabled
INFO - 2024-12-19 20:27:45 --> Utf8 Class Initialized
INFO - 2024-12-19 20:27:45 --> URI Class Initialized
INFO - 2024-12-19 20:27:45 --> Router Class Initialized
INFO - 2024-12-19 20:27:45 --> Output Class Initialized
INFO - 2024-12-19 20:27:45 --> Security Class Initialized
DEBUG - 2024-12-19 20:27:45 --> Global POST, GET and COOKIE data sanitized
INFO - 2024-12-19 20:27:45 --> Input Class Initialized
INFO - 2024-12-19 20:27:45 --> Language Class Initialized
ERROR - 2024-12-19 20:27:45 --> 404 Page Not Found: /index
INFO - 2024-12-19 20:27:45 --> Config Class Initialized
INFO - 2024-12-19 20:27:45 --> Hooks Class Initialized
DEBUG - 2024-12-19 20:27:45 --> UTF-8 Support Enabled
INFO - 2024-12-19 20:27:45 --> Utf8 Class Initialized
INFO - 2024-12-19 20:27:45 --> URI Class Initialized
INFO - 2024-12-19 20:27:45 --> Router Class Initialized
INFO - 2024-12-19 20:27:45 --> Output Class Initialized
INFO - 2024-12-19 20:27:45 --> Security Class Initialized
DEBUG - 2024-12-19 20:27:45 --> Global POST, GET and COOKIE data sanitized
INFO - 2024-12-19 20:27:45 --> Input Class Initialized
INFO - 2024-12-19 20:27:45 --> Language Class Initialized
INFO - 2024-12-19 20:27:45 --> Language Class Initialized
INFO - 2024-12-19 20:27:45 --> Config Class Initialized
INFO - 2024-12-19 20:27:45 --> Loader Class Initialized
INFO - 2024-12-19 20:27:45 --> Helper loaded: url_helper
INFO - 2024-12-19 20:27:45 --> Helper loaded: easyui_helper
INFO - 2024-12-19 20:27:45 --> Helper loaded: param_helper
INFO - 2024-12-19 20:27:45 --> Helper loaded: credential_helper
INFO - 2024-12-19 20:27:45 --> Helper loaded: template_helper
INFO - 2024-12-19 20:27:45 --> Helper loaded: rest_helper
INFO - 2024-12-19 20:27:45 --> Database Driver Class Initialized
DEBUG - 2024-12-19 20:27:45 --> Idgenerator class already loaded. Second attempt ignored.
INFO - 2024-12-19 20:27:45 --> Controller Class Initialized
INFO - 2024-12-19 20:27:45 --> Model Class Initialized
DEBUG - 2024-12-19 20:27:45 --> File loaded: /apps/web-drc/application/modules/api_v1/models/Api_v1_model.php
INFO - 2024-12-19 20:27:45 --> Model Class Initialized
INFO - 2024-12-19 20:27:45 --> Final output sent to browser
DEBUG - 2024-12-19 20:27:45 --> Total execution time: 0.0034
INFO - 2024-12-19 20:27:45 --> Config Class Initialized
INFO - 2024-12-19 20:27:45 --> Hooks Class Initialized
DEBUG - 2024-12-19 20:27:45 --> UTF-8 Support Enabled
INFO - 2024-12-19 20:27:45 --> Utf8 Class Initialized
INFO - 2024-12-19 20:27:45 --> URI Class Initialized
INFO - 2024-12-19 20:27:45 --> Router Class Initialized
INFO - 2024-12-19 20:27:45 --> Output Class Initialized
INFO - 2024-12-19 20:27:45 --> Security Class Initialized
DEBUG - 2024-12-19 20:27:45 --> Global POST, GET and COOKIE data sanitized
INFO - 2024-12-19 20:27:45 --> Input Class Initialized
INFO - 2024-12-19 20:27:45 --> Language Class Initialized
INFO - 2024-12-19 20:27:45 --> Language Class Initialized
INFO - 2024-12-19 20:27:45 --> Config Class Initialized
INFO - 2024-12-19 20:27:45 --> Loader Class Initialized
INFO - 2024-12-19 20:27:45 --> Helper loaded: url_helper
INFO - 2024-12-19 20:27:45 --> Helper loaded: easyui_helper
INFO - 2024-12-19 20:27:45 --> Helper loaded: param_helper
INFO - 2024-12-19 20:27:45 --> Helper loaded: credential_helper
INFO - 2024-12-19 20:27:45 --> Helper loaded: template_helper
INFO - 2024-12-19 20:27:45 --> Helper loaded: rest_helper
INFO - 2024-12-19 20:27:45 --> Database Driver Class Initialized
DEBUG - 2024-12-19 20:27:45 --> Idgenerator class already loaded. Second attempt ignored.
INFO - 2024-12-19 20:27:45 --> Controller Class Initialized
INFO - 2024-12-19 20:27:45 --> Model Class Initialized
DEBUG - 2024-12-19 20:27:45 --> File loaded: /apps/web-drc/application/modules/api_v1/models/Api_v1_model.php
INFO - 2024-12-19 20:27:45 --> Model Class Initialized
INFO - 2024-12-19 20:27:45 --> Final output sent to browser
DEBUG - 2024-12-19 20:27:45 --> Total execution time: 0.0028
INFO - 2024-12-19 20:35:47 --> Config Class Initialized
INFO - 2024-12-19 20:35:47 --> Hooks Class Initialized
DEBUG - 2024-12-19 20:35:47 --> UTF-8 Support Enabled
INFO - 2024-12-19 20:35:47 --> Utf8 Class Initialized
INFO - 2024-12-19 20:35:47 --> URI Class Initialized
INFO - 2024-12-19 20:35:47 --> Router Class Initialized
INFO - 2024-12-19 20:35:47 --> Output Class Initialized
INFO - 2024-12-19 20:35:47 --> Security Class Initialized
DEBUG - 2024-12-19 20:35:47 --> Global POST, GET and COOKIE data sanitized
INFO - 2024-12-19 20:35:47 --> Input Class Initialized
INFO - 2024-12-19 20:35:47 --> Language Class Initialized
INFO - 2024-12-19 20:35:47 --> Language Class Initialized
INFO - 2024-12-19 20:35:47 --> Config Class Initialized
INFO - 2024-12-19 20:35:47 --> Loader Class Initialized
INFO - 2024-12-19 20:35:47 --> Helper loaded: url_helper
INFO - 2024-12-19 20:35:47 --> Helper loaded: easyui_helper
INFO - 2024-12-19 20:35:47 --> Helper loaded: param_helper
INFO - 2024-12-19 20:35:47 --> Helper loaded: credential_helper
INFO - 2024-12-19 20:35:47 --> Helper loaded: template_helper
INFO - 2024-12-19 20:35:47 --> Helper loaded: rest_helper
INFO - 2024-12-19 20:35:47 --> Database Driver Class Initialized
DEBUG - 2024-12-19 20:35:47 --> Idgenerator class already loaded. Second attempt ignored.
INFO - 2024-12-19 20:35:47 --> Controller Class Initialized
INFO - 2024-12-19 20:35:47 --> Model Class Initialized
DEBUG - 2024-12-19 20:35:47 --> File loaded: /apps/web-drc/application/modules/ref_request_new_outlet/models/Request_new_outlet_model.php
INFO - 2024-12-19 20:35:47 --> Model Class Initialized
DEBUG - 2024-12-19 20:35:47 --> File loaded: /apps/web-drc/application/modules/ref_request_new_outlet/views/form.php
DEBUG - 2024-12-19 20:35:47 --> File loaded: /apps/web-drc/application/views/templates/header.php
DEBUG - 2024-12-19 20:35:47 --> File loaded: /apps/web-drc/application/views/templates/toolbar.php
DEBUG - 2024-12-19 20:35:47 --> File loaded: /apps/web-drc/application/views/templates/sidebar.php
DEBUG - 2024-12-19 20:35:47 --> File loaded: /apps/web-drc/application/views/templates/contents.php
DEBUG - 2024-12-19 20:35:47 --> File loaded: /apps/web-drc/application/views/templates/content_footer.php
DEBUG - 2024-12-19 20:35:47 --> File loaded: /apps/web-drc/application/views/templates/footer.php
DEBUG - 2024-12-19 20:35:47 --> File loaded: /apps/web-drc/application/views/templates/default.php
INFO - 2024-12-19 20:35:47 --> Final output sent to browser
DEBUG - 2024-12-19 20:35:47 --> Total execution time: 0.0074
INFO - 2024-12-19 20:35:48 --> Config Class Initialized
INFO - 2024-12-19 20:35:48 --> Hooks Class Initialized
DEBUG - 2024-12-19 20:35:48 --> UTF-8 Support Enabled
INFO - 2024-12-19 20:35:48 --> Utf8 Class Initialized
INFO - 2024-12-19 20:35:48 --> URI Class Initialized
INFO - 2024-12-19 20:35:48 --> Router Class Initialized
INFO - 2024-12-19 20:35:48 --> Output Class Initialized
INFO - 2024-12-19 20:35:48 --> Security Class Initialized
DEBUG - 2024-12-19 20:35:48 --> Global POST, GET and COOKIE data sanitized
INFO - 2024-12-19 20:35:48 --> Input Class Initialized
INFO - 2024-12-19 20:35:48 --> Language Class Initialized
INFO - 2024-12-19 20:35:48 --> Language Class Initialized
INFO - 2024-12-19 20:35:48 --> Config Class Initialized
INFO - 2024-12-19 20:35:48 --> Loader Class Initialized
INFO - 2024-12-19 20:35:48 --> Helper loaded: url_helper
INFO - 2024-12-19 20:35:48 --> Helper loaded: easyui_helper
INFO - 2024-12-19 20:35:48 --> Helper loaded: param_helper
INFO - 2024-12-19 20:35:48 --> Helper loaded: credential_helper
INFO - 2024-12-19 20:35:48 --> Helper loaded: template_helper
INFO - 2024-12-19 20:35:48 --> Helper loaded: rest_helper
INFO - 2024-12-19 20:35:48 --> Database Driver Class Initialized
DEBUG - 2024-12-19 20:35:48 --> Idgenerator class already loaded. Second attempt ignored.
INFO - 2024-12-19 20:35:48 --> Controller Class Initialized
INFO - 2024-12-19 20:35:48 --> Model Class Initialized
DEBUG - 2024-12-19 20:35:48 --> File loaded: /apps/web-drc/application/modules/ref_customer_segment/models/Customer_segment_model.php
INFO - 2024-12-19 20:35:48 --> Model Class Initialized
INFO - 2024-12-19 20:35:48 --> Final output sent to browser
DEBUG - 2024-12-19 20:35:48 --> Total execution time: 0.0028
INFO - 2024-12-19 20:35:48 --> Config Class Initialized
INFO - 2024-12-19 20:35:48 --> Hooks Class Initialized
DEBUG - 2024-12-19 20:35:48 --> UTF-8 Support Enabled
INFO - 2024-12-19 20:35:48 --> Utf8 Class Initialized
INFO - 2024-12-19 20:35:48 --> URI Class Initialized
INFO - 2024-12-19 20:35:48 --> Router Class Initialized
INFO - 2024-12-19 20:35:48 --> Output Class Initialized
INFO - 2024-12-19 20:35:48 --> Security Class Initialized
DEBUG - 2024-12-19 20:35:48 --> Global POST, GET and COOKIE data sanitized
INFO - 2024-12-19 20:35:48 --> Input Class Initialized
INFO - 2024-12-19 20:35:48 --> Language Class Initialized
INFO - 2024-12-19 20:35:48 --> Language Class Initialized
INFO - 2024-12-19 20:35:48 --> Config Class Initialized
INFO - 2024-12-19 20:35:48 --> Loader Class Initialized
INFO - 2024-12-19 20:35:48 --> Helper loaded: url_helper
INFO - 2024-12-19 20:35:48 --> Helper loaded: easyui_helper
INFO - 2024-12-19 20:35:48 --> Helper loaded: param_helper
INFO - 2024-12-19 20:35:48 --> Helper loaded: credential_helper
INFO - 2024-12-19 20:35:48 --> Helper loaded: template_helper
INFO - 2024-12-19 20:35:48 --> Helper loaded: rest_helper
INFO - 2024-12-19 20:35:48 --> Database Driver Class Initialized
DEBUG - 2024-12-19 20:35:48 --> Idgenerator class already loaded. Second attempt ignored.
INFO - 2024-12-19 20:35:48 --> Controller Class Initialized
INFO - 2024-12-19 20:35:48 --> Model Class Initialized
DEBUG - 2024-12-19 20:35:48 --> File loaded: /apps/web-drc/application/modules/ref_customer_type/models/Customer_type_model.php
INFO - 2024-12-19 20:35:48 --> Model Class Initialized
INFO - 2024-12-19 20:35:48 --> Final output sent to browser
DEBUG - 2024-12-19 20:35:48 --> Total execution time: 0.0030
INFO - 2024-12-19 20:35:48 --> Config Class Initialized
INFO - 2024-12-19 20:35:48 --> Hooks Class Initialized
DEBUG - 2024-12-19 20:35:48 --> UTF-8 Support Enabled
INFO - 2024-12-19 20:35:48 --> Utf8 Class Initialized
INFO - 2024-12-19 20:35:48 --> URI Class Initialized
INFO - 2024-12-19 20:35:48 --> Router Class Initialized
INFO - 2024-12-19 20:35:48 --> Output Class Initialized
INFO - 2024-12-19 20:35:48 --> Security Class Initialized
DEBUG - 2024-12-19 20:35:48 --> Global POST, GET and COOKIE data sanitized
INFO - 2024-12-19 20:35:48 --> Input Class Initialized
INFO - 2024-12-19 20:35:48 --> Language Class Initialized
INFO - 2024-12-19 20:35:48 --> Language Class Initialized
INFO - 2024-12-19 20:35:48 --> Config Class Initialized
INFO - 2024-12-19 20:35:48 --> Loader Class Initialized
INFO - 2024-12-19 20:35:48 --> Helper loaded: url_helper
INFO - 2024-12-19 20:35:48 --> Helper loaded: easyui_helper
INFO - 2024-12-19 20:35:48 --> Helper loaded: param_helper
INFO - 2024-12-19 20:35:48 --> Helper loaded: credential_helper
INFO - 2024-12-19 20:35:48 --> Helper loaded: template_helper
INFO - 2024-12-19 20:35:48 --> Helper loaded: rest_helper
INFO - 2024-12-19 20:35:48 --> Database Driver Class Initialized
DEBUG - 2024-12-19 20:35:48 --> Idgenerator class already loaded. Second attempt ignored.
INFO - 2024-12-19 20:35:48 --> Controller Class Initialized
INFO - 2024-12-19 20:35:48 --> Model Class Initialized
DEBUG - 2024-12-19 20:35:48 --> File loaded: /apps/web-drc/application/modules/ref_customer_class/models/Customer_class_model.php
INFO - 2024-12-19 20:35:48 --> Model Class Initialized
INFO - 2024-12-19 20:35:48 --> Final output sent to browser
DEBUG - 2024-12-19 20:35:48 --> Total execution time: 0.0034
INFO - 2024-12-19 20:35:48 --> Config Class Initialized
INFO - 2024-12-19 20:35:48 --> Hooks Class Initialized
DEBUG - 2024-12-19 20:35:48 --> UTF-8 Support Enabled
INFO - 2024-12-19 20:35:48 --> Utf8 Class Initialized
INFO - 2024-12-19 20:35:48 --> URI Class Initialized
INFO - 2024-12-19 20:35:48 --> Router Class Initialized
INFO - 2024-12-19 20:35:48 --> Output Class Initialized
INFO - 2024-12-19 20:35:48 --> Security Class Initialized
DEBUG - 2024-12-19 20:35:48 --> Global POST, GET and COOKIE data sanitized
INFO - 2024-12-19 20:35:48 --> Input Class Initialized
INFO - 2024-12-19 20:35:48 --> Language Class Initialized
INFO - 2024-12-19 20:35:48 --> Language Class Initialized
INFO - 2024-12-19 20:35:48 --> Config Class Initialized
INFO - 2024-12-19 20:35:48 --> Loader Class Initialized
INFO - 2024-12-19 20:35:48 --> Helper loaded: url_helper
INFO - 2024-12-19 20:35:48 --> Helper loaded: easyui_helper
INFO - 2024-12-19 20:35:48 --> Helper loaded: param_helper
INFO - 2024-12-19 20:35:48 --> Helper loaded: credential_helper
INFO - 2024-12-19 20:35:48 --> Helper loaded: template_helper
INFO - 2024-12-19 20:35:48 --> Helper loaded: rest_helper
INFO - 2024-12-19 20:35:48 --> Database Driver Class Initialized
DEBUG - 2024-12-19 20:35:48 --> Idgenerator class already loaded. Second attempt ignored.
INFO - 2024-12-19 20:35:48 --> Controller Class Initialized
INFO - 2024-12-19 20:35:48 --> Model Class Initialized
DEBUG - 2024-12-19 20:35:48 --> File loaded: /apps/web-drc/application/modules/api_v1/models/Api_v1_model.php
INFO - 2024-12-19 20:35:48 --> Model Class Initialized
INFO - 2024-12-19 20:35:48 --> Final output sent to browser
DEBUG - 2024-12-19 20:35:48 --> Total execution time: 0.0032
INFO - 2024-12-19 20:35:48 --> Config Class Initialized
INFO - 2024-12-19 20:35:48 --> Hooks Class Initialized
DEBUG - 2024-12-19 20:35:48 --> UTF-8 Support Enabled
INFO - 2024-12-19 20:35:48 --> Utf8 Class Initialized
INFO - 2024-12-19 20:35:48 --> URI Class Initialized
INFO - 2024-12-19 20:35:48 --> Router Class Initialized
INFO - 2024-12-19 20:35:48 --> Output Class Initialized
INFO - 2024-12-19 20:35:48 --> Security Class Initialized
DEBUG - 2024-12-19 20:35:48 --> Global POST, GET and COOKIE data sanitized
INFO - 2024-12-19 20:35:48 --> Input Class Initialized
INFO - 2024-12-19 20:35:48 --> Language Class Initialized
INFO - 2024-12-19 20:35:48 --> Language Class Initialized
INFO - 2024-12-19 20:35:48 --> Config Class Initialized
INFO - 2024-12-19 20:35:48 --> Loader Class Initialized
INFO - 2024-12-19 20:35:48 --> Helper loaded: url_helper
INFO - 2024-12-19 20:35:48 --> Helper loaded: easyui_helper
INFO - 2024-12-19 20:35:48 --> Helper loaded: param_helper
INFO - 2024-12-19 20:35:48 --> Helper loaded: credential_helper
INFO - 2024-12-19 20:35:48 --> Helper loaded: template_helper
INFO - 2024-12-19 20:35:48 --> Helper loaded: rest_helper
INFO - 2024-12-19 20:35:48 --> Database Driver Class Initialized
DEBUG - 2024-12-19 20:35:48 --> Idgenerator class already loaded. Second attempt ignored.
INFO - 2024-12-19 20:35:48 --> Controller Class Initialized
INFO - 2024-12-19 20:35:48 --> Model Class Initialized
DEBUG - 2024-12-19 20:35:48 --> File loaded: /apps/web-drc/application/modules/api_v1/models/Api_v1_model.php
INFO - 2024-12-19 20:35:48 --> Model Class Initialized
INFO - 2024-12-19 20:35:48 --> Final output sent to browser
DEBUG - 2024-12-19 20:35:48 --> Total execution time: 0.0033
INFO - 2024-12-19 20:35:48 --> Config Class Initialized
INFO - 2024-12-19 20:35:48 --> Hooks Class Initialized
DEBUG - 2024-12-19 20:35:48 --> UTF-8 Support Enabled
INFO - 2024-12-19 20:35:48 --> Utf8 Class Initialized
INFO - 2024-12-19 20:35:48 --> URI Class Initialized
INFO - 2024-12-19 20:35:48 --> Router Class Initialized
INFO - 2024-12-19 20:35:48 --> Output Class Initialized
INFO - 2024-12-19 20:35:48 --> Security Class Initialized
DEBUG - 2024-12-19 20:35:48 --> Global POST, GET and COOKIE data sanitized
INFO - 2024-12-19 20:35:48 --> Input Class Initialized
INFO - 2024-12-19 20:35:48 --> Language Class Initialized
INFO - 2024-12-19 20:35:48 --> Language Class Initialized
INFO - 2024-12-19 20:35:48 --> Config Class Initialized
INFO - 2024-12-19 20:35:48 --> Loader Class Initialized
INFO - 2024-12-19 20:35:48 --> Helper loaded: url_helper
INFO - 2024-12-19 20:35:48 --> Helper loaded: easyui_helper
INFO - 2024-12-19 20:35:48 --> Helper loaded: param_helper
INFO - 2024-12-19 20:35:48 --> Helper loaded: credential_helper
INFO - 2024-12-19 20:35:48 --> Helper loaded: template_helper
INFO - 2024-12-19 20:35:48 --> Helper loaded: rest_helper
INFO - 2024-12-19 20:35:48 --> Database Driver Class Initialized
DEBUG - 2024-12-19 20:35:48 --> Idgenerator class already loaded. Second attempt ignored.
INFO - 2024-12-19 20:35:48 --> Controller Class Initialized
INFO - 2024-12-19 20:35:48 --> Model Class Initialized
DEBUG - 2024-12-19 20:35:48 --> File loaded: /apps/web-drc/application/modules/api_v1/models/Api_v1_model.php
INFO - 2024-12-19 20:35:48 --> Model Class Initialized
INFO - 2024-12-19 20:35:48 --> Final output sent to browser
DEBUG - 2024-12-19 20:35:48 --> Total execution time: 0.0026
INFO - 2024-12-19 20:35:48 --> Config Class Initialized
INFO - 2024-12-19 20:35:48 --> Hooks Class Initialized
DEBUG - 2024-12-19 20:35:48 --> UTF-8 Support Enabled
INFO - 2024-12-19 20:35:48 --> Utf8 Class Initialized
INFO - 2024-12-19 20:35:48 --> URI Class Initialized
INFO - 2024-12-19 20:35:48 --> Router Class Initialized
INFO - 2024-12-19 20:35:48 --> Output Class Initialized
INFO - 2024-12-19 20:35:48 --> Security Class Initialized
DEBUG - 2024-12-19 20:35:48 --> Global POST, GET and COOKIE data sanitized
INFO - 2024-12-19 20:35:48 --> Input Class Initialized
INFO - 2024-12-19 20:35:48 --> Language Class Initialized
INFO - 2024-12-19 20:35:48 --> Language Class Initialized
INFO - 2024-12-19 20:35:48 --> Config Class Initialized
INFO - 2024-12-19 20:35:48 --> Loader Class Initialized
INFO - 2024-12-19 20:35:48 --> Helper loaded: url_helper
INFO - 2024-12-19 20:35:48 --> Helper loaded: easyui_helper
INFO - 2024-12-19 20:35:48 --> Helper loaded: param_helper
INFO - 2024-12-19 20:35:48 --> Helper loaded: credential_helper
INFO - 2024-12-19 20:35:48 --> Helper loaded: template_helper
INFO - 2024-12-19 20:35:48 --> Helper loaded: rest_helper
INFO - 2024-12-19 20:35:48 --> Database Driver Class Initialized
DEBUG - 2024-12-19 20:35:48 --> Idgenerator class already loaded. Second attempt ignored.
INFO - 2024-12-19 20:35:48 --> Controller Class Initialized
INFO - 2024-12-19 20:35:48 --> Model Class Initialized
DEBUG - 2024-12-19 20:35:48 --> File loaded: /apps/web-drc/application/modules/api_v1/models/Api_v1_model.php
INFO - 2024-12-19 20:35:48 --> Model Class Initialized
INFO - 2024-12-19 20:35:48 --> Final output sent to browser
DEBUG - 2024-12-19 20:35:48 --> Total execution time: 0.2075
INFO - 2024-12-19 20:35:48 --> Config Class Initialized
INFO - 2024-12-19 20:35:48 --> Hooks Class Initialized
DEBUG - 2024-12-19 20:35:48 --> UTF-8 Support Enabled
INFO - 2024-12-19 20:35:48 --> Utf8 Class Initialized
INFO - 2024-12-19 20:35:48 --> URI Class Initialized
INFO - 2024-12-19 20:35:48 --> Router Class Initialized
INFO - 2024-12-19 20:35:48 --> Output Class Initialized
INFO - 2024-12-19 20:35:48 --> Security Class Initialized
DEBUG - 2024-12-19 20:35:48 --> Global POST, GET and COOKIE data sanitized
INFO - 2024-12-19 20:35:48 --> Input Class Initialized
INFO - 2024-12-19 20:35:48 --> Language Class Initialized
INFO - 2024-12-19 20:35:48 --> Language Class Initialized
INFO - 2024-12-19 20:35:48 --> Config Class Initialized
INFO - 2024-12-19 20:35:48 --> Loader Class Initialized
INFO - 2024-12-19 20:35:48 --> Helper loaded: url_helper
INFO - 2024-12-19 20:35:48 --> Helper loaded: easyui_helper
INFO - 2024-12-19 20:35:48 --> Helper loaded: param_helper
INFO - 2024-12-19 20:35:48 --> Helper loaded: credential_helper
INFO - 2024-12-19 20:35:48 --> Helper loaded: template_helper
INFO - 2024-12-19 20:35:48 --> Helper loaded: rest_helper
INFO - 2024-12-19 20:35:48 --> Database Driver Class Initialized
DEBUG - 2024-12-19 20:35:48 --> Idgenerator class already loaded. Second attempt ignored.
INFO - 2024-12-19 20:35:48 --> Controller Class Initialized
INFO - 2024-12-19 20:35:48 --> Model Class Initialized
DEBUG - 2024-12-19 20:35:48 --> File loaded: /apps/web-drc/application/modules/api_v1/models/Api_v1_model.php
INFO - 2024-12-19 20:35:48 --> Model Class Initialized
INFO - 2024-12-19 20:35:48 --> Final output sent to browser
DEBUG - 2024-12-19 20:35:48 --> Total execution time: 0.0036
INFO - 2024-12-19 20:35:48 --> Config Class Initialized
INFO - 2024-12-19 20:35:48 --> Hooks Class Initialized
DEBUG - 2024-12-19 20:35:48 --> UTF-8 Support Enabled
INFO - 2024-12-19 20:35:48 --> Utf8 Class Initialized
INFO - 2024-12-19 20:35:48 --> URI Class Initialized
INFO - 2024-12-19 20:35:48 --> Router Class Initialized
INFO - 2024-12-19 20:35:48 --> Output Class Initialized
INFO - 2024-12-19 20:35:48 --> Security Class Initialized
DEBUG - 2024-12-19 20:35:48 --> Global POST, GET and COOKIE data sanitized
INFO - 2024-12-19 20:35:48 --> Input Class Initialized
INFO - 2024-12-19 20:35:48 --> Language Class Initialized
INFO - 2024-12-19 20:35:48 --> Language Class Initialized
INFO - 2024-12-19 20:35:48 --> Config Class Initialized
INFO - 2024-12-19 20:35:48 --> Loader Class Initialized
INFO - 2024-12-19 20:35:48 --> Helper loaded: url_helper
INFO - 2024-12-19 20:35:48 --> Helper loaded: easyui_helper
INFO - 2024-12-19 20:35:48 --> Helper loaded: param_helper
INFO - 2024-12-19 20:35:48 --> Helper loaded: credential_helper
INFO - 2024-12-19 20:35:48 --> Helper loaded: template_helper
INFO - 2024-12-19 20:35:48 --> Helper loaded: rest_helper
INFO - 2024-12-19 20:35:48 --> Database Driver Class Initialized
DEBUG - 2024-12-19 20:35:48 --> Idgenerator class already loaded. Second attempt ignored.
INFO - 2024-12-19 20:35:48 --> Controller Class Initialized
INFO - 2024-12-19 20:35:48 --> Model Class Initialized
DEBUG - 2024-12-19 20:35:48 --> File loaded: /apps/web-drc/application/modules/api_v1/models/Api_v1_model.php
INFO - 2024-12-19 20:35:48 --> Model Class Initialized
INFO - 2024-12-19 20:35:48 --> Final output sent to browser
DEBUG - 2024-12-19 20:35:48 --> Total execution time: 0.0039
INFO - 2024-12-19 20:35:48 --> Config Class Initialized
INFO - 2024-12-19 20:35:48 --> Hooks Class Initialized
DEBUG - 2024-12-19 20:35:48 --> UTF-8 Support Enabled
INFO - 2024-12-19 20:35:48 --> Utf8 Class Initialized
INFO - 2024-12-19 20:35:48 --> URI Class Initialized
INFO - 2024-12-19 20:35:48 --> Router Class Initialized
INFO - 2024-12-19 20:35:48 --> Output Class Initialized
INFO - 2024-12-19 20:35:48 --> Security Class Initialized
DEBUG - 2024-12-19 20:35:48 --> Global POST, GET and COOKIE data sanitized
INFO - 2024-12-19 20:35:48 --> Input Class Initialized
INFO - 2024-12-19 20:35:48 --> Language Class Initialized
INFO - 2024-12-19 20:35:48 --> Language Class Initialized
INFO - 2024-12-19 20:35:48 --> Config Class Initialized
INFO - 2024-12-19 20:35:48 --> Loader Class Initialized
INFO - 2024-12-19 20:35:48 --> Helper loaded: url_helper
INFO - 2024-12-19 20:35:48 --> Helper loaded: easyui_helper
INFO - 2024-12-19 20:35:48 --> Helper loaded: param_helper
INFO - 2024-12-19 20:35:48 --> Helper loaded: credential_helper
INFO - 2024-12-19 20:35:48 --> Helper loaded: template_helper
INFO - 2024-12-19 20:35:48 --> Helper loaded: rest_helper
INFO - 2024-12-19 20:35:48 --> Database Driver Class Initialized
DEBUG - 2024-12-19 20:35:48 --> Idgenerator class already loaded. Second attempt ignored.
INFO - 2024-12-19 20:35:48 --> Controller Class Initialized
INFO - 2024-12-19 20:35:48 --> Model Class Initialized
DEBUG - 2024-12-19 20:35:48 --> File loaded: /apps/web-drc/application/modules/api_v1/models/Api_v1_model.php
INFO - 2024-12-19 20:35:48 --> Model Class Initialized
INFO - 2024-12-19 20:35:48 --> Final output sent to browser
DEBUG - 2024-12-19 20:35:48 --> Total execution time: 0.0033
INFO - 2024-12-19 20:35:48 --> Config Class Initialized
INFO - 2024-12-19 20:35:48 --> Hooks Class Initialized
DEBUG - 2024-12-19 20:35:48 --> UTF-8 Support Enabled
INFO - 2024-12-19 20:35:48 --> Utf8 Class Initialized
INFO - 2024-12-19 20:35:48 --> URI Class Initialized
INFO - 2024-12-19 20:35:48 --> Router Class Initialized
INFO - 2024-12-19 20:35:48 --> Output Class Initialized
INFO - 2024-12-19 20:35:48 --> Security Class Initialized
DEBUG - 2024-12-19 20:35:48 --> Global POST, GET and COOKIE data sanitized
INFO - 2024-12-19 20:35:48 --> Input Class Initialized
INFO - 2024-12-19 20:35:48 --> Language Class Initialized
INFO - 2024-12-19 20:35:48 --> Language Class Initialized
INFO - 2024-12-19 20:35:48 --> Config Class Initialized
INFO - 2024-12-19 20:35:48 --> Loader Class Initialized
INFO - 2024-12-19 20:35:48 --> Helper loaded: url_helper
INFO - 2024-12-19 20:35:48 --> Helper loaded: easyui_helper
INFO - 2024-12-19 20:35:48 --> Helper loaded: param_helper
INFO - 2024-12-19 20:35:48 --> Helper loaded: credential_helper
INFO - 2024-12-19 20:35:48 --> Helper loaded: template_helper
INFO - 2024-12-19 20:35:48 --> Helper loaded: rest_helper
INFO - 2024-12-19 20:35:48 --> Database Driver Class Initialized
DEBUG - 2024-12-19 20:35:48 --> Idgenerator class already loaded. Second attempt ignored.
INFO - 2024-12-19 20:35:48 --> Controller Class Initialized
INFO - 2024-12-19 20:35:48 --> Model Class Initialized
DEBUG - 2024-12-19 20:35:48 --> File loaded: /apps/web-drc/application/modules/api_v1/models/Api_v1_model.php
INFO - 2024-12-19 20:35:48 --> Model Class Initialized
INFO - 2024-12-19 20:35:48 --> Final output sent to browser
DEBUG - 2024-12-19 20:35:48 --> Total execution time: 0.0027
INFO - 2024-12-19 20:35:48 --> Config Class Initialized
INFO - 2024-12-19 20:35:48 --> Hooks Class Initialized
DEBUG - 2024-12-19 20:35:48 --> UTF-8 Support Enabled
INFO - 2024-12-19 20:35:48 --> Utf8 Class Initialized
INFO - 2024-12-19 20:35:48 --> URI Class Initialized
INFO - 2024-12-19 20:35:48 --> Router Class Initialized
INFO - 2024-12-19 20:35:48 --> Output Class Initialized
INFO - 2024-12-19 20:35:48 --> Security Class Initialized
DEBUG - 2024-12-19 20:35:48 --> Global POST, GET and COOKIE data sanitized
INFO - 2024-12-19 20:35:48 --> Input Class Initialized
INFO - 2024-12-19 20:35:48 --> Language Class Initialized
INFO - 2024-12-19 20:35:48 --> Language Class Initialized
INFO - 2024-12-19 20:35:48 --> Config Class Initialized
INFO - 2024-12-19 20:35:48 --> Loader Class Initialized
INFO - 2024-12-19 20:35:48 --> Helper loaded: url_helper
INFO - 2024-12-19 20:35:48 --> Helper loaded: easyui_helper
INFO - 2024-12-19 20:35:48 --> Helper loaded: param_helper
INFO - 2024-12-19 20:35:48 --> Helper loaded: credential_helper
INFO - 2024-12-19 20:35:48 --> Helper loaded: template_helper
INFO - 2024-12-19 20:35:48 --> Helper loaded: rest_helper
INFO - 2024-12-19 20:35:48 --> Database Driver Class Initialized
DEBUG - 2024-12-19 20:35:48 --> Idgenerator class already loaded. Second attempt ignored.
INFO - 2024-12-19 20:35:48 --> Controller Class Initialized
INFO - 2024-12-19 20:35:48 --> Model Class Initialized
DEBUG - 2024-12-19 20:35:48 --> File loaded: /apps/web-drc/application/modules/api_v1/models/Api_v1_model.php
INFO - 2024-12-19 20:35:48 --> Model Class Initialized
INFO - 2024-12-19 20:35:48 --> Final output sent to browser
DEBUG - 2024-12-19 20:35:48 --> Total execution time: 0.0026
INFO - 2024-12-19 20:35:48 --> Config Class Initialized
INFO - 2024-12-19 20:35:48 --> Hooks Class Initialized
DEBUG - 2024-12-19 20:35:48 --> UTF-8 Support Enabled
INFO - 2024-12-19 20:35:48 --> Utf8 Class Initialized
INFO - 2024-12-19 20:35:48 --> URI Class Initialized
INFO - 2024-12-19 20:35:48 --> Router Class Initialized
INFO - 2024-12-19 20:35:48 --> Output Class Initialized
INFO - 2024-12-19 20:35:48 --> Security Class Initialized
DEBUG - 2024-12-19 20:35:48 --> Global POST, GET and COOKIE data sanitized
INFO - 2024-12-19 20:35:48 --> Input Class Initialized
INFO - 2024-12-19 20:35:48 --> Language Class Initialized
INFO - 2024-12-19 20:35:48 --> Language Class Initialized
INFO - 2024-12-19 20:35:48 --> Config Class Initialized
INFO - 2024-12-19 20:35:48 --> Loader Class Initialized
INFO - 2024-12-19 20:35:48 --> Helper loaded: url_helper
INFO - 2024-12-19 20:35:48 --> Helper loaded: easyui_helper
INFO - 2024-12-19 20:35:48 --> Helper loaded: param_helper
INFO - 2024-12-19 20:35:48 --> Helper loaded: credential_helper
INFO - 2024-12-19 20:35:48 --> Helper loaded: template_helper
INFO - 2024-12-19 20:35:48 --> Helper loaded: rest_helper
INFO - 2024-12-19 20:35:48 --> Database Driver Class Initialized
DEBUG - 2024-12-19 20:35:48 --> Idgenerator class already loaded. Second attempt ignored.
INFO - 2024-12-19 20:35:48 --> Controller Class Initialized
INFO - 2024-12-19 20:35:48 --> Model Class Initialized
DEBUG - 2024-12-19 20:35:48 --> File loaded: /apps/web-drc/application/modules/api_v1/models/Api_v1_model.php
INFO - 2024-12-19 20:35:48 --> Model Class Initialized
INFO - 2024-12-19 20:35:49 --> Final output sent to browser
DEBUG - 2024-12-19 20:35:49 --> Total execution time: 0.2317
INFO - 2024-12-19 20:35:49 --> Config Class Initialized
INFO - 2024-12-19 20:35:49 --> Hooks Class Initialized
DEBUG - 2024-12-19 20:35:49 --> UTF-8 Support Enabled
INFO - 2024-12-19 20:35:49 --> Utf8 Class Initialized
INFO - 2024-12-19 20:35:49 --> URI Class Initialized
INFO - 2024-12-19 20:35:49 --> Router Class Initialized
INFO - 2024-12-19 20:35:49 --> Output Class Initialized
INFO - 2024-12-19 20:35:49 --> Security Class Initialized
DEBUG - 2024-12-19 20:35:49 --> Global POST, GET and COOKIE data sanitized
INFO - 2024-12-19 20:35:49 --> Input Class Initialized
INFO - 2024-12-19 20:35:49 --> Language Class Initialized
INFO - 2024-12-19 20:35:49 --> Language Class Initialized
INFO - 2024-12-19 20:35:49 --> Config Class Initialized
INFO - 2024-12-19 20:35:49 --> Loader Class Initialized
INFO - 2024-12-19 20:35:49 --> Helper loaded: url_helper
INFO - 2024-12-19 20:35:49 --> Helper loaded: easyui_helper
INFO - 2024-12-19 20:35:49 --> Helper loaded: param_helper
INFO - 2024-12-19 20:35:49 --> Helper loaded: credential_helper
INFO - 2024-12-19 20:35:49 --> Helper loaded: template_helper
INFO - 2024-12-19 20:35:49 --> Helper loaded: rest_helper
INFO - 2024-12-19 20:35:49 --> Database Driver Class Initialized
DEBUG - 2024-12-19 20:35:49 --> Idgenerator class already loaded. Second attempt ignored.
INFO - 2024-12-19 20:35:49 --> Controller Class Initialized
INFO - 2024-12-19 20:35:49 --> Model Class Initialized
DEBUG - 2024-12-19 20:35:49 --> File loaded: /apps/web-drc/application/modules/api_v1/models/Api_v1_model.php
INFO - 2024-12-19 20:35:49 --> Model Class Initialized
INFO - 2024-12-19 20:35:49 --> Final output sent to browser
DEBUG - 2024-12-19 20:35:49 --> Total execution time: 0.0027
INFO - 2024-12-19 20:35:49 --> Config Class Initialized
INFO - 2024-12-19 20:35:49 --> Hooks Class Initialized
DEBUG - 2024-12-19 20:35:49 --> UTF-8 Support Enabled
INFO - 2024-12-19 20:35:49 --> Utf8 Class Initialized
INFO - 2024-12-19 20:35:49 --> URI Class Initialized
INFO - 2024-12-19 20:35:49 --> Router Class Initialized
INFO - 2024-12-19 20:35:49 --> Output Class Initialized
INFO - 2024-12-19 20:35:49 --> Security Class Initialized
DEBUG - 2024-12-19 20:35:49 --> Global POST, GET and COOKIE data sanitized
INFO - 2024-12-19 20:35:49 --> Input Class Initialized
INFO - 2024-12-19 20:35:49 --> Language Class Initialized
ERROR - 2024-12-19 20:35:49 --> 404 Page Not Found: /index
INFO - 2024-12-19 20:35:49 --> Config Class Initialized
INFO - 2024-12-19 20:35:49 --> Hooks Class Initialized
DEBUG - 2024-12-19 20:35:49 --> UTF-8 Support Enabled
INFO - 2024-12-19 20:35:49 --> Utf8 Class Initialized
INFO - 2024-12-19 20:35:49 --> URI Class Initialized
INFO - 2024-12-19 20:35:49 --> Router Class Initialized
INFO - 2024-12-19 20:35:49 --> Output Class Initialized
INFO - 2024-12-19 20:35:49 --> Security Class Initialized
DEBUG - 2024-12-19 20:35:49 --> Global POST, GET and COOKIE data sanitized
INFO - 2024-12-19 20:35:49 --> Input Class Initialized
INFO - 2024-12-19 20:35:49 --> Language Class Initialized
INFO - 2024-12-19 20:35:49 --> Language Class Initialized
INFO - 2024-12-19 20:35:49 --> Config Class Initialized
INFO - 2024-12-19 20:35:49 --> Loader Class Initialized
INFO - 2024-12-19 20:35:49 --> Helper loaded: url_helper
INFO - 2024-12-19 20:35:49 --> Helper loaded: easyui_helper
INFO - 2024-12-19 20:35:49 --> Helper loaded: param_helper
INFO - 2024-12-19 20:35:49 --> Helper loaded: credential_helper
INFO - 2024-12-19 20:35:49 --> Helper loaded: template_helper
INFO - 2024-12-19 20:35:49 --> Helper loaded: rest_helper
INFO - 2024-12-19 20:35:49 --> Database Driver Class Initialized
DEBUG - 2024-12-19 20:35:49 --> Idgenerator class already loaded. Second attempt ignored.
INFO - 2024-12-19 20:35:49 --> Controller Class Initialized
INFO - 2024-12-19 20:35:49 --> Model Class Initialized
DEBUG - 2024-12-19 20:35:49 --> File loaded: /apps/web-drc/application/modules/api_v1/models/Api_v1_model.php
INFO - 2024-12-19 20:35:49 --> Model Class Initialized
INFO - 2024-12-19 20:35:49 --> Final output sent to browser
DEBUG - 2024-12-19 20:35:49 --> Total execution time: 0.0029
INFO - 2024-12-19 20:36:00 --> Config Class Initialized
INFO - 2024-12-19 20:36:00 --> Hooks Class Initialized
DEBUG - 2024-12-19 20:36:00 --> UTF-8 Support Enabled
INFO - 2024-12-19 20:36:00 --> Utf8 Class Initialized
INFO - 2024-12-19 20:36:00 --> URI Class Initialized
INFO - 2024-12-19 20:36:00 --> Router Class Initialized
INFO - 2024-12-19 20:36:00 --> Output Class Initialized
INFO - 2024-12-19 20:36:00 --> Security Class Initialized
DEBUG - 2024-12-19 20:36:00 --> Global POST, GET and COOKIE data sanitized
INFO - 2024-12-19 20:36:00 --> Input Class Initialized
INFO - 2024-12-19 20:36:00 --> Language Class Initialized
INFO - 2024-12-19 20:36:00 --> Language Class Initialized
INFO - 2024-12-19 20:36:00 --> Config Class Initialized
INFO - 2024-12-19 20:36:00 --> Loader Class Initialized
INFO - 2024-12-19 20:36:00 --> Helper loaded: url_helper
INFO - 2024-12-19 20:36:00 --> Helper loaded: easyui_helper
INFO - 2024-12-19 20:36:00 --> Helper loaded: param_helper
INFO - 2024-12-19 20:36:00 --> Helper loaded: credential_helper
INFO - 2024-12-19 20:36:00 --> Helper loaded: template_helper
INFO - 2024-12-19 20:36:00 --> Helper loaded: rest_helper
INFO - 2024-12-19 20:36:00 --> Database Driver Class Initialized
DEBUG - 2024-12-19 20:36:00 --> Idgenerator class already loaded. Second attempt ignored.
INFO - 2024-12-19 20:36:00 --> Controller Class Initialized
INFO - 2024-12-19 20:36:00 --> Model Class Initialized
DEBUG - 2024-12-19 20:36:00 --> File loaded: /apps/web-drc/application/modules/ref_request_new_outlet/models/Request_new_outlet_model.php
INFO - 2024-12-19 20:36:00 --> Model Class Initialized
DEBUG - 2024-12-19 20:36:00 --> File loaded: /apps/web-drc/application/modules/ref_request_new_outlet/views/form.php
DEBUG - 2024-12-19 20:36:00 --> File loaded: /apps/web-drc/application/views/templates/header.php
DEBUG - 2024-12-19 20:36:00 --> File loaded: /apps/web-drc/application/views/templates/toolbar.php
DEBUG - 2024-12-19 20:36:00 --> File loaded: /apps/web-drc/application/views/templates/sidebar.php
DEBUG - 2024-12-19 20:36:00 --> File loaded: /apps/web-drc/application/views/templates/contents.php
DEBUG - 2024-12-19 20:36:00 --> File loaded: /apps/web-drc/application/views/templates/content_footer.php
DEBUG - 2024-12-19 20:36:00 --> File loaded: /apps/web-drc/application/views/templates/footer.php
DEBUG - 2024-12-19 20:36:00 --> File loaded: /apps/web-drc/application/views/templates/default.php
INFO - 2024-12-19 20:36:00 --> Final output sent to browser
DEBUG - 2024-12-19 20:36:00 --> Total execution time: 0.0117
INFO - 2024-12-19 20:36:03 --> Config Class Initialized
INFO - 2024-12-19 20:36:03 --> Hooks Class Initialized
DEBUG - 2024-12-19 20:36:03 --> UTF-8 Support Enabled
INFO - 2024-12-19 20:36:03 --> Utf8 Class Initialized
INFO - 2024-12-19 20:36:03 --> URI Class Initialized
INFO - 2024-12-19 20:36:03 --> Router Class Initialized
INFO - 2024-12-19 20:36:03 --> Output Class Initialized
INFO - 2024-12-19 20:36:03 --> Security Class Initialized
DEBUG - 2024-12-19 20:36:03 --> Global POST, GET and COOKIE data sanitized
INFO - 2024-12-19 20:36:03 --> Input Class Initialized
INFO - 2024-12-19 20:36:03 --> Language Class Initialized
ERROR - 2024-12-19 20:36:03 --> 404 Page Not Found: /index
INFO - 2024-12-19 20:36:03 --> Config Class Initialized
INFO - 2024-12-19 20:36:03 --> Hooks Class Initialized
DEBUG - 2024-12-19 20:36:03 --> UTF-8 Support Enabled
INFO - 2024-12-19 20:36:03 --> Utf8 Class Initialized
INFO - 2024-12-19 20:36:03 --> URI Class Initialized
INFO - 2024-12-19 20:36:03 --> Router Class Initialized
INFO - 2024-12-19 20:36:03 --> Output Class Initialized
INFO - 2024-12-19 20:36:03 --> Security Class Initialized
DEBUG - 2024-12-19 20:36:03 --> Global POST, GET and COOKIE data sanitized
INFO - 2024-12-19 20:36:03 --> Input Class Initialized
INFO - 2024-12-19 20:36:03 --> Language Class Initialized
INFO - 2024-12-19 20:36:03 --> Language Class Initialized
INFO - 2024-12-19 20:36:03 --> Config Class Initialized
INFO - 2024-12-19 20:36:03 --> Loader Class Initialized
INFO - 2024-12-19 20:36:03 --> Helper loaded: url_helper
INFO - 2024-12-19 20:36:03 --> Helper loaded: easyui_helper
INFO - 2024-12-19 20:36:03 --> Helper loaded: param_helper
INFO - 2024-12-19 20:36:03 --> Helper loaded: credential_helper
INFO - 2024-12-19 20:36:03 --> Helper loaded: template_helper
INFO - 2024-12-19 20:36:03 --> Helper loaded: rest_helper
INFO - 2024-12-19 20:36:03 --> Database Driver Class Initialized
DEBUG - 2024-12-19 20:36:03 --> Idgenerator class already loaded. Second attempt ignored.
INFO - 2024-12-19 20:36:03 --> Controller Class Initialized
INFO - 2024-12-19 20:36:03 --> Model Class Initialized
DEBUG - 2024-12-19 20:36:03 --> File loaded: /apps/web-drc/application/modules/ref_customer_segment/models/Customer_segment_model.php
INFO - 2024-12-19 20:36:03 --> Model Class Initialized
INFO - 2024-12-19 20:36:03 --> Final output sent to browser
DEBUG - 2024-12-19 20:36:03 --> Total execution time: 0.0049
INFO - 2024-12-19 20:36:03 --> Config Class Initialized
INFO - 2024-12-19 20:36:03 --> Hooks Class Initialized
DEBUG - 2024-12-19 20:36:03 --> UTF-8 Support Enabled
INFO - 2024-12-19 20:36:03 --> Utf8 Class Initialized
INFO - 2024-12-19 20:36:03 --> URI Class Initialized
INFO - 2024-12-19 20:36:03 --> Router Class Initialized
INFO - 2024-12-19 20:36:03 --> Output Class Initialized
INFO - 2024-12-19 20:36:03 --> Security Class Initialized
DEBUG - 2024-12-19 20:36:03 --> Global POST, GET and COOKIE data sanitized
INFO - 2024-12-19 20:36:03 --> Input Class Initialized
INFO - 2024-12-19 20:36:03 --> Language Class Initialized
INFO - 2024-12-19 20:36:03 --> Language Class Initialized
INFO - 2024-12-19 20:36:03 --> Config Class Initialized
INFO - 2024-12-19 20:36:03 --> Loader Class Initialized
INFO - 2024-12-19 20:36:03 --> Helper loaded: url_helper
INFO - 2024-12-19 20:36:03 --> Helper loaded: easyui_helper
INFO - 2024-12-19 20:36:03 --> Helper loaded: param_helper
INFO - 2024-12-19 20:36:03 --> Helper loaded: credential_helper
INFO - 2024-12-19 20:36:03 --> Helper loaded: template_helper
INFO - 2024-12-19 20:36:03 --> Helper loaded: rest_helper
INFO - 2024-12-19 20:36:03 --> Database Driver Class Initialized
DEBUG - 2024-12-19 20:36:03 --> Idgenerator class already loaded. Second attempt ignored.
INFO - 2024-12-19 20:36:03 --> Controller Class Initialized
INFO - 2024-12-19 20:36:03 --> Model Class Initialized
DEBUG - 2024-12-19 20:36:03 --> File loaded: /apps/web-drc/application/modules/ref_customer_type/models/Customer_type_model.php
INFO - 2024-12-19 20:36:03 --> Model Class Initialized
INFO - 2024-12-19 20:36:03 --> Final output sent to browser
DEBUG - 2024-12-19 20:36:03 --> Total execution time: 0.0043
INFO - 2024-12-19 20:36:03 --> Config Class Initialized
INFO - 2024-12-19 20:36:03 --> Hooks Class Initialized
DEBUG - 2024-12-19 20:36:03 --> UTF-8 Support Enabled
INFO - 2024-12-19 20:36:03 --> Utf8 Class Initialized
INFO - 2024-12-19 20:36:03 --> URI Class Initialized
INFO - 2024-12-19 20:36:03 --> Router Class Initialized
INFO - 2024-12-19 20:36:03 --> Output Class Initialized
INFO - 2024-12-19 20:36:03 --> Security Class Initialized
DEBUG - 2024-12-19 20:36:03 --> Global POST, GET and COOKIE data sanitized
INFO - 2024-12-19 20:36:03 --> Input Class Initialized
INFO - 2024-12-19 20:36:03 --> Language Class Initialized
INFO - 2024-12-19 20:36:03 --> Language Class Initialized
INFO - 2024-12-19 20:36:03 --> Config Class Initialized
INFO - 2024-12-19 20:36:03 --> Loader Class Initialized
INFO - 2024-12-19 20:36:03 --> Helper loaded: url_helper
INFO - 2024-12-19 20:36:03 --> Helper loaded: easyui_helper
INFO - 2024-12-19 20:36:03 --> Helper loaded: param_helper
INFO - 2024-12-19 20:36:03 --> Helper loaded: credential_helper
INFO - 2024-12-19 20:36:03 --> Helper loaded: template_helper
INFO - 2024-12-19 20:36:03 --> Helper loaded: rest_helper
INFO - 2024-12-19 20:36:03 --> Database Driver Class Initialized
DEBUG - 2024-12-19 20:36:03 --> Idgenerator class already loaded. Second attempt ignored.
INFO - 2024-12-19 20:36:03 --> Controller Class Initialized
INFO - 2024-12-19 20:36:03 --> Model Class Initialized
DEBUG - 2024-12-19 20:36:03 --> File loaded: /apps/web-drc/application/modules/ref_customer_class/models/Customer_class_model.php
INFO - 2024-12-19 20:36:03 --> Model Class Initialized
INFO - 2024-12-19 20:36:03 --> Final output sent to browser
DEBUG - 2024-12-19 20:36:03 --> Total execution time: 0.0068
INFO - 2024-12-19 20:36:03 --> Config Class Initialized
INFO - 2024-12-19 20:36:03 --> Hooks Class Initialized
DEBUG - 2024-12-19 20:36:03 --> UTF-8 Support Enabled
INFO - 2024-12-19 20:36:03 --> Utf8 Class Initialized
INFO - 2024-12-19 20:36:03 --> URI Class Initialized
INFO - 2024-12-19 20:36:03 --> Router Class Initialized
INFO - 2024-12-19 20:36:03 --> Output Class Initialized
INFO - 2024-12-19 20:36:03 --> Security Class Initialized
DEBUG - 2024-12-19 20:36:03 --> Global POST, GET and COOKIE data sanitized
INFO - 2024-12-19 20:36:03 --> Input Class Initialized
INFO - 2024-12-19 20:36:03 --> Language Class Initialized
INFO - 2024-12-19 20:36:03 --> Language Class Initialized
INFO - 2024-12-19 20:36:03 --> Config Class Initialized
INFO - 2024-12-19 20:36:03 --> Loader Class Initialized
INFO - 2024-12-19 20:36:03 --> Helper loaded: url_helper
INFO - 2024-12-19 20:36:03 --> Helper loaded: easyui_helper
INFO - 2024-12-19 20:36:03 --> Helper loaded: param_helper
INFO - 2024-12-19 20:36:03 --> Helper loaded: credential_helper
INFO - 2024-12-19 20:36:03 --> Helper loaded: template_helper
INFO - 2024-12-19 20:36:03 --> Helper loaded: rest_helper
INFO - 2024-12-19 20:36:03 --> Database Driver Class Initialized
DEBUG - 2024-12-19 20:36:03 --> Idgenerator class already loaded. Second attempt ignored.
INFO - 2024-12-19 20:36:03 --> Controller Class Initialized
INFO - 2024-12-19 20:36:03 --> Model Class Initialized
DEBUG - 2024-12-19 20:36:03 --> File loaded: /apps/web-drc/application/modules/api_v1/models/Api_v1_model.php
INFO - 2024-12-19 20:36:03 --> Model Class Initialized
INFO - 2024-12-19 20:36:03 --> Final output sent to browser
DEBUG - 2024-12-19 20:36:03 --> Total execution time: 0.0039
INFO - 2024-12-19 20:36:03 --> Config Class Initialized
INFO - 2024-12-19 20:36:03 --> Hooks Class Initialized
DEBUG - 2024-12-19 20:36:03 --> UTF-8 Support Enabled
INFO - 2024-12-19 20:36:03 --> Utf8 Class Initialized
INFO - 2024-12-19 20:36:03 --> URI Class Initialized
INFO - 2024-12-19 20:36:03 --> Router Class Initialized
INFO - 2024-12-19 20:36:03 --> Output Class Initialized
INFO - 2024-12-19 20:36:03 --> Security Class Initialized
DEBUG - 2024-12-19 20:36:03 --> Global POST, GET and COOKIE data sanitized
INFO - 2024-12-19 20:36:03 --> Input Class Initialized
INFO - 2024-12-19 20:36:03 --> Language Class Initialized
INFO - 2024-12-19 20:36:03 --> Language Class Initialized
INFO - 2024-12-19 20:36:03 --> Config Class Initialized
INFO - 2024-12-19 20:36:03 --> Loader Class Initialized
INFO - 2024-12-19 20:36:03 --> Helper loaded: url_helper
INFO - 2024-12-19 20:36:03 --> Helper loaded: easyui_helper
INFO - 2024-12-19 20:36:03 --> Helper loaded: param_helper
INFO - 2024-12-19 20:36:03 --> Helper loaded: credential_helper
INFO - 2024-12-19 20:36:03 --> Helper loaded: template_helper
INFO - 2024-12-19 20:36:03 --> Helper loaded: rest_helper
INFO - 2024-12-19 20:36:03 --> Database Driver Class Initialized
DEBUG - 2024-12-19 20:36:03 --> Idgenerator class already loaded. Second attempt ignored.
INFO - 2024-12-19 20:36:03 --> Controller Class Initialized
INFO - 2024-12-19 20:36:03 --> Model Class Initialized
DEBUG - 2024-12-19 20:36:03 --> File loaded: /apps/web-drc/application/modules/api_v1/models/Api_v1_model.php
INFO - 2024-12-19 20:36:03 --> Model Class Initialized
INFO - 2024-12-19 20:36:03 --> Final output sent to browser
DEBUG - 2024-12-19 20:36:03 --> Total execution time: 0.0039
INFO - 2024-12-19 20:36:03 --> Config Class Initialized
INFO - 2024-12-19 20:36:03 --> Hooks Class Initialized
DEBUG - 2024-12-19 20:36:03 --> UTF-8 Support Enabled
INFO - 2024-12-19 20:36:03 --> Utf8 Class Initialized
INFO - 2024-12-19 20:36:03 --> URI Class Initialized
INFO - 2024-12-19 20:36:03 --> Router Class Initialized
INFO - 2024-12-19 20:36:03 --> Output Class Initialized
INFO - 2024-12-19 20:36:03 --> Security Class Initialized
DEBUG - 2024-12-19 20:36:03 --> Global POST, GET and COOKIE data sanitized
INFO - 2024-12-19 20:36:03 --> Input Class Initialized
INFO - 2024-12-19 20:36:03 --> Language Class Initialized
INFO - 2024-12-19 20:36:03 --> Language Class Initialized
INFO - 2024-12-19 20:36:03 --> Config Class Initialized
INFO - 2024-12-19 20:36:03 --> Loader Class Initialized
INFO - 2024-12-19 20:36:03 --> Helper loaded: url_helper
INFO - 2024-12-19 20:36:03 --> Helper loaded: easyui_helper
INFO - 2024-12-19 20:36:03 --> Helper loaded: param_helper
INFO - 2024-12-19 20:36:03 --> Helper loaded: credential_helper
INFO - 2024-12-19 20:36:03 --> Helper loaded: template_helper
INFO - 2024-12-19 20:36:03 --> Helper loaded: rest_helper
INFO - 2024-12-19 20:36:03 --> Database Driver Class Initialized
DEBUG - 2024-12-19 20:36:03 --> Idgenerator class already loaded. Second attempt ignored.
INFO - 2024-12-19 20:36:03 --> Controller Class Initialized
INFO - 2024-12-19 20:36:03 --> Model Class Initialized
DEBUG - 2024-12-19 20:36:03 --> File loaded: /apps/web-drc/application/modules/api_v1/models/Api_v1_model.php
INFO - 2024-12-19 20:36:03 --> Model Class Initialized
INFO - 2024-12-19 20:36:03 --> Final output sent to browser
DEBUG - 2024-12-19 20:36:03 --> Total execution time: 0.0047
INFO - 2024-12-19 20:36:03 --> Config Class Initialized
INFO - 2024-12-19 20:36:03 --> Hooks Class Initialized
DEBUG - 2024-12-19 20:36:03 --> UTF-8 Support Enabled
INFO - 2024-12-19 20:36:03 --> Utf8 Class Initialized
INFO - 2024-12-19 20:36:03 --> URI Class Initialized
INFO - 2024-12-19 20:36:03 --> Router Class Initialized
INFO - 2024-12-19 20:36:03 --> Output Class Initialized
INFO - 2024-12-19 20:36:03 --> Security Class Initialized
DEBUG - 2024-12-19 20:36:03 --> Global POST, GET and COOKIE data sanitized
INFO - 2024-12-19 20:36:03 --> Input Class Initialized
INFO - 2024-12-19 20:36:03 --> Language Class Initialized
INFO - 2024-12-19 20:36:03 --> Language Class Initialized
INFO - 2024-12-19 20:36:03 --> Config Class Initialized
INFO - 2024-12-19 20:36:03 --> Loader Class Initialized
INFO - 2024-12-19 20:36:03 --> Helper loaded: url_helper
INFO - 2024-12-19 20:36:03 --> Helper loaded: easyui_helper
INFO - 2024-12-19 20:36:03 --> Helper loaded: param_helper
INFO - 2024-12-19 20:36:03 --> Helper loaded: credential_helper
INFO - 2024-12-19 20:36:03 --> Helper loaded: template_helper
INFO - 2024-12-19 20:36:03 --> Helper loaded: rest_helper
INFO - 2024-12-19 20:36:03 --> Database Driver Class Initialized
DEBUG - 2024-12-19 20:36:03 --> Idgenerator class already loaded. Second attempt ignored.
INFO - 2024-12-19 20:36:03 --> Controller Class Initialized
INFO - 2024-12-19 20:36:03 --> Model Class Initialized
DEBUG - 2024-12-19 20:36:03 --> File loaded: /apps/web-drc/application/modules/api_v1/models/Api_v1_model.php
INFO - 2024-12-19 20:36:03 --> Model Class Initialized
INFO - 2024-12-19 20:36:03 --> Final output sent to browser
DEBUG - 2024-12-19 20:36:03 --> Total execution time: 0.0037
INFO - 2024-12-19 20:36:03 --> Config Class Initialized
INFO - 2024-12-19 20:36:03 --> Hooks Class Initialized
DEBUG - 2024-12-19 20:36:03 --> UTF-8 Support Enabled
INFO - 2024-12-19 20:36:03 --> Utf8 Class Initialized
INFO - 2024-12-19 20:36:03 --> URI Class Initialized
INFO - 2024-12-19 20:36:03 --> Router Class Initialized
INFO - 2024-12-19 20:36:03 --> Output Class Initialized
INFO - 2024-12-19 20:36:03 --> Security Class Initialized
DEBUG - 2024-12-19 20:36:03 --> Global POST, GET and COOKIE data sanitized
INFO - 2024-12-19 20:36:03 --> Input Class Initialized
INFO - 2024-12-19 20:36:03 --> Language Class Initialized
INFO - 2024-12-19 20:36:03 --> Language Class Initialized
INFO - 2024-12-19 20:36:03 --> Config Class Initialized
INFO - 2024-12-19 20:36:03 --> Loader Class Initialized
INFO - 2024-12-19 20:36:03 --> Helper loaded: url_helper
INFO - 2024-12-19 20:36:03 --> Helper loaded: easyui_helper
INFO - 2024-12-19 20:36:03 --> Helper loaded: param_helper
INFO - 2024-12-19 20:36:03 --> Helper loaded: credential_helper
INFO - 2024-12-19 20:36:03 --> Helper loaded: template_helper
INFO - 2024-12-19 20:36:03 --> Helper loaded: rest_helper
INFO - 2024-12-19 20:36:03 --> Database Driver Class Initialized
DEBUG - 2024-12-19 20:36:03 --> Idgenerator class already loaded. Second attempt ignored.
INFO - 2024-12-19 20:36:03 --> Controller Class Initialized
INFO - 2024-12-19 20:36:03 --> Model Class Initialized
DEBUG - 2024-12-19 20:36:03 --> File loaded: /apps/web-drc/application/modules/api_v1/models/Api_v1_model.php
INFO - 2024-12-19 20:36:03 --> Model Class Initialized
INFO - 2024-12-19 20:36:03 --> Final output sent to browser
DEBUG - 2024-12-19 20:36:03 --> Total execution time: 0.0035
INFO - 2024-12-19 20:36:03 --> Config Class Initialized
INFO - 2024-12-19 20:36:03 --> Hooks Class Initialized
DEBUG - 2024-12-19 20:36:03 --> UTF-8 Support Enabled
INFO - 2024-12-19 20:36:03 --> Utf8 Class Initialized
INFO - 2024-12-19 20:36:03 --> URI Class Initialized
INFO - 2024-12-19 20:36:03 --> Router Class Initialized
INFO - 2024-12-19 20:36:03 --> Output Class Initialized
INFO - 2024-12-19 20:36:03 --> Security Class Initialized
DEBUG - 2024-12-19 20:36:03 --> Global POST, GET and COOKIE data sanitized
INFO - 2024-12-19 20:36:03 --> Input Class Initialized
INFO - 2024-12-19 20:36:03 --> Language Class Initialized
INFO - 2024-12-19 20:36:03 --> Language Class Initialized
INFO - 2024-12-19 20:36:03 --> Config Class Initialized
INFO - 2024-12-19 20:36:03 --> Loader Class Initialized
INFO - 2024-12-19 20:36:03 --> Helper loaded: url_helper
INFO - 2024-12-19 20:36:03 --> Helper loaded: easyui_helper
INFO - 2024-12-19 20:36:03 --> Helper loaded: param_helper
INFO - 2024-12-19 20:36:03 --> Helper loaded: credential_helper
INFO - 2024-12-19 20:36:03 --> Helper loaded: template_helper
INFO - 2024-12-19 20:36:03 --> Helper loaded: rest_helper
INFO - 2024-12-19 20:36:03 --> Database Driver Class Initialized
DEBUG - 2024-12-19 20:36:03 --> Idgenerator class already loaded. Second attempt ignored.
INFO - 2024-12-19 20:36:03 --> Controller Class Initialized
INFO - 2024-12-19 20:36:03 --> Model Class Initialized
DEBUG - 2024-12-19 20:36:03 --> File loaded: /apps/web-drc/application/modules/api_v1/models/Api_v1_model.php
INFO - 2024-12-19 20:36:03 --> Model Class Initialized
INFO - 2024-12-19 20:36:03 --> Final output sent to browser
DEBUG - 2024-12-19 20:36:03 --> Total execution time: 0.0080
INFO - 2024-12-19 20:36:03 --> Config Class Initialized
INFO - 2024-12-19 20:36:03 --> Hooks Class Initialized
DEBUG - 2024-12-19 20:36:03 --> UTF-8 Support Enabled
INFO - 2024-12-19 20:36:03 --> Utf8 Class Initialized
INFO - 2024-12-19 20:36:03 --> URI Class Initialized
INFO - 2024-12-19 20:36:03 --> Router Class Initialized
INFO - 2024-12-19 20:36:03 --> Output Class Initialized
INFO - 2024-12-19 20:36:03 --> Security Class Initialized
DEBUG - 2024-12-19 20:36:03 --> Global POST, GET and COOKIE data sanitized
INFO - 2024-12-19 20:36:03 --> Input Class Initialized
INFO - 2024-12-19 20:36:03 --> Language Class Initialized
INFO - 2024-12-19 20:36:03 --> Language Class Initialized
INFO - 2024-12-19 20:36:03 --> Config Class Initialized
INFO - 2024-12-19 20:36:03 --> Loader Class Initialized
INFO - 2024-12-19 20:36:03 --> Helper loaded: url_helper
INFO - 2024-12-19 20:36:03 --> Helper loaded: easyui_helper
INFO - 2024-12-19 20:36:03 --> Helper loaded: param_helper
INFO - 2024-12-19 20:36:03 --> Helper loaded: credential_helper
INFO - 2024-12-19 20:36:03 --> Helper loaded: template_helper
INFO - 2024-12-19 20:36:03 --> Helper loaded: rest_helper
INFO - 2024-12-19 20:36:03 --> Database Driver Class Initialized
DEBUG - 2024-12-19 20:36:03 --> Idgenerator class already loaded. Second attempt ignored.
INFO - 2024-12-19 20:36:03 --> Controller Class Initialized
INFO - 2024-12-19 20:36:03 --> Model Class Initialized
DEBUG - 2024-12-19 20:36:03 --> File loaded: /apps/web-drc/application/modules/api_v1/models/Api_v1_model.php
INFO - 2024-12-19 20:36:03 --> Model Class Initialized
INFO - 2024-12-19 20:36:03 --> Final output sent to browser
DEBUG - 2024-12-19 20:36:03 --> Total execution time: 0.0046
INFO - 2024-12-19 20:36:03 --> Config Class Initialized
INFO - 2024-12-19 20:36:03 --> Hooks Class Initialized
DEBUG - 2024-12-19 20:36:03 --> UTF-8 Support Enabled
INFO - 2024-12-19 20:36:03 --> Utf8 Class Initialized
INFO - 2024-12-19 20:36:03 --> URI Class Initialized
INFO - 2024-12-19 20:36:03 --> Router Class Initialized
INFO - 2024-12-19 20:36:03 --> Output Class Initialized
INFO - 2024-12-19 20:36:03 --> Security Class Initialized
DEBUG - 2024-12-19 20:36:03 --> Global POST, GET and COOKIE data sanitized
INFO - 2024-12-19 20:36:03 --> Input Class Initialized
INFO - 2024-12-19 20:36:03 --> Language Class Initialized
INFO - 2024-12-19 20:36:03 --> Language Class Initialized
INFO - 2024-12-19 20:36:03 --> Config Class Initialized
INFO - 2024-12-19 20:36:03 --> Loader Class Initialized
INFO - 2024-12-19 20:36:03 --> Helper loaded: url_helper
INFO - 2024-12-19 20:36:03 --> Helper loaded: easyui_helper
INFO - 2024-12-19 20:36:03 --> Helper loaded: param_helper
INFO - 2024-12-19 20:36:03 --> Helper loaded: credential_helper
INFO - 2024-12-19 20:36:03 --> Helper loaded: template_helper
INFO - 2024-12-19 20:36:03 --> Helper loaded: rest_helper
INFO - 2024-12-19 20:36:03 --> Database Driver Class Initialized
DEBUG - 2024-12-19 20:36:03 --> Idgenerator class already loaded. Second attempt ignored.
INFO - 2024-12-19 20:36:03 --> Controller Class Initialized
INFO - 2024-12-19 20:36:03 --> Model Class Initialized
DEBUG - 2024-12-19 20:36:03 --> File loaded: /apps/web-drc/application/modules/api_v1/models/Api_v1_model.php
INFO - 2024-12-19 20:36:03 --> Model Class Initialized
INFO - 2024-12-19 20:36:03 --> Final output sent to browser
DEBUG - 2024-12-19 20:36:03 --> Total execution time: 0.0043
INFO - 2024-12-19 20:36:03 --> Config Class Initialized
INFO - 2024-12-19 20:36:03 --> Hooks Class Initialized
DEBUG - 2024-12-19 20:36:03 --> UTF-8 Support Enabled
INFO - 2024-12-19 20:36:03 --> Utf8 Class Initialized
INFO - 2024-12-19 20:36:03 --> URI Class Initialized
INFO - 2024-12-19 20:36:03 --> Router Class Initialized
INFO - 2024-12-19 20:36:03 --> Output Class Initialized
INFO - 2024-12-19 20:36:03 --> Security Class Initialized
DEBUG - 2024-12-19 20:36:03 --> Global POST, GET and COOKIE data sanitized
INFO - 2024-12-19 20:36:03 --> Input Class Initialized
INFO - 2024-12-19 20:36:03 --> Language Class Initialized
INFO - 2024-12-19 20:36:03 --> Language Class Initialized
INFO - 2024-12-19 20:36:03 --> Config Class Initialized
INFO - 2024-12-19 20:36:03 --> Loader Class Initialized
INFO - 2024-12-19 20:36:03 --> Helper loaded: url_helper
INFO - 2024-12-19 20:36:03 --> Helper loaded: easyui_helper
INFO - 2024-12-19 20:36:03 --> Helper loaded: param_helper
INFO - 2024-12-19 20:36:03 --> Helper loaded: credential_helper
INFO - 2024-12-19 20:36:03 --> Helper loaded: template_helper
INFO - 2024-12-19 20:36:03 --> Helper loaded: rest_helper
INFO - 2024-12-19 20:36:03 --> Database Driver Class Initialized
DEBUG - 2024-12-19 20:36:03 --> Idgenerator class already loaded. Second attempt ignored.
INFO - 2024-12-19 20:36:03 --> Controller Class Initialized
INFO - 2024-12-19 20:36:03 --> Model Class Initialized
DEBUG - 2024-12-19 20:36:03 --> File loaded: /apps/web-drc/application/modules/api_v1/models/Api_v1_model.php
INFO - 2024-12-19 20:36:03 --> Model Class Initialized
INFO - 2024-12-19 20:36:03 --> Final output sent to browser
DEBUG - 2024-12-19 20:36:03 --> Total execution time: 0.0061
INFO - 2024-12-19 20:36:03 --> Config Class Initialized
INFO - 2024-12-19 20:36:03 --> Hooks Class Initialized
DEBUG - 2024-12-19 20:36:03 --> UTF-8 Support Enabled
INFO - 2024-12-19 20:36:03 --> Utf8 Class Initialized
INFO - 2024-12-19 20:36:03 --> URI Class Initialized
INFO - 2024-12-19 20:36:03 --> Router Class Initialized
INFO - 2024-12-19 20:36:03 --> Output Class Initialized
INFO - 2024-12-19 20:36:03 --> Security Class Initialized
DEBUG - 2024-12-19 20:36:03 --> Global POST, GET and COOKIE data sanitized
INFO - 2024-12-19 20:36:03 --> Input Class Initialized
INFO - 2024-12-19 20:36:03 --> Language Class Initialized
INFO - 2024-12-19 20:36:03 --> Language Class Initialized
INFO - 2024-12-19 20:36:03 --> Config Class Initialized
INFO - 2024-12-19 20:36:03 --> Loader Class Initialized
INFO - 2024-12-19 20:36:03 --> Helper loaded: url_helper
INFO - 2024-12-19 20:36:03 --> Helper loaded: easyui_helper
INFO - 2024-12-19 20:36:03 --> Helper loaded: param_helper
INFO - 2024-12-19 20:36:03 --> Helper loaded: credential_helper
INFO - 2024-12-19 20:36:03 --> Helper loaded: template_helper
INFO - 2024-12-19 20:36:03 --> Helper loaded: rest_helper
INFO - 2024-12-19 20:36:03 --> Database Driver Class Initialized
DEBUG - 2024-12-19 20:36:03 --> Idgenerator class already loaded. Second attempt ignored.
INFO - 2024-12-19 20:36:03 --> Controller Class Initialized
INFO - 2024-12-19 20:36:03 --> Model Class Initialized
DEBUG - 2024-12-19 20:36:03 --> File loaded: /apps/web-drc/application/modules/api_v1/models/Api_v1_model.php
INFO - 2024-12-19 20:36:03 --> Model Class Initialized
INFO - 2024-12-19 20:36:03 --> Final output sent to browser
DEBUG - 2024-12-19 20:36:03 --> Total execution time: 0.0036
INFO - 2024-12-19 20:36:03 --> Config Class Initialized
INFO - 2024-12-19 20:36:03 --> Hooks Class Initialized
DEBUG - 2024-12-19 20:36:03 --> UTF-8 Support Enabled
INFO - 2024-12-19 20:36:03 --> Utf8 Class Initialized
INFO - 2024-12-19 20:36:03 --> URI Class Initialized
INFO - 2024-12-19 20:36:03 --> Router Class Initialized
INFO - 2024-12-19 20:36:03 --> Output Class Initialized
INFO - 2024-12-19 20:36:03 --> Security Class Initialized
DEBUG - 2024-12-19 20:36:03 --> Global POST, GET and COOKIE data sanitized
INFO - 2024-12-19 20:36:03 --> Input Class Initialized
INFO - 2024-12-19 20:36:03 --> Language Class Initialized
INFO - 2024-12-19 20:36:03 --> Language Class Initialized
INFO - 2024-12-19 20:36:03 --> Config Class Initialized
INFO - 2024-12-19 20:36:03 --> Loader Class Initialized
INFO - 2024-12-19 20:36:03 --> Helper loaded: url_helper
INFO - 2024-12-19 20:36:03 --> Helper loaded: easyui_helper
INFO - 2024-12-19 20:36:03 --> Helper loaded: param_helper
INFO - 2024-12-19 20:36:03 --> Helper loaded: credential_helper
INFO - 2024-12-19 20:36:03 --> Helper loaded: template_helper
INFO - 2024-12-19 20:36:03 --> Helper loaded: rest_helper
INFO - 2024-12-19 20:36:03 --> Database Driver Class Initialized
DEBUG - 2024-12-19 20:36:03 --> Idgenerator class already loaded. Second attempt ignored.
INFO - 2024-12-19 20:36:03 --> Controller Class Initialized
INFO - 2024-12-19 20:36:03 --> Model Class Initialized
DEBUG - 2024-12-19 20:36:03 --> File loaded: /apps/web-drc/application/modules/api_v1/models/Api_v1_model.php
INFO - 2024-12-19 20:36:03 --> Model Class Initialized
INFO - 2024-12-19 20:36:03 --> Final output sent to browser
DEBUG - 2024-12-19 20:36:03 --> Total execution time: 0.0039
INFO - 2024-12-19 20:36:03 --> Config Class Initialized
INFO - 2024-12-19 20:36:03 --> Hooks Class Initialized
DEBUG - 2024-12-19 20:36:03 --> UTF-8 Support Enabled
INFO - 2024-12-19 20:36:03 --> Utf8 Class Initialized
INFO - 2024-12-19 20:36:03 --> URI Class Initialized
INFO - 2024-12-19 20:36:03 --> Router Class Initialized
INFO - 2024-12-19 20:36:03 --> Output Class Initialized
INFO - 2024-12-19 20:36:03 --> Security Class Initialized
DEBUG - 2024-12-19 20:36:03 --> Global POST, GET and COOKIE data sanitized
INFO - 2024-12-19 20:36:03 --> Input Class Initialized
INFO - 2024-12-19 20:36:03 --> Language Class Initialized
INFO - 2024-12-19 20:36:03 --> Language Class Initialized
INFO - 2024-12-19 20:36:03 --> Config Class Initialized
INFO - 2024-12-19 20:36:03 --> Loader Class Initialized
INFO - 2024-12-19 20:36:03 --> Helper loaded: url_helper
INFO - 2024-12-19 20:36:03 --> Helper loaded: easyui_helper
INFO - 2024-12-19 20:36:03 --> Helper loaded: param_helper
INFO - 2024-12-19 20:36:03 --> Helper loaded: credential_helper
INFO - 2024-12-19 20:36:03 --> Helper loaded: template_helper
INFO - 2024-12-19 20:36:03 --> Helper loaded: rest_helper
INFO - 2024-12-19 20:36:03 --> Database Driver Class Initialized
DEBUG - 2024-12-19 20:36:03 --> Idgenerator class already loaded. Second attempt ignored.
INFO - 2024-12-19 20:36:03 --> Controller Class Initialized
INFO - 2024-12-19 20:36:03 --> Model Class Initialized
DEBUG - 2024-12-19 20:36:03 --> File loaded: /apps/web-drc/application/modules/api_v1/models/Api_v1_model.php
INFO - 2024-12-19 20:36:03 --> Model Class Initialized
INFO - 2024-12-19 20:36:03 --> Final output sent to browser
DEBUG - 2024-12-19 20:36:03 --> Total execution time: 0.0117
INFO - 2024-12-19 20:36:03 --> Config Class Initialized
INFO - 2024-12-19 20:36:03 --> Hooks Class Initialized
DEBUG - 2024-12-19 20:36:03 --> UTF-8 Support Enabled
INFO - 2024-12-19 20:36:03 --> Utf8 Class Initialized
INFO - 2024-12-19 20:36:03 --> URI Class Initialized
INFO - 2024-12-19 20:36:03 --> Router Class Initialized
INFO - 2024-12-19 20:36:03 --> Output Class Initialized
INFO - 2024-12-19 20:36:03 --> Security Class Initialized
DEBUG - 2024-12-19 20:36:03 --> Global POST, GET and COOKIE data sanitized
INFO - 2024-12-19 20:36:03 --> Input Class Initialized
INFO - 2024-12-19 20:36:03 --> Language Class Initialized
INFO - 2024-12-19 20:36:03 --> Language Class Initialized
INFO - 2024-12-19 20:36:03 --> Config Class Initialized
INFO - 2024-12-19 20:36:03 --> Loader Class Initialized
INFO - 2024-12-19 20:36:03 --> Helper loaded: url_helper
INFO - 2024-12-19 20:36:03 --> Helper loaded: easyui_helper
INFO - 2024-12-19 20:36:03 --> Helper loaded: param_helper
INFO - 2024-12-19 20:36:03 --> Helper loaded: credential_helper
INFO - 2024-12-19 20:36:03 --> Helper loaded: template_helper
INFO - 2024-12-19 20:36:03 --> Helper loaded: rest_helper
INFO - 2024-12-19 20:36:03 --> Database Driver Class Initialized
DEBUG - 2024-12-19 20:36:03 --> Idgenerator class already loaded. Second attempt ignored.
INFO - 2024-12-19 20:36:03 --> Controller Class Initialized
INFO - 2024-12-19 20:36:03 --> Model Class Initialized
DEBUG - 2024-12-19 20:36:03 --> File loaded: /apps/web-drc/application/modules/api_v1/models/Api_v1_model.php
INFO - 2024-12-19 20:36:03 --> Model Class Initialized
INFO - 2024-12-19 20:36:03 --> Final output sent to browser
DEBUG - 2024-12-19 20:36:03 --> Total execution time: 0.0037
INFO - 2024-12-19 20:36:03 --> Config Class Initialized
INFO - 2024-12-19 20:36:03 --> Hooks Class Initialized
DEBUG - 2024-12-19 20:36:03 --> UTF-8 Support Enabled
INFO - 2024-12-19 20:36:03 --> Utf8 Class Initialized
INFO - 2024-12-19 20:36:03 --> URI Class Initialized
INFO - 2024-12-19 20:36:03 --> Router Class Initialized
INFO - 2024-12-19 20:36:03 --> Output Class Initialized
INFO - 2024-12-19 20:36:03 --> Security Class Initialized
DEBUG - 2024-12-19 20:36:03 --> Global POST, GET and COOKIE data sanitized
INFO - 2024-12-19 20:36:03 --> Input Class Initialized
INFO - 2024-12-19 20:36:03 --> Language Class Initialized
ERROR - 2024-12-19 20:36:03 --> 404 Page Not Found: /index
