INFO - 2025-02-04 04:20:11 --> Config Class Initialized
INFO - 2025-02-04 04:20:11 --> Hooks Class Initialized
DEBUG - 2025-02-04 04:20:11 --> UTF-8 Support Enabled
INFO - 2025-02-04 04:20:11 --> Utf8 Class Initialized
INFO - 2025-02-04 04:20:11 --> URI Class Initialized
DEBUG - 2025-02-04 04:20:11 --> No URI present. Default controller set.
INFO - 2025-02-04 04:20:11 --> Router Class Initialized
INFO - 2025-02-04 04:20:11 --> Output Class Initialized
INFO - 2025-02-04 04:20:11 --> Security Class Initialized
DEBUG - 2025-02-04 04:20:11 --> Global POST, GET and COOKIE data sanitized
INFO - 2025-02-04 04:20:11 --> Input Class Initialized
INFO - 2025-02-04 04:20:11 --> Language Class Initialized
INFO - 2025-02-04 04:20:11 --> Language Class Initialized
INFO - 2025-02-04 04:20:11 --> Config Class Initialized
INFO - 2025-02-04 04:20:11 --> Loader Class Initialized
INFO - 2025-02-04 04:20:11 --> Helper loaded: url_helper
INFO - 2025-02-04 04:20:11 --> Helper loaded: easyui_helper
INFO - 2025-02-04 04:20:11 --> Helper loaded: param_helper
INFO - 2025-02-04 04:20:11 --> Helper loaded: credential_helper
INFO - 2025-02-04 04:20:11 --> Helper loaded: template_helper
INFO - 2025-02-04 04:20:11 --> Helper loaded: rest_helper
INFO - 2025-02-04 04:20:11 --> Database Driver Class Initialized
DEBUG - 2025-02-04 04:20:11 --> Idgenerator class already loaded. Second attempt ignored.
INFO - 2025-02-04 04:20:11 --> Controller Class Initialized
DEBUG - 2025-02-04 04:20:11 --> File loaded: /apps/web-drc/application/modules/app_auth/views/login_lte_template.php
DEBUG - 2025-02-04 04:20:11 --> File loaded: /apps/web-drc/application/views/template_login_lte/header.php
DEBUG - 2025-02-04 04:20:11 --> File loaded: /apps/web-drc/application/views/template_login_lte/contents.php
DEBUG - 2025-02-04 04:20:11 --> File loaded: /apps/web-drc/application/views/template_login_lte/default.php
INFO - 2025-02-04 04:20:11 --> Final output sent to browser
DEBUG - 2025-02-04 04:20:11 --> Total execution time: 0.0098
INFO - 2025-02-04 04:20:22 --> Config Class Initialized
INFO - 2025-02-04 04:20:22 --> Hooks Class Initialized
DEBUG - 2025-02-04 04:20:22 --> UTF-8 Support Enabled
INFO - 2025-02-04 04:20:22 --> Utf8 Class Initialized
INFO - 2025-02-04 04:20:22 --> URI Class Initialized
INFO - 2025-02-04 04:20:22 --> Router Class Initialized
INFO - 2025-02-04 04:20:22 --> Output Class Initialized
INFO - 2025-02-04 04:20:22 --> Security Class Initialized
DEBUG - 2025-02-04 04:20:22 --> Global POST, GET and COOKIE data sanitized
INFO - 2025-02-04 04:20:22 --> Input Class Initialized
INFO - 2025-02-04 04:20:22 --> Language Class Initialized
ERROR - 2025-02-04 04:20:22 --> 404 Page Not Found: /index
INFO - 2025-02-04 04:20:27 --> Config Class Initialized
INFO - 2025-02-04 04:20:27 --> Hooks Class Initialized
DEBUG - 2025-02-04 04:20:27 --> UTF-8 Support Enabled
INFO - 2025-02-04 04:20:27 --> Utf8 Class Initialized
INFO - 2025-02-04 04:20:27 --> URI Class Initialized
INFO - 2025-02-04 04:20:27 --> Router Class Initialized
INFO - 2025-02-04 04:20:27 --> Output Class Initialized
INFO - 2025-02-04 04:20:27 --> Security Class Initialized
DEBUG - 2025-02-04 04:20:27 --> Global POST, GET and COOKIE data sanitized
INFO - 2025-02-04 04:20:27 --> Input Class Initialized
INFO - 2025-02-04 04:20:27 --> Language Class Initialized
ERROR - 2025-02-04 04:20:27 --> 404 Page Not Found: /index
INFO - 2025-02-04 04:20:32 --> Config Class Initialized
INFO - 2025-02-04 04:20:32 --> Hooks Class Initialized
DEBUG - 2025-02-04 04:20:32 --> UTF-8 Support Enabled
INFO - 2025-02-04 04:20:32 --> Utf8 Class Initialized
INFO - 2025-02-04 04:20:32 --> URI Class Initialized
INFO - 2025-02-04 04:20:32 --> Router Class Initialized
INFO - 2025-02-04 04:20:32 --> Output Class Initialized
INFO - 2025-02-04 04:20:32 --> Security Class Initialized
DEBUG - 2025-02-04 04:20:32 --> Global POST, GET and COOKIE data sanitized
INFO - 2025-02-04 04:20:32 --> Input Class Initialized
INFO - 2025-02-04 04:20:32 --> Language Class Initialized
ERROR - 2025-02-04 04:20:32 --> 404 Page Not Found: /index
INFO - 2025-02-04 04:20:50 --> Config Class Initialized
INFO - 2025-02-04 04:20:50 --> Hooks Class Initialized
DEBUG - 2025-02-04 04:20:50 --> UTF-8 Support Enabled
INFO - 2025-02-04 04:20:50 --> Utf8 Class Initialized
INFO - 2025-02-04 04:20:50 --> URI Class Initialized
INFO - 2025-02-04 04:20:50 --> Router Class Initialized
INFO - 2025-02-04 04:20:50 --> Output Class Initialized
INFO - 2025-02-04 04:20:50 --> Security Class Initialized
DEBUG - 2025-02-04 04:20:50 --> Global POST, GET and COOKIE data sanitized
INFO - 2025-02-04 04:20:50 --> Input Class Initialized
INFO - 2025-02-04 04:20:50 --> Language Class Initialized
ERROR - 2025-02-04 04:20:50 --> 404 Page Not Found: /index
INFO - 2025-02-04 04:51:07 --> Config Class Initialized
INFO - 2025-02-04 04:51:07 --> Hooks Class Initialized
DEBUG - 2025-02-04 04:51:07 --> UTF-8 Support Enabled
INFO - 2025-02-04 04:51:07 --> Utf8 Class Initialized
INFO - 2025-02-04 04:51:07 --> URI Class Initialized
DEBUG - 2025-02-04 04:51:07 --> No URI present. Default controller set.
INFO - 2025-02-04 04:51:07 --> Router Class Initialized
INFO - 2025-02-04 04:51:07 --> Output Class Initialized
INFO - 2025-02-04 04:51:07 --> Security Class Initialized
DEBUG - 2025-02-04 04:51:07 --> Global POST, GET and COOKIE data sanitized
INFO - 2025-02-04 04:51:07 --> Input Class Initialized
INFO - 2025-02-04 04:51:07 --> Language Class Initialized
INFO - 2025-02-04 04:51:07 --> Language Class Initialized
INFO - 2025-02-04 04:51:07 --> Config Class Initialized
INFO - 2025-02-04 04:51:07 --> Loader Class Initialized
INFO - 2025-02-04 04:51:07 --> Helper loaded: url_helper
INFO - 2025-02-04 04:51:07 --> Helper loaded: easyui_helper
INFO - 2025-02-04 04:51:07 --> Helper loaded: param_helper
INFO - 2025-02-04 04:51:07 --> Helper loaded: credential_helper
INFO - 2025-02-04 04:51:07 --> Helper loaded: template_helper
INFO - 2025-02-04 04:51:07 --> Helper loaded: rest_helper
INFO - 2025-02-04 04:51:07 --> Database Driver Class Initialized
DEBUG - 2025-02-04 04:51:07 --> Idgenerator class already loaded. Second attempt ignored.
INFO - 2025-02-04 04:51:07 --> Controller Class Initialized
DEBUG - 2025-02-04 04:51:07 --> File loaded: /apps/web-drc/application/modules/app_auth/views/login_lte_template.php
DEBUG - 2025-02-04 04:51:07 --> File loaded: /apps/web-drc/application/views/template_login_lte/header.php
DEBUG - 2025-02-04 04:51:07 --> File loaded: /apps/web-drc/application/views/template_login_lte/contents.php
DEBUG - 2025-02-04 04:51:07 --> File loaded: /apps/web-drc/application/views/template_login_lte/default.php
INFO - 2025-02-04 04:51:07 --> Final output sent to browser
DEBUG - 2025-02-04 04:51:07 --> Total execution time: 0.0040
INFO - 2025-02-04 05:23:12 --> Config Class Initialized
INFO - 2025-02-04 05:23:12 --> Hooks Class Initialized
DEBUG - 2025-02-04 05:23:12 --> UTF-8 Support Enabled
INFO - 2025-02-04 05:23:12 --> Utf8 Class Initialized
INFO - 2025-02-04 05:23:12 --> URI Class Initialized
DEBUG - 2025-02-04 05:23:12 --> No URI present. Default controller set.
INFO - 2025-02-04 05:23:12 --> Router Class Initialized
INFO - 2025-02-04 05:23:12 --> Output Class Initialized
INFO - 2025-02-04 05:23:12 --> Security Class Initialized
DEBUG - 2025-02-04 05:23:12 --> Global POST, GET and COOKIE data sanitized
INFO - 2025-02-04 05:23:12 --> Input Class Initialized
INFO - 2025-02-04 05:23:12 --> Language Class Initialized
INFO - 2025-02-04 05:23:12 --> Language Class Initialized
INFO - 2025-02-04 05:23:12 --> Config Class Initialized
INFO - 2025-02-04 05:23:12 --> Loader Class Initialized
INFO - 2025-02-04 05:23:12 --> Helper loaded: url_helper
INFO - 2025-02-04 05:23:12 --> Helper loaded: easyui_helper
INFO - 2025-02-04 05:23:12 --> Helper loaded: param_helper
INFO - 2025-02-04 05:23:12 --> Helper loaded: credential_helper
INFO - 2025-02-04 05:23:12 --> Helper loaded: template_helper
INFO - 2025-02-04 05:23:12 --> Helper loaded: rest_helper
INFO - 2025-02-04 05:23:12 --> Database Driver Class Initialized
DEBUG - 2025-02-04 05:23:12 --> Idgenerator class already loaded. Second attempt ignored.
INFO - 2025-02-04 05:23:12 --> Controller Class Initialized
DEBUG - 2025-02-04 05:23:12 --> File loaded: /apps/web-drc/application/modules/app_auth/views/login_lte_template.php
DEBUG - 2025-02-04 05:23:12 --> File loaded: /apps/web-drc/application/views/template_login_lte/header.php
DEBUG - 2025-02-04 05:23:12 --> File loaded: /apps/web-drc/application/views/template_login_lte/contents.php
DEBUG - 2025-02-04 05:23:12 --> File loaded: /apps/web-drc/application/views/template_login_lte/default.php
INFO - 2025-02-04 05:23:12 --> Final output sent to browser
DEBUG - 2025-02-04 05:23:12 --> Total execution time: 0.0040
INFO - 2025-02-04 09:33:40 --> Config Class Initialized
INFO - 2025-02-04 09:33:40 --> Hooks Class Initialized
DEBUG - 2025-02-04 09:33:40 --> UTF-8 Support Enabled
INFO - 2025-02-04 09:33:40 --> Utf8 Class Initialized
INFO - 2025-02-04 09:33:40 --> URI Class Initialized
DEBUG - 2025-02-04 09:33:40 --> No URI present. Default controller set.
INFO - 2025-02-04 09:33:40 --> Router Class Initialized
INFO - 2025-02-04 09:33:40 --> Output Class Initialized
INFO - 2025-02-04 09:33:40 --> Security Class Initialized
DEBUG - 2025-02-04 09:33:40 --> Global POST, GET and COOKIE data sanitized
INFO - 2025-02-04 09:33:40 --> Input Class Initialized
INFO - 2025-02-04 09:33:40 --> Language Class Initialized
INFO - 2025-02-04 09:33:40 --> Language Class Initialized
INFO - 2025-02-04 09:33:40 --> Config Class Initialized
INFO - 2025-02-04 09:33:40 --> Loader Class Initialized
INFO - 2025-02-04 09:33:40 --> Helper loaded: url_helper
INFO - 2025-02-04 09:33:40 --> Helper loaded: easyui_helper
INFO - 2025-02-04 09:33:40 --> Helper loaded: param_helper
INFO - 2025-02-04 09:33:40 --> Helper loaded: credential_helper
INFO - 2025-02-04 09:33:40 --> Helper loaded: template_helper
INFO - 2025-02-04 09:33:40 --> Helper loaded: rest_helper
INFO - 2025-02-04 09:33:40 --> Database Driver Class Initialized
DEBUG - 2025-02-04 09:33:40 --> Idgenerator class already loaded. Second attempt ignored.
INFO - 2025-02-04 09:33:40 --> Controller Class Initialized
DEBUG - 2025-02-04 09:33:40 --> File loaded: /apps/web-drc/application/modules/app_auth/views/login_lte_template.php
DEBUG - 2025-02-04 09:33:40 --> File loaded: /apps/web-drc/application/views/template_login_lte/header.php
DEBUG - 2025-02-04 09:33:40 --> File loaded: /apps/web-drc/application/views/template_login_lte/contents.php
DEBUG - 2025-02-04 09:33:40 --> File loaded: /apps/web-drc/application/views/template_login_lte/default.php
INFO - 2025-02-04 09:33:40 --> Final output sent to browser
DEBUG - 2025-02-04 09:33:40 --> Total execution time: 0.0626
INFO - 2025-02-04 09:33:48 --> Config Class Initialized
INFO - 2025-02-04 09:33:48 --> Hooks Class Initialized
DEBUG - 2025-02-04 09:33:48 --> UTF-8 Support Enabled
INFO - 2025-02-04 09:33:48 --> Utf8 Class Initialized
INFO - 2025-02-04 09:33:48 --> URI Class Initialized
INFO - 2025-02-04 09:33:48 --> Router Class Initialized
INFO - 2025-02-04 09:33:48 --> Output Class Initialized
INFO - 2025-02-04 09:33:48 --> Security Class Initialized
DEBUG - 2025-02-04 09:33:48 --> Global POST, GET and COOKIE data sanitized
INFO - 2025-02-04 09:33:48 --> Input Class Initialized
INFO - 2025-02-04 09:33:48 --> Language Class Initialized
INFO - 2025-02-04 09:33:48 --> Language Class Initialized
INFO - 2025-02-04 09:33:48 --> Config Class Initialized
INFO - 2025-02-04 09:33:48 --> Loader Class Initialized
INFO - 2025-02-04 09:33:48 --> Helper loaded: url_helper
INFO - 2025-02-04 09:33:48 --> Helper loaded: easyui_helper
INFO - 2025-02-04 09:33:48 --> Helper loaded: param_helper
INFO - 2025-02-04 09:33:48 --> Helper loaded: credential_helper
INFO - 2025-02-04 09:33:48 --> Helper loaded: template_helper
INFO - 2025-02-04 09:33:48 --> Helper loaded: rest_helper
INFO - 2025-02-04 09:33:48 --> Database Driver Class Initialized
DEBUG - 2025-02-04 09:33:48 --> Idgenerator class already loaded. Second attempt ignored.
INFO - 2025-02-04 09:33:48 --> Controller Class Initialized
INFO - 2025-02-04 09:33:48 --> Final output sent to browser
DEBUG - 2025-02-04 09:33:48 --> Total execution time: 0.0287
INFO - 2025-02-04 09:33:48 --> Config Class Initialized
INFO - 2025-02-04 09:33:48 --> Hooks Class Initialized
DEBUG - 2025-02-04 09:33:48 --> UTF-8 Support Enabled
INFO - 2025-02-04 09:33:48 --> Utf8 Class Initialized
INFO - 2025-02-04 09:33:48 --> URI Class Initialized
INFO - 2025-02-04 09:33:48 --> Router Class Initialized
INFO - 2025-02-04 09:33:48 --> Output Class Initialized
INFO - 2025-02-04 09:33:48 --> Security Class Initialized
DEBUG - 2025-02-04 09:33:48 --> Global POST, GET and COOKIE data sanitized
INFO - 2025-02-04 09:33:48 --> Input Class Initialized
INFO - 2025-02-04 09:33:48 --> Language Class Initialized
INFO - 2025-02-04 09:33:48 --> Language Class Initialized
INFO - 2025-02-04 09:33:48 --> Config Class Initialized
INFO - 2025-02-04 09:33:48 --> Loader Class Initialized
INFO - 2025-02-04 09:33:48 --> Helper loaded: url_helper
INFO - 2025-02-04 09:33:48 --> Helper loaded: easyui_helper
INFO - 2025-02-04 09:33:48 --> Helper loaded: param_helper
INFO - 2025-02-04 09:33:48 --> Helper loaded: credential_helper
INFO - 2025-02-04 09:33:48 --> Helper loaded: template_helper
INFO - 2025-02-04 09:33:48 --> Helper loaded: rest_helper
INFO - 2025-02-04 09:33:48 --> Database Driver Class Initialized
DEBUG - 2025-02-04 09:33:48 --> Idgenerator class already loaded. Second attempt ignored.
INFO - 2025-02-04 09:33:48 --> Controller Class Initialized
INFO - 2025-02-04 09:33:48 --> Model Class Initialized
DEBUG - 2025-02-04 09:33:48 --> File loaded: /apps/web-drc/application/modules/app_dashboard/models/App_dashboard_model.php
INFO - 2025-02-04 09:33:48 --> Model Class Initialized
DEBUG - 2025-02-04 09:33:48 --> File loaded: /apps/web-drc/application/modules/app_dashboard/views/content.php
DEBUG - 2025-02-04 09:33:48 --> File loaded: /apps/web-drc/application/views/templates/header.php
DEBUG - 2025-02-04 09:33:48 --> File loaded: /apps/web-drc/application/views/templates/toolbar.php
DEBUG - 2025-02-04 09:33:48 --> File loaded: /apps/web-drc/application/views/templates/sidebar.php
DEBUG - 2025-02-04 09:33:48 --> File loaded: /apps/web-drc/application/views/templates/contents.php
DEBUG - 2025-02-04 09:33:48 --> File loaded: /apps/web-drc/application/views/templates/content_footer.php
DEBUG - 2025-02-04 09:33:48 --> File loaded: /apps/web-drc/application/views/templates/footer.php
DEBUG - 2025-02-04 09:33:48 --> File loaded: /apps/web-drc/application/views/templates/default.php
INFO - 2025-02-04 09:33:48 --> Final output sent to browser
DEBUG - 2025-02-04 09:33:48 --> Total execution time: 0.0454
INFO - 2025-02-04 09:33:50 --> Config Class Initialized
INFO - 2025-02-04 09:33:50 --> Hooks Class Initialized
DEBUG - 2025-02-04 09:33:50 --> UTF-8 Support Enabled
INFO - 2025-02-04 09:33:50 --> Utf8 Class Initialized
INFO - 2025-02-04 09:33:50 --> URI Class Initialized
INFO - 2025-02-04 09:33:50 --> Router Class Initialized
INFO - 2025-02-04 09:33:50 --> Output Class Initialized
INFO - 2025-02-04 09:33:50 --> Security Class Initialized
DEBUG - 2025-02-04 09:33:50 --> Global POST, GET and COOKIE data sanitized
INFO - 2025-02-04 09:33:50 --> Input Class Initialized
INFO - 2025-02-04 09:33:50 --> Language Class Initialized
INFO - 2025-02-04 09:33:50 --> Language Class Initialized
INFO - 2025-02-04 09:33:50 --> Config Class Initialized
INFO - 2025-02-04 09:33:50 --> Loader Class Initialized
INFO - 2025-02-04 09:33:50 --> Helper loaded: url_helper
INFO - 2025-02-04 09:33:50 --> Helper loaded: easyui_helper
INFO - 2025-02-04 09:33:50 --> Helper loaded: param_helper
INFO - 2025-02-04 09:33:50 --> Helper loaded: credential_helper
INFO - 2025-02-04 09:33:50 --> Helper loaded: template_helper
INFO - 2025-02-04 09:33:50 --> Helper loaded: rest_helper
INFO - 2025-02-04 09:33:50 --> Database Driver Class Initialized
DEBUG - 2025-02-04 09:33:50 --> Idgenerator class already loaded. Second attempt ignored.
INFO - 2025-02-04 09:33:50 --> Controller Class Initialized
INFO - 2025-02-04 09:33:50 --> Model Class Initialized
DEBUG - 2025-02-04 09:33:50 --> File loaded: /apps/web-drc/application/modules/app_dashboard/models/App_dashboard_model.php
INFO - 2025-02-04 09:33:50 --> Model Class Initialized
INFO - 2025-02-04 09:33:50 --> Final output sent to browser
DEBUG - 2025-02-04 09:33:50 --> Total execution time: 0.0384
INFO - 2025-02-04 09:33:50 --> Config Class Initialized
INFO - 2025-02-04 09:33:50 --> Hooks Class Initialized
DEBUG - 2025-02-04 09:33:50 --> UTF-8 Support Enabled
INFO - 2025-02-04 09:33:50 --> Utf8 Class Initialized
INFO - 2025-02-04 09:33:50 --> URI Class Initialized
INFO - 2025-02-04 09:33:50 --> Router Class Initialized
INFO - 2025-02-04 09:33:50 --> Output Class Initialized
INFO - 2025-02-04 09:33:50 --> Security Class Initialized
DEBUG - 2025-02-04 09:33:50 --> Global POST, GET and COOKIE data sanitized
INFO - 2025-02-04 09:33:50 --> Input Class Initialized
INFO - 2025-02-04 09:33:50 --> Language Class Initialized
INFO - 2025-02-04 09:33:50 --> Language Class Initialized
INFO - 2025-02-04 09:33:50 --> Config Class Initialized
INFO - 2025-02-04 09:33:50 --> Loader Class Initialized
INFO - 2025-02-04 09:33:50 --> Helper loaded: url_helper
INFO - 2025-02-04 09:33:50 --> Helper loaded: easyui_helper
INFO - 2025-02-04 09:33:50 --> Helper loaded: param_helper
INFO - 2025-02-04 09:33:50 --> Helper loaded: credential_helper
INFO - 2025-02-04 09:33:50 --> Helper loaded: template_helper
INFO - 2025-02-04 09:33:50 --> Helper loaded: rest_helper
INFO - 2025-02-04 09:33:50 --> Database Driver Class Initialized
DEBUG - 2025-02-04 09:33:50 --> Idgenerator class already loaded. Second attempt ignored.
INFO - 2025-02-04 09:33:50 --> Controller Class Initialized
INFO - 2025-02-04 09:33:50 --> Model Class Initialized
DEBUG - 2025-02-04 09:33:50 --> File loaded: /apps/web-drc/application/modules/api_v1/models/Api_v1_model.php
INFO - 2025-02-04 09:33:50 --> Model Class Initialized
INFO - 2025-02-04 09:33:50 --> Final output sent to browser
DEBUG - 2025-02-04 09:33:50 --> Total execution time: 0.0106
INFO - 2025-02-04 09:36:31 --> Config Class Initialized
INFO - 2025-02-04 09:36:31 --> Hooks Class Initialized
DEBUG - 2025-02-04 09:36:31 --> UTF-8 Support Enabled
INFO - 2025-02-04 09:36:31 --> Utf8 Class Initialized
INFO - 2025-02-04 09:36:31 --> URI Class Initialized
INFO - 2025-02-04 09:36:31 --> Router Class Initialized
INFO - 2025-02-04 09:36:31 --> Output Class Initialized
INFO - 2025-02-04 09:36:31 --> Security Class Initialized
DEBUG - 2025-02-04 09:36:31 --> Global POST, GET and COOKIE data sanitized
INFO - 2025-02-04 09:36:31 --> Input Class Initialized
INFO - 2025-02-04 09:36:31 --> Language Class Initialized
INFO - 2025-02-04 09:36:31 --> Language Class Initialized
INFO - 2025-02-04 09:36:31 --> Config Class Initialized
INFO - 2025-02-04 09:36:31 --> Loader Class Initialized
INFO - 2025-02-04 09:36:31 --> Helper loaded: url_helper
INFO - 2025-02-04 09:36:31 --> Helper loaded: easyui_helper
INFO - 2025-02-04 09:36:31 --> Helper loaded: param_helper
INFO - 2025-02-04 09:36:31 --> Helper loaded: credential_helper
INFO - 2025-02-04 09:36:31 --> Helper loaded: template_helper
INFO - 2025-02-04 09:36:31 --> Helper loaded: rest_helper
INFO - 2025-02-04 09:36:31 --> Database Driver Class Initialized
DEBUG - 2025-02-04 09:36:31 --> Idgenerator class already loaded. Second attempt ignored.
INFO - 2025-02-04 09:36:31 --> Controller Class Initialized
INFO - 2025-02-04 09:36:31 --> Model Class Initialized
DEBUG - 2025-02-04 09:36:31 --> File loaded: /apps/web-drc/application/modules/app_dashboard/models/App_dashboard_model.php
INFO - 2025-02-04 09:36:31 --> Model Class Initialized
INFO - 2025-02-04 09:36:31 --> Final output sent to browser
DEBUG - 2025-02-04 09:36:31 --> Total execution time: 0.0120
INFO - 2025-02-04 09:37:42 --> Config Class Initialized
INFO - 2025-02-04 09:37:42 --> Hooks Class Initialized
DEBUG - 2025-02-04 09:37:42 --> UTF-8 Support Enabled
INFO - 2025-02-04 09:37:42 --> Utf8 Class Initialized
INFO - 2025-02-04 09:37:42 --> URI Class Initialized
INFO - 2025-02-04 09:37:42 --> Router Class Initialized
INFO - 2025-02-04 09:37:42 --> Output Class Initialized
INFO - 2025-02-04 09:37:42 --> Security Class Initialized
DEBUG - 2025-02-04 09:37:42 --> Global POST, GET and COOKIE data sanitized
INFO - 2025-02-04 09:37:42 --> Input Class Initialized
INFO - 2025-02-04 09:37:42 --> Language Class Initialized
INFO - 2025-02-04 09:37:42 --> Language Class Initialized
INFO - 2025-02-04 09:37:42 --> Config Class Initialized
INFO - 2025-02-04 09:37:42 --> Loader Class Initialized
INFO - 2025-02-04 09:37:42 --> Helper loaded: url_helper
INFO - 2025-02-04 09:37:42 --> Helper loaded: easyui_helper
INFO - 2025-02-04 09:37:42 --> Helper loaded: param_helper
INFO - 2025-02-04 09:37:42 --> Helper loaded: credential_helper
INFO - 2025-02-04 09:37:42 --> Helper loaded: template_helper
INFO - 2025-02-04 09:37:42 --> Helper loaded: rest_helper
INFO - 2025-02-04 09:37:42 --> Database Driver Class Initialized
DEBUG - 2025-02-04 09:37:42 --> Idgenerator class already loaded. Second attempt ignored.
INFO - 2025-02-04 09:37:42 --> Controller Class Initialized
INFO - 2025-02-04 09:37:42 --> Model Class Initialized
DEBUG - 2025-02-04 09:37:42 --> File loaded: /apps/web-drc/application/modules/conf_setup_site/models/Setup_site_model.php
INFO - 2025-02-04 09:37:42 --> Model Class Initialized
DEBUG - 2025-02-04 09:37:42 --> File loaded: /apps/web-drc/application/modules/conf_setup_site/views/content.php
DEBUG - 2025-02-04 09:37:42 --> File loaded: /apps/web-drc/application/views/templates/header.php
DEBUG - 2025-02-04 09:37:42 --> File loaded: /apps/web-drc/application/views/templates/toolbar.php
DEBUG - 2025-02-04 09:37:42 --> File loaded: /apps/web-drc/application/views/templates/sidebar.php
DEBUG - 2025-02-04 09:37:42 --> File loaded: /apps/web-drc/application/views/templates/contents.php
DEBUG - 2025-02-04 09:37:42 --> File loaded: /apps/web-drc/application/views/templates/content_footer.php
DEBUG - 2025-02-04 09:37:42 --> File loaded: /apps/web-drc/application/views/templates/footer.php
DEBUG - 2025-02-04 09:37:42 --> File loaded: /apps/web-drc/application/views/templates/default.php
INFO - 2025-02-04 09:37:42 --> Final output sent to browser
DEBUG - 2025-02-04 09:37:42 --> Total execution time: 0.0308
INFO - 2025-02-04 09:37:42 --> Config Class Initialized
INFO - 2025-02-04 09:37:42 --> Hooks Class Initialized
DEBUG - 2025-02-04 09:37:42 --> UTF-8 Support Enabled
INFO - 2025-02-04 09:37:42 --> Utf8 Class Initialized
INFO - 2025-02-04 09:37:42 --> URI Class Initialized
INFO - 2025-02-04 09:37:42 --> Router Class Initialized
INFO - 2025-02-04 09:37:42 --> Output Class Initialized
INFO - 2025-02-04 09:37:42 --> Security Class Initialized
DEBUG - 2025-02-04 09:37:42 --> Global POST, GET and COOKIE data sanitized
INFO - 2025-02-04 09:37:42 --> Input Class Initialized
INFO - 2025-02-04 09:37:42 --> Language Class Initialized
INFO - 2025-02-04 09:37:42 --> Language Class Initialized
INFO - 2025-02-04 09:37:42 --> Config Class Initialized
INFO - 2025-02-04 09:37:42 --> Loader Class Initialized
INFO - 2025-02-04 09:37:42 --> Helper loaded: url_helper
INFO - 2025-02-04 09:37:42 --> Helper loaded: easyui_helper
INFO - 2025-02-04 09:37:42 --> Helper loaded: param_helper
INFO - 2025-02-04 09:37:42 --> Helper loaded: credential_helper
INFO - 2025-02-04 09:37:42 --> Helper loaded: template_helper
INFO - 2025-02-04 09:37:42 --> Helper loaded: rest_helper
INFO - 2025-02-04 09:37:42 --> Database Driver Class Initialized
DEBUG - 2025-02-04 09:37:42 --> Idgenerator class already loaded. Second attempt ignored.
INFO - 2025-02-04 09:37:42 --> Controller Class Initialized
INFO - 2025-02-04 09:37:42 --> Model Class Initialized
DEBUG - 2025-02-04 09:37:42 --> File loaded: /apps/web-drc/application/modules/conf_setup_site/models/Setup_site_model.php
INFO - 2025-02-04 09:37:42 --> Model Class Initialized
INFO - 2025-02-04 09:37:42 --> Final output sent to browser
DEBUG - 2025-02-04 09:37:42 --> Total execution time: 0.0048
INFO - 2025-02-04 09:41:22 --> Config Class Initialized
INFO - 2025-02-04 09:41:22 --> Hooks Class Initialized
DEBUG - 2025-02-04 09:41:22 --> UTF-8 Support Enabled
INFO - 2025-02-04 09:41:22 --> Utf8 Class Initialized
INFO - 2025-02-04 09:41:22 --> URI Class Initialized
INFO - 2025-02-04 09:41:22 --> Router Class Initialized
INFO - 2025-02-04 09:41:22 --> Output Class Initialized
INFO - 2025-02-04 09:41:22 --> Security Class Initialized
DEBUG - 2025-02-04 09:41:22 --> Global POST, GET and COOKIE data sanitized
INFO - 2025-02-04 09:41:22 --> Input Class Initialized
INFO - 2025-02-04 09:41:22 --> Language Class Initialized
INFO - 2025-02-04 09:41:22 --> Language Class Initialized
INFO - 2025-02-04 09:41:22 --> Config Class Initialized
INFO - 2025-02-04 09:41:22 --> Loader Class Initialized
INFO - 2025-02-04 09:41:22 --> Helper loaded: url_helper
INFO - 2025-02-04 09:41:22 --> Helper loaded: easyui_helper
INFO - 2025-02-04 09:41:22 --> Helper loaded: param_helper
INFO - 2025-02-04 09:41:22 --> Helper loaded: credential_helper
INFO - 2025-02-04 09:41:22 --> Helper loaded: template_helper
INFO - 2025-02-04 09:41:22 --> Helper loaded: rest_helper
INFO - 2025-02-04 09:41:22 --> Database Driver Class Initialized
DEBUG - 2025-02-04 09:41:22 --> Idgenerator class already loaded. Second attempt ignored.
INFO - 2025-02-04 09:41:22 --> Controller Class Initialized
INFO - 2025-02-04 09:41:22 --> Model Class Initialized
DEBUG - 2025-02-04 09:41:22 --> File loaded: /apps/web-drc/application/modules/app_dashboard/models/App_dashboard_model.php
INFO - 2025-02-04 09:41:22 --> Model Class Initialized
DEBUG - 2025-02-04 09:41:22 --> File loaded: /apps/web-drc/application/modules/app_dashboard/views/content.php
DEBUG - 2025-02-04 09:41:22 --> File loaded: /apps/web-drc/application/views/templates/header.php
DEBUG - 2025-02-04 09:41:22 --> File loaded: /apps/web-drc/application/views/templates/toolbar.php
DEBUG - 2025-02-04 09:41:22 --> File loaded: /apps/web-drc/application/views/templates/sidebar.php
DEBUG - 2025-02-04 09:41:22 --> File loaded: /apps/web-drc/application/views/templates/contents.php
DEBUG - 2025-02-04 09:41:22 --> File loaded: /apps/web-drc/application/views/templates/content_footer.php
DEBUG - 2025-02-04 09:41:22 --> File loaded: /apps/web-drc/application/views/templates/footer.php
DEBUG - 2025-02-04 09:41:22 --> File loaded: /apps/web-drc/application/views/templates/default.php
INFO - 2025-02-04 09:41:22 --> Final output sent to browser
DEBUG - 2025-02-04 09:41:22 --> Total execution time: 0.0246
INFO - 2025-02-04 09:41:22 --> Config Class Initialized
INFO - 2025-02-04 09:41:22 --> Hooks Class Initialized
DEBUG - 2025-02-04 09:41:22 --> UTF-8 Support Enabled
INFO - 2025-02-04 09:41:22 --> Utf8 Class Initialized
INFO - 2025-02-04 09:41:22 --> URI Class Initialized
INFO - 2025-02-04 09:41:22 --> Router Class Initialized
INFO - 2025-02-04 09:41:22 --> Output Class Initialized
INFO - 2025-02-04 09:41:22 --> Security Class Initialized
DEBUG - 2025-02-04 09:41:22 --> Global POST, GET and COOKIE data sanitized
INFO - 2025-02-04 09:41:22 --> Input Class Initialized
INFO - 2025-02-04 09:41:22 --> Language Class Initialized
INFO - 2025-02-04 09:41:22 --> Language Class Initialized
INFO - 2025-02-04 09:41:22 --> Config Class Initialized
INFO - 2025-02-04 09:41:22 --> Loader Class Initialized
INFO - 2025-02-04 09:41:22 --> Helper loaded: url_helper
INFO - 2025-02-04 09:41:22 --> Helper loaded: easyui_helper
INFO - 2025-02-04 09:41:22 --> Helper loaded: param_helper
INFO - 2025-02-04 09:41:22 --> Helper loaded: credential_helper
INFO - 2025-02-04 09:41:22 --> Helper loaded: template_helper
INFO - 2025-02-04 09:41:22 --> Helper loaded: rest_helper
INFO - 2025-02-04 09:41:22 --> Database Driver Class Initialized
DEBUG - 2025-02-04 09:41:22 --> Idgenerator class already loaded. Second attempt ignored.
INFO - 2025-02-04 09:41:22 --> Controller Class Initialized
INFO - 2025-02-04 09:41:22 --> Model Class Initialized
DEBUG - 2025-02-04 09:41:22 --> File loaded: /apps/web-drc/application/modules/app_dashboard/models/App_dashboard_model.php
INFO - 2025-02-04 09:41:22 --> Model Class Initialized
INFO - 2025-02-04 09:41:22 --> Final output sent to browser
DEBUG - 2025-02-04 09:41:22 --> Total execution time: 0.0182
INFO - 2025-02-04 09:41:22 --> Config Class Initialized
INFO - 2025-02-04 09:41:22 --> Hooks Class Initialized
DEBUG - 2025-02-04 09:41:22 --> UTF-8 Support Enabled
INFO - 2025-02-04 09:41:22 --> Utf8 Class Initialized
INFO - 2025-02-04 09:41:22 --> URI Class Initialized
INFO - 2025-02-04 09:41:22 --> Router Class Initialized
INFO - 2025-02-04 09:41:22 --> Output Class Initialized
INFO - 2025-02-04 09:41:22 --> Security Class Initialized
DEBUG - 2025-02-04 09:41:22 --> Global POST, GET and COOKIE data sanitized
INFO - 2025-02-04 09:41:22 --> Input Class Initialized
INFO - 2025-02-04 09:41:22 --> Language Class Initialized
INFO - 2025-02-04 09:41:22 --> Language Class Initialized
INFO - 2025-02-04 09:41:22 --> Config Class Initialized
INFO - 2025-02-04 09:41:22 --> Loader Class Initialized
INFO - 2025-02-04 09:41:22 --> Helper loaded: url_helper
INFO - 2025-02-04 09:41:22 --> Helper loaded: easyui_helper
INFO - 2025-02-04 09:41:22 --> Helper loaded: param_helper
INFO - 2025-02-04 09:41:22 --> Helper loaded: credential_helper
INFO - 2025-02-04 09:41:22 --> Helper loaded: template_helper
INFO - 2025-02-04 09:41:22 --> Helper loaded: rest_helper
INFO - 2025-02-04 09:41:22 --> Database Driver Class Initialized
DEBUG - 2025-02-04 09:41:22 --> Idgenerator class already loaded. Second attempt ignored.
INFO - 2025-02-04 09:41:22 --> Controller Class Initialized
INFO - 2025-02-04 09:41:22 --> Model Class Initialized
DEBUG - 2025-02-04 09:41:22 --> File loaded: /apps/web-drc/application/modules/api_v1/models/Api_v1_model.php
INFO - 2025-02-04 09:41:22 --> Model Class Initialized
INFO - 2025-02-04 09:41:22 --> Final output sent to browser
DEBUG - 2025-02-04 09:41:22 --> Total execution time: 0.0033
INFO - 2025-02-04 09:41:30 --> Config Class Initialized
INFO - 2025-02-04 09:41:30 --> Hooks Class Initialized
DEBUG - 2025-02-04 09:41:30 --> UTF-8 Support Enabled
INFO - 2025-02-04 09:41:30 --> Utf8 Class Initialized
INFO - 2025-02-04 09:41:30 --> URI Class Initialized
INFO - 2025-02-04 09:41:30 --> Router Class Initialized
INFO - 2025-02-04 09:41:30 --> Output Class Initialized
INFO - 2025-02-04 09:41:30 --> Security Class Initialized
DEBUG - 2025-02-04 09:41:30 --> Global POST, GET and COOKIE data sanitized
INFO - 2025-02-04 09:41:30 --> Input Class Initialized
INFO - 2025-02-04 09:41:30 --> Language Class Initialized
INFO - 2025-02-04 09:41:30 --> Language Class Initialized
INFO - 2025-02-04 09:41:30 --> Config Class Initialized
INFO - 2025-02-04 09:41:30 --> Loader Class Initialized
INFO - 2025-02-04 09:41:30 --> Helper loaded: url_helper
INFO - 2025-02-04 09:41:30 --> Helper loaded: easyui_helper
INFO - 2025-02-04 09:41:30 --> Helper loaded: param_helper
INFO - 2025-02-04 09:41:30 --> Helper loaded: credential_helper
INFO - 2025-02-04 09:41:30 --> Helper loaded: template_helper
INFO - 2025-02-04 09:41:30 --> Helper loaded: rest_helper
INFO - 2025-02-04 09:41:30 --> Database Driver Class Initialized
DEBUG - 2025-02-04 09:41:30 --> Idgenerator class already loaded. Second attempt ignored.
INFO - 2025-02-04 09:41:30 --> Controller Class Initialized
INFO - 2025-02-04 09:41:30 --> Model Class Initialized
DEBUG - 2025-02-04 09:41:30 --> File loaded: /apps/web-drc/application/modules/app_dashboard/models/App_dashboard_model.php
INFO - 2025-02-04 09:41:30 --> Model Class Initialized
INFO - 2025-02-04 09:41:30 --> Final output sent to browser
DEBUG - 2025-02-04 09:41:30 --> Total execution time: 0.0260
INFO - 2025-02-04 09:41:34 --> Config Class Initialized
INFO - 2025-02-04 09:41:34 --> Hooks Class Initialized
DEBUG - 2025-02-04 09:41:34 --> UTF-8 Support Enabled
INFO - 2025-02-04 09:41:34 --> Utf8 Class Initialized
INFO - 2025-02-04 09:41:34 --> URI Class Initialized
INFO - 2025-02-04 09:41:34 --> Router Class Initialized
INFO - 2025-02-04 09:41:34 --> Output Class Initialized
INFO - 2025-02-04 09:41:34 --> Security Class Initialized
DEBUG - 2025-02-04 09:41:34 --> Global POST, GET and COOKIE data sanitized
INFO - 2025-02-04 09:41:34 --> Input Class Initialized
INFO - 2025-02-04 09:41:34 --> Language Class Initialized
INFO - 2025-02-04 09:41:34 --> Language Class Initialized
INFO - 2025-02-04 09:41:34 --> Config Class Initialized
INFO - 2025-02-04 09:41:34 --> Loader Class Initialized
INFO - 2025-02-04 09:41:34 --> Helper loaded: url_helper
INFO - 2025-02-04 09:41:34 --> Helper loaded: easyui_helper
INFO - 2025-02-04 09:41:34 --> Helper loaded: param_helper
INFO - 2025-02-04 09:41:34 --> Helper loaded: credential_helper
INFO - 2025-02-04 09:41:34 --> Helper loaded: template_helper
INFO - 2025-02-04 09:41:34 --> Helper loaded: rest_helper
INFO - 2025-02-04 09:41:34 --> Database Driver Class Initialized
DEBUG - 2025-02-04 09:41:34 --> Idgenerator class already loaded. Second attempt ignored.
INFO - 2025-02-04 09:41:34 --> Controller Class Initialized
INFO - 2025-02-04 09:41:34 --> Model Class Initialized
DEBUG - 2025-02-04 09:41:34 --> File loaded: /apps/web-drc/application/modules/app_dashboard/models/App_dashboard_model.php
INFO - 2025-02-04 09:41:34 --> Model Class Initialized
INFO - 2025-02-04 09:41:35 --> Final output sent to browser
DEBUG - 2025-02-04 09:41:35 --> Total execution time: 0.4532
INFO - 2025-02-04 09:41:38 --> Config Class Initialized
INFO - 2025-02-04 09:41:38 --> Hooks Class Initialized
DEBUG - 2025-02-04 09:41:38 --> UTF-8 Support Enabled
INFO - 2025-02-04 09:41:38 --> Utf8 Class Initialized
INFO - 2025-02-04 09:41:38 --> URI Class Initialized
INFO - 2025-02-04 09:41:38 --> Router Class Initialized
INFO - 2025-02-04 09:41:38 --> Output Class Initialized
INFO - 2025-02-04 09:41:38 --> Security Class Initialized
DEBUG - 2025-02-04 09:41:38 --> Global POST, GET and COOKIE data sanitized
INFO - 2025-02-04 09:41:38 --> Input Class Initialized
INFO - 2025-02-04 09:41:38 --> Language Class Initialized
INFO - 2025-02-04 09:41:38 --> Language Class Initialized
INFO - 2025-02-04 09:41:38 --> Config Class Initialized
INFO - 2025-02-04 09:41:38 --> Loader Class Initialized
INFO - 2025-02-04 09:41:38 --> Helper loaded: url_helper
INFO - 2025-02-04 09:41:38 --> Helper loaded: easyui_helper
INFO - 2025-02-04 09:41:38 --> Helper loaded: param_helper
INFO - 2025-02-04 09:41:38 --> Helper loaded: credential_helper
INFO - 2025-02-04 09:41:38 --> Helper loaded: template_helper
INFO - 2025-02-04 09:41:38 --> Helper loaded: rest_helper
INFO - 2025-02-04 09:41:38 --> Database Driver Class Initialized
DEBUG - 2025-02-04 09:41:38 --> Idgenerator class already loaded. Second attempt ignored.
INFO - 2025-02-04 09:41:38 --> Controller Class Initialized
INFO - 2025-02-04 09:41:38 --> Model Class Initialized
DEBUG - 2025-02-04 09:41:38 --> File loaded: /apps/web-drc/application/modules/app_dashboard/models/App_dashboard_model.php
INFO - 2025-02-04 09:41:38 --> Model Class Initialized
INFO - 2025-02-04 09:41:38 --> Final output sent to browser
DEBUG - 2025-02-04 09:41:38 --> Total execution time: 0.0079
INFO - 2025-02-04 09:41:45 --> Config Class Initialized
INFO - 2025-02-04 09:41:45 --> Hooks Class Initialized
DEBUG - 2025-02-04 09:41:45 --> UTF-8 Support Enabled
INFO - 2025-02-04 09:41:45 --> Utf8 Class Initialized
INFO - 2025-02-04 09:41:45 --> URI Class Initialized
INFO - 2025-02-04 09:41:45 --> Router Class Initialized
INFO - 2025-02-04 09:41:45 --> Output Class Initialized
INFO - 2025-02-04 09:41:45 --> Security Class Initialized
DEBUG - 2025-02-04 09:41:45 --> Global POST, GET and COOKIE data sanitized
INFO - 2025-02-04 09:41:45 --> Input Class Initialized
INFO - 2025-02-04 09:41:45 --> Language Class Initialized
INFO - 2025-02-04 09:41:45 --> Language Class Initialized
INFO - 2025-02-04 09:41:45 --> Config Class Initialized
INFO - 2025-02-04 09:41:45 --> Loader Class Initialized
INFO - 2025-02-04 09:41:45 --> Helper loaded: url_helper
INFO - 2025-02-04 09:41:45 --> Helper loaded: easyui_helper
INFO - 2025-02-04 09:41:45 --> Helper loaded: param_helper
INFO - 2025-02-04 09:41:45 --> Helper loaded: credential_helper
INFO - 2025-02-04 09:41:45 --> Helper loaded: template_helper
INFO - 2025-02-04 09:41:45 --> Helper loaded: rest_helper
INFO - 2025-02-04 09:41:45 --> Database Driver Class Initialized
DEBUG - 2025-02-04 09:41:45 --> Idgenerator class already loaded. Second attempt ignored.
INFO - 2025-02-04 09:41:45 --> Controller Class Initialized
INFO - 2025-02-04 09:41:45 --> Model Class Initialized
DEBUG - 2025-02-04 09:41:45 --> File loaded: /apps/web-drc/application/modules/app_dashboard/models/App_dashboard_model.php
INFO - 2025-02-04 09:41:45 --> Model Class Initialized
INFO - 2025-02-04 09:41:45 --> Final output sent to browser
DEBUG - 2025-02-04 09:41:45 --> Total execution time: 0.0687
INFO - 2025-02-04 09:42:04 --> Config Class Initialized
INFO - 2025-02-04 09:42:04 --> Hooks Class Initialized
DEBUG - 2025-02-04 09:42:04 --> UTF-8 Support Enabled
INFO - 2025-02-04 09:42:04 --> Utf8 Class Initialized
INFO - 2025-02-04 09:42:04 --> URI Class Initialized
INFO - 2025-02-04 09:42:04 --> Router Class Initialized
INFO - 2025-02-04 09:42:04 --> Output Class Initialized
INFO - 2025-02-04 09:42:04 --> Security Class Initialized
DEBUG - 2025-02-04 09:42:04 --> Global POST, GET and COOKIE data sanitized
INFO - 2025-02-04 09:42:04 --> Input Class Initialized
INFO - 2025-02-04 09:42:04 --> Language Class Initialized
INFO - 2025-02-04 09:42:04 --> Language Class Initialized
INFO - 2025-02-04 09:42:04 --> Config Class Initialized
INFO - 2025-02-04 09:42:04 --> Loader Class Initialized
INFO - 2025-02-04 09:42:04 --> Helper loaded: url_helper
INFO - 2025-02-04 09:42:04 --> Helper loaded: easyui_helper
INFO - 2025-02-04 09:42:04 --> Helper loaded: param_helper
INFO - 2025-02-04 09:42:04 --> Helper loaded: credential_helper
INFO - 2025-02-04 09:42:04 --> Helper loaded: template_helper
INFO - 2025-02-04 09:42:04 --> Helper loaded: rest_helper
INFO - 2025-02-04 09:42:04 --> Database Driver Class Initialized
DEBUG - 2025-02-04 09:42:04 --> Idgenerator class already loaded. Second attempt ignored.
INFO - 2025-02-04 09:42:04 --> Controller Class Initialized
INFO - 2025-02-04 09:42:04 --> Model Class Initialized
DEBUG - 2025-02-04 09:42:04 --> File loaded: /apps/web-drc/application/modules/app_dashboard/models/App_dashboard_model.php
INFO - 2025-02-04 09:42:04 --> Model Class Initialized
INFO - 2025-02-04 09:42:04 --> Final output sent to browser
DEBUG - 2025-02-04 09:42:04 --> Total execution time: 0.0241
INFO - 2025-02-04 09:42:29 --> Config Class Initialized
INFO - 2025-02-04 09:42:29 --> Hooks Class Initialized
DEBUG - 2025-02-04 09:42:29 --> UTF-8 Support Enabled
INFO - 2025-02-04 09:42:29 --> Utf8 Class Initialized
INFO - 2025-02-04 09:42:29 --> URI Class Initialized
INFO - 2025-02-04 09:42:29 --> Router Class Initialized
INFO - 2025-02-04 09:42:29 --> Output Class Initialized
INFO - 2025-02-04 09:42:29 --> Security Class Initialized
DEBUG - 2025-02-04 09:42:29 --> Global POST, GET and COOKIE data sanitized
INFO - 2025-02-04 09:42:29 --> Input Class Initialized
INFO - 2025-02-04 09:42:29 --> Language Class Initialized
INFO - 2025-02-04 09:42:29 --> Language Class Initialized
INFO - 2025-02-04 09:42:29 --> Config Class Initialized
INFO - 2025-02-04 09:42:29 --> Loader Class Initialized
INFO - 2025-02-04 09:42:29 --> Helper loaded: url_helper
INFO - 2025-02-04 09:42:29 --> Helper loaded: easyui_helper
INFO - 2025-02-04 09:42:29 --> Helper loaded: param_helper
INFO - 2025-02-04 09:42:29 --> Helper loaded: credential_helper
INFO - 2025-02-04 09:42:29 --> Helper loaded: template_helper
INFO - 2025-02-04 09:42:29 --> Helper loaded: rest_helper
INFO - 2025-02-04 09:42:29 --> Database Driver Class Initialized
DEBUG - 2025-02-04 09:42:29 --> Idgenerator class already loaded. Second attempt ignored.
INFO - 2025-02-04 09:42:29 --> Controller Class Initialized
INFO - 2025-02-04 09:42:29 --> Model Class Initialized
DEBUG - 2025-02-04 09:42:29 --> File loaded: /apps/web-drc/application/modules/app_dashboard/models/App_dashboard_model.php
INFO - 2025-02-04 09:42:29 --> Model Class Initialized
INFO - 2025-02-04 09:42:30 --> Final output sent to browser
DEBUG - 2025-02-04 09:42:30 --> Total execution time: 0.2593
INFO - 2025-02-04 09:42:38 --> Config Class Initialized
INFO - 2025-02-04 09:42:38 --> Hooks Class Initialized
DEBUG - 2025-02-04 09:42:38 --> UTF-8 Support Enabled
INFO - 2025-02-04 09:42:38 --> Utf8 Class Initialized
INFO - 2025-02-04 09:42:38 --> URI Class Initialized
INFO - 2025-02-04 09:42:38 --> Router Class Initialized
INFO - 2025-02-04 09:42:38 --> Output Class Initialized
INFO - 2025-02-04 09:42:38 --> Security Class Initialized
DEBUG - 2025-02-04 09:42:38 --> Global POST, GET and COOKIE data sanitized
INFO - 2025-02-04 09:42:38 --> Input Class Initialized
INFO - 2025-02-04 09:42:38 --> Language Class Initialized
INFO - 2025-02-04 09:42:38 --> Language Class Initialized
INFO - 2025-02-04 09:42:38 --> Config Class Initialized
INFO - 2025-02-04 09:42:38 --> Loader Class Initialized
INFO - 2025-02-04 09:42:38 --> Helper loaded: url_helper
INFO - 2025-02-04 09:42:38 --> Helper loaded: easyui_helper
INFO - 2025-02-04 09:42:38 --> Helper loaded: param_helper
INFO - 2025-02-04 09:42:38 --> Helper loaded: credential_helper
INFO - 2025-02-04 09:42:38 --> Helper loaded: template_helper
INFO - 2025-02-04 09:42:38 --> Helper loaded: rest_helper
INFO - 2025-02-04 09:42:38 --> Database Driver Class Initialized
DEBUG - 2025-02-04 09:42:38 --> Idgenerator class already loaded. Second attempt ignored.
INFO - 2025-02-04 09:42:38 --> Controller Class Initialized
INFO - 2025-02-04 09:42:38 --> Model Class Initialized
DEBUG - 2025-02-04 09:42:38 --> File loaded: /apps/web-drc/application/modules/app_dashboard/models/App_dashboard_model.php
INFO - 2025-02-04 09:42:38 --> Model Class Initialized
INFO - 2025-02-04 09:42:38 --> Final output sent to browser
DEBUG - 2025-02-04 09:42:38 --> Total execution time: 0.0177
INFO - 2025-02-04 09:42:44 --> Config Class Initialized
INFO - 2025-02-04 09:42:44 --> Hooks Class Initialized
DEBUG - 2025-02-04 09:42:44 --> UTF-8 Support Enabled
INFO - 2025-02-04 09:42:44 --> Utf8 Class Initialized
INFO - 2025-02-04 09:42:44 --> URI Class Initialized
INFO - 2025-02-04 09:42:44 --> Router Class Initialized
INFO - 2025-02-04 09:42:44 --> Output Class Initialized
INFO - 2025-02-04 09:42:44 --> Security Class Initialized
DEBUG - 2025-02-04 09:42:44 --> Global POST, GET and COOKIE data sanitized
INFO - 2025-02-04 09:42:44 --> Input Class Initialized
INFO - 2025-02-04 09:42:44 --> Language Class Initialized
INFO - 2025-02-04 09:42:44 --> Language Class Initialized
INFO - 2025-02-04 09:42:44 --> Config Class Initialized
INFO - 2025-02-04 09:42:44 --> Loader Class Initialized
INFO - 2025-02-04 09:42:44 --> Helper loaded: url_helper
INFO - 2025-02-04 09:42:44 --> Helper loaded: easyui_helper
INFO - 2025-02-04 09:42:44 --> Helper loaded: param_helper
INFO - 2025-02-04 09:42:44 --> Helper loaded: credential_helper
INFO - 2025-02-04 09:42:44 --> Helper loaded: template_helper
INFO - 2025-02-04 09:42:44 --> Helper loaded: rest_helper
INFO - 2025-02-04 09:42:44 --> Database Driver Class Initialized
DEBUG - 2025-02-04 09:42:44 --> Idgenerator class already loaded. Second attempt ignored.
INFO - 2025-02-04 09:42:44 --> Controller Class Initialized
INFO - 2025-02-04 09:42:44 --> Model Class Initialized
DEBUG - 2025-02-04 09:42:44 --> File loaded: /apps/web-drc/application/modules/app_dashboard/models/App_dashboard_model.php
INFO - 2025-02-04 09:42:44 --> Model Class Initialized
INFO - 2025-02-04 09:42:44 --> Final output sent to browser
DEBUG - 2025-02-04 09:42:44 --> Total execution time: 0.0041
INFO - 2025-02-04 09:42:48 --> Config Class Initialized
INFO - 2025-02-04 09:42:48 --> Hooks Class Initialized
DEBUG - 2025-02-04 09:42:48 --> UTF-8 Support Enabled
INFO - 2025-02-04 09:42:48 --> Utf8 Class Initialized
INFO - 2025-02-04 09:42:48 --> URI Class Initialized
INFO - 2025-02-04 09:42:48 --> Router Class Initialized
INFO - 2025-02-04 09:42:48 --> Output Class Initialized
INFO - 2025-02-04 09:42:48 --> Security Class Initialized
DEBUG - 2025-02-04 09:42:48 --> Global POST, GET and COOKIE data sanitized
INFO - 2025-02-04 09:42:48 --> Input Class Initialized
INFO - 2025-02-04 09:42:48 --> Language Class Initialized
INFO - 2025-02-04 09:42:48 --> Language Class Initialized
INFO - 2025-02-04 09:42:48 --> Config Class Initialized
INFO - 2025-02-04 09:42:48 --> Loader Class Initialized
INFO - 2025-02-04 09:42:48 --> Helper loaded: url_helper
INFO - 2025-02-04 09:42:48 --> Helper loaded: easyui_helper
INFO - 2025-02-04 09:42:48 --> Helper loaded: param_helper
INFO - 2025-02-04 09:42:48 --> Helper loaded: credential_helper
INFO - 2025-02-04 09:42:48 --> Helper loaded: template_helper
INFO - 2025-02-04 09:42:48 --> Helper loaded: rest_helper
INFO - 2025-02-04 09:42:48 --> Database Driver Class Initialized
DEBUG - 2025-02-04 09:42:48 --> Idgenerator class already loaded. Second attempt ignored.
INFO - 2025-02-04 09:42:48 --> Controller Class Initialized
INFO - 2025-02-04 09:42:48 --> Model Class Initialized
DEBUG - 2025-02-04 09:42:48 --> File loaded: /apps/web-drc/application/modules/app_dashboard/models/App_dashboard_model.php
INFO - 2025-02-04 09:42:48 --> Model Class Initialized
INFO - 2025-02-04 09:42:48 --> Final output sent to browser
DEBUG - 2025-02-04 09:42:48 --> Total execution time: 0.0038
INFO - 2025-02-04 09:42:48 --> Config Class Initialized
INFO - 2025-02-04 09:42:48 --> Hooks Class Initialized
DEBUG - 2025-02-04 09:42:48 --> UTF-8 Support Enabled
INFO - 2025-02-04 09:42:48 --> Utf8 Class Initialized
INFO - 2025-02-04 09:42:48 --> URI Class Initialized
INFO - 2025-02-04 09:42:48 --> Router Class Initialized
INFO - 2025-02-04 09:42:48 --> Output Class Initialized
INFO - 2025-02-04 09:42:48 --> Security Class Initialized
DEBUG - 2025-02-04 09:42:48 --> Global POST, GET and COOKIE data sanitized
INFO - 2025-02-04 09:42:48 --> Input Class Initialized
INFO - 2025-02-04 09:42:48 --> Language Class Initialized
INFO - 2025-02-04 09:42:48 --> Language Class Initialized
INFO - 2025-02-04 09:42:48 --> Config Class Initialized
INFO - 2025-02-04 09:42:48 --> Loader Class Initialized
INFO - 2025-02-04 09:42:48 --> Helper loaded: url_helper
INFO - 2025-02-04 09:42:48 --> Helper loaded: easyui_helper
INFO - 2025-02-04 09:42:48 --> Helper loaded: param_helper
INFO - 2025-02-04 09:42:48 --> Helper loaded: credential_helper
INFO - 2025-02-04 09:42:48 --> Helper loaded: template_helper
INFO - 2025-02-04 09:42:48 --> Helper loaded: rest_helper
INFO - 2025-02-04 09:42:48 --> Database Driver Class Initialized
DEBUG - 2025-02-04 09:42:48 --> Idgenerator class already loaded. Second attempt ignored.
INFO - 2025-02-04 09:42:48 --> Controller Class Initialized
INFO - 2025-02-04 09:42:48 --> Model Class Initialized
DEBUG - 2025-02-04 09:42:48 --> File loaded: /apps/web-drc/application/modules/app_dashboard/models/App_dashboard_model.php
INFO - 2025-02-04 09:42:48 --> Model Class Initialized
INFO - 2025-02-04 09:42:48 --> Final output sent to browser
DEBUG - 2025-02-04 09:42:48 --> Total execution time: 0.0428
INFO - 2025-02-04 09:42:51 --> Config Class Initialized
INFO - 2025-02-04 09:42:51 --> Hooks Class Initialized
DEBUG - 2025-02-04 09:42:51 --> UTF-8 Support Enabled
INFO - 2025-02-04 09:42:51 --> Utf8 Class Initialized
INFO - 2025-02-04 09:42:51 --> URI Class Initialized
INFO - 2025-02-04 09:42:51 --> Router Class Initialized
INFO - 2025-02-04 09:42:51 --> Output Class Initialized
INFO - 2025-02-04 09:42:51 --> Security Class Initialized
DEBUG - 2025-02-04 09:42:51 --> Global POST, GET and COOKIE data sanitized
INFO - 2025-02-04 09:42:51 --> Input Class Initialized
INFO - 2025-02-04 09:42:51 --> Language Class Initialized
INFO - 2025-02-04 09:42:51 --> Language Class Initialized
INFO - 2025-02-04 09:42:51 --> Config Class Initialized
INFO - 2025-02-04 09:42:51 --> Loader Class Initialized
INFO - 2025-02-04 09:42:51 --> Helper loaded: url_helper
INFO - 2025-02-04 09:42:51 --> Helper loaded: easyui_helper
INFO - 2025-02-04 09:42:51 --> Helper loaded: param_helper
INFO - 2025-02-04 09:42:51 --> Helper loaded: credential_helper
INFO - 2025-02-04 09:42:51 --> Helper loaded: template_helper
INFO - 2025-02-04 09:42:51 --> Helper loaded: rest_helper
INFO - 2025-02-04 09:42:51 --> Database Driver Class Initialized
DEBUG - 2025-02-04 09:42:51 --> Idgenerator class already loaded. Second attempt ignored.
INFO - 2025-02-04 09:42:51 --> Controller Class Initialized
INFO - 2025-02-04 09:42:51 --> Model Class Initialized
DEBUG - 2025-02-04 09:42:51 --> File loaded: /apps/web-drc/application/modules/app_dashboard/models/App_dashboard_model.php
INFO - 2025-02-04 09:42:51 --> Model Class Initialized
INFO - 2025-02-04 09:42:51 --> Final output sent to browser
DEBUG - 2025-02-04 09:42:51 --> Total execution time: 0.0054
INFO - 2025-02-04 09:42:53 --> Config Class Initialized
INFO - 2025-02-04 09:42:53 --> Hooks Class Initialized
DEBUG - 2025-02-04 09:42:53 --> UTF-8 Support Enabled
INFO - 2025-02-04 09:42:53 --> Utf8 Class Initialized
INFO - 2025-02-04 09:42:53 --> URI Class Initialized
INFO - 2025-02-04 09:42:53 --> Router Class Initialized
INFO - 2025-02-04 09:42:53 --> Output Class Initialized
INFO - 2025-02-04 09:42:53 --> Security Class Initialized
DEBUG - 2025-02-04 09:42:53 --> Global POST, GET and COOKIE data sanitized
INFO - 2025-02-04 09:42:53 --> Input Class Initialized
INFO - 2025-02-04 09:42:53 --> Language Class Initialized
INFO - 2025-02-04 09:42:53 --> Language Class Initialized
INFO - 2025-02-04 09:42:53 --> Config Class Initialized
INFO - 2025-02-04 09:42:53 --> Loader Class Initialized
INFO - 2025-02-04 09:42:53 --> Helper loaded: url_helper
INFO - 2025-02-04 09:42:53 --> Helper loaded: easyui_helper
INFO - 2025-02-04 09:42:53 --> Helper loaded: param_helper
INFO - 2025-02-04 09:42:53 --> Helper loaded: credential_helper
INFO - 2025-02-04 09:42:53 --> Helper loaded: template_helper
INFO - 2025-02-04 09:42:53 --> Helper loaded: rest_helper
INFO - 2025-02-04 09:42:53 --> Database Driver Class Initialized
DEBUG - 2025-02-04 09:42:53 --> Idgenerator class already loaded. Second attempt ignored.
INFO - 2025-02-04 09:42:53 --> Controller Class Initialized
INFO - 2025-02-04 09:42:53 --> Model Class Initialized
DEBUG - 2025-02-04 09:42:53 --> File loaded: /apps/web-drc/application/modules/app_dashboard/models/App_dashboard_model.php
INFO - 2025-02-04 09:42:53 --> Model Class Initialized
INFO - 2025-02-04 09:42:53 --> Final output sent to browser
DEBUG - 2025-02-04 09:42:53 --> Total execution time: 0.4934
INFO - 2025-02-04 09:50:25 --> Config Class Initialized
INFO - 2025-02-04 09:50:25 --> Hooks Class Initialized
DEBUG - 2025-02-04 09:50:25 --> UTF-8 Support Enabled
INFO - 2025-02-04 09:50:25 --> Utf8 Class Initialized
INFO - 2025-02-04 09:50:25 --> URI Class Initialized
INFO - 2025-02-04 09:50:25 --> Router Class Initialized
INFO - 2025-02-04 09:50:25 --> Output Class Initialized
INFO - 2025-02-04 09:50:25 --> Security Class Initialized
DEBUG - 2025-02-04 09:50:25 --> Global POST, GET and COOKIE data sanitized
INFO - 2025-02-04 09:50:25 --> Input Class Initialized
INFO - 2025-02-04 09:50:25 --> Language Class Initialized
INFO - 2025-02-04 09:50:25 --> Language Class Initialized
INFO - 2025-02-04 09:50:25 --> Config Class Initialized
INFO - 2025-02-04 09:50:25 --> Loader Class Initialized
INFO - 2025-02-04 09:50:25 --> Helper loaded: url_helper
INFO - 2025-02-04 09:50:25 --> Helper loaded: easyui_helper
INFO - 2025-02-04 09:50:25 --> Helper loaded: param_helper
INFO - 2025-02-04 09:50:25 --> Helper loaded: credential_helper
INFO - 2025-02-04 09:50:25 --> Helper loaded: template_helper
INFO - 2025-02-04 09:50:25 --> Helper loaded: rest_helper
INFO - 2025-02-04 09:50:25 --> Database Driver Class Initialized
DEBUG - 2025-02-04 09:50:25 --> Idgenerator class already loaded. Second attempt ignored.
INFO - 2025-02-04 09:50:25 --> Controller Class Initialized
INFO - 2025-02-04 09:50:25 --> Model Class Initialized
DEBUG - 2025-02-04 09:50:25 --> File loaded: /apps/web-drc/application/modules/ref_customer/models/Customer_model.php
INFO - 2025-02-04 09:50:25 --> Model Class Initialized
DEBUG - 2025-02-04 09:50:25 --> File loaded: /apps/web-drc/application/modules/ref_customer/views/content.php
DEBUG - 2025-02-04 09:50:25 --> File loaded: /apps/web-drc/application/views/templates/header.php
DEBUG - 2025-02-04 09:50:25 --> File loaded: /apps/web-drc/application/views/templates/toolbar.php
DEBUG - 2025-02-04 09:50:25 --> File loaded: /apps/web-drc/application/views/templates/sidebar.php
DEBUG - 2025-02-04 09:50:25 --> File loaded: /apps/web-drc/application/views/templates/contents.php
DEBUG - 2025-02-04 09:50:25 --> File loaded: /apps/web-drc/application/views/templates/content_footer.php
DEBUG - 2025-02-04 09:50:25 --> File loaded: /apps/web-drc/application/views/templates/footer.php
DEBUG - 2025-02-04 09:50:25 --> File loaded: /apps/web-drc/application/views/templates/default.php
INFO - 2025-02-04 09:50:25 --> Final output sent to browser
DEBUG - 2025-02-04 09:50:25 --> Total execution time: 0.0137
INFO - 2025-02-04 09:50:25 --> Config Class Initialized
INFO - 2025-02-04 09:50:25 --> Hooks Class Initialized
DEBUG - 2025-02-04 09:50:25 --> UTF-8 Support Enabled
INFO - 2025-02-04 09:50:25 --> Utf8 Class Initialized
INFO - 2025-02-04 09:50:25 --> URI Class Initialized
INFO - 2025-02-04 09:50:25 --> Router Class Initialized
INFO - 2025-02-04 09:50:25 --> Output Class Initialized
INFO - 2025-02-04 09:50:25 --> Security Class Initialized
DEBUG - 2025-02-04 09:50:25 --> Global POST, GET and COOKIE data sanitized
INFO - 2025-02-04 09:50:25 --> Input Class Initialized
INFO - 2025-02-04 09:50:25 --> Language Class Initialized
INFO - 2025-02-04 09:50:25 --> Language Class Initialized
INFO - 2025-02-04 09:50:25 --> Config Class Initialized
INFO - 2025-02-04 09:50:25 --> Loader Class Initialized
INFO - 2025-02-04 09:50:25 --> Helper loaded: url_helper
INFO - 2025-02-04 09:50:25 --> Helper loaded: easyui_helper
INFO - 2025-02-04 09:50:25 --> Helper loaded: param_helper
INFO - 2025-02-04 09:50:25 --> Helper loaded: credential_helper
INFO - 2025-02-04 09:50:25 --> Helper loaded: template_helper
INFO - 2025-02-04 09:50:25 --> Helper loaded: rest_helper
INFO - 2025-02-04 09:50:25 --> Database Driver Class Initialized
DEBUG - 2025-02-04 09:50:25 --> Idgenerator class already loaded. Second attempt ignored.
INFO - 2025-02-04 09:50:25 --> Controller Class Initialized
INFO - 2025-02-04 09:50:25 --> Model Class Initialized
DEBUG - 2025-02-04 09:50:25 --> File loaded: /apps/web-drc/application/modules/ref_customer/models/Customer_model.php
INFO - 2025-02-04 09:50:25 --> Model Class Initialized
INFO - 2025-02-04 09:50:32 --> Final output sent to browser
DEBUG - 2025-02-04 09:50:32 --> Total execution time: 6.1443
INFO - 2025-02-04 09:51:13 --> Config Class Initialized
INFO - 2025-02-04 09:51:13 --> Hooks Class Initialized
DEBUG - 2025-02-04 09:51:13 --> UTF-8 Support Enabled
INFO - 2025-02-04 09:51:13 --> Utf8 Class Initialized
INFO - 2025-02-04 09:51:13 --> URI Class Initialized
INFO - 2025-02-04 09:51:13 --> Router Class Initialized
INFO - 2025-02-04 09:51:13 --> Output Class Initialized
INFO - 2025-02-04 09:51:13 --> Security Class Initialized
DEBUG - 2025-02-04 09:51:13 --> Global POST, GET and COOKIE data sanitized
INFO - 2025-02-04 09:51:13 --> Input Class Initialized
INFO - 2025-02-04 09:51:13 --> Language Class Initialized
INFO - 2025-02-04 09:51:13 --> Language Class Initialized
INFO - 2025-02-04 09:51:13 --> Config Class Initialized
INFO - 2025-02-04 09:51:13 --> Loader Class Initialized
INFO - 2025-02-04 09:51:13 --> Helper loaded: url_helper
INFO - 2025-02-04 09:51:13 --> Helper loaded: easyui_helper
INFO - 2025-02-04 09:51:13 --> Helper loaded: param_helper
INFO - 2025-02-04 09:51:13 --> Helper loaded: credential_helper
INFO - 2025-02-04 09:51:13 --> Helper loaded: template_helper
INFO - 2025-02-04 09:51:13 --> Helper loaded: rest_helper
INFO - 2025-02-04 09:51:13 --> Database Driver Class Initialized
DEBUG - 2025-02-04 09:51:13 --> Idgenerator class already loaded. Second attempt ignored.
INFO - 2025-02-04 09:51:13 --> Controller Class Initialized
INFO - 2025-02-04 09:51:13 --> Model Class Initialized
DEBUG - 2025-02-04 09:51:13 --> File loaded: /apps/web-drc/application/modules/ref_request_new_outlet/models/Request_new_outlet_model.php
INFO - 2025-02-04 09:51:13 --> Model Class Initialized
DEBUG - 2025-02-04 09:51:13 --> File loaded: /apps/web-drc/application/modules/ref_request_new_outlet/views/content.php
DEBUG - 2025-02-04 09:51:13 --> File loaded: /apps/web-drc/application/views/templates/header.php
DEBUG - 2025-02-04 09:51:13 --> File loaded: /apps/web-drc/application/views/templates/toolbar.php
DEBUG - 2025-02-04 09:51:13 --> File loaded: /apps/web-drc/application/views/templates/sidebar.php
DEBUG - 2025-02-04 09:51:13 --> File loaded: /apps/web-drc/application/views/templates/contents.php
DEBUG - 2025-02-04 09:51:13 --> File loaded: /apps/web-drc/application/views/templates/content_footer.php
DEBUG - 2025-02-04 09:51:13 --> File loaded: /apps/web-drc/application/views/templates/footer.php
DEBUG - 2025-02-04 09:51:13 --> File loaded: /apps/web-drc/application/views/templates/default.php
INFO - 2025-02-04 09:51:13 --> Final output sent to browser
DEBUG - 2025-02-04 09:51:13 --> Total execution time: 0.0116
INFO - 2025-02-04 09:51:13 --> Config Class Initialized
INFO - 2025-02-04 09:51:13 --> Hooks Class Initialized
DEBUG - 2025-02-04 09:51:13 --> UTF-8 Support Enabled
INFO - 2025-02-04 09:51:13 --> Utf8 Class Initialized
INFO - 2025-02-04 09:51:13 --> URI Class Initialized
INFO - 2025-02-04 09:51:13 --> Router Class Initialized
INFO - 2025-02-04 09:51:13 --> Output Class Initialized
INFO - 2025-02-04 09:51:13 --> Security Class Initialized
DEBUG - 2025-02-04 09:51:13 --> Global POST, GET and COOKIE data sanitized
INFO - 2025-02-04 09:51:13 --> Input Class Initialized
INFO - 2025-02-04 09:51:13 --> Language Class Initialized
INFO - 2025-02-04 09:51:13 --> Language Class Initialized
INFO - 2025-02-04 09:51:13 --> Config Class Initialized
INFO - 2025-02-04 09:51:13 --> Loader Class Initialized
INFO - 2025-02-04 09:51:13 --> Helper loaded: url_helper
INFO - 2025-02-04 09:51:13 --> Helper loaded: easyui_helper
INFO - 2025-02-04 09:51:13 --> Helper loaded: param_helper
INFO - 2025-02-04 09:51:13 --> Helper loaded: credential_helper
INFO - 2025-02-04 09:51:13 --> Helper loaded: template_helper
INFO - 2025-02-04 09:51:13 --> Helper loaded: rest_helper
INFO - 2025-02-04 09:51:13 --> Database Driver Class Initialized
DEBUG - 2025-02-04 09:51:13 --> Idgenerator class already loaded. Second attempt ignored.
INFO - 2025-02-04 09:51:13 --> Controller Class Initialized
INFO - 2025-02-04 09:51:13 --> Model Class Initialized
DEBUG - 2025-02-04 09:51:13 --> File loaded: /apps/web-drc/application/modules/ref_request_new_outlet/models/Request_new_outlet_model.php
INFO - 2025-02-04 09:51:13 --> Model Class Initialized
INFO - 2025-02-04 09:51:13 --> Final output sent to browser
DEBUG - 2025-02-04 09:51:13 --> Total execution time: 0.2762
INFO - 2025-02-04 09:51:31 --> Config Class Initialized
INFO - 2025-02-04 09:51:31 --> Hooks Class Initialized
DEBUG - 2025-02-04 09:51:31 --> UTF-8 Support Enabled
INFO - 2025-02-04 09:51:31 --> Utf8 Class Initialized
INFO - 2025-02-04 09:51:31 --> URI Class Initialized
INFO - 2025-02-04 09:51:31 --> Router Class Initialized
INFO - 2025-02-04 09:51:31 --> Output Class Initialized
INFO - 2025-02-04 09:51:31 --> Security Class Initialized
DEBUG - 2025-02-04 09:51:31 --> Global POST, GET and COOKIE data sanitized
INFO - 2025-02-04 09:51:31 --> Input Class Initialized
INFO - 2025-02-04 09:51:31 --> Language Class Initialized
INFO - 2025-02-04 09:51:31 --> Language Class Initialized
INFO - 2025-02-04 09:51:31 --> Config Class Initialized
INFO - 2025-02-04 09:51:31 --> Loader Class Initialized
INFO - 2025-02-04 09:51:31 --> Helper loaded: url_helper
INFO - 2025-02-04 09:51:31 --> Helper loaded: easyui_helper
INFO - 2025-02-04 09:51:31 --> Helper loaded: param_helper
INFO - 2025-02-04 09:51:31 --> Helper loaded: credential_helper
INFO - 2025-02-04 09:51:31 --> Helper loaded: template_helper
INFO - 2025-02-04 09:51:31 --> Helper loaded: rest_helper
INFO - 2025-02-04 09:51:31 --> Database Driver Class Initialized
DEBUG - 2025-02-04 09:51:31 --> Idgenerator class already loaded. Second attempt ignored.
INFO - 2025-02-04 09:51:31 --> Controller Class Initialized
INFO - 2025-02-04 09:51:31 --> Model Class Initialized
DEBUG - 2025-02-04 09:51:31 --> File loaded: /apps/web-drc/application/modules/ref_request_new_outlet/models/Request_new_outlet_model.php
INFO - 2025-02-04 09:51:31 --> Model Class Initialized
DEBUG - 2025-02-04 09:51:31 --> File loaded: /apps/web-drc/application/modules/ref_request_new_outlet/views/form.php
DEBUG - 2025-02-04 09:51:31 --> File loaded: /apps/web-drc/application/views/templates/header.php
DEBUG - 2025-02-04 09:51:31 --> File loaded: /apps/web-drc/application/views/templates/toolbar.php
DEBUG - 2025-02-04 09:51:31 --> File loaded: /apps/web-drc/application/views/templates/sidebar.php
DEBUG - 2025-02-04 09:51:31 --> File loaded: /apps/web-drc/application/views/templates/contents.php
DEBUG - 2025-02-04 09:51:31 --> File loaded: /apps/web-drc/application/views/templates/content_footer.php
DEBUG - 2025-02-04 09:51:31 --> File loaded: /apps/web-drc/application/views/templates/footer.php
DEBUG - 2025-02-04 09:51:31 --> File loaded: /apps/web-drc/application/views/templates/default.php
INFO - 2025-02-04 09:51:31 --> Final output sent to browser
DEBUG - 2025-02-04 09:51:31 --> Total execution time: 0.0090
INFO - 2025-02-04 09:51:31 --> Config Class Initialized
INFO - 2025-02-04 09:51:31 --> Hooks Class Initialized
DEBUG - 2025-02-04 09:51:31 --> UTF-8 Support Enabled
INFO - 2025-02-04 09:51:31 --> Utf8 Class Initialized
INFO - 2025-02-04 09:51:31 --> URI Class Initialized
INFO - 2025-02-04 09:51:31 --> Router Class Initialized
INFO - 2025-02-04 09:51:31 --> Output Class Initialized
INFO - 2025-02-04 09:51:31 --> Security Class Initialized
DEBUG - 2025-02-04 09:51:31 --> Global POST, GET and COOKIE data sanitized
INFO - 2025-02-04 09:51:31 --> Input Class Initialized
INFO - 2025-02-04 09:51:31 --> Language Class Initialized
INFO - 2025-02-04 09:51:31 --> Language Class Initialized
INFO - 2025-02-04 09:51:31 --> Config Class Initialized
INFO - 2025-02-04 09:51:31 --> Loader Class Initialized
INFO - 2025-02-04 09:51:31 --> Helper loaded: url_helper
INFO - 2025-02-04 09:51:31 --> Helper loaded: easyui_helper
INFO - 2025-02-04 09:51:31 --> Helper loaded: param_helper
INFO - 2025-02-04 09:51:31 --> Helper loaded: credential_helper
INFO - 2025-02-04 09:51:31 --> Helper loaded: template_helper
INFO - 2025-02-04 09:51:31 --> Helper loaded: rest_helper
INFO - 2025-02-04 09:51:31 --> Database Driver Class Initialized
DEBUG - 2025-02-04 09:51:31 --> Idgenerator class already loaded. Second attempt ignored.
INFO - 2025-02-04 09:51:31 --> Controller Class Initialized
INFO - 2025-02-04 09:51:31 --> Model Class Initialized
DEBUG - 2025-02-04 09:51:31 --> File loaded: /apps/web-drc/application/modules/ref_customer_segment/models/Customer_segment_model.php
INFO - 2025-02-04 09:51:31 --> Model Class Initialized
INFO - 2025-02-04 09:51:31 --> Final output sent to browser
DEBUG - 2025-02-04 09:51:31 --> Total execution time: 0.0052
INFO - 2025-02-04 09:51:31 --> Config Class Initialized
INFO - 2025-02-04 09:51:31 --> Hooks Class Initialized
DEBUG - 2025-02-04 09:51:31 --> UTF-8 Support Enabled
INFO - 2025-02-04 09:51:31 --> Utf8 Class Initialized
INFO - 2025-02-04 09:51:31 --> URI Class Initialized
INFO - 2025-02-04 09:51:31 --> Router Class Initialized
INFO - 2025-02-04 09:51:31 --> Output Class Initialized
INFO - 2025-02-04 09:51:31 --> Security Class Initialized
DEBUG - 2025-02-04 09:51:31 --> Global POST, GET and COOKIE data sanitized
INFO - 2025-02-04 09:51:31 --> Input Class Initialized
INFO - 2025-02-04 09:51:31 --> Language Class Initialized
INFO - 2025-02-04 09:51:31 --> Language Class Initialized
INFO - 2025-02-04 09:51:31 --> Config Class Initialized
INFO - 2025-02-04 09:51:31 --> Loader Class Initialized
INFO - 2025-02-04 09:51:31 --> Helper loaded: url_helper
INFO - 2025-02-04 09:51:31 --> Helper loaded: easyui_helper
INFO - 2025-02-04 09:51:31 --> Helper loaded: param_helper
INFO - 2025-02-04 09:51:31 --> Helper loaded: credential_helper
INFO - 2025-02-04 09:51:31 --> Helper loaded: template_helper
INFO - 2025-02-04 09:51:31 --> Helper loaded: rest_helper
INFO - 2025-02-04 09:51:31 --> Database Driver Class Initialized
DEBUG - 2025-02-04 09:51:31 --> Idgenerator class already loaded. Second attempt ignored.
INFO - 2025-02-04 09:51:31 --> Controller Class Initialized
INFO - 2025-02-04 09:51:31 --> Model Class Initialized
DEBUG - 2025-02-04 09:51:31 --> File loaded: /apps/web-drc/application/modules/ref_customer_type/models/Customer_type_model.php
INFO - 2025-02-04 09:51:31 --> Model Class Initialized
INFO - 2025-02-04 09:51:31 --> Final output sent to browser
DEBUG - 2025-02-04 09:51:31 --> Total execution time: 0.0040
INFO - 2025-02-04 09:51:31 --> Config Class Initialized
INFO - 2025-02-04 09:51:31 --> Hooks Class Initialized
DEBUG - 2025-02-04 09:51:31 --> UTF-8 Support Enabled
INFO - 2025-02-04 09:51:31 --> Utf8 Class Initialized
INFO - 2025-02-04 09:51:31 --> URI Class Initialized
INFO - 2025-02-04 09:51:31 --> Router Class Initialized
INFO - 2025-02-04 09:51:31 --> Output Class Initialized
INFO - 2025-02-04 09:51:31 --> Security Class Initialized
DEBUG - 2025-02-04 09:51:31 --> Global POST, GET and COOKIE data sanitized
INFO - 2025-02-04 09:51:31 --> Input Class Initialized
INFO - 2025-02-04 09:51:31 --> Language Class Initialized
INFO - 2025-02-04 09:51:31 --> Language Class Initialized
INFO - 2025-02-04 09:51:31 --> Config Class Initialized
INFO - 2025-02-04 09:51:31 --> Loader Class Initialized
INFO - 2025-02-04 09:51:31 --> Helper loaded: url_helper
INFO - 2025-02-04 09:51:31 --> Helper loaded: easyui_helper
INFO - 2025-02-04 09:51:31 --> Helper loaded: param_helper
INFO - 2025-02-04 09:51:31 --> Helper loaded: credential_helper
INFO - 2025-02-04 09:51:31 --> Helper loaded: template_helper
INFO - 2025-02-04 09:51:31 --> Helper loaded: rest_helper
INFO - 2025-02-04 09:51:31 --> Database Driver Class Initialized
DEBUG - 2025-02-04 09:51:31 --> Idgenerator class already loaded. Second attempt ignored.
INFO - 2025-02-04 09:51:31 --> Controller Class Initialized
INFO - 2025-02-04 09:51:31 --> Model Class Initialized
DEBUG - 2025-02-04 09:51:31 --> File loaded: /apps/web-drc/application/modules/ref_customer_class/models/Customer_class_model.php
INFO - 2025-02-04 09:51:31 --> Model Class Initialized
INFO - 2025-02-04 09:51:31 --> Final output sent to browser
DEBUG - 2025-02-04 09:51:31 --> Total execution time: 0.0056
INFO - 2025-02-04 09:51:31 --> Config Class Initialized
INFO - 2025-02-04 09:51:31 --> Hooks Class Initialized
DEBUG - 2025-02-04 09:51:31 --> UTF-8 Support Enabled
INFO - 2025-02-04 09:51:31 --> Utf8 Class Initialized
INFO - 2025-02-04 09:51:31 --> URI Class Initialized
INFO - 2025-02-04 09:51:31 --> Router Class Initialized
INFO - 2025-02-04 09:51:31 --> Output Class Initialized
INFO - 2025-02-04 09:51:31 --> Security Class Initialized
DEBUG - 2025-02-04 09:51:31 --> Global POST, GET and COOKIE data sanitized
INFO - 2025-02-04 09:51:31 --> Input Class Initialized
INFO - 2025-02-04 09:51:31 --> Language Class Initialized
INFO - 2025-02-04 09:51:31 --> Language Class Initialized
INFO - 2025-02-04 09:51:31 --> Config Class Initialized
INFO - 2025-02-04 09:51:31 --> Loader Class Initialized
INFO - 2025-02-04 09:51:31 --> Helper loaded: url_helper
INFO - 2025-02-04 09:51:31 --> Helper loaded: easyui_helper
INFO - 2025-02-04 09:51:31 --> Helper loaded: param_helper
INFO - 2025-02-04 09:51:31 --> Helper loaded: credential_helper
INFO - 2025-02-04 09:51:31 --> Helper loaded: template_helper
INFO - 2025-02-04 09:51:31 --> Helper loaded: rest_helper
INFO - 2025-02-04 09:51:31 --> Database Driver Class Initialized
DEBUG - 2025-02-04 09:51:31 --> Idgenerator class already loaded. Second attempt ignored.
INFO - 2025-02-04 09:51:31 --> Controller Class Initialized
INFO - 2025-02-04 09:51:31 --> Model Class Initialized
DEBUG - 2025-02-04 09:51:31 --> File loaded: /apps/web-drc/application/modules/api_v1/models/Api_v1_model.php
INFO - 2025-02-04 09:51:31 --> Model Class Initialized
INFO - 2025-02-04 09:51:31 --> Final output sent to browser
DEBUG - 2025-02-04 09:51:31 --> Total execution time: 0.0034
INFO - 2025-02-04 09:51:31 --> Config Class Initialized
INFO - 2025-02-04 09:51:31 --> Hooks Class Initialized
DEBUG - 2025-02-04 09:51:31 --> UTF-8 Support Enabled
INFO - 2025-02-04 09:51:31 --> Utf8 Class Initialized
INFO - 2025-02-04 09:51:31 --> URI Class Initialized
INFO - 2025-02-04 09:51:31 --> Router Class Initialized
INFO - 2025-02-04 09:51:31 --> Output Class Initialized
INFO - 2025-02-04 09:51:31 --> Security Class Initialized
DEBUG - 2025-02-04 09:51:31 --> Global POST, GET and COOKIE data sanitized
INFO - 2025-02-04 09:51:31 --> Input Class Initialized
INFO - 2025-02-04 09:51:31 --> Language Class Initialized
INFO - 2025-02-04 09:51:31 --> Language Class Initialized
INFO - 2025-02-04 09:51:31 --> Config Class Initialized
INFO - 2025-02-04 09:51:31 --> Loader Class Initialized
INFO - 2025-02-04 09:51:31 --> Helper loaded: url_helper
INFO - 2025-02-04 09:51:31 --> Helper loaded: easyui_helper
INFO - 2025-02-04 09:51:31 --> Helper loaded: param_helper
INFO - 2025-02-04 09:51:31 --> Helper loaded: credential_helper
INFO - 2025-02-04 09:51:31 --> Helper loaded: template_helper
INFO - 2025-02-04 09:51:31 --> Helper loaded: rest_helper
INFO - 2025-02-04 09:51:31 --> Database Driver Class Initialized
DEBUG - 2025-02-04 09:51:31 --> Idgenerator class already loaded. Second attempt ignored.
INFO - 2025-02-04 09:51:31 --> Controller Class Initialized
INFO - 2025-02-04 09:51:31 --> Model Class Initialized
DEBUG - 2025-02-04 09:51:31 --> File loaded: /apps/web-drc/application/modules/api_v1/models/Api_v1_model.php
INFO - 2025-02-04 09:51:31 --> Model Class Initialized
INFO - 2025-02-04 09:51:31 --> Final output sent to browser
DEBUG - 2025-02-04 09:51:31 --> Total execution time: 0.0049
INFO - 2025-02-04 09:51:31 --> Config Class Initialized
INFO - 2025-02-04 09:51:31 --> Hooks Class Initialized
DEBUG - 2025-02-04 09:51:31 --> UTF-8 Support Enabled
INFO - 2025-02-04 09:51:31 --> Utf8 Class Initialized
INFO - 2025-02-04 09:51:31 --> URI Class Initialized
INFO - 2025-02-04 09:51:31 --> Router Class Initialized
INFO - 2025-02-04 09:51:31 --> Output Class Initialized
INFO - 2025-02-04 09:51:31 --> Security Class Initialized
DEBUG - 2025-02-04 09:51:31 --> Global POST, GET and COOKIE data sanitized
INFO - 2025-02-04 09:51:31 --> Input Class Initialized
INFO - 2025-02-04 09:51:31 --> Language Class Initialized
INFO - 2025-02-04 09:51:31 --> Language Class Initialized
INFO - 2025-02-04 09:51:31 --> Config Class Initialized
INFO - 2025-02-04 09:51:31 --> Loader Class Initialized
INFO - 2025-02-04 09:51:31 --> Helper loaded: url_helper
INFO - 2025-02-04 09:51:31 --> Helper loaded: easyui_helper
INFO - 2025-02-04 09:51:31 --> Helper loaded: param_helper
INFO - 2025-02-04 09:51:31 --> Helper loaded: credential_helper
INFO - 2025-02-04 09:51:31 --> Helper loaded: template_helper
INFO - 2025-02-04 09:51:31 --> Helper loaded: rest_helper
INFO - 2025-02-04 09:51:31 --> Database Driver Class Initialized
DEBUG - 2025-02-04 09:51:31 --> Idgenerator class already loaded. Second attempt ignored.
INFO - 2025-02-04 09:51:31 --> Controller Class Initialized
INFO - 2025-02-04 09:51:31 --> Model Class Initialized
DEBUG - 2025-02-04 09:51:31 --> File loaded: /apps/web-drc/application/modules/api_v1/models/Api_v1_model.php
INFO - 2025-02-04 09:51:31 --> Model Class Initialized
INFO - 2025-02-04 09:51:31 --> Final output sent to browser
DEBUG - 2025-02-04 09:51:31 --> Total execution time: 0.0033
INFO - 2025-02-04 09:51:31 --> Config Class Initialized
INFO - 2025-02-04 09:51:31 --> Hooks Class Initialized
DEBUG - 2025-02-04 09:51:31 --> UTF-8 Support Enabled
INFO - 2025-02-04 09:51:31 --> Utf8 Class Initialized
INFO - 2025-02-04 09:51:31 --> URI Class Initialized
INFO - 2025-02-04 09:51:31 --> Router Class Initialized
INFO - 2025-02-04 09:51:31 --> Output Class Initialized
INFO - 2025-02-04 09:51:31 --> Security Class Initialized
DEBUG - 2025-02-04 09:51:31 --> Global POST, GET and COOKIE data sanitized
INFO - 2025-02-04 09:51:31 --> Input Class Initialized
INFO - 2025-02-04 09:51:31 --> Language Class Initialized
INFO - 2025-02-04 09:51:31 --> Language Class Initialized
INFO - 2025-02-04 09:51:31 --> Config Class Initialized
INFO - 2025-02-04 09:51:31 --> Loader Class Initialized
INFO - 2025-02-04 09:51:31 --> Helper loaded: url_helper
INFO - 2025-02-04 09:51:31 --> Helper loaded: easyui_helper
INFO - 2025-02-04 09:51:31 --> Helper loaded: param_helper
INFO - 2025-02-04 09:51:31 --> Helper loaded: credential_helper
INFO - 2025-02-04 09:51:31 --> Helper loaded: template_helper
INFO - 2025-02-04 09:51:31 --> Helper loaded: rest_helper
INFO - 2025-02-04 09:51:31 --> Database Driver Class Initialized
DEBUG - 2025-02-04 09:51:31 --> Idgenerator class already loaded. Second attempt ignored.
INFO - 2025-02-04 09:51:31 --> Controller Class Initialized
INFO - 2025-02-04 09:51:31 --> Model Class Initialized
DEBUG - 2025-02-04 09:51:31 --> File loaded: /apps/web-drc/application/modules/api_v1/models/Api_v1_model.php
INFO - 2025-02-04 09:51:31 --> Model Class Initialized
INFO - 2025-02-04 09:51:31 --> Final output sent to browser
DEBUG - 2025-02-04 09:51:31 --> Total execution time: 0.0035
INFO - 2025-02-04 09:51:31 --> Config Class Initialized
INFO - 2025-02-04 09:51:31 --> Hooks Class Initialized
DEBUG - 2025-02-04 09:51:31 --> UTF-8 Support Enabled
INFO - 2025-02-04 09:51:31 --> Utf8 Class Initialized
INFO - 2025-02-04 09:51:31 --> URI Class Initialized
INFO - 2025-02-04 09:51:31 --> Router Class Initialized
INFO - 2025-02-04 09:51:31 --> Output Class Initialized
INFO - 2025-02-04 09:51:31 --> Security Class Initialized
DEBUG - 2025-02-04 09:51:31 --> Global POST, GET and COOKIE data sanitized
INFO - 2025-02-04 09:51:31 --> Input Class Initialized
INFO - 2025-02-04 09:51:31 --> Language Class Initialized
INFO - 2025-02-04 09:51:31 --> Language Class Initialized
INFO - 2025-02-04 09:51:31 --> Config Class Initialized
INFO - 2025-02-04 09:51:31 --> Loader Class Initialized
INFO - 2025-02-04 09:51:31 --> Helper loaded: url_helper
INFO - 2025-02-04 09:51:31 --> Helper loaded: easyui_helper
INFO - 2025-02-04 09:51:31 --> Helper loaded: param_helper
INFO - 2025-02-04 09:51:31 --> Helper loaded: credential_helper
INFO - 2025-02-04 09:51:31 --> Helper loaded: template_helper
INFO - 2025-02-04 09:51:31 --> Helper loaded: rest_helper
INFO - 2025-02-04 09:51:31 --> Database Driver Class Initialized
DEBUG - 2025-02-04 09:51:31 --> Idgenerator class already loaded. Second attempt ignored.
INFO - 2025-02-04 09:51:31 --> Controller Class Initialized
INFO - 2025-02-04 09:51:31 --> Model Class Initialized
DEBUG - 2025-02-04 09:51:31 --> File loaded: /apps/web-drc/application/modules/api_v1/models/Api_v1_model.php
INFO - 2025-02-04 09:51:31 --> Model Class Initialized
INFO - 2025-02-04 09:51:31 --> Final output sent to browser
DEBUG - 2025-02-04 09:51:31 --> Total execution time: 0.0059
INFO - 2025-02-04 09:51:31 --> Config Class Initialized
INFO - 2025-02-04 09:51:31 --> Hooks Class Initialized
DEBUG - 2025-02-04 09:51:31 --> UTF-8 Support Enabled
INFO - 2025-02-04 09:51:31 --> Utf8 Class Initialized
INFO - 2025-02-04 09:51:31 --> URI Class Initialized
INFO - 2025-02-04 09:51:31 --> Router Class Initialized
INFO - 2025-02-04 09:51:31 --> Output Class Initialized
INFO - 2025-02-04 09:51:31 --> Security Class Initialized
DEBUG - 2025-02-04 09:51:31 --> Global POST, GET and COOKIE data sanitized
INFO - 2025-02-04 09:51:31 --> Input Class Initialized
INFO - 2025-02-04 09:51:31 --> Language Class Initialized
INFO - 2025-02-04 09:51:31 --> Language Class Initialized
INFO - 2025-02-04 09:51:31 --> Config Class Initialized
INFO - 2025-02-04 09:51:31 --> Loader Class Initialized
INFO - 2025-02-04 09:51:31 --> Helper loaded: url_helper
INFO - 2025-02-04 09:51:31 --> Helper loaded: easyui_helper
INFO - 2025-02-04 09:51:31 --> Helper loaded: param_helper
INFO - 2025-02-04 09:51:31 --> Helper loaded: credential_helper
INFO - 2025-02-04 09:51:31 --> Helper loaded: template_helper
INFO - 2025-02-04 09:51:31 --> Helper loaded: rest_helper
INFO - 2025-02-04 09:51:31 --> Database Driver Class Initialized
DEBUG - 2025-02-04 09:51:31 --> Idgenerator class already loaded. Second attempt ignored.
INFO - 2025-02-04 09:51:31 --> Controller Class Initialized
INFO - 2025-02-04 09:51:31 --> Model Class Initialized
DEBUG - 2025-02-04 09:51:31 --> File loaded: /apps/web-drc/application/modules/api_v1/models/Api_v1_model.php
INFO - 2025-02-04 09:51:31 --> Model Class Initialized
INFO - 2025-02-04 09:51:31 --> Final output sent to browser
DEBUG - 2025-02-04 09:51:31 --> Total execution time: 0.0039
INFO - 2025-02-04 09:51:31 --> Config Class Initialized
INFO - 2025-02-04 09:51:31 --> Hooks Class Initialized
DEBUG - 2025-02-04 09:51:31 --> UTF-8 Support Enabled
INFO - 2025-02-04 09:51:31 --> Utf8 Class Initialized
INFO - 2025-02-04 09:51:31 --> URI Class Initialized
INFO - 2025-02-04 09:51:31 --> Router Class Initialized
INFO - 2025-02-04 09:51:31 --> Output Class Initialized
INFO - 2025-02-04 09:51:31 --> Security Class Initialized
DEBUG - 2025-02-04 09:51:31 --> Global POST, GET and COOKIE data sanitized
INFO - 2025-02-04 09:51:31 --> Input Class Initialized
INFO - 2025-02-04 09:51:31 --> Language Class Initialized
INFO - 2025-02-04 09:51:31 --> Language Class Initialized
INFO - 2025-02-04 09:51:31 --> Config Class Initialized
INFO - 2025-02-04 09:51:31 --> Loader Class Initialized
INFO - 2025-02-04 09:51:31 --> Helper loaded: url_helper
INFO - 2025-02-04 09:51:31 --> Helper loaded: easyui_helper
INFO - 2025-02-04 09:51:31 --> Helper loaded: param_helper
INFO - 2025-02-04 09:51:31 --> Helper loaded: credential_helper
INFO - 2025-02-04 09:51:31 --> Helper loaded: template_helper
INFO - 2025-02-04 09:51:31 --> Helper loaded: rest_helper
INFO - 2025-02-04 09:51:31 --> Database Driver Class Initialized
DEBUG - 2025-02-04 09:51:31 --> Idgenerator class already loaded. Second attempt ignored.
INFO - 2025-02-04 09:51:31 --> Controller Class Initialized
INFO - 2025-02-04 09:51:31 --> Model Class Initialized
DEBUG - 2025-02-04 09:51:31 --> File loaded: /apps/web-drc/application/modules/api_v1/models/Api_v1_model.php
INFO - 2025-02-04 09:51:31 --> Model Class Initialized
INFO - 2025-02-04 09:51:31 --> Final output sent to browser
DEBUG - 2025-02-04 09:51:31 --> Total execution time: 0.0071
INFO - 2025-02-04 09:51:31 --> Config Class Initialized
INFO - 2025-02-04 09:51:31 --> Hooks Class Initialized
DEBUG - 2025-02-04 09:51:31 --> UTF-8 Support Enabled
INFO - 2025-02-04 09:51:31 --> Utf8 Class Initialized
INFO - 2025-02-04 09:51:31 --> URI Class Initialized
INFO - 2025-02-04 09:51:31 --> Router Class Initialized
INFO - 2025-02-04 09:51:31 --> Output Class Initialized
INFO - 2025-02-04 09:51:31 --> Security Class Initialized
DEBUG - 2025-02-04 09:51:31 --> Global POST, GET and COOKIE data sanitized
INFO - 2025-02-04 09:51:31 --> Input Class Initialized
INFO - 2025-02-04 09:51:31 --> Language Class Initialized
INFO - 2025-02-04 09:51:31 --> Language Class Initialized
INFO - 2025-02-04 09:51:31 --> Config Class Initialized
INFO - 2025-02-04 09:51:31 --> Loader Class Initialized
INFO - 2025-02-04 09:51:31 --> Helper loaded: url_helper
INFO - 2025-02-04 09:51:31 --> Helper loaded: easyui_helper
INFO - 2025-02-04 09:51:31 --> Helper loaded: param_helper
INFO - 2025-02-04 09:51:31 --> Helper loaded: credential_helper
INFO - 2025-02-04 09:51:31 --> Helper loaded: template_helper
INFO - 2025-02-04 09:51:31 --> Helper loaded: rest_helper
INFO - 2025-02-04 09:51:31 --> Database Driver Class Initialized
DEBUG - 2025-02-04 09:51:31 --> Idgenerator class already loaded. Second attempt ignored.
INFO - 2025-02-04 09:51:31 --> Controller Class Initialized
INFO - 2025-02-04 09:51:31 --> Model Class Initialized
DEBUG - 2025-02-04 09:51:31 --> File loaded: /apps/web-drc/application/modules/api_v1/models/Api_v1_model.php
INFO - 2025-02-04 09:51:31 --> Model Class Initialized
INFO - 2025-02-04 09:51:31 --> Final output sent to browser
DEBUG - 2025-02-04 09:51:31 --> Total execution time: 0.0030
INFO - 2025-02-04 09:51:31 --> Config Class Initialized
INFO - 2025-02-04 09:51:31 --> Hooks Class Initialized
DEBUG - 2025-02-04 09:51:31 --> UTF-8 Support Enabled
INFO - 2025-02-04 09:51:31 --> Utf8 Class Initialized
INFO - 2025-02-04 09:51:31 --> URI Class Initialized
INFO - 2025-02-04 09:51:31 --> Router Class Initialized
INFO - 2025-02-04 09:51:31 --> Output Class Initialized
INFO - 2025-02-04 09:51:31 --> Security Class Initialized
DEBUG - 2025-02-04 09:51:31 --> Global POST, GET and COOKIE data sanitized
INFO - 2025-02-04 09:51:31 --> Input Class Initialized
INFO - 2025-02-04 09:51:31 --> Language Class Initialized
INFO - 2025-02-04 09:51:31 --> Language Class Initialized
INFO - 2025-02-04 09:51:31 --> Config Class Initialized
INFO - 2025-02-04 09:51:31 --> Loader Class Initialized
INFO - 2025-02-04 09:51:31 --> Helper loaded: url_helper
INFO - 2025-02-04 09:51:31 --> Helper loaded: easyui_helper
INFO - 2025-02-04 09:51:31 --> Helper loaded: param_helper
INFO - 2025-02-04 09:51:31 --> Helper loaded: credential_helper
INFO - 2025-02-04 09:51:31 --> Helper loaded: template_helper
INFO - 2025-02-04 09:51:31 --> Helper loaded: rest_helper
INFO - 2025-02-04 09:51:31 --> Database Driver Class Initialized
DEBUG - 2025-02-04 09:51:31 --> Idgenerator class already loaded. Second attempt ignored.
INFO - 2025-02-04 09:51:31 --> Controller Class Initialized
INFO - 2025-02-04 09:51:31 --> Model Class Initialized
DEBUG - 2025-02-04 09:51:31 --> File loaded: /apps/web-drc/application/modules/api_v1/models/Api_v1_model.php
INFO - 2025-02-04 09:51:31 --> Model Class Initialized
INFO - 2025-02-04 09:51:31 --> Final output sent to browser
DEBUG - 2025-02-04 09:51:31 --> Total execution time: 0.0055
INFO - 2025-02-04 09:51:31 --> Config Class Initialized
INFO - 2025-02-04 09:51:31 --> Hooks Class Initialized
DEBUG - 2025-02-04 09:51:31 --> UTF-8 Support Enabled
INFO - 2025-02-04 09:51:31 --> Utf8 Class Initialized
INFO - 2025-02-04 09:51:31 --> URI Class Initialized
INFO - 2025-02-04 09:51:31 --> Router Class Initialized
INFO - 2025-02-04 09:51:31 --> Output Class Initialized
INFO - 2025-02-04 09:51:31 --> Security Class Initialized
DEBUG - 2025-02-04 09:51:31 --> Global POST, GET and COOKIE data sanitized
INFO - 2025-02-04 09:51:31 --> Input Class Initialized
INFO - 2025-02-04 09:51:31 --> Language Class Initialized
INFO - 2025-02-04 09:51:31 --> Language Class Initialized
INFO - 2025-02-04 09:51:31 --> Config Class Initialized
INFO - 2025-02-04 09:51:31 --> Loader Class Initialized
INFO - 2025-02-04 09:51:31 --> Helper loaded: url_helper
INFO - 2025-02-04 09:51:31 --> Helper loaded: easyui_helper
INFO - 2025-02-04 09:51:31 --> Helper loaded: param_helper
INFO - 2025-02-04 09:51:31 --> Helper loaded: credential_helper
INFO - 2025-02-04 09:51:31 --> Helper loaded: template_helper
INFO - 2025-02-04 09:51:31 --> Helper loaded: rest_helper
INFO - 2025-02-04 09:51:31 --> Database Driver Class Initialized
DEBUG - 2025-02-04 09:51:31 --> Idgenerator class already loaded. Second attempt ignored.
INFO - 2025-02-04 09:51:31 --> Controller Class Initialized
INFO - 2025-02-04 09:51:31 --> Model Class Initialized
DEBUG - 2025-02-04 09:51:31 --> File loaded: /apps/web-drc/application/modules/api_v1/models/Api_v1_model.php
INFO - 2025-02-04 09:51:31 --> Model Class Initialized
INFO - 2025-02-04 09:51:31 --> Final output sent to browser
DEBUG - 2025-02-04 09:51:31 --> Total execution time: 0.0055
INFO - 2025-02-04 09:51:31 --> Config Class Initialized
INFO - 2025-02-04 09:51:31 --> Hooks Class Initialized
DEBUG - 2025-02-04 09:51:31 --> UTF-8 Support Enabled
INFO - 2025-02-04 09:51:31 --> Utf8 Class Initialized
INFO - 2025-02-04 09:51:31 --> URI Class Initialized
INFO - 2025-02-04 09:51:31 --> Router Class Initialized
INFO - 2025-02-04 09:51:31 --> Output Class Initialized
INFO - 2025-02-04 09:51:31 --> Security Class Initialized
DEBUG - 2025-02-04 09:51:31 --> Global POST, GET and COOKIE data sanitized
INFO - 2025-02-04 09:51:31 --> Input Class Initialized
INFO - 2025-02-04 09:51:31 --> Language Class Initialized
INFO - 2025-02-04 09:51:31 --> Language Class Initialized
INFO - 2025-02-04 09:51:31 --> Config Class Initialized
INFO - 2025-02-04 09:51:31 --> Loader Class Initialized
INFO - 2025-02-04 09:51:31 --> Helper loaded: url_helper
INFO - 2025-02-04 09:51:31 --> Helper loaded: easyui_helper
INFO - 2025-02-04 09:51:31 --> Helper loaded: param_helper
INFO - 2025-02-04 09:51:31 --> Helper loaded: credential_helper
INFO - 2025-02-04 09:51:31 --> Helper loaded: template_helper
INFO - 2025-02-04 09:51:31 --> Helper loaded: rest_helper
INFO - 2025-02-04 09:51:31 --> Database Driver Class Initialized
DEBUG - 2025-02-04 09:51:31 --> Idgenerator class already loaded. Second attempt ignored.
INFO - 2025-02-04 09:51:31 --> Controller Class Initialized
INFO - 2025-02-04 09:51:31 --> Model Class Initialized
DEBUG - 2025-02-04 09:51:31 --> File loaded: /apps/web-drc/application/modules/api_v1/models/Api_v1_model.php
INFO - 2025-02-04 09:51:31 --> Model Class Initialized
INFO - 2025-02-04 09:51:31 --> Final output sent to browser
DEBUG - 2025-02-04 09:51:31 --> Total execution time: 0.0041
INFO - 2025-02-04 09:51:31 --> Config Class Initialized
INFO - 2025-02-04 09:51:31 --> Hooks Class Initialized
DEBUG - 2025-02-04 09:51:31 --> UTF-8 Support Enabled
INFO - 2025-02-04 09:51:31 --> Utf8 Class Initialized
INFO - 2025-02-04 09:51:31 --> URI Class Initialized
INFO - 2025-02-04 09:51:31 --> Router Class Initialized
INFO - 2025-02-04 09:51:31 --> Output Class Initialized
INFO - 2025-02-04 09:51:31 --> Security Class Initialized
DEBUG - 2025-02-04 09:51:31 --> Global POST, GET and COOKIE data sanitized
INFO - 2025-02-04 09:51:31 --> Input Class Initialized
INFO - 2025-02-04 09:51:31 --> Language Class Initialized
INFO - 2025-02-04 09:51:31 --> Language Class Initialized
INFO - 2025-02-04 09:51:31 --> Config Class Initialized
INFO - 2025-02-04 09:51:31 --> Loader Class Initialized
INFO - 2025-02-04 09:51:31 --> Helper loaded: url_helper
INFO - 2025-02-04 09:51:31 --> Helper loaded: easyui_helper
INFO - 2025-02-04 09:51:31 --> Helper loaded: param_helper
INFO - 2025-02-04 09:51:31 --> Helper loaded: credential_helper
INFO - 2025-02-04 09:51:31 --> Helper loaded: template_helper
INFO - 2025-02-04 09:51:31 --> Helper loaded: rest_helper
INFO - 2025-02-04 09:51:31 --> Database Driver Class Initialized
DEBUG - 2025-02-04 09:51:31 --> Idgenerator class already loaded. Second attempt ignored.
INFO - 2025-02-04 09:51:31 --> Controller Class Initialized
INFO - 2025-02-04 09:51:31 --> Model Class Initialized
DEBUG - 2025-02-04 09:51:31 --> File loaded: /apps/web-drc/application/modules/api_v1/models/Api_v1_model.php
INFO - 2025-02-04 09:51:31 --> Model Class Initialized
INFO - 2025-02-04 09:51:31 --> Final output sent to browser
DEBUG - 2025-02-04 09:51:31 --> Total execution time: 0.0062
INFO - 2025-02-04 09:51:31 --> Config Class Initialized
INFO - 2025-02-04 09:51:31 --> Hooks Class Initialized
DEBUG - 2025-02-04 09:51:31 --> UTF-8 Support Enabled
INFO - 2025-02-04 09:51:31 --> Utf8 Class Initialized
INFO - 2025-02-04 09:51:31 --> URI Class Initialized
INFO - 2025-02-04 09:51:31 --> Router Class Initialized
INFO - 2025-02-04 09:51:31 --> Output Class Initialized
INFO - 2025-02-04 09:51:31 --> Security Class Initialized
DEBUG - 2025-02-04 09:51:31 --> Global POST, GET and COOKIE data sanitized
INFO - 2025-02-04 09:51:31 --> Input Class Initialized
INFO - 2025-02-04 09:51:31 --> Language Class Initialized
INFO - 2025-02-04 09:51:31 --> Language Class Initialized
INFO - 2025-02-04 09:51:31 --> Config Class Initialized
INFO - 2025-02-04 09:51:31 --> Loader Class Initialized
INFO - 2025-02-04 09:51:31 --> Helper loaded: url_helper
INFO - 2025-02-04 09:51:31 --> Helper loaded: easyui_helper
INFO - 2025-02-04 09:51:31 --> Helper loaded: param_helper
INFO - 2025-02-04 09:51:31 --> Helper loaded: credential_helper
INFO - 2025-02-04 09:51:31 --> Helper loaded: template_helper
INFO - 2025-02-04 09:51:31 --> Helper loaded: rest_helper
INFO - 2025-02-04 09:51:31 --> Database Driver Class Initialized
DEBUG - 2025-02-04 09:51:31 --> Idgenerator class already loaded. Second attempt ignored.
INFO - 2025-02-04 09:51:31 --> Controller Class Initialized
INFO - 2025-02-04 09:51:31 --> Model Class Initialized
DEBUG - 2025-02-04 09:51:31 --> File loaded: /apps/web-drc/application/modules/api_v1/models/Api_v1_model.php
INFO - 2025-02-04 09:51:31 --> Model Class Initialized
INFO - 2025-02-04 09:51:31 --> Final output sent to browser
DEBUG - 2025-02-04 09:51:31 --> Total execution time: 0.0036
INFO - 2025-02-04 09:54:23 --> Config Class Initialized
INFO - 2025-02-04 09:54:23 --> Hooks Class Initialized
DEBUG - 2025-02-04 09:54:23 --> UTF-8 Support Enabled
INFO - 2025-02-04 09:54:23 --> Utf8 Class Initialized
INFO - 2025-02-04 09:54:23 --> URI Class Initialized
INFO - 2025-02-04 09:54:23 --> Router Class Initialized
INFO - 2025-02-04 09:54:23 --> Output Class Initialized
INFO - 2025-02-04 09:54:23 --> Security Class Initialized
DEBUG - 2025-02-04 09:54:23 --> Global POST, GET and COOKIE data sanitized
INFO - 2025-02-04 09:54:23 --> Input Class Initialized
INFO - 2025-02-04 09:54:23 --> Language Class Initialized
INFO - 2025-02-04 09:54:23 --> Language Class Initialized
INFO - 2025-02-04 09:54:23 --> Config Class Initialized
INFO - 2025-02-04 09:54:23 --> Loader Class Initialized
INFO - 2025-02-04 09:54:23 --> Helper loaded: url_helper
INFO - 2025-02-04 09:54:23 --> Helper loaded: easyui_helper
INFO - 2025-02-04 09:54:23 --> Helper loaded: param_helper
INFO - 2025-02-04 09:54:23 --> Helper loaded: credential_helper
INFO - 2025-02-04 09:54:23 --> Helper loaded: template_helper
INFO - 2025-02-04 09:54:23 --> Helper loaded: rest_helper
INFO - 2025-02-04 09:54:23 --> Database Driver Class Initialized
DEBUG - 2025-02-04 09:54:23 --> Idgenerator class already loaded. Second attempt ignored.
INFO - 2025-02-04 09:54:23 --> Controller Class Initialized
INFO - 2025-02-04 09:54:23 --> Model Class Initialized
DEBUG - 2025-02-04 09:54:23 --> File loaded: /apps/web-drc/application/modules/conf_setup_pjp/models/Setup_pjp_model.php
INFO - 2025-02-04 09:54:23 --> Model Class Initialized
DEBUG - 2025-02-04 09:54:23 --> File loaded: /apps/web-drc/application/modules/conf_setup_pjp/views/content.php
DEBUG - 2025-02-04 09:54:23 --> File loaded: /apps/web-drc/application/views/templates/header.php
DEBUG - 2025-02-04 09:54:23 --> File loaded: /apps/web-drc/application/views/templates/toolbar.php
DEBUG - 2025-02-04 09:54:23 --> File loaded: /apps/web-drc/application/views/templates/sidebar.php
DEBUG - 2025-02-04 09:54:23 --> File loaded: /apps/web-drc/application/views/templates/contents.php
DEBUG - 2025-02-04 09:54:23 --> File loaded: /apps/web-drc/application/views/templates/content_footer.php
DEBUG - 2025-02-04 09:54:23 --> File loaded: /apps/web-drc/application/views/templates/footer.php
DEBUG - 2025-02-04 09:54:23 --> File loaded: /apps/web-drc/application/views/templates/default.php
INFO - 2025-02-04 09:54:23 --> Final output sent to browser
DEBUG - 2025-02-04 09:54:23 --> Total execution time: 0.0133
INFO - 2025-02-04 09:54:23 --> Config Class Initialized
INFO - 2025-02-04 09:54:23 --> Hooks Class Initialized
DEBUG - 2025-02-04 09:54:23 --> UTF-8 Support Enabled
INFO - 2025-02-04 09:54:23 --> Utf8 Class Initialized
INFO - 2025-02-04 09:54:23 --> URI Class Initialized
INFO - 2025-02-04 09:54:23 --> Router Class Initialized
INFO - 2025-02-04 09:54:23 --> Output Class Initialized
INFO - 2025-02-04 09:54:23 --> Security Class Initialized
DEBUG - 2025-02-04 09:54:23 --> Global POST, GET and COOKIE data sanitized
INFO - 2025-02-04 09:54:23 --> Input Class Initialized
INFO - 2025-02-04 09:54:23 --> Language Class Initialized
INFO - 2025-02-04 09:54:23 --> Language Class Initialized
INFO - 2025-02-04 09:54:23 --> Config Class Initialized
INFO - 2025-02-04 09:54:23 --> Loader Class Initialized
INFO - 2025-02-04 09:54:23 --> Helper loaded: url_helper
INFO - 2025-02-04 09:54:23 --> Helper loaded: easyui_helper
INFO - 2025-02-04 09:54:23 --> Helper loaded: param_helper
INFO - 2025-02-04 09:54:23 --> Helper loaded: credential_helper
INFO - 2025-02-04 09:54:23 --> Helper loaded: template_helper
INFO - 2025-02-04 09:54:23 --> Helper loaded: rest_helper
INFO - 2025-02-04 09:54:23 --> Database Driver Class Initialized
DEBUG - 2025-02-04 09:54:23 --> Idgenerator class already loaded. Second attempt ignored.
INFO - 2025-02-04 09:54:23 --> Controller Class Initialized
INFO - 2025-02-04 09:54:23 --> Model Class Initialized
DEBUG - 2025-02-04 09:54:23 --> File loaded: /apps/web-drc/application/modules/conf_setup_pjp/models/Setup_pjp_model.php
INFO - 2025-02-04 09:54:23 --> Model Class Initialized
INFO - 2025-02-04 09:54:45 --> Final output sent to browser
DEBUG - 2025-02-04 09:54:45 --> Total execution time: 21.8322
INFO - 2025-02-04 09:54:59 --> Config Class Initialized
INFO - 2025-02-04 09:54:59 --> Hooks Class Initialized
DEBUG - 2025-02-04 09:54:59 --> UTF-8 Support Enabled
INFO - 2025-02-04 09:54:59 --> Utf8 Class Initialized
INFO - 2025-02-04 09:54:59 --> URI Class Initialized
INFO - 2025-02-04 09:54:59 --> Router Class Initialized
INFO - 2025-02-04 09:54:59 --> Output Class Initialized
INFO - 2025-02-04 09:54:59 --> Security Class Initialized
DEBUG - 2025-02-04 09:54:59 --> Global POST, GET and COOKIE data sanitized
INFO - 2025-02-04 09:54:59 --> Input Class Initialized
INFO - 2025-02-04 09:54:59 --> Language Class Initialized
INFO - 2025-02-04 09:54:59 --> Language Class Initialized
INFO - 2025-02-04 09:54:59 --> Config Class Initialized
INFO - 2025-02-04 09:54:59 --> Loader Class Initialized
INFO - 2025-02-04 09:54:59 --> Helper loaded: url_helper
INFO - 2025-02-04 09:54:59 --> Helper loaded: easyui_helper
INFO - 2025-02-04 09:54:59 --> Helper loaded: param_helper
INFO - 2025-02-04 09:54:59 --> Helper loaded: credential_helper
INFO - 2025-02-04 09:54:59 --> Helper loaded: template_helper
INFO - 2025-02-04 09:54:59 --> Helper loaded: rest_helper
INFO - 2025-02-04 09:54:59 --> Database Driver Class Initialized
DEBUG - 2025-02-04 09:54:59 --> Idgenerator class already loaded. Second attempt ignored.
INFO - 2025-02-04 09:54:59 --> Controller Class Initialized
INFO - 2025-02-04 09:54:59 --> Model Class Initialized
DEBUG - 2025-02-04 09:54:59 --> File loaded: /apps/web-drc/application/modules/conf_setup_pjp/models/Setup_pjp_model.php
INFO - 2025-02-04 09:54:59 --> Model Class Initialized
DEBUG - 2025-02-04 09:54:59 --> File loaded: /apps/web-drc/application/modules/conf_setup_pjp/views/form_addpjp.php
DEBUG - 2025-02-04 09:54:59 --> File loaded: /apps/web-drc/application/views/templates/header.php
DEBUG - 2025-02-04 09:54:59 --> File loaded: /apps/web-drc/application/views/templates/toolbar.php
DEBUG - 2025-02-04 09:54:59 --> File loaded: /apps/web-drc/application/views/templates/sidebar.php
DEBUG - 2025-02-04 09:54:59 --> File loaded: /apps/web-drc/application/views/templates/contents.php
DEBUG - 2025-02-04 09:54:59 --> File loaded: /apps/web-drc/application/views/templates/content_footer.php
DEBUG - 2025-02-04 09:54:59 --> File loaded: /apps/web-drc/application/views/templates/footer.php
DEBUG - 2025-02-04 09:54:59 --> File loaded: /apps/web-drc/application/views/templates/default.php
INFO - 2025-02-04 09:54:59 --> Final output sent to browser
DEBUG - 2025-02-04 09:54:59 --> Total execution time: 0.0089
INFO - 2025-02-04 09:54:59 --> Config Class Initialized
INFO - 2025-02-04 09:54:59 --> Hooks Class Initialized
DEBUG - 2025-02-04 09:54:59 --> UTF-8 Support Enabled
INFO - 2025-02-04 09:54:59 --> Utf8 Class Initialized
INFO - 2025-02-04 09:54:59 --> URI Class Initialized
INFO - 2025-02-04 09:54:59 --> Router Class Initialized
INFO - 2025-02-04 09:54:59 --> Output Class Initialized
INFO - 2025-02-04 09:54:59 --> Security Class Initialized
DEBUG - 2025-02-04 09:54:59 --> Global POST, GET and COOKIE data sanitized
INFO - 2025-02-04 09:54:59 --> Input Class Initialized
INFO - 2025-02-04 09:54:59 --> Language Class Initialized
INFO - 2025-02-04 09:54:59 --> Language Class Initialized
INFO - 2025-02-04 09:54:59 --> Config Class Initialized
INFO - 2025-02-04 09:54:59 --> Loader Class Initialized
INFO - 2025-02-04 09:54:59 --> Helper loaded: url_helper
INFO - 2025-02-04 09:54:59 --> Helper loaded: easyui_helper
INFO - 2025-02-04 09:54:59 --> Helper loaded: param_helper
INFO - 2025-02-04 09:54:59 --> Helper loaded: credential_helper
INFO - 2025-02-04 09:54:59 --> Helper loaded: template_helper
INFO - 2025-02-04 09:54:59 --> Helper loaded: rest_helper
INFO - 2025-02-04 09:54:59 --> Database Driver Class Initialized
DEBUG - 2025-02-04 09:54:59 --> Idgenerator class already loaded. Second attempt ignored.
INFO - 2025-02-04 09:54:59 --> Controller Class Initialized
INFO - 2025-02-04 09:54:59 --> Model Class Initialized
DEBUG - 2025-02-04 09:54:59 --> File loaded: /apps/web-drc/application/modules/api_v1/models/Api_v1_model.php
INFO - 2025-02-04 09:54:59 --> Model Class Initialized
INFO - 2025-02-04 09:54:59 --> Final output sent to browser
DEBUG - 2025-02-04 09:54:59 --> Total execution time: 0.0055
INFO - 2025-02-04 09:54:59 --> Config Class Initialized
INFO - 2025-02-04 09:54:59 --> Hooks Class Initialized
DEBUG - 2025-02-04 09:54:59 --> UTF-8 Support Enabled
INFO - 2025-02-04 09:54:59 --> Utf8 Class Initialized
INFO - 2025-02-04 09:54:59 --> URI Class Initialized
INFO - 2025-02-04 09:54:59 --> Router Class Initialized
INFO - 2025-02-04 09:54:59 --> Output Class Initialized
INFO - 2025-02-04 09:54:59 --> Security Class Initialized
DEBUG - 2025-02-04 09:54:59 --> Global POST, GET and COOKIE data sanitized
INFO - 2025-02-04 09:54:59 --> Input Class Initialized
INFO - 2025-02-04 09:54:59 --> Language Class Initialized
INFO - 2025-02-04 09:54:59 --> Language Class Initialized
INFO - 2025-02-04 09:54:59 --> Config Class Initialized
INFO - 2025-02-04 09:54:59 --> Loader Class Initialized
INFO - 2025-02-04 09:54:59 --> Helper loaded: url_helper
INFO - 2025-02-04 09:54:59 --> Helper loaded: easyui_helper
INFO - 2025-02-04 09:54:59 --> Helper loaded: param_helper
INFO - 2025-02-04 09:54:59 --> Helper loaded: credential_helper
INFO - 2025-02-04 09:54:59 --> Helper loaded: template_helper
INFO - 2025-02-04 09:54:59 --> Helper loaded: rest_helper
INFO - 2025-02-04 09:54:59 --> Database Driver Class Initialized
DEBUG - 2025-02-04 09:54:59 --> Idgenerator class already loaded. Second attempt ignored.
INFO - 2025-02-04 09:54:59 --> Controller Class Initialized
INFO - 2025-02-04 09:54:59 --> Model Class Initialized
DEBUG - 2025-02-04 09:54:59 --> File loaded: /apps/web-drc/application/modules/api_v1/models/Api_v1_model.php
INFO - 2025-02-04 09:54:59 --> Model Class Initialized
INFO - 2025-02-04 09:54:59 --> Final output sent to browser
DEBUG - 2025-02-04 09:54:59 --> Total execution time: 0.0037
INFO - 2025-02-04 09:55:03 --> Config Class Initialized
INFO - 2025-02-04 09:55:03 --> Hooks Class Initialized
DEBUG - 2025-02-04 09:55:03 --> UTF-8 Support Enabled
INFO - 2025-02-04 09:55:03 --> Utf8 Class Initialized
INFO - 2025-02-04 09:55:03 --> URI Class Initialized
INFO - 2025-02-04 09:55:03 --> Router Class Initialized
INFO - 2025-02-04 09:55:03 --> Output Class Initialized
INFO - 2025-02-04 09:55:03 --> Security Class Initialized
DEBUG - 2025-02-04 09:55:03 --> Global POST, GET and COOKIE data sanitized
INFO - 2025-02-04 09:55:03 --> Input Class Initialized
INFO - 2025-02-04 09:55:03 --> Language Class Initialized
INFO - 2025-02-04 09:55:03 --> Language Class Initialized
INFO - 2025-02-04 09:55:03 --> Config Class Initialized
INFO - 2025-02-04 09:55:03 --> Loader Class Initialized
INFO - 2025-02-04 09:55:03 --> Helper loaded: url_helper
INFO - 2025-02-04 09:55:03 --> Helper loaded: easyui_helper
INFO - 2025-02-04 09:55:03 --> Helper loaded: param_helper
INFO - 2025-02-04 09:55:03 --> Helper loaded: credential_helper
INFO - 2025-02-04 09:55:03 --> Helper loaded: template_helper
INFO - 2025-02-04 09:55:03 --> Helper loaded: rest_helper
INFO - 2025-02-04 09:55:03 --> Database Driver Class Initialized
DEBUG - 2025-02-04 09:55:03 --> Idgenerator class already loaded. Second attempt ignored.
INFO - 2025-02-04 09:55:03 --> Controller Class Initialized
INFO - 2025-02-04 09:55:03 --> Model Class Initialized
DEBUG - 2025-02-04 09:55:03 --> File loaded: /apps/web-drc/application/modules/api_v1/models/Api_v1_model.php
INFO - 2025-02-04 09:55:03 --> Model Class Initialized
INFO - 2025-02-04 09:55:03 --> Final output sent to browser
DEBUG - 2025-02-04 09:55:03 --> Total execution time: 0.0255
INFO - 2025-02-04 09:55:32 --> Config Class Initialized
INFO - 2025-02-04 09:55:32 --> Hooks Class Initialized
DEBUG - 2025-02-04 09:55:32 --> UTF-8 Support Enabled
INFO - 2025-02-04 09:55:32 --> Utf8 Class Initialized
INFO - 2025-02-04 09:55:32 --> URI Class Initialized
INFO - 2025-02-04 09:55:32 --> Router Class Initialized
INFO - 2025-02-04 09:55:32 --> Output Class Initialized
INFO - 2025-02-04 09:55:32 --> Security Class Initialized
DEBUG - 2025-02-04 09:55:32 --> Global POST, GET and COOKIE data sanitized
INFO - 2025-02-04 09:55:32 --> Input Class Initialized
INFO - 2025-02-04 09:55:32 --> Language Class Initialized
INFO - 2025-02-04 09:55:32 --> Language Class Initialized
INFO - 2025-02-04 09:55:32 --> Config Class Initialized
INFO - 2025-02-04 09:55:32 --> Loader Class Initialized
INFO - 2025-02-04 09:55:32 --> Helper loaded: url_helper
INFO - 2025-02-04 09:55:32 --> Helper loaded: easyui_helper
INFO - 2025-02-04 09:55:32 --> Helper loaded: param_helper
INFO - 2025-02-04 09:55:32 --> Helper loaded: credential_helper
INFO - 2025-02-04 09:55:32 --> Helper loaded: template_helper
INFO - 2025-02-04 09:55:32 --> Helper loaded: rest_helper
INFO - 2025-02-04 09:55:32 --> Database Driver Class Initialized
DEBUG - 2025-02-04 09:55:32 --> Idgenerator class already loaded. Second attempt ignored.
INFO - 2025-02-04 09:55:32 --> Controller Class Initialized
INFO - 2025-02-04 09:55:32 --> Model Class Initialized
DEBUG - 2025-02-04 09:55:32 --> File loaded: /apps/web-drc/application/modules/conf_setup_pjp/models/Setup_pjp_model.php
INFO - 2025-02-04 09:55:32 --> Model Class Initialized
DEBUG - 2025-02-04 09:55:32 --> File loaded: /apps/web-drc/application/modules/conf_setup_pjp/views/content.php
DEBUG - 2025-02-04 09:55:32 --> File loaded: /apps/web-drc/application/views/templates/header.php
DEBUG - 2025-02-04 09:55:32 --> File loaded: /apps/web-drc/application/views/templates/toolbar.php
DEBUG - 2025-02-04 09:55:32 --> File loaded: /apps/web-drc/application/views/templates/sidebar.php
DEBUG - 2025-02-04 09:55:32 --> File loaded: /apps/web-drc/application/views/templates/contents.php
DEBUG - 2025-02-04 09:55:32 --> File loaded: /apps/web-drc/application/views/templates/content_footer.php
DEBUG - 2025-02-04 09:55:32 --> File loaded: /apps/web-drc/application/views/templates/footer.php
DEBUG - 2025-02-04 09:55:32 --> File loaded: /apps/web-drc/application/views/templates/default.php
INFO - 2025-02-04 09:55:32 --> Final output sent to browser
DEBUG - 2025-02-04 09:55:32 --> Total execution time: 0.0056
INFO - 2025-02-04 09:55:32 --> Config Class Initialized
INFO - 2025-02-04 09:55:32 --> Hooks Class Initialized
DEBUG - 2025-02-04 09:55:32 --> UTF-8 Support Enabled
INFO - 2025-02-04 09:55:32 --> Utf8 Class Initialized
INFO - 2025-02-04 09:55:32 --> URI Class Initialized
INFO - 2025-02-04 09:55:32 --> Router Class Initialized
INFO - 2025-02-04 09:55:32 --> Output Class Initialized
INFO - 2025-02-04 09:55:32 --> Security Class Initialized
DEBUG - 2025-02-04 09:55:32 --> Global POST, GET and COOKIE data sanitized
INFO - 2025-02-04 09:55:32 --> Input Class Initialized
INFO - 2025-02-04 09:55:32 --> Language Class Initialized
INFO - 2025-02-04 09:55:32 --> Language Class Initialized
INFO - 2025-02-04 09:55:32 --> Config Class Initialized
INFO - 2025-02-04 09:55:32 --> Loader Class Initialized
INFO - 2025-02-04 09:55:32 --> Helper loaded: url_helper
INFO - 2025-02-04 09:55:32 --> Helper loaded: easyui_helper
INFO - 2025-02-04 09:55:32 --> Helper loaded: param_helper
INFO - 2025-02-04 09:55:32 --> Helper loaded: credential_helper
INFO - 2025-02-04 09:55:32 --> Helper loaded: template_helper
INFO - 2025-02-04 09:55:32 --> Helper loaded: rest_helper
INFO - 2025-02-04 09:55:32 --> Database Driver Class Initialized
DEBUG - 2025-02-04 09:55:32 --> Idgenerator class already loaded. Second attempt ignored.
INFO - 2025-02-04 09:55:32 --> Controller Class Initialized
INFO - 2025-02-04 09:55:32 --> Model Class Initialized
DEBUG - 2025-02-04 09:55:32 --> File loaded: /apps/web-drc/application/modules/conf_setup_pjp/models/Setup_pjp_model.php
INFO - 2025-02-04 09:55:32 --> Model Class Initialized
INFO - 2025-02-04 09:55:50 --> Final output sent to browser
DEBUG - 2025-02-04 09:55:50 --> Total execution time: 18.3125
INFO - 2025-02-04 09:55:54 --> Config Class Initialized
INFO - 2025-02-04 09:55:54 --> Hooks Class Initialized
DEBUG - 2025-02-04 09:55:54 --> UTF-8 Support Enabled
INFO - 2025-02-04 09:55:54 --> Utf8 Class Initialized
INFO - 2025-02-04 09:55:54 --> URI Class Initialized
INFO - 2025-02-04 09:55:54 --> Router Class Initialized
INFO - 2025-02-04 09:55:54 --> Output Class Initialized
INFO - 2025-02-04 09:55:54 --> Security Class Initialized
DEBUG - 2025-02-04 09:55:54 --> Global POST, GET and COOKIE data sanitized
INFO - 2025-02-04 09:55:54 --> Input Class Initialized
INFO - 2025-02-04 09:55:54 --> Language Class Initialized
INFO - 2025-02-04 09:55:54 --> Language Class Initialized
INFO - 2025-02-04 09:55:54 --> Config Class Initialized
INFO - 2025-02-04 09:55:54 --> Loader Class Initialized
INFO - 2025-02-04 09:55:54 --> Helper loaded: url_helper
INFO - 2025-02-04 09:55:54 --> Helper loaded: easyui_helper
INFO - 2025-02-04 09:55:54 --> Helper loaded: param_helper
INFO - 2025-02-04 09:55:54 --> Helper loaded: credential_helper
INFO - 2025-02-04 09:55:54 --> Helper loaded: template_helper
INFO - 2025-02-04 09:55:54 --> Helper loaded: rest_helper
INFO - 2025-02-04 09:55:54 --> Database Driver Class Initialized
DEBUG - 2025-02-04 09:55:54 --> Idgenerator class already loaded. Second attempt ignored.
INFO - 2025-02-04 09:55:54 --> Controller Class Initialized
INFO - 2025-02-04 09:55:54 --> Model Class Initialized
DEBUG - 2025-02-04 09:55:54 --> File loaded: /apps/web-drc/application/modules/conf_setup_pjp/models/Setup_pjp_model.php
INFO - 2025-02-04 09:55:54 --> Model Class Initialized
DEBUG - 2025-02-04 09:55:54 --> File loaded: /apps/web-drc/application/modules/conf_setup_pjp/views/form_download.php
DEBUG - 2025-02-04 09:55:54 --> File loaded: /apps/web-drc/application/views/templates/header.php
DEBUG - 2025-02-04 09:55:54 --> File loaded: /apps/web-drc/application/views/templates/toolbar.php
DEBUG - 2025-02-04 09:55:54 --> File loaded: /apps/web-drc/application/views/templates/sidebar.php
DEBUG - 2025-02-04 09:55:54 --> File loaded: /apps/web-drc/application/views/templates/contents.php
DEBUG - 2025-02-04 09:55:54 --> File loaded: /apps/web-drc/application/views/templates/content_footer.php
DEBUG - 2025-02-04 09:55:54 --> File loaded: /apps/web-drc/application/views/templates/footer.php
DEBUG - 2025-02-04 09:55:54 --> File loaded: /apps/web-drc/application/views/templates/default.php
INFO - 2025-02-04 09:55:54 --> Final output sent to browser
DEBUG - 2025-02-04 09:55:54 --> Total execution time: 0.0090
INFO - 2025-02-04 09:55:54 --> Config Class Initialized
INFO - 2025-02-04 09:55:54 --> Hooks Class Initialized
DEBUG - 2025-02-04 09:55:54 --> UTF-8 Support Enabled
INFO - 2025-02-04 09:55:54 --> Utf8 Class Initialized
INFO - 2025-02-04 09:55:54 --> URI Class Initialized
INFO - 2025-02-04 09:55:54 --> Router Class Initialized
INFO - 2025-02-04 09:55:54 --> Output Class Initialized
INFO - 2025-02-04 09:55:54 --> Security Class Initialized
DEBUG - 2025-02-04 09:55:54 --> Global POST, GET and COOKIE data sanitized
INFO - 2025-02-04 09:55:54 --> Input Class Initialized
INFO - 2025-02-04 09:55:54 --> Language Class Initialized
INFO - 2025-02-04 09:55:54 --> Language Class Initialized
INFO - 2025-02-04 09:55:54 --> Config Class Initialized
INFO - 2025-02-04 09:55:54 --> Loader Class Initialized
INFO - 2025-02-04 09:55:54 --> Helper loaded: url_helper
INFO - 2025-02-04 09:55:54 --> Helper loaded: easyui_helper
INFO - 2025-02-04 09:55:54 --> Helper loaded: param_helper
INFO - 2025-02-04 09:55:54 --> Helper loaded: credential_helper
INFO - 2025-02-04 09:55:54 --> Helper loaded: template_helper
INFO - 2025-02-04 09:55:54 --> Helper loaded: rest_helper
INFO - 2025-02-04 09:55:54 --> Database Driver Class Initialized
DEBUG - 2025-02-04 09:55:54 --> Idgenerator class already loaded. Second attempt ignored.
INFO - 2025-02-04 09:55:54 --> Controller Class Initialized
INFO - 2025-02-04 09:55:54 --> Model Class Initialized
DEBUG - 2025-02-04 09:55:54 --> File loaded: /apps/web-drc/application/modules/api_v1/models/Api_v1_model.php
INFO - 2025-02-04 09:55:54 --> Model Class Initialized
INFO - 2025-02-04 09:55:54 --> Final output sent to browser
DEBUG - 2025-02-04 09:55:54 --> Total execution time: 0.0068
INFO - 2025-02-04 09:56:02 --> Config Class Initialized
INFO - 2025-02-04 09:56:02 --> Hooks Class Initialized
DEBUG - 2025-02-04 09:56:02 --> UTF-8 Support Enabled
INFO - 2025-02-04 09:56:02 --> Utf8 Class Initialized
INFO - 2025-02-04 09:56:02 --> URI Class Initialized
INFO - 2025-02-04 09:56:02 --> Router Class Initialized
INFO - 2025-02-04 09:56:02 --> Output Class Initialized
INFO - 2025-02-04 09:56:02 --> Security Class Initialized
DEBUG - 2025-02-04 09:56:02 --> Global POST, GET and COOKIE data sanitized
INFO - 2025-02-04 09:56:02 --> Input Class Initialized
INFO - 2025-02-04 09:56:02 --> Language Class Initialized
INFO - 2025-02-04 09:56:02 --> Language Class Initialized
INFO - 2025-02-04 09:56:02 --> Config Class Initialized
INFO - 2025-02-04 09:56:02 --> Loader Class Initialized
INFO - 2025-02-04 09:56:02 --> Helper loaded: url_helper
INFO - 2025-02-04 09:56:02 --> Helper loaded: easyui_helper
INFO - 2025-02-04 09:56:02 --> Helper loaded: param_helper
INFO - 2025-02-04 09:56:02 --> Helper loaded: credential_helper
INFO - 2025-02-04 09:56:02 --> Helper loaded: template_helper
INFO - 2025-02-04 09:56:02 --> Helper loaded: rest_helper
INFO - 2025-02-04 09:56:02 --> Database Driver Class Initialized
DEBUG - 2025-02-04 09:56:02 --> Idgenerator class already loaded. Second attempt ignored.
INFO - 2025-02-04 09:56:02 --> Controller Class Initialized
INFO - 2025-02-04 09:56:02 --> Model Class Initialized
DEBUG - 2025-02-04 09:56:02 --> File loaded: /apps/web-drc/application/modules/conf_setup_pjp/models/Setup_pjp_model.php
INFO - 2025-02-04 09:56:02 --> Model Class Initialized
INFO - 2025-02-04 09:56:03 --> Final output sent to browser
DEBUG - 2025-02-04 09:56:03 --> Total execution time: 0.2788
INFO - 2025-02-04 10:02:07 --> Config Class Initialized
INFO - 2025-02-04 10:02:07 --> Hooks Class Initialized
DEBUG - 2025-02-04 10:02:07 --> UTF-8 Support Enabled
INFO - 2025-02-04 10:02:07 --> Utf8 Class Initialized
INFO - 2025-02-04 10:02:07 --> URI Class Initialized
INFO - 2025-02-04 10:02:07 --> Router Class Initialized
INFO - 2025-02-04 10:02:07 --> Output Class Initialized
INFO - 2025-02-04 10:02:07 --> Security Class Initialized
DEBUG - 2025-02-04 10:02:07 --> Global POST, GET and COOKIE data sanitized
INFO - 2025-02-04 10:02:07 --> Input Class Initialized
INFO - 2025-02-04 10:02:07 --> Language Class Initialized
INFO - 2025-02-04 10:02:07 --> Language Class Initialized
INFO - 2025-02-04 10:02:07 --> Config Class Initialized
INFO - 2025-02-04 10:02:07 --> Loader Class Initialized
INFO - 2025-02-04 10:02:07 --> Helper loaded: url_helper
INFO - 2025-02-04 10:02:07 --> Helper loaded: easyui_helper
INFO - 2025-02-04 10:02:07 --> Helper loaded: param_helper
INFO - 2025-02-04 10:02:07 --> Helper loaded: credential_helper
INFO - 2025-02-04 10:02:07 --> Helper loaded: template_helper
INFO - 2025-02-04 10:02:07 --> Helper loaded: rest_helper
INFO - 2025-02-04 10:02:07 --> Database Driver Class Initialized
DEBUG - 2025-02-04 10:02:07 --> Idgenerator class already loaded. Second attempt ignored.
INFO - 2025-02-04 10:02:07 --> Controller Class Initialized
INFO - 2025-02-04 10:02:07 --> Model Class Initialized
DEBUG - 2025-02-04 10:02:07 --> File loaded: /apps/web-drc/application/modules/conf_setup_pjp/models/Setup_pjp_model.php
INFO - 2025-02-04 10:02:07 --> Model Class Initialized
DEBUG - 2025-02-04 10:02:07 --> File loaded: /apps/web-drc/application/modules/conf_setup_pjp/views/content.php
DEBUG - 2025-02-04 10:02:07 --> File loaded: /apps/web-drc/application/views/templates/header.php
DEBUG - 2025-02-04 10:02:07 --> File loaded: /apps/web-drc/application/views/templates/toolbar.php
DEBUG - 2025-02-04 10:02:07 --> File loaded: /apps/web-drc/application/views/templates/sidebar.php
DEBUG - 2025-02-04 10:02:07 --> File loaded: /apps/web-drc/application/views/templates/contents.php
DEBUG - 2025-02-04 10:02:07 --> File loaded: /apps/web-drc/application/views/templates/content_footer.php
DEBUG - 2025-02-04 10:02:07 --> File loaded: /apps/web-drc/application/views/templates/footer.php
DEBUG - 2025-02-04 10:02:07 --> File loaded: /apps/web-drc/application/views/templates/default.php
INFO - 2025-02-04 10:02:07 --> Final output sent to browser
DEBUG - 2025-02-04 10:02:07 --> Total execution time: 0.0074
INFO - 2025-02-04 10:02:07 --> Config Class Initialized
INFO - 2025-02-04 10:02:07 --> Hooks Class Initialized
DEBUG - 2025-02-04 10:02:07 --> UTF-8 Support Enabled
INFO - 2025-02-04 10:02:07 --> Utf8 Class Initialized
INFO - 2025-02-04 10:02:07 --> URI Class Initialized
INFO - 2025-02-04 10:02:07 --> Router Class Initialized
INFO - 2025-02-04 10:02:07 --> Output Class Initialized
INFO - 2025-02-04 10:02:07 --> Security Class Initialized
DEBUG - 2025-02-04 10:02:07 --> Global POST, GET and COOKIE data sanitized
INFO - 2025-02-04 10:02:07 --> Input Class Initialized
INFO - 2025-02-04 10:02:07 --> Language Class Initialized
INFO - 2025-02-04 10:02:07 --> Language Class Initialized
INFO - 2025-02-04 10:02:07 --> Config Class Initialized
INFO - 2025-02-04 10:02:07 --> Loader Class Initialized
INFO - 2025-02-04 10:02:07 --> Helper loaded: url_helper
INFO - 2025-02-04 10:02:07 --> Helper loaded: easyui_helper
INFO - 2025-02-04 10:02:07 --> Helper loaded: param_helper
INFO - 2025-02-04 10:02:07 --> Helper loaded: credential_helper
INFO - 2025-02-04 10:02:07 --> Helper loaded: template_helper
INFO - 2025-02-04 10:02:07 --> Helper loaded: rest_helper
INFO - 2025-02-04 10:02:07 --> Database Driver Class Initialized
DEBUG - 2025-02-04 10:02:07 --> Idgenerator class already loaded. Second attempt ignored.
INFO - 2025-02-04 10:02:07 --> Controller Class Initialized
INFO - 2025-02-04 10:02:07 --> Model Class Initialized
DEBUG - 2025-02-04 10:02:07 --> File loaded: /apps/web-drc/application/modules/conf_setup_pjp/models/Setup_pjp_model.php
INFO - 2025-02-04 10:02:07 --> Model Class Initialized
INFO - 2025-02-04 10:02:26 --> Final output sent to browser
DEBUG - 2025-02-04 10:02:26 --> Total execution time: 18.3126
INFO - 2025-02-04 10:02:51 --> Config Class Initialized
INFO - 2025-02-04 10:02:51 --> Hooks Class Initialized
DEBUG - 2025-02-04 10:02:51 --> UTF-8 Support Enabled
INFO - 2025-02-04 10:02:51 --> Utf8 Class Initialized
INFO - 2025-02-04 10:02:51 --> URI Class Initialized
INFO - 2025-02-04 10:02:51 --> Router Class Initialized
INFO - 2025-02-04 10:02:51 --> Output Class Initialized
INFO - 2025-02-04 10:02:51 --> Security Class Initialized
DEBUG - 2025-02-04 10:02:51 --> Global POST, GET and COOKIE data sanitized
INFO - 2025-02-04 10:02:51 --> Input Class Initialized
INFO - 2025-02-04 10:02:51 --> Language Class Initialized
INFO - 2025-02-04 10:02:51 --> Language Class Initialized
INFO - 2025-02-04 10:02:51 --> Config Class Initialized
INFO - 2025-02-04 10:02:51 --> Loader Class Initialized
INFO - 2025-02-04 10:02:51 --> Helper loaded: url_helper
INFO - 2025-02-04 10:02:51 --> Helper loaded: easyui_helper
INFO - 2025-02-04 10:02:51 --> Helper loaded: param_helper
INFO - 2025-02-04 10:02:51 --> Helper loaded: credential_helper
INFO - 2025-02-04 10:02:51 --> Helper loaded: template_helper
INFO - 2025-02-04 10:02:51 --> Helper loaded: rest_helper
INFO - 2025-02-04 10:02:51 --> Database Driver Class Initialized
DEBUG - 2025-02-04 10:02:51 --> Idgenerator class already loaded. Second attempt ignored.
INFO - 2025-02-04 10:02:51 --> Controller Class Initialized
INFO - 2025-02-04 10:02:51 --> Model Class Initialized
DEBUG - 2025-02-04 10:02:51 --> File loaded: /apps/web-drc/application/modules/conf_setup_pjp/models/Setup_pjp_model.php
INFO - 2025-02-04 10:02:51 --> Model Class Initialized
DEBUG - 2025-02-04 10:02:51 --> File loaded: /apps/web-drc/application/modules/conf_setup_pjp/views/form_upload.php
DEBUG - 2025-02-04 10:02:51 --> File loaded: /apps/web-drc/application/views/templates/header.php
DEBUG - 2025-02-04 10:02:51 --> File loaded: /apps/web-drc/application/views/templates/toolbar.php
DEBUG - 2025-02-04 10:02:51 --> File loaded: /apps/web-drc/application/views/templates/sidebar.php
DEBUG - 2025-02-04 10:02:51 --> File loaded: /apps/web-drc/application/views/templates/contents.php
DEBUG - 2025-02-04 10:02:51 --> File loaded: /apps/web-drc/application/views/templates/content_footer.php
DEBUG - 2025-02-04 10:02:51 --> File loaded: /apps/web-drc/application/views/templates/footer.php
DEBUG - 2025-02-04 10:02:51 --> File loaded: /apps/web-drc/application/views/templates/default.php
INFO - 2025-02-04 10:02:51 --> Final output sent to browser
DEBUG - 2025-02-04 10:02:51 --> Total execution time: 0.0122
INFO - 2025-02-04 10:26:32 --> Config Class Initialized
INFO - 2025-02-04 10:26:32 --> Hooks Class Initialized
DEBUG - 2025-02-04 10:26:32 --> UTF-8 Support Enabled
INFO - 2025-02-04 10:26:32 --> Utf8 Class Initialized
INFO - 2025-02-04 10:26:32 --> URI Class Initialized
INFO - 2025-02-04 10:26:32 --> Router Class Initialized
INFO - 2025-02-04 10:26:32 --> Output Class Initialized
INFO - 2025-02-04 10:26:32 --> Security Class Initialized
DEBUG - 2025-02-04 10:26:32 --> Global POST, GET and COOKIE data sanitized
INFO - 2025-02-04 10:26:32 --> Input Class Initialized
INFO - 2025-02-04 10:26:32 --> Language Class Initialized
INFO - 2025-02-04 10:26:32 --> Language Class Initialized
INFO - 2025-02-04 10:26:32 --> Config Class Initialized
INFO - 2025-02-04 10:26:32 --> Loader Class Initialized
INFO - 2025-02-04 10:26:32 --> Helper loaded: url_helper
INFO - 2025-02-04 10:26:32 --> Helper loaded: easyui_helper
INFO - 2025-02-04 10:26:32 --> Helper loaded: param_helper
INFO - 2025-02-04 10:26:32 --> Helper loaded: credential_helper
INFO - 2025-02-04 10:26:32 --> Helper loaded: template_helper
INFO - 2025-02-04 10:26:32 --> Helper loaded: rest_helper
INFO - 2025-02-04 10:26:32 --> Database Driver Class Initialized
DEBUG - 2025-02-04 10:26:32 --> Idgenerator class already loaded. Second attempt ignored.
INFO - 2025-02-04 10:26:32 --> Controller Class Initialized
INFO - 2025-02-04 10:26:32 --> Model Class Initialized
DEBUG - 2025-02-04 10:26:32 --> File loaded: /apps/web-drc/application/modules/app_dashboard/models/App_dashboard_model.php
INFO - 2025-02-04 10:26:32 --> Model Class Initialized
DEBUG - 2025-02-04 10:26:32 --> File loaded: /apps/web-drc/application/modules/app_dashboard/views/content.php
DEBUG - 2025-02-04 10:26:32 --> File loaded: /apps/web-drc/application/views/templates/header.php
DEBUG - 2025-02-04 10:26:32 --> File loaded: /apps/web-drc/application/views/templates/toolbar.php
DEBUG - 2025-02-04 10:26:32 --> File loaded: /apps/web-drc/application/views/templates/sidebar.php
DEBUG - 2025-02-04 10:26:32 --> File loaded: /apps/web-drc/application/views/templates/contents.php
DEBUG - 2025-02-04 10:26:32 --> File loaded: /apps/web-drc/application/views/templates/content_footer.php
DEBUG - 2025-02-04 10:26:32 --> File loaded: /apps/web-drc/application/views/templates/footer.php
DEBUG - 2025-02-04 10:26:32 --> File loaded: /apps/web-drc/application/views/templates/default.php
INFO - 2025-02-04 10:26:32 --> Final output sent to browser
DEBUG - 2025-02-04 10:26:32 --> Total execution time: 0.0062
INFO - 2025-02-04 10:26:32 --> Config Class Initialized
INFO - 2025-02-04 10:26:32 --> Hooks Class Initialized
DEBUG - 2025-02-04 10:26:32 --> UTF-8 Support Enabled
INFO - 2025-02-04 10:26:32 --> Utf8 Class Initialized
INFO - 2025-02-04 10:26:32 --> URI Class Initialized
INFO - 2025-02-04 10:26:32 --> Router Class Initialized
INFO - 2025-02-04 10:26:32 --> Output Class Initialized
INFO - 2025-02-04 10:26:32 --> Security Class Initialized
DEBUG - 2025-02-04 10:26:32 --> Global POST, GET and COOKIE data sanitized
INFO - 2025-02-04 10:26:32 --> Input Class Initialized
INFO - 2025-02-04 10:26:32 --> Language Class Initialized
INFO - 2025-02-04 10:26:32 --> Language Class Initialized
INFO - 2025-02-04 10:26:32 --> Config Class Initialized
INFO - 2025-02-04 10:26:32 --> Loader Class Initialized
INFO - 2025-02-04 10:26:32 --> Helper loaded: url_helper
INFO - 2025-02-04 10:26:32 --> Helper loaded: easyui_helper
INFO - 2025-02-04 10:26:32 --> Helper loaded: param_helper
INFO - 2025-02-04 10:26:32 --> Helper loaded: credential_helper
INFO - 2025-02-04 10:26:32 --> Helper loaded: template_helper
INFO - 2025-02-04 10:26:32 --> Helper loaded: rest_helper
INFO - 2025-02-04 10:26:32 --> Database Driver Class Initialized
DEBUG - 2025-02-04 10:26:32 --> Idgenerator class already loaded. Second attempt ignored.
INFO - 2025-02-04 10:26:32 --> Controller Class Initialized
INFO - 2025-02-04 10:26:32 --> Model Class Initialized
DEBUG - 2025-02-04 10:26:32 --> File loaded: /apps/web-drc/application/modules/app_dashboard/models/App_dashboard_model.php
INFO - 2025-02-04 10:26:32 --> Model Class Initialized
INFO - 2025-02-04 10:26:32 --> Final output sent to browser
DEBUG - 2025-02-04 10:26:32 --> Total execution time: 0.0050
INFO - 2025-02-04 10:26:32 --> Config Class Initialized
INFO - 2025-02-04 10:26:32 --> Hooks Class Initialized
DEBUG - 2025-02-04 10:26:32 --> UTF-8 Support Enabled
INFO - 2025-02-04 10:26:32 --> Utf8 Class Initialized
INFO - 2025-02-04 10:26:32 --> URI Class Initialized
INFO - 2025-02-04 10:26:32 --> Router Class Initialized
INFO - 2025-02-04 10:26:32 --> Output Class Initialized
INFO - 2025-02-04 10:26:32 --> Security Class Initialized
DEBUG - 2025-02-04 10:26:32 --> Global POST, GET and COOKIE data sanitized
INFO - 2025-02-04 10:26:32 --> Input Class Initialized
INFO - 2025-02-04 10:26:32 --> Language Class Initialized
INFO - 2025-02-04 10:26:32 --> Language Class Initialized
INFO - 2025-02-04 10:26:32 --> Config Class Initialized
INFO - 2025-02-04 10:26:32 --> Loader Class Initialized
INFO - 2025-02-04 10:26:32 --> Helper loaded: url_helper
INFO - 2025-02-04 10:26:32 --> Helper loaded: easyui_helper
INFO - 2025-02-04 10:26:32 --> Helper loaded: param_helper
INFO - 2025-02-04 10:26:32 --> Helper loaded: credential_helper
INFO - 2025-02-04 10:26:32 --> Helper loaded: template_helper
INFO - 2025-02-04 10:26:32 --> Helper loaded: rest_helper
INFO - 2025-02-04 10:26:32 --> Database Driver Class Initialized
DEBUG - 2025-02-04 10:26:32 --> Idgenerator class already loaded. Second attempt ignored.
INFO - 2025-02-04 10:26:32 --> Controller Class Initialized
INFO - 2025-02-04 10:26:32 --> Model Class Initialized
DEBUG - 2025-02-04 10:26:32 --> File loaded: /apps/web-drc/application/modules/api_v1/models/Api_v1_model.php
INFO - 2025-02-04 10:26:32 --> Model Class Initialized
INFO - 2025-02-04 10:26:32 --> Final output sent to browser
DEBUG - 2025-02-04 10:26:32 --> Total execution time: 0.0027
INFO - 2025-02-04 10:26:42 --> Config Class Initialized
INFO - 2025-02-04 10:26:42 --> Hooks Class Initialized
DEBUG - 2025-02-04 10:26:42 --> UTF-8 Support Enabled
INFO - 2025-02-04 10:26:42 --> Utf8 Class Initialized
INFO - 2025-02-04 10:26:42 --> URI Class Initialized
INFO - 2025-02-04 10:26:42 --> Router Class Initialized
INFO - 2025-02-04 10:26:42 --> Output Class Initialized
INFO - 2025-02-04 10:26:42 --> Security Class Initialized
DEBUG - 2025-02-04 10:26:42 --> Global POST, GET and COOKIE data sanitized
INFO - 2025-02-04 10:26:42 --> Input Class Initialized
INFO - 2025-02-04 10:26:42 --> Language Class Initialized
INFO - 2025-02-04 10:26:42 --> Language Class Initialized
INFO - 2025-02-04 10:26:42 --> Config Class Initialized
INFO - 2025-02-04 10:26:42 --> Loader Class Initialized
INFO - 2025-02-04 10:26:42 --> Helper loaded: url_helper
INFO - 2025-02-04 10:26:42 --> Helper loaded: easyui_helper
INFO - 2025-02-04 10:26:42 --> Helper loaded: param_helper
INFO - 2025-02-04 10:26:42 --> Helper loaded: credential_helper
INFO - 2025-02-04 10:26:42 --> Helper loaded: template_helper
INFO - 2025-02-04 10:26:42 --> Helper loaded: rest_helper
INFO - 2025-02-04 10:26:42 --> Database Driver Class Initialized
DEBUG - 2025-02-04 10:26:42 --> Idgenerator class already loaded. Second attempt ignored.
INFO - 2025-02-04 10:26:42 --> Controller Class Initialized
INFO - 2025-02-04 10:26:42 --> Model Class Initialized
DEBUG - 2025-02-04 10:26:42 --> File loaded: /apps/web-drc/application/modules/app_dashboard/models/App_dashboard_model.php
INFO - 2025-02-04 10:26:42 --> Model Class Initialized
INFO - 2025-02-04 10:26:42 --> Final output sent to browser
DEBUG - 2025-02-04 10:26:42 --> Total execution time: 0.0057
INFO - 2025-02-04 10:26:54 --> Config Class Initialized
INFO - 2025-02-04 10:26:54 --> Hooks Class Initialized
DEBUG - 2025-02-04 10:26:54 --> UTF-8 Support Enabled
INFO - 2025-02-04 10:26:54 --> Utf8 Class Initialized
INFO - 2025-02-04 10:26:54 --> URI Class Initialized
INFO - 2025-02-04 10:26:54 --> Router Class Initialized
INFO - 2025-02-04 10:26:54 --> Output Class Initialized
INFO - 2025-02-04 10:26:54 --> Security Class Initialized
DEBUG - 2025-02-04 10:26:54 --> Global POST, GET and COOKIE data sanitized
INFO - 2025-02-04 10:26:54 --> Input Class Initialized
INFO - 2025-02-04 10:26:54 --> Language Class Initialized
INFO - 2025-02-04 10:26:54 --> Language Class Initialized
INFO - 2025-02-04 10:26:54 --> Config Class Initialized
INFO - 2025-02-04 10:26:54 --> Loader Class Initialized
INFO - 2025-02-04 10:26:54 --> Helper loaded: url_helper
INFO - 2025-02-04 10:26:54 --> Helper loaded: easyui_helper
INFO - 2025-02-04 10:26:54 --> Helper loaded: param_helper
INFO - 2025-02-04 10:26:54 --> Helper loaded: credential_helper
INFO - 2025-02-04 10:26:54 --> Helper loaded: template_helper
INFO - 2025-02-04 10:26:54 --> Helper loaded: rest_helper
INFO - 2025-02-04 10:26:54 --> Database Driver Class Initialized
DEBUG - 2025-02-04 10:26:54 --> Idgenerator class already loaded. Second attempt ignored.
INFO - 2025-02-04 10:26:54 --> Controller Class Initialized
INFO - 2025-02-04 10:26:54 --> Model Class Initialized
DEBUG - 2025-02-04 10:26:54 --> File loaded: /apps/web-drc/application/modules/app_dashboard/models/App_dashboard_model.php
INFO - 2025-02-04 10:26:54 --> Model Class Initialized
INFO - 2025-02-04 10:26:55 --> Final output sent to browser
DEBUG - 2025-02-04 10:26:55 --> Total execution time: 0.1856
INFO - 2025-02-04 10:27:09 --> Config Class Initialized
INFO - 2025-02-04 10:27:09 --> Hooks Class Initialized
DEBUG - 2025-02-04 10:27:09 --> UTF-8 Support Enabled
INFO - 2025-02-04 10:27:09 --> Utf8 Class Initialized
INFO - 2025-02-04 10:27:09 --> URI Class Initialized
INFO - 2025-02-04 10:27:09 --> Router Class Initialized
INFO - 2025-02-04 10:27:09 --> Output Class Initialized
INFO - 2025-02-04 10:27:09 --> Security Class Initialized
DEBUG - 2025-02-04 10:27:09 --> Global POST, GET and COOKIE data sanitized
INFO - 2025-02-04 10:27:09 --> Input Class Initialized
INFO - 2025-02-04 10:27:09 --> Language Class Initialized
INFO - 2025-02-04 10:27:09 --> Language Class Initialized
INFO - 2025-02-04 10:27:09 --> Config Class Initialized
INFO - 2025-02-04 10:27:09 --> Loader Class Initialized
INFO - 2025-02-04 10:27:09 --> Helper loaded: url_helper
INFO - 2025-02-04 10:27:09 --> Helper loaded: easyui_helper
INFO - 2025-02-04 10:27:09 --> Helper loaded: param_helper
INFO - 2025-02-04 10:27:09 --> Helper loaded: credential_helper
INFO - 2025-02-04 10:27:09 --> Helper loaded: template_helper
INFO - 2025-02-04 10:27:09 --> Helper loaded: rest_helper
INFO - 2025-02-04 10:27:09 --> Database Driver Class Initialized
DEBUG - 2025-02-04 10:27:09 --> Idgenerator class already loaded. Second attempt ignored.
INFO - 2025-02-04 10:27:09 --> Controller Class Initialized
INFO - 2025-02-04 10:27:09 --> Model Class Initialized
DEBUG - 2025-02-04 10:27:09 --> File loaded: /apps/web-drc/application/modules/app_dashboard/models/App_dashboard_model.php
INFO - 2025-02-04 10:27:09 --> Model Class Initialized
INFO - 2025-02-04 10:27:09 --> Final output sent to browser
DEBUG - 2025-02-04 10:27:09 --> Total execution time: 0.7803
INFO - 2025-02-04 10:29:25 --> Config Class Initialized
INFO - 2025-02-04 10:29:25 --> Hooks Class Initialized
DEBUG - 2025-02-04 10:29:25 --> UTF-8 Support Enabled
INFO - 2025-02-04 10:29:25 --> Utf8 Class Initialized
INFO - 2025-02-04 10:29:25 --> URI Class Initialized
INFO - 2025-02-04 10:29:25 --> Router Class Initialized
INFO - 2025-02-04 10:29:25 --> Output Class Initialized
INFO - 2025-02-04 10:29:25 --> Security Class Initialized
DEBUG - 2025-02-04 10:29:25 --> Global POST, GET and COOKIE data sanitized
INFO - 2025-02-04 10:29:25 --> Input Class Initialized
INFO - 2025-02-04 10:29:25 --> Language Class Initialized
INFO - 2025-02-04 10:29:25 --> Language Class Initialized
INFO - 2025-02-04 10:29:25 --> Config Class Initialized
INFO - 2025-02-04 10:29:25 --> Loader Class Initialized
INFO - 2025-02-04 10:29:25 --> Helper loaded: url_helper
INFO - 2025-02-04 10:29:25 --> Helper loaded: easyui_helper
INFO - 2025-02-04 10:29:25 --> Helper loaded: param_helper
INFO - 2025-02-04 10:29:25 --> Helper loaded: credential_helper
INFO - 2025-02-04 10:29:25 --> Helper loaded: template_helper
INFO - 2025-02-04 10:29:25 --> Helper loaded: rest_helper
INFO - 2025-02-04 10:29:25 --> Database Driver Class Initialized
DEBUG - 2025-02-04 10:29:25 --> Idgenerator class already loaded. Second attempt ignored.
INFO - 2025-02-04 10:29:25 --> Controller Class Initialized
INFO - 2025-02-04 10:29:25 --> Model Class Initialized
DEBUG - 2025-02-04 10:29:25 --> File loaded: /apps/web-drc/application/modules/app_dashboard/models/App_dashboard_model.php
INFO - 2025-02-04 10:29:25 --> Model Class Initialized
INFO - 2025-02-04 10:29:25 --> Final output sent to browser
DEBUG - 2025-02-04 10:29:25 --> Total execution time: 0.0058
INFO - 2025-02-04 10:29:49 --> Config Class Initialized
INFO - 2025-02-04 10:29:49 --> Hooks Class Initialized
DEBUG - 2025-02-04 10:29:49 --> UTF-8 Support Enabled
INFO - 2025-02-04 10:29:49 --> Utf8 Class Initialized
INFO - 2025-02-04 10:29:49 --> URI Class Initialized
INFO - 2025-02-04 10:29:49 --> Router Class Initialized
INFO - 2025-02-04 10:29:49 --> Output Class Initialized
INFO - 2025-02-04 10:29:49 --> Security Class Initialized
DEBUG - 2025-02-04 10:29:49 --> Global POST, GET and COOKIE data sanitized
INFO - 2025-02-04 10:29:49 --> Input Class Initialized
INFO - 2025-02-04 10:29:49 --> Language Class Initialized
INFO - 2025-02-04 10:29:49 --> Language Class Initialized
INFO - 2025-02-04 10:29:49 --> Config Class Initialized
INFO - 2025-02-04 10:29:49 --> Loader Class Initialized
INFO - 2025-02-04 10:29:49 --> Helper loaded: url_helper
INFO - 2025-02-04 10:29:49 --> Helper loaded: easyui_helper
INFO - 2025-02-04 10:29:49 --> Helper loaded: param_helper
INFO - 2025-02-04 10:29:49 --> Helper loaded: credential_helper
INFO - 2025-02-04 10:29:49 --> Helper loaded: template_helper
INFO - 2025-02-04 10:29:49 --> Helper loaded: rest_helper
INFO - 2025-02-04 10:29:49 --> Database Driver Class Initialized
DEBUG - 2025-02-04 10:29:49 --> Idgenerator class already loaded. Second attempt ignored.
INFO - 2025-02-04 10:29:49 --> Controller Class Initialized
INFO - 2025-02-04 10:29:49 --> Model Class Initialized
DEBUG - 2025-02-04 10:29:49 --> File loaded: /apps/web-drc/application/modules/app_dashboard/models/App_dashboard_model.php
INFO - 2025-02-04 10:29:49 --> Model Class Initialized
INFO - 2025-02-04 10:29:49 --> Final output sent to browser
DEBUG - 2025-02-04 10:29:49 --> Total execution time: 0.1046
INFO - 2025-02-04 10:30:33 --> Config Class Initialized
INFO - 2025-02-04 10:30:33 --> Hooks Class Initialized
DEBUG - 2025-02-04 10:30:33 --> UTF-8 Support Enabled
INFO - 2025-02-04 10:30:33 --> Utf8 Class Initialized
INFO - 2025-02-04 10:30:33 --> URI Class Initialized
INFO - 2025-02-04 10:30:33 --> Router Class Initialized
INFO - 2025-02-04 10:30:33 --> Output Class Initialized
INFO - 2025-02-04 10:30:33 --> Security Class Initialized
DEBUG - 2025-02-04 10:30:33 --> Global POST, GET and COOKIE data sanitized
INFO - 2025-02-04 10:30:33 --> Input Class Initialized
INFO - 2025-02-04 10:30:33 --> Language Class Initialized
INFO - 2025-02-04 10:30:33 --> Language Class Initialized
INFO - 2025-02-04 10:30:33 --> Config Class Initialized
INFO - 2025-02-04 10:30:33 --> Loader Class Initialized
INFO - 2025-02-04 10:30:33 --> Helper loaded: url_helper
INFO - 2025-02-04 10:30:33 --> Helper loaded: easyui_helper
INFO - 2025-02-04 10:30:33 --> Helper loaded: param_helper
INFO - 2025-02-04 10:30:33 --> Helper loaded: credential_helper
INFO - 2025-02-04 10:30:33 --> Helper loaded: template_helper
INFO - 2025-02-04 10:30:33 --> Helper loaded: rest_helper
INFO - 2025-02-04 10:30:33 --> Database Driver Class Initialized
DEBUG - 2025-02-04 10:30:33 --> Idgenerator class already loaded. Second attempt ignored.
INFO - 2025-02-04 10:30:33 --> Controller Class Initialized
INFO - 2025-02-04 10:30:33 --> Model Class Initialized
DEBUG - 2025-02-04 10:30:33 --> File loaded: /apps/web-drc/application/modules/drc_dashboard/models/Drc_dashboard_model.php
INFO - 2025-02-04 10:30:33 --> Model Class Initialized
DEBUG - 2025-02-04 10:30:33 --> File loaded: /apps/web-drc/application/modules/drc_dashboard/views/form.php
DEBUG - 2025-02-04 10:30:33 --> File loaded: /apps/web-drc/application/views/templates/header.php
DEBUG - 2025-02-04 10:30:33 --> File loaded: /apps/web-drc/application/views/templates/toolbar.php
DEBUG - 2025-02-04 10:30:33 --> File loaded: /apps/web-drc/application/views/templates/sidebar.php
DEBUG - 2025-02-04 10:30:33 --> File loaded: /apps/web-drc/application/views/templates/contents.php
DEBUG - 2025-02-04 10:30:33 --> File loaded: /apps/web-drc/application/views/templates/content_footer.php
DEBUG - 2025-02-04 10:30:33 --> File loaded: /apps/web-drc/application/views/templates/footer.php
DEBUG - 2025-02-04 10:30:33 --> File loaded: /apps/web-drc/application/views/templates/default.php
INFO - 2025-02-04 10:30:33 --> Final output sent to browser
DEBUG - 2025-02-04 10:30:33 --> Total execution time: 0.0650
INFO - 2025-02-04 10:30:49 --> Config Class Initialized
INFO - 2025-02-04 10:30:49 --> Hooks Class Initialized
DEBUG - 2025-02-04 10:30:49 --> UTF-8 Support Enabled
INFO - 2025-02-04 10:30:49 --> Utf8 Class Initialized
INFO - 2025-02-04 10:30:49 --> URI Class Initialized
INFO - 2025-02-04 10:30:49 --> Router Class Initialized
INFO - 2025-02-04 10:30:49 --> Output Class Initialized
INFO - 2025-02-04 10:30:49 --> Security Class Initialized
DEBUG - 2025-02-04 10:30:49 --> Global POST, GET and COOKIE data sanitized
INFO - 2025-02-04 10:30:49 --> Input Class Initialized
INFO - 2025-02-04 10:30:49 --> Language Class Initialized
INFO - 2025-02-04 10:30:49 --> Language Class Initialized
INFO - 2025-02-04 10:30:49 --> Config Class Initialized
INFO - 2025-02-04 10:30:49 --> Loader Class Initialized
INFO - 2025-02-04 10:30:49 --> Helper loaded: url_helper
INFO - 2025-02-04 10:30:49 --> Helper loaded: easyui_helper
INFO - 2025-02-04 10:30:49 --> Helper loaded: param_helper
INFO - 2025-02-04 10:30:49 --> Helper loaded: credential_helper
INFO - 2025-02-04 10:30:49 --> Helper loaded: template_helper
INFO - 2025-02-04 10:30:49 --> Helper loaded: rest_helper
INFO - 2025-02-04 10:30:49 --> Database Driver Class Initialized
DEBUG - 2025-02-04 10:30:49 --> Idgenerator class already loaded. Second attempt ignored.
INFO - 2025-02-04 10:30:49 --> Controller Class Initialized
INFO - 2025-02-04 10:30:49 --> Model Class Initialized
DEBUG - 2025-02-04 10:30:49 --> File loaded: /apps/web-drc/application/modules/drc_dashboard/models/Drc_dashboard_model.php
INFO - 2025-02-04 10:30:49 --> Model Class Initialized
INFO - 2025-02-04 10:30:50 --> Final output sent to browser
DEBUG - 2025-02-04 10:30:50 --> Total execution time: 0.4494
INFO - 2025-02-04 10:30:54 --> Config Class Initialized
INFO - 2025-02-04 10:30:54 --> Hooks Class Initialized
DEBUG - 2025-02-04 10:30:54 --> UTF-8 Support Enabled
INFO - 2025-02-04 10:30:54 --> Utf8 Class Initialized
INFO - 2025-02-04 10:30:54 --> URI Class Initialized
INFO - 2025-02-04 10:30:54 --> Router Class Initialized
INFO - 2025-02-04 10:30:54 --> Output Class Initialized
INFO - 2025-02-04 10:30:54 --> Security Class Initialized
DEBUG - 2025-02-04 10:30:54 --> Global POST, GET and COOKIE data sanitized
INFO - 2025-02-04 10:30:54 --> Input Class Initialized
INFO - 2025-02-04 10:30:54 --> Language Class Initialized
INFO - 2025-02-04 10:30:54 --> Language Class Initialized
INFO - 2025-02-04 10:30:54 --> Config Class Initialized
INFO - 2025-02-04 10:30:54 --> Loader Class Initialized
INFO - 2025-02-04 10:30:54 --> Helper loaded: url_helper
INFO - 2025-02-04 10:30:54 --> Helper loaded: easyui_helper
INFO - 2025-02-04 10:30:54 --> Helper loaded: param_helper
INFO - 2025-02-04 10:30:54 --> Helper loaded: credential_helper
INFO - 2025-02-04 10:30:54 --> Helper loaded: template_helper
INFO - 2025-02-04 10:30:54 --> Helper loaded: rest_helper
INFO - 2025-02-04 10:30:54 --> Database Driver Class Initialized
DEBUG - 2025-02-04 10:30:54 --> Idgenerator class already loaded. Second attempt ignored.
INFO - 2025-02-04 10:30:54 --> Controller Class Initialized
INFO - 2025-02-04 10:30:54 --> Model Class Initialized
DEBUG - 2025-02-04 10:30:54 --> File loaded: /apps/web-drc/application/modules/drc_dashboard/models/Drc_dashboard_model.php
INFO - 2025-02-04 10:30:54 --> Model Class Initialized
INFO - 2025-02-04 10:30:54 --> Final output sent to browser
DEBUG - 2025-02-04 10:30:54 --> Total execution time: 0.0866
INFO - 2025-02-04 10:31:37 --> Config Class Initialized
INFO - 2025-02-04 10:31:37 --> Hooks Class Initialized
DEBUG - 2025-02-04 10:31:37 --> UTF-8 Support Enabled
INFO - 2025-02-04 10:31:37 --> Utf8 Class Initialized
INFO - 2025-02-04 10:31:37 --> URI Class Initialized
INFO - 2025-02-04 10:31:37 --> Router Class Initialized
INFO - 2025-02-04 10:31:37 --> Output Class Initialized
INFO - 2025-02-04 10:31:37 --> Security Class Initialized
DEBUG - 2025-02-04 10:31:37 --> Global POST, GET and COOKIE data sanitized
INFO - 2025-02-04 10:31:37 --> Input Class Initialized
INFO - 2025-02-04 10:31:37 --> Language Class Initialized
INFO - 2025-02-04 10:31:37 --> Language Class Initialized
INFO - 2025-02-04 10:31:37 --> Config Class Initialized
INFO - 2025-02-04 10:31:37 --> Loader Class Initialized
INFO - 2025-02-04 10:31:37 --> Helper loaded: url_helper
INFO - 2025-02-04 10:31:37 --> Helper loaded: easyui_helper
INFO - 2025-02-04 10:31:37 --> Helper loaded: param_helper
INFO - 2025-02-04 10:31:37 --> Helper loaded: credential_helper
INFO - 2025-02-04 10:31:37 --> Helper loaded: template_helper
INFO - 2025-02-04 10:31:37 --> Helper loaded: rest_helper
INFO - 2025-02-04 10:31:37 --> Database Driver Class Initialized
DEBUG - 2025-02-04 10:31:37 --> Idgenerator class already loaded. Second attempt ignored.
INFO - 2025-02-04 10:31:37 --> Controller Class Initialized
INFO - 2025-02-04 10:31:37 --> Model Class Initialized
DEBUG - 2025-02-04 10:31:37 --> File loaded: /apps/web-drc/application/modules/drc_dashboard/models/Drc_dashboard_model.php
INFO - 2025-02-04 10:31:37 --> Model Class Initialized
INFO - 2025-02-04 10:31:37 --> Final output sent to browser
DEBUG - 2025-02-04 10:31:37 --> Total execution time: 0.3380
INFO - 2025-02-04 10:31:39 --> Config Class Initialized
INFO - 2025-02-04 10:31:39 --> Hooks Class Initialized
DEBUG - 2025-02-04 10:31:39 --> UTF-8 Support Enabled
INFO - 2025-02-04 10:31:39 --> Utf8 Class Initialized
INFO - 2025-02-04 10:31:39 --> URI Class Initialized
INFO - 2025-02-04 10:31:39 --> Router Class Initialized
INFO - 2025-02-04 10:31:39 --> Output Class Initialized
INFO - 2025-02-04 10:31:39 --> Security Class Initialized
DEBUG - 2025-02-04 10:31:39 --> Global POST, GET and COOKIE data sanitized
INFO - 2025-02-04 10:31:39 --> Input Class Initialized
INFO - 2025-02-04 10:31:39 --> Language Class Initialized
INFO - 2025-02-04 10:31:39 --> Language Class Initialized
INFO - 2025-02-04 10:31:39 --> Config Class Initialized
INFO - 2025-02-04 10:31:39 --> Loader Class Initialized
INFO - 2025-02-04 10:31:39 --> Helper loaded: url_helper
INFO - 2025-02-04 10:31:39 --> Helper loaded: easyui_helper
INFO - 2025-02-04 10:31:39 --> Helper loaded: param_helper
INFO - 2025-02-04 10:31:39 --> Helper loaded: credential_helper
INFO - 2025-02-04 10:31:39 --> Helper loaded: template_helper
INFO - 2025-02-04 10:31:39 --> Helper loaded: rest_helper
INFO - 2025-02-04 10:31:39 --> Database Driver Class Initialized
DEBUG - 2025-02-04 10:31:39 --> Idgenerator class already loaded. Second attempt ignored.
INFO - 2025-02-04 10:31:39 --> Controller Class Initialized
INFO - 2025-02-04 10:31:39 --> Model Class Initialized
DEBUG - 2025-02-04 10:31:39 --> File loaded: /apps/web-drc/application/modules/drc_dashboard/models/Drc_dashboard_model.php
INFO - 2025-02-04 10:31:39 --> Model Class Initialized
INFO - 2025-02-04 10:31:40 --> Final output sent to browser
DEBUG - 2025-02-04 10:31:40 --> Total execution time: 0.4218
INFO - 2025-02-04 10:31:48 --> Config Class Initialized
INFO - 2025-02-04 10:31:48 --> Hooks Class Initialized
DEBUG - 2025-02-04 10:31:48 --> UTF-8 Support Enabled
INFO - 2025-02-04 10:31:48 --> Utf8 Class Initialized
INFO - 2025-02-04 10:31:48 --> URI Class Initialized
INFO - 2025-02-04 10:31:48 --> Router Class Initialized
INFO - 2025-02-04 10:31:48 --> Output Class Initialized
INFO - 2025-02-04 10:31:48 --> Security Class Initialized
DEBUG - 2025-02-04 10:31:48 --> Global POST, GET and COOKIE data sanitized
INFO - 2025-02-04 10:31:48 --> Input Class Initialized
INFO - 2025-02-04 10:31:48 --> Language Class Initialized
INFO - 2025-02-04 10:31:48 --> Language Class Initialized
INFO - 2025-02-04 10:31:48 --> Config Class Initialized
INFO - 2025-02-04 10:31:48 --> Loader Class Initialized
INFO - 2025-02-04 10:31:48 --> Helper loaded: url_helper
INFO - 2025-02-04 10:31:48 --> Helper loaded: easyui_helper
INFO - 2025-02-04 10:31:48 --> Helper loaded: param_helper
INFO - 2025-02-04 10:31:48 --> Helper loaded: credential_helper
INFO - 2025-02-04 10:31:48 --> Helper loaded: template_helper
INFO - 2025-02-04 10:31:48 --> Helper loaded: rest_helper
INFO - 2025-02-04 10:31:48 --> Database Driver Class Initialized
DEBUG - 2025-02-04 10:31:48 --> Idgenerator class already loaded. Second attempt ignored.
INFO - 2025-02-04 10:31:48 --> Controller Class Initialized
INFO - 2025-02-04 10:31:48 --> Model Class Initialized
DEBUG - 2025-02-04 10:31:48 --> File loaded: /apps/web-drc/application/modules/drc_dashboard/models/Drc_dashboard_model.php
INFO - 2025-02-04 10:31:48 --> Model Class Initialized
INFO - 2025-02-04 10:31:48 --> Final output sent to browser
DEBUG - 2025-02-04 10:31:48 --> Total execution time: 0.0326
INFO - 2025-02-04 10:31:50 --> Config Class Initialized
INFO - 2025-02-04 10:31:50 --> Hooks Class Initialized
DEBUG - 2025-02-04 10:31:50 --> UTF-8 Support Enabled
INFO - 2025-02-04 10:31:50 --> Utf8 Class Initialized
INFO - 2025-02-04 10:31:50 --> URI Class Initialized
INFO - 2025-02-04 10:31:50 --> Router Class Initialized
INFO - 2025-02-04 10:31:50 --> Output Class Initialized
INFO - 2025-02-04 10:31:50 --> Security Class Initialized
DEBUG - 2025-02-04 10:31:50 --> Global POST, GET and COOKIE data sanitized
INFO - 2025-02-04 10:31:50 --> Input Class Initialized
INFO - 2025-02-04 10:31:50 --> Language Class Initialized
INFO - 2025-02-04 10:31:50 --> Language Class Initialized
INFO - 2025-02-04 10:31:50 --> Config Class Initialized
INFO - 2025-02-04 10:31:50 --> Loader Class Initialized
INFO - 2025-02-04 10:31:50 --> Helper loaded: url_helper
INFO - 2025-02-04 10:31:50 --> Helper loaded: easyui_helper
INFO - 2025-02-04 10:31:50 --> Helper loaded: param_helper
INFO - 2025-02-04 10:31:50 --> Helper loaded: credential_helper
INFO - 2025-02-04 10:31:50 --> Helper loaded: template_helper
INFO - 2025-02-04 10:31:50 --> Helper loaded: rest_helper
INFO - 2025-02-04 10:31:50 --> Database Driver Class Initialized
DEBUG - 2025-02-04 10:31:50 --> Idgenerator class already loaded. Second attempt ignored.
INFO - 2025-02-04 10:31:50 --> Controller Class Initialized
INFO - 2025-02-04 10:31:50 --> Model Class Initialized
DEBUG - 2025-02-04 10:31:50 --> File loaded: /apps/web-drc/application/modules/drc_dashboard/models/Drc_dashboard_model.php
INFO - 2025-02-04 10:31:50 --> Model Class Initialized
INFO - 2025-02-04 10:31:50 --> Final output sent to browser
DEBUG - 2025-02-04 10:31:50 --> Total execution time: 0.0189
INFO - 2025-02-04 10:31:53 --> Config Class Initialized
INFO - 2025-02-04 10:31:53 --> Hooks Class Initialized
DEBUG - 2025-02-04 10:31:53 --> UTF-8 Support Enabled
INFO - 2025-02-04 10:31:53 --> Utf8 Class Initialized
INFO - 2025-02-04 10:31:53 --> URI Class Initialized
INFO - 2025-02-04 10:31:53 --> Router Class Initialized
INFO - 2025-02-04 10:31:53 --> Output Class Initialized
INFO - 2025-02-04 10:31:53 --> Security Class Initialized
DEBUG - 2025-02-04 10:31:53 --> Global POST, GET and COOKIE data sanitized
INFO - 2025-02-04 10:31:53 --> Input Class Initialized
INFO - 2025-02-04 10:31:53 --> Language Class Initialized
INFO - 2025-02-04 10:31:53 --> Language Class Initialized
INFO - 2025-02-04 10:31:53 --> Config Class Initialized
INFO - 2025-02-04 10:31:53 --> Loader Class Initialized
INFO - 2025-02-04 10:31:53 --> Helper loaded: url_helper
INFO - 2025-02-04 10:31:53 --> Helper loaded: easyui_helper
INFO - 2025-02-04 10:31:53 --> Helper loaded: param_helper
INFO - 2025-02-04 10:31:53 --> Helper loaded: credential_helper
INFO - 2025-02-04 10:31:53 --> Helper loaded: template_helper
INFO - 2025-02-04 10:31:53 --> Helper loaded: rest_helper
INFO - 2025-02-04 10:31:53 --> Database Driver Class Initialized
DEBUG - 2025-02-04 10:31:53 --> Idgenerator class already loaded. Second attempt ignored.
INFO - 2025-02-04 10:31:53 --> Controller Class Initialized
INFO - 2025-02-04 10:31:53 --> Model Class Initialized
DEBUG - 2025-02-04 10:31:53 --> File loaded: /apps/web-drc/application/modules/drc_dashboard/models/Drc_dashboard_model.php
INFO - 2025-02-04 10:31:53 --> Model Class Initialized
INFO - 2025-02-04 10:31:54 --> Final output sent to browser
DEBUG - 2025-02-04 10:31:54 --> Total execution time: 0.0182
INFO - 2025-02-04 10:32:05 --> Config Class Initialized
INFO - 2025-02-04 10:32:05 --> Hooks Class Initialized
DEBUG - 2025-02-04 10:32:05 --> UTF-8 Support Enabled
INFO - 2025-02-04 10:32:05 --> Utf8 Class Initialized
INFO - 2025-02-04 10:32:05 --> URI Class Initialized
INFO - 2025-02-04 10:32:05 --> Router Class Initialized
INFO - 2025-02-04 10:32:05 --> Output Class Initialized
INFO - 2025-02-04 10:32:05 --> Security Class Initialized
DEBUG - 2025-02-04 10:32:05 --> Global POST, GET and COOKIE data sanitized
INFO - 2025-02-04 10:32:05 --> Input Class Initialized
INFO - 2025-02-04 10:32:05 --> Language Class Initialized
INFO - 2025-02-04 10:32:05 --> Language Class Initialized
INFO - 2025-02-04 10:32:05 --> Config Class Initialized
INFO - 2025-02-04 10:32:05 --> Loader Class Initialized
INFO - 2025-02-04 10:32:05 --> Helper loaded: url_helper
INFO - 2025-02-04 10:32:05 --> Helper loaded: easyui_helper
INFO - 2025-02-04 10:32:05 --> Helper loaded: param_helper
INFO - 2025-02-04 10:32:05 --> Helper loaded: credential_helper
INFO - 2025-02-04 10:32:05 --> Helper loaded: template_helper
INFO - 2025-02-04 10:32:05 --> Helper loaded: rest_helper
INFO - 2025-02-04 10:32:05 --> Database Driver Class Initialized
DEBUG - 2025-02-04 10:32:05 --> Idgenerator class already loaded. Second attempt ignored.
INFO - 2025-02-04 10:32:05 --> Controller Class Initialized
INFO - 2025-02-04 10:32:05 --> Model Class Initialized
DEBUG - 2025-02-04 10:32:05 --> File loaded: /apps/web-drc/application/modules/drc_dashboard/models/Drc_dashboard_model.php
INFO - 2025-02-04 10:32:05 --> Model Class Initialized
INFO - 2025-02-04 10:32:05 --> Final output sent to browser
DEBUG - 2025-02-04 10:32:05 --> Total execution time: 0.0588
INFO - 2025-02-04 10:33:16 --> Config Class Initialized
INFO - 2025-02-04 10:33:16 --> Hooks Class Initialized
DEBUG - 2025-02-04 10:33:16 --> UTF-8 Support Enabled
INFO - 2025-02-04 10:33:16 --> Utf8 Class Initialized
INFO - 2025-02-04 10:33:16 --> URI Class Initialized
INFO - 2025-02-04 10:33:16 --> Router Class Initialized
INFO - 2025-02-04 10:33:16 --> Output Class Initialized
INFO - 2025-02-04 10:33:16 --> Security Class Initialized
DEBUG - 2025-02-04 10:33:16 --> Global POST, GET and COOKIE data sanitized
INFO - 2025-02-04 10:33:16 --> Input Class Initialized
INFO - 2025-02-04 10:33:16 --> Language Class Initialized
INFO - 2025-02-04 10:33:16 --> Language Class Initialized
INFO - 2025-02-04 10:33:16 --> Config Class Initialized
INFO - 2025-02-04 10:33:16 --> Loader Class Initialized
INFO - 2025-02-04 10:33:16 --> Helper loaded: url_helper
INFO - 2025-02-04 10:33:16 --> Helper loaded: easyui_helper
INFO - 2025-02-04 10:33:16 --> Helper loaded: param_helper
INFO - 2025-02-04 10:33:16 --> Helper loaded: credential_helper
INFO - 2025-02-04 10:33:16 --> Helper loaded: template_helper
INFO - 2025-02-04 10:33:16 --> Helper loaded: rest_helper
INFO - 2025-02-04 10:33:16 --> Database Driver Class Initialized
DEBUG - 2025-02-04 10:33:16 --> Idgenerator class already loaded. Second attempt ignored.
INFO - 2025-02-04 10:33:16 --> Controller Class Initialized
INFO - 2025-02-04 10:33:16 --> Model Class Initialized
DEBUG - 2025-02-04 10:33:16 --> File loaded: /apps/web-drc/application/modules/drc_dashboard/models/Drc_dashboard_model.php
INFO - 2025-02-04 10:33:16 --> Model Class Initialized
INFO - 2025-02-04 10:33:17 --> Final output sent to browser
DEBUG - 2025-02-04 10:33:17 --> Total execution time: 0.3171
INFO - 2025-02-04 10:33:19 --> Config Class Initialized
INFO - 2025-02-04 10:33:19 --> Hooks Class Initialized
DEBUG - 2025-02-04 10:33:19 --> UTF-8 Support Enabled
INFO - 2025-02-04 10:33:19 --> Utf8 Class Initialized
INFO - 2025-02-04 10:33:19 --> URI Class Initialized
INFO - 2025-02-04 10:33:19 --> Router Class Initialized
INFO - 2025-02-04 10:33:19 --> Output Class Initialized
INFO - 2025-02-04 10:33:19 --> Security Class Initialized
DEBUG - 2025-02-04 10:33:19 --> Global POST, GET and COOKIE data sanitized
INFO - 2025-02-04 10:33:19 --> Input Class Initialized
INFO - 2025-02-04 10:33:19 --> Language Class Initialized
INFO - 2025-02-04 10:33:19 --> Language Class Initialized
INFO - 2025-02-04 10:33:19 --> Config Class Initialized
INFO - 2025-02-04 10:33:19 --> Loader Class Initialized
INFO - 2025-02-04 10:33:19 --> Helper loaded: url_helper
INFO - 2025-02-04 10:33:19 --> Helper loaded: easyui_helper
INFO - 2025-02-04 10:33:19 --> Helper loaded: param_helper
INFO - 2025-02-04 10:33:19 --> Helper loaded: credential_helper
INFO - 2025-02-04 10:33:19 --> Helper loaded: template_helper
INFO - 2025-02-04 10:33:19 --> Helper loaded: rest_helper
INFO - 2025-02-04 10:33:19 --> Database Driver Class Initialized
DEBUG - 2025-02-04 10:33:19 --> Idgenerator class already loaded. Second attempt ignored.
INFO - 2025-02-04 10:33:19 --> Controller Class Initialized
INFO - 2025-02-04 10:33:19 --> Model Class Initialized
DEBUG - 2025-02-04 10:33:19 --> File loaded: /apps/web-drc/application/modules/drc_dashboard/models/Drc_dashboard_model.php
INFO - 2025-02-04 10:33:19 --> Model Class Initialized
INFO - 2025-02-04 10:33:20 --> Final output sent to browser
DEBUG - 2025-02-04 10:33:20 --> Total execution time: 0.3356
INFO - 2025-02-04 10:33:26 --> Config Class Initialized
INFO - 2025-02-04 10:33:26 --> Hooks Class Initialized
DEBUG - 2025-02-04 10:33:26 --> UTF-8 Support Enabled
INFO - 2025-02-04 10:33:26 --> Utf8 Class Initialized
INFO - 2025-02-04 10:33:26 --> URI Class Initialized
INFO - 2025-02-04 10:33:26 --> Router Class Initialized
INFO - 2025-02-04 10:33:26 --> Output Class Initialized
INFO - 2025-02-04 10:33:26 --> Security Class Initialized
DEBUG - 2025-02-04 10:33:26 --> Global POST, GET and COOKIE data sanitized
INFO - 2025-02-04 10:33:26 --> Input Class Initialized
INFO - 2025-02-04 10:33:26 --> Language Class Initialized
INFO - 2025-02-04 10:33:26 --> Language Class Initialized
INFO - 2025-02-04 10:33:26 --> Config Class Initialized
INFO - 2025-02-04 10:33:26 --> Loader Class Initialized
INFO - 2025-02-04 10:33:26 --> Helper loaded: url_helper
INFO - 2025-02-04 10:33:26 --> Helper loaded: easyui_helper
INFO - 2025-02-04 10:33:26 --> Helper loaded: param_helper
INFO - 2025-02-04 10:33:26 --> Helper loaded: credential_helper
INFO - 2025-02-04 10:33:26 --> Helper loaded: template_helper
INFO - 2025-02-04 10:33:26 --> Helper loaded: rest_helper
INFO - 2025-02-04 10:33:26 --> Database Driver Class Initialized
DEBUG - 2025-02-04 10:33:26 --> Idgenerator class already loaded. Second attempt ignored.
INFO - 2025-02-04 10:33:26 --> Controller Class Initialized
INFO - 2025-02-04 10:33:26 --> Model Class Initialized
DEBUG - 2025-02-04 10:33:26 --> File loaded: /apps/web-drc/application/modules/drc_dashboard/models/Drc_dashboard_model.php
INFO - 2025-02-04 10:33:26 --> Model Class Initialized
INFO - 2025-02-04 10:33:26 --> Final output sent to browser
DEBUG - 2025-02-04 10:33:26 --> Total execution time: 0.0804
INFO - 2025-02-04 10:33:34 --> Config Class Initialized
INFO - 2025-02-04 10:33:34 --> Hooks Class Initialized
DEBUG - 2025-02-04 10:33:34 --> UTF-8 Support Enabled
INFO - 2025-02-04 10:33:34 --> Utf8 Class Initialized
INFO - 2025-02-04 10:33:34 --> URI Class Initialized
INFO - 2025-02-04 10:33:34 --> Router Class Initialized
INFO - 2025-02-04 10:33:34 --> Output Class Initialized
INFO - 2025-02-04 10:33:34 --> Security Class Initialized
DEBUG - 2025-02-04 10:33:34 --> Global POST, GET and COOKIE data sanitized
INFO - 2025-02-04 10:33:34 --> Input Class Initialized
INFO - 2025-02-04 10:33:34 --> Language Class Initialized
INFO - 2025-02-04 10:33:34 --> Language Class Initialized
INFO - 2025-02-04 10:33:34 --> Config Class Initialized
INFO - 2025-02-04 10:33:34 --> Loader Class Initialized
INFO - 2025-02-04 10:33:34 --> Helper loaded: url_helper
INFO - 2025-02-04 10:33:34 --> Helper loaded: easyui_helper
INFO - 2025-02-04 10:33:34 --> Helper loaded: param_helper
INFO - 2025-02-04 10:33:34 --> Helper loaded: credential_helper
INFO - 2025-02-04 10:33:34 --> Helper loaded: template_helper
INFO - 2025-02-04 10:33:34 --> Helper loaded: rest_helper
INFO - 2025-02-04 10:33:34 --> Database Driver Class Initialized
DEBUG - 2025-02-04 10:33:34 --> Idgenerator class already loaded. Second attempt ignored.
INFO - 2025-02-04 10:33:34 --> Controller Class Initialized
INFO - 2025-02-04 10:33:34 --> Model Class Initialized
DEBUG - 2025-02-04 10:33:34 --> File loaded: /apps/web-drc/application/modules/drc_dashboard/models/Drc_dashboard_model.php
INFO - 2025-02-04 10:33:34 --> Model Class Initialized
INFO - 2025-02-04 10:33:34 --> Final output sent to browser
DEBUG - 2025-02-04 10:33:34 --> Total execution time: 0.0463
INFO - 2025-02-04 10:33:48 --> Config Class Initialized
INFO - 2025-02-04 10:33:48 --> Hooks Class Initialized
DEBUG - 2025-02-04 10:33:48 --> UTF-8 Support Enabled
INFO - 2025-02-04 10:33:48 --> Utf8 Class Initialized
INFO - 2025-02-04 10:33:48 --> URI Class Initialized
INFO - 2025-02-04 10:33:48 --> Router Class Initialized
INFO - 2025-02-04 10:33:48 --> Output Class Initialized
INFO - 2025-02-04 10:33:48 --> Security Class Initialized
DEBUG - 2025-02-04 10:33:48 --> Global POST, GET and COOKIE data sanitized
INFO - 2025-02-04 10:33:48 --> Input Class Initialized
INFO - 2025-02-04 10:33:48 --> Language Class Initialized
INFO - 2025-02-04 10:33:48 --> Language Class Initialized
INFO - 2025-02-04 10:33:48 --> Config Class Initialized
INFO - 2025-02-04 10:33:48 --> Loader Class Initialized
INFO - 2025-02-04 10:33:48 --> Helper loaded: url_helper
INFO - 2025-02-04 10:33:48 --> Helper loaded: easyui_helper
INFO - 2025-02-04 10:33:48 --> Helper loaded: param_helper
INFO - 2025-02-04 10:33:48 --> Helper loaded: credential_helper
INFO - 2025-02-04 10:33:48 --> Helper loaded: template_helper
INFO - 2025-02-04 10:33:48 --> Helper loaded: rest_helper
INFO - 2025-02-04 10:33:48 --> Database Driver Class Initialized
DEBUG - 2025-02-04 10:33:48 --> Idgenerator class already loaded. Second attempt ignored.
INFO - 2025-02-04 10:33:48 --> Controller Class Initialized
INFO - 2025-02-04 10:33:48 --> Model Class Initialized
DEBUG - 2025-02-04 10:33:48 --> File loaded: /apps/web-drc/application/modules/drc_dashboard/models/Drc_dashboard_model.php
INFO - 2025-02-04 10:33:48 --> Model Class Initialized
INFO - 2025-02-04 10:33:48 --> Final output sent to browser
DEBUG - 2025-02-04 10:33:48 --> Total execution time: 0.0320
INFO - 2025-02-04 10:33:56 --> Config Class Initialized
INFO - 2025-02-04 10:33:56 --> Hooks Class Initialized
DEBUG - 2025-02-04 10:33:56 --> UTF-8 Support Enabled
INFO - 2025-02-04 10:33:56 --> Utf8 Class Initialized
INFO - 2025-02-04 10:33:56 --> URI Class Initialized
INFO - 2025-02-04 10:33:56 --> Router Class Initialized
INFO - 2025-02-04 10:33:56 --> Output Class Initialized
INFO - 2025-02-04 10:33:56 --> Security Class Initialized
DEBUG - 2025-02-04 10:33:56 --> Global POST, GET and COOKIE data sanitized
INFO - 2025-02-04 10:33:56 --> Input Class Initialized
INFO - 2025-02-04 10:33:56 --> Language Class Initialized
INFO - 2025-02-04 10:33:56 --> Language Class Initialized
INFO - 2025-02-04 10:33:56 --> Config Class Initialized
INFO - 2025-02-04 10:33:56 --> Loader Class Initialized
INFO - 2025-02-04 10:33:56 --> Helper loaded: url_helper
INFO - 2025-02-04 10:33:56 --> Helper loaded: easyui_helper
INFO - 2025-02-04 10:33:56 --> Helper loaded: param_helper
INFO - 2025-02-04 10:33:56 --> Helper loaded: credential_helper
INFO - 2025-02-04 10:33:56 --> Helper loaded: template_helper
INFO - 2025-02-04 10:33:56 --> Helper loaded: rest_helper
INFO - 2025-02-04 10:33:56 --> Database Driver Class Initialized
DEBUG - 2025-02-04 10:33:56 --> Idgenerator class already loaded. Second attempt ignored.
INFO - 2025-02-04 10:33:56 --> Controller Class Initialized
INFO - 2025-02-04 10:33:56 --> Model Class Initialized
DEBUG - 2025-02-04 10:33:56 --> File loaded: /apps/web-drc/application/modules/drc_dashboard/models/Drc_dashboard_model.php
INFO - 2025-02-04 10:33:56 --> Model Class Initialized
INFO - 2025-02-04 10:34:26 --> Config Class Initialized
INFO - 2025-02-04 10:34:26 --> Hooks Class Initialized
DEBUG - 2025-02-04 10:34:26 --> UTF-8 Support Enabled
INFO - 2025-02-04 10:34:26 --> Utf8 Class Initialized
INFO - 2025-02-04 10:34:26 --> URI Class Initialized
INFO - 2025-02-04 10:34:26 --> Router Class Initialized
INFO - 2025-02-04 10:34:26 --> Output Class Initialized
INFO - 2025-02-04 10:34:26 --> Security Class Initialized
DEBUG - 2025-02-04 10:34:26 --> Global POST, GET and COOKIE data sanitized
INFO - 2025-02-04 10:34:26 --> Input Class Initialized
INFO - 2025-02-04 10:34:26 --> Language Class Initialized
INFO - 2025-02-04 10:34:26 --> Language Class Initialized
INFO - 2025-02-04 10:34:26 --> Config Class Initialized
INFO - 2025-02-04 10:34:26 --> Loader Class Initialized
INFO - 2025-02-04 10:34:26 --> Helper loaded: url_helper
INFO - 2025-02-04 10:34:26 --> Helper loaded: easyui_helper
INFO - 2025-02-04 10:34:26 --> Helper loaded: param_helper
INFO - 2025-02-04 10:34:26 --> Helper loaded: credential_helper
INFO - 2025-02-04 10:34:26 --> Helper loaded: template_helper
INFO - 2025-02-04 10:34:26 --> Helper loaded: rest_helper
INFO - 2025-02-04 10:34:26 --> Database Driver Class Initialized
DEBUG - 2025-02-04 10:34:26 --> Idgenerator class already loaded. Second attempt ignored.
INFO - 2025-02-04 10:34:26 --> Controller Class Initialized
INFO - 2025-02-04 10:34:26 --> Model Class Initialized
DEBUG - 2025-02-04 10:34:26 --> File loaded: /apps/web-drc/application/modules/drc_dashboard/models/Drc_dashboard_model.php
INFO - 2025-02-04 10:34:26 --> Model Class Initialized
INFO - 2025-02-04 10:34:26 --> Final output sent to browser
DEBUG - 2025-02-04 10:34:26 --> Total execution time: 0.1111
INFO - 2025-02-04 10:34:26 --> Config Class Initialized
INFO - 2025-02-04 10:34:26 --> Hooks Class Initialized
DEBUG - 2025-02-04 10:34:26 --> UTF-8 Support Enabled
INFO - 2025-02-04 10:34:26 --> Utf8 Class Initialized
INFO - 2025-02-04 10:34:26 --> URI Class Initialized
INFO - 2025-02-04 10:34:26 --> Router Class Initialized
INFO - 2025-02-04 10:34:26 --> Output Class Initialized
INFO - 2025-02-04 10:34:26 --> Security Class Initialized
DEBUG - 2025-02-04 10:34:26 --> Global POST, GET and COOKIE data sanitized
INFO - 2025-02-04 10:34:26 --> Input Class Initialized
INFO - 2025-02-04 10:34:26 --> Language Class Initialized
ERROR - 2025-02-04 10:34:26 --> 404 Page Not Found: /index
INFO - 2025-02-04 10:35:08 --> Config Class Initialized
INFO - 2025-02-04 10:35:08 --> Hooks Class Initialized
DEBUG - 2025-02-04 10:35:08 --> UTF-8 Support Enabled
INFO - 2025-02-04 10:35:08 --> Utf8 Class Initialized
INFO - 2025-02-04 10:35:08 --> URI Class Initialized
INFO - 2025-02-04 10:35:08 --> Router Class Initialized
INFO - 2025-02-04 10:35:08 --> Output Class Initialized
INFO - 2025-02-04 10:35:08 --> Security Class Initialized
DEBUG - 2025-02-04 10:35:08 --> Global POST, GET and COOKIE data sanitized
INFO - 2025-02-04 10:35:08 --> Input Class Initialized
INFO - 2025-02-04 10:35:08 --> Language Class Initialized
INFO - 2025-02-04 10:35:08 --> Language Class Initialized
INFO - 2025-02-04 10:35:08 --> Config Class Initialized
INFO - 2025-02-04 10:35:08 --> Loader Class Initialized
INFO - 2025-02-04 10:35:08 --> Helper loaded: url_helper
INFO - 2025-02-04 10:35:08 --> Helper loaded: easyui_helper
INFO - 2025-02-04 10:35:08 --> Helper loaded: param_helper
INFO - 2025-02-04 10:35:08 --> Helper loaded: credential_helper
INFO - 2025-02-04 10:35:08 --> Helper loaded: template_helper
INFO - 2025-02-04 10:35:08 --> Helper loaded: rest_helper
INFO - 2025-02-04 10:35:08 --> Database Driver Class Initialized
DEBUG - 2025-02-04 10:35:08 --> Idgenerator class already loaded. Second attempt ignored.
INFO - 2025-02-04 10:35:08 --> Controller Class Initialized
INFO - 2025-02-04 10:35:08 --> Model Class Initialized
DEBUG - 2025-02-04 10:35:08 --> File loaded: /apps/web-drc/application/modules/drc_dashboard/models/Drc_dashboard_model.php
INFO - 2025-02-04 10:35:08 --> Model Class Initialized
INFO - 2025-02-04 10:35:28 --> Final output sent to browser
DEBUG - 2025-02-04 10:35:28 --> Total execution time: 20.6167
INFO - 2025-02-04 10:36:25 --> Config Class Initialized
INFO - 2025-02-04 10:36:25 --> Hooks Class Initialized
DEBUG - 2025-02-04 10:36:25 --> UTF-8 Support Enabled
INFO - 2025-02-04 10:36:25 --> Utf8 Class Initialized
INFO - 2025-02-04 10:36:25 --> URI Class Initialized
INFO - 2025-02-04 10:36:25 --> Router Class Initialized
INFO - 2025-02-04 10:36:25 --> Output Class Initialized
INFO - 2025-02-04 10:36:25 --> Security Class Initialized
DEBUG - 2025-02-04 10:36:25 --> Global POST, GET and COOKIE data sanitized
INFO - 2025-02-04 10:36:25 --> Input Class Initialized
INFO - 2025-02-04 10:36:25 --> Language Class Initialized
INFO - 2025-02-04 10:36:25 --> Language Class Initialized
INFO - 2025-02-04 10:36:25 --> Config Class Initialized
INFO - 2025-02-04 10:36:25 --> Loader Class Initialized
INFO - 2025-02-04 10:36:25 --> Helper loaded: url_helper
INFO - 2025-02-04 10:36:25 --> Helper loaded: easyui_helper
INFO - 2025-02-04 10:36:25 --> Helper loaded: param_helper
INFO - 2025-02-04 10:36:25 --> Helper loaded: credential_helper
INFO - 2025-02-04 10:36:25 --> Helper loaded: template_helper
INFO - 2025-02-04 10:36:25 --> Helper loaded: rest_helper
INFO - 2025-02-04 10:36:25 --> Database Driver Class Initialized
DEBUG - 2025-02-04 10:36:25 --> Idgenerator class already loaded. Second attempt ignored.
INFO - 2025-02-04 10:36:25 --> Controller Class Initialized
INFO - 2025-02-04 10:36:25 --> Model Class Initialized
DEBUG - 2025-02-04 10:36:25 --> File loaded: /apps/web-drc/application/modules/drc_dashboard/models/Drc_dashboard_model.php
INFO - 2025-02-04 10:36:25 --> Model Class Initialized
INFO - 2025-02-04 10:36:25 --> Final output sent to browser
DEBUG - 2025-02-04 10:36:25 --> Total execution time: 0.3647
INFO - 2025-02-04 10:36:28 --> Config Class Initialized
INFO - 2025-02-04 10:36:28 --> Hooks Class Initialized
DEBUG - 2025-02-04 10:36:28 --> UTF-8 Support Enabled
INFO - 2025-02-04 10:36:28 --> Utf8 Class Initialized
INFO - 2025-02-04 10:36:28 --> URI Class Initialized
INFO - 2025-02-04 10:36:28 --> Router Class Initialized
INFO - 2025-02-04 10:36:28 --> Output Class Initialized
INFO - 2025-02-04 10:36:28 --> Security Class Initialized
DEBUG - 2025-02-04 10:36:28 --> Global POST, GET and COOKIE data sanitized
INFO - 2025-02-04 10:36:28 --> Input Class Initialized
INFO - 2025-02-04 10:36:28 --> Language Class Initialized
INFO - 2025-02-04 10:36:28 --> Language Class Initialized
INFO - 2025-02-04 10:36:28 --> Config Class Initialized
INFO - 2025-02-04 10:36:28 --> Loader Class Initialized
INFO - 2025-02-04 10:36:28 --> Helper loaded: url_helper
INFO - 2025-02-04 10:36:28 --> Helper loaded: easyui_helper
INFO - 2025-02-04 10:36:28 --> Helper loaded: param_helper
INFO - 2025-02-04 10:36:28 --> Helper loaded: credential_helper
INFO - 2025-02-04 10:36:28 --> Helper loaded: template_helper
INFO - 2025-02-04 10:36:28 --> Helper loaded: rest_helper
INFO - 2025-02-04 10:36:28 --> Database Driver Class Initialized
DEBUG - 2025-02-04 10:36:28 --> Idgenerator class already loaded. Second attempt ignored.
INFO - 2025-02-04 10:36:28 --> Controller Class Initialized
INFO - 2025-02-04 10:36:28 --> Model Class Initialized
DEBUG - 2025-02-04 10:36:28 --> File loaded: /apps/web-drc/application/modules/api_v1/models/Api_v1_model.php
INFO - 2025-02-04 10:36:28 --> Model Class Initialized
INFO - 2025-02-04 10:36:28 --> Final output sent to browser
DEBUG - 2025-02-04 10:36:28 --> Total execution time: 0.0041
INFO - 2025-02-04 10:36:28 --> Config Class Initialized
INFO - 2025-02-04 10:36:28 --> Hooks Class Initialized
DEBUG - 2025-02-04 10:36:28 --> UTF-8 Support Enabled
INFO - 2025-02-04 10:36:28 --> Utf8 Class Initialized
INFO - 2025-02-04 10:36:28 --> URI Class Initialized
INFO - 2025-02-04 10:36:28 --> Router Class Initialized
INFO - 2025-02-04 10:36:28 --> Output Class Initialized
INFO - 2025-02-04 10:36:28 --> Security Class Initialized
DEBUG - 2025-02-04 10:36:28 --> Global POST, GET and COOKIE data sanitized
INFO - 2025-02-04 10:36:28 --> Input Class Initialized
INFO - 2025-02-04 10:36:28 --> Language Class Initialized
INFO - 2025-02-04 10:36:28 --> Language Class Initialized
INFO - 2025-02-04 10:36:28 --> Config Class Initialized
INFO - 2025-02-04 10:36:28 --> Loader Class Initialized
INFO - 2025-02-04 10:36:28 --> Helper loaded: url_helper
INFO - 2025-02-04 10:36:28 --> Helper loaded: easyui_helper
INFO - 2025-02-04 10:36:28 --> Helper loaded: param_helper
INFO - 2025-02-04 10:36:28 --> Helper loaded: credential_helper
INFO - 2025-02-04 10:36:28 --> Helper loaded: template_helper
INFO - 2025-02-04 10:36:28 --> Helper loaded: rest_helper
INFO - 2025-02-04 10:36:28 --> Database Driver Class Initialized
DEBUG - 2025-02-04 10:36:28 --> Idgenerator class already loaded. Second attempt ignored.
INFO - 2025-02-04 10:36:28 --> Controller Class Initialized
INFO - 2025-02-04 10:36:28 --> Model Class Initialized
DEBUG - 2025-02-04 10:36:28 --> File loaded: /apps/web-drc/application/modules/ref_customer_class/models/Customer_class_model.php
INFO - 2025-02-04 10:36:28 --> Model Class Initialized
INFO - 2025-02-04 10:36:28 --> Final output sent to browser
DEBUG - 2025-02-04 10:36:28 --> Total execution time: 0.0036
INFO - 2025-02-04 10:36:38 --> Config Class Initialized
INFO - 2025-02-04 10:36:38 --> Hooks Class Initialized
DEBUG - 2025-02-04 10:36:38 --> UTF-8 Support Enabled
INFO - 2025-02-04 10:36:38 --> Utf8 Class Initialized
INFO - 2025-02-04 10:36:38 --> URI Class Initialized
INFO - 2025-02-04 10:36:38 --> Router Class Initialized
INFO - 2025-02-04 10:36:38 --> Output Class Initialized
INFO - 2025-02-04 10:36:38 --> Security Class Initialized
DEBUG - 2025-02-04 10:36:38 --> Global POST, GET and COOKIE data sanitized
INFO - 2025-02-04 10:36:38 --> Input Class Initialized
INFO - 2025-02-04 10:36:38 --> Language Class Initialized
INFO - 2025-02-04 10:36:38 --> Language Class Initialized
INFO - 2025-02-04 10:36:38 --> Config Class Initialized
INFO - 2025-02-04 10:36:38 --> Loader Class Initialized
INFO - 2025-02-04 10:36:38 --> Helper loaded: url_helper
INFO - 2025-02-04 10:36:38 --> Helper loaded: easyui_helper
INFO - 2025-02-04 10:36:38 --> Helper loaded: param_helper
INFO - 2025-02-04 10:36:38 --> Helper loaded: credential_helper
INFO - 2025-02-04 10:36:38 --> Helper loaded: template_helper
INFO - 2025-02-04 10:36:38 --> Helper loaded: rest_helper
INFO - 2025-02-04 10:36:38 --> Database Driver Class Initialized
DEBUG - 2025-02-04 10:36:38 --> Idgenerator class already loaded. Second attempt ignored.
INFO - 2025-02-04 10:36:38 --> Controller Class Initialized
INFO - 2025-02-04 10:36:38 --> Model Class Initialized
DEBUG - 2025-02-04 10:36:38 --> File loaded: /apps/web-drc/application/modules/drc_dashboard/models/Drc_dashboard_model.php
INFO - 2025-02-04 10:36:38 --> Model Class Initialized
INFO - 2025-02-04 10:37:28 --> Final output sent to browser
DEBUG - 2025-02-04 10:37:28 --> Total execution time: 49.7016
INFO - 2025-02-04 10:38:29 --> Config Class Initialized
INFO - 2025-02-04 10:38:29 --> Hooks Class Initialized
DEBUG - 2025-02-04 10:38:29 --> UTF-8 Support Enabled
INFO - 2025-02-04 10:38:29 --> Utf8 Class Initialized
INFO - 2025-02-04 10:38:29 --> URI Class Initialized
INFO - 2025-02-04 10:38:29 --> Router Class Initialized
INFO - 2025-02-04 10:38:29 --> Output Class Initialized
INFO - 2025-02-04 10:38:29 --> Security Class Initialized
DEBUG - 2025-02-04 10:38:29 --> Global POST, GET and COOKIE data sanitized
INFO - 2025-02-04 10:38:29 --> Input Class Initialized
INFO - 2025-02-04 10:38:29 --> Language Class Initialized
INFO - 2025-02-04 10:38:29 --> Language Class Initialized
INFO - 2025-02-04 10:38:29 --> Config Class Initialized
INFO - 2025-02-04 10:38:29 --> Loader Class Initialized
INFO - 2025-02-04 10:38:29 --> Helper loaded: url_helper
INFO - 2025-02-04 10:38:29 --> Helper loaded: easyui_helper
INFO - 2025-02-04 10:38:29 --> Helper loaded: param_helper
INFO - 2025-02-04 10:38:29 --> Helper loaded: credential_helper
INFO - 2025-02-04 10:38:29 --> Helper loaded: template_helper
INFO - 2025-02-04 10:38:29 --> Helper loaded: rest_helper
INFO - 2025-02-04 10:38:29 --> Database Driver Class Initialized
DEBUG - 2025-02-04 10:38:29 --> Idgenerator class already loaded. Second attempt ignored.
INFO - 2025-02-04 10:38:29 --> Controller Class Initialized
INFO - 2025-02-04 10:38:29 --> Model Class Initialized
DEBUG - 2025-02-04 10:38:29 --> File loaded: /apps/web-drc/application/modules/drc_dashboard/models/Drc_dashboard_model.php
INFO - 2025-02-04 10:38:29 --> Model Class Initialized
INFO - 2025-02-04 10:38:34 --> Final output sent to browser
DEBUG - 2025-02-04 10:38:34 --> Total execution time: 4.4074
INFO - 2025-02-04 10:38:45 --> Config Class Initialized
INFO - 2025-02-04 10:38:45 --> Hooks Class Initialized
DEBUG - 2025-02-04 10:38:45 --> UTF-8 Support Enabled
INFO - 2025-02-04 10:38:45 --> Utf8 Class Initialized
INFO - 2025-02-04 10:38:45 --> URI Class Initialized
INFO - 2025-02-04 10:38:45 --> Router Class Initialized
INFO - 2025-02-04 10:38:45 --> Output Class Initialized
INFO - 2025-02-04 10:38:45 --> Security Class Initialized
DEBUG - 2025-02-04 10:38:45 --> Global POST, GET and COOKIE data sanitized
INFO - 2025-02-04 10:38:45 --> Input Class Initialized
INFO - 2025-02-04 10:38:45 --> Language Class Initialized
INFO - 2025-02-04 10:38:45 --> Language Class Initialized
INFO - 2025-02-04 10:38:45 --> Config Class Initialized
INFO - 2025-02-04 10:38:45 --> Loader Class Initialized
INFO - 2025-02-04 10:38:45 --> Helper loaded: url_helper
INFO - 2025-02-04 10:38:45 --> Helper loaded: easyui_helper
INFO - 2025-02-04 10:38:45 --> Helper loaded: param_helper
INFO - 2025-02-04 10:38:45 --> Helper loaded: credential_helper
INFO - 2025-02-04 10:38:45 --> Helper loaded: template_helper
INFO - 2025-02-04 10:38:45 --> Helper loaded: rest_helper
INFO - 2025-02-04 10:38:45 --> Database Driver Class Initialized
DEBUG - 2025-02-04 10:38:45 --> Idgenerator class already loaded. Second attempt ignored.
INFO - 2025-02-04 10:38:45 --> Controller Class Initialized
INFO - 2025-02-04 10:38:45 --> Model Class Initialized
DEBUG - 2025-02-04 10:38:45 --> File loaded: /apps/web-drc/application/modules/drc_dashboard/models/Drc_dashboard_model.php
INFO - 2025-02-04 10:38:45 --> Model Class Initialized
INFO - 2025-02-04 10:38:46 --> Final output sent to browser
DEBUG - 2025-02-04 10:38:46 --> Total execution time: 1.3125
INFO - 2025-02-04 10:39:21 --> Config Class Initialized
INFO - 2025-02-04 10:39:21 --> Hooks Class Initialized
DEBUG - 2025-02-04 10:39:21 --> UTF-8 Support Enabled
INFO - 2025-02-04 10:39:21 --> Utf8 Class Initialized
INFO - 2025-02-04 10:39:21 --> URI Class Initialized
INFO - 2025-02-04 10:39:21 --> Router Class Initialized
INFO - 2025-02-04 10:39:21 --> Output Class Initialized
INFO - 2025-02-04 10:39:21 --> Security Class Initialized
DEBUG - 2025-02-04 10:39:21 --> Global POST, GET and COOKIE data sanitized
INFO - 2025-02-04 10:39:21 --> Input Class Initialized
INFO - 2025-02-04 10:39:21 --> Language Class Initialized
INFO - 2025-02-04 10:39:21 --> Language Class Initialized
INFO - 2025-02-04 10:39:21 --> Config Class Initialized
INFO - 2025-02-04 10:39:21 --> Loader Class Initialized
INFO - 2025-02-04 10:39:21 --> Helper loaded: url_helper
INFO - 2025-02-04 10:39:21 --> Helper loaded: easyui_helper
INFO - 2025-02-04 10:39:21 --> Helper loaded: param_helper
INFO - 2025-02-04 10:39:21 --> Helper loaded: credential_helper
INFO - 2025-02-04 10:39:21 --> Helper loaded: template_helper
INFO - 2025-02-04 10:39:21 --> Helper loaded: rest_helper
INFO - 2025-02-04 10:39:21 --> Database Driver Class Initialized
DEBUG - 2025-02-04 10:39:21 --> Idgenerator class already loaded. Second attempt ignored.
INFO - 2025-02-04 10:39:21 --> Controller Class Initialized
INFO - 2025-02-04 10:39:21 --> Model Class Initialized
DEBUG - 2025-02-04 10:39:21 --> File loaded: /apps/web-drc/application/modules/ref_customer_class/models/Customer_class_model.php
INFO - 2025-02-04 10:39:21 --> Model Class Initialized
INFO - 2025-02-04 10:39:21 --> Final output sent to browser
DEBUG - 2025-02-04 10:39:21 --> Total execution time: 0.0032
INFO - 2025-02-04 10:39:30 --> Config Class Initialized
INFO - 2025-02-04 10:39:30 --> Hooks Class Initialized
DEBUG - 2025-02-04 10:39:30 --> UTF-8 Support Enabled
INFO - 2025-02-04 10:39:30 --> Utf8 Class Initialized
INFO - 2025-02-04 10:39:30 --> URI Class Initialized
INFO - 2025-02-04 10:39:30 --> Router Class Initialized
INFO - 2025-02-04 10:39:30 --> Output Class Initialized
INFO - 2025-02-04 10:39:30 --> Security Class Initialized
DEBUG - 2025-02-04 10:39:30 --> Global POST, GET and COOKIE data sanitized
INFO - 2025-02-04 10:39:30 --> Input Class Initialized
INFO - 2025-02-04 10:39:30 --> Language Class Initialized
INFO - 2025-02-04 10:39:30 --> Language Class Initialized
INFO - 2025-02-04 10:39:30 --> Config Class Initialized
INFO - 2025-02-04 10:39:30 --> Loader Class Initialized
INFO - 2025-02-04 10:39:30 --> Helper loaded: url_helper
INFO - 2025-02-04 10:39:30 --> Helper loaded: easyui_helper
INFO - 2025-02-04 10:39:30 --> Helper loaded: param_helper
INFO - 2025-02-04 10:39:30 --> Helper loaded: credential_helper
INFO - 2025-02-04 10:39:30 --> Helper loaded: template_helper
INFO - 2025-02-04 10:39:30 --> Helper loaded: rest_helper
INFO - 2025-02-04 10:39:30 --> Database Driver Class Initialized
DEBUG - 2025-02-04 10:39:30 --> Idgenerator class already loaded. Second attempt ignored.
INFO - 2025-02-04 10:39:30 --> Controller Class Initialized
INFO - 2025-02-04 10:39:30 --> Model Class Initialized
DEBUG - 2025-02-04 10:39:30 --> File loaded: /apps/web-drc/application/modules/drc_dashboard/models/Drc_dashboard_model.php
INFO - 2025-02-04 10:39:30 --> Model Class Initialized
INFO - 2025-02-04 10:39:43 --> Final output sent to browser
DEBUG - 2025-02-04 10:39:43 --> Total execution time: 13.0822
INFO - 2025-02-04 10:39:57 --> Config Class Initialized
INFO - 2025-02-04 10:39:57 --> Hooks Class Initialized
DEBUG - 2025-02-04 10:39:57 --> UTF-8 Support Enabled
INFO - 2025-02-04 10:39:57 --> Utf8 Class Initialized
INFO - 2025-02-04 10:39:57 --> URI Class Initialized
INFO - 2025-02-04 10:39:57 --> Router Class Initialized
INFO - 2025-02-04 10:39:57 --> Output Class Initialized
INFO - 2025-02-04 10:39:57 --> Security Class Initialized
DEBUG - 2025-02-04 10:39:57 --> Global POST, GET and COOKIE data sanitized
INFO - 2025-02-04 10:39:57 --> Input Class Initialized
INFO - 2025-02-04 10:39:57 --> Language Class Initialized
INFO - 2025-02-04 10:39:57 --> Language Class Initialized
INFO - 2025-02-04 10:39:57 --> Config Class Initialized
INFO - 2025-02-04 10:39:57 --> Loader Class Initialized
INFO - 2025-02-04 10:39:57 --> Helper loaded: url_helper
INFO - 2025-02-04 10:39:57 --> Helper loaded: easyui_helper
INFO - 2025-02-04 10:39:57 --> Helper loaded: param_helper
INFO - 2025-02-04 10:39:57 --> Helper loaded: credential_helper
INFO - 2025-02-04 10:39:57 --> Helper loaded: template_helper
INFO - 2025-02-04 10:39:57 --> Helper loaded: rest_helper
INFO - 2025-02-04 10:39:57 --> Database Driver Class Initialized
DEBUG - 2025-02-04 10:39:57 --> Idgenerator class already loaded. Second attempt ignored.
INFO - 2025-02-04 10:39:57 --> Controller Class Initialized
INFO - 2025-02-04 10:39:57 --> Model Class Initialized
DEBUG - 2025-02-04 10:39:57 --> File loaded: /apps/web-drc/application/modules/drc_dashboard/models/Drc_dashboard_model.php
INFO - 2025-02-04 10:39:57 --> Model Class Initialized
INFO - 2025-02-04 10:40:05 --> Final output sent to browser
DEBUG - 2025-02-04 10:40:05 --> Total execution time: 7.7040
INFO - 2025-02-04 10:40:41 --> Config Class Initialized
INFO - 2025-02-04 10:40:41 --> Hooks Class Initialized
DEBUG - 2025-02-04 10:40:41 --> UTF-8 Support Enabled
INFO - 2025-02-04 10:40:41 --> Utf8 Class Initialized
INFO - 2025-02-04 10:40:41 --> URI Class Initialized
INFO - 2025-02-04 10:40:41 --> Router Class Initialized
INFO - 2025-02-04 10:40:41 --> Output Class Initialized
INFO - 2025-02-04 10:40:41 --> Security Class Initialized
DEBUG - 2025-02-04 10:40:41 --> Global POST, GET and COOKIE data sanitized
INFO - 2025-02-04 10:40:41 --> Input Class Initialized
INFO - 2025-02-04 10:40:41 --> Language Class Initialized
INFO - 2025-02-04 10:40:41 --> Language Class Initialized
INFO - 2025-02-04 10:40:41 --> Config Class Initialized
INFO - 2025-02-04 10:40:41 --> Loader Class Initialized
INFO - 2025-02-04 10:40:41 --> Helper loaded: url_helper
INFO - 2025-02-04 10:40:41 --> Helper loaded: easyui_helper
INFO - 2025-02-04 10:40:41 --> Helper loaded: param_helper
INFO - 2025-02-04 10:40:41 --> Helper loaded: credential_helper
INFO - 2025-02-04 10:40:41 --> Helper loaded: template_helper
INFO - 2025-02-04 10:40:41 --> Helper loaded: rest_helper
INFO - 2025-02-04 10:40:41 --> Database Driver Class Initialized
DEBUG - 2025-02-04 10:40:41 --> Idgenerator class already loaded. Second attempt ignored.
INFO - 2025-02-04 10:40:41 --> Controller Class Initialized
INFO - 2025-02-04 10:40:41 --> Model Class Initialized
DEBUG - 2025-02-04 10:40:41 --> File loaded: /apps/web-drc/application/modules/api_v1/models/Api_v1_model.php
INFO - 2025-02-04 10:40:41 --> Model Class Initialized
INFO - 2025-02-04 10:40:41 --> Final output sent to browser
DEBUG - 2025-02-04 10:40:41 --> Total execution time: 0.0035
INFO - 2025-02-04 10:40:41 --> Config Class Initialized
INFO - 2025-02-04 10:40:41 --> Hooks Class Initialized
DEBUG - 2025-02-04 10:40:41 --> UTF-8 Support Enabled
INFO - 2025-02-04 10:40:41 --> Utf8 Class Initialized
INFO - 2025-02-04 10:40:41 --> URI Class Initialized
INFO - 2025-02-04 10:40:41 --> Router Class Initialized
INFO - 2025-02-04 10:40:41 --> Output Class Initialized
INFO - 2025-02-04 10:40:41 --> Security Class Initialized
DEBUG - 2025-02-04 10:40:41 --> Global POST, GET and COOKIE data sanitized
INFO - 2025-02-04 10:40:41 --> Input Class Initialized
INFO - 2025-02-04 10:40:41 --> Language Class Initialized
INFO - 2025-02-04 10:40:41 --> Language Class Initialized
INFO - 2025-02-04 10:40:41 --> Config Class Initialized
INFO - 2025-02-04 10:40:41 --> Loader Class Initialized
INFO - 2025-02-04 10:40:41 --> Helper loaded: url_helper
INFO - 2025-02-04 10:40:41 --> Helper loaded: easyui_helper
INFO - 2025-02-04 10:40:41 --> Helper loaded: param_helper
INFO - 2025-02-04 10:40:41 --> Helper loaded: credential_helper
INFO - 2025-02-04 10:40:41 --> Helper loaded: template_helper
INFO - 2025-02-04 10:40:41 --> Helper loaded: rest_helper
INFO - 2025-02-04 10:40:41 --> Database Driver Class Initialized
DEBUG - 2025-02-04 10:40:41 --> Idgenerator class already loaded. Second attempt ignored.
INFO - 2025-02-04 10:40:41 --> Controller Class Initialized
INFO - 2025-02-04 10:40:41 --> Model Class Initialized
DEBUG - 2025-02-04 10:40:41 --> File loaded: /apps/web-drc/application/modules/ref_customer_class/models/Customer_class_model.php
INFO - 2025-02-04 10:40:41 --> Model Class Initialized
INFO - 2025-02-04 10:40:41 --> Final output sent to browser
DEBUG - 2025-02-04 10:40:41 --> Total execution time: 0.0041
INFO - 2025-02-04 10:40:43 --> Config Class Initialized
INFO - 2025-02-04 10:40:43 --> Hooks Class Initialized
DEBUG - 2025-02-04 10:40:43 --> UTF-8 Support Enabled
INFO - 2025-02-04 10:40:43 --> Utf8 Class Initialized
INFO - 2025-02-04 10:40:43 --> URI Class Initialized
INFO - 2025-02-04 10:40:43 --> Router Class Initialized
INFO - 2025-02-04 10:40:43 --> Output Class Initialized
INFO - 2025-02-04 10:40:43 --> Security Class Initialized
DEBUG - 2025-02-04 10:40:43 --> Global POST, GET and COOKIE data sanitized
INFO - 2025-02-04 10:40:43 --> Input Class Initialized
INFO - 2025-02-04 10:40:43 --> Language Class Initialized
INFO - 2025-02-04 10:40:43 --> Language Class Initialized
INFO - 2025-02-04 10:40:43 --> Config Class Initialized
INFO - 2025-02-04 10:40:43 --> Loader Class Initialized
INFO - 2025-02-04 10:40:43 --> Helper loaded: url_helper
INFO - 2025-02-04 10:40:43 --> Helper loaded: easyui_helper
INFO - 2025-02-04 10:40:43 --> Helper loaded: param_helper
INFO - 2025-02-04 10:40:43 --> Helper loaded: credential_helper
INFO - 2025-02-04 10:40:43 --> Helper loaded: template_helper
INFO - 2025-02-04 10:40:43 --> Helper loaded: rest_helper
INFO - 2025-02-04 10:40:43 --> Database Driver Class Initialized
DEBUG - 2025-02-04 10:40:43 --> Idgenerator class already loaded. Second attempt ignored.
INFO - 2025-02-04 10:40:43 --> Controller Class Initialized
INFO - 2025-02-04 10:40:43 --> Model Class Initialized
DEBUG - 2025-02-04 10:40:43 --> File loaded: /apps/web-drc/application/modules/api_v1/models/Api_v1_model.php
INFO - 2025-02-04 10:40:43 --> Model Class Initialized
INFO - 2025-02-04 10:40:43 --> Final output sent to browser
DEBUG - 2025-02-04 10:40:43 --> Total execution time: 0.0032
INFO - 2025-02-04 10:40:47 --> Config Class Initialized
INFO - 2025-02-04 10:40:47 --> Hooks Class Initialized
DEBUG - 2025-02-04 10:40:47 --> UTF-8 Support Enabled
INFO - 2025-02-04 10:40:47 --> Utf8 Class Initialized
INFO - 2025-02-04 10:40:47 --> URI Class Initialized
INFO - 2025-02-04 10:40:47 --> Router Class Initialized
INFO - 2025-02-04 10:40:47 --> Output Class Initialized
INFO - 2025-02-04 10:40:47 --> Security Class Initialized
DEBUG - 2025-02-04 10:40:47 --> Global POST, GET and COOKIE data sanitized
INFO - 2025-02-04 10:40:47 --> Input Class Initialized
INFO - 2025-02-04 10:40:47 --> Language Class Initialized
INFO - 2025-02-04 10:40:47 --> Language Class Initialized
INFO - 2025-02-04 10:40:47 --> Config Class Initialized
INFO - 2025-02-04 10:40:47 --> Loader Class Initialized
INFO - 2025-02-04 10:40:47 --> Helper loaded: url_helper
INFO - 2025-02-04 10:40:47 --> Helper loaded: easyui_helper
INFO - 2025-02-04 10:40:47 --> Helper loaded: param_helper
INFO - 2025-02-04 10:40:47 --> Helper loaded: credential_helper
INFO - 2025-02-04 10:40:47 --> Helper loaded: template_helper
INFO - 2025-02-04 10:40:47 --> Helper loaded: rest_helper
INFO - 2025-02-04 10:40:47 --> Database Driver Class Initialized
DEBUG - 2025-02-04 10:40:47 --> Idgenerator class already loaded. Second attempt ignored.
INFO - 2025-02-04 10:40:47 --> Controller Class Initialized
INFO - 2025-02-04 10:40:47 --> Model Class Initialized
DEBUG - 2025-02-04 10:40:47 --> File loaded: /apps/web-drc/application/modules/drc_dashboard/models/Drc_dashboard_model.php
INFO - 2025-02-04 10:40:47 --> Model Class Initialized
INFO - 2025-02-04 10:40:49 --> Final output sent to browser
DEBUG - 2025-02-04 10:40:49 --> Total execution time: 1.4198
INFO - 2025-02-04 10:41:17 --> Config Class Initialized
INFO - 2025-02-04 10:41:17 --> Hooks Class Initialized
DEBUG - 2025-02-04 10:41:17 --> UTF-8 Support Enabled
INFO - 2025-02-04 10:41:17 --> Utf8 Class Initialized
INFO - 2025-02-04 10:41:17 --> URI Class Initialized
INFO - 2025-02-04 10:41:17 --> Router Class Initialized
INFO - 2025-02-04 10:41:17 --> Output Class Initialized
INFO - 2025-02-04 10:41:17 --> Security Class Initialized
DEBUG - 2025-02-04 10:41:17 --> Global POST, GET and COOKIE data sanitized
INFO - 2025-02-04 10:41:17 --> Input Class Initialized
INFO - 2025-02-04 10:41:17 --> Language Class Initialized
INFO - 2025-02-04 10:41:17 --> Language Class Initialized
INFO - 2025-02-04 10:41:17 --> Config Class Initialized
INFO - 2025-02-04 10:41:17 --> Loader Class Initialized
INFO - 2025-02-04 10:41:17 --> Helper loaded: url_helper
INFO - 2025-02-04 10:41:17 --> Helper loaded: easyui_helper
INFO - 2025-02-04 10:41:17 --> Helper loaded: param_helper
INFO - 2025-02-04 10:41:17 --> Helper loaded: credential_helper
INFO - 2025-02-04 10:41:17 --> Helper loaded: template_helper
INFO - 2025-02-04 10:41:17 --> Helper loaded: rest_helper
INFO - 2025-02-04 10:41:17 --> Database Driver Class Initialized
DEBUG - 2025-02-04 10:41:17 --> Idgenerator class already loaded. Second attempt ignored.
INFO - 2025-02-04 10:41:17 --> Controller Class Initialized
INFO - 2025-02-04 10:41:17 --> Model Class Initialized
DEBUG - 2025-02-04 10:41:17 --> File loaded: /apps/web-drc/application/modules/drc_dashboard/models/Drc_dashboard_model.php
INFO - 2025-02-04 10:41:17 --> Model Class Initialized
DEBUG - 2025-02-04 10:41:17 --> File loaded: /apps/web-drc/application/modules/drc_dashboard/views/form.php
DEBUG - 2025-02-04 10:41:17 --> File loaded: /apps/web-drc/application/views/templates/header.php
DEBUG - 2025-02-04 10:41:17 --> File loaded: /apps/web-drc/application/views/templates/toolbar.php
DEBUG - 2025-02-04 10:41:17 --> File loaded: /apps/web-drc/application/views/templates/sidebar.php
DEBUG - 2025-02-04 10:41:17 --> File loaded: /apps/web-drc/application/views/templates/contents.php
DEBUG - 2025-02-04 10:41:17 --> File loaded: /apps/web-drc/application/views/templates/content_footer.php
DEBUG - 2025-02-04 10:41:17 --> File loaded: /apps/web-drc/application/views/templates/footer.php
DEBUG - 2025-02-04 10:41:17 --> File loaded: /apps/web-drc/application/views/templates/default.php
INFO - 2025-02-04 10:41:17 --> Final output sent to browser
DEBUG - 2025-02-04 10:41:17 --> Total execution time: 0.0059
