INFO - 2025-03-12 02:58:46 --> Config Class Initialized
INFO - 2025-03-12 02:58:46 --> Hooks Class Initialized
DEBUG - 2025-03-12 02:58:46 --> UTF-8 Support Enabled
INFO - 2025-03-12 02:58:46 --> Utf8 Class Initialized
INFO - 2025-03-12 02:58:46 --> URI Class Initialized
DEBUG - 2025-03-12 02:58:46 --> No URI present. Default controller set.
INFO - 2025-03-12 02:58:46 --> Router Class Initialized
INFO - 2025-03-12 02:58:46 --> Output Class Initialized
INFO - 2025-03-12 02:58:46 --> Security Class Initialized
DEBUG - 2025-03-12 02:58:46 --> Global POST, GET and COOKIE data sanitized
INFO - 2025-03-12 02:58:46 --> Input Class Initialized
INFO - 2025-03-12 02:58:46 --> Language Class Initialized
INFO - 2025-03-12 02:58:46 --> Language Class Initialized
INFO - 2025-03-12 02:58:46 --> Config Class Initialized
INFO - 2025-03-12 02:58:46 --> Loader Class Initialized
INFO - 2025-03-12 02:58:46 --> Helper loaded: url_helper
INFO - 2025-03-12 02:58:46 --> Helper loaded: easyui_helper
INFO - 2025-03-12 02:58:46 --> Helper loaded: param_helper
INFO - 2025-03-12 02:58:46 --> Helper loaded: credential_helper
INFO - 2025-03-12 02:58:46 --> Helper loaded: template_helper
INFO - 2025-03-12 02:58:46 --> Helper loaded: rest_helper
INFO - 2025-03-12 02:58:46 --> Database Driver Class Initialized
DEBUG - 2025-03-12 02:58:46 --> Idgenerator class already loaded. Second attempt ignored.
INFO - 2025-03-12 02:58:46 --> Controller Class Initialized
DEBUG - 2025-03-12 02:58:46 --> File loaded: /apps/web-drc/application/modules/app_auth/views/login_lte_template.php
DEBUG - 2025-03-12 02:58:46 --> File loaded: /apps/web-drc/application/views/template_login_lte/header.php
DEBUG - 2025-03-12 02:58:46 --> File loaded: /apps/web-drc/application/views/template_login_lte/contents.php
DEBUG - 2025-03-12 02:58:46 --> File loaded: /apps/web-drc/application/views/template_login_lte/default.php
INFO - 2025-03-12 02:58:46 --> Final output sent to browser
DEBUG - 2025-03-12 02:58:46 --> Total execution time: 0.0399
INFO - 2025-03-12 02:58:58 --> Config Class Initialized
INFO - 2025-03-12 02:58:58 --> Hooks Class Initialized
DEBUG - 2025-03-12 02:58:58 --> UTF-8 Support Enabled
INFO - 2025-03-12 02:58:58 --> Utf8 Class Initialized
INFO - 2025-03-12 02:58:58 --> URI Class Initialized
INFO - 2025-03-12 02:58:58 --> Router Class Initialized
INFO - 2025-03-12 02:58:58 --> Output Class Initialized
INFO - 2025-03-12 02:58:58 --> Security Class Initialized
DEBUG - 2025-03-12 02:58:58 --> Global POST, GET and COOKIE data sanitized
INFO - 2025-03-12 02:58:58 --> Input Class Initialized
INFO - 2025-03-12 02:58:58 --> Language Class Initialized
ERROR - 2025-03-12 02:58:58 --> 404 Page Not Found: /index
INFO - 2025-03-12 02:58:59 --> Config Class Initialized
INFO - 2025-03-12 02:58:59 --> Hooks Class Initialized
DEBUG - 2025-03-12 02:58:59 --> UTF-8 Support Enabled
INFO - 2025-03-12 02:58:59 --> Utf8 Class Initialized
INFO - 2025-03-12 02:58:59 --> URI Class Initialized
INFO - 2025-03-12 02:58:59 --> Router Class Initialized
INFO - 2025-03-12 02:58:59 --> Output Class Initialized
INFO - 2025-03-12 02:58:59 --> Security Class Initialized
DEBUG - 2025-03-12 02:58:59 --> Global POST, GET and COOKIE data sanitized
INFO - 2025-03-12 02:58:59 --> Input Class Initialized
INFO - 2025-03-12 02:58:59 --> Language Class Initialized
ERROR - 2025-03-12 02:58:59 --> 404 Page Not Found: /index
INFO - 2025-03-12 02:59:00 --> Config Class Initialized
INFO - 2025-03-12 02:59:00 --> Hooks Class Initialized
DEBUG - 2025-03-12 02:59:00 --> UTF-8 Support Enabled
INFO - 2025-03-12 02:59:00 --> Utf8 Class Initialized
INFO - 2025-03-12 02:59:00 --> URI Class Initialized
INFO - 2025-03-12 02:59:00 --> Router Class Initialized
INFO - 2025-03-12 02:59:00 --> Output Class Initialized
INFO - 2025-03-12 02:59:00 --> Security Class Initialized
DEBUG - 2025-03-12 02:59:00 --> Global POST, GET and COOKIE data sanitized
INFO - 2025-03-12 02:59:00 --> Input Class Initialized
INFO - 2025-03-12 02:59:00 --> Language Class Initialized
ERROR - 2025-03-12 02:59:00 --> 404 Page Not Found: /index
INFO - 2025-03-12 02:59:04 --> Config Class Initialized
INFO - 2025-03-12 02:59:04 --> Hooks Class Initialized
DEBUG - 2025-03-12 02:59:04 --> UTF-8 Support Enabled
INFO - 2025-03-12 02:59:04 --> Utf8 Class Initialized
INFO - 2025-03-12 02:59:04 --> URI Class Initialized
INFO - 2025-03-12 02:59:04 --> Router Class Initialized
INFO - 2025-03-12 02:59:04 --> Output Class Initialized
INFO - 2025-03-12 02:59:04 --> Security Class Initialized
DEBUG - 2025-03-12 02:59:04 --> Global POST, GET and COOKIE data sanitized
INFO - 2025-03-12 02:59:04 --> Input Class Initialized
INFO - 2025-03-12 02:59:04 --> Language Class Initialized
ERROR - 2025-03-12 02:59:04 --> 404 Page Not Found: /index
INFO - 2025-03-12 02:59:04 --> Config Class Initialized
INFO - 2025-03-12 02:59:04 --> Hooks Class Initialized
DEBUG - 2025-03-12 02:59:04 --> UTF-8 Support Enabled
INFO - 2025-03-12 02:59:04 --> Utf8 Class Initialized
INFO - 2025-03-12 02:59:04 --> URI Class Initialized
INFO - 2025-03-12 02:59:04 --> Router Class Initialized
INFO - 2025-03-12 02:59:04 --> Output Class Initialized
INFO - 2025-03-12 02:59:04 --> Security Class Initialized
DEBUG - 2025-03-12 02:59:04 --> Global POST, GET and COOKIE data sanitized
INFO - 2025-03-12 02:59:04 --> Input Class Initialized
INFO - 2025-03-12 02:59:04 --> Language Class Initialized
ERROR - 2025-03-12 02:59:04 --> 404 Page Not Found: /index
INFO - 2025-03-12 02:59:06 --> Config Class Initialized
INFO - 2025-03-12 02:59:06 --> Hooks Class Initialized
DEBUG - 2025-03-12 02:59:06 --> UTF-8 Support Enabled
INFO - 2025-03-12 02:59:06 --> Utf8 Class Initialized
INFO - 2025-03-12 02:59:06 --> URI Class Initialized
INFO - 2025-03-12 02:59:06 --> Router Class Initialized
INFO - 2025-03-12 02:59:06 --> Output Class Initialized
INFO - 2025-03-12 02:59:06 --> Security Class Initialized
DEBUG - 2025-03-12 02:59:06 --> Global POST, GET and COOKIE data sanitized
INFO - 2025-03-12 02:59:06 --> Input Class Initialized
INFO - 2025-03-12 02:59:06 --> Language Class Initialized
ERROR - 2025-03-12 02:59:06 --> 404 Page Not Found: /index
INFO - 2025-03-12 02:59:08 --> Config Class Initialized
INFO - 2025-03-12 02:59:08 --> Hooks Class Initialized
DEBUG - 2025-03-12 02:59:08 --> UTF-8 Support Enabled
INFO - 2025-03-12 02:59:08 --> Utf8 Class Initialized
INFO - 2025-03-12 02:59:08 --> URI Class Initialized
INFO - 2025-03-12 02:59:08 --> Router Class Initialized
INFO - 2025-03-12 02:59:08 --> Output Class Initialized
INFO - 2025-03-12 02:59:08 --> Security Class Initialized
DEBUG - 2025-03-12 02:59:08 --> Global POST, GET and COOKIE data sanitized
INFO - 2025-03-12 02:59:08 --> Input Class Initialized
INFO - 2025-03-12 02:59:08 --> Language Class Initialized
ERROR - 2025-03-12 02:59:08 --> 404 Page Not Found: /index
INFO - 2025-03-12 02:59:10 --> Config Class Initialized
INFO - 2025-03-12 02:59:10 --> Hooks Class Initialized
DEBUG - 2025-03-12 02:59:10 --> UTF-8 Support Enabled
INFO - 2025-03-12 02:59:10 --> Utf8 Class Initialized
INFO - 2025-03-12 02:59:10 --> URI Class Initialized
INFO - 2025-03-12 02:59:10 --> Router Class Initialized
INFO - 2025-03-12 02:59:10 --> Output Class Initialized
INFO - 2025-03-12 02:59:10 --> Security Class Initialized
DEBUG - 2025-03-12 02:59:10 --> Global POST, GET and COOKIE data sanitized
INFO - 2025-03-12 02:59:10 --> Input Class Initialized
INFO - 2025-03-12 02:59:10 --> Language Class Initialized
ERROR - 2025-03-12 02:59:10 --> 404 Page Not Found: /index
INFO - 2025-03-12 02:59:11 --> Config Class Initialized
INFO - 2025-03-12 02:59:11 --> Hooks Class Initialized
DEBUG - 2025-03-12 02:59:11 --> UTF-8 Support Enabled
INFO - 2025-03-12 02:59:11 --> Utf8 Class Initialized
INFO - 2025-03-12 02:59:11 --> URI Class Initialized
INFO - 2025-03-12 02:59:11 --> Router Class Initialized
INFO - 2025-03-12 02:59:11 --> Output Class Initialized
INFO - 2025-03-12 02:59:11 --> Security Class Initialized
DEBUG - 2025-03-12 02:59:11 --> Global POST, GET and COOKIE data sanitized
INFO - 2025-03-12 02:59:11 --> Input Class Initialized
INFO - 2025-03-12 02:59:11 --> Language Class Initialized
ERROR - 2025-03-12 02:59:11 --> 404 Page Not Found: /index
INFO - 2025-03-12 02:59:13 --> Config Class Initialized
INFO - 2025-03-12 02:59:13 --> Hooks Class Initialized
DEBUG - 2025-03-12 02:59:13 --> UTF-8 Support Enabled
INFO - 2025-03-12 02:59:13 --> Utf8 Class Initialized
INFO - 2025-03-12 02:59:13 --> URI Class Initialized
INFO - 2025-03-12 02:59:13 --> Router Class Initialized
INFO - 2025-03-12 02:59:13 --> Output Class Initialized
INFO - 2025-03-12 02:59:13 --> Security Class Initialized
DEBUG - 2025-03-12 02:59:13 --> Global POST, GET and COOKIE data sanitized
INFO - 2025-03-12 02:59:13 --> Input Class Initialized
INFO - 2025-03-12 02:59:13 --> Language Class Initialized
ERROR - 2025-03-12 02:59:13 --> 404 Page Not Found: /index
INFO - 2025-03-12 02:59:15 --> Config Class Initialized
INFO - 2025-03-12 02:59:15 --> Hooks Class Initialized
DEBUG - 2025-03-12 02:59:15 --> UTF-8 Support Enabled
INFO - 2025-03-12 02:59:15 --> Utf8 Class Initialized
INFO - 2025-03-12 02:59:15 --> URI Class Initialized
INFO - 2025-03-12 02:59:15 --> Router Class Initialized
INFO - 2025-03-12 02:59:15 --> Output Class Initialized
INFO - 2025-03-12 02:59:15 --> Security Class Initialized
DEBUG - 2025-03-12 02:59:15 --> Global POST, GET and COOKIE data sanitized
INFO - 2025-03-12 02:59:15 --> Input Class Initialized
INFO - 2025-03-12 02:59:15 --> Language Class Initialized
ERROR - 2025-03-12 02:59:15 --> 404 Page Not Found: /index
INFO - 2025-03-12 02:59:18 --> Config Class Initialized
INFO - 2025-03-12 02:59:18 --> Hooks Class Initialized
DEBUG - 2025-03-12 02:59:18 --> UTF-8 Support Enabled
INFO - 2025-03-12 02:59:18 --> Utf8 Class Initialized
INFO - 2025-03-12 02:59:18 --> URI Class Initialized
INFO - 2025-03-12 02:59:18 --> Router Class Initialized
INFO - 2025-03-12 02:59:18 --> Output Class Initialized
INFO - 2025-03-12 02:59:18 --> Security Class Initialized
DEBUG - 2025-03-12 02:59:18 --> Global POST, GET and COOKIE data sanitized
INFO - 2025-03-12 02:59:18 --> Input Class Initialized
INFO - 2025-03-12 02:59:18 --> Language Class Initialized
ERROR - 2025-03-12 02:59:18 --> 404 Page Not Found: /index
INFO - 2025-03-12 02:59:22 --> Config Class Initialized
INFO - 2025-03-12 02:59:22 --> Hooks Class Initialized
DEBUG - 2025-03-12 02:59:22 --> UTF-8 Support Enabled
INFO - 2025-03-12 02:59:22 --> Utf8 Class Initialized
INFO - 2025-03-12 02:59:22 --> URI Class Initialized
INFO - 2025-03-12 02:59:22 --> Router Class Initialized
INFO - 2025-03-12 02:59:22 --> Output Class Initialized
INFO - 2025-03-12 02:59:22 --> Security Class Initialized
DEBUG - 2025-03-12 02:59:22 --> Global POST, GET and COOKIE data sanitized
INFO - 2025-03-12 02:59:22 --> Input Class Initialized
INFO - 2025-03-12 02:59:22 --> Language Class Initialized
ERROR - 2025-03-12 02:59:22 --> 404 Page Not Found: /index
INFO - 2025-03-12 02:59:23 --> Config Class Initialized
INFO - 2025-03-12 02:59:23 --> Hooks Class Initialized
DEBUG - 2025-03-12 02:59:23 --> UTF-8 Support Enabled
INFO - 2025-03-12 02:59:23 --> Utf8 Class Initialized
INFO - 2025-03-12 02:59:23 --> URI Class Initialized
INFO - 2025-03-12 02:59:23 --> Router Class Initialized
INFO - 2025-03-12 02:59:23 --> Output Class Initialized
INFO - 2025-03-12 02:59:23 --> Security Class Initialized
DEBUG - 2025-03-12 02:59:23 --> Global POST, GET and COOKIE data sanitized
INFO - 2025-03-12 02:59:23 --> Input Class Initialized
INFO - 2025-03-12 02:59:23 --> Language Class Initialized
ERROR - 2025-03-12 02:59:23 --> 404 Page Not Found: /index
INFO - 2025-03-12 02:59:26 --> Config Class Initialized
INFO - 2025-03-12 02:59:26 --> Hooks Class Initialized
DEBUG - 2025-03-12 02:59:26 --> UTF-8 Support Enabled
INFO - 2025-03-12 02:59:26 --> Utf8 Class Initialized
INFO - 2025-03-12 02:59:26 --> URI Class Initialized
INFO - 2025-03-12 02:59:26 --> Router Class Initialized
INFO - 2025-03-12 02:59:26 --> Output Class Initialized
INFO - 2025-03-12 02:59:26 --> Security Class Initialized
DEBUG - 2025-03-12 02:59:26 --> Global POST, GET and COOKIE data sanitized
INFO - 2025-03-12 02:59:26 --> Input Class Initialized
INFO - 2025-03-12 02:59:26 --> Language Class Initialized
ERROR - 2025-03-12 02:59:26 --> 404 Page Not Found: /index
INFO - 2025-03-12 02:59:27 --> Config Class Initialized
INFO - 2025-03-12 02:59:27 --> Hooks Class Initialized
DEBUG - 2025-03-12 02:59:27 --> UTF-8 Support Enabled
INFO - 2025-03-12 02:59:27 --> Utf8 Class Initialized
INFO - 2025-03-12 02:59:27 --> URI Class Initialized
INFO - 2025-03-12 02:59:27 --> Router Class Initialized
INFO - 2025-03-12 02:59:27 --> Output Class Initialized
INFO - 2025-03-12 02:59:27 --> Security Class Initialized
DEBUG - 2025-03-12 02:59:27 --> Global POST, GET and COOKIE data sanitized
INFO - 2025-03-12 02:59:27 --> Input Class Initialized
INFO - 2025-03-12 02:59:27 --> Language Class Initialized
ERROR - 2025-03-12 02:59:27 --> 404 Page Not Found: /index
INFO - 2025-03-12 02:59:28 --> Config Class Initialized
INFO - 2025-03-12 02:59:28 --> Hooks Class Initialized
DEBUG - 2025-03-12 02:59:28 --> UTF-8 Support Enabled
INFO - 2025-03-12 02:59:28 --> Utf8 Class Initialized
INFO - 2025-03-12 02:59:28 --> URI Class Initialized
INFO - 2025-03-12 02:59:28 --> Router Class Initialized
INFO - 2025-03-12 02:59:28 --> Output Class Initialized
INFO - 2025-03-12 02:59:28 --> Security Class Initialized
DEBUG - 2025-03-12 02:59:28 --> Global POST, GET and COOKIE data sanitized
INFO - 2025-03-12 02:59:28 --> Input Class Initialized
INFO - 2025-03-12 02:59:28 --> Language Class Initialized
ERROR - 2025-03-12 02:59:28 --> 404 Page Not Found: /index
INFO - 2025-03-12 02:59:28 --> Config Class Initialized
INFO - 2025-03-12 02:59:28 --> Hooks Class Initialized
DEBUG - 2025-03-12 02:59:28 --> UTF-8 Support Enabled
INFO - 2025-03-12 02:59:28 --> Utf8 Class Initialized
INFO - 2025-03-12 02:59:28 --> URI Class Initialized
INFO - 2025-03-12 02:59:28 --> Router Class Initialized
INFO - 2025-03-12 02:59:28 --> Output Class Initialized
INFO - 2025-03-12 02:59:28 --> Security Class Initialized
DEBUG - 2025-03-12 02:59:28 --> Global POST, GET and COOKIE data sanitized
INFO - 2025-03-12 02:59:28 --> Input Class Initialized
INFO - 2025-03-12 02:59:28 --> Language Class Initialized
ERROR - 2025-03-12 02:59:28 --> 404 Page Not Found: Home/.git
INFO - 2025-03-12 02:59:29 --> Config Class Initialized
INFO - 2025-03-12 02:59:29 --> Hooks Class Initialized
DEBUG - 2025-03-12 02:59:29 --> UTF-8 Support Enabled
INFO - 2025-03-12 02:59:29 --> Utf8 Class Initialized
INFO - 2025-03-12 02:59:29 --> URI Class Initialized
INFO - 2025-03-12 02:59:29 --> Router Class Initialized
INFO - 2025-03-12 02:59:29 --> Output Class Initialized
INFO - 2025-03-12 02:59:29 --> Security Class Initialized
DEBUG - 2025-03-12 02:59:29 --> Global POST, GET and COOKIE data sanitized
INFO - 2025-03-12 02:59:29 --> Input Class Initialized
INFO - 2025-03-12 02:59:29 --> Language Class Initialized
ERROR - 2025-03-12 02:59:29 --> 404 Page Not Found: /index
INFO - 2025-03-12 02:59:30 --> Config Class Initialized
INFO - 2025-03-12 02:59:30 --> Hooks Class Initialized
DEBUG - 2025-03-12 02:59:30 --> UTF-8 Support Enabled
INFO - 2025-03-12 02:59:30 --> Utf8 Class Initialized
INFO - 2025-03-12 02:59:30 --> URI Class Initialized
DEBUG - 2025-03-12 02:59:30 --> No URI present. Default controller set.
INFO - 2025-03-12 02:59:30 --> Router Class Initialized
INFO - 2025-03-12 02:59:30 --> Output Class Initialized
INFO - 2025-03-12 02:59:30 --> Security Class Initialized
DEBUG - 2025-03-12 02:59:30 --> Global POST, GET and COOKIE data sanitized
INFO - 2025-03-12 02:59:30 --> Input Class Initialized
INFO - 2025-03-12 02:59:30 --> Language Class Initialized
INFO - 2025-03-12 02:59:30 --> Language Class Initialized
INFO - 2025-03-12 02:59:30 --> Config Class Initialized
INFO - 2025-03-12 02:59:30 --> Loader Class Initialized
INFO - 2025-03-12 02:59:30 --> Helper loaded: url_helper
INFO - 2025-03-12 02:59:30 --> Helper loaded: easyui_helper
INFO - 2025-03-12 02:59:30 --> Helper loaded: param_helper
INFO - 2025-03-12 02:59:30 --> Helper loaded: credential_helper
INFO - 2025-03-12 02:59:30 --> Helper loaded: template_helper
INFO - 2025-03-12 02:59:30 --> Helper loaded: rest_helper
INFO - 2025-03-12 02:59:30 --> Database Driver Class Initialized
DEBUG - 2025-03-12 02:59:30 --> Idgenerator class already loaded. Second attempt ignored.
INFO - 2025-03-12 02:59:30 --> Controller Class Initialized
DEBUG - 2025-03-12 02:59:30 --> File loaded: /apps/web-drc/application/modules/app_auth/views/login_lte_template.php
DEBUG - 2025-03-12 02:59:30 --> File loaded: /apps/web-drc/application/views/template_login_lte/header.php
DEBUG - 2025-03-12 02:59:30 --> File loaded: /apps/web-drc/application/views/template_login_lte/contents.php
DEBUG - 2025-03-12 02:59:30 --> File loaded: /apps/web-drc/application/views/template_login_lte/default.php
INFO - 2025-03-12 02:59:30 --> Final output sent to browser
DEBUG - 2025-03-12 02:59:30 --> Total execution time: 0.0032
INFO - 2025-03-12 02:59:31 --> Config Class Initialized
INFO - 2025-03-12 02:59:31 --> Hooks Class Initialized
DEBUG - 2025-03-12 02:59:31 --> UTF-8 Support Enabled
INFO - 2025-03-12 02:59:31 --> Utf8 Class Initialized
INFO - 2025-03-12 02:59:31 --> URI Class Initialized
INFO - 2025-03-12 02:59:31 --> Router Class Initialized
INFO - 2025-03-12 02:59:31 --> Output Class Initialized
INFO - 2025-03-12 02:59:31 --> Security Class Initialized
DEBUG - 2025-03-12 02:59:31 --> Global POST, GET and COOKIE data sanitized
INFO - 2025-03-12 02:59:31 --> Input Class Initialized
INFO - 2025-03-12 02:59:31 --> Language Class Initialized
ERROR - 2025-03-12 02:59:31 --> 404 Page Not Found: /index
INFO - 2025-03-12 02:59:31 --> Config Class Initialized
INFO - 2025-03-12 02:59:31 --> Hooks Class Initialized
DEBUG - 2025-03-12 02:59:31 --> UTF-8 Support Enabled
INFO - 2025-03-12 02:59:31 --> Utf8 Class Initialized
INFO - 2025-03-12 02:59:31 --> URI Class Initialized
INFO - 2025-03-12 02:59:31 --> Router Class Initialized
INFO - 2025-03-12 02:59:31 --> Output Class Initialized
INFO - 2025-03-12 02:59:31 --> Security Class Initialized
DEBUG - 2025-03-12 02:59:31 --> Global POST, GET and COOKIE data sanitized
INFO - 2025-03-12 02:59:31 --> Input Class Initialized
INFO - 2025-03-12 02:59:31 --> Language Class Initialized
ERROR - 2025-03-12 02:59:31 --> 404 Page Not Found: /index
INFO - 2025-03-12 02:59:34 --> Config Class Initialized
INFO - 2025-03-12 02:59:34 --> Hooks Class Initialized
DEBUG - 2025-03-12 02:59:34 --> UTF-8 Support Enabled
INFO - 2025-03-12 02:59:34 --> Utf8 Class Initialized
INFO - 2025-03-12 02:59:34 --> URI Class Initialized
INFO - 2025-03-12 02:59:34 --> Router Class Initialized
INFO - 2025-03-12 02:59:34 --> Output Class Initialized
INFO - 2025-03-12 02:59:34 --> Security Class Initialized
DEBUG - 2025-03-12 02:59:34 --> Global POST, GET and COOKIE data sanitized
INFO - 2025-03-12 02:59:34 --> Input Class Initialized
INFO - 2025-03-12 02:59:34 --> Language Class Initialized
ERROR - 2025-03-12 02:59:34 --> 404 Page Not Found: /index
INFO - 2025-03-12 02:59:35 --> Config Class Initialized
INFO - 2025-03-12 02:59:35 --> Hooks Class Initialized
DEBUG - 2025-03-12 02:59:35 --> UTF-8 Support Enabled
INFO - 2025-03-12 02:59:35 --> Utf8 Class Initialized
INFO - 2025-03-12 02:59:35 --> URI Class Initialized
INFO - 2025-03-12 02:59:35 --> Router Class Initialized
INFO - 2025-03-12 02:59:35 --> Output Class Initialized
INFO - 2025-03-12 02:59:35 --> Security Class Initialized
DEBUG - 2025-03-12 02:59:35 --> Global POST, GET and COOKIE data sanitized
INFO - 2025-03-12 02:59:35 --> Input Class Initialized
INFO - 2025-03-12 02:59:35 --> Language Class Initialized
ERROR - 2025-03-12 02:59:35 --> 404 Page Not Found: /index
INFO - 2025-03-12 02:59:36 --> Config Class Initialized
INFO - 2025-03-12 02:59:36 --> Hooks Class Initialized
DEBUG - 2025-03-12 02:59:36 --> UTF-8 Support Enabled
INFO - 2025-03-12 02:59:36 --> Utf8 Class Initialized
INFO - 2025-03-12 02:59:36 --> URI Class Initialized
INFO - 2025-03-12 02:59:36 --> Router Class Initialized
INFO - 2025-03-12 02:59:36 --> Output Class Initialized
INFO - 2025-03-12 02:59:36 --> Security Class Initialized
DEBUG - 2025-03-12 02:59:36 --> Global POST, GET and COOKIE data sanitized
INFO - 2025-03-12 02:59:36 --> Input Class Initialized
INFO - 2025-03-12 02:59:36 --> Language Class Initialized
ERROR - 2025-03-12 02:59:36 --> 404 Page Not Found: /index
INFO - 2025-03-12 02:59:36 --> Config Class Initialized
INFO - 2025-03-12 02:59:36 --> Hooks Class Initialized
DEBUG - 2025-03-12 02:59:36 --> UTF-8 Support Enabled
INFO - 2025-03-12 02:59:36 --> Utf8 Class Initialized
INFO - 2025-03-12 02:59:36 --> URI Class Initialized
INFO - 2025-03-12 02:59:36 --> Router Class Initialized
INFO - 2025-03-12 02:59:36 --> Output Class Initialized
INFO - 2025-03-12 02:59:36 --> Security Class Initialized
DEBUG - 2025-03-12 02:59:36 --> Global POST, GET and COOKIE data sanitized
INFO - 2025-03-12 02:59:36 --> Input Class Initialized
INFO - 2025-03-12 02:59:36 --> Language Class Initialized
ERROR - 2025-03-12 02:59:36 --> 404 Page Not Found: /index
INFO - 2025-03-12 02:59:37 --> Config Class Initialized
INFO - 2025-03-12 02:59:37 --> Hooks Class Initialized
DEBUG - 2025-03-12 02:59:37 --> UTF-8 Support Enabled
INFO - 2025-03-12 02:59:37 --> Utf8 Class Initialized
INFO - 2025-03-12 02:59:37 --> URI Class Initialized
INFO - 2025-03-12 02:59:37 --> Router Class Initialized
INFO - 2025-03-12 02:59:37 --> Output Class Initialized
INFO - 2025-03-12 02:59:37 --> Security Class Initialized
DEBUG - 2025-03-12 02:59:37 --> Global POST, GET and COOKIE data sanitized
INFO - 2025-03-12 02:59:37 --> Input Class Initialized
INFO - 2025-03-12 02:59:37 --> Language Class Initialized
ERROR - 2025-03-12 02:59:37 --> 404 Page Not Found: /index
INFO - 2025-03-12 02:59:37 --> Config Class Initialized
INFO - 2025-03-12 02:59:37 --> Hooks Class Initialized
DEBUG - 2025-03-12 02:59:37 --> UTF-8 Support Enabled
INFO - 2025-03-12 02:59:37 --> Utf8 Class Initialized
INFO - 2025-03-12 02:59:37 --> URI Class Initialized
INFO - 2025-03-12 02:59:37 --> Router Class Initialized
INFO - 2025-03-12 02:59:37 --> Output Class Initialized
INFO - 2025-03-12 02:59:37 --> Security Class Initialized
DEBUG - 2025-03-12 02:59:37 --> Global POST, GET and COOKIE data sanitized
INFO - 2025-03-12 02:59:37 --> Input Class Initialized
INFO - 2025-03-12 02:59:37 --> Language Class Initialized
ERROR - 2025-03-12 02:59:37 --> 404 Page Not Found: /index
INFO - 2025-03-12 02:59:37 --> Config Class Initialized
INFO - 2025-03-12 02:59:37 --> Hooks Class Initialized
DEBUG - 2025-03-12 02:59:37 --> UTF-8 Support Enabled
INFO - 2025-03-12 02:59:37 --> Utf8 Class Initialized
INFO - 2025-03-12 02:59:37 --> URI Class Initialized
INFO - 2025-03-12 02:59:37 --> Router Class Initialized
INFO - 2025-03-12 02:59:37 --> Output Class Initialized
INFO - 2025-03-12 02:59:37 --> Security Class Initialized
DEBUG - 2025-03-12 02:59:37 --> Global POST, GET and COOKIE data sanitized
INFO - 2025-03-12 02:59:37 --> Input Class Initialized
INFO - 2025-03-12 02:59:37 --> Language Class Initialized
ERROR - 2025-03-12 02:59:37 --> 404 Page Not Found: /index
INFO - 2025-03-12 02:59:38 --> Config Class Initialized
INFO - 2025-03-12 02:59:38 --> Hooks Class Initialized
DEBUG - 2025-03-12 02:59:38 --> UTF-8 Support Enabled
INFO - 2025-03-12 02:59:38 --> Utf8 Class Initialized
INFO - 2025-03-12 02:59:38 --> URI Class Initialized
INFO - 2025-03-12 02:59:38 --> Router Class Initialized
INFO - 2025-03-12 02:59:38 --> Output Class Initialized
INFO - 2025-03-12 02:59:38 --> Security Class Initialized
DEBUG - 2025-03-12 02:59:38 --> Global POST, GET and COOKIE data sanitized
INFO - 2025-03-12 02:59:38 --> Input Class Initialized
INFO - 2025-03-12 02:59:38 --> Language Class Initialized
ERROR - 2025-03-12 02:59:38 --> 404 Page Not Found: /index
INFO - 2025-03-12 02:59:39 --> Config Class Initialized
INFO - 2025-03-12 02:59:39 --> Hooks Class Initialized
DEBUG - 2025-03-12 02:59:39 --> UTF-8 Support Enabled
INFO - 2025-03-12 02:59:39 --> Utf8 Class Initialized
INFO - 2025-03-12 02:59:39 --> URI Class Initialized
INFO - 2025-03-12 02:59:39 --> Router Class Initialized
INFO - 2025-03-12 02:59:39 --> Output Class Initialized
INFO - 2025-03-12 02:59:39 --> Security Class Initialized
DEBUG - 2025-03-12 02:59:39 --> Global POST, GET and COOKIE data sanitized
INFO - 2025-03-12 02:59:39 --> Input Class Initialized
INFO - 2025-03-12 02:59:39 --> Language Class Initialized
ERROR - 2025-03-12 02:59:39 --> 404 Page Not Found: /index
INFO - 2025-03-12 02:59:39 --> Config Class Initialized
INFO - 2025-03-12 02:59:39 --> Hooks Class Initialized
DEBUG - 2025-03-12 02:59:39 --> UTF-8 Support Enabled
INFO - 2025-03-12 02:59:39 --> Utf8 Class Initialized
INFO - 2025-03-12 02:59:39 --> URI Class Initialized
INFO - 2025-03-12 02:59:39 --> Router Class Initialized
INFO - 2025-03-12 02:59:39 --> Output Class Initialized
INFO - 2025-03-12 02:59:39 --> Security Class Initialized
DEBUG - 2025-03-12 02:59:39 --> Global POST, GET and COOKIE data sanitized
INFO - 2025-03-12 02:59:39 --> Input Class Initialized
INFO - 2025-03-12 02:59:39 --> Language Class Initialized
ERROR - 2025-03-12 02:59:39 --> 404 Page Not Found: /index
INFO - 2025-03-12 02:59:41 --> Config Class Initialized
INFO - 2025-03-12 02:59:41 --> Hooks Class Initialized
DEBUG - 2025-03-12 02:59:41 --> UTF-8 Support Enabled
INFO - 2025-03-12 02:59:41 --> Utf8 Class Initialized
INFO - 2025-03-12 02:59:41 --> URI Class Initialized
INFO - 2025-03-12 02:59:41 --> Router Class Initialized
INFO - 2025-03-12 02:59:41 --> Output Class Initialized
INFO - 2025-03-12 02:59:41 --> Security Class Initialized
DEBUG - 2025-03-12 02:59:41 --> Global POST, GET and COOKIE data sanitized
INFO - 2025-03-12 02:59:41 --> Input Class Initialized
INFO - 2025-03-12 02:59:41 --> Language Class Initialized
ERROR - 2025-03-12 02:59:41 --> 404 Page Not Found: /index
INFO - 2025-03-12 02:59:42 --> Config Class Initialized
INFO - 2025-03-12 02:59:42 --> Hooks Class Initialized
DEBUG - 2025-03-12 02:59:42 --> UTF-8 Support Enabled
INFO - 2025-03-12 02:59:42 --> Utf8 Class Initialized
INFO - 2025-03-12 02:59:42 --> URI Class Initialized
INFO - 2025-03-12 02:59:42 --> Router Class Initialized
INFO - 2025-03-12 02:59:42 --> Output Class Initialized
INFO - 2025-03-12 02:59:42 --> Security Class Initialized
DEBUG - 2025-03-12 02:59:42 --> Global POST, GET and COOKIE data sanitized
INFO - 2025-03-12 02:59:42 --> Input Class Initialized
INFO - 2025-03-12 02:59:42 --> Language Class Initialized
ERROR - 2025-03-12 02:59:42 --> 404 Page Not Found: /index
INFO - 2025-03-12 02:59:42 --> Config Class Initialized
INFO - 2025-03-12 02:59:42 --> Hooks Class Initialized
DEBUG - 2025-03-12 02:59:42 --> UTF-8 Support Enabled
INFO - 2025-03-12 02:59:42 --> Utf8 Class Initialized
INFO - 2025-03-12 02:59:42 --> URI Class Initialized
INFO - 2025-03-12 02:59:42 --> Router Class Initialized
INFO - 2025-03-12 02:59:42 --> Output Class Initialized
INFO - 2025-03-12 02:59:42 --> Security Class Initialized
DEBUG - 2025-03-12 02:59:42 --> Global POST, GET and COOKIE data sanitized
INFO - 2025-03-12 02:59:42 --> Input Class Initialized
INFO - 2025-03-12 02:59:42 --> Language Class Initialized
ERROR - 2025-03-12 02:59:42 --> 404 Page Not Found: /index
INFO - 2025-03-12 02:59:43 --> Config Class Initialized
INFO - 2025-03-12 02:59:43 --> Hooks Class Initialized
DEBUG - 2025-03-12 02:59:43 --> UTF-8 Support Enabled
INFO - 2025-03-12 02:59:43 --> Utf8 Class Initialized
INFO - 2025-03-12 02:59:43 --> URI Class Initialized
INFO - 2025-03-12 02:59:43 --> Router Class Initialized
INFO - 2025-03-12 02:59:43 --> Output Class Initialized
INFO - 2025-03-12 02:59:43 --> Security Class Initialized
DEBUG - 2025-03-12 02:59:43 --> Global POST, GET and COOKIE data sanitized
INFO - 2025-03-12 02:59:43 --> Input Class Initialized
INFO - 2025-03-12 02:59:43 --> Language Class Initialized
ERROR - 2025-03-12 02:59:43 --> 404 Page Not Found: /index
INFO - 2025-03-12 02:59:48 --> Config Class Initialized
INFO - 2025-03-12 02:59:48 --> Hooks Class Initialized
DEBUG - 2025-03-12 02:59:48 --> UTF-8 Support Enabled
INFO - 2025-03-12 02:59:48 --> Utf8 Class Initialized
INFO - 2025-03-12 02:59:48 --> URI Class Initialized
INFO - 2025-03-12 02:59:48 --> Router Class Initialized
INFO - 2025-03-12 02:59:48 --> Output Class Initialized
INFO - 2025-03-12 02:59:48 --> Security Class Initialized
DEBUG - 2025-03-12 02:59:48 --> Global POST, GET and COOKIE data sanitized
INFO - 2025-03-12 02:59:48 --> Input Class Initialized
INFO - 2025-03-12 02:59:48 --> Language Class Initialized
ERROR - 2025-03-12 02:59:48 --> 404 Page Not Found: /index
INFO - 2025-03-12 02:59:48 --> Config Class Initialized
INFO - 2025-03-12 02:59:48 --> Hooks Class Initialized
DEBUG - 2025-03-12 02:59:48 --> UTF-8 Support Enabled
INFO - 2025-03-12 02:59:48 --> Utf8 Class Initialized
INFO - 2025-03-12 02:59:48 --> URI Class Initialized
INFO - 2025-03-12 02:59:48 --> Router Class Initialized
INFO - 2025-03-12 02:59:48 --> Output Class Initialized
INFO - 2025-03-12 02:59:48 --> Security Class Initialized
DEBUG - 2025-03-12 02:59:48 --> Global POST, GET and COOKIE data sanitized
INFO - 2025-03-12 02:59:48 --> Input Class Initialized
INFO - 2025-03-12 02:59:48 --> Language Class Initialized
ERROR - 2025-03-12 02:59:48 --> 404 Page Not Found: /index
INFO - 2025-03-12 02:59:49 --> Config Class Initialized
INFO - 2025-03-12 02:59:49 --> Hooks Class Initialized
DEBUG - 2025-03-12 02:59:49 --> UTF-8 Support Enabled
INFO - 2025-03-12 02:59:49 --> Utf8 Class Initialized
INFO - 2025-03-12 02:59:49 --> URI Class Initialized
INFO - 2025-03-12 02:59:49 --> Router Class Initialized
INFO - 2025-03-12 02:59:49 --> Output Class Initialized
INFO - 2025-03-12 02:59:49 --> Security Class Initialized
DEBUG - 2025-03-12 02:59:49 --> Global POST, GET and COOKIE data sanitized
INFO - 2025-03-12 02:59:49 --> Input Class Initialized
INFO - 2025-03-12 02:59:49 --> Language Class Initialized
ERROR - 2025-03-12 02:59:49 --> 404 Page Not Found: /index
INFO - 2025-03-12 02:59:51 --> Config Class Initialized
INFO - 2025-03-12 02:59:51 --> Hooks Class Initialized
DEBUG - 2025-03-12 02:59:51 --> UTF-8 Support Enabled
INFO - 2025-03-12 02:59:51 --> Utf8 Class Initialized
INFO - 2025-03-12 02:59:51 --> URI Class Initialized
INFO - 2025-03-12 02:59:51 --> Router Class Initialized
INFO - 2025-03-12 02:59:51 --> Output Class Initialized
INFO - 2025-03-12 02:59:51 --> Security Class Initialized
DEBUG - 2025-03-12 02:59:51 --> Global POST, GET and COOKIE data sanitized
INFO - 2025-03-12 02:59:51 --> Input Class Initialized
INFO - 2025-03-12 02:59:51 --> Language Class Initialized
ERROR - 2025-03-12 02:59:51 --> 404 Page Not Found: /index
INFO - 2025-03-12 02:59:52 --> Config Class Initialized
INFO - 2025-03-12 02:59:52 --> Hooks Class Initialized
DEBUG - 2025-03-12 02:59:52 --> UTF-8 Support Enabled
INFO - 2025-03-12 02:59:52 --> Utf8 Class Initialized
INFO - 2025-03-12 02:59:52 --> URI Class Initialized
INFO - 2025-03-12 02:59:52 --> Router Class Initialized
INFO - 2025-03-12 02:59:52 --> Output Class Initialized
INFO - 2025-03-12 02:59:52 --> Security Class Initialized
DEBUG - 2025-03-12 02:59:52 --> Global POST, GET and COOKIE data sanitized
INFO - 2025-03-12 02:59:52 --> Input Class Initialized
INFO - 2025-03-12 02:59:52 --> Language Class Initialized
ERROR - 2025-03-12 02:59:52 --> 404 Page Not Found: /index
INFO - 2025-03-12 02:59:53 --> Config Class Initialized
INFO - 2025-03-12 02:59:53 --> Hooks Class Initialized
DEBUG - 2025-03-12 02:59:53 --> UTF-8 Support Enabled
INFO - 2025-03-12 02:59:53 --> Utf8 Class Initialized
INFO - 2025-03-12 02:59:53 --> URI Class Initialized
INFO - 2025-03-12 02:59:53 --> Router Class Initialized
INFO - 2025-03-12 02:59:53 --> Output Class Initialized
INFO - 2025-03-12 02:59:53 --> Security Class Initialized
DEBUG - 2025-03-12 02:59:53 --> Global POST, GET and COOKIE data sanitized
INFO - 2025-03-12 02:59:53 --> Input Class Initialized
INFO - 2025-03-12 02:59:53 --> Language Class Initialized
ERROR - 2025-03-12 02:59:53 --> 404 Page Not Found: /index
INFO - 2025-03-12 02:59:57 --> Config Class Initialized
INFO - 2025-03-12 02:59:57 --> Hooks Class Initialized
DEBUG - 2025-03-12 02:59:57 --> UTF-8 Support Enabled
INFO - 2025-03-12 02:59:57 --> Utf8 Class Initialized
INFO - 2025-03-12 02:59:57 --> URI Class Initialized
DEBUG - 2025-03-12 02:59:57 --> No URI present. Default controller set.
INFO - 2025-03-12 02:59:57 --> Router Class Initialized
INFO - 2025-03-12 02:59:57 --> Output Class Initialized
INFO - 2025-03-12 02:59:57 --> Security Class Initialized
DEBUG - 2025-03-12 02:59:57 --> Global POST, GET and COOKIE data sanitized
INFO - 2025-03-12 02:59:57 --> Input Class Initialized
INFO - 2025-03-12 02:59:57 --> Language Class Initialized
INFO - 2025-03-12 02:59:57 --> Language Class Initialized
INFO - 2025-03-12 02:59:57 --> Config Class Initialized
INFO - 2025-03-12 02:59:57 --> Loader Class Initialized
INFO - 2025-03-12 02:59:57 --> Helper loaded: url_helper
INFO - 2025-03-12 02:59:57 --> Helper loaded: easyui_helper
INFO - 2025-03-12 02:59:57 --> Helper loaded: param_helper
INFO - 2025-03-12 02:59:57 --> Helper loaded: credential_helper
INFO - 2025-03-12 02:59:57 --> Helper loaded: template_helper
INFO - 2025-03-12 02:59:57 --> Helper loaded: rest_helper
INFO - 2025-03-12 02:59:57 --> Database Driver Class Initialized
DEBUG - 2025-03-12 02:59:57 --> Idgenerator class already loaded. Second attempt ignored.
INFO - 2025-03-12 02:59:57 --> Controller Class Initialized
DEBUG - 2025-03-12 02:59:57 --> File loaded: /apps/web-drc/application/modules/app_auth/views/login_lte_template.php
DEBUG - 2025-03-12 02:59:57 --> File loaded: /apps/web-drc/application/views/template_login_lte/header.php
DEBUG - 2025-03-12 02:59:57 --> File loaded: /apps/web-drc/application/views/template_login_lte/contents.php
DEBUG - 2025-03-12 02:59:57 --> File loaded: /apps/web-drc/application/views/template_login_lte/default.php
INFO - 2025-03-12 02:59:57 --> Final output sent to browser
DEBUG - 2025-03-12 02:59:57 --> Total execution time: 0.0032
INFO - 2025-03-12 02:59:57 --> Config Class Initialized
INFO - 2025-03-12 02:59:57 --> Hooks Class Initialized
DEBUG - 2025-03-12 02:59:57 --> UTF-8 Support Enabled
INFO - 2025-03-12 02:59:57 --> Utf8 Class Initialized
INFO - 2025-03-12 02:59:57 --> URI Class Initialized
INFO - 2025-03-12 02:59:57 --> Router Class Initialized
INFO - 2025-03-12 02:59:57 --> Output Class Initialized
INFO - 2025-03-12 02:59:57 --> Security Class Initialized
DEBUG - 2025-03-12 02:59:57 --> Global POST, GET and COOKIE data sanitized
INFO - 2025-03-12 02:59:57 --> Input Class Initialized
INFO - 2025-03-12 02:59:57 --> Language Class Initialized
ERROR - 2025-03-12 02:59:57 --> 404 Page Not Found: /index
INFO - 2025-03-12 02:59:58 --> Config Class Initialized
INFO - 2025-03-12 02:59:58 --> Hooks Class Initialized
DEBUG - 2025-03-12 02:59:58 --> UTF-8 Support Enabled
INFO - 2025-03-12 02:59:58 --> Utf8 Class Initialized
INFO - 2025-03-12 02:59:58 --> URI Class Initialized
INFO - 2025-03-12 02:59:58 --> Router Class Initialized
INFO - 2025-03-12 02:59:58 --> Output Class Initialized
INFO - 2025-03-12 02:59:58 --> Security Class Initialized
DEBUG - 2025-03-12 02:59:58 --> Global POST, GET and COOKIE data sanitized
INFO - 2025-03-12 02:59:58 --> Input Class Initialized
INFO - 2025-03-12 02:59:58 --> Language Class Initialized
ERROR - 2025-03-12 02:59:58 --> 404 Page Not Found: /index
INFO - 2025-03-12 02:59:59 --> Config Class Initialized
INFO - 2025-03-12 02:59:59 --> Hooks Class Initialized
DEBUG - 2025-03-12 02:59:59 --> UTF-8 Support Enabled
INFO - 2025-03-12 02:59:59 --> Utf8 Class Initialized
INFO - 2025-03-12 02:59:59 --> URI Class Initialized
INFO - 2025-03-12 02:59:59 --> Router Class Initialized
INFO - 2025-03-12 02:59:59 --> Output Class Initialized
INFO - 2025-03-12 02:59:59 --> Security Class Initialized
DEBUG - 2025-03-12 02:59:59 --> Global POST, GET and COOKIE data sanitized
INFO - 2025-03-12 02:59:59 --> Input Class Initialized
INFO - 2025-03-12 02:59:59 --> Language Class Initialized
ERROR - 2025-03-12 02:59:59 --> 404 Page Not Found: /index
INFO - 2025-03-12 02:59:59 --> Config Class Initialized
INFO - 2025-03-12 02:59:59 --> Hooks Class Initialized
DEBUG - 2025-03-12 02:59:59 --> UTF-8 Support Enabled
INFO - 2025-03-12 02:59:59 --> Utf8 Class Initialized
INFO - 2025-03-12 02:59:59 --> URI Class Initialized
INFO - 2025-03-12 02:59:59 --> Router Class Initialized
INFO - 2025-03-12 02:59:59 --> Output Class Initialized
INFO - 2025-03-12 02:59:59 --> Security Class Initialized
DEBUG - 2025-03-12 02:59:59 --> Global POST, GET and COOKIE data sanitized
INFO - 2025-03-12 02:59:59 --> Input Class Initialized
INFO - 2025-03-12 02:59:59 --> Language Class Initialized
ERROR - 2025-03-12 02:59:59 --> 404 Page Not Found: /index
INFO - 2025-03-12 02:59:59 --> Config Class Initialized
INFO - 2025-03-12 02:59:59 --> Hooks Class Initialized
DEBUG - 2025-03-12 02:59:59 --> UTF-8 Support Enabled
INFO - 2025-03-12 02:59:59 --> Utf8 Class Initialized
INFO - 2025-03-12 02:59:59 --> URI Class Initialized
INFO - 2025-03-12 02:59:59 --> Router Class Initialized
INFO - 2025-03-12 02:59:59 --> Output Class Initialized
INFO - 2025-03-12 02:59:59 --> Security Class Initialized
DEBUG - 2025-03-12 02:59:59 --> Global POST, GET and COOKIE data sanitized
INFO - 2025-03-12 02:59:59 --> Input Class Initialized
INFO - 2025-03-12 02:59:59 --> Language Class Initialized
ERROR - 2025-03-12 02:59:59 --> 404 Page Not Found: /index
INFO - 2025-03-12 03:00:01 --> Config Class Initialized
INFO - 2025-03-12 03:00:01 --> Hooks Class Initialized
DEBUG - 2025-03-12 03:00:01 --> UTF-8 Support Enabled
INFO - 2025-03-12 03:00:01 --> Utf8 Class Initialized
INFO - 2025-03-12 03:00:01 --> URI Class Initialized
INFO - 2025-03-12 03:00:01 --> Router Class Initialized
INFO - 2025-03-12 03:00:01 --> Output Class Initialized
INFO - 2025-03-12 03:00:01 --> Security Class Initialized
DEBUG - 2025-03-12 03:00:01 --> Global POST, GET and COOKIE data sanitized
INFO - 2025-03-12 03:00:01 --> Input Class Initialized
INFO - 2025-03-12 03:00:01 --> Language Class Initialized
ERROR - 2025-03-12 03:00:01 --> 404 Page Not Found: /index
INFO - 2025-03-12 03:00:02 --> Config Class Initialized
INFO - 2025-03-12 03:00:02 --> Hooks Class Initialized
DEBUG - 2025-03-12 03:00:02 --> UTF-8 Support Enabled
INFO - 2025-03-12 03:00:02 --> Utf8 Class Initialized
INFO - 2025-03-12 03:00:02 --> URI Class Initialized
INFO - 2025-03-12 03:00:02 --> Router Class Initialized
INFO - 2025-03-12 03:00:02 --> Output Class Initialized
INFO - 2025-03-12 03:00:02 --> Security Class Initialized
DEBUG - 2025-03-12 03:00:02 --> Global POST, GET and COOKIE data sanitized
INFO - 2025-03-12 03:00:02 --> Input Class Initialized
INFO - 2025-03-12 03:00:02 --> Language Class Initialized
ERROR - 2025-03-12 03:00:02 --> 404 Page Not Found: /index
INFO - 2025-03-12 03:00:02 --> Config Class Initialized
INFO - 2025-03-12 03:00:02 --> Hooks Class Initialized
DEBUG - 2025-03-12 03:00:02 --> UTF-8 Support Enabled
INFO - 2025-03-12 03:00:02 --> Utf8 Class Initialized
INFO - 2025-03-12 03:00:02 --> URI Class Initialized
INFO - 2025-03-12 03:00:02 --> Config Class Initialized
INFO - 2025-03-12 03:00:02 --> Hooks Class Initialized
DEBUG - 2025-03-12 03:00:02 --> UTF-8 Support Enabled
INFO - 2025-03-12 03:00:02 --> Utf8 Class Initialized
INFO - 2025-03-12 03:00:02 --> URI Class Initialized
INFO - 2025-03-12 03:00:02 --> Router Class Initialized
INFO - 2025-03-12 03:00:02 --> Output Class Initialized
INFO - 2025-03-12 03:00:02 --> Security Class Initialized
DEBUG - 2025-03-12 03:00:02 --> Global POST, GET and COOKIE data sanitized
INFO - 2025-03-12 03:00:02 --> Input Class Initialized
INFO - 2025-03-12 03:00:02 --> Language Class Initialized
ERROR - 2025-03-12 03:00:02 --> 404 Page Not Found: /index
INFO - 2025-03-12 03:00:02 --> Router Class Initialized
INFO - 2025-03-12 03:00:02 --> Output Class Initialized
INFO - 2025-03-12 03:00:02 --> Security Class Initialized
DEBUG - 2025-03-12 03:00:02 --> Global POST, GET and COOKIE data sanitized
INFO - 2025-03-12 03:00:02 --> Input Class Initialized
INFO - 2025-03-12 03:00:02 --> Language Class Initialized
ERROR - 2025-03-12 03:00:02 --> 404 Page Not Found: /index
INFO - 2025-03-12 03:00:03 --> Config Class Initialized
INFO - 2025-03-12 03:00:03 --> Hooks Class Initialized
DEBUG - 2025-03-12 03:00:03 --> UTF-8 Support Enabled
INFO - 2025-03-12 03:00:03 --> Utf8 Class Initialized
INFO - 2025-03-12 03:00:03 --> URI Class Initialized
INFO - 2025-03-12 03:00:03 --> Router Class Initialized
INFO - 2025-03-12 03:00:03 --> Output Class Initialized
INFO - 2025-03-12 03:00:03 --> Security Class Initialized
DEBUG - 2025-03-12 03:00:03 --> Global POST, GET and COOKIE data sanitized
INFO - 2025-03-12 03:00:03 --> Input Class Initialized
INFO - 2025-03-12 03:00:03 --> Language Class Initialized
ERROR - 2025-03-12 03:00:03 --> 404 Page Not Found: /index
INFO - 2025-03-12 03:00:04 --> Config Class Initialized
INFO - 2025-03-12 03:00:04 --> Hooks Class Initialized
DEBUG - 2025-03-12 03:00:04 --> UTF-8 Support Enabled
INFO - 2025-03-12 03:00:04 --> Utf8 Class Initialized
INFO - 2025-03-12 03:00:04 --> URI Class Initialized
INFO - 2025-03-12 03:00:04 --> Router Class Initialized
INFO - 2025-03-12 03:00:04 --> Output Class Initialized
INFO - 2025-03-12 03:00:04 --> Security Class Initialized
DEBUG - 2025-03-12 03:00:04 --> Global POST, GET and COOKIE data sanitized
INFO - 2025-03-12 03:00:04 --> Input Class Initialized
INFO - 2025-03-12 03:00:04 --> Language Class Initialized
ERROR - 2025-03-12 03:00:04 --> 404 Page Not Found: /index
INFO - 2025-03-12 03:00:05 --> Config Class Initialized
INFO - 2025-03-12 03:00:05 --> Hooks Class Initialized
DEBUG - 2025-03-12 03:00:05 --> UTF-8 Support Enabled
INFO - 2025-03-12 03:00:05 --> Utf8 Class Initialized
INFO - 2025-03-12 03:00:05 --> URI Class Initialized
INFO - 2025-03-12 03:00:05 --> Router Class Initialized
INFO - 2025-03-12 03:00:05 --> Output Class Initialized
INFO - 2025-03-12 03:00:05 --> Security Class Initialized
DEBUG - 2025-03-12 03:00:05 --> Global POST, GET and COOKIE data sanitized
INFO - 2025-03-12 03:00:05 --> Input Class Initialized
INFO - 2025-03-12 03:00:05 --> Language Class Initialized
ERROR - 2025-03-12 03:00:05 --> 404 Page Not Found: /index
INFO - 2025-03-12 03:00:08 --> Config Class Initialized
INFO - 2025-03-12 03:00:08 --> Hooks Class Initialized
DEBUG - 2025-03-12 03:00:08 --> UTF-8 Support Enabled
INFO - 2025-03-12 03:00:08 --> Utf8 Class Initialized
INFO - 2025-03-12 03:00:08 --> URI Class Initialized
INFO - 2025-03-12 03:00:08 --> Router Class Initialized
INFO - 2025-03-12 03:00:08 --> Output Class Initialized
INFO - 2025-03-12 03:00:08 --> Security Class Initialized
DEBUG - 2025-03-12 03:00:08 --> Global POST, GET and COOKIE data sanitized
INFO - 2025-03-12 03:00:08 --> Input Class Initialized
INFO - 2025-03-12 03:00:08 --> Language Class Initialized
ERROR - 2025-03-12 03:00:08 --> 404 Page Not Found: /index
INFO - 2025-03-12 03:00:08 --> Config Class Initialized
INFO - 2025-03-12 03:00:08 --> Hooks Class Initialized
DEBUG - 2025-03-12 03:00:08 --> UTF-8 Support Enabled
INFO - 2025-03-12 03:00:08 --> Utf8 Class Initialized
INFO - 2025-03-12 03:00:08 --> URI Class Initialized
INFO - 2025-03-12 03:00:08 --> Router Class Initialized
INFO - 2025-03-12 03:00:08 --> Output Class Initialized
INFO - 2025-03-12 03:00:08 --> Security Class Initialized
DEBUG - 2025-03-12 03:00:08 --> Global POST, GET and COOKIE data sanitized
INFO - 2025-03-12 03:00:08 --> Input Class Initialized
INFO - 2025-03-12 03:00:08 --> Language Class Initialized
ERROR - 2025-03-12 03:00:08 --> 404 Page Not Found: /index
INFO - 2025-03-12 03:00:09 --> Config Class Initialized
INFO - 2025-03-12 03:00:09 --> Hooks Class Initialized
DEBUG - 2025-03-12 03:00:09 --> UTF-8 Support Enabled
INFO - 2025-03-12 03:00:09 --> Utf8 Class Initialized
INFO - 2025-03-12 03:00:09 --> URI Class Initialized
INFO - 2025-03-12 03:00:09 --> Router Class Initialized
INFO - 2025-03-12 03:00:09 --> Output Class Initialized
INFO - 2025-03-12 03:00:09 --> Security Class Initialized
DEBUG - 2025-03-12 03:00:09 --> Global POST, GET and COOKIE data sanitized
INFO - 2025-03-12 03:00:09 --> Input Class Initialized
INFO - 2025-03-12 03:00:09 --> Language Class Initialized
ERROR - 2025-03-12 03:00:09 --> 404 Page Not Found: /index
INFO - 2025-03-12 03:00:09 --> Config Class Initialized
INFO - 2025-03-12 03:00:09 --> Hooks Class Initialized
DEBUG - 2025-03-12 03:00:09 --> UTF-8 Support Enabled
INFO - 2025-03-12 03:00:09 --> Utf8 Class Initialized
INFO - 2025-03-12 03:00:09 --> URI Class Initialized
INFO - 2025-03-12 03:00:09 --> Router Class Initialized
INFO - 2025-03-12 03:00:09 --> Output Class Initialized
INFO - 2025-03-12 03:00:09 --> Security Class Initialized
DEBUG - 2025-03-12 03:00:09 --> Global POST, GET and COOKIE data sanitized
INFO - 2025-03-12 03:00:09 --> Input Class Initialized
INFO - 2025-03-12 03:00:09 --> Language Class Initialized
ERROR - 2025-03-12 03:00:09 --> 404 Page Not Found: /index
INFO - 2025-03-12 03:00:11 --> Config Class Initialized
INFO - 2025-03-12 03:00:11 --> Hooks Class Initialized
DEBUG - 2025-03-12 03:00:11 --> UTF-8 Support Enabled
INFO - 2025-03-12 03:00:11 --> Utf8 Class Initialized
INFO - 2025-03-12 03:00:11 --> URI Class Initialized
INFO - 2025-03-12 03:00:11 --> Router Class Initialized
INFO - 2025-03-12 03:00:11 --> Output Class Initialized
INFO - 2025-03-12 03:00:11 --> Security Class Initialized
DEBUG - 2025-03-12 03:00:11 --> Global POST, GET and COOKIE data sanitized
INFO - 2025-03-12 03:00:11 --> Input Class Initialized
INFO - 2025-03-12 03:00:11 --> Language Class Initialized
ERROR - 2025-03-12 03:00:11 --> 404 Page Not Found: /index
INFO - 2025-03-12 03:00:12 --> Config Class Initialized
INFO - 2025-03-12 03:00:12 --> Hooks Class Initialized
DEBUG - 2025-03-12 03:00:12 --> UTF-8 Support Enabled
INFO - 2025-03-12 03:00:12 --> Utf8 Class Initialized
INFO - 2025-03-12 03:00:12 --> URI Class Initialized
INFO - 2025-03-12 03:00:12 --> Router Class Initialized
INFO - 2025-03-12 03:00:12 --> Output Class Initialized
INFO - 2025-03-12 03:00:12 --> Security Class Initialized
DEBUG - 2025-03-12 03:00:12 --> Global POST, GET and COOKIE data sanitized
INFO - 2025-03-12 03:00:12 --> Input Class Initialized
INFO - 2025-03-12 03:00:12 --> Language Class Initialized
ERROR - 2025-03-12 03:00:12 --> 404 Page Not Found: /index
INFO - 2025-03-12 03:00:13 --> Config Class Initialized
INFO - 2025-03-12 03:00:13 --> Hooks Class Initialized
DEBUG - 2025-03-12 03:00:13 --> UTF-8 Support Enabled
INFO - 2025-03-12 03:00:13 --> Utf8 Class Initialized
INFO - 2025-03-12 03:00:13 --> URI Class Initialized
INFO - 2025-03-12 03:00:13 --> Router Class Initialized
INFO - 2025-03-12 03:00:13 --> Output Class Initialized
INFO - 2025-03-12 03:00:13 --> Security Class Initialized
DEBUG - 2025-03-12 03:00:13 --> Global POST, GET and COOKIE data sanitized
INFO - 2025-03-12 03:00:13 --> Input Class Initialized
INFO - 2025-03-12 03:00:13 --> Language Class Initialized
ERROR - 2025-03-12 03:00:13 --> 404 Page Not Found: /index
INFO - 2025-03-12 03:00:14 --> Config Class Initialized
INFO - 2025-03-12 03:00:14 --> Hooks Class Initialized
DEBUG - 2025-03-12 03:00:14 --> UTF-8 Support Enabled
INFO - 2025-03-12 03:00:14 --> Utf8 Class Initialized
INFO - 2025-03-12 03:00:14 --> URI Class Initialized
DEBUG - 2025-03-12 03:00:14 --> No URI present. Default controller set.
INFO - 2025-03-12 03:00:14 --> Router Class Initialized
INFO - 2025-03-12 03:00:14 --> Output Class Initialized
INFO - 2025-03-12 03:00:14 --> Security Class Initialized
DEBUG - 2025-03-12 03:00:14 --> Global POST, GET and COOKIE data sanitized
INFO - 2025-03-12 03:00:14 --> Input Class Initialized
INFO - 2025-03-12 03:00:14 --> Language Class Initialized
INFO - 2025-03-12 03:00:14 --> Language Class Initialized
INFO - 2025-03-12 03:00:14 --> Config Class Initialized
INFO - 2025-03-12 03:00:14 --> Loader Class Initialized
INFO - 2025-03-12 03:00:14 --> Helper loaded: url_helper
INFO - 2025-03-12 03:00:14 --> Helper loaded: easyui_helper
INFO - 2025-03-12 03:00:14 --> Helper loaded: param_helper
INFO - 2025-03-12 03:00:14 --> Helper loaded: credential_helper
INFO - 2025-03-12 03:00:14 --> Helper loaded: template_helper
INFO - 2025-03-12 03:00:14 --> Helper loaded: rest_helper
INFO - 2025-03-12 03:00:14 --> Database Driver Class Initialized
DEBUG - 2025-03-12 03:00:14 --> Idgenerator class already loaded. Second attempt ignored.
INFO - 2025-03-12 03:00:14 --> Controller Class Initialized
DEBUG - 2025-03-12 03:00:14 --> File loaded: /apps/web-drc/application/modules/app_auth/views/login_lte_template.php
DEBUG - 2025-03-12 03:00:14 --> File loaded: /apps/web-drc/application/views/template_login_lte/header.php
DEBUG - 2025-03-12 03:00:14 --> File loaded: /apps/web-drc/application/views/template_login_lte/contents.php
DEBUG - 2025-03-12 03:00:14 --> File loaded: /apps/web-drc/application/views/template_login_lte/default.php
INFO - 2025-03-12 03:00:14 --> Final output sent to browser
DEBUG - 2025-03-12 03:00:14 --> Total execution time: 0.0048
INFO - 2025-03-12 03:00:15 --> Config Class Initialized
INFO - 2025-03-12 03:00:15 --> Hooks Class Initialized
DEBUG - 2025-03-12 03:00:15 --> UTF-8 Support Enabled
INFO - 2025-03-12 03:00:15 --> Utf8 Class Initialized
INFO - 2025-03-12 03:00:15 --> URI Class Initialized
INFO - 2025-03-12 03:00:15 --> Router Class Initialized
INFO - 2025-03-12 03:00:15 --> Output Class Initialized
INFO - 2025-03-12 03:00:15 --> Security Class Initialized
DEBUG - 2025-03-12 03:00:15 --> Global POST, GET and COOKIE data sanitized
INFO - 2025-03-12 03:00:15 --> Input Class Initialized
INFO - 2025-03-12 03:00:15 --> Language Class Initialized
ERROR - 2025-03-12 03:00:15 --> 404 Page Not Found: /index
INFO - 2025-03-12 03:00:15 --> Config Class Initialized
INFO - 2025-03-12 03:00:15 --> Hooks Class Initialized
DEBUG - 2025-03-12 03:00:15 --> UTF-8 Support Enabled
INFO - 2025-03-12 03:00:15 --> Utf8 Class Initialized
INFO - 2025-03-12 03:00:15 --> URI Class Initialized
INFO - 2025-03-12 03:00:15 --> Router Class Initialized
INFO - 2025-03-12 03:00:15 --> Output Class Initialized
INFO - 2025-03-12 03:00:15 --> Security Class Initialized
DEBUG - 2025-03-12 03:00:15 --> Global POST, GET and COOKIE data sanitized
INFO - 2025-03-12 03:00:15 --> Input Class Initialized
INFO - 2025-03-12 03:00:15 --> Language Class Initialized
ERROR - 2025-03-12 03:00:15 --> 404 Page Not Found: /index
INFO - 2025-03-12 03:00:18 --> Config Class Initialized
INFO - 2025-03-12 03:00:18 --> Hooks Class Initialized
DEBUG - 2025-03-12 03:00:18 --> UTF-8 Support Enabled
INFO - 2025-03-12 03:00:18 --> Utf8 Class Initialized
INFO - 2025-03-12 03:00:18 --> URI Class Initialized
INFO - 2025-03-12 03:00:18 --> Router Class Initialized
INFO - 2025-03-12 03:00:18 --> Output Class Initialized
INFO - 2025-03-12 03:00:18 --> Security Class Initialized
DEBUG - 2025-03-12 03:00:18 --> Global POST, GET and COOKIE data sanitized
INFO - 2025-03-12 03:00:18 --> Input Class Initialized
INFO - 2025-03-12 03:00:18 --> Language Class Initialized
ERROR - 2025-03-12 03:00:18 --> 404 Page Not Found: /index
INFO - 2025-03-12 03:00:22 --> Config Class Initialized
INFO - 2025-03-12 03:00:22 --> Hooks Class Initialized
DEBUG - 2025-03-12 03:00:22 --> UTF-8 Support Enabled
INFO - 2025-03-12 03:00:22 --> Utf8 Class Initialized
INFO - 2025-03-12 03:00:22 --> URI Class Initialized
INFO - 2025-03-12 03:00:22 --> Router Class Initialized
INFO - 2025-03-12 03:00:22 --> Output Class Initialized
INFO - 2025-03-12 03:00:22 --> Security Class Initialized
DEBUG - 2025-03-12 03:00:22 --> Global POST, GET and COOKIE data sanitized
INFO - 2025-03-12 03:00:22 --> Input Class Initialized
INFO - 2025-03-12 03:00:22 --> Language Class Initialized
ERROR - 2025-03-12 03:00:22 --> 404 Page Not Found: /index
INFO - 2025-03-12 03:00:23 --> Config Class Initialized
INFO - 2025-03-12 03:00:23 --> Hooks Class Initialized
DEBUG - 2025-03-12 03:00:23 --> UTF-8 Support Enabled
INFO - 2025-03-12 03:00:23 --> Utf8 Class Initialized
INFO - 2025-03-12 03:00:23 --> URI Class Initialized
INFO - 2025-03-12 03:00:23 --> Router Class Initialized
INFO - 2025-03-12 03:00:23 --> Output Class Initialized
INFO - 2025-03-12 03:00:23 --> Security Class Initialized
DEBUG - 2025-03-12 03:00:23 --> Global POST, GET and COOKIE data sanitized
INFO - 2025-03-12 03:00:23 --> Input Class Initialized
INFO - 2025-03-12 03:00:23 --> Language Class Initialized
ERROR - 2025-03-12 03:00:23 --> 404 Page Not Found: /index
INFO - 2025-03-12 03:00:24 --> Config Class Initialized
INFO - 2025-03-12 03:00:24 --> Hooks Class Initialized
DEBUG - 2025-03-12 03:00:24 --> UTF-8 Support Enabled
INFO - 2025-03-12 03:00:24 --> Utf8 Class Initialized
INFO - 2025-03-12 03:00:24 --> URI Class Initialized
DEBUG - 2025-03-12 03:00:24 --> No URI present. Default controller set.
INFO - 2025-03-12 03:00:24 --> Router Class Initialized
INFO - 2025-03-12 03:00:24 --> Output Class Initialized
INFO - 2025-03-12 03:00:24 --> Security Class Initialized
DEBUG - 2025-03-12 03:00:24 --> Global POST, GET and COOKIE data sanitized
INFO - 2025-03-12 03:00:24 --> Input Class Initialized
INFO - 2025-03-12 03:00:24 --> Language Class Initialized
INFO - 2025-03-12 03:00:24 --> Language Class Initialized
INFO - 2025-03-12 03:00:24 --> Config Class Initialized
INFO - 2025-03-12 03:00:24 --> Loader Class Initialized
INFO - 2025-03-12 03:00:24 --> Helper loaded: url_helper
INFO - 2025-03-12 03:00:24 --> Helper loaded: easyui_helper
INFO - 2025-03-12 03:00:24 --> Helper loaded: param_helper
INFO - 2025-03-12 03:00:24 --> Helper loaded: credential_helper
INFO - 2025-03-12 03:00:24 --> Helper loaded: template_helper
INFO - 2025-03-12 03:00:24 --> Helper loaded: rest_helper
INFO - 2025-03-12 03:00:24 --> Database Driver Class Initialized
DEBUG - 2025-03-12 03:00:24 --> Idgenerator class already loaded. Second attempt ignored.
INFO - 2025-03-12 03:00:24 --> Controller Class Initialized
DEBUG - 2025-03-12 03:00:24 --> File loaded: /apps/web-drc/application/modules/app_auth/views/login_lte_template.php
DEBUG - 2025-03-12 03:00:24 --> File loaded: /apps/web-drc/application/views/template_login_lte/header.php
DEBUG - 2025-03-12 03:00:24 --> File loaded: /apps/web-drc/application/views/template_login_lte/contents.php
DEBUG - 2025-03-12 03:00:24 --> File loaded: /apps/web-drc/application/views/template_login_lte/default.php
INFO - 2025-03-12 03:00:24 --> Final output sent to browser
DEBUG - 2025-03-12 03:00:24 --> Total execution time: 0.0061
INFO - 2025-03-12 03:00:29 --> Config Class Initialized
INFO - 2025-03-12 03:00:29 --> Hooks Class Initialized
DEBUG - 2025-03-12 03:00:29 --> UTF-8 Support Enabled
INFO - 2025-03-12 03:00:29 --> Utf8 Class Initialized
INFO - 2025-03-12 03:00:29 --> URI Class Initialized
INFO - 2025-03-12 03:00:29 --> Router Class Initialized
INFO - 2025-03-12 03:00:29 --> Output Class Initialized
INFO - 2025-03-12 03:00:29 --> Security Class Initialized
DEBUG - 2025-03-12 03:00:29 --> Global POST, GET and COOKIE data sanitized
INFO - 2025-03-12 03:00:29 --> Input Class Initialized
INFO - 2025-03-12 03:00:29 --> Language Class Initialized
ERROR - 2025-03-12 03:00:29 --> 404 Page Not Found: /index
INFO - 2025-03-12 03:00:41 --> Config Class Initialized
INFO - 2025-03-12 03:00:41 --> Hooks Class Initialized
DEBUG - 2025-03-12 03:00:41 --> UTF-8 Support Enabled
INFO - 2025-03-12 03:00:41 --> Utf8 Class Initialized
INFO - 2025-03-12 03:00:41 --> URI Class Initialized
INFO - 2025-03-12 03:00:41 --> Router Class Initialized
INFO - 2025-03-12 03:00:41 --> Output Class Initialized
INFO - 2025-03-12 03:00:41 --> Security Class Initialized
DEBUG - 2025-03-12 03:00:41 --> Global POST, GET and COOKIE data sanitized
INFO - 2025-03-12 03:00:41 --> Input Class Initialized
INFO - 2025-03-12 03:00:41 --> Language Class Initialized
ERROR - 2025-03-12 03:00:41 --> 404 Page Not Found: Home/username
INFO - 2025-03-12 03:00:53 --> Config Class Initialized
INFO - 2025-03-12 03:00:53 --> Hooks Class Initialized
DEBUG - 2025-03-12 03:00:53 --> UTF-8 Support Enabled
INFO - 2025-03-12 03:00:53 --> Utf8 Class Initialized
INFO - 2025-03-12 03:00:53 --> URI Class Initialized
INFO - 2025-03-12 03:00:53 --> Router Class Initialized
INFO - 2025-03-12 03:00:53 --> Output Class Initialized
INFO - 2025-03-12 03:00:53 --> Security Class Initialized
DEBUG - 2025-03-12 03:00:53 --> Global POST, GET and COOKIE data sanitized
INFO - 2025-03-12 03:00:53 --> Input Class Initialized
INFO - 2025-03-12 03:00:53 --> Language Class Initialized
ERROR - 2025-03-12 03:00:53 --> 404 Page Not Found: /index
INFO - 2025-03-12 03:00:55 --> Config Class Initialized
INFO - 2025-03-12 03:00:55 --> Hooks Class Initialized
DEBUG - 2025-03-12 03:00:55 --> UTF-8 Support Enabled
INFO - 2025-03-12 03:00:55 --> Utf8 Class Initialized
INFO - 2025-03-12 03:00:55 --> URI Class Initialized
DEBUG - 2025-03-12 03:00:55 --> No URI present. Default controller set.
INFO - 2025-03-12 03:00:55 --> Router Class Initialized
INFO - 2025-03-12 03:00:55 --> Output Class Initialized
INFO - 2025-03-12 03:00:55 --> Security Class Initialized
DEBUG - 2025-03-12 03:00:55 --> Global POST, GET and COOKIE data sanitized
INFO - 2025-03-12 03:00:55 --> Input Class Initialized
INFO - 2025-03-12 03:00:55 --> Language Class Initialized
INFO - 2025-03-12 03:00:55 --> Language Class Initialized
INFO - 2025-03-12 03:00:55 --> Config Class Initialized
INFO - 2025-03-12 03:00:55 --> Loader Class Initialized
INFO - 2025-03-12 03:00:55 --> Helper loaded: url_helper
INFO - 2025-03-12 03:00:55 --> Helper loaded: easyui_helper
INFO - 2025-03-12 03:00:55 --> Helper loaded: param_helper
INFO - 2025-03-12 03:00:55 --> Helper loaded: credential_helper
INFO - 2025-03-12 03:00:55 --> Helper loaded: template_helper
INFO - 2025-03-12 03:00:55 --> Helper loaded: rest_helper
INFO - 2025-03-12 03:00:55 --> Database Driver Class Initialized
DEBUG - 2025-03-12 03:00:55 --> Idgenerator class already loaded. Second attempt ignored.
INFO - 2025-03-12 03:00:55 --> Controller Class Initialized
DEBUG - 2025-03-12 03:00:55 --> File loaded: /apps/web-drc/application/modules/app_auth/views/login_lte_template.php
DEBUG - 2025-03-12 03:00:55 --> File loaded: /apps/web-drc/application/views/template_login_lte/header.php
DEBUG - 2025-03-12 03:00:55 --> File loaded: /apps/web-drc/application/views/template_login_lte/contents.php
DEBUG - 2025-03-12 03:00:55 --> File loaded: /apps/web-drc/application/views/template_login_lte/default.php
INFO - 2025-03-12 03:00:55 --> Final output sent to browser
DEBUG - 2025-03-12 03:00:55 --> Total execution time: 0.0042
INFO - 2025-03-12 03:00:57 --> Config Class Initialized
INFO - 2025-03-12 03:00:57 --> Hooks Class Initialized
DEBUG - 2025-03-12 03:00:57 --> UTF-8 Support Enabled
INFO - 2025-03-12 03:00:57 --> Utf8 Class Initialized
INFO - 2025-03-12 03:00:57 --> URI Class Initialized
INFO - 2025-03-12 03:00:57 --> Router Class Initialized
INFO - 2025-03-12 03:00:57 --> Output Class Initialized
INFO - 2025-03-12 03:00:57 --> Security Class Initialized
DEBUG - 2025-03-12 03:00:57 --> Global POST, GET and COOKIE data sanitized
INFO - 2025-03-12 03:00:57 --> Input Class Initialized
INFO - 2025-03-12 03:00:57 --> Language Class Initialized
ERROR - 2025-03-12 03:00:57 --> 404 Page Not Found: /index
INFO - 2025-03-12 03:01:27 --> Config Class Initialized
INFO - 2025-03-12 03:01:27 --> Hooks Class Initialized
DEBUG - 2025-03-12 03:01:27 --> UTF-8 Support Enabled
INFO - 2025-03-12 03:01:27 --> Utf8 Class Initialized
INFO - 2025-03-12 03:01:27 --> URI Class Initialized
INFO - 2025-03-12 03:01:27 --> Router Class Initialized
INFO - 2025-03-12 03:01:27 --> Output Class Initialized
INFO - 2025-03-12 03:01:27 --> Security Class Initialized
DEBUG - 2025-03-12 03:01:27 --> Global POST, GET and COOKIE data sanitized
INFO - 2025-03-12 03:01:27 --> Input Class Initialized
INFO - 2025-03-12 03:01:27 --> Language Class Initialized
ERROR - 2025-03-12 03:01:27 --> 404 Page Not Found: /index
INFO - 2025-03-12 03:01:29 --> Config Class Initialized
INFO - 2025-03-12 03:01:29 --> Hooks Class Initialized
DEBUG - 2025-03-12 03:01:29 --> UTF-8 Support Enabled
INFO - 2025-03-12 03:01:29 --> Utf8 Class Initialized
INFO - 2025-03-12 03:01:29 --> URI Class Initialized
INFO - 2025-03-12 03:01:29 --> Router Class Initialized
INFO - 2025-03-12 03:01:29 --> Output Class Initialized
INFO - 2025-03-12 03:01:29 --> Security Class Initialized
DEBUG - 2025-03-12 03:01:29 --> Global POST, GET and COOKIE data sanitized
INFO - 2025-03-12 03:01:29 --> Input Class Initialized
INFO - 2025-03-12 03:01:29 --> Language Class Initialized
ERROR - 2025-03-12 03:01:29 --> 404 Page Not Found: /index
INFO - 2025-03-12 03:03:01 --> Config Class Initialized
INFO - 2025-03-12 03:03:01 --> Hooks Class Initialized
DEBUG - 2025-03-12 03:03:01 --> UTF-8 Support Enabled
INFO - 2025-03-12 03:03:01 --> Utf8 Class Initialized
INFO - 2025-03-12 03:03:01 --> URI Class Initialized
DEBUG - 2025-03-12 03:03:01 --> No URI present. Default controller set.
INFO - 2025-03-12 03:03:01 --> Router Class Initialized
INFO - 2025-03-12 03:03:01 --> Output Class Initialized
INFO - 2025-03-12 03:03:01 --> Security Class Initialized
DEBUG - 2025-03-12 03:03:01 --> Global POST, GET and COOKIE data sanitized
INFO - 2025-03-12 03:03:01 --> Input Class Initialized
INFO - 2025-03-12 03:03:01 --> Language Class Initialized
INFO - 2025-03-12 03:03:01 --> Language Class Initialized
INFO - 2025-03-12 03:03:01 --> Config Class Initialized
INFO - 2025-03-12 03:03:01 --> Loader Class Initialized
INFO - 2025-03-12 03:03:01 --> Helper loaded: url_helper
INFO - 2025-03-12 03:03:01 --> Helper loaded: easyui_helper
INFO - 2025-03-12 03:03:01 --> Helper loaded: param_helper
INFO - 2025-03-12 03:03:01 --> Helper loaded: credential_helper
INFO - 2025-03-12 03:03:01 --> Helper loaded: template_helper
INFO - 2025-03-12 03:03:01 --> Helper loaded: rest_helper
INFO - 2025-03-12 03:03:01 --> Database Driver Class Initialized
DEBUG - 2025-03-12 03:03:01 --> Idgenerator class already loaded. Second attempt ignored.
INFO - 2025-03-12 03:03:01 --> Controller Class Initialized
DEBUG - 2025-03-12 03:03:01 --> File loaded: /apps/web-drc/application/modules/app_auth/views/login_lte_template.php
DEBUG - 2025-03-12 03:03:01 --> File loaded: /apps/web-drc/application/views/template_login_lte/header.php
DEBUG - 2025-03-12 03:03:01 --> File loaded: /apps/web-drc/application/views/template_login_lte/contents.php
DEBUG - 2025-03-12 03:03:01 --> File loaded: /apps/web-drc/application/views/template_login_lte/default.php
INFO - 2025-03-12 03:03:01 --> Final output sent to browser
DEBUG - 2025-03-12 03:03:01 --> Total execution time: 0.0035
INFO - 2025-03-12 03:03:45 --> Config Class Initialized
INFO - 2025-03-12 03:03:45 --> Hooks Class Initialized
DEBUG - 2025-03-12 03:03:45 --> UTF-8 Support Enabled
INFO - 2025-03-12 03:03:45 --> Utf8 Class Initialized
INFO - 2025-03-12 03:03:45 --> URI Class Initialized
DEBUG - 2025-03-12 03:03:45 --> No URI present. Default controller set.
INFO - 2025-03-12 03:03:45 --> Router Class Initialized
INFO - 2025-03-12 03:03:45 --> Output Class Initialized
INFO - 2025-03-12 03:03:45 --> Security Class Initialized
DEBUG - 2025-03-12 03:03:45 --> Global POST, GET and COOKIE data sanitized
INFO - 2025-03-12 03:03:45 --> Input Class Initialized
INFO - 2025-03-12 03:03:45 --> Language Class Initialized
INFO - 2025-03-12 03:03:45 --> Language Class Initialized
INFO - 2025-03-12 03:03:45 --> Config Class Initialized
INFO - 2025-03-12 03:03:45 --> Loader Class Initialized
INFO - 2025-03-12 03:03:45 --> Helper loaded: url_helper
INFO - 2025-03-12 03:03:45 --> Helper loaded: easyui_helper
INFO - 2025-03-12 03:03:45 --> Helper loaded: param_helper
INFO - 2025-03-12 03:03:45 --> Helper loaded: credential_helper
INFO - 2025-03-12 03:03:45 --> Helper loaded: template_helper
INFO - 2025-03-12 03:03:45 --> Helper loaded: rest_helper
INFO - 2025-03-12 03:03:45 --> Database Driver Class Initialized
DEBUG - 2025-03-12 03:03:45 --> Idgenerator class already loaded. Second attempt ignored.
INFO - 2025-03-12 03:03:45 --> Controller Class Initialized
DEBUG - 2025-03-12 03:03:45 --> File loaded: /apps/web-drc/application/modules/app_auth/views/login_lte_template.php
DEBUG - 2025-03-12 03:03:45 --> File loaded: /apps/web-drc/application/views/template_login_lte/header.php
DEBUG - 2025-03-12 03:03:45 --> File loaded: /apps/web-drc/application/views/template_login_lte/contents.php
DEBUG - 2025-03-12 03:03:45 --> File loaded: /apps/web-drc/application/views/template_login_lte/default.php
INFO - 2025-03-12 03:03:45 --> Final output sent to browser
DEBUG - 2025-03-12 03:03:45 --> Total execution time: 0.0035
INFO - 2025-03-12 03:05:05 --> Config Class Initialized
INFO - 2025-03-12 03:05:05 --> Hooks Class Initialized
DEBUG - 2025-03-12 03:05:05 --> UTF-8 Support Enabled
INFO - 2025-03-12 03:05:05 --> Utf8 Class Initialized
INFO - 2025-03-12 03:05:05 --> URI Class Initialized
DEBUG - 2025-03-12 03:05:05 --> No URI present. Default controller set.
INFO - 2025-03-12 03:05:05 --> Router Class Initialized
INFO - 2025-03-12 03:05:05 --> Output Class Initialized
INFO - 2025-03-12 03:05:05 --> Security Class Initialized
DEBUG - 2025-03-12 03:05:05 --> Global POST, GET and COOKIE data sanitized
INFO - 2025-03-12 03:05:05 --> Input Class Initialized
INFO - 2025-03-12 03:05:05 --> Language Class Initialized
INFO - 2025-03-12 03:05:05 --> Language Class Initialized
INFO - 2025-03-12 03:05:05 --> Config Class Initialized
INFO - 2025-03-12 03:05:05 --> Loader Class Initialized
INFO - 2025-03-12 03:05:05 --> Helper loaded: url_helper
INFO - 2025-03-12 03:05:05 --> Helper loaded: easyui_helper
INFO - 2025-03-12 03:05:05 --> Helper loaded: param_helper
INFO - 2025-03-12 03:05:05 --> Helper loaded: credential_helper
INFO - 2025-03-12 03:05:05 --> Helper loaded: template_helper
INFO - 2025-03-12 03:05:05 --> Helper loaded: rest_helper
INFO - 2025-03-12 03:05:05 --> Database Driver Class Initialized
DEBUG - 2025-03-12 03:05:05 --> Idgenerator class already loaded. Second attempt ignored.
INFO - 2025-03-12 03:05:05 --> Controller Class Initialized
DEBUG - 2025-03-12 03:05:05 --> File loaded: /apps/web-drc/application/modules/app_auth/views/login_lte_template.php
DEBUG - 2025-03-12 03:05:05 --> File loaded: /apps/web-drc/application/views/template_login_lte/header.php
DEBUG - 2025-03-12 03:05:05 --> File loaded: /apps/web-drc/application/views/template_login_lte/contents.php
DEBUG - 2025-03-12 03:05:05 --> File loaded: /apps/web-drc/application/views/template_login_lte/default.php
INFO - 2025-03-12 03:05:05 --> Final output sent to browser
DEBUG - 2025-03-12 03:05:05 --> Total execution time: 0.0035
INFO - 2025-03-12 03:15:23 --> Config Class Initialized
INFO - 2025-03-12 03:15:24 --> Hooks Class Initialized
DEBUG - 2025-03-12 03:15:24 --> UTF-8 Support Enabled
INFO - 2025-03-12 03:15:24 --> Utf8 Class Initialized
INFO - 2025-03-12 03:15:24 --> URI Class Initialized
DEBUG - 2025-03-12 03:15:24 --> No URI present. Default controller set.
INFO - 2025-03-12 03:15:24 --> Router Class Initialized
INFO - 2025-03-12 03:15:24 --> Output Class Initialized
INFO - 2025-03-12 03:15:24 --> Security Class Initialized
DEBUG - 2025-03-12 03:15:24 --> Global POST, GET and COOKIE data sanitized
INFO - 2025-03-12 03:15:24 --> Input Class Initialized
INFO - 2025-03-12 03:15:24 --> Language Class Initialized
INFO - 2025-03-12 03:15:24 --> Language Class Initialized
INFO - 2025-03-12 03:15:24 --> Config Class Initialized
INFO - 2025-03-12 03:15:24 --> Loader Class Initialized
INFO - 2025-03-12 03:15:24 --> Helper loaded: url_helper
INFO - 2025-03-12 03:15:24 --> Helper loaded: easyui_helper
INFO - 2025-03-12 03:15:24 --> Helper loaded: param_helper
INFO - 2025-03-12 03:15:24 --> Helper loaded: credential_helper
INFO - 2025-03-12 03:15:24 --> Helper loaded: template_helper
INFO - 2025-03-12 03:15:24 --> Helper loaded: rest_helper
INFO - 2025-03-12 03:15:24 --> Database Driver Class Initialized
DEBUG - 2025-03-12 03:15:24 --> Idgenerator class already loaded. Second attempt ignored.
INFO - 2025-03-12 03:15:24 --> Controller Class Initialized
DEBUG - 2025-03-12 03:15:24 --> File loaded: /apps/web-drc/application/modules/app_auth/views/login_lte_template.php
DEBUG - 2025-03-12 03:15:24 --> File loaded: /apps/web-drc/application/views/template_login_lte/header.php
DEBUG - 2025-03-12 03:15:24 --> File loaded: /apps/web-drc/application/views/template_login_lte/contents.php
DEBUG - 2025-03-12 03:15:24 --> File loaded: /apps/web-drc/application/views/template_login_lte/default.php
INFO - 2025-03-12 03:15:24 --> Final output sent to browser
DEBUG - 2025-03-12 03:15:24 --> Total execution time: 0.0040
INFO - 2025-03-12 04:00:15 --> Config Class Initialized
INFO - 2025-03-12 04:00:15 --> Hooks Class Initialized
DEBUG - 2025-03-12 04:00:15 --> UTF-8 Support Enabled
INFO - 2025-03-12 04:00:15 --> Utf8 Class Initialized
INFO - 2025-03-12 04:00:15 --> URI Class Initialized
DEBUG - 2025-03-12 04:00:15 --> No URI present. Default controller set.
INFO - 2025-03-12 04:00:15 --> Router Class Initialized
INFO - 2025-03-12 04:00:15 --> Output Class Initialized
INFO - 2025-03-12 04:00:15 --> Security Class Initialized
DEBUG - 2025-03-12 04:00:15 --> Global POST, GET and COOKIE data sanitized
INFO - 2025-03-12 04:00:15 --> Input Class Initialized
INFO - 2025-03-12 04:00:15 --> Language Class Initialized
INFO - 2025-03-12 04:00:15 --> Language Class Initialized
INFO - 2025-03-12 04:00:15 --> Config Class Initialized
INFO - 2025-03-12 04:00:15 --> Loader Class Initialized
INFO - 2025-03-12 04:00:15 --> Helper loaded: url_helper
INFO - 2025-03-12 04:00:15 --> Helper loaded: easyui_helper
INFO - 2025-03-12 04:00:15 --> Helper loaded: param_helper
INFO - 2025-03-12 04:00:15 --> Helper loaded: credential_helper
INFO - 2025-03-12 04:00:15 --> Helper loaded: template_helper
INFO - 2025-03-12 04:00:15 --> Helper loaded: rest_helper
INFO - 2025-03-12 04:00:15 --> Database Driver Class Initialized
DEBUG - 2025-03-12 04:00:15 --> Idgenerator class already loaded. Second attempt ignored.
INFO - 2025-03-12 04:00:15 --> Controller Class Initialized
DEBUG - 2025-03-12 04:00:15 --> File loaded: /apps/web-drc/application/modules/app_auth/views/login_lte_template.php
DEBUG - 2025-03-12 04:00:15 --> File loaded: /apps/web-drc/application/views/template_login_lte/header.php
DEBUG - 2025-03-12 04:00:15 --> File loaded: /apps/web-drc/application/views/template_login_lte/contents.php
DEBUG - 2025-03-12 04:00:15 --> File loaded: /apps/web-drc/application/views/template_login_lte/default.php
INFO - 2025-03-12 04:00:15 --> Final output sent to browser
DEBUG - 2025-03-12 04:00:15 --> Total execution time: 0.0033
INFO - 2025-03-12 04:24:02 --> Config Class Initialized
INFO - 2025-03-12 04:24:02 --> Hooks Class Initialized
DEBUG - 2025-03-12 04:24:02 --> UTF-8 Support Enabled
INFO - 2025-03-12 04:24:02 --> Utf8 Class Initialized
INFO - 2025-03-12 04:24:02 --> URI Class Initialized
DEBUG - 2025-03-12 04:24:02 --> No URI present. Default controller set.
INFO - 2025-03-12 04:24:02 --> Router Class Initialized
INFO - 2025-03-12 04:24:02 --> Output Class Initialized
INFO - 2025-03-12 04:24:02 --> Security Class Initialized
DEBUG - 2025-03-12 04:24:02 --> Global POST, GET and COOKIE data sanitized
INFO - 2025-03-12 04:24:02 --> Input Class Initialized
INFO - 2025-03-12 04:24:02 --> Language Class Initialized
INFO - 2025-03-12 04:24:02 --> Language Class Initialized
INFO - 2025-03-12 04:24:02 --> Config Class Initialized
INFO - 2025-03-12 04:24:02 --> Loader Class Initialized
INFO - 2025-03-12 04:24:02 --> Helper loaded: url_helper
INFO - 2025-03-12 04:24:02 --> Helper loaded: easyui_helper
INFO - 2025-03-12 04:24:02 --> Helper loaded: param_helper
INFO - 2025-03-12 04:24:02 --> Helper loaded: credential_helper
INFO - 2025-03-12 04:24:02 --> Helper loaded: template_helper
INFO - 2025-03-12 04:24:02 --> Helper loaded: rest_helper
INFO - 2025-03-12 04:24:02 --> Database Driver Class Initialized
DEBUG - 2025-03-12 04:24:02 --> Idgenerator class already loaded. Second attempt ignored.
INFO - 2025-03-12 04:24:02 --> Controller Class Initialized
DEBUG - 2025-03-12 04:24:02 --> File loaded: /apps/web-drc/application/modules/app_auth/views/login_lte_template.php
DEBUG - 2025-03-12 04:24:02 --> File loaded: /apps/web-drc/application/views/template_login_lte/header.php
DEBUG - 2025-03-12 04:24:02 --> File loaded: /apps/web-drc/application/views/template_login_lte/contents.php
DEBUG - 2025-03-12 04:24:02 --> File loaded: /apps/web-drc/application/views/template_login_lte/default.php
INFO - 2025-03-12 04:24:02 --> Final output sent to browser
DEBUG - 2025-03-12 04:24:02 --> Total execution time: 0.0045
INFO - 2025-03-12 04:24:07 --> Config Class Initialized
INFO - 2025-03-12 04:24:07 --> Hooks Class Initialized
DEBUG - 2025-03-12 04:24:07 --> UTF-8 Support Enabled
INFO - 2025-03-12 04:24:07 --> Utf8 Class Initialized
INFO - 2025-03-12 04:24:07 --> URI Class Initialized
INFO - 2025-03-12 04:24:07 --> Router Class Initialized
INFO - 2025-03-12 04:24:07 --> Output Class Initialized
INFO - 2025-03-12 04:24:07 --> Security Class Initialized
DEBUG - 2025-03-12 04:24:07 --> Global POST, GET and COOKIE data sanitized
INFO - 2025-03-12 04:24:07 --> Input Class Initialized
INFO - 2025-03-12 04:24:07 --> Language Class Initialized
ERROR - 2025-03-12 04:24:07 --> 404 Page Not Found: /index
INFO - 2025-03-12 04:38:15 --> Config Class Initialized
INFO - 2025-03-12 04:38:15 --> Hooks Class Initialized
DEBUG - 2025-03-12 04:38:15 --> UTF-8 Support Enabled
INFO - 2025-03-12 04:38:15 --> Utf8 Class Initialized
INFO - 2025-03-12 04:38:15 --> URI Class Initialized
INFO - 2025-03-12 04:38:15 --> Router Class Initialized
INFO - 2025-03-12 04:38:15 --> Output Class Initialized
INFO - 2025-03-12 04:38:15 --> Security Class Initialized
DEBUG - 2025-03-12 04:38:15 --> Global POST, GET and COOKIE data sanitized
INFO - 2025-03-12 04:38:15 --> Input Class Initialized
INFO - 2025-03-12 04:38:15 --> Language Class Initialized
INFO - 2025-03-12 04:38:15 --> Language Class Initialized
INFO - 2025-03-12 04:38:15 --> Config Class Initialized
INFO - 2025-03-12 04:38:15 --> Loader Class Initialized
INFO - 2025-03-12 04:38:15 --> Helper loaded: url_helper
INFO - 2025-03-12 04:38:15 --> Helper loaded: easyui_helper
INFO - 2025-03-12 04:38:15 --> Helper loaded: param_helper
INFO - 2025-03-12 04:38:15 --> Helper loaded: credential_helper
INFO - 2025-03-12 04:38:15 --> Helper loaded: template_helper
INFO - 2025-03-12 04:38:15 --> Helper loaded: rest_helper
INFO - 2025-03-12 04:38:15 --> Database Driver Class Initialized
DEBUG - 2025-03-12 04:38:15 --> Idgenerator class already loaded. Second attempt ignored.
INFO - 2025-03-12 04:38:15 --> Controller Class Initialized
INFO - 2025-03-12 04:38:15 --> Model Class Initialized
DEBUG - 2025-03-12 04:38:15 --> File loaded: /apps/web-drc/application/modules/api_v1/models/Api_v1_model.php
INFO - 2025-03-12 04:38:15 --> Model Class Initialized
ERROR - 2025-03-12 04:38:20 --> Query error: Duplicate entry '2025-03-12-GSKMD273-54797-AC05' for key 'PRIMARY' - Invalid query: insert into t_sales_crc(periode,salesmanid,customerid,productid,brandid,harga,price)
							select '2025-03-12',a.salesmanid, a.customerid, c.productid, d.brandid, d.h_ritel, ifnull(e.price,0)
							from t_sales_rrk a join m_customer_ob b on a.customerid = b.customerid and a.salesmanid=b.salesmanid
							join m_customer mc on b.customerid = mc.customerid
							join mapping_sku_active c on mc.classid = c.idaccount
							join m_product d on c.productid = d.productid
							left join t_stock_all_outlet e on a.salesmanid=e.salesmanid and a.customerid = e.customerid 
							and d.productid=e.productid and e.tahun=date_format('2025-03-12','%Y') and e.bulan=date_format('2025-03-12','%m')
						where a.periode='2025-03-12' and a.customerid not in (select distinct customerid from mapping_sku_active_last3months);
						
INFO - 2025-03-12 04:38:25 --> Final output sent to browser
DEBUG - 2025-03-12 04:38:25 --> Total execution time: 9.9968
INFO - 2025-03-12 05:26:09 --> Config Class Initialized
INFO - 2025-03-12 05:26:09 --> Hooks Class Initialized
DEBUG - 2025-03-12 05:26:09 --> UTF-8 Support Enabled
INFO - 2025-03-12 05:26:09 --> Utf8 Class Initialized
INFO - 2025-03-12 05:26:09 --> URI Class Initialized
INFO - 2025-03-12 05:26:09 --> Router Class Initialized
INFO - 2025-03-12 05:26:09 --> Output Class Initialized
INFO - 2025-03-12 05:26:09 --> Security Class Initialized
DEBUG - 2025-03-12 05:26:09 --> Global POST, GET and COOKIE data sanitized
INFO - 2025-03-12 05:26:09 --> Input Class Initialized
INFO - 2025-03-12 05:26:09 --> Language Class Initialized
ERROR - 2025-03-12 05:26:09 --> 404 Page Not Found: /index
INFO - 2025-03-12 05:55:03 --> Config Class Initialized
INFO - 2025-03-12 05:55:03 --> Hooks Class Initialized
DEBUG - 2025-03-12 05:55:03 --> UTF-8 Support Enabled
INFO - 2025-03-12 05:55:03 --> Utf8 Class Initialized
INFO - 2025-03-12 05:55:03 --> URI Class Initialized
DEBUG - 2025-03-12 05:55:03 --> No URI present. Default controller set.
INFO - 2025-03-12 05:55:03 --> Router Class Initialized
INFO - 2025-03-12 05:55:03 --> Output Class Initialized
INFO - 2025-03-12 05:55:03 --> Security Class Initialized
DEBUG - 2025-03-12 05:55:03 --> Global POST, GET and COOKIE data sanitized
INFO - 2025-03-12 05:55:03 --> Input Class Initialized
INFO - 2025-03-12 05:55:03 --> Language Class Initialized
INFO - 2025-03-12 05:55:03 --> Language Class Initialized
INFO - 2025-03-12 05:55:03 --> Config Class Initialized
INFO - 2025-03-12 05:55:03 --> Loader Class Initialized
INFO - 2025-03-12 05:55:03 --> Helper loaded: url_helper
INFO - 2025-03-12 05:55:03 --> Helper loaded: easyui_helper
INFO - 2025-03-12 05:55:03 --> Helper loaded: param_helper
INFO - 2025-03-12 05:55:03 --> Helper loaded: credential_helper
INFO - 2025-03-12 05:55:03 --> Helper loaded: template_helper
INFO - 2025-03-12 05:55:03 --> Helper loaded: rest_helper
INFO - 2025-03-12 05:55:03 --> Database Driver Class Initialized
DEBUG - 2025-03-12 05:55:03 --> Idgenerator class already loaded. Second attempt ignored.
INFO - 2025-03-12 05:55:03 --> Controller Class Initialized
DEBUG - 2025-03-12 05:55:03 --> File loaded: /apps/web-drc/application/modules/app_auth/views/login_lte_template.php
DEBUG - 2025-03-12 05:55:03 --> File loaded: /apps/web-drc/application/views/template_login_lte/header.php
DEBUG - 2025-03-12 05:55:03 --> File loaded: /apps/web-drc/application/views/template_login_lte/contents.php
DEBUG - 2025-03-12 05:55:03 --> File loaded: /apps/web-drc/application/views/template_login_lte/default.php
INFO - 2025-03-12 05:55:03 --> Final output sent to browser
DEBUG - 2025-03-12 05:55:03 --> Total execution time: 0.0033
INFO - 2025-03-12 06:30:19 --> Config Class Initialized
INFO - 2025-03-12 06:30:19 --> Hooks Class Initialized
DEBUG - 2025-03-12 06:30:19 --> UTF-8 Support Enabled
INFO - 2025-03-12 06:30:19 --> Utf8 Class Initialized
INFO - 2025-03-12 06:30:19 --> URI Class Initialized
DEBUG - 2025-03-12 06:30:19 --> No URI present. Default controller set.
INFO - 2025-03-12 06:30:19 --> Router Class Initialized
INFO - 2025-03-12 06:30:19 --> Output Class Initialized
INFO - 2025-03-12 06:30:19 --> Security Class Initialized
DEBUG - 2025-03-12 06:30:19 --> Global POST, GET and COOKIE data sanitized
INFO - 2025-03-12 06:30:19 --> Input Class Initialized
INFO - 2025-03-12 06:30:19 --> Language Class Initialized
INFO - 2025-03-12 06:30:19 --> Language Class Initialized
INFO - 2025-03-12 06:30:19 --> Config Class Initialized
INFO - 2025-03-12 06:30:19 --> Loader Class Initialized
INFO - 2025-03-12 06:30:19 --> Helper loaded: url_helper
INFO - 2025-03-12 06:30:19 --> Helper loaded: easyui_helper
INFO - 2025-03-12 06:30:19 --> Helper loaded: param_helper
INFO - 2025-03-12 06:30:19 --> Helper loaded: credential_helper
INFO - 2025-03-12 06:30:19 --> Helper loaded: template_helper
INFO - 2025-03-12 06:30:19 --> Helper loaded: rest_helper
INFO - 2025-03-12 06:30:19 --> Database Driver Class Initialized
DEBUG - 2025-03-12 06:30:19 --> Idgenerator class already loaded. Second attempt ignored.
INFO - 2025-03-12 06:30:19 --> Controller Class Initialized
DEBUG - 2025-03-12 06:30:19 --> File loaded: /apps/web-drc/application/modules/app_auth/views/login_lte_template.php
DEBUG - 2025-03-12 06:30:19 --> File loaded: /apps/web-drc/application/views/template_login_lte/header.php
DEBUG - 2025-03-12 06:30:19 --> File loaded: /apps/web-drc/application/views/template_login_lte/contents.php
DEBUG - 2025-03-12 06:30:19 --> File loaded: /apps/web-drc/application/views/template_login_lte/default.php
INFO - 2025-03-12 06:30:19 --> Final output sent to browser
DEBUG - 2025-03-12 06:30:19 --> Total execution time: 0.0051
INFO - 2025-03-12 06:30:25 --> Config Class Initialized
INFO - 2025-03-12 06:30:25 --> Hooks Class Initialized
DEBUG - 2025-03-12 06:30:25 --> UTF-8 Support Enabled
INFO - 2025-03-12 06:30:25 --> Utf8 Class Initialized
INFO - 2025-03-12 06:30:25 --> URI Class Initialized
INFO - 2025-03-12 06:30:25 --> Router Class Initialized
INFO - 2025-03-12 06:30:25 --> Output Class Initialized
INFO - 2025-03-12 06:30:25 --> Security Class Initialized
DEBUG - 2025-03-12 06:30:25 --> Global POST, GET and COOKIE data sanitized
INFO - 2025-03-12 06:30:25 --> Input Class Initialized
INFO - 2025-03-12 06:30:25 --> Language Class Initialized
ERROR - 2025-03-12 06:30:25 --> 404 Page Not Found: /index
INFO - 2025-03-12 06:34:05 --> Config Class Initialized
INFO - 2025-03-12 06:34:05 --> Hooks Class Initialized
DEBUG - 2025-03-12 06:34:05 --> UTF-8 Support Enabled
INFO - 2025-03-12 06:34:05 --> Utf8 Class Initialized
INFO - 2025-03-12 06:34:05 --> URI Class Initialized
INFO - 2025-03-12 06:34:05 --> Router Class Initialized
INFO - 2025-03-12 06:34:05 --> Output Class Initialized
INFO - 2025-03-12 06:34:05 --> Security Class Initialized
DEBUG - 2025-03-12 06:34:05 --> Global POST, GET and COOKIE data sanitized
INFO - 2025-03-12 06:34:05 --> Input Class Initialized
INFO - 2025-03-12 06:34:05 --> Language Class Initialized
ERROR - 2025-03-12 06:34:05 --> 404 Page Not Found: /index
INFO - 2025-03-12 06:34:05 --> Config Class Initialized
INFO - 2025-03-12 06:34:05 --> Hooks Class Initialized
DEBUG - 2025-03-12 06:34:05 --> UTF-8 Support Enabled
INFO - 2025-03-12 06:34:05 --> Utf8 Class Initialized
INFO - 2025-03-12 06:34:05 --> URI Class Initialized
INFO - 2025-03-12 06:34:05 --> Router Class Initialized
INFO - 2025-03-12 06:34:05 --> Output Class Initialized
INFO - 2025-03-12 06:34:05 --> Security Class Initialized
DEBUG - 2025-03-12 06:34:05 --> Global POST, GET and COOKIE data sanitized
INFO - 2025-03-12 06:34:05 --> Input Class Initialized
INFO - 2025-03-12 06:34:05 --> Language Class Initialized
ERROR - 2025-03-12 06:34:05 --> 404 Page Not Found: /index
INFO - 2025-03-12 06:34:05 --> Config Class Initialized
INFO - 2025-03-12 06:34:05 --> Hooks Class Initialized
DEBUG - 2025-03-12 06:34:05 --> UTF-8 Support Enabled
INFO - 2025-03-12 06:34:05 --> Utf8 Class Initialized
INFO - 2025-03-12 06:34:05 --> URI Class Initialized
INFO - 2025-03-12 06:34:05 --> Router Class Initialized
INFO - 2025-03-12 06:34:05 --> Output Class Initialized
INFO - 2025-03-12 06:34:05 --> Security Class Initialized
DEBUG - 2025-03-12 06:34:05 --> Global POST, GET and COOKIE data sanitized
INFO - 2025-03-12 06:34:05 --> Input Class Initialized
INFO - 2025-03-12 06:34:05 --> Language Class Initialized
ERROR - 2025-03-12 06:34:05 --> 404 Page Not Found: /index
INFO - 2025-03-12 06:34:06 --> Config Class Initialized
INFO - 2025-03-12 06:34:06 --> Hooks Class Initialized
DEBUG - 2025-03-12 06:34:06 --> UTF-8 Support Enabled
INFO - 2025-03-12 06:34:06 --> Utf8 Class Initialized
INFO - 2025-03-12 06:34:06 --> URI Class Initialized
INFO - 2025-03-12 06:34:06 --> Router Class Initialized
INFO - 2025-03-12 06:34:06 --> Output Class Initialized
INFO - 2025-03-12 06:34:06 --> Security Class Initialized
DEBUG - 2025-03-12 06:34:06 --> Global POST, GET and COOKIE data sanitized
INFO - 2025-03-12 06:34:06 --> Input Class Initialized
INFO - 2025-03-12 06:34:06 --> Language Class Initialized
ERROR - 2025-03-12 06:34:06 --> 404 Page Not Found: /index
INFO - 2025-03-12 06:34:06 --> Config Class Initialized
INFO - 2025-03-12 06:34:06 --> Hooks Class Initialized
DEBUG - 2025-03-12 06:34:06 --> UTF-8 Support Enabled
INFO - 2025-03-12 06:34:06 --> Utf8 Class Initialized
INFO - 2025-03-12 06:34:06 --> URI Class Initialized
INFO - 2025-03-12 06:34:06 --> Router Class Initialized
INFO - 2025-03-12 06:34:06 --> Output Class Initialized
INFO - 2025-03-12 06:34:06 --> Security Class Initialized
DEBUG - 2025-03-12 06:34:06 --> Global POST, GET and COOKIE data sanitized
INFO - 2025-03-12 06:34:06 --> Input Class Initialized
INFO - 2025-03-12 06:34:06 --> Language Class Initialized
ERROR - 2025-03-12 06:34:06 --> 404 Page Not Found: /index
INFO - 2025-03-12 06:34:07 --> Config Class Initialized
INFO - 2025-03-12 06:34:07 --> Hooks Class Initialized
DEBUG - 2025-03-12 06:34:07 --> UTF-8 Support Enabled
INFO - 2025-03-12 06:34:07 --> Utf8 Class Initialized
INFO - 2025-03-12 06:34:07 --> URI Class Initialized
INFO - 2025-03-12 06:34:07 --> Router Class Initialized
INFO - 2025-03-12 06:34:07 --> Output Class Initialized
INFO - 2025-03-12 06:34:07 --> Security Class Initialized
DEBUG - 2025-03-12 06:34:07 --> Global POST, GET and COOKIE data sanitized
INFO - 2025-03-12 06:34:07 --> Input Class Initialized
INFO - 2025-03-12 06:34:07 --> Language Class Initialized
ERROR - 2025-03-12 06:34:07 --> 404 Page Not Found: /index
INFO - 2025-03-12 06:34:07 --> Config Class Initialized
INFO - 2025-03-12 06:34:07 --> Hooks Class Initialized
DEBUG - 2025-03-12 06:34:07 --> UTF-8 Support Enabled
INFO - 2025-03-12 06:34:07 --> Utf8 Class Initialized
INFO - 2025-03-12 06:34:07 --> URI Class Initialized
INFO - 2025-03-12 06:34:07 --> Router Class Initialized
INFO - 2025-03-12 06:34:07 --> Output Class Initialized
INFO - 2025-03-12 06:34:07 --> Security Class Initialized
DEBUG - 2025-03-12 06:34:07 --> Global POST, GET and COOKIE data sanitized
INFO - 2025-03-12 06:34:07 --> Input Class Initialized
INFO - 2025-03-12 06:34:07 --> Language Class Initialized
ERROR - 2025-03-12 06:34:07 --> 404 Page Not Found: /index
INFO - 2025-03-12 06:34:07 --> Config Class Initialized
INFO - 2025-03-12 06:34:07 --> Hooks Class Initialized
DEBUG - 2025-03-12 06:34:07 --> UTF-8 Support Enabled
INFO - 2025-03-12 06:34:07 --> Utf8 Class Initialized
INFO - 2025-03-12 06:34:07 --> URI Class Initialized
INFO - 2025-03-12 06:34:07 --> Router Class Initialized
INFO - 2025-03-12 06:34:07 --> Output Class Initialized
INFO - 2025-03-12 06:34:07 --> Security Class Initialized
DEBUG - 2025-03-12 06:34:07 --> Global POST, GET and COOKIE data sanitized
INFO - 2025-03-12 06:34:07 --> Input Class Initialized
INFO - 2025-03-12 06:34:07 --> Language Class Initialized
ERROR - 2025-03-12 06:34:07 --> 404 Page Not Found: /index
INFO - 2025-03-12 06:34:08 --> Config Class Initialized
INFO - 2025-03-12 06:34:08 --> Hooks Class Initialized
DEBUG - 2025-03-12 06:34:08 --> UTF-8 Support Enabled
INFO - 2025-03-12 06:34:08 --> Utf8 Class Initialized
INFO - 2025-03-12 06:34:08 --> URI Class Initialized
INFO - 2025-03-12 06:34:08 --> Router Class Initialized
INFO - 2025-03-12 06:34:08 --> Output Class Initialized
INFO - 2025-03-12 06:34:08 --> Security Class Initialized
DEBUG - 2025-03-12 06:34:08 --> Global POST, GET and COOKIE data sanitized
INFO - 2025-03-12 06:34:08 --> Input Class Initialized
INFO - 2025-03-12 06:34:08 --> Language Class Initialized
ERROR - 2025-03-12 06:34:08 --> 404 Page Not Found: /index
INFO - 2025-03-12 06:34:08 --> Config Class Initialized
INFO - 2025-03-12 06:34:08 --> Hooks Class Initialized
DEBUG - 2025-03-12 06:34:08 --> UTF-8 Support Enabled
INFO - 2025-03-12 06:34:08 --> Utf8 Class Initialized
INFO - 2025-03-12 06:34:08 --> URI Class Initialized
INFO - 2025-03-12 06:34:08 --> Router Class Initialized
INFO - 2025-03-12 06:34:08 --> Output Class Initialized
INFO - 2025-03-12 06:34:08 --> Security Class Initialized
DEBUG - 2025-03-12 06:34:08 --> Global POST, GET and COOKIE data sanitized
INFO - 2025-03-12 06:34:08 --> Input Class Initialized
INFO - 2025-03-12 06:34:08 --> Language Class Initialized
ERROR - 2025-03-12 06:34:08 --> 404 Page Not Found: /index
INFO - 2025-03-12 06:34:08 --> Config Class Initialized
INFO - 2025-03-12 06:34:08 --> Hooks Class Initialized
DEBUG - 2025-03-12 06:34:08 --> UTF-8 Support Enabled
INFO - 2025-03-12 06:34:08 --> Utf8 Class Initialized
INFO - 2025-03-12 06:34:08 --> URI Class Initialized
INFO - 2025-03-12 06:34:08 --> Router Class Initialized
INFO - 2025-03-12 06:34:08 --> Output Class Initialized
INFO - 2025-03-12 06:34:08 --> Security Class Initialized
DEBUG - 2025-03-12 06:34:08 --> Global POST, GET and COOKIE data sanitized
INFO - 2025-03-12 06:34:08 --> Input Class Initialized
INFO - 2025-03-12 06:34:08 --> Language Class Initialized
ERROR - 2025-03-12 06:34:08 --> 404 Page Not Found: /index
INFO - 2025-03-12 06:34:09 --> Config Class Initialized
INFO - 2025-03-12 06:34:09 --> Hooks Class Initialized
DEBUG - 2025-03-12 06:34:09 --> UTF-8 Support Enabled
INFO - 2025-03-12 06:34:09 --> Utf8 Class Initialized
INFO - 2025-03-12 06:34:09 --> URI Class Initialized
INFO - 2025-03-12 06:34:09 --> Router Class Initialized
INFO - 2025-03-12 06:34:09 --> Output Class Initialized
INFO - 2025-03-12 06:34:09 --> Security Class Initialized
DEBUG - 2025-03-12 06:34:09 --> Global POST, GET and COOKIE data sanitized
INFO - 2025-03-12 06:34:09 --> Input Class Initialized
INFO - 2025-03-12 06:34:09 --> Language Class Initialized
ERROR - 2025-03-12 06:34:09 --> 404 Page Not Found: /index
INFO - 2025-03-12 06:34:09 --> Config Class Initialized
INFO - 2025-03-12 06:34:09 --> Hooks Class Initialized
DEBUG - 2025-03-12 06:34:09 --> UTF-8 Support Enabled
INFO - 2025-03-12 06:34:09 --> Utf8 Class Initialized
INFO - 2025-03-12 06:34:09 --> URI Class Initialized
INFO - 2025-03-12 06:34:09 --> Router Class Initialized
INFO - 2025-03-12 06:34:09 --> Output Class Initialized
INFO - 2025-03-12 06:34:09 --> Security Class Initialized
DEBUG - 2025-03-12 06:34:09 --> Global POST, GET and COOKIE data sanitized
INFO - 2025-03-12 06:34:09 --> Input Class Initialized
INFO - 2025-03-12 06:34:09 --> Language Class Initialized
ERROR - 2025-03-12 06:34:09 --> 404 Page Not Found: /index
INFO - 2025-03-12 06:34:09 --> Config Class Initialized
INFO - 2025-03-12 06:34:09 --> Hooks Class Initialized
DEBUG - 2025-03-12 06:34:09 --> UTF-8 Support Enabled
INFO - 2025-03-12 06:34:09 --> Utf8 Class Initialized
INFO - 2025-03-12 06:34:09 --> URI Class Initialized
INFO - 2025-03-12 06:34:09 --> Router Class Initialized
INFO - 2025-03-12 06:34:09 --> Output Class Initialized
INFO - 2025-03-12 06:34:09 --> Security Class Initialized
DEBUG - 2025-03-12 06:34:09 --> Global POST, GET and COOKIE data sanitized
INFO - 2025-03-12 06:34:09 --> Input Class Initialized
INFO - 2025-03-12 06:34:09 --> Language Class Initialized
ERROR - 2025-03-12 06:34:09 --> 404 Page Not Found: /index
INFO - 2025-03-12 06:34:10 --> Config Class Initialized
INFO - 2025-03-12 06:34:10 --> Hooks Class Initialized
DEBUG - 2025-03-12 06:34:10 --> UTF-8 Support Enabled
INFO - 2025-03-12 06:34:10 --> Utf8 Class Initialized
INFO - 2025-03-12 06:34:10 --> URI Class Initialized
INFO - 2025-03-12 06:34:10 --> Router Class Initialized
INFO - 2025-03-12 06:34:10 --> Output Class Initialized
INFO - 2025-03-12 06:34:10 --> Security Class Initialized
DEBUG - 2025-03-12 06:34:10 --> Global POST, GET and COOKIE data sanitized
INFO - 2025-03-12 06:34:10 --> Input Class Initialized
INFO - 2025-03-12 06:34:10 --> Language Class Initialized
ERROR - 2025-03-12 06:34:10 --> 404 Page Not Found: /index
INFO - 2025-03-12 07:54:41 --> Config Class Initialized
INFO - 2025-03-12 07:54:41 --> Hooks Class Initialized
DEBUG - 2025-03-12 07:54:41 --> UTF-8 Support Enabled
INFO - 2025-03-12 07:54:41 --> Utf8 Class Initialized
INFO - 2025-03-12 07:54:41 --> URI Class Initialized
INFO - 2025-03-12 07:54:41 --> Router Class Initialized
INFO - 2025-03-12 07:54:41 --> Output Class Initialized
INFO - 2025-03-12 07:54:41 --> Security Class Initialized
DEBUG - 2025-03-12 07:54:41 --> Global POST, GET and COOKIE data sanitized
INFO - 2025-03-12 07:54:41 --> Input Class Initialized
INFO - 2025-03-12 07:54:41 --> Language Class Initialized
ERROR - 2025-03-12 07:54:41 --> 404 Page Not Found: /index
INFO - 2025-03-12 07:54:41 --> Config Class Initialized
INFO - 2025-03-12 07:54:41 --> Hooks Class Initialized
DEBUG - 2025-03-12 07:54:41 --> UTF-8 Support Enabled
INFO - 2025-03-12 07:54:41 --> Utf8 Class Initialized
INFO - 2025-03-12 07:54:41 --> URI Class Initialized
INFO - 2025-03-12 07:54:41 --> Router Class Initialized
INFO - 2025-03-12 07:54:41 --> Output Class Initialized
INFO - 2025-03-12 07:54:41 --> Security Class Initialized
DEBUG - 2025-03-12 07:54:41 --> Global POST, GET and COOKIE data sanitized
INFO - 2025-03-12 07:54:41 --> Input Class Initialized
INFO - 2025-03-12 07:54:41 --> Language Class Initialized
ERROR - 2025-03-12 07:54:41 --> 404 Page Not Found: /index
INFO - 2025-03-12 07:54:41 --> Config Class Initialized
INFO - 2025-03-12 07:54:41 --> Hooks Class Initialized
DEBUG - 2025-03-12 07:54:41 --> UTF-8 Support Enabled
INFO - 2025-03-12 07:54:41 --> Utf8 Class Initialized
INFO - 2025-03-12 07:54:41 --> URI Class Initialized
INFO - 2025-03-12 07:54:41 --> Router Class Initialized
INFO - 2025-03-12 07:54:41 --> Output Class Initialized
INFO - 2025-03-12 07:54:41 --> Security Class Initialized
DEBUG - 2025-03-12 07:54:41 --> Global POST, GET and COOKIE data sanitized
INFO - 2025-03-12 07:54:41 --> Input Class Initialized
INFO - 2025-03-12 07:54:41 --> Language Class Initialized
ERROR - 2025-03-12 07:54:41 --> 404 Page Not Found: /index
INFO - 2025-03-12 07:54:42 --> Config Class Initialized
INFO - 2025-03-12 07:54:42 --> Hooks Class Initialized
DEBUG - 2025-03-12 07:54:42 --> UTF-8 Support Enabled
INFO - 2025-03-12 07:54:42 --> Utf8 Class Initialized
INFO - 2025-03-12 07:54:42 --> URI Class Initialized
INFO - 2025-03-12 07:54:42 --> Router Class Initialized
INFO - 2025-03-12 07:54:42 --> Output Class Initialized
INFO - 2025-03-12 07:54:42 --> Security Class Initialized
DEBUG - 2025-03-12 07:54:42 --> Global POST, GET and COOKIE data sanitized
INFO - 2025-03-12 07:54:42 --> Input Class Initialized
INFO - 2025-03-12 07:54:42 --> Language Class Initialized
ERROR - 2025-03-12 07:54:42 --> 404 Page Not Found: /index
INFO - 2025-03-12 07:54:42 --> Config Class Initialized
INFO - 2025-03-12 07:54:42 --> Hooks Class Initialized
DEBUG - 2025-03-12 07:54:42 --> UTF-8 Support Enabled
INFO - 2025-03-12 07:54:42 --> Utf8 Class Initialized
INFO - 2025-03-12 07:54:42 --> URI Class Initialized
INFO - 2025-03-12 07:54:42 --> Router Class Initialized
INFO - 2025-03-12 07:54:42 --> Output Class Initialized
INFO - 2025-03-12 07:54:42 --> Security Class Initialized
DEBUG - 2025-03-12 07:54:42 --> Global POST, GET and COOKIE data sanitized
INFO - 2025-03-12 07:54:42 --> Input Class Initialized
INFO - 2025-03-12 07:54:42 --> Language Class Initialized
ERROR - 2025-03-12 07:54:42 --> 404 Page Not Found: /index
INFO - 2025-03-12 07:54:42 --> Config Class Initialized
INFO - 2025-03-12 07:54:42 --> Hooks Class Initialized
DEBUG - 2025-03-12 07:54:42 --> UTF-8 Support Enabled
INFO - 2025-03-12 07:54:42 --> Utf8 Class Initialized
INFO - 2025-03-12 07:54:42 --> URI Class Initialized
INFO - 2025-03-12 07:54:42 --> Router Class Initialized
INFO - 2025-03-12 07:54:42 --> Output Class Initialized
INFO - 2025-03-12 07:54:42 --> Security Class Initialized
DEBUG - 2025-03-12 07:54:42 --> Global POST, GET and COOKIE data sanitized
INFO - 2025-03-12 07:54:42 --> Input Class Initialized
INFO - 2025-03-12 07:54:42 --> Language Class Initialized
ERROR - 2025-03-12 07:54:42 --> 404 Page Not Found: /index
INFO - 2025-03-12 07:54:42 --> Config Class Initialized
INFO - 2025-03-12 07:54:42 --> Hooks Class Initialized
DEBUG - 2025-03-12 07:54:42 --> UTF-8 Support Enabled
INFO - 2025-03-12 07:54:42 --> Utf8 Class Initialized
INFO - 2025-03-12 07:54:42 --> URI Class Initialized
INFO - 2025-03-12 07:54:42 --> Router Class Initialized
INFO - 2025-03-12 07:54:42 --> Output Class Initialized
INFO - 2025-03-12 07:54:42 --> Security Class Initialized
DEBUG - 2025-03-12 07:54:42 --> Global POST, GET and COOKIE data sanitized
INFO - 2025-03-12 07:54:42 --> Input Class Initialized
INFO - 2025-03-12 07:54:42 --> Language Class Initialized
ERROR - 2025-03-12 07:54:42 --> 404 Page Not Found: /index
INFO - 2025-03-12 07:54:43 --> Config Class Initialized
INFO - 2025-03-12 07:54:43 --> Hooks Class Initialized
DEBUG - 2025-03-12 07:54:43 --> UTF-8 Support Enabled
INFO - 2025-03-12 07:54:43 --> Utf8 Class Initialized
INFO - 2025-03-12 07:54:43 --> URI Class Initialized
INFO - 2025-03-12 07:54:43 --> Router Class Initialized
INFO - 2025-03-12 07:54:43 --> Output Class Initialized
INFO - 2025-03-12 07:54:43 --> Security Class Initialized
DEBUG - 2025-03-12 07:54:43 --> Global POST, GET and COOKIE data sanitized
INFO - 2025-03-12 07:54:43 --> Input Class Initialized
INFO - 2025-03-12 07:54:43 --> Language Class Initialized
ERROR - 2025-03-12 07:54:43 --> 404 Page Not Found: /index
INFO - 2025-03-12 07:54:43 --> Config Class Initialized
INFO - 2025-03-12 07:54:43 --> Hooks Class Initialized
DEBUG - 2025-03-12 07:54:43 --> UTF-8 Support Enabled
INFO - 2025-03-12 07:54:43 --> Utf8 Class Initialized
INFO - 2025-03-12 07:54:43 --> URI Class Initialized
INFO - 2025-03-12 07:54:43 --> Router Class Initialized
INFO - 2025-03-12 07:54:43 --> Output Class Initialized
INFO - 2025-03-12 07:54:43 --> Security Class Initialized
DEBUG - 2025-03-12 07:54:43 --> Global POST, GET and COOKIE data sanitized
INFO - 2025-03-12 07:54:43 --> Input Class Initialized
INFO - 2025-03-12 07:54:43 --> Language Class Initialized
ERROR - 2025-03-12 07:54:43 --> 404 Page Not Found: /index
INFO - 2025-03-12 07:54:43 --> Config Class Initialized
INFO - 2025-03-12 07:54:43 --> Hooks Class Initialized
DEBUG - 2025-03-12 07:54:43 --> UTF-8 Support Enabled
INFO - 2025-03-12 07:54:43 --> Utf8 Class Initialized
INFO - 2025-03-12 07:54:43 --> URI Class Initialized
INFO - 2025-03-12 07:54:43 --> Router Class Initialized
INFO - 2025-03-12 07:54:43 --> Output Class Initialized
INFO - 2025-03-12 07:54:43 --> Security Class Initialized
DEBUG - 2025-03-12 07:54:43 --> Global POST, GET and COOKIE data sanitized
INFO - 2025-03-12 07:54:43 --> Input Class Initialized
INFO - 2025-03-12 07:54:43 --> Language Class Initialized
ERROR - 2025-03-12 07:54:43 --> 404 Page Not Found: /index
INFO - 2025-03-12 07:54:44 --> Config Class Initialized
INFO - 2025-03-12 07:54:44 --> Hooks Class Initialized
DEBUG - 2025-03-12 07:54:44 --> UTF-8 Support Enabled
INFO - 2025-03-12 07:54:44 --> Utf8 Class Initialized
INFO - 2025-03-12 07:54:44 --> URI Class Initialized
INFO - 2025-03-12 07:54:44 --> Router Class Initialized
INFO - 2025-03-12 07:54:44 --> Output Class Initialized
INFO - 2025-03-12 07:54:44 --> Security Class Initialized
DEBUG - 2025-03-12 07:54:44 --> Global POST, GET and COOKIE data sanitized
INFO - 2025-03-12 07:54:44 --> Input Class Initialized
INFO - 2025-03-12 07:54:44 --> Language Class Initialized
ERROR - 2025-03-12 07:54:44 --> 404 Page Not Found: /index
INFO - 2025-03-12 07:54:44 --> Config Class Initialized
INFO - 2025-03-12 07:54:44 --> Hooks Class Initialized
DEBUG - 2025-03-12 07:54:44 --> UTF-8 Support Enabled
INFO - 2025-03-12 07:54:44 --> Utf8 Class Initialized
INFO - 2025-03-12 07:54:44 --> URI Class Initialized
INFO - 2025-03-12 07:54:44 --> Router Class Initialized
INFO - 2025-03-12 07:54:44 --> Output Class Initialized
INFO - 2025-03-12 07:54:44 --> Security Class Initialized
DEBUG - 2025-03-12 07:54:44 --> Global POST, GET and COOKIE data sanitized
INFO - 2025-03-12 07:54:44 --> Input Class Initialized
INFO - 2025-03-12 07:54:44 --> Language Class Initialized
ERROR - 2025-03-12 07:54:44 --> 404 Page Not Found: /index
INFO - 2025-03-12 07:54:44 --> Config Class Initialized
INFO - 2025-03-12 07:54:44 --> Hooks Class Initialized
DEBUG - 2025-03-12 07:54:44 --> UTF-8 Support Enabled
INFO - 2025-03-12 07:54:44 --> Utf8 Class Initialized
INFO - 2025-03-12 07:54:44 --> URI Class Initialized
INFO - 2025-03-12 07:54:44 --> Router Class Initialized
INFO - 2025-03-12 07:54:44 --> Output Class Initialized
INFO - 2025-03-12 07:54:44 --> Security Class Initialized
DEBUG - 2025-03-12 07:54:44 --> Global POST, GET and COOKIE data sanitized
INFO - 2025-03-12 07:54:44 --> Input Class Initialized
INFO - 2025-03-12 07:54:44 --> Language Class Initialized
ERROR - 2025-03-12 07:54:44 --> 404 Page Not Found: /index
INFO - 2025-03-12 07:54:44 --> Config Class Initialized
INFO - 2025-03-12 07:54:44 --> Hooks Class Initialized
DEBUG - 2025-03-12 07:54:44 --> UTF-8 Support Enabled
INFO - 2025-03-12 07:54:44 --> Utf8 Class Initialized
INFO - 2025-03-12 07:54:44 --> URI Class Initialized
INFO - 2025-03-12 07:54:44 --> Router Class Initialized
INFO - 2025-03-12 07:54:44 --> Output Class Initialized
INFO - 2025-03-12 07:54:44 --> Security Class Initialized
DEBUG - 2025-03-12 07:54:44 --> Global POST, GET and COOKIE data sanitized
INFO - 2025-03-12 07:54:44 --> Input Class Initialized
INFO - 2025-03-12 07:54:44 --> Language Class Initialized
ERROR - 2025-03-12 07:54:44 --> 404 Page Not Found: /index
INFO - 2025-03-12 07:54:45 --> Config Class Initialized
INFO - 2025-03-12 07:54:45 --> Hooks Class Initialized
DEBUG - 2025-03-12 07:54:45 --> UTF-8 Support Enabled
INFO - 2025-03-12 07:54:45 --> Utf8 Class Initialized
INFO - 2025-03-12 07:54:45 --> URI Class Initialized
INFO - 2025-03-12 07:54:45 --> Router Class Initialized
INFO - 2025-03-12 07:54:45 --> Output Class Initialized
INFO - 2025-03-12 07:54:45 --> Security Class Initialized
DEBUG - 2025-03-12 07:54:45 --> Global POST, GET and COOKIE data sanitized
INFO - 2025-03-12 07:54:45 --> Input Class Initialized
INFO - 2025-03-12 07:54:45 --> Language Class Initialized
ERROR - 2025-03-12 07:54:45 --> 404 Page Not Found: /index
INFO - 2025-03-12 07:56:40 --> Config Class Initialized
INFO - 2025-03-12 07:56:40 --> Hooks Class Initialized
DEBUG - 2025-03-12 07:56:40 --> UTF-8 Support Enabled
INFO - 2025-03-12 07:56:40 --> Utf8 Class Initialized
INFO - 2025-03-12 07:56:40 --> URI Class Initialized
DEBUG - 2025-03-12 07:56:40 --> No URI present. Default controller set.
INFO - 2025-03-12 07:56:40 --> Router Class Initialized
INFO - 2025-03-12 07:56:40 --> Output Class Initialized
INFO - 2025-03-12 07:56:40 --> Security Class Initialized
DEBUG - 2025-03-12 07:56:40 --> Global POST, GET and COOKIE data sanitized
INFO - 2025-03-12 07:56:40 --> Input Class Initialized
INFO - 2025-03-12 07:56:40 --> Language Class Initialized
INFO - 2025-03-12 07:56:40 --> Language Class Initialized
INFO - 2025-03-12 07:56:40 --> Config Class Initialized
INFO - 2025-03-12 07:56:40 --> Loader Class Initialized
INFO - 2025-03-12 07:56:40 --> Helper loaded: url_helper
INFO - 2025-03-12 07:56:40 --> Helper loaded: easyui_helper
INFO - 2025-03-12 07:56:40 --> Helper loaded: param_helper
INFO - 2025-03-12 07:56:40 --> Helper loaded: credential_helper
INFO - 2025-03-12 07:56:40 --> Helper loaded: template_helper
INFO - 2025-03-12 07:56:40 --> Helper loaded: rest_helper
INFO - 2025-03-12 07:56:40 --> Database Driver Class Initialized
DEBUG - 2025-03-12 07:56:40 --> Idgenerator class already loaded. Second attempt ignored.
INFO - 2025-03-12 07:56:40 --> Controller Class Initialized
DEBUG - 2025-03-12 07:56:40 --> File loaded: /apps/web-drc/application/modules/app_auth/views/login_lte_template.php
DEBUG - 2025-03-12 07:56:40 --> File loaded: /apps/web-drc/application/views/template_login_lte/header.php
DEBUG - 2025-03-12 07:56:40 --> File loaded: /apps/web-drc/application/views/template_login_lte/contents.php
DEBUG - 2025-03-12 07:56:40 --> File loaded: /apps/web-drc/application/views/template_login_lte/default.php
INFO - 2025-03-12 07:56:40 --> Final output sent to browser
DEBUG - 2025-03-12 07:56:40 --> Total execution time: 0.0274
INFO - 2025-03-12 07:56:42 --> Config Class Initialized
INFO - 2025-03-12 07:56:42 --> Hooks Class Initialized
DEBUG - 2025-03-12 07:56:42 --> UTF-8 Support Enabled
INFO - 2025-03-12 07:56:42 --> Utf8 Class Initialized
INFO - 2025-03-12 07:56:42 --> URI Class Initialized
INFO - 2025-03-12 07:56:42 --> Router Class Initialized
INFO - 2025-03-12 07:56:42 --> Output Class Initialized
INFO - 2025-03-12 07:56:42 --> Security Class Initialized
DEBUG - 2025-03-12 07:56:42 --> Global POST, GET and COOKIE data sanitized
INFO - 2025-03-12 07:56:42 --> Input Class Initialized
INFO - 2025-03-12 07:56:42 --> Language Class Initialized
ERROR - 2025-03-12 07:56:42 --> 404 Page Not Found: /index
INFO - 2025-03-12 07:56:42 --> Config Class Initialized
INFO - 2025-03-12 07:56:42 --> Hooks Class Initialized
DEBUG - 2025-03-12 07:56:42 --> UTF-8 Support Enabled
INFO - 2025-03-12 07:56:42 --> Utf8 Class Initialized
INFO - 2025-03-12 07:56:42 --> URI Class Initialized
INFO - 2025-03-12 07:56:42 --> Router Class Initialized
INFO - 2025-03-12 07:56:42 --> Output Class Initialized
INFO - 2025-03-12 07:56:42 --> Security Class Initialized
DEBUG - 2025-03-12 07:56:42 --> Global POST, GET and COOKIE data sanitized
INFO - 2025-03-12 07:56:42 --> Input Class Initialized
INFO - 2025-03-12 07:56:42 --> Language Class Initialized
ERROR - 2025-03-12 07:56:42 --> 404 Page Not Found: /index
INFO - 2025-03-12 07:56:46 --> Config Class Initialized
INFO - 2025-03-12 07:56:46 --> Hooks Class Initialized
DEBUG - 2025-03-12 07:56:46 --> UTF-8 Support Enabled
INFO - 2025-03-12 07:56:46 --> Utf8 Class Initialized
INFO - 2025-03-12 07:56:46 --> URI Class Initialized
DEBUG - 2025-03-12 07:56:46 --> No URI present. Default controller set.
INFO - 2025-03-12 07:56:46 --> Router Class Initialized
INFO - 2025-03-12 07:56:46 --> Output Class Initialized
INFO - 2025-03-12 07:56:46 --> Security Class Initialized
DEBUG - 2025-03-12 07:56:46 --> Global POST, GET and COOKIE data sanitized
INFO - 2025-03-12 07:56:46 --> Input Class Initialized
INFO - 2025-03-12 07:56:46 --> Language Class Initialized
INFO - 2025-03-12 07:56:46 --> Language Class Initialized
INFO - 2025-03-12 07:56:46 --> Config Class Initialized
INFO - 2025-03-12 07:56:46 --> Loader Class Initialized
INFO - 2025-03-12 07:56:46 --> Helper loaded: url_helper
INFO - 2025-03-12 07:56:46 --> Helper loaded: easyui_helper
INFO - 2025-03-12 07:56:46 --> Helper loaded: param_helper
INFO - 2025-03-12 07:56:46 --> Helper loaded: credential_helper
INFO - 2025-03-12 07:56:46 --> Helper loaded: template_helper
INFO - 2025-03-12 07:56:46 --> Helper loaded: rest_helper
INFO - 2025-03-12 07:56:46 --> Database Driver Class Initialized
DEBUG - 2025-03-12 07:56:46 --> Idgenerator class already loaded. Second attempt ignored.
INFO - 2025-03-12 07:56:46 --> Controller Class Initialized
DEBUG - 2025-03-12 07:56:46 --> File loaded: /apps/web-drc/application/modules/app_auth/views/login_lte_template.php
DEBUG - 2025-03-12 07:56:46 --> File loaded: /apps/web-drc/application/views/template_login_lte/header.php
DEBUG - 2025-03-12 07:56:46 --> File loaded: /apps/web-drc/application/views/template_login_lte/contents.php
DEBUG - 2025-03-12 07:56:46 --> File loaded: /apps/web-drc/application/views/template_login_lte/default.php
INFO - 2025-03-12 07:56:46 --> Final output sent to browser
DEBUG - 2025-03-12 07:56:46 --> Total execution time: 0.0036
INFO - 2025-03-12 07:56:46 --> Config Class Initialized
INFO - 2025-03-12 07:56:46 --> Hooks Class Initialized
DEBUG - 2025-03-12 07:56:46 --> UTF-8 Support Enabled
INFO - 2025-03-12 07:56:46 --> Utf8 Class Initialized
INFO - 2025-03-12 07:56:46 --> URI Class Initialized
INFO - 2025-03-12 07:56:46 --> Router Class Initialized
INFO - 2025-03-12 07:56:46 --> Output Class Initialized
INFO - 2025-03-12 07:56:46 --> Security Class Initialized
DEBUG - 2025-03-12 07:56:46 --> Global POST, GET and COOKIE data sanitized
INFO - 2025-03-12 07:56:46 --> Input Class Initialized
INFO - 2025-03-12 07:56:46 --> Language Class Initialized
ERROR - 2025-03-12 07:56:46 --> 404 Page Not Found: /index
INFO - 2025-03-12 07:56:46 --> Config Class Initialized
INFO - 2025-03-12 07:56:46 --> Hooks Class Initialized
DEBUG - 2025-03-12 07:56:46 --> UTF-8 Support Enabled
INFO - 2025-03-12 07:56:46 --> Utf8 Class Initialized
INFO - 2025-03-12 07:56:46 --> URI Class Initialized
INFO - 2025-03-12 07:56:46 --> Router Class Initialized
INFO - 2025-03-12 07:56:46 --> Output Class Initialized
INFO - 2025-03-12 07:56:46 --> Security Class Initialized
DEBUG - 2025-03-12 07:56:46 --> Global POST, GET and COOKIE data sanitized
INFO - 2025-03-12 07:56:46 --> Input Class Initialized
INFO - 2025-03-12 07:56:46 --> Language Class Initialized
ERROR - 2025-03-12 07:56:46 --> 404 Page Not Found: /index
INFO - 2025-03-12 07:56:47 --> Config Class Initialized
INFO - 2025-03-12 07:56:47 --> Hooks Class Initialized
DEBUG - 2025-03-12 07:56:47 --> UTF-8 Support Enabled
INFO - 2025-03-12 07:56:47 --> Utf8 Class Initialized
INFO - 2025-03-12 07:56:47 --> URI Class Initialized
INFO - 2025-03-12 07:56:47 --> Router Class Initialized
INFO - 2025-03-12 07:56:47 --> Output Class Initialized
INFO - 2025-03-12 07:56:47 --> Security Class Initialized
DEBUG - 2025-03-12 07:56:47 --> Global POST, GET and COOKIE data sanitized
INFO - 2025-03-12 07:56:47 --> Input Class Initialized
INFO - 2025-03-12 07:56:47 --> Language Class Initialized
ERROR - 2025-03-12 07:56:47 --> 404 Page Not Found: /index
INFO - 2025-03-12 07:56:47 --> Config Class Initialized
INFO - 2025-03-12 07:56:47 --> Hooks Class Initialized
DEBUG - 2025-03-12 07:56:47 --> UTF-8 Support Enabled
INFO - 2025-03-12 07:56:47 --> Utf8 Class Initialized
INFO - 2025-03-12 07:56:47 --> URI Class Initialized
INFO - 2025-03-12 07:56:47 --> Router Class Initialized
INFO - 2025-03-12 07:56:47 --> Output Class Initialized
INFO - 2025-03-12 07:56:47 --> Security Class Initialized
DEBUG - 2025-03-12 07:56:47 --> Global POST, GET and COOKIE data sanitized
INFO - 2025-03-12 07:56:47 --> Input Class Initialized
INFO - 2025-03-12 07:56:47 --> Language Class Initialized
ERROR - 2025-03-12 07:56:47 --> 404 Page Not Found: /index
INFO - 2025-03-12 07:56:47 --> Config Class Initialized
INFO - 2025-03-12 07:56:47 --> Hooks Class Initialized
DEBUG - 2025-03-12 07:56:47 --> UTF-8 Support Enabled
INFO - 2025-03-12 07:56:47 --> Utf8 Class Initialized
INFO - 2025-03-12 07:56:47 --> URI Class Initialized
INFO - 2025-03-12 07:56:47 --> Router Class Initialized
INFO - 2025-03-12 07:56:47 --> Output Class Initialized
INFO - 2025-03-12 07:56:47 --> Security Class Initialized
DEBUG - 2025-03-12 07:56:47 --> Global POST, GET and COOKIE data sanitized
INFO - 2025-03-12 07:56:47 --> Input Class Initialized
INFO - 2025-03-12 07:56:47 --> Language Class Initialized
ERROR - 2025-03-12 07:56:47 --> 404 Page Not Found: /index
INFO - 2025-03-12 07:56:47 --> Config Class Initialized
INFO - 2025-03-12 07:56:47 --> Hooks Class Initialized
DEBUG - 2025-03-12 07:56:47 --> UTF-8 Support Enabled
INFO - 2025-03-12 07:56:47 --> Utf8 Class Initialized
INFO - 2025-03-12 07:56:47 --> URI Class Initialized
INFO - 2025-03-12 07:56:47 --> Router Class Initialized
INFO - 2025-03-12 07:56:47 --> Output Class Initialized
INFO - 2025-03-12 07:56:47 --> Security Class Initialized
DEBUG - 2025-03-12 07:56:47 --> Global POST, GET and COOKIE data sanitized
INFO - 2025-03-12 07:56:47 --> Input Class Initialized
INFO - 2025-03-12 07:56:47 --> Language Class Initialized
ERROR - 2025-03-12 07:56:47 --> 404 Page Not Found: /index
INFO - 2025-03-12 07:56:48 --> Config Class Initialized
INFO - 2025-03-12 07:56:48 --> Hooks Class Initialized
DEBUG - 2025-03-12 07:56:48 --> UTF-8 Support Enabled
INFO - 2025-03-12 07:56:48 --> Utf8 Class Initialized
INFO - 2025-03-12 07:56:48 --> URI Class Initialized
INFO - 2025-03-12 07:56:48 --> Router Class Initialized
INFO - 2025-03-12 07:56:48 --> Output Class Initialized
INFO - 2025-03-12 07:56:48 --> Security Class Initialized
DEBUG - 2025-03-12 07:56:48 --> Global POST, GET and COOKIE data sanitized
INFO - 2025-03-12 07:56:48 --> Input Class Initialized
INFO - 2025-03-12 07:56:48 --> Language Class Initialized
ERROR - 2025-03-12 07:56:48 --> 404 Page Not Found: /index
INFO - 2025-03-12 07:56:49 --> Config Class Initialized
INFO - 2025-03-12 07:56:49 --> Hooks Class Initialized
DEBUG - 2025-03-12 07:56:49 --> UTF-8 Support Enabled
INFO - 2025-03-12 07:56:49 --> Utf8 Class Initialized
INFO - 2025-03-12 07:56:49 --> URI Class Initialized
INFO - 2025-03-12 07:56:49 --> Router Class Initialized
INFO - 2025-03-12 07:56:49 --> Output Class Initialized
INFO - 2025-03-12 07:56:49 --> Security Class Initialized
DEBUG - 2025-03-12 07:56:49 --> Global POST, GET and COOKIE data sanitized
INFO - 2025-03-12 07:56:49 --> Input Class Initialized
INFO - 2025-03-12 07:56:49 --> Language Class Initialized
ERROR - 2025-03-12 07:56:49 --> 404 Page Not Found: /index
INFO - 2025-03-12 07:56:50 --> Config Class Initialized
INFO - 2025-03-12 07:56:50 --> Hooks Class Initialized
DEBUG - 2025-03-12 07:56:50 --> UTF-8 Support Enabled
INFO - 2025-03-12 07:56:50 --> Utf8 Class Initialized
INFO - 2025-03-12 07:56:50 --> URI Class Initialized
INFO - 2025-03-12 07:56:50 --> Router Class Initialized
INFO - 2025-03-12 07:56:50 --> Output Class Initialized
INFO - 2025-03-12 07:56:50 --> Security Class Initialized
DEBUG - 2025-03-12 07:56:50 --> Global POST, GET and COOKIE data sanitized
INFO - 2025-03-12 07:56:50 --> Input Class Initialized
INFO - 2025-03-12 07:56:50 --> Language Class Initialized
ERROR - 2025-03-12 07:56:50 --> 404 Page Not Found: /index
INFO - 2025-03-12 07:56:50 --> Config Class Initialized
INFO - 2025-03-12 07:56:50 --> Hooks Class Initialized
DEBUG - 2025-03-12 07:56:50 --> UTF-8 Support Enabled
INFO - 2025-03-12 07:56:50 --> Utf8 Class Initialized
INFO - 2025-03-12 07:56:50 --> URI Class Initialized
INFO - 2025-03-12 07:56:50 --> Router Class Initialized
INFO - 2025-03-12 07:56:50 --> Output Class Initialized
INFO - 2025-03-12 07:56:50 --> Security Class Initialized
DEBUG - 2025-03-12 07:56:50 --> Global POST, GET and COOKIE data sanitized
INFO - 2025-03-12 07:56:50 --> Input Class Initialized
INFO - 2025-03-12 07:56:50 --> Language Class Initialized
ERROR - 2025-03-12 07:56:50 --> 404 Page Not Found: /index
INFO - 2025-03-12 07:56:50 --> Config Class Initialized
INFO - 2025-03-12 07:56:50 --> Hooks Class Initialized
DEBUG - 2025-03-12 07:56:50 --> UTF-8 Support Enabled
INFO - 2025-03-12 07:56:50 --> Utf8 Class Initialized
INFO - 2025-03-12 07:56:50 --> URI Class Initialized
INFO - 2025-03-12 07:56:50 --> Router Class Initialized
INFO - 2025-03-12 07:56:50 --> Output Class Initialized
INFO - 2025-03-12 07:56:50 --> Security Class Initialized
DEBUG - 2025-03-12 07:56:50 --> Global POST, GET and COOKIE data sanitized
INFO - 2025-03-12 07:56:50 --> Input Class Initialized
INFO - 2025-03-12 07:56:50 --> Language Class Initialized
ERROR - 2025-03-12 07:56:50 --> 404 Page Not Found: /index
INFO - 2025-03-12 07:56:51 --> Config Class Initialized
INFO - 2025-03-12 07:56:51 --> Hooks Class Initialized
DEBUG - 2025-03-12 07:56:51 --> UTF-8 Support Enabled
INFO - 2025-03-12 07:56:51 --> Utf8 Class Initialized
INFO - 2025-03-12 07:56:51 --> URI Class Initialized
INFO - 2025-03-12 07:56:51 --> Router Class Initialized
INFO - 2025-03-12 07:56:51 --> Output Class Initialized
INFO - 2025-03-12 07:56:51 --> Security Class Initialized
DEBUG - 2025-03-12 07:56:51 --> Global POST, GET and COOKIE data sanitized
INFO - 2025-03-12 07:56:51 --> Input Class Initialized
INFO - 2025-03-12 07:56:51 --> Language Class Initialized
ERROR - 2025-03-12 07:56:51 --> 404 Page Not Found: /index
INFO - 2025-03-12 07:56:51 --> Config Class Initialized
INFO - 2025-03-12 07:56:51 --> Hooks Class Initialized
DEBUG - 2025-03-12 07:56:51 --> UTF-8 Support Enabled
INFO - 2025-03-12 07:56:51 --> Utf8 Class Initialized
INFO - 2025-03-12 07:56:51 --> URI Class Initialized
INFO - 2025-03-12 07:56:51 --> Router Class Initialized
INFO - 2025-03-12 07:56:51 --> Output Class Initialized
INFO - 2025-03-12 07:56:51 --> Security Class Initialized
DEBUG - 2025-03-12 07:56:51 --> Global POST, GET and COOKIE data sanitized
INFO - 2025-03-12 07:56:51 --> Input Class Initialized
INFO - 2025-03-12 07:56:51 --> Language Class Initialized
ERROR - 2025-03-12 07:56:51 --> 404 Page Not Found: /index
INFO - 2025-03-12 07:56:52 --> Config Class Initialized
INFO - 2025-03-12 07:56:52 --> Hooks Class Initialized
DEBUG - 2025-03-12 07:56:52 --> UTF-8 Support Enabled
INFO - 2025-03-12 07:56:52 --> Utf8 Class Initialized
INFO - 2025-03-12 07:56:52 --> URI Class Initialized
INFO - 2025-03-12 07:56:52 --> Router Class Initialized
INFO - 2025-03-12 07:56:52 --> Output Class Initialized
INFO - 2025-03-12 07:56:52 --> Security Class Initialized
DEBUG - 2025-03-12 07:56:52 --> Global POST, GET and COOKIE data sanitized
INFO - 2025-03-12 07:56:52 --> Input Class Initialized
INFO - 2025-03-12 07:56:52 --> Language Class Initialized
ERROR - 2025-03-12 07:56:52 --> 404 Page Not Found: /index
INFO - 2025-03-12 07:56:52 --> Config Class Initialized
INFO - 2025-03-12 07:56:52 --> Hooks Class Initialized
DEBUG - 2025-03-12 07:56:52 --> UTF-8 Support Enabled
INFO - 2025-03-12 07:56:52 --> Utf8 Class Initialized
INFO - 2025-03-12 07:56:52 --> URI Class Initialized
INFO - 2025-03-12 07:56:52 --> Router Class Initialized
INFO - 2025-03-12 07:56:52 --> Output Class Initialized
INFO - 2025-03-12 07:56:52 --> Security Class Initialized
DEBUG - 2025-03-12 07:56:52 --> Global POST, GET and COOKIE data sanitized
INFO - 2025-03-12 07:56:52 --> Input Class Initialized
INFO - 2025-03-12 07:56:52 --> Language Class Initialized
ERROR - 2025-03-12 07:56:52 --> 404 Page Not Found: /index
INFO - 2025-03-12 07:56:52 --> Config Class Initialized
INFO - 2025-03-12 07:56:52 --> Hooks Class Initialized
DEBUG - 2025-03-12 07:56:52 --> UTF-8 Support Enabled
INFO - 2025-03-12 07:56:52 --> Utf8 Class Initialized
INFO - 2025-03-12 07:56:52 --> URI Class Initialized
INFO - 2025-03-12 07:56:52 --> Router Class Initialized
INFO - 2025-03-12 07:56:52 --> Output Class Initialized
INFO - 2025-03-12 07:56:52 --> Security Class Initialized
DEBUG - 2025-03-12 07:56:52 --> Global POST, GET and COOKIE data sanitized
INFO - 2025-03-12 07:56:52 --> Input Class Initialized
INFO - 2025-03-12 07:56:52 --> Language Class Initialized
ERROR - 2025-03-12 07:56:52 --> 404 Page Not Found: /index
INFO - 2025-03-12 08:51:14 --> Config Class Initialized
INFO - 2025-03-12 08:51:14 --> Hooks Class Initialized
DEBUG - 2025-03-12 08:51:14 --> UTF-8 Support Enabled
INFO - 2025-03-12 08:51:14 --> Utf8 Class Initialized
INFO - 2025-03-12 08:51:14 --> URI Class Initialized
INFO - 2025-03-12 08:51:14 --> Router Class Initialized
INFO - 2025-03-12 08:51:14 --> Output Class Initialized
INFO - 2025-03-12 08:51:14 --> Security Class Initialized
DEBUG - 2025-03-12 08:51:14 --> Global POST, GET and COOKIE data sanitized
INFO - 2025-03-12 08:51:14 --> Input Class Initialized
INFO - 2025-03-12 08:51:14 --> Language Class Initialized
ERROR - 2025-03-12 08:51:14 --> 404 Page Not Found: /index
INFO - 2025-03-12 09:29:23 --> Config Class Initialized
INFO - 2025-03-12 09:29:23 --> Hooks Class Initialized
DEBUG - 2025-03-12 09:29:23 --> UTF-8 Support Enabled
INFO - 2025-03-12 09:29:23 --> Utf8 Class Initialized
INFO - 2025-03-12 09:29:23 --> URI Class Initialized
DEBUG - 2025-03-12 09:29:23 --> No URI present. Default controller set.
INFO - 2025-03-12 09:29:23 --> Router Class Initialized
INFO - 2025-03-12 09:29:23 --> Output Class Initialized
INFO - 2025-03-12 09:29:23 --> Security Class Initialized
DEBUG - 2025-03-12 09:29:23 --> Global POST, GET and COOKIE data sanitized
INFO - 2025-03-12 09:29:23 --> Input Class Initialized
INFO - 2025-03-12 09:29:23 --> Language Class Initialized
INFO - 2025-03-12 09:29:23 --> Language Class Initialized
INFO - 2025-03-12 09:29:23 --> Config Class Initialized
INFO - 2025-03-12 09:29:23 --> Loader Class Initialized
INFO - 2025-03-12 09:29:23 --> Helper loaded: url_helper
INFO - 2025-03-12 09:29:23 --> Helper loaded: easyui_helper
INFO - 2025-03-12 09:29:23 --> Helper loaded: param_helper
INFO - 2025-03-12 09:29:23 --> Helper loaded: credential_helper
INFO - 2025-03-12 09:29:23 --> Helper loaded: template_helper
INFO - 2025-03-12 09:29:23 --> Helper loaded: rest_helper
INFO - 2025-03-12 09:29:23 --> Database Driver Class Initialized
DEBUG - 2025-03-12 09:29:23 --> Idgenerator class already loaded. Second attempt ignored.
INFO - 2025-03-12 09:29:23 --> Controller Class Initialized
DEBUG - 2025-03-12 09:29:23 --> File loaded: /apps/web-drc/application/modules/app_auth/views/login_lte_template.php
DEBUG - 2025-03-12 09:29:23 --> File loaded: /apps/web-drc/application/views/template_login_lte/header.php
DEBUG - 2025-03-12 09:29:23 --> File loaded: /apps/web-drc/application/views/template_login_lte/contents.php
DEBUG - 2025-03-12 09:29:23 --> File loaded: /apps/web-drc/application/views/template_login_lte/default.php
INFO - 2025-03-12 09:29:23 --> Final output sent to browser
DEBUG - 2025-03-12 09:29:23 --> Total execution time: 0.0047
INFO - 2025-03-12 14:23:13 --> Config Class Initialized
INFO - 2025-03-12 14:23:13 --> Hooks Class Initialized
DEBUG - 2025-03-12 14:23:13 --> UTF-8 Support Enabled
INFO - 2025-03-12 14:23:13 --> Utf8 Class Initialized
INFO - 2025-03-12 14:23:13 --> URI Class Initialized
DEBUG - 2025-03-12 14:23:13 --> No URI present. Default controller set.
INFO - 2025-03-12 14:23:13 --> Router Class Initialized
INFO - 2025-03-12 14:23:13 --> Output Class Initialized
INFO - 2025-03-12 14:23:13 --> Security Class Initialized
DEBUG - 2025-03-12 14:23:13 --> Global POST, GET and COOKIE data sanitized
INFO - 2025-03-12 14:23:13 --> Input Class Initialized
INFO - 2025-03-12 14:23:13 --> Language Class Initialized
INFO - 2025-03-12 14:23:13 --> Language Class Initialized
INFO - 2025-03-12 14:23:13 --> Config Class Initialized
INFO - 2025-03-12 14:23:13 --> Loader Class Initialized
INFO - 2025-03-12 14:23:13 --> Helper loaded: url_helper
INFO - 2025-03-12 14:23:13 --> Helper loaded: easyui_helper
INFO - 2025-03-12 14:23:13 --> Helper loaded: param_helper
INFO - 2025-03-12 14:23:13 --> Helper loaded: credential_helper
INFO - 2025-03-12 14:23:13 --> Helper loaded: template_helper
INFO - 2025-03-12 14:23:13 --> Helper loaded: rest_helper
INFO - 2025-03-12 14:23:13 --> Database Driver Class Initialized
DEBUG - 2025-03-12 14:23:13 --> Idgenerator class already loaded. Second attempt ignored.
INFO - 2025-03-12 14:23:13 --> Controller Class Initialized
DEBUG - 2025-03-12 14:23:13 --> File loaded: /apps/web-drc/application/modules/app_auth/views/login_lte_template.php
DEBUG - 2025-03-12 14:23:13 --> File loaded: /apps/web-drc/application/views/template_login_lte/header.php
DEBUG - 2025-03-12 14:23:13 --> File loaded: /apps/web-drc/application/views/template_login_lte/contents.php
DEBUG - 2025-03-12 14:23:13 --> File loaded: /apps/web-drc/application/views/template_login_lte/default.php
INFO - 2025-03-12 14:23:13 --> Final output sent to browser
DEBUG - 2025-03-12 14:23:13 --> Total execution time: 0.0451
INFO - 2025-03-12 14:23:13 --> Config Class Initialized
INFO - 2025-03-12 14:23:13 --> Hooks Class Initialized
DEBUG - 2025-03-12 14:23:13 --> UTF-8 Support Enabled
INFO - 2025-03-12 14:23:13 --> Utf8 Class Initialized
INFO - 2025-03-12 14:23:13 --> URI Class Initialized
INFO - 2025-03-12 14:23:13 --> Router Class Initialized
INFO - 2025-03-12 14:23:13 --> Output Class Initialized
INFO - 2025-03-12 14:23:13 --> Security Class Initialized
DEBUG - 2025-03-12 14:23:13 --> Global POST, GET and COOKIE data sanitized
INFO - 2025-03-12 14:23:13 --> Input Class Initialized
INFO - 2025-03-12 14:23:13 --> Language Class Initialized
ERROR - 2025-03-12 14:23:13 --> 404 Page Not Found: /index
INFO - 2025-03-12 15:36:01 --> Config Class Initialized
INFO - 2025-03-12 15:36:01 --> Hooks Class Initialized
DEBUG - 2025-03-12 15:36:01 --> UTF-8 Support Enabled
INFO - 2025-03-12 15:36:01 --> Utf8 Class Initialized
INFO - 2025-03-12 15:36:01 --> URI Class Initialized
DEBUG - 2025-03-12 15:36:01 --> No URI present. Default controller set.
INFO - 2025-03-12 15:36:01 --> Router Class Initialized
INFO - 2025-03-12 15:36:01 --> Output Class Initialized
INFO - 2025-03-12 15:36:01 --> Security Class Initialized
DEBUG - 2025-03-12 15:36:01 --> Global POST, GET and COOKIE data sanitized
INFO - 2025-03-12 15:36:01 --> Input Class Initialized
INFO - 2025-03-12 15:36:01 --> Language Class Initialized
INFO - 2025-03-12 15:36:01 --> Language Class Initialized
INFO - 2025-03-12 15:36:01 --> Config Class Initialized
INFO - 2025-03-12 15:36:01 --> Loader Class Initialized
INFO - 2025-03-12 15:36:01 --> Helper loaded: url_helper
INFO - 2025-03-12 15:36:01 --> Helper loaded: easyui_helper
INFO - 2025-03-12 15:36:01 --> Helper loaded: param_helper
INFO - 2025-03-12 15:36:01 --> Helper loaded: credential_helper
INFO - 2025-03-12 15:36:01 --> Helper loaded: template_helper
INFO - 2025-03-12 15:36:01 --> Helper loaded: rest_helper
INFO - 2025-03-12 15:36:01 --> Database Driver Class Initialized
INFO - 2025-03-12 15:36:01 --> Config Class Initialized
INFO - 2025-03-12 15:36:01 --> Hooks Class Initialized
DEBUG - 2025-03-12 15:36:01 --> UTF-8 Support Enabled
INFO - 2025-03-12 15:36:01 --> Utf8 Class Initialized
INFO - 2025-03-12 15:36:01 --> URI Class Initialized
DEBUG - 2025-03-12 15:36:01 --> No URI present. Default controller set.
INFO - 2025-03-12 15:36:01 --> Router Class Initialized
INFO - 2025-03-12 15:36:01 --> Output Class Initialized
INFO - 2025-03-12 15:36:01 --> Security Class Initialized
DEBUG - 2025-03-12 15:36:01 --> Global POST, GET and COOKIE data sanitized
INFO - 2025-03-12 15:36:01 --> Input Class Initialized
INFO - 2025-03-12 15:36:01 --> Language Class Initialized
INFO - 2025-03-12 15:36:01 --> Language Class Initialized
INFO - 2025-03-12 15:36:01 --> Config Class Initialized
INFO - 2025-03-12 15:36:01 --> Loader Class Initialized
INFO - 2025-03-12 15:36:01 --> Helper loaded: url_helper
INFO - 2025-03-12 15:36:01 --> Helper loaded: easyui_helper
INFO - 2025-03-12 15:36:01 --> Helper loaded: param_helper
INFO - 2025-03-12 15:36:01 --> Helper loaded: credential_helper
INFO - 2025-03-12 15:36:01 --> Helper loaded: template_helper
INFO - 2025-03-12 15:36:01 --> Helper loaded: rest_helper
INFO - 2025-03-12 15:36:01 --> Database Driver Class Initialized
DEBUG - 2025-03-12 15:36:01 --> Idgenerator class already loaded. Second attempt ignored.
INFO - 2025-03-12 15:36:01 --> Controller Class Initialized
DEBUG - 2025-03-12 15:36:01 --> File loaded: /apps/web-drc/application/modules/app_auth/views/login_lte_template.php
DEBUG - 2025-03-12 15:36:01 --> File loaded: /apps/web-drc/application/views/template_login_lte/header.php
DEBUG - 2025-03-12 15:36:01 --> File loaded: /apps/web-drc/application/views/template_login_lte/contents.php
DEBUG - 2025-03-12 15:36:01 --> File loaded: /apps/web-drc/application/views/template_login_lte/default.php
INFO - 2025-03-12 15:36:01 --> Final output sent to browser
DEBUG - 2025-03-12 15:36:01 --> Total execution time: 0.0163
DEBUG - 2025-03-12 15:36:01 --> Idgenerator class already loaded. Second attempt ignored.
INFO - 2025-03-12 15:36:01 --> Controller Class Initialized
DEBUG - 2025-03-12 15:36:01 --> File loaded: /apps/web-drc/application/modules/app_auth/views/login_lte_template.php
DEBUG - 2025-03-12 15:36:01 --> File loaded: /apps/web-drc/application/views/template_login_lte/header.php
DEBUG - 2025-03-12 15:36:01 --> File loaded: /apps/web-drc/application/views/template_login_lte/contents.php
DEBUG - 2025-03-12 15:36:01 --> File loaded: /apps/web-drc/application/views/template_login_lte/default.php
INFO - 2025-03-12 15:36:01 --> Final output sent to browser
DEBUG - 2025-03-12 15:36:01 --> Total execution time: 0.0329
INFO - 2025-03-12 15:36:06 --> Config Class Initialized
INFO - 2025-03-12 15:36:06 --> Hooks Class Initialized
DEBUG - 2025-03-12 15:36:06 --> UTF-8 Support Enabled
INFO - 2025-03-12 15:36:06 --> Utf8 Class Initialized
INFO - 2025-03-12 15:36:06 --> URI Class Initialized
DEBUG - 2025-03-12 15:36:06 --> No URI present. Default controller set.
INFO - 2025-03-12 15:36:06 --> Router Class Initialized
INFO - 2025-03-12 15:36:06 --> Output Class Initialized
INFO - 2025-03-12 15:36:06 --> Security Class Initialized
DEBUG - 2025-03-12 15:36:06 --> Global POST, GET and COOKIE data sanitized
INFO - 2025-03-12 15:36:06 --> Input Class Initialized
INFO - 2025-03-12 15:36:06 --> Language Class Initialized
INFO - 2025-03-12 15:36:06 --> Language Class Initialized
INFO - 2025-03-12 15:36:06 --> Config Class Initialized
INFO - 2025-03-12 15:36:06 --> Loader Class Initialized
INFO - 2025-03-12 15:36:06 --> Helper loaded: url_helper
INFO - 2025-03-12 15:36:06 --> Helper loaded: easyui_helper
INFO - 2025-03-12 15:36:06 --> Helper loaded: param_helper
INFO - 2025-03-12 15:36:06 --> Helper loaded: credential_helper
INFO - 2025-03-12 15:36:06 --> Helper loaded: template_helper
INFO - 2025-03-12 15:36:06 --> Helper loaded: rest_helper
INFO - 2025-03-12 15:36:06 --> Database Driver Class Initialized
DEBUG - 2025-03-12 15:36:06 --> Idgenerator class already loaded. Second attempt ignored.
INFO - 2025-03-12 15:36:06 --> Controller Class Initialized
DEBUG - 2025-03-12 15:36:06 --> File loaded: /apps/web-drc/application/modules/app_auth/views/login_lte_template.php
DEBUG - 2025-03-12 15:36:06 --> File loaded: /apps/web-drc/application/views/template_login_lte/header.php
DEBUG - 2025-03-12 15:36:06 --> File loaded: /apps/web-drc/application/views/template_login_lte/contents.php
DEBUG - 2025-03-12 15:36:06 --> File loaded: /apps/web-drc/application/views/template_login_lte/default.php
INFO - 2025-03-12 15:36:06 --> Final output sent to browser
DEBUG - 2025-03-12 15:36:06 --> Total execution time: 0.0055
INFO - 2025-03-12 15:50:09 --> Config Class Initialized
INFO - 2025-03-12 15:50:09 --> Hooks Class Initialized
DEBUG - 2025-03-12 15:50:09 --> UTF-8 Support Enabled
INFO - 2025-03-12 15:50:09 --> Utf8 Class Initialized
INFO - 2025-03-12 15:50:09 --> URI Class Initialized
INFO - 2025-03-12 15:50:09 --> Router Class Initialized
INFO - 2025-03-12 15:50:09 --> Output Class Initialized
INFO - 2025-03-12 15:50:09 --> Security Class Initialized
DEBUG - 2025-03-12 15:50:09 --> Global POST, GET and COOKIE data sanitized
INFO - 2025-03-12 15:50:09 --> Input Class Initialized
INFO - 2025-03-12 15:50:09 --> Language Class Initialized
ERROR - 2025-03-12 15:50:09 --> 404 Page Not Found: /index
INFO - 2025-03-12 15:50:09 --> Config Class Initialized
INFO - 2025-03-12 15:50:09 --> Hooks Class Initialized
DEBUG - 2025-03-12 15:50:09 --> UTF-8 Support Enabled
INFO - 2025-03-12 15:50:09 --> Utf8 Class Initialized
INFO - 2025-03-12 15:50:09 --> URI Class Initialized
INFO - 2025-03-12 15:50:09 --> Router Class Initialized
INFO - 2025-03-12 15:50:09 --> Output Class Initialized
INFO - 2025-03-12 15:50:09 --> Security Class Initialized
DEBUG - 2025-03-12 15:50:09 --> Global POST, GET and COOKIE data sanitized
INFO - 2025-03-12 15:50:09 --> Input Class Initialized
INFO - 2025-03-12 15:50:09 --> Language Class Initialized
ERROR - 2025-03-12 15:50:09 --> 404 Page Not Found: /index
INFO - 2025-03-12 15:50:10 --> Config Class Initialized
INFO - 2025-03-12 15:50:10 --> Hooks Class Initialized
DEBUG - 2025-03-12 15:50:10 --> UTF-8 Support Enabled
INFO - 2025-03-12 15:50:10 --> Utf8 Class Initialized
INFO - 2025-03-12 15:50:10 --> URI Class Initialized
INFO - 2025-03-12 15:50:10 --> Router Class Initialized
INFO - 2025-03-12 15:50:10 --> Output Class Initialized
INFO - 2025-03-12 15:50:10 --> Security Class Initialized
DEBUG - 2025-03-12 15:50:10 --> Global POST, GET and COOKIE data sanitized
INFO - 2025-03-12 15:50:10 --> Input Class Initialized
INFO - 2025-03-12 15:50:10 --> Language Class Initialized
ERROR - 2025-03-12 15:50:10 --> 404 Page Not Found: /index
INFO - 2025-03-12 15:50:10 --> Config Class Initialized
INFO - 2025-03-12 15:50:10 --> Hooks Class Initialized
DEBUG - 2025-03-12 15:50:10 --> UTF-8 Support Enabled
INFO - 2025-03-12 15:50:10 --> Utf8 Class Initialized
INFO - 2025-03-12 15:50:10 --> URI Class Initialized
INFO - 2025-03-12 15:50:10 --> Router Class Initialized
INFO - 2025-03-12 15:50:10 --> Output Class Initialized
INFO - 2025-03-12 15:50:10 --> Security Class Initialized
DEBUG - 2025-03-12 15:50:10 --> Global POST, GET and COOKIE data sanitized
INFO - 2025-03-12 15:50:10 --> Input Class Initialized
INFO - 2025-03-12 15:50:10 --> Language Class Initialized
ERROR - 2025-03-12 15:50:10 --> 404 Page Not Found: /index
INFO - 2025-03-12 15:50:10 --> Config Class Initialized
INFO - 2025-03-12 15:50:10 --> Hooks Class Initialized
DEBUG - 2025-03-12 15:50:10 --> UTF-8 Support Enabled
INFO - 2025-03-12 15:50:10 --> Utf8 Class Initialized
INFO - 2025-03-12 15:50:10 --> URI Class Initialized
INFO - 2025-03-12 15:50:10 --> Router Class Initialized
INFO - 2025-03-12 15:50:10 --> Output Class Initialized
INFO - 2025-03-12 15:50:10 --> Security Class Initialized
DEBUG - 2025-03-12 15:50:10 --> Global POST, GET and COOKIE data sanitized
INFO - 2025-03-12 15:50:10 --> Input Class Initialized
INFO - 2025-03-12 15:50:10 --> Language Class Initialized
ERROR - 2025-03-12 15:50:10 --> 404 Page Not Found: /index
INFO - 2025-03-12 15:50:11 --> Config Class Initialized
INFO - 2025-03-12 15:50:11 --> Hooks Class Initialized
DEBUG - 2025-03-12 15:50:11 --> UTF-8 Support Enabled
INFO - 2025-03-12 15:50:11 --> Utf8 Class Initialized
INFO - 2025-03-12 15:50:11 --> URI Class Initialized
INFO - 2025-03-12 15:50:11 --> Router Class Initialized
INFO - 2025-03-12 15:50:11 --> Output Class Initialized
INFO - 2025-03-12 15:50:11 --> Security Class Initialized
DEBUG - 2025-03-12 15:50:11 --> Global POST, GET and COOKIE data sanitized
INFO - 2025-03-12 15:50:11 --> Input Class Initialized
INFO - 2025-03-12 15:50:11 --> Language Class Initialized
ERROR - 2025-03-12 15:50:11 --> 404 Page Not Found: /index
INFO - 2025-03-12 15:50:11 --> Config Class Initialized
INFO - 2025-03-12 15:50:11 --> Hooks Class Initialized
DEBUG - 2025-03-12 15:50:11 --> UTF-8 Support Enabled
INFO - 2025-03-12 15:50:11 --> Utf8 Class Initialized
INFO - 2025-03-12 15:50:11 --> URI Class Initialized
INFO - 2025-03-12 15:50:11 --> Router Class Initialized
INFO - 2025-03-12 15:50:11 --> Output Class Initialized
INFO - 2025-03-12 15:50:11 --> Security Class Initialized
DEBUG - 2025-03-12 15:50:11 --> Global POST, GET and COOKIE data sanitized
INFO - 2025-03-12 15:50:11 --> Input Class Initialized
INFO - 2025-03-12 15:50:11 --> Language Class Initialized
ERROR - 2025-03-12 15:50:11 --> 404 Page Not Found: /index
INFO - 2025-03-12 15:50:11 --> Config Class Initialized
INFO - 2025-03-12 15:50:11 --> Hooks Class Initialized
DEBUG - 2025-03-12 15:50:11 --> UTF-8 Support Enabled
INFO - 2025-03-12 15:50:11 --> Utf8 Class Initialized
INFO - 2025-03-12 15:50:11 --> URI Class Initialized
INFO - 2025-03-12 15:50:11 --> Router Class Initialized
INFO - 2025-03-12 15:50:11 --> Output Class Initialized
INFO - 2025-03-12 15:50:11 --> Security Class Initialized
DEBUG - 2025-03-12 15:50:11 --> Global POST, GET and COOKIE data sanitized
INFO - 2025-03-12 15:50:11 --> Input Class Initialized
INFO - 2025-03-12 15:50:11 --> Language Class Initialized
ERROR - 2025-03-12 15:50:11 --> 404 Page Not Found: /index
INFO - 2025-03-12 15:50:12 --> Config Class Initialized
INFO - 2025-03-12 15:50:12 --> Hooks Class Initialized
DEBUG - 2025-03-12 15:50:12 --> UTF-8 Support Enabled
INFO - 2025-03-12 15:50:12 --> Utf8 Class Initialized
INFO - 2025-03-12 15:50:12 --> URI Class Initialized
INFO - 2025-03-12 15:50:12 --> Router Class Initialized
INFO - 2025-03-12 15:50:12 --> Output Class Initialized
INFO - 2025-03-12 15:50:12 --> Security Class Initialized
DEBUG - 2025-03-12 15:50:12 --> Global POST, GET and COOKIE data sanitized
INFO - 2025-03-12 15:50:12 --> Input Class Initialized
INFO - 2025-03-12 15:50:12 --> Language Class Initialized
ERROR - 2025-03-12 15:50:12 --> 404 Page Not Found: /index
INFO - 2025-03-12 15:50:12 --> Config Class Initialized
INFO - 2025-03-12 15:50:12 --> Hooks Class Initialized
DEBUG - 2025-03-12 15:50:12 --> UTF-8 Support Enabled
INFO - 2025-03-12 15:50:12 --> Utf8 Class Initialized
INFO - 2025-03-12 15:50:12 --> URI Class Initialized
INFO - 2025-03-12 15:50:12 --> Router Class Initialized
INFO - 2025-03-12 15:50:12 --> Output Class Initialized
INFO - 2025-03-12 15:50:12 --> Security Class Initialized
DEBUG - 2025-03-12 15:50:12 --> Global POST, GET and COOKIE data sanitized
INFO - 2025-03-12 15:50:12 --> Input Class Initialized
INFO - 2025-03-12 15:50:12 --> Language Class Initialized
ERROR - 2025-03-12 15:50:12 --> 404 Page Not Found: /index
INFO - 2025-03-12 15:50:12 --> Config Class Initialized
INFO - 2025-03-12 15:50:12 --> Hooks Class Initialized
DEBUG - 2025-03-12 15:50:12 --> UTF-8 Support Enabled
INFO - 2025-03-12 15:50:12 --> Utf8 Class Initialized
INFO - 2025-03-12 15:50:12 --> URI Class Initialized
INFO - 2025-03-12 15:50:12 --> Router Class Initialized
INFO - 2025-03-12 15:50:12 --> Output Class Initialized
INFO - 2025-03-12 15:50:12 --> Security Class Initialized
DEBUG - 2025-03-12 15:50:12 --> Global POST, GET and COOKIE data sanitized
INFO - 2025-03-12 15:50:12 --> Input Class Initialized
INFO - 2025-03-12 15:50:12 --> Language Class Initialized
ERROR - 2025-03-12 15:50:12 --> 404 Page Not Found: /index
INFO - 2025-03-12 15:50:12 --> Config Class Initialized
INFO - 2025-03-12 15:50:12 --> Hooks Class Initialized
DEBUG - 2025-03-12 15:50:12 --> UTF-8 Support Enabled
INFO - 2025-03-12 15:50:12 --> Utf8 Class Initialized
INFO - 2025-03-12 15:50:12 --> URI Class Initialized
INFO - 2025-03-12 15:50:12 --> Router Class Initialized
INFO - 2025-03-12 15:50:12 --> Output Class Initialized
INFO - 2025-03-12 15:50:12 --> Security Class Initialized
DEBUG - 2025-03-12 15:50:12 --> Global POST, GET and COOKIE data sanitized
INFO - 2025-03-12 15:50:12 --> Input Class Initialized
INFO - 2025-03-12 15:50:12 --> Language Class Initialized
ERROR - 2025-03-12 15:50:12 --> 404 Page Not Found: /index
INFO - 2025-03-12 15:50:13 --> Config Class Initialized
INFO - 2025-03-12 15:50:13 --> Hooks Class Initialized
DEBUG - 2025-03-12 15:50:13 --> UTF-8 Support Enabled
INFO - 2025-03-12 15:50:13 --> Utf8 Class Initialized
INFO - 2025-03-12 15:50:13 --> URI Class Initialized
INFO - 2025-03-12 15:50:13 --> Router Class Initialized
INFO - 2025-03-12 15:50:13 --> Output Class Initialized
INFO - 2025-03-12 15:50:13 --> Security Class Initialized
DEBUG - 2025-03-12 15:50:13 --> Global POST, GET and COOKIE data sanitized
INFO - 2025-03-12 15:50:13 --> Input Class Initialized
INFO - 2025-03-12 15:50:13 --> Language Class Initialized
ERROR - 2025-03-12 15:50:13 --> 404 Page Not Found: /index
INFO - 2025-03-12 15:50:13 --> Config Class Initialized
INFO - 2025-03-12 15:50:13 --> Hooks Class Initialized
DEBUG - 2025-03-12 15:50:13 --> UTF-8 Support Enabled
INFO - 2025-03-12 15:50:13 --> Utf8 Class Initialized
INFO - 2025-03-12 15:50:13 --> URI Class Initialized
INFO - 2025-03-12 15:50:13 --> Router Class Initialized
INFO - 2025-03-12 15:50:13 --> Output Class Initialized
INFO - 2025-03-12 15:50:13 --> Security Class Initialized
DEBUG - 2025-03-12 15:50:13 --> Global POST, GET and COOKIE data sanitized
INFO - 2025-03-12 15:50:13 --> Input Class Initialized
INFO - 2025-03-12 15:50:13 --> Language Class Initialized
ERROR - 2025-03-12 15:50:13 --> 404 Page Not Found: /index
INFO - 2025-03-12 15:50:13 --> Config Class Initialized
INFO - 2025-03-12 15:50:13 --> Hooks Class Initialized
DEBUG - 2025-03-12 15:50:13 --> UTF-8 Support Enabled
INFO - 2025-03-12 15:50:13 --> Utf8 Class Initialized
INFO - 2025-03-12 15:50:13 --> URI Class Initialized
INFO - 2025-03-12 15:50:13 --> Router Class Initialized
INFO - 2025-03-12 15:50:13 --> Output Class Initialized
INFO - 2025-03-12 15:50:13 --> Security Class Initialized
DEBUG - 2025-03-12 15:50:13 --> Global POST, GET and COOKIE data sanitized
INFO - 2025-03-12 15:50:13 --> Input Class Initialized
INFO - 2025-03-12 15:50:13 --> Language Class Initialized
ERROR - 2025-03-12 15:50:13 --> 404 Page Not Found: /index
INFO - 2025-03-12 16:39:01 --> Config Class Initialized
INFO - 2025-03-12 16:39:01 --> Hooks Class Initialized
DEBUG - 2025-03-12 16:39:01 --> UTF-8 Support Enabled
INFO - 2025-03-12 16:39:01 --> Utf8 Class Initialized
INFO - 2025-03-12 16:39:01 --> URI Class Initialized
DEBUG - 2025-03-12 16:39:01 --> No URI present. Default controller set.
INFO - 2025-03-12 16:39:01 --> Router Class Initialized
INFO - 2025-03-12 16:39:01 --> Output Class Initialized
INFO - 2025-03-12 16:39:01 --> Security Class Initialized
DEBUG - 2025-03-12 16:39:01 --> Global POST, GET and COOKIE data sanitized
INFO - 2025-03-12 16:39:01 --> Input Class Initialized
INFO - 2025-03-12 16:39:01 --> Language Class Initialized
INFO - 2025-03-12 16:39:01 --> Language Class Initialized
INFO - 2025-03-12 16:39:01 --> Config Class Initialized
INFO - 2025-03-12 16:39:01 --> Loader Class Initialized
INFO - 2025-03-12 16:39:01 --> Helper loaded: url_helper
INFO - 2025-03-12 16:39:01 --> Helper loaded: easyui_helper
INFO - 2025-03-12 16:39:01 --> Helper loaded: param_helper
INFO - 2025-03-12 16:39:01 --> Helper loaded: credential_helper
INFO - 2025-03-12 16:39:01 --> Helper loaded: template_helper
INFO - 2025-03-12 16:39:01 --> Helper loaded: rest_helper
INFO - 2025-03-12 16:39:01 --> Database Driver Class Initialized
DEBUG - 2025-03-12 16:39:01 --> Idgenerator class already loaded. Second attempt ignored.
INFO - 2025-03-12 16:39:01 --> Controller Class Initialized
DEBUG - 2025-03-12 16:39:01 --> File loaded: /apps/web-drc/application/modules/app_auth/views/login_lte_template.php
DEBUG - 2025-03-12 16:39:01 --> File loaded: /apps/web-drc/application/views/template_login_lte/header.php
DEBUG - 2025-03-12 16:39:01 --> File loaded: /apps/web-drc/application/views/template_login_lte/contents.php
DEBUG - 2025-03-12 16:39:01 --> File loaded: /apps/web-drc/application/views/template_login_lte/default.php
INFO - 2025-03-12 16:39:01 --> Final output sent to browser
DEBUG - 2025-03-12 16:39:01 --> Total execution time: 0.0226
INFO - 2025-03-12 16:39:01 --> Config Class Initialized
INFO - 2025-03-12 16:39:01 --> Hooks Class Initialized
DEBUG - 2025-03-12 16:39:01 --> UTF-8 Support Enabled
INFO - 2025-03-12 16:39:01 --> Utf8 Class Initialized
INFO - 2025-03-12 16:39:01 --> URI Class Initialized
INFO - 2025-03-12 16:39:01 --> Router Class Initialized
INFO - 2025-03-12 16:39:01 --> Output Class Initialized
INFO - 2025-03-12 16:39:01 --> Security Class Initialized
DEBUG - 2025-03-12 16:39:01 --> Global POST, GET and COOKIE data sanitized
INFO - 2025-03-12 16:39:01 --> Input Class Initialized
INFO - 2025-03-12 16:39:01 --> Language Class Initialized
ERROR - 2025-03-12 16:39:01 --> 404 Page Not Found: /index
INFO - 2025-03-12 16:39:01 --> Config Class Initialized
INFO - 2025-03-12 16:39:01 --> Hooks Class Initialized
DEBUG - 2025-03-12 16:39:01 --> UTF-8 Support Enabled
INFO - 2025-03-12 16:39:01 --> Utf8 Class Initialized
INFO - 2025-03-12 16:39:01 --> URI Class Initialized
INFO - 2025-03-12 16:39:01 --> Router Class Initialized
INFO - 2025-03-12 16:39:01 --> Output Class Initialized
INFO - 2025-03-12 16:39:01 --> Security Class Initialized
DEBUG - 2025-03-12 16:39:01 --> Global POST, GET and COOKIE data sanitized
INFO - 2025-03-12 16:39:01 --> Input Class Initialized
INFO - 2025-03-12 16:39:01 --> Language Class Initialized
ERROR - 2025-03-12 16:39:01 --> 404 Page Not Found: /index
INFO - 2025-03-12 16:39:01 --> Config Class Initialized
INFO - 2025-03-12 16:39:01 --> Hooks Class Initialized
DEBUG - 2025-03-12 16:39:01 --> UTF-8 Support Enabled
INFO - 2025-03-12 16:39:01 --> Utf8 Class Initialized
INFO - 2025-03-12 16:39:01 --> URI Class Initialized
DEBUG - 2025-03-12 16:39:01 --> No URI present. Default controller set.
INFO - 2025-03-12 16:39:01 --> Router Class Initialized
INFO - 2025-03-12 16:39:01 --> Output Class Initialized
INFO - 2025-03-12 16:39:01 --> Security Class Initialized
DEBUG - 2025-03-12 16:39:01 --> Global POST, GET and COOKIE data sanitized
INFO - 2025-03-12 16:39:01 --> Input Class Initialized
INFO - 2025-03-12 16:39:01 --> Language Class Initialized
INFO - 2025-03-12 16:39:01 --> Language Class Initialized
INFO - 2025-03-12 16:39:01 --> Config Class Initialized
INFO - 2025-03-12 16:39:01 --> Loader Class Initialized
INFO - 2025-03-12 16:39:01 --> Helper loaded: url_helper
INFO - 2025-03-12 16:39:01 --> Helper loaded: easyui_helper
INFO - 2025-03-12 16:39:01 --> Helper loaded: param_helper
INFO - 2025-03-12 16:39:01 --> Helper loaded: credential_helper
INFO - 2025-03-12 16:39:01 --> Helper loaded: template_helper
INFO - 2025-03-12 16:39:01 --> Helper loaded: rest_helper
INFO - 2025-03-12 16:39:01 --> Database Driver Class Initialized
DEBUG - 2025-03-12 16:39:01 --> Idgenerator class already loaded. Second attempt ignored.
INFO - 2025-03-12 16:39:01 --> Controller Class Initialized
DEBUG - 2025-03-12 16:39:01 --> File loaded: /apps/web-drc/application/modules/app_auth/views/login_lte_template.php
DEBUG - 2025-03-12 16:39:01 --> File loaded: /apps/web-drc/application/views/template_login_lte/header.php
DEBUG - 2025-03-12 16:39:01 --> File loaded: /apps/web-drc/application/views/template_login_lte/contents.php
DEBUG - 2025-03-12 16:39:01 --> File loaded: /apps/web-drc/application/views/template_login_lte/default.php
INFO - 2025-03-12 16:39:01 --> Final output sent to browser
DEBUG - 2025-03-12 16:39:01 --> Total execution time: 0.0029
INFO - 2025-03-12 16:39:02 --> Config Class Initialized
INFO - 2025-03-12 16:39:02 --> Hooks Class Initialized
DEBUG - 2025-03-12 16:39:02 --> UTF-8 Support Enabled
INFO - 2025-03-12 16:39:02 --> Utf8 Class Initialized
INFO - 2025-03-12 16:39:02 --> URI Class Initialized
INFO - 2025-03-12 16:39:02 --> Router Class Initialized
INFO - 2025-03-12 16:39:02 --> Output Class Initialized
INFO - 2025-03-12 16:39:02 --> Security Class Initialized
DEBUG - 2025-03-12 16:39:02 --> Global POST, GET and COOKIE data sanitized
INFO - 2025-03-12 16:39:02 --> Input Class Initialized
INFO - 2025-03-12 16:39:02 --> Language Class Initialized
ERROR - 2025-03-12 16:39:02 --> 404 Page Not Found: /index
INFO - 2025-03-12 16:39:02 --> Config Class Initialized
INFO - 2025-03-12 16:39:02 --> Hooks Class Initialized
DEBUG - 2025-03-12 16:39:02 --> UTF-8 Support Enabled
INFO - 2025-03-12 16:39:02 --> Utf8 Class Initialized
INFO - 2025-03-12 16:39:02 --> URI Class Initialized
INFO - 2025-03-12 16:39:02 --> Router Class Initialized
INFO - 2025-03-12 16:39:02 --> Output Class Initialized
INFO - 2025-03-12 16:39:02 --> Security Class Initialized
DEBUG - 2025-03-12 16:39:02 --> Global POST, GET and COOKIE data sanitized
INFO - 2025-03-12 16:39:02 --> Input Class Initialized
INFO - 2025-03-12 16:39:02 --> Language Class Initialized
ERROR - 2025-03-12 16:39:02 --> 404 Page Not Found: /index
INFO - 2025-03-12 16:39:02 --> Config Class Initialized
INFO - 2025-03-12 16:39:02 --> Hooks Class Initialized
DEBUG - 2025-03-12 16:39:02 --> UTF-8 Support Enabled
INFO - 2025-03-12 16:39:02 --> Utf8 Class Initialized
INFO - 2025-03-12 16:39:02 --> URI Class Initialized
INFO - 2025-03-12 16:39:02 --> Router Class Initialized
INFO - 2025-03-12 16:39:02 --> Output Class Initialized
INFO - 2025-03-12 16:39:02 --> Security Class Initialized
DEBUG - 2025-03-12 16:39:02 --> Global POST, GET and COOKIE data sanitized
INFO - 2025-03-12 16:39:02 --> Input Class Initialized
INFO - 2025-03-12 16:39:02 --> Language Class Initialized
ERROR - 2025-03-12 16:39:02 --> 404 Page Not Found: /index
INFO - 2025-03-12 16:39:02 --> Config Class Initialized
INFO - 2025-03-12 16:39:02 --> Hooks Class Initialized
DEBUG - 2025-03-12 16:39:02 --> UTF-8 Support Enabled
INFO - 2025-03-12 16:39:02 --> Utf8 Class Initialized
INFO - 2025-03-12 16:39:02 --> URI Class Initialized
INFO - 2025-03-12 16:39:02 --> Router Class Initialized
INFO - 2025-03-12 16:39:02 --> Output Class Initialized
INFO - 2025-03-12 16:39:02 --> Security Class Initialized
DEBUG - 2025-03-12 16:39:02 --> Global POST, GET and COOKIE data sanitized
INFO - 2025-03-12 16:39:02 --> Input Class Initialized
INFO - 2025-03-12 16:39:02 --> Language Class Initialized
ERROR - 2025-03-12 16:39:02 --> 404 Page Not Found: /index
INFO - 2025-03-12 16:39:02 --> Config Class Initialized
INFO - 2025-03-12 16:39:02 --> Hooks Class Initialized
DEBUG - 2025-03-12 16:39:02 --> UTF-8 Support Enabled
INFO - 2025-03-12 16:39:02 --> Utf8 Class Initialized
INFO - 2025-03-12 16:39:02 --> URI Class Initialized
INFO - 2025-03-12 16:39:02 --> Router Class Initialized
INFO - 2025-03-12 16:39:02 --> Output Class Initialized
INFO - 2025-03-12 16:39:02 --> Security Class Initialized
DEBUG - 2025-03-12 16:39:02 --> Global POST, GET and COOKIE data sanitized
INFO - 2025-03-12 16:39:02 --> Input Class Initialized
INFO - 2025-03-12 16:39:02 --> Language Class Initialized
ERROR - 2025-03-12 16:39:02 --> 404 Page Not Found: /index
INFO - 2025-03-12 16:39:02 --> Config Class Initialized
INFO - 2025-03-12 16:39:02 --> Hooks Class Initialized
DEBUG - 2025-03-12 16:39:02 --> UTF-8 Support Enabled
INFO - 2025-03-12 16:39:02 --> Utf8 Class Initialized
INFO - 2025-03-12 16:39:02 --> URI Class Initialized
INFO - 2025-03-12 16:39:02 --> Router Class Initialized
INFO - 2025-03-12 16:39:02 --> Output Class Initialized
INFO - 2025-03-12 16:39:02 --> Security Class Initialized
DEBUG - 2025-03-12 16:39:02 --> Global POST, GET and COOKIE data sanitized
INFO - 2025-03-12 16:39:02 --> Input Class Initialized
INFO - 2025-03-12 16:39:02 --> Language Class Initialized
ERROR - 2025-03-12 16:39:02 --> 404 Page Not Found: /index
INFO - 2025-03-12 16:39:02 --> Config Class Initialized
INFO - 2025-03-12 16:39:02 --> Hooks Class Initialized
DEBUG - 2025-03-12 16:39:02 --> UTF-8 Support Enabled
INFO - 2025-03-12 16:39:02 --> Utf8 Class Initialized
INFO - 2025-03-12 16:39:02 --> URI Class Initialized
INFO - 2025-03-12 16:39:02 --> Router Class Initialized
INFO - 2025-03-12 16:39:02 --> Output Class Initialized
INFO - 2025-03-12 16:39:02 --> Security Class Initialized
DEBUG - 2025-03-12 16:39:02 --> Global POST, GET and COOKIE data sanitized
INFO - 2025-03-12 16:39:02 --> Input Class Initialized
INFO - 2025-03-12 16:39:02 --> Language Class Initialized
ERROR - 2025-03-12 16:39:02 --> 404 Page Not Found: /index
INFO - 2025-03-12 16:39:03 --> Config Class Initialized
INFO - 2025-03-12 16:39:03 --> Hooks Class Initialized
DEBUG - 2025-03-12 16:39:03 --> UTF-8 Support Enabled
INFO - 2025-03-12 16:39:03 --> Utf8 Class Initialized
INFO - 2025-03-12 16:39:03 --> URI Class Initialized
INFO - 2025-03-12 16:39:03 --> Router Class Initialized
INFO - 2025-03-12 16:39:03 --> Output Class Initialized
INFO - 2025-03-12 16:39:03 --> Security Class Initialized
DEBUG - 2025-03-12 16:39:03 --> Global POST, GET and COOKIE data sanitized
INFO - 2025-03-12 16:39:03 --> Input Class Initialized
INFO - 2025-03-12 16:39:03 --> Language Class Initialized
ERROR - 2025-03-12 16:39:03 --> 404 Page Not Found: /index
INFO - 2025-03-12 16:39:03 --> Config Class Initialized
INFO - 2025-03-12 16:39:03 --> Hooks Class Initialized
DEBUG - 2025-03-12 16:39:03 --> UTF-8 Support Enabled
INFO - 2025-03-12 16:39:03 --> Utf8 Class Initialized
INFO - 2025-03-12 16:39:03 --> URI Class Initialized
INFO - 2025-03-12 16:39:03 --> Router Class Initialized
INFO - 2025-03-12 16:39:03 --> Output Class Initialized
INFO - 2025-03-12 16:39:03 --> Security Class Initialized
DEBUG - 2025-03-12 16:39:03 --> Global POST, GET and COOKIE data sanitized
INFO - 2025-03-12 16:39:03 --> Input Class Initialized
INFO - 2025-03-12 16:39:03 --> Language Class Initialized
ERROR - 2025-03-12 16:39:03 --> 404 Page Not Found: /index
INFO - 2025-03-12 16:39:03 --> Config Class Initialized
INFO - 2025-03-12 16:39:03 --> Hooks Class Initialized
DEBUG - 2025-03-12 16:39:03 --> UTF-8 Support Enabled
INFO - 2025-03-12 16:39:03 --> Utf8 Class Initialized
INFO - 2025-03-12 16:39:03 --> URI Class Initialized
INFO - 2025-03-12 16:39:03 --> Router Class Initialized
INFO - 2025-03-12 16:39:03 --> Output Class Initialized
INFO - 2025-03-12 16:39:03 --> Security Class Initialized
DEBUG - 2025-03-12 16:39:03 --> Global POST, GET and COOKIE data sanitized
INFO - 2025-03-12 16:39:03 --> Input Class Initialized
INFO - 2025-03-12 16:39:03 --> Language Class Initialized
ERROR - 2025-03-12 16:39:03 --> 404 Page Not Found: /index
INFO - 2025-03-12 16:39:03 --> Config Class Initialized
INFO - 2025-03-12 16:39:03 --> Hooks Class Initialized
DEBUG - 2025-03-12 16:39:03 --> UTF-8 Support Enabled
INFO - 2025-03-12 16:39:03 --> Utf8 Class Initialized
INFO - 2025-03-12 16:39:03 --> URI Class Initialized
INFO - 2025-03-12 16:39:03 --> Router Class Initialized
INFO - 2025-03-12 16:39:03 --> Output Class Initialized
INFO - 2025-03-12 16:39:03 --> Security Class Initialized
DEBUG - 2025-03-12 16:39:03 --> Global POST, GET and COOKIE data sanitized
INFO - 2025-03-12 16:39:03 --> Input Class Initialized
INFO - 2025-03-12 16:39:03 --> Language Class Initialized
ERROR - 2025-03-12 16:39:03 --> 404 Page Not Found: /index
INFO - 2025-03-12 16:39:03 --> Config Class Initialized
INFO - 2025-03-12 16:39:03 --> Hooks Class Initialized
DEBUG - 2025-03-12 16:39:03 --> UTF-8 Support Enabled
INFO - 2025-03-12 16:39:03 --> Utf8 Class Initialized
INFO - 2025-03-12 16:39:03 --> URI Class Initialized
INFO - 2025-03-12 16:39:03 --> Router Class Initialized
INFO - 2025-03-12 16:39:03 --> Output Class Initialized
INFO - 2025-03-12 16:39:03 --> Security Class Initialized
DEBUG - 2025-03-12 16:39:03 --> Global POST, GET and COOKIE data sanitized
INFO - 2025-03-12 16:39:03 --> Input Class Initialized
INFO - 2025-03-12 16:39:03 --> Language Class Initialized
ERROR - 2025-03-12 16:39:03 --> 404 Page Not Found: /index
INFO - 2025-03-12 16:39:03 --> Config Class Initialized
INFO - 2025-03-12 16:39:03 --> Hooks Class Initialized
DEBUG - 2025-03-12 16:39:03 --> UTF-8 Support Enabled
INFO - 2025-03-12 16:39:03 --> Utf8 Class Initialized
INFO - 2025-03-12 16:39:03 --> URI Class Initialized
INFO - 2025-03-12 16:39:03 --> Router Class Initialized
INFO - 2025-03-12 16:39:03 --> Output Class Initialized
INFO - 2025-03-12 16:39:03 --> Security Class Initialized
DEBUG - 2025-03-12 16:39:03 --> Global POST, GET and COOKIE data sanitized
INFO - 2025-03-12 16:39:03 --> Input Class Initialized
INFO - 2025-03-12 16:39:03 --> Language Class Initialized
ERROR - 2025-03-12 16:39:03 --> 404 Page Not Found: /index
INFO - 2025-03-12 16:39:03 --> Config Class Initialized
INFO - 2025-03-12 16:39:03 --> Hooks Class Initialized
DEBUG - 2025-03-12 16:39:03 --> UTF-8 Support Enabled
INFO - 2025-03-12 16:39:03 --> Utf8 Class Initialized
INFO - 2025-03-12 16:39:03 --> URI Class Initialized
INFO - 2025-03-12 16:39:03 --> Router Class Initialized
INFO - 2025-03-12 16:39:03 --> Output Class Initialized
INFO - 2025-03-12 16:39:03 --> Security Class Initialized
DEBUG - 2025-03-12 16:39:03 --> Global POST, GET and COOKIE data sanitized
INFO - 2025-03-12 16:39:03 --> Input Class Initialized
INFO - 2025-03-12 16:39:03 --> Language Class Initialized
ERROR - 2025-03-12 16:39:03 --> 404 Page Not Found: /index
INFO - 2025-03-12 16:39:04 --> Config Class Initialized
INFO - 2025-03-12 16:39:04 --> Hooks Class Initialized
DEBUG - 2025-03-12 16:39:04 --> UTF-8 Support Enabled
INFO - 2025-03-12 16:39:04 --> Utf8 Class Initialized
INFO - 2025-03-12 16:39:04 --> URI Class Initialized
INFO - 2025-03-12 16:39:04 --> Router Class Initialized
INFO - 2025-03-12 16:39:04 --> Output Class Initialized
INFO - 2025-03-12 16:39:04 --> Security Class Initialized
DEBUG - 2025-03-12 16:39:04 --> Global POST, GET and COOKIE data sanitized
INFO - 2025-03-12 16:39:04 --> Input Class Initialized
INFO - 2025-03-12 16:39:04 --> Language Class Initialized
ERROR - 2025-03-12 16:39:04 --> 404 Page Not Found: /index
INFO - 2025-03-12 16:39:04 --> Config Class Initialized
INFO - 2025-03-12 16:39:04 --> Hooks Class Initialized
DEBUG - 2025-03-12 16:39:04 --> UTF-8 Support Enabled
INFO - 2025-03-12 16:39:04 --> Utf8 Class Initialized
INFO - 2025-03-12 16:39:04 --> URI Class Initialized
INFO - 2025-03-12 16:39:04 --> Router Class Initialized
INFO - 2025-03-12 16:39:04 --> Output Class Initialized
INFO - 2025-03-12 16:39:04 --> Security Class Initialized
DEBUG - 2025-03-12 16:39:04 --> Global POST, GET and COOKIE data sanitized
INFO - 2025-03-12 16:39:04 --> Input Class Initialized
INFO - 2025-03-12 16:39:04 --> Language Class Initialized
ERROR - 2025-03-12 16:39:04 --> 404 Page Not Found: /index
INFO - 2025-03-12 16:54:28 --> Config Class Initialized
INFO - 2025-03-12 16:54:28 --> Hooks Class Initialized
DEBUG - 2025-03-12 16:54:28 --> UTF-8 Support Enabled
INFO - 2025-03-12 16:54:28 --> Utf8 Class Initialized
INFO - 2025-03-12 16:54:28 --> URI Class Initialized
INFO - 2025-03-12 16:54:28 --> Router Class Initialized
INFO - 2025-03-12 16:54:28 --> Output Class Initialized
INFO - 2025-03-12 16:54:28 --> Security Class Initialized
DEBUG - 2025-03-12 16:54:28 --> Global POST, GET and COOKIE data sanitized
INFO - 2025-03-12 16:54:28 --> Input Class Initialized
INFO - 2025-03-12 16:54:28 --> Language Class Initialized
ERROR - 2025-03-12 16:54:28 --> 404 Page Not Found: /index
INFO - 2025-03-12 18:59:46 --> Config Class Initialized
INFO - 2025-03-12 18:59:46 --> Hooks Class Initialized
DEBUG - 2025-03-12 18:59:46 --> UTF-8 Support Enabled
INFO - 2025-03-12 18:59:46 --> Utf8 Class Initialized
INFO - 2025-03-12 18:59:46 --> URI Class Initialized
INFO - 2025-03-12 18:59:46 --> Router Class Initialized
INFO - 2025-03-12 18:59:46 --> Output Class Initialized
INFO - 2025-03-12 18:59:46 --> Security Class Initialized
DEBUG - 2025-03-12 18:59:46 --> Global POST, GET and COOKIE data sanitized
INFO - 2025-03-12 18:59:46 --> Input Class Initialized
INFO - 2025-03-12 18:59:46 --> Language Class Initialized
ERROR - 2025-03-12 18:59:46 --> 404 Page Not Found: /index
INFO - 2025-03-12 18:59:46 --> Config Class Initialized
INFO - 2025-03-12 18:59:46 --> Hooks Class Initialized
DEBUG - 2025-03-12 18:59:46 --> UTF-8 Support Enabled
INFO - 2025-03-12 18:59:46 --> Utf8 Class Initialized
INFO - 2025-03-12 18:59:46 --> URI Class Initialized
DEBUG - 2025-03-12 18:59:46 --> No URI present. Default controller set.
INFO - 2025-03-12 18:59:46 --> Router Class Initialized
INFO - 2025-03-12 18:59:46 --> Output Class Initialized
INFO - 2025-03-12 18:59:46 --> Security Class Initialized
DEBUG - 2025-03-12 18:59:46 --> Global POST, GET and COOKIE data sanitized
INFO - 2025-03-12 18:59:46 --> Input Class Initialized
INFO - 2025-03-12 18:59:46 --> Language Class Initialized
INFO - 2025-03-12 18:59:46 --> Language Class Initialized
INFO - 2025-03-12 18:59:46 --> Config Class Initialized
INFO - 2025-03-12 18:59:46 --> Loader Class Initialized
INFO - 2025-03-12 18:59:46 --> Helper loaded: url_helper
INFO - 2025-03-12 18:59:46 --> Helper loaded: easyui_helper
INFO - 2025-03-12 18:59:46 --> Helper loaded: param_helper
INFO - 2025-03-12 18:59:46 --> Helper loaded: credential_helper
INFO - 2025-03-12 18:59:46 --> Helper loaded: template_helper
INFO - 2025-03-12 18:59:46 --> Helper loaded: rest_helper
INFO - 2025-03-12 18:59:46 --> Database Driver Class Initialized
DEBUG - 2025-03-12 18:59:46 --> Idgenerator class already loaded. Second attempt ignored.
INFO - 2025-03-12 18:59:46 --> Controller Class Initialized
DEBUG - 2025-03-12 18:59:46 --> File loaded: /apps/web-drc/application/modules/app_auth/views/login_lte_template.php
DEBUG - 2025-03-12 18:59:46 --> File loaded: /apps/web-drc/application/views/template_login_lte/header.php
DEBUG - 2025-03-12 18:59:46 --> File loaded: /apps/web-drc/application/views/template_login_lte/contents.php
DEBUG - 2025-03-12 18:59:46 --> File loaded: /apps/web-drc/application/views/template_login_lte/default.php
INFO - 2025-03-12 18:59:46 --> Final output sent to browser
DEBUG - 2025-03-12 18:59:46 --> Total execution time: 0.0047
INFO - 2025-03-12 21:37:06 --> Config Class Initialized
INFO - 2025-03-12 21:37:06 --> Hooks Class Initialized
DEBUG - 2025-03-12 21:37:06 --> UTF-8 Support Enabled
INFO - 2025-03-12 21:37:06 --> Utf8 Class Initialized
INFO - 2025-03-12 21:37:06 --> URI Class Initialized
INFO - 2025-03-12 21:37:06 --> Router Class Initialized
INFO - 2025-03-12 21:37:06 --> Output Class Initialized
INFO - 2025-03-12 21:37:06 --> Security Class Initialized
DEBUG - 2025-03-12 21:37:06 --> Global POST, GET and COOKIE data sanitized
INFO - 2025-03-12 21:37:06 --> Input Class Initialized
INFO - 2025-03-12 21:37:06 --> Language Class Initialized
ERROR - 2025-03-12 21:37:06 --> 404 Page Not Found: /index
INFO - 2025-03-12 21:37:06 --> Config Class Initialized
INFO - 2025-03-12 21:37:06 --> Hooks Class Initialized
DEBUG - 2025-03-12 21:37:06 --> UTF-8 Support Enabled
INFO - 2025-03-12 21:37:06 --> Utf8 Class Initialized
INFO - 2025-03-12 21:37:06 --> URI Class Initialized
INFO - 2025-03-12 21:37:06 --> Router Class Initialized
INFO - 2025-03-12 21:37:06 --> Output Class Initialized
INFO - 2025-03-12 21:37:06 --> Security Class Initialized
DEBUG - 2025-03-12 21:37:06 --> Global POST, GET and COOKIE data sanitized
INFO - 2025-03-12 21:37:06 --> Input Class Initialized
INFO - 2025-03-12 21:37:06 --> Language Class Initialized
ERROR - 2025-03-12 21:37:06 --> 404 Page Not Found: /index
INFO - 2025-03-12 21:37:06 --> Config Class Initialized
INFO - 2025-03-12 21:37:06 --> Hooks Class Initialized
DEBUG - 2025-03-12 21:37:06 --> UTF-8 Support Enabled
INFO - 2025-03-12 21:37:06 --> Utf8 Class Initialized
INFO - 2025-03-12 21:37:06 --> URI Class Initialized
INFO - 2025-03-12 21:37:06 --> Router Class Initialized
INFO - 2025-03-12 21:37:06 --> Output Class Initialized
INFO - 2025-03-12 21:37:06 --> Security Class Initialized
DEBUG - 2025-03-12 21:37:06 --> Global POST, GET and COOKIE data sanitized
INFO - 2025-03-12 21:37:06 --> Input Class Initialized
INFO - 2025-03-12 21:37:06 --> Language Class Initialized
ERROR - 2025-03-12 21:37:06 --> 404 Page Not Found: /index
INFO - 2025-03-12 21:37:06 --> Config Class Initialized
INFO - 2025-03-12 21:37:06 --> Hooks Class Initialized
DEBUG - 2025-03-12 21:37:06 --> UTF-8 Support Enabled
INFO - 2025-03-12 21:37:06 --> Utf8 Class Initialized
INFO - 2025-03-12 21:37:06 --> URI Class Initialized
INFO - 2025-03-12 21:37:06 --> Router Class Initialized
INFO - 2025-03-12 21:37:06 --> Output Class Initialized
INFO - 2025-03-12 21:37:06 --> Security Class Initialized
DEBUG - 2025-03-12 21:37:06 --> Global POST, GET and COOKIE data sanitized
INFO - 2025-03-12 21:37:06 --> Input Class Initialized
INFO - 2025-03-12 21:37:06 --> Language Class Initialized
ERROR - 2025-03-12 21:37:06 --> 404 Page Not Found: /index
INFO - 2025-03-12 21:37:07 --> Config Class Initialized
INFO - 2025-03-12 21:37:07 --> Hooks Class Initialized
DEBUG - 2025-03-12 21:37:07 --> UTF-8 Support Enabled
INFO - 2025-03-12 21:37:07 --> Utf8 Class Initialized
INFO - 2025-03-12 21:37:07 --> URI Class Initialized
INFO - 2025-03-12 21:37:07 --> Router Class Initialized
INFO - 2025-03-12 21:37:07 --> Output Class Initialized
INFO - 2025-03-12 21:37:07 --> Security Class Initialized
DEBUG - 2025-03-12 21:37:07 --> Global POST, GET and COOKIE data sanitized
INFO - 2025-03-12 21:37:07 --> Input Class Initialized
INFO - 2025-03-12 21:37:07 --> Language Class Initialized
ERROR - 2025-03-12 21:37:07 --> 404 Page Not Found: /index
INFO - 2025-03-12 21:37:07 --> Config Class Initialized
INFO - 2025-03-12 21:37:07 --> Hooks Class Initialized
DEBUG - 2025-03-12 21:37:07 --> UTF-8 Support Enabled
INFO - 2025-03-12 21:37:07 --> Utf8 Class Initialized
INFO - 2025-03-12 21:37:07 --> URI Class Initialized
INFO - 2025-03-12 21:37:07 --> Router Class Initialized
INFO - 2025-03-12 21:37:07 --> Output Class Initialized
INFO - 2025-03-12 21:37:07 --> Security Class Initialized
DEBUG - 2025-03-12 21:37:07 --> Global POST, GET and COOKIE data sanitized
INFO - 2025-03-12 21:37:07 --> Input Class Initialized
INFO - 2025-03-12 21:37:07 --> Language Class Initialized
ERROR - 2025-03-12 21:37:07 --> 404 Page Not Found: /index
INFO - 2025-03-12 21:37:07 --> Config Class Initialized
INFO - 2025-03-12 21:37:07 --> Hooks Class Initialized
DEBUG - 2025-03-12 21:37:07 --> UTF-8 Support Enabled
INFO - 2025-03-12 21:37:07 --> Utf8 Class Initialized
INFO - 2025-03-12 21:37:07 --> URI Class Initialized
INFO - 2025-03-12 21:37:07 --> Router Class Initialized
INFO - 2025-03-12 21:37:07 --> Output Class Initialized
INFO - 2025-03-12 21:37:07 --> Security Class Initialized
DEBUG - 2025-03-12 21:37:07 --> Global POST, GET and COOKIE data sanitized
INFO - 2025-03-12 21:37:07 --> Input Class Initialized
INFO - 2025-03-12 21:37:07 --> Language Class Initialized
ERROR - 2025-03-12 21:37:07 --> 404 Page Not Found: /index
INFO - 2025-03-12 21:37:08 --> Config Class Initialized
INFO - 2025-03-12 21:37:08 --> Hooks Class Initialized
DEBUG - 2025-03-12 21:37:08 --> UTF-8 Support Enabled
INFO - 2025-03-12 21:37:08 --> Utf8 Class Initialized
INFO - 2025-03-12 21:37:08 --> URI Class Initialized
INFO - 2025-03-12 21:37:08 --> Router Class Initialized
INFO - 2025-03-12 21:37:08 --> Output Class Initialized
INFO - 2025-03-12 21:37:08 --> Security Class Initialized
DEBUG - 2025-03-12 21:37:08 --> Global POST, GET and COOKIE data sanitized
INFO - 2025-03-12 21:37:08 --> Input Class Initialized
INFO - 2025-03-12 21:37:08 --> Language Class Initialized
ERROR - 2025-03-12 21:37:08 --> 404 Page Not Found: /index
INFO - 2025-03-12 21:37:08 --> Config Class Initialized
INFO - 2025-03-12 21:37:08 --> Hooks Class Initialized
DEBUG - 2025-03-12 21:37:08 --> UTF-8 Support Enabled
INFO - 2025-03-12 21:37:08 --> Utf8 Class Initialized
INFO - 2025-03-12 21:37:08 --> URI Class Initialized
INFO - 2025-03-12 21:37:08 --> Router Class Initialized
INFO - 2025-03-12 21:37:08 --> Output Class Initialized
INFO - 2025-03-12 21:37:08 --> Security Class Initialized
DEBUG - 2025-03-12 21:37:08 --> Global POST, GET and COOKIE data sanitized
INFO - 2025-03-12 21:37:08 --> Input Class Initialized
INFO - 2025-03-12 21:37:08 --> Language Class Initialized
ERROR - 2025-03-12 21:37:08 --> 404 Page Not Found: /index
INFO - 2025-03-12 21:37:08 --> Config Class Initialized
INFO - 2025-03-12 21:37:08 --> Hooks Class Initialized
DEBUG - 2025-03-12 21:37:08 --> UTF-8 Support Enabled
INFO - 2025-03-12 21:37:08 --> Utf8 Class Initialized
INFO - 2025-03-12 21:37:08 --> URI Class Initialized
INFO - 2025-03-12 21:37:08 --> Router Class Initialized
INFO - 2025-03-12 21:37:08 --> Output Class Initialized
INFO - 2025-03-12 21:37:08 --> Security Class Initialized
DEBUG - 2025-03-12 21:37:08 --> Global POST, GET and COOKIE data sanitized
INFO - 2025-03-12 21:37:08 --> Input Class Initialized
INFO - 2025-03-12 21:37:08 --> Language Class Initialized
ERROR - 2025-03-12 21:37:08 --> 404 Page Not Found: /index
INFO - 2025-03-12 21:37:08 --> Config Class Initialized
INFO - 2025-03-12 21:37:08 --> Hooks Class Initialized
DEBUG - 2025-03-12 21:37:08 --> UTF-8 Support Enabled
INFO - 2025-03-12 21:37:08 --> Utf8 Class Initialized
INFO - 2025-03-12 21:37:08 --> URI Class Initialized
INFO - 2025-03-12 21:37:08 --> Router Class Initialized
INFO - 2025-03-12 21:37:08 --> Output Class Initialized
INFO - 2025-03-12 21:37:08 --> Security Class Initialized
DEBUG - 2025-03-12 21:37:08 --> Global POST, GET and COOKIE data sanitized
INFO - 2025-03-12 21:37:08 --> Input Class Initialized
INFO - 2025-03-12 21:37:08 --> Language Class Initialized
ERROR - 2025-03-12 21:37:08 --> 404 Page Not Found: /index
INFO - 2025-03-12 21:37:09 --> Config Class Initialized
INFO - 2025-03-12 21:37:09 --> Hooks Class Initialized
DEBUG - 2025-03-12 21:37:09 --> UTF-8 Support Enabled
INFO - 2025-03-12 21:37:09 --> Utf8 Class Initialized
INFO - 2025-03-12 21:37:09 --> URI Class Initialized
INFO - 2025-03-12 21:37:09 --> Router Class Initialized
INFO - 2025-03-12 21:37:09 --> Output Class Initialized
INFO - 2025-03-12 21:37:09 --> Security Class Initialized
DEBUG - 2025-03-12 21:37:09 --> Global POST, GET and COOKIE data sanitized
INFO - 2025-03-12 21:37:09 --> Input Class Initialized
INFO - 2025-03-12 21:37:09 --> Language Class Initialized
ERROR - 2025-03-12 21:37:09 --> 404 Page Not Found: /index
INFO - 2025-03-12 21:37:09 --> Config Class Initialized
INFO - 2025-03-12 21:37:09 --> Hooks Class Initialized
DEBUG - 2025-03-12 21:37:09 --> UTF-8 Support Enabled
INFO - 2025-03-12 21:37:09 --> Utf8 Class Initialized
INFO - 2025-03-12 21:37:09 --> URI Class Initialized
INFO - 2025-03-12 21:37:09 --> Router Class Initialized
INFO - 2025-03-12 21:37:09 --> Output Class Initialized
INFO - 2025-03-12 21:37:09 --> Security Class Initialized
DEBUG - 2025-03-12 21:37:09 --> Global POST, GET and COOKIE data sanitized
INFO - 2025-03-12 21:37:09 --> Input Class Initialized
INFO - 2025-03-12 21:37:09 --> Language Class Initialized
ERROR - 2025-03-12 21:37:09 --> 404 Page Not Found: /index
INFO - 2025-03-12 21:37:09 --> Config Class Initialized
INFO - 2025-03-12 21:37:09 --> Hooks Class Initialized
DEBUG - 2025-03-12 21:37:09 --> UTF-8 Support Enabled
INFO - 2025-03-12 21:37:09 --> Utf8 Class Initialized
INFO - 2025-03-12 21:37:09 --> URI Class Initialized
INFO - 2025-03-12 21:37:09 --> Router Class Initialized
INFO - 2025-03-12 21:37:09 --> Output Class Initialized
INFO - 2025-03-12 21:37:09 --> Security Class Initialized
DEBUG - 2025-03-12 21:37:09 --> Global POST, GET and COOKIE data sanitized
INFO - 2025-03-12 21:37:09 --> Input Class Initialized
INFO - 2025-03-12 21:37:09 --> Language Class Initialized
ERROR - 2025-03-12 21:37:09 --> 404 Page Not Found: /index
INFO - 2025-03-12 21:37:09 --> Config Class Initialized
INFO - 2025-03-12 21:37:09 --> Hooks Class Initialized
DEBUG - 2025-03-12 21:37:09 --> UTF-8 Support Enabled
INFO - 2025-03-12 21:37:09 --> Utf8 Class Initialized
INFO - 2025-03-12 21:37:09 --> URI Class Initialized
INFO - 2025-03-12 21:37:09 --> Router Class Initialized
INFO - 2025-03-12 21:37:09 --> Output Class Initialized
INFO - 2025-03-12 21:37:09 --> Security Class Initialized
DEBUG - 2025-03-12 21:37:09 --> Global POST, GET and COOKIE data sanitized
INFO - 2025-03-12 21:37:09 --> Input Class Initialized
INFO - 2025-03-12 21:37:09 --> Language Class Initialized
ERROR - 2025-03-12 21:37:09 --> 404 Page Not Found: /index
INFO - 2025-03-12 21:37:28 --> Config Class Initialized
INFO - 2025-03-12 21:37:28 --> Hooks Class Initialized
DEBUG - 2025-03-12 21:37:28 --> UTF-8 Support Enabled
INFO - 2025-03-12 21:37:28 --> Utf8 Class Initialized
INFO - 2025-03-12 21:37:28 --> URI Class Initialized
DEBUG - 2025-03-12 21:37:28 --> No URI present. Default controller set.
INFO - 2025-03-12 21:37:28 --> Router Class Initialized
INFO - 2025-03-12 21:37:28 --> Output Class Initialized
INFO - 2025-03-12 21:37:28 --> Security Class Initialized
DEBUG - 2025-03-12 21:37:28 --> Global POST, GET and COOKIE data sanitized
INFO - 2025-03-12 21:37:28 --> Input Class Initialized
INFO - 2025-03-12 21:37:28 --> Language Class Initialized
INFO - 2025-03-12 21:37:28 --> Language Class Initialized
INFO - 2025-03-12 21:37:28 --> Config Class Initialized
INFO - 2025-03-12 21:37:28 --> Loader Class Initialized
INFO - 2025-03-12 21:37:28 --> Helper loaded: url_helper
INFO - 2025-03-12 21:37:28 --> Helper loaded: easyui_helper
INFO - 2025-03-12 21:37:28 --> Helper loaded: param_helper
INFO - 2025-03-12 21:37:28 --> Helper loaded: credential_helper
INFO - 2025-03-12 21:37:28 --> Helper loaded: template_helper
INFO - 2025-03-12 21:37:28 --> Helper loaded: rest_helper
INFO - 2025-03-12 21:37:28 --> Database Driver Class Initialized
DEBUG - 2025-03-12 21:37:28 --> Idgenerator class already loaded. Second attempt ignored.
INFO - 2025-03-12 21:37:28 --> Controller Class Initialized
DEBUG - 2025-03-12 21:37:28 --> File loaded: /apps/web-drc/application/modules/app_auth/views/login_lte_template.php
DEBUG - 2025-03-12 21:37:28 --> File loaded: /apps/web-drc/application/views/template_login_lte/header.php
DEBUG - 2025-03-12 21:37:28 --> File loaded: /apps/web-drc/application/views/template_login_lte/contents.php
DEBUG - 2025-03-12 21:37:28 --> File loaded: /apps/web-drc/application/views/template_login_lte/default.php
INFO - 2025-03-12 21:37:28 --> Final output sent to browser
DEBUG - 2025-03-12 21:37:28 --> Total execution time: 0.0040
INFO - 2025-03-12 21:37:29 --> Config Class Initialized
INFO - 2025-03-12 21:37:29 --> Hooks Class Initialized
DEBUG - 2025-03-12 21:37:29 --> UTF-8 Support Enabled
INFO - 2025-03-12 21:37:29 --> Utf8 Class Initialized
INFO - 2025-03-12 21:37:29 --> URI Class Initialized
INFO - 2025-03-12 21:37:29 --> Router Class Initialized
INFO - 2025-03-12 21:37:29 --> Output Class Initialized
INFO - 2025-03-12 21:37:29 --> Security Class Initialized
DEBUG - 2025-03-12 21:37:29 --> Global POST, GET and COOKIE data sanitized
INFO - 2025-03-12 21:37:29 --> Input Class Initialized
INFO - 2025-03-12 21:37:29 --> Language Class Initialized
ERROR - 2025-03-12 21:37:29 --> 404 Page Not Found: /index
INFO - 2025-03-12 21:44:19 --> Config Class Initialized
INFO - 2025-03-12 21:44:19 --> Hooks Class Initialized
DEBUG - 2025-03-12 21:44:19 --> UTF-8 Support Enabled
INFO - 2025-03-12 21:44:19 --> Utf8 Class Initialized
INFO - 2025-03-12 21:44:19 --> URI Class Initialized
DEBUG - 2025-03-12 21:44:19 --> No URI present. Default controller set.
INFO - 2025-03-12 21:44:19 --> Router Class Initialized
INFO - 2025-03-12 21:44:19 --> Output Class Initialized
INFO - 2025-03-12 21:44:19 --> Security Class Initialized
DEBUG - 2025-03-12 21:44:19 --> Global POST, GET and COOKIE data sanitized
INFO - 2025-03-12 21:44:19 --> Input Class Initialized
INFO - 2025-03-12 21:44:19 --> Language Class Initialized
INFO - 2025-03-12 21:44:19 --> Language Class Initialized
INFO - 2025-03-12 21:44:19 --> Config Class Initialized
INFO - 2025-03-12 21:44:19 --> Loader Class Initialized
INFO - 2025-03-12 21:44:19 --> Helper loaded: url_helper
INFO - 2025-03-12 21:44:19 --> Helper loaded: easyui_helper
INFO - 2025-03-12 21:44:19 --> Helper loaded: param_helper
INFO - 2025-03-12 21:44:19 --> Helper loaded: credential_helper
INFO - 2025-03-12 21:44:19 --> Helper loaded: template_helper
INFO - 2025-03-12 21:44:19 --> Helper loaded: rest_helper
INFO - 2025-03-12 21:44:19 --> Database Driver Class Initialized
DEBUG - 2025-03-12 21:44:19 --> Idgenerator class already loaded. Second attempt ignored.
INFO - 2025-03-12 21:44:19 --> Controller Class Initialized
DEBUG - 2025-03-12 21:44:19 --> File loaded: /apps/web-drc/application/modules/app_auth/views/login_lte_template.php
DEBUG - 2025-03-12 21:44:19 --> File loaded: /apps/web-drc/application/views/template_login_lte/header.php
DEBUG - 2025-03-12 21:44:19 --> File loaded: /apps/web-drc/application/views/template_login_lte/contents.php
DEBUG - 2025-03-12 21:44:19 --> File loaded: /apps/web-drc/application/views/template_login_lte/default.php
INFO - 2025-03-12 21:44:19 --> Final output sent to browser
DEBUG - 2025-03-12 21:44:19 --> Total execution time: 0.0047
INFO - 2025-03-12 21:44:25 --> Config Class Initialized
INFO - 2025-03-12 21:44:25 --> Hooks Class Initialized
DEBUG - 2025-03-12 21:44:25 --> UTF-8 Support Enabled
INFO - 2025-03-12 21:44:25 --> Utf8 Class Initialized
INFO - 2025-03-12 21:44:25 --> URI Class Initialized
INFO - 2025-03-12 21:44:25 --> Router Class Initialized
INFO - 2025-03-12 21:44:25 --> Output Class Initialized
INFO - 2025-03-12 21:44:25 --> Security Class Initialized
DEBUG - 2025-03-12 21:44:25 --> Global POST, GET and COOKIE data sanitized
INFO - 2025-03-12 21:44:25 --> Input Class Initialized
INFO - 2025-03-12 21:44:25 --> Language Class Initialized
ERROR - 2025-03-12 21:44:25 --> 404 Page Not Found: /index
INFO - 2025-03-12 23:25:43 --> Config Class Initialized
INFO - 2025-03-12 23:25:43 --> Hooks Class Initialized
DEBUG - 2025-03-12 23:25:43 --> UTF-8 Support Enabled
INFO - 2025-03-12 23:25:43 --> Utf8 Class Initialized
INFO - 2025-03-12 23:25:43 --> URI Class Initialized
DEBUG - 2025-03-12 23:25:43 --> No URI present. Default controller set.
INFO - 2025-03-12 23:25:43 --> Router Class Initialized
INFO - 2025-03-12 23:25:43 --> Output Class Initialized
INFO - 2025-03-12 23:25:43 --> Security Class Initialized
DEBUG - 2025-03-12 23:25:43 --> Global POST, GET and COOKIE data sanitized
INFO - 2025-03-12 23:25:43 --> Input Class Initialized
INFO - 2025-03-12 23:25:43 --> Language Class Initialized
INFO - 2025-03-12 23:25:43 --> Language Class Initialized
INFO - 2025-03-12 23:25:43 --> Config Class Initialized
INFO - 2025-03-12 23:25:43 --> Loader Class Initialized
INFO - 2025-03-12 23:25:43 --> Helper loaded: url_helper
INFO - 2025-03-12 23:25:43 --> Helper loaded: easyui_helper
INFO - 2025-03-12 23:25:43 --> Helper loaded: param_helper
INFO - 2025-03-12 23:25:43 --> Helper loaded: credential_helper
INFO - 2025-03-12 23:25:43 --> Helper loaded: template_helper
INFO - 2025-03-12 23:25:43 --> Helper loaded: rest_helper
INFO - 2025-03-12 23:25:43 --> Database Driver Class Initialized
DEBUG - 2025-03-12 23:25:43 --> Idgenerator class already loaded. Second attempt ignored.
INFO - 2025-03-12 23:25:43 --> Controller Class Initialized
DEBUG - 2025-03-12 23:25:43 --> File loaded: /apps/web-drc/application/modules/app_auth/views/login_lte_template.php
DEBUG - 2025-03-12 23:25:43 --> File loaded: /apps/web-drc/application/views/template_login_lte/header.php
DEBUG - 2025-03-12 23:25:43 --> File loaded: /apps/web-drc/application/views/template_login_lte/contents.php
DEBUG - 2025-03-12 23:25:43 --> File loaded: /apps/web-drc/application/views/template_login_lte/default.php
INFO - 2025-03-12 23:25:43 --> Final output sent to browser
DEBUG - 2025-03-12 23:25:43 --> Total execution time: 0.0045
INFO - 2025-03-12 23:50:59 --> Config Class Initialized
INFO - 2025-03-12 23:50:59 --> Hooks Class Initialized
DEBUG - 2025-03-12 23:50:59 --> UTF-8 Support Enabled
INFO - 2025-03-12 23:50:59 --> Utf8 Class Initialized
INFO - 2025-03-12 23:50:59 --> URI Class Initialized
INFO - 2025-03-12 23:50:59 --> Router Class Initialized
INFO - 2025-03-12 23:50:59 --> Output Class Initialized
INFO - 2025-03-12 23:50:59 --> Security Class Initialized
DEBUG - 2025-03-12 23:50:59 --> Global POST, GET and COOKIE data sanitized
INFO - 2025-03-12 23:50:59 --> Input Class Initialized
INFO - 2025-03-12 23:50:59 --> Language Class Initialized
ERROR - 2025-03-12 23:50:59 --> 404 Page Not Found: /index
INFO - 2025-03-12 23:50:59 --> Config Class Initialized
INFO - 2025-03-12 23:50:59 --> Hooks Class Initialized
DEBUG - 2025-03-12 23:50:59 --> UTF-8 Support Enabled
INFO - 2025-03-12 23:50:59 --> Utf8 Class Initialized
INFO - 2025-03-12 23:50:59 --> URI Class Initialized
DEBUG - 2025-03-12 23:50:59 --> No URI present. Default controller set.
INFO - 2025-03-12 23:50:59 --> Router Class Initialized
INFO - 2025-03-12 23:50:59 --> Output Class Initialized
INFO - 2025-03-12 23:50:59 --> Security Class Initialized
DEBUG - 2025-03-12 23:50:59 --> Global POST, GET and COOKIE data sanitized
INFO - 2025-03-12 23:50:59 --> Input Class Initialized
INFO - 2025-03-12 23:50:59 --> Language Class Initialized
INFO - 2025-03-12 23:50:59 --> Language Class Initialized
INFO - 2025-03-12 23:50:59 --> Config Class Initialized
INFO - 2025-03-12 23:50:59 --> Loader Class Initialized
INFO - 2025-03-12 23:50:59 --> Helper loaded: url_helper
INFO - 2025-03-12 23:50:59 --> Helper loaded: easyui_helper
INFO - 2025-03-12 23:50:59 --> Helper loaded: param_helper
INFO - 2025-03-12 23:50:59 --> Helper loaded: credential_helper
INFO - 2025-03-12 23:50:59 --> Helper loaded: template_helper
INFO - 2025-03-12 23:50:59 --> Helper loaded: rest_helper
INFO - 2025-03-12 23:50:59 --> Database Driver Class Initialized
DEBUG - 2025-03-12 23:50:59 --> Idgenerator class already loaded. Second attempt ignored.
INFO - 2025-03-12 23:50:59 --> Controller Class Initialized
DEBUG - 2025-03-12 23:50:59 --> File loaded: /apps/web-drc/application/modules/app_auth/views/login_lte_template.php
DEBUG - 2025-03-12 23:50:59 --> File loaded: /apps/web-drc/application/views/template_login_lte/header.php
DEBUG - 2025-03-12 23:50:59 --> File loaded: /apps/web-drc/application/views/template_login_lte/contents.php
DEBUG - 2025-03-12 23:50:59 --> File loaded: /apps/web-drc/application/views/template_login_lte/default.php
INFO - 2025-03-12 23:50:59 --> Final output sent to browser
DEBUG - 2025-03-12 23:50:59 --> Total execution time: 0.0038
