INFO - 2024-12-26 12:00:07 --> Config Class Initialized
INFO - 2024-12-26 12:00:07 --> Hooks Class Initialized
DEBUG - 2024-12-26 12:00:07 --> UTF-8 Support Enabled
INFO - 2024-12-26 12:00:07 --> Utf8 Class Initialized
INFO - 2024-12-26 12:00:07 --> URI Class Initialized
INFO - 2024-12-26 12:00:07 --> Router Class Initialized
INFO - 2024-12-26 12:00:07 --> Output Class Initialized
INFO - 2024-12-26 12:00:07 --> Security Class Initialized
DEBUG - 2024-12-26 12:00:07 --> Global POST, GET and COOKIE data sanitized
INFO - 2024-12-26 12:00:07 --> Input Class Initialized
INFO - 2024-12-26 12:00:07 --> Language Class Initialized
INFO - 2024-12-26 12:00:07 --> Language Class Initialized
INFO - 2024-12-26 12:00:07 --> Config Class Initialized
INFO - 2024-12-26 12:00:07 --> Loader Class Initialized
INFO - 2024-12-26 12:00:07 --> Helper loaded: url_helper
INFO - 2024-12-26 12:00:07 --> Helper loaded: easyui_helper
INFO - 2024-12-26 12:00:07 --> Helper loaded: param_helper
INFO - 2024-12-26 12:00:07 --> Helper loaded: credential_helper
INFO - 2024-12-26 12:00:07 --> Helper loaded: template_helper
INFO - 2024-12-26 12:00:07 --> Helper loaded: rest_helper
INFO - 2024-12-26 12:00:07 --> Database Driver Class Initialized
DEBUG - 2024-12-26 12:00:07 --> Idgenerator class already loaded. Second attempt ignored.
INFO - 2024-12-26 12:00:07 --> Controller Class Initialized
INFO - 2024-12-26 12:00:07 --> Model Class Initialized
DEBUG - 2024-12-26 12:00:07 --> File loaded: /apps/web-drc/application/modules/app_menu/models/Menu_model.php
INFO - 2024-12-26 12:00:07 --> Model Class Initialized
DEBUG - 2024-12-26 12:00:07 --> File loaded: /apps/web-drc/application/modules/app_menu/views/content.php
DEBUG - 2024-12-26 12:00:07 --> File loaded: /apps/web-drc/application/views/templates/header.php
DEBUG - 2024-12-26 12:00:07 --> File loaded: /apps/web-drc/application/views/templates/toolbar.php
DEBUG - 2024-12-26 12:00:07 --> File loaded: /apps/web-drc/application/views/templates/sidebar.php
DEBUG - 2024-12-26 12:00:07 --> File loaded: /apps/web-drc/application/views/templates/contents.php
DEBUG - 2024-12-26 12:00:07 --> File loaded: /apps/web-drc/application/views/templates/content_footer.php
DEBUG - 2024-12-26 12:00:07 --> File loaded: /apps/web-drc/application/views/templates/footer.php
INFO - 2024-12-26 12:00:07 --> Config Class Initialized
INFO - 2024-12-26 12:00:07 --> Hooks Class Initialized
DEBUG - 2024-12-26 12:00:07 --> UTF-8 Support Enabled
INFO - 2024-12-26 12:00:07 --> Utf8 Class Initialized
INFO - 2024-12-26 12:00:07 --> URI Class Initialized
DEBUG - 2024-12-26 12:00:07 --> No URI present. Default controller set.
INFO - 2024-12-26 12:00:07 --> Router Class Initialized
INFO - 2024-12-26 12:00:07 --> Output Class Initialized
INFO - 2024-12-26 12:00:07 --> Security Class Initialized
DEBUG - 2024-12-26 12:00:07 --> Global POST, GET and COOKIE data sanitized
INFO - 2024-12-26 12:00:07 --> Input Class Initialized
INFO - 2024-12-26 12:00:07 --> Language Class Initialized
INFO - 2024-12-26 12:00:07 --> Language Class Initialized
INFO - 2024-12-26 12:00:07 --> Config Class Initialized
INFO - 2024-12-26 12:00:07 --> Loader Class Initialized
INFO - 2024-12-26 12:00:07 --> Helper loaded: url_helper
INFO - 2024-12-26 12:00:07 --> Helper loaded: easyui_helper
INFO - 2024-12-26 12:00:07 --> Helper loaded: param_helper
INFO - 2024-12-26 12:00:07 --> Helper loaded: credential_helper
INFO - 2024-12-26 12:00:07 --> Helper loaded: template_helper
INFO - 2024-12-26 12:00:07 --> Helper loaded: rest_helper
INFO - 2024-12-26 12:00:07 --> Database Driver Class Initialized
DEBUG - 2024-12-26 12:00:07 --> Idgenerator class already loaded. Second attempt ignored.
INFO - 2024-12-26 12:00:07 --> Controller Class Initialized
DEBUG - 2024-12-26 12:00:07 --> File loaded: /apps/web-drc/application/modules/app_auth/views/login_lte_template.php
DEBUG - 2024-12-26 12:00:07 --> File loaded: /apps/web-drc/application/views/template_login_lte/header.php
DEBUG - 2024-12-26 12:00:07 --> File loaded: /apps/web-drc/application/views/template_login_lte/contents.php
DEBUG - 2024-12-26 12:00:07 --> File loaded: /apps/web-drc/application/views/template_login_lte/default.php
INFO - 2024-12-26 12:00:07 --> Final output sent to browser
DEBUG - 2024-12-26 12:00:07 --> Total execution time: 0.0108
INFO - 2024-12-26 12:00:07 --> Config Class Initialized
INFO - 2024-12-26 12:00:07 --> Hooks Class Initialized
DEBUG - 2024-12-26 12:00:07 --> UTF-8 Support Enabled
INFO - 2024-12-26 12:00:07 --> Utf8 Class Initialized
INFO - 2024-12-26 12:00:07 --> URI Class Initialized
INFO - 2024-12-26 12:00:07 --> Router Class Initialized
INFO - 2024-12-26 12:00:07 --> Output Class Initialized
INFO - 2024-12-26 12:00:07 --> Security Class Initialized
DEBUG - 2024-12-26 12:00:07 --> Global POST, GET and COOKIE data sanitized
INFO - 2024-12-26 12:00:07 --> Input Class Initialized
INFO - 2024-12-26 12:00:07 --> Language Class Initialized
ERROR - 2024-12-26 12:00:07 --> 404 Page Not Found: /index
INFO - 2024-12-26 12:00:07 --> Config Class Initialized
INFO - 2024-12-26 12:00:07 --> Hooks Class Initialized
DEBUG - 2024-12-26 12:00:07 --> UTF-8 Support Enabled
INFO - 2024-12-26 12:00:07 --> Utf8 Class Initialized
INFO - 2024-12-26 12:00:07 --> URI Class Initialized
INFO - 2024-12-26 12:00:07 --> Router Class Initialized
INFO - 2024-12-26 12:00:07 --> Output Class Initialized
INFO - 2024-12-26 12:00:07 --> Security Class Initialized
DEBUG - 2024-12-26 12:00:07 --> Global POST, GET and COOKIE data sanitized
INFO - 2024-12-26 12:00:07 --> Input Class Initialized
INFO - 2024-12-26 12:00:07 --> Language Class Initialized
ERROR - 2024-12-26 12:00:07 --> 404 Page Not Found: /index
INFO - 2024-12-26 12:00:11 --> Config Class Initialized
INFO - 2024-12-26 12:00:11 --> Hooks Class Initialized
DEBUG - 2024-12-26 12:00:11 --> UTF-8 Support Enabled
INFO - 2024-12-26 12:00:11 --> Utf8 Class Initialized
INFO - 2024-12-26 12:00:11 --> URI Class Initialized
INFO - 2024-12-26 12:00:11 --> Router Class Initialized
INFO - 2024-12-26 12:00:11 --> Output Class Initialized
INFO - 2024-12-26 12:00:11 --> Security Class Initialized
DEBUG - 2024-12-26 12:00:11 --> Global POST, GET and COOKIE data sanitized
INFO - 2024-12-26 12:00:11 --> Input Class Initialized
INFO - 2024-12-26 12:00:11 --> Language Class Initialized
INFO - 2024-12-26 12:00:11 --> Language Class Initialized
INFO - 2024-12-26 12:00:11 --> Config Class Initialized
INFO - 2024-12-26 12:00:11 --> Loader Class Initialized
INFO - 2024-12-26 12:00:11 --> Helper loaded: url_helper
INFO - 2024-12-26 12:00:11 --> Helper loaded: easyui_helper
INFO - 2024-12-26 12:00:11 --> Helper loaded: param_helper
INFO - 2024-12-26 12:00:11 --> Helper loaded: credential_helper
INFO - 2024-12-26 12:00:11 --> Helper loaded: template_helper
INFO - 2024-12-26 12:00:11 --> Helper loaded: rest_helper
INFO - 2024-12-26 12:00:11 --> Database Driver Class Initialized
DEBUG - 2024-12-26 12:00:11 --> Idgenerator class already loaded. Second attempt ignored.
INFO - 2024-12-26 12:00:11 --> Controller Class Initialized
INFO - 2024-12-26 12:00:11 --> Final output sent to browser
DEBUG - 2024-12-26 12:00:11 --> Total execution time: 0.0242
INFO - 2024-12-26 12:00:11 --> Config Class Initialized
INFO - 2024-12-26 12:00:11 --> Hooks Class Initialized
DEBUG - 2024-12-26 12:00:11 --> UTF-8 Support Enabled
INFO - 2024-12-26 12:00:11 --> Utf8 Class Initialized
INFO - 2024-12-26 12:00:11 --> URI Class Initialized
INFO - 2024-12-26 12:00:11 --> Router Class Initialized
INFO - 2024-12-26 12:00:11 --> Output Class Initialized
INFO - 2024-12-26 12:00:11 --> Security Class Initialized
DEBUG - 2024-12-26 12:00:11 --> Global POST, GET and COOKIE data sanitized
INFO - 2024-12-26 12:00:11 --> Input Class Initialized
INFO - 2024-12-26 12:00:11 --> Language Class Initialized
INFO - 2024-12-26 12:00:11 --> Language Class Initialized
INFO - 2024-12-26 12:00:11 --> Config Class Initialized
INFO - 2024-12-26 12:00:11 --> Loader Class Initialized
INFO - 2024-12-26 12:00:11 --> Helper loaded: url_helper
INFO - 2024-12-26 12:00:11 --> Helper loaded: easyui_helper
INFO - 2024-12-26 12:00:11 --> Helper loaded: param_helper
INFO - 2024-12-26 12:00:11 --> Helper loaded: credential_helper
INFO - 2024-12-26 12:00:11 --> Helper loaded: template_helper
INFO - 2024-12-26 12:00:11 --> Helper loaded: rest_helper
INFO - 2024-12-26 12:00:11 --> Database Driver Class Initialized
DEBUG - 2024-12-26 12:00:11 --> Idgenerator class already loaded. Second attempt ignored.
INFO - 2024-12-26 12:00:11 --> Controller Class Initialized
INFO - 2024-12-26 12:00:11 --> Model Class Initialized
DEBUG - 2024-12-26 12:00:11 --> File loaded: /apps/web-drc/application/modules/app_dashboard/models/App_dashboard_model.php
INFO - 2024-12-26 12:00:11 --> Model Class Initialized
DEBUG - 2024-12-26 12:00:11 --> File loaded: /apps/web-drc/application/modules/app_dashboard/views/content.php
DEBUG - 2024-12-26 12:00:11 --> File loaded: /apps/web-drc/application/views/templates/header.php
DEBUG - 2024-12-26 12:00:11 --> File loaded: /apps/web-drc/application/views/templates/toolbar.php
DEBUG - 2024-12-26 12:00:11 --> File loaded: /apps/web-drc/application/views/templates/sidebar.php
DEBUG - 2024-12-26 12:00:11 --> File loaded: /apps/web-drc/application/views/templates/contents.php
DEBUG - 2024-12-26 12:00:11 --> File loaded: /apps/web-drc/application/views/templates/content_footer.php
DEBUG - 2024-12-26 12:00:11 --> File loaded: /apps/web-drc/application/views/templates/footer.php
DEBUG - 2024-12-26 12:00:11 --> File loaded: /apps/web-drc/application/views/templates/default.php
INFO - 2024-12-26 12:00:11 --> Final output sent to browser
DEBUG - 2024-12-26 12:00:11 --> Total execution time: 0.0665
INFO - 2024-12-26 12:00:11 --> Config Class Initialized
INFO - 2024-12-26 12:00:11 --> Hooks Class Initialized
DEBUG - 2024-12-26 12:00:11 --> UTF-8 Support Enabled
INFO - 2024-12-26 12:00:11 --> Utf8 Class Initialized
INFO - 2024-12-26 12:00:11 --> URI Class Initialized
INFO - 2024-12-26 12:00:11 --> Router Class Initialized
INFO - 2024-12-26 12:00:11 --> Output Class Initialized
INFO - 2024-12-26 12:00:11 --> Security Class Initialized
DEBUG - 2024-12-26 12:00:11 --> Global POST, GET and COOKIE data sanitized
INFO - 2024-12-26 12:00:11 --> Input Class Initialized
INFO - 2024-12-26 12:00:11 --> Language Class Initialized
ERROR - 2024-12-26 12:00:11 --> 404 Page Not Found: /index
INFO - 2024-12-26 12:00:11 --> Config Class Initialized
INFO - 2024-12-26 12:00:11 --> Hooks Class Initialized
DEBUG - 2024-12-26 12:00:11 --> UTF-8 Support Enabled
INFO - 2024-12-26 12:00:11 --> Utf8 Class Initialized
INFO - 2024-12-26 12:00:11 --> URI Class Initialized
INFO - 2024-12-26 12:00:11 --> Router Class Initialized
INFO - 2024-12-26 12:00:11 --> Output Class Initialized
INFO - 2024-12-26 12:00:11 --> Security Class Initialized
DEBUG - 2024-12-26 12:00:11 --> Global POST, GET and COOKIE data sanitized
INFO - 2024-12-26 12:00:11 --> Input Class Initialized
INFO - 2024-12-26 12:00:11 --> Language Class Initialized
INFO - 2024-12-26 12:00:11 --> Language Class Initialized
INFO - 2024-12-26 12:00:11 --> Config Class Initialized
INFO - 2024-12-26 12:00:11 --> Loader Class Initialized
INFO - 2024-12-26 12:00:11 --> Helper loaded: url_helper
INFO - 2024-12-26 12:00:11 --> Helper loaded: easyui_helper
INFO - 2024-12-26 12:00:11 --> Helper loaded: param_helper
INFO - 2024-12-26 12:00:11 --> Helper loaded: credential_helper
INFO - 2024-12-26 12:00:11 --> Helper loaded: template_helper
INFO - 2024-12-26 12:00:11 --> Helper loaded: rest_helper
INFO - 2024-12-26 12:00:11 --> Database Driver Class Initialized
DEBUG - 2024-12-26 12:00:11 --> Idgenerator class already loaded. Second attempt ignored.
INFO - 2024-12-26 12:00:11 --> Controller Class Initialized
INFO - 2024-12-26 12:00:11 --> Model Class Initialized
DEBUG - 2024-12-26 12:00:11 --> File loaded: /apps/web-drc/application/modules/app_dashboard/models/App_dashboard_model.php
INFO - 2024-12-26 12:00:11 --> Model Class Initialized
INFO - 2024-12-26 12:00:12 --> Final output sent to browser
DEBUG - 2024-12-26 12:00:12 --> Total execution time: 0.0847
INFO - 2024-12-26 12:00:12 --> Config Class Initialized
INFO - 2024-12-26 12:00:12 --> Hooks Class Initialized
DEBUG - 2024-12-26 12:00:12 --> UTF-8 Support Enabled
INFO - 2024-12-26 12:00:12 --> Utf8 Class Initialized
INFO - 2024-12-26 12:00:12 --> URI Class Initialized
INFO - 2024-12-26 12:00:12 --> Router Class Initialized
INFO - 2024-12-26 12:00:12 --> Output Class Initialized
INFO - 2024-12-26 12:00:12 --> Security Class Initialized
DEBUG - 2024-12-26 12:00:12 --> Global POST, GET and COOKIE data sanitized
INFO - 2024-12-26 12:00:12 --> Input Class Initialized
INFO - 2024-12-26 12:00:12 --> Language Class Initialized
INFO - 2024-12-26 12:00:12 --> Language Class Initialized
INFO - 2024-12-26 12:00:12 --> Config Class Initialized
INFO - 2024-12-26 12:00:12 --> Loader Class Initialized
INFO - 2024-12-26 12:00:12 --> Helper loaded: url_helper
INFO - 2024-12-26 12:00:12 --> Helper loaded: easyui_helper
INFO - 2024-12-26 12:00:12 --> Helper loaded: param_helper
INFO - 2024-12-26 12:00:12 --> Helper loaded: credential_helper
INFO - 2024-12-26 12:00:12 --> Helper loaded: template_helper
INFO - 2024-12-26 12:00:12 --> Helper loaded: rest_helper
INFO - 2024-12-26 12:00:12 --> Database Driver Class Initialized
DEBUG - 2024-12-26 12:00:12 --> Idgenerator class already loaded. Second attempt ignored.
INFO - 2024-12-26 12:00:12 --> Controller Class Initialized
INFO - 2024-12-26 12:00:12 --> Model Class Initialized
DEBUG - 2024-12-26 12:00:12 --> File loaded: /apps/web-drc/application/modules/api_v1/models/Api_v1_model.php
INFO - 2024-12-26 12:00:12 --> Model Class Initialized
INFO - 2024-12-26 12:00:12 --> Final output sent to browser
DEBUG - 2024-12-26 12:00:12 --> Total execution time: 0.0113
INFO - 2024-12-26 12:00:14 --> Config Class Initialized
INFO - 2024-12-26 12:00:14 --> Hooks Class Initialized
DEBUG - 2024-12-26 12:00:14 --> UTF-8 Support Enabled
INFO - 2024-12-26 12:00:14 --> Utf8 Class Initialized
INFO - 2024-12-26 12:00:14 --> URI Class Initialized
INFO - 2024-12-26 12:00:14 --> Router Class Initialized
INFO - 2024-12-26 12:00:14 --> Output Class Initialized
INFO - 2024-12-26 12:00:14 --> Security Class Initialized
DEBUG - 2024-12-26 12:00:14 --> Global POST, GET and COOKIE data sanitized
INFO - 2024-12-26 12:00:14 --> Input Class Initialized
INFO - 2024-12-26 12:00:14 --> Language Class Initialized
INFO - 2024-12-26 12:00:14 --> Language Class Initialized
INFO - 2024-12-26 12:00:14 --> Config Class Initialized
INFO - 2024-12-26 12:00:14 --> Loader Class Initialized
INFO - 2024-12-26 12:00:14 --> Helper loaded: url_helper
INFO - 2024-12-26 12:00:14 --> Helper loaded: easyui_helper
INFO - 2024-12-26 12:00:14 --> Helper loaded: param_helper
INFO - 2024-12-26 12:00:14 --> Helper loaded: credential_helper
INFO - 2024-12-26 12:00:14 --> Helper loaded: template_helper
INFO - 2024-12-26 12:00:14 --> Helper loaded: rest_helper
INFO - 2024-12-26 12:00:14 --> Database Driver Class Initialized
DEBUG - 2024-12-26 12:00:14 --> Idgenerator class already loaded. Second attempt ignored.
INFO - 2024-12-26 12:00:14 --> Controller Class Initialized
INFO - 2024-12-26 12:00:14 --> Model Class Initialized
DEBUG - 2024-12-26 12:00:14 --> File loaded: /apps/web-drc/application/modules/app_menu/models/Menu_model.php
INFO - 2024-12-26 12:00:14 --> Model Class Initialized
DEBUG - 2024-12-26 12:00:14 --> File loaded: /apps/web-drc/application/modules/app_menu/views/content.php
DEBUG - 2024-12-26 12:00:14 --> File loaded: /apps/web-drc/application/views/templates/header.php
DEBUG - 2024-12-26 12:00:14 --> File loaded: /apps/web-drc/application/views/templates/toolbar.php
DEBUG - 2024-12-26 12:00:14 --> File loaded: /apps/web-drc/application/views/templates/sidebar.php
DEBUG - 2024-12-26 12:00:14 --> File loaded: /apps/web-drc/application/views/templates/contents.php
DEBUG - 2024-12-26 12:00:14 --> File loaded: /apps/web-drc/application/views/templates/content_footer.php
DEBUG - 2024-12-26 12:00:14 --> File loaded: /apps/web-drc/application/views/templates/footer.php
DEBUG - 2024-12-26 12:00:14 --> File loaded: /apps/web-drc/application/views/templates/default.php
INFO - 2024-12-26 12:00:14 --> Final output sent to browser
DEBUG - 2024-12-26 12:00:14 --> Total execution time: 0.0311
INFO - 2024-12-26 12:00:14 --> Config Class Initialized
INFO - 2024-12-26 12:00:14 --> Hooks Class Initialized
DEBUG - 2024-12-26 12:00:14 --> UTF-8 Support Enabled
INFO - 2024-12-26 12:00:14 --> Utf8 Class Initialized
INFO - 2024-12-26 12:00:14 --> URI Class Initialized
INFO - 2024-12-26 12:00:14 --> Router Class Initialized
INFO - 2024-12-26 12:00:14 --> Output Class Initialized
INFO - 2024-12-26 12:00:14 --> Security Class Initialized
DEBUG - 2024-12-26 12:00:14 --> Global POST, GET and COOKIE data sanitized
INFO - 2024-12-26 12:00:14 --> Input Class Initialized
INFO - 2024-12-26 12:00:14 --> Language Class Initialized
ERROR - 2024-12-26 12:00:14 --> 404 Page Not Found: /index
INFO - 2024-12-26 12:00:14 --> Config Class Initialized
INFO - 2024-12-26 12:00:14 --> Hooks Class Initialized
DEBUG - 2024-12-26 12:00:14 --> UTF-8 Support Enabled
INFO - 2024-12-26 12:00:14 --> Utf8 Class Initialized
INFO - 2024-12-26 12:00:14 --> URI Class Initialized
INFO - 2024-12-26 12:00:14 --> Router Class Initialized
INFO - 2024-12-26 12:00:14 --> Output Class Initialized
INFO - 2024-12-26 12:00:14 --> Security Class Initialized
DEBUG - 2024-12-26 12:00:14 --> Global POST, GET and COOKIE data sanitized
INFO - 2024-12-26 12:00:14 --> Input Class Initialized
INFO - 2024-12-26 12:00:14 --> Language Class Initialized
INFO - 2024-12-26 12:00:14 --> Language Class Initialized
INFO - 2024-12-26 12:00:14 --> Config Class Initialized
INFO - 2024-12-26 12:00:14 --> Loader Class Initialized
INFO - 2024-12-26 12:00:14 --> Helper loaded: url_helper
INFO - 2024-12-26 12:00:14 --> Helper loaded: easyui_helper
INFO - 2024-12-26 12:00:14 --> Helper loaded: param_helper
INFO - 2024-12-26 12:00:14 --> Helper loaded: credential_helper
INFO - 2024-12-26 12:00:14 --> Helper loaded: template_helper
INFO - 2024-12-26 12:00:14 --> Helper loaded: rest_helper
INFO - 2024-12-26 12:00:14 --> Database Driver Class Initialized
DEBUG - 2024-12-26 12:00:14 --> Idgenerator class already loaded. Second attempt ignored.
INFO - 2024-12-26 12:00:14 --> Controller Class Initialized
INFO - 2024-12-26 12:00:14 --> Model Class Initialized
DEBUG - 2024-12-26 12:00:14 --> File loaded: /apps/web-drc/application/modules/app_menu/models/Menu_model.php
INFO - 2024-12-26 12:00:14 --> Model Class Initialized
INFO - 2024-12-26 12:00:14 --> Final output sent to browser
DEBUG - 2024-12-26 12:00:14 --> Total execution time: 0.0076
INFO - 2024-12-26 12:00:34 --> Config Class Initialized
INFO - 2024-12-26 12:00:34 --> Hooks Class Initialized
DEBUG - 2024-12-26 12:00:34 --> UTF-8 Support Enabled
INFO - 2024-12-26 12:00:34 --> Utf8 Class Initialized
INFO - 2024-12-26 12:00:34 --> URI Class Initialized
INFO - 2024-12-26 12:00:34 --> Router Class Initialized
INFO - 2024-12-26 12:00:34 --> Output Class Initialized
INFO - 2024-12-26 12:00:34 --> Security Class Initialized
DEBUG - 2024-12-26 12:00:34 --> Global POST, GET and COOKIE data sanitized
INFO - 2024-12-26 12:00:34 --> Input Class Initialized
INFO - 2024-12-26 12:00:34 --> Language Class Initialized
INFO - 2024-12-26 12:00:34 --> Language Class Initialized
INFO - 2024-12-26 12:00:34 --> Config Class Initialized
INFO - 2024-12-26 12:00:34 --> Loader Class Initialized
INFO - 2024-12-26 12:00:34 --> Helper loaded: url_helper
INFO - 2024-12-26 12:00:34 --> Helper loaded: easyui_helper
INFO - 2024-12-26 12:00:34 --> Helper loaded: param_helper
INFO - 2024-12-26 12:00:34 --> Helper loaded: credential_helper
INFO - 2024-12-26 12:00:34 --> Helper loaded: template_helper
INFO - 2024-12-26 12:00:34 --> Helper loaded: rest_helper
INFO - 2024-12-26 12:00:34 --> Database Driver Class Initialized
DEBUG - 2024-12-26 12:00:34 --> Idgenerator class already loaded. Second attempt ignored.
INFO - 2024-12-26 12:00:34 --> Controller Class Initialized
INFO - 2024-12-26 12:00:34 --> Model Class Initialized
DEBUG - 2024-12-26 12:00:34 --> File loaded: /apps/web-drc/application/modules/app_menu/models/Menu_model.php
INFO - 2024-12-26 12:00:34 --> Model Class Initialized
INFO - 2024-12-26 12:00:34 --> Final output sent to browser
DEBUG - 2024-12-26 12:00:34 --> Total execution time: 0.0075
INFO - 2024-12-26 12:00:45 --> Config Class Initialized
INFO - 2024-12-26 12:00:45 --> Hooks Class Initialized
DEBUG - 2024-12-26 12:00:45 --> UTF-8 Support Enabled
INFO - 2024-12-26 12:00:45 --> Utf8 Class Initialized
INFO - 2024-12-26 12:00:45 --> URI Class Initialized
INFO - 2024-12-26 12:00:45 --> Router Class Initialized
INFO - 2024-12-26 12:00:45 --> Output Class Initialized
INFO - 2024-12-26 12:00:45 --> Security Class Initialized
DEBUG - 2024-12-26 12:00:45 --> Global POST, GET and COOKIE data sanitized
INFO - 2024-12-26 12:00:45 --> Input Class Initialized
INFO - 2024-12-26 12:00:45 --> Language Class Initialized
INFO - 2024-12-26 12:00:45 --> Language Class Initialized
INFO - 2024-12-26 12:00:45 --> Config Class Initialized
INFO - 2024-12-26 12:00:45 --> Loader Class Initialized
INFO - 2024-12-26 12:00:45 --> Helper loaded: url_helper
INFO - 2024-12-26 12:00:45 --> Helper loaded: easyui_helper
INFO - 2024-12-26 12:00:45 --> Helper loaded: param_helper
INFO - 2024-12-26 12:00:45 --> Helper loaded: credential_helper
INFO - 2024-12-26 12:00:45 --> Helper loaded: template_helper
INFO - 2024-12-26 12:00:45 --> Helper loaded: rest_helper
INFO - 2024-12-26 12:00:45 --> Database Driver Class Initialized
DEBUG - 2024-12-26 12:00:45 --> Idgenerator class already loaded. Second attempt ignored.
INFO - 2024-12-26 12:00:45 --> Controller Class Initialized
INFO - 2024-12-26 12:00:45 --> Model Class Initialized
DEBUG - 2024-12-26 12:00:45 --> File loaded: /apps/web-drc/application/modules/app_menu/models/Menu_model.php
INFO - 2024-12-26 12:00:45 --> Model Class Initialized
DEBUG - 2024-12-26 12:00:45 --> File loaded: /apps/web-drc/application/modules/app_menu/views/form.php
DEBUG - 2024-12-26 12:00:45 --> File loaded: /apps/web-drc/application/views/templates/header.php
DEBUG - 2024-12-26 12:00:45 --> File loaded: /apps/web-drc/application/views/templates/toolbar.php
DEBUG - 2024-12-26 12:00:45 --> File loaded: /apps/web-drc/application/views/templates/sidebar.php
DEBUG - 2024-12-26 12:00:45 --> File loaded: /apps/web-drc/application/views/templates/contents.php
DEBUG - 2024-12-26 12:00:45 --> File loaded: /apps/web-drc/application/views/templates/content_footer.php
DEBUG - 2024-12-26 12:00:45 --> File loaded: /apps/web-drc/application/views/templates/footer.php
DEBUG - 2024-12-26 12:00:45 --> File loaded: /apps/web-drc/application/views/templates/default.php
INFO - 2024-12-26 12:00:45 --> Final output sent to browser
DEBUG - 2024-12-26 12:00:45 --> Total execution time: 0.0269
INFO - 2024-12-26 12:00:45 --> Config Class Initialized
INFO - 2024-12-26 12:00:45 --> Hooks Class Initialized
DEBUG - 2024-12-26 12:00:45 --> UTF-8 Support Enabled
INFO - 2024-12-26 12:00:45 --> Utf8 Class Initialized
INFO - 2024-12-26 12:00:45 --> URI Class Initialized
INFO - 2024-12-26 12:00:45 --> Router Class Initialized
INFO - 2024-12-26 12:00:45 --> Output Class Initialized
INFO - 2024-12-26 12:00:45 --> Security Class Initialized
DEBUG - 2024-12-26 12:00:45 --> Global POST, GET and COOKIE data sanitized
INFO - 2024-12-26 12:00:45 --> Input Class Initialized
INFO - 2024-12-26 12:00:45 --> Language Class Initialized
ERROR - 2024-12-26 12:00:45 --> 404 Page Not Found: /index
INFO - 2024-12-26 12:00:45 --> Config Class Initialized
INFO - 2024-12-26 12:00:45 --> Hooks Class Initialized
DEBUG - 2024-12-26 12:00:45 --> UTF-8 Support Enabled
INFO - 2024-12-26 12:00:45 --> Utf8 Class Initialized
INFO - 2024-12-26 12:00:45 --> URI Class Initialized
INFO - 2024-12-26 12:00:45 --> Router Class Initialized
INFO - 2024-12-26 12:00:45 --> Output Class Initialized
INFO - 2024-12-26 12:00:45 --> Security Class Initialized
DEBUG - 2024-12-26 12:00:45 --> Global POST, GET and COOKIE data sanitized
INFO - 2024-12-26 12:00:45 --> Input Class Initialized
INFO - 2024-12-26 12:00:45 --> Language Class Initialized
INFO - 2024-12-26 12:00:45 --> Language Class Initialized
INFO - 2024-12-26 12:00:45 --> Config Class Initialized
INFO - 2024-12-26 12:00:45 --> Loader Class Initialized
INFO - 2024-12-26 12:00:45 --> Helper loaded: url_helper
INFO - 2024-12-26 12:00:45 --> Helper loaded: easyui_helper
INFO - 2024-12-26 12:00:45 --> Helper loaded: param_helper
INFO - 2024-12-26 12:00:45 --> Helper loaded: credential_helper
INFO - 2024-12-26 12:00:45 --> Helper loaded: template_helper
INFO - 2024-12-26 12:00:45 --> Helper loaded: rest_helper
INFO - 2024-12-26 12:00:45 --> Database Driver Class Initialized
DEBUG - 2024-12-26 12:00:45 --> Idgenerator class already loaded. Second attempt ignored.
INFO - 2024-12-26 12:00:45 --> Controller Class Initialized
INFO - 2024-12-26 12:00:45 --> Model Class Initialized
DEBUG - 2024-12-26 12:00:45 --> File loaded: /apps/web-drc/application/modules/app_menu/models/Menu_model.php
INFO - 2024-12-26 12:00:45 --> Model Class Initialized
INFO - 2024-12-26 12:00:45 --> Final output sent to browser
DEBUG - 2024-12-26 12:00:45 --> Total execution time: 0.0101
INFO - 2024-12-26 12:02:57 --> Config Class Initialized
INFO - 2024-12-26 12:02:57 --> Hooks Class Initialized
DEBUG - 2024-12-26 12:02:57 --> UTF-8 Support Enabled
INFO - 2024-12-26 12:02:57 --> Utf8 Class Initialized
INFO - 2024-12-26 12:02:57 --> URI Class Initialized
INFO - 2024-12-26 12:02:57 --> Router Class Initialized
INFO - 2024-12-26 12:02:57 --> Output Class Initialized
INFO - 2024-12-26 12:02:57 --> Security Class Initialized
DEBUG - 2024-12-26 12:02:57 --> Global POST, GET and COOKIE data sanitized
INFO - 2024-12-26 12:02:57 --> Input Class Initialized
INFO - 2024-12-26 12:02:57 --> Language Class Initialized
INFO - 2024-12-26 12:02:57 --> Language Class Initialized
INFO - 2024-12-26 12:02:57 --> Config Class Initialized
INFO - 2024-12-26 12:02:57 --> Loader Class Initialized
INFO - 2024-12-26 12:02:57 --> Helper loaded: url_helper
INFO - 2024-12-26 12:02:57 --> Helper loaded: easyui_helper
INFO - 2024-12-26 12:02:57 --> Helper loaded: param_helper
INFO - 2024-12-26 12:02:57 --> Helper loaded: credential_helper
INFO - 2024-12-26 12:02:57 --> Helper loaded: template_helper
INFO - 2024-12-26 12:02:57 --> Helper loaded: rest_helper
INFO - 2024-12-26 12:02:57 --> Database Driver Class Initialized
DEBUG - 2024-12-26 12:02:57 --> Idgenerator class already loaded. Second attempt ignored.
INFO - 2024-12-26 12:02:57 --> Controller Class Initialized
INFO - 2024-12-26 12:02:57 --> Model Class Initialized
DEBUG - 2024-12-26 12:02:57 --> File loaded: /apps/web-drc/application/modules/app_menu/models/Menu_model.php
INFO - 2024-12-26 12:02:57 --> Model Class Initialized
ERROR - 2024-12-26 12:02:57 --> Cache: Failed to initialize APC; extension not loaded/enabled?
INFO - 2024-12-26 12:02:57 --> Helper loaded: file_helper
ERROR - 2024-12-26 12:02:57 --> Cache adapter "apc" and backup "file" are both unavailable. Cache is now using "Dummy" adapter.
ERROR - 2024-12-26 12:02:57 --> Severity: Warning --> fopen(/apps/web-drc/resource/files/lock/lock.txt): failed to open stream: Permission denied /apps/web-drc/application/libraries/IDGenerator.php 30
ERROR - 2024-12-26 12:02:57 --> Severity: Warning --> flock() expects parameter 1 to be resource, bool given /apps/web-drc/application/libraries/IDGenerator.php 31
ERROR - 2024-12-26 12:02:57 --> Severity: Warning --> fclose() expects parameter 1 to be resource, bool given /apps/web-drc/application/libraries/IDGenerator.php 67
INFO - 2024-12-26 12:02:57 --> Final output sent to browser
DEBUG - 2024-12-26 12:02:57 --> Total execution time: 0.0171
INFO - 2024-12-26 12:03:46 --> Config Class Initialized
INFO - 2024-12-26 12:03:46 --> Hooks Class Initialized
DEBUG - 2024-12-26 12:03:46 --> UTF-8 Support Enabled
INFO - 2024-12-26 12:03:46 --> Utf8 Class Initialized
INFO - 2024-12-26 12:03:46 --> URI Class Initialized
INFO - 2024-12-26 12:03:46 --> Router Class Initialized
INFO - 2024-12-26 12:03:46 --> Output Class Initialized
INFO - 2024-12-26 12:03:46 --> Security Class Initialized
DEBUG - 2024-12-26 12:03:46 --> Global POST, GET and COOKIE data sanitized
INFO - 2024-12-26 12:03:46 --> Input Class Initialized
INFO - 2024-12-26 12:03:46 --> Language Class Initialized
INFO - 2024-12-26 12:03:46 --> Language Class Initialized
INFO - 2024-12-26 12:03:46 --> Config Class Initialized
INFO - 2024-12-26 12:03:46 --> Loader Class Initialized
INFO - 2024-12-26 12:03:46 --> Helper loaded: url_helper
INFO - 2024-12-26 12:03:46 --> Helper loaded: easyui_helper
INFO - 2024-12-26 12:03:46 --> Helper loaded: param_helper
INFO - 2024-12-26 12:03:46 --> Helper loaded: credential_helper
INFO - 2024-12-26 12:03:46 --> Helper loaded: template_helper
INFO - 2024-12-26 12:03:46 --> Helper loaded: rest_helper
INFO - 2024-12-26 12:03:46 --> Database Driver Class Initialized
DEBUG - 2024-12-26 12:03:46 --> Idgenerator class already loaded. Second attempt ignored.
INFO - 2024-12-26 12:03:46 --> Controller Class Initialized
INFO - 2024-12-26 12:03:46 --> Model Class Initialized
DEBUG - 2024-12-26 12:03:46 --> File loaded: /apps/web-drc/application/modules/app_menu/models/Menu_model.php
INFO - 2024-12-26 12:03:46 --> Model Class Initialized
DEBUG - 2024-12-26 12:03:46 --> File loaded: /apps/web-drc/application/modules/app_menu/views/content.php
DEBUG - 2024-12-26 12:03:46 --> File loaded: /apps/web-drc/application/views/templates/header.php
DEBUG - 2024-12-26 12:03:46 --> File loaded: /apps/web-drc/application/views/templates/toolbar.php
DEBUG - 2024-12-26 12:03:46 --> File loaded: /apps/web-drc/application/views/templates/sidebar.php
DEBUG - 2024-12-26 12:03:46 --> File loaded: /apps/web-drc/application/views/templates/contents.php
DEBUG - 2024-12-26 12:03:46 --> File loaded: /apps/web-drc/application/views/templates/content_footer.php
DEBUG - 2024-12-26 12:03:46 --> File loaded: /apps/web-drc/application/views/templates/footer.php
DEBUG - 2024-12-26 12:03:46 --> File loaded: /apps/web-drc/application/views/templates/default.php
INFO - 2024-12-26 12:03:46 --> Final output sent to browser
DEBUG - 2024-12-26 12:03:46 --> Total execution time: 0.0317
INFO - 2024-12-26 12:03:46 --> Config Class Initialized
INFO - 2024-12-26 12:03:46 --> Hooks Class Initialized
DEBUG - 2024-12-26 12:03:46 --> UTF-8 Support Enabled
INFO - 2024-12-26 12:03:46 --> Utf8 Class Initialized
INFO - 2024-12-26 12:03:46 --> URI Class Initialized
INFO - 2024-12-26 12:03:46 --> Router Class Initialized
INFO - 2024-12-26 12:03:46 --> Output Class Initialized
INFO - 2024-12-26 12:03:46 --> Security Class Initialized
DEBUG - 2024-12-26 12:03:46 --> Global POST, GET and COOKIE data sanitized
INFO - 2024-12-26 12:03:46 --> Input Class Initialized
INFO - 2024-12-26 12:03:46 --> Language Class Initialized
ERROR - 2024-12-26 12:03:46 --> 404 Page Not Found: /index
INFO - 2024-12-26 12:03:47 --> Config Class Initialized
INFO - 2024-12-26 12:03:47 --> Hooks Class Initialized
DEBUG - 2024-12-26 12:03:47 --> UTF-8 Support Enabled
INFO - 2024-12-26 12:03:47 --> Utf8 Class Initialized
INFO - 2024-12-26 12:03:47 --> URI Class Initialized
INFO - 2024-12-26 12:03:47 --> Router Class Initialized
INFO - 2024-12-26 12:03:47 --> Output Class Initialized
INFO - 2024-12-26 12:03:47 --> Security Class Initialized
DEBUG - 2024-12-26 12:03:47 --> Global POST, GET and COOKIE data sanitized
INFO - 2024-12-26 12:03:47 --> Input Class Initialized
INFO - 2024-12-26 12:03:47 --> Language Class Initialized
INFO - 2024-12-26 12:03:47 --> Language Class Initialized
INFO - 2024-12-26 12:03:47 --> Config Class Initialized
INFO - 2024-12-26 12:03:47 --> Loader Class Initialized
INFO - 2024-12-26 12:03:47 --> Helper loaded: url_helper
INFO - 2024-12-26 12:03:47 --> Helper loaded: easyui_helper
INFO - 2024-12-26 12:03:47 --> Helper loaded: param_helper
INFO - 2024-12-26 12:03:47 --> Helper loaded: credential_helper
INFO - 2024-12-26 12:03:47 --> Helper loaded: template_helper
INFO - 2024-12-26 12:03:47 --> Helper loaded: rest_helper
INFO - 2024-12-26 12:03:47 --> Database Driver Class Initialized
DEBUG - 2024-12-26 12:03:47 --> Idgenerator class already loaded. Second attempt ignored.
INFO - 2024-12-26 12:03:47 --> Controller Class Initialized
INFO - 2024-12-26 12:03:47 --> Model Class Initialized
DEBUG - 2024-12-26 12:03:47 --> File loaded: /apps/web-drc/application/modules/app_menu/models/Menu_model.php
INFO - 2024-12-26 12:03:47 --> Model Class Initialized
INFO - 2024-12-26 12:03:47 --> Final output sent to browser
DEBUG - 2024-12-26 12:03:47 --> Total execution time: 0.0105
INFO - 2024-12-26 12:03:51 --> Config Class Initialized
INFO - 2024-12-26 12:03:51 --> Hooks Class Initialized
DEBUG - 2024-12-26 12:03:51 --> UTF-8 Support Enabled
INFO - 2024-12-26 12:03:51 --> Utf8 Class Initialized
INFO - 2024-12-26 12:03:51 --> URI Class Initialized
INFO - 2024-12-26 12:03:51 --> Router Class Initialized
INFO - 2024-12-26 12:03:51 --> Output Class Initialized
INFO - 2024-12-26 12:03:51 --> Security Class Initialized
DEBUG - 2024-12-26 12:03:51 --> Global POST, GET and COOKIE data sanitized
INFO - 2024-12-26 12:03:51 --> Input Class Initialized
INFO - 2024-12-26 12:03:51 --> Language Class Initialized
INFO - 2024-12-26 12:03:51 --> Language Class Initialized
INFO - 2024-12-26 12:03:51 --> Config Class Initialized
INFO - 2024-12-26 12:03:51 --> Loader Class Initialized
INFO - 2024-12-26 12:03:51 --> Helper loaded: url_helper
INFO - 2024-12-26 12:03:51 --> Helper loaded: easyui_helper
INFO - 2024-12-26 12:03:51 --> Helper loaded: param_helper
INFO - 2024-12-26 12:03:51 --> Helper loaded: credential_helper
INFO - 2024-12-26 12:03:51 --> Helper loaded: template_helper
INFO - 2024-12-26 12:03:51 --> Helper loaded: rest_helper
INFO - 2024-12-26 12:03:51 --> Database Driver Class Initialized
DEBUG - 2024-12-26 12:03:51 --> Idgenerator class already loaded. Second attempt ignored.
INFO - 2024-12-26 12:03:51 --> Controller Class Initialized
INFO - 2024-12-26 12:03:51 --> Model Class Initialized
DEBUG - 2024-12-26 12:03:51 --> File loaded: /apps/web-drc/application/modules/app_role_menu/models/Role_menu_model.php
INFO - 2024-12-26 12:03:51 --> Model Class Initialized
DEBUG - 2024-12-26 12:03:51 --> File loaded: /apps/web-drc/application/modules/app_role_menu/views/content.php
DEBUG - 2024-12-26 12:03:51 --> File loaded: /apps/web-drc/application/views/templates/header.php
DEBUG - 2024-12-26 12:03:51 --> File loaded: /apps/web-drc/application/views/templates/toolbar.php
DEBUG - 2024-12-26 12:03:51 --> File loaded: /apps/web-drc/application/views/templates/sidebar.php
DEBUG - 2024-12-26 12:03:51 --> File loaded: /apps/web-drc/application/views/templates/contents.php
DEBUG - 2024-12-26 12:03:51 --> File loaded: /apps/web-drc/application/views/templates/content_footer.php
DEBUG - 2024-12-26 12:03:51 --> File loaded: /apps/web-drc/application/views/templates/footer.php
DEBUG - 2024-12-26 12:03:51 --> File loaded: /apps/web-drc/application/views/templates/default.php
INFO - 2024-12-26 12:03:51 --> Final output sent to browser
DEBUG - 2024-12-26 12:03:51 --> Total execution time: 0.0308
INFO - 2024-12-26 12:03:51 --> Config Class Initialized
INFO - 2024-12-26 12:03:51 --> Hooks Class Initialized
DEBUG - 2024-12-26 12:03:51 --> UTF-8 Support Enabled
INFO - 2024-12-26 12:03:51 --> Utf8 Class Initialized
INFO - 2024-12-26 12:03:51 --> URI Class Initialized
INFO - 2024-12-26 12:03:51 --> Router Class Initialized
INFO - 2024-12-26 12:03:51 --> Output Class Initialized
INFO - 2024-12-26 12:03:51 --> Security Class Initialized
DEBUG - 2024-12-26 12:03:51 --> Global POST, GET and COOKIE data sanitized
INFO - 2024-12-26 12:03:51 --> Input Class Initialized
INFO - 2024-12-26 12:03:51 --> Language Class Initialized
ERROR - 2024-12-26 12:03:51 --> 404 Page Not Found: /index
INFO - 2024-12-26 12:03:52 --> Config Class Initialized
INFO - 2024-12-26 12:03:52 --> Hooks Class Initialized
DEBUG - 2024-12-26 12:03:52 --> UTF-8 Support Enabled
INFO - 2024-12-26 12:03:52 --> Utf8 Class Initialized
INFO - 2024-12-26 12:03:52 --> URI Class Initialized
INFO - 2024-12-26 12:03:52 --> Router Class Initialized
INFO - 2024-12-26 12:03:52 --> Output Class Initialized
INFO - 2024-12-26 12:03:52 --> Security Class Initialized
DEBUG - 2024-12-26 12:03:52 --> Global POST, GET and COOKIE data sanitized
INFO - 2024-12-26 12:03:52 --> Input Class Initialized
INFO - 2024-12-26 12:03:52 --> Language Class Initialized
INFO - 2024-12-26 12:03:52 --> Language Class Initialized
INFO - 2024-12-26 12:03:52 --> Config Class Initialized
INFO - 2024-12-26 12:03:52 --> Loader Class Initialized
INFO - 2024-12-26 12:03:52 --> Helper loaded: url_helper
INFO - 2024-12-26 12:03:52 --> Helper loaded: easyui_helper
INFO - 2024-12-26 12:03:52 --> Helper loaded: param_helper
INFO - 2024-12-26 12:03:52 --> Helper loaded: credential_helper
INFO - 2024-12-26 12:03:52 --> Helper loaded: template_helper
INFO - 2024-12-26 12:03:52 --> Helper loaded: rest_helper
INFO - 2024-12-26 12:03:52 --> Database Driver Class Initialized
DEBUG - 2024-12-26 12:03:52 --> Idgenerator class already loaded. Second attempt ignored.
INFO - 2024-12-26 12:03:52 --> Controller Class Initialized
INFO - 2024-12-26 12:03:52 --> Model Class Initialized
DEBUG - 2024-12-26 12:03:52 --> File loaded: /apps/web-drc/application/modules/app_role_menu/models/Role_menu_model.php
INFO - 2024-12-26 12:03:52 --> Model Class Initialized
INFO - 2024-12-26 12:03:52 --> Final output sent to browser
DEBUG - 2024-12-26 12:03:52 --> Total execution time: 0.0119
INFO - 2024-12-26 12:03:58 --> Config Class Initialized
INFO - 2024-12-26 12:03:58 --> Hooks Class Initialized
DEBUG - 2024-12-26 12:03:58 --> UTF-8 Support Enabled
INFO - 2024-12-26 12:03:58 --> Utf8 Class Initialized
INFO - 2024-12-26 12:03:58 --> URI Class Initialized
INFO - 2024-12-26 12:03:58 --> Router Class Initialized
INFO - 2024-12-26 12:03:58 --> Output Class Initialized
INFO - 2024-12-26 12:03:58 --> Security Class Initialized
DEBUG - 2024-12-26 12:03:58 --> Global POST, GET and COOKIE data sanitized
INFO - 2024-12-26 12:03:58 --> Input Class Initialized
INFO - 2024-12-26 12:03:58 --> Language Class Initialized
INFO - 2024-12-26 12:03:58 --> Language Class Initialized
INFO - 2024-12-26 12:03:58 --> Config Class Initialized
INFO - 2024-12-26 12:03:58 --> Loader Class Initialized
INFO - 2024-12-26 12:03:58 --> Helper loaded: url_helper
INFO - 2024-12-26 12:03:58 --> Helper loaded: easyui_helper
INFO - 2024-12-26 12:03:58 --> Helper loaded: param_helper
INFO - 2024-12-26 12:03:58 --> Helper loaded: credential_helper
INFO - 2024-12-26 12:03:58 --> Helper loaded: template_helper
INFO - 2024-12-26 12:03:58 --> Helper loaded: rest_helper
INFO - 2024-12-26 12:03:58 --> Database Driver Class Initialized
DEBUG - 2024-12-26 12:03:58 --> Idgenerator class already loaded. Second attempt ignored.
INFO - 2024-12-26 12:03:58 --> Controller Class Initialized
INFO - 2024-12-26 12:03:58 --> Model Class Initialized
DEBUG - 2024-12-26 12:03:58 --> File loaded: /apps/web-drc/application/modules/app_role_menu/models/Role_menu_model.php
INFO - 2024-12-26 12:03:58 --> Model Class Initialized
DEBUG - 2024-12-26 12:03:58 --> File loaded: /apps/web-drc/application/modules/app_role_menu/views/form.php
DEBUG - 2024-12-26 12:03:58 --> File loaded: /apps/web-drc/application/views/templates/header.php
DEBUG - 2024-12-26 12:03:58 --> File loaded: /apps/web-drc/application/views/templates/toolbar.php
DEBUG - 2024-12-26 12:03:58 --> File loaded: /apps/web-drc/application/views/templates/sidebar.php
DEBUG - 2024-12-26 12:03:58 --> File loaded: /apps/web-drc/application/views/templates/contents.php
DEBUG - 2024-12-26 12:03:58 --> File loaded: /apps/web-drc/application/views/templates/content_footer.php
DEBUG - 2024-12-26 12:03:58 --> File loaded: /apps/web-drc/application/views/templates/footer.php
DEBUG - 2024-12-26 12:03:58 --> File loaded: /apps/web-drc/application/views/templates/default.php
INFO - 2024-12-26 12:03:58 --> Final output sent to browser
DEBUG - 2024-12-26 12:03:58 --> Total execution time: 0.0334
INFO - 2024-12-26 12:03:58 --> Config Class Initialized
INFO - 2024-12-26 12:03:58 --> Hooks Class Initialized
DEBUG - 2024-12-26 12:03:58 --> UTF-8 Support Enabled
INFO - 2024-12-26 12:03:58 --> Utf8 Class Initialized
INFO - 2024-12-26 12:03:58 --> URI Class Initialized
INFO - 2024-12-26 12:03:58 --> Router Class Initialized
INFO - 2024-12-26 12:03:58 --> Output Class Initialized
INFO - 2024-12-26 12:03:58 --> Security Class Initialized
DEBUG - 2024-12-26 12:03:58 --> Global POST, GET and COOKIE data sanitized
INFO - 2024-12-26 12:03:58 --> Input Class Initialized
INFO - 2024-12-26 12:03:58 --> Language Class Initialized
ERROR - 2024-12-26 12:03:58 --> 404 Page Not Found: /index
INFO - 2024-12-26 12:03:58 --> Config Class Initialized
INFO - 2024-12-26 12:03:58 --> Hooks Class Initialized
DEBUG - 2024-12-26 12:03:58 --> UTF-8 Support Enabled
INFO - 2024-12-26 12:03:58 --> Utf8 Class Initialized
INFO - 2024-12-26 12:03:58 --> URI Class Initialized
INFO - 2024-12-26 12:03:58 --> Router Class Initialized
INFO - 2024-12-26 12:03:58 --> Output Class Initialized
INFO - 2024-12-26 12:03:58 --> Security Class Initialized
DEBUG - 2024-12-26 12:03:58 --> Global POST, GET and COOKIE data sanitized
INFO - 2024-12-26 12:03:58 --> Input Class Initialized
INFO - 2024-12-26 12:03:58 --> Language Class Initialized
INFO - 2024-12-26 12:03:58 --> Language Class Initialized
INFO - 2024-12-26 12:03:58 --> Config Class Initialized
INFO - 2024-12-26 12:03:58 --> Loader Class Initialized
INFO - 2024-12-26 12:03:58 --> Helper loaded: url_helper
INFO - 2024-12-26 12:03:58 --> Helper loaded: easyui_helper
INFO - 2024-12-26 12:03:58 --> Helper loaded: param_helper
INFO - 2024-12-26 12:03:58 --> Helper loaded: credential_helper
INFO - 2024-12-26 12:03:58 --> Helper loaded: template_helper
INFO - 2024-12-26 12:03:58 --> Helper loaded: rest_helper
INFO - 2024-12-26 12:03:58 --> Database Driver Class Initialized
DEBUG - 2024-12-26 12:03:58 --> Idgenerator class already loaded. Second attempt ignored.
INFO - 2024-12-26 12:03:58 --> Controller Class Initialized
INFO - 2024-12-26 12:03:58 --> Model Class Initialized
DEBUG - 2024-12-26 12:03:58 --> File loaded: /apps/web-drc/application/modules/app_menu/models/Menu_model.php
INFO - 2024-12-26 12:03:58 --> Model Class Initialized
INFO - 2024-12-26 12:03:58 --> Final output sent to browser
DEBUG - 2024-12-26 12:03:58 --> Total execution time: 0.0090
INFO - 2024-12-26 12:03:59 --> Config Class Initialized
INFO - 2024-12-26 12:03:59 --> Hooks Class Initialized
DEBUG - 2024-12-26 12:03:59 --> UTF-8 Support Enabled
INFO - 2024-12-26 12:03:59 --> Utf8 Class Initialized
INFO - 2024-12-26 12:03:59 --> URI Class Initialized
INFO - 2024-12-26 12:03:59 --> Router Class Initialized
INFO - 2024-12-26 12:03:59 --> Output Class Initialized
INFO - 2024-12-26 12:03:59 --> Security Class Initialized
DEBUG - 2024-12-26 12:03:59 --> Global POST, GET and COOKIE data sanitized
INFO - 2024-12-26 12:03:59 --> Input Class Initialized
INFO - 2024-12-26 12:03:59 --> Language Class Initialized
INFO - 2024-12-26 12:03:59 --> Language Class Initialized
INFO - 2024-12-26 12:03:59 --> Config Class Initialized
INFO - 2024-12-26 12:03:59 --> Loader Class Initialized
INFO - 2024-12-26 12:03:59 --> Helper loaded: url_helper
INFO - 2024-12-26 12:03:59 --> Helper loaded: easyui_helper
INFO - 2024-12-26 12:03:59 --> Helper loaded: param_helper
INFO - 2024-12-26 12:03:59 --> Helper loaded: credential_helper
INFO - 2024-12-26 12:03:59 --> Helper loaded: template_helper
INFO - 2024-12-26 12:03:59 --> Helper loaded: rest_helper
INFO - 2024-12-26 12:03:59 --> Database Driver Class Initialized
DEBUG - 2024-12-26 12:03:59 --> Idgenerator class already loaded. Second attempt ignored.
INFO - 2024-12-26 12:03:59 --> Controller Class Initialized
INFO - 2024-12-26 12:03:59 --> Model Class Initialized
DEBUG - 2024-12-26 12:03:59 --> File loaded: /apps/web-drc/application/modules/app_role/models/Role_model.php
INFO - 2024-12-26 12:03:59 --> Model Class Initialized
INFO - 2024-12-26 12:03:59 --> Final output sent to browser
DEBUG - 2024-12-26 12:03:59 --> Total execution time: 0.0055
INFO - 2024-12-26 12:04:09 --> Config Class Initialized
INFO - 2024-12-26 12:04:09 --> Hooks Class Initialized
DEBUG - 2024-12-26 12:04:09 --> UTF-8 Support Enabled
INFO - 2024-12-26 12:04:09 --> Utf8 Class Initialized
INFO - 2024-12-26 12:04:09 --> URI Class Initialized
INFO - 2024-12-26 12:04:09 --> Router Class Initialized
INFO - 2024-12-26 12:04:09 --> Output Class Initialized
INFO - 2024-12-26 12:04:09 --> Security Class Initialized
DEBUG - 2024-12-26 12:04:09 --> Global POST, GET and COOKIE data sanitized
INFO - 2024-12-26 12:04:09 --> Input Class Initialized
INFO - 2024-12-26 12:04:09 --> Language Class Initialized
INFO - 2024-12-26 12:04:09 --> Language Class Initialized
INFO - 2024-12-26 12:04:09 --> Config Class Initialized
INFO - 2024-12-26 12:04:09 --> Loader Class Initialized
INFO - 2024-12-26 12:04:09 --> Helper loaded: url_helper
INFO - 2024-12-26 12:04:09 --> Helper loaded: easyui_helper
INFO - 2024-12-26 12:04:09 --> Helper loaded: param_helper
INFO - 2024-12-26 12:04:09 --> Helper loaded: credential_helper
INFO - 2024-12-26 12:04:09 --> Helper loaded: template_helper
INFO - 2024-12-26 12:04:09 --> Helper loaded: rest_helper
INFO - 2024-12-26 12:04:09 --> Database Driver Class Initialized
DEBUG - 2024-12-26 12:04:09 --> Idgenerator class already loaded. Second attempt ignored.
INFO - 2024-12-26 12:04:09 --> Controller Class Initialized
INFO - 2024-12-26 12:04:09 --> Model Class Initialized
DEBUG - 2024-12-26 12:04:09 --> File loaded: /apps/web-drc/application/modules/app_role_menu/models/Role_menu_model.php
INFO - 2024-12-26 12:04:09 --> Model Class Initialized
ERROR - 2024-12-26 12:04:09 --> Cache: Failed to initialize APC; extension not loaded/enabled?
INFO - 2024-12-26 12:04:09 --> Helper loaded: file_helper
ERROR - 2024-12-26 12:04:09 --> Cache adapter "apc" and backup "file" are both unavailable. Cache is now using "Dummy" adapter.
ERROR - 2024-12-26 12:04:09 --> Severity: Warning --> fopen(/apps/web-drc/resource/files/lock/lock.txt): failed to open stream: Permission denied /apps/web-drc/application/libraries/IDGenerator.php 30
ERROR - 2024-12-26 12:04:09 --> Severity: Warning --> flock() expects parameter 1 to be resource, bool given /apps/web-drc/application/libraries/IDGenerator.php 31
ERROR - 2024-12-26 12:04:09 --> Severity: Warning --> fclose() expects parameter 1 to be resource, bool given /apps/web-drc/application/libraries/IDGenerator.php 67
INFO - 2024-12-26 12:04:09 --> Final output sent to browser
DEBUG - 2024-12-26 12:04:09 --> Total execution time: 0.0082
INFO - 2024-12-26 12:04:12 --> Config Class Initialized
INFO - 2024-12-26 12:04:12 --> Hooks Class Initialized
DEBUG - 2024-12-26 12:04:12 --> UTF-8 Support Enabled
INFO - 2024-12-26 12:04:12 --> Utf8 Class Initialized
INFO - 2024-12-26 12:04:12 --> URI Class Initialized
INFO - 2024-12-26 12:04:12 --> Router Class Initialized
INFO - 2024-12-26 12:04:12 --> Output Class Initialized
INFO - 2024-12-26 12:04:12 --> Security Class Initialized
DEBUG - 2024-12-26 12:04:12 --> Global POST, GET and COOKIE data sanitized
INFO - 2024-12-26 12:04:12 --> Input Class Initialized
INFO - 2024-12-26 12:04:12 --> Language Class Initialized
INFO - 2024-12-26 12:04:12 --> Language Class Initialized
INFO - 2024-12-26 12:04:12 --> Config Class Initialized
INFO - 2024-12-26 12:04:12 --> Loader Class Initialized
INFO - 2024-12-26 12:04:12 --> Helper loaded: url_helper
INFO - 2024-12-26 12:04:12 --> Helper loaded: easyui_helper
INFO - 2024-12-26 12:04:12 --> Helper loaded: param_helper
INFO - 2024-12-26 12:04:12 --> Helper loaded: credential_helper
INFO - 2024-12-26 12:04:12 --> Helper loaded: template_helper
INFO - 2024-12-26 12:04:12 --> Helper loaded: rest_helper
INFO - 2024-12-26 12:04:12 --> Database Driver Class Initialized
DEBUG - 2024-12-26 12:04:12 --> Idgenerator class already loaded. Second attempt ignored.
INFO - 2024-12-26 12:04:12 --> Controller Class Initialized
INFO - 2024-12-26 12:04:12 --> Model Class Initialized
DEBUG - 2024-12-26 12:04:12 --> File loaded: /apps/web-drc/application/modules/app_role_menu/models/Role_menu_model.php
INFO - 2024-12-26 12:04:12 --> Model Class Initialized
DEBUG - 2024-12-26 12:04:12 --> File loaded: /apps/web-drc/application/modules/app_role_menu/views/content.php
DEBUG - 2024-12-26 12:04:12 --> File loaded: /apps/web-drc/application/views/templates/header.php
DEBUG - 2024-12-26 12:04:12 --> File loaded: /apps/web-drc/application/views/templates/toolbar.php
DEBUG - 2024-12-26 12:04:12 --> File loaded: /apps/web-drc/application/views/templates/sidebar.php
DEBUG - 2024-12-26 12:04:12 --> File loaded: /apps/web-drc/application/views/templates/contents.php
DEBUG - 2024-12-26 12:04:12 --> File loaded: /apps/web-drc/application/views/templates/content_footer.php
DEBUG - 2024-12-26 12:04:12 --> File loaded: /apps/web-drc/application/views/templates/footer.php
DEBUG - 2024-12-26 12:04:12 --> File loaded: /apps/web-drc/application/views/templates/default.php
INFO - 2024-12-26 12:04:12 --> Final output sent to browser
DEBUG - 2024-12-26 12:04:12 --> Total execution time: 0.0220
INFO - 2024-12-26 12:04:12 --> Config Class Initialized
INFO - 2024-12-26 12:04:12 --> Hooks Class Initialized
DEBUG - 2024-12-26 12:04:12 --> UTF-8 Support Enabled
INFO - 2024-12-26 12:04:12 --> Utf8 Class Initialized
INFO - 2024-12-26 12:04:12 --> URI Class Initialized
INFO - 2024-12-26 12:04:12 --> Router Class Initialized
INFO - 2024-12-26 12:04:12 --> Output Class Initialized
INFO - 2024-12-26 12:04:12 --> Security Class Initialized
DEBUG - 2024-12-26 12:04:12 --> Global POST, GET and COOKIE data sanitized
INFO - 2024-12-26 12:04:12 --> Input Class Initialized
INFO - 2024-12-26 12:04:12 --> Language Class Initialized
ERROR - 2024-12-26 12:04:12 --> 404 Page Not Found: /index
INFO - 2024-12-26 12:04:12 --> Config Class Initialized
INFO - 2024-12-26 12:04:12 --> Hooks Class Initialized
DEBUG - 2024-12-26 12:04:12 --> UTF-8 Support Enabled
INFO - 2024-12-26 12:04:12 --> Utf8 Class Initialized
INFO - 2024-12-26 12:04:12 --> URI Class Initialized
INFO - 2024-12-26 12:04:12 --> Router Class Initialized
INFO - 2024-12-26 12:04:12 --> Output Class Initialized
INFO - 2024-12-26 12:04:12 --> Security Class Initialized
DEBUG - 2024-12-26 12:04:12 --> Global POST, GET and COOKIE data sanitized
INFO - 2024-12-26 12:04:12 --> Input Class Initialized
INFO - 2024-12-26 12:04:12 --> Language Class Initialized
INFO - 2024-12-26 12:04:12 --> Language Class Initialized
INFO - 2024-12-26 12:04:12 --> Config Class Initialized
INFO - 2024-12-26 12:04:12 --> Loader Class Initialized
INFO - 2024-12-26 12:04:12 --> Helper loaded: url_helper
INFO - 2024-12-26 12:04:12 --> Helper loaded: easyui_helper
INFO - 2024-12-26 12:04:12 --> Helper loaded: param_helper
INFO - 2024-12-26 12:04:12 --> Helper loaded: credential_helper
INFO - 2024-12-26 12:04:12 --> Helper loaded: template_helper
INFO - 2024-12-26 12:04:12 --> Helper loaded: rest_helper
INFO - 2024-12-26 12:04:12 --> Database Driver Class Initialized
DEBUG - 2024-12-26 12:04:12 --> Idgenerator class already loaded. Second attempt ignored.
INFO - 2024-12-26 12:04:12 --> Controller Class Initialized
INFO - 2024-12-26 12:04:12 --> Model Class Initialized
DEBUG - 2024-12-26 12:04:12 --> File loaded: /apps/web-drc/application/modules/app_role_menu/models/Role_menu_model.php
INFO - 2024-12-26 12:04:12 --> Model Class Initialized
INFO - 2024-12-26 12:04:12 --> Final output sent to browser
DEBUG - 2024-12-26 12:04:12 --> Total execution time: 0.0092
INFO - 2024-12-26 12:04:16 --> Config Class Initialized
INFO - 2024-12-26 12:04:16 --> Hooks Class Initialized
DEBUG - 2024-12-26 12:04:16 --> UTF-8 Support Enabled
INFO - 2024-12-26 12:04:16 --> Utf8 Class Initialized
INFO - 2024-12-26 12:04:16 --> URI Class Initialized
INFO - 2024-12-26 12:04:16 --> Router Class Initialized
INFO - 2024-12-26 12:04:16 --> Output Class Initialized
INFO - 2024-12-26 12:04:16 --> Security Class Initialized
DEBUG - 2024-12-26 12:04:16 --> Global POST, GET and COOKIE data sanitized
INFO - 2024-12-26 12:04:16 --> Input Class Initialized
INFO - 2024-12-26 12:04:16 --> Language Class Initialized
INFO - 2024-12-26 12:04:16 --> Language Class Initialized
INFO - 2024-12-26 12:04:16 --> Config Class Initialized
INFO - 2024-12-26 12:04:16 --> Loader Class Initialized
INFO - 2024-12-26 12:04:16 --> Helper loaded: url_helper
INFO - 2024-12-26 12:04:16 --> Helper loaded: easyui_helper
INFO - 2024-12-26 12:04:16 --> Helper loaded: param_helper
INFO - 2024-12-26 12:04:16 --> Helper loaded: credential_helper
INFO - 2024-12-26 12:04:16 --> Helper loaded: template_helper
INFO - 2024-12-26 12:04:16 --> Helper loaded: rest_helper
INFO - 2024-12-26 12:04:16 --> Database Driver Class Initialized
DEBUG - 2024-12-26 12:04:16 --> Idgenerator class already loaded. Second attempt ignored.
INFO - 2024-12-26 12:04:16 --> Controller Class Initialized
INFO - 2024-12-26 12:04:16 --> Model Class Initialized
DEBUG - 2024-12-26 12:04:16 --> File loaded: /apps/web-drc/application/modules/app_role_menu/models/Role_menu_model.php
INFO - 2024-12-26 12:04:16 --> Model Class Initialized
INFO - 2024-12-26 12:04:16 --> Final output sent to browser
DEBUG - 2024-12-26 12:04:16 --> Total execution time: 0.0403
INFO - 2024-12-26 12:04:49 --> Config Class Initialized
INFO - 2024-12-26 12:04:49 --> Hooks Class Initialized
DEBUG - 2024-12-26 12:04:49 --> UTF-8 Support Enabled
INFO - 2024-12-26 12:04:49 --> Utf8 Class Initialized
INFO - 2024-12-26 12:04:49 --> URI Class Initialized
INFO - 2024-12-26 12:04:49 --> Router Class Initialized
INFO - 2024-12-26 12:04:49 --> Output Class Initialized
INFO - 2024-12-26 12:04:49 --> Security Class Initialized
DEBUG - 2024-12-26 12:04:49 --> Global POST, GET and COOKIE data sanitized
INFO - 2024-12-26 12:04:49 --> Input Class Initialized
INFO - 2024-12-26 12:04:49 --> Language Class Initialized
INFO - 2024-12-26 12:04:49 --> Language Class Initialized
INFO - 2024-12-26 12:04:49 --> Config Class Initialized
INFO - 2024-12-26 12:04:49 --> Loader Class Initialized
INFO - 2024-12-26 12:04:49 --> Helper loaded: url_helper
INFO - 2024-12-26 12:04:49 --> Helper loaded: easyui_helper
INFO - 2024-12-26 12:04:49 --> Helper loaded: param_helper
INFO - 2024-12-26 12:04:49 --> Helper loaded: credential_helper
INFO - 2024-12-26 12:04:49 --> Helper loaded: template_helper
INFO - 2024-12-26 12:04:49 --> Helper loaded: rest_helper
INFO - 2024-12-26 12:04:49 --> Database Driver Class Initialized
DEBUG - 2024-12-26 12:04:49 --> Idgenerator class already loaded. Second attempt ignored.
INFO - 2024-12-26 12:04:49 --> Controller Class Initialized
INFO - 2024-12-26 12:04:49 --> Model Class Initialized
DEBUG - 2024-12-26 12:04:49 --> File loaded: /apps/web-drc/application/modules/app_dashboard/models/App_dashboard_model.php
INFO - 2024-12-26 12:04:49 --> Model Class Initialized
DEBUG - 2024-12-26 12:04:49 --> File loaded: /apps/web-drc/application/modules/app_dashboard/views/content.php
DEBUG - 2024-12-26 12:04:49 --> File loaded: /apps/web-drc/application/views/templates/header.php
DEBUG - 2024-12-26 12:04:49 --> File loaded: /apps/web-drc/application/views/templates/toolbar.php
DEBUG - 2024-12-26 12:04:49 --> File loaded: /apps/web-drc/application/views/templates/sidebar.php
DEBUG - 2024-12-26 12:04:49 --> File loaded: /apps/web-drc/application/views/templates/contents.php
DEBUG - 2024-12-26 12:04:49 --> File loaded: /apps/web-drc/application/views/templates/content_footer.php
DEBUG - 2024-12-26 12:04:49 --> File loaded: /apps/web-drc/application/views/templates/footer.php
DEBUG - 2024-12-26 12:04:49 --> File loaded: /apps/web-drc/application/views/templates/default.php
INFO - 2024-12-26 12:04:49 --> Final output sent to browser
DEBUG - 2024-12-26 12:04:49 --> Total execution time: 0.0234
INFO - 2024-12-26 12:04:50 --> Config Class Initialized
INFO - 2024-12-26 12:04:50 --> Hooks Class Initialized
DEBUG - 2024-12-26 12:04:50 --> UTF-8 Support Enabled
INFO - 2024-12-26 12:04:50 --> Utf8 Class Initialized
INFO - 2024-12-26 12:04:50 --> URI Class Initialized
INFO - 2024-12-26 12:04:50 --> Router Class Initialized
INFO - 2024-12-26 12:04:50 --> Output Class Initialized
INFO - 2024-12-26 12:04:50 --> Security Class Initialized
DEBUG - 2024-12-26 12:04:50 --> Global POST, GET and COOKIE data sanitized
INFO - 2024-12-26 12:04:50 --> Input Class Initialized
INFO - 2024-12-26 12:04:50 --> Language Class Initialized
INFO - 2024-12-26 12:04:50 --> Language Class Initialized
INFO - 2024-12-26 12:04:50 --> Config Class Initialized
INFO - 2024-12-26 12:04:50 --> Loader Class Initialized
INFO - 2024-12-26 12:04:50 --> Helper loaded: url_helper
INFO - 2024-12-26 12:04:50 --> Helper loaded: easyui_helper
INFO - 2024-12-26 12:04:50 --> Helper loaded: param_helper
INFO - 2024-12-26 12:04:50 --> Helper loaded: credential_helper
INFO - 2024-12-26 12:04:50 --> Helper loaded: template_helper
INFO - 2024-12-26 12:04:50 --> Helper loaded: rest_helper
INFO - 2024-12-26 12:04:50 --> Database Driver Class Initialized
DEBUG - 2024-12-26 12:04:50 --> Idgenerator class already loaded. Second attempt ignored.
INFO - 2024-12-26 12:04:50 --> Controller Class Initialized
INFO - 2024-12-26 12:04:50 --> Model Class Initialized
DEBUG - 2024-12-26 12:04:50 --> File loaded: /apps/web-drc/application/modules/app_dashboard/models/App_dashboard_model.php
INFO - 2024-12-26 12:04:50 --> Model Class Initialized
INFO - 2024-12-26 12:04:50 --> Final output sent to browser
DEBUG - 2024-12-26 12:04:50 --> Total execution time: 0.0228
INFO - 2024-12-26 12:04:50 --> Config Class Initialized
INFO - 2024-12-26 12:04:50 --> Hooks Class Initialized
DEBUG - 2024-12-26 12:04:50 --> UTF-8 Support Enabled
INFO - 2024-12-26 12:04:50 --> Utf8 Class Initialized
INFO - 2024-12-26 12:04:50 --> URI Class Initialized
INFO - 2024-12-26 12:04:50 --> Router Class Initialized
INFO - 2024-12-26 12:04:50 --> Output Class Initialized
INFO - 2024-12-26 12:04:50 --> Security Class Initialized
DEBUG - 2024-12-26 12:04:50 --> Global POST, GET and COOKIE data sanitized
INFO - 2024-12-26 12:04:50 --> Input Class Initialized
INFO - 2024-12-26 12:04:50 --> Language Class Initialized
INFO - 2024-12-26 12:04:50 --> Language Class Initialized
INFO - 2024-12-26 12:04:50 --> Config Class Initialized
INFO - 2024-12-26 12:04:50 --> Loader Class Initialized
INFO - 2024-12-26 12:04:50 --> Helper loaded: url_helper
INFO - 2024-12-26 12:04:50 --> Helper loaded: easyui_helper
INFO - 2024-12-26 12:04:50 --> Helper loaded: param_helper
INFO - 2024-12-26 12:04:50 --> Helper loaded: credential_helper
INFO - 2024-12-26 12:04:50 --> Helper loaded: template_helper
INFO - 2024-12-26 12:04:50 --> Helper loaded: rest_helper
INFO - 2024-12-26 12:04:50 --> Database Driver Class Initialized
DEBUG - 2024-12-26 12:04:50 --> Idgenerator class already loaded. Second attempt ignored.
INFO - 2024-12-26 12:04:50 --> Controller Class Initialized
INFO - 2024-12-26 12:04:50 --> Model Class Initialized
DEBUG - 2024-12-26 12:04:50 --> File loaded: /apps/web-drc/application/modules/api_v1/models/Api_v1_model.php
INFO - 2024-12-26 12:04:50 --> Model Class Initialized
INFO - 2024-12-26 12:04:50 --> Final output sent to browser
DEBUG - 2024-12-26 12:04:50 --> Total execution time: 0.0128
INFO - 2024-12-26 12:05:00 --> Config Class Initialized
INFO - 2024-12-26 12:05:00 --> Hooks Class Initialized
DEBUG - 2024-12-26 12:05:00 --> UTF-8 Support Enabled
INFO - 2024-12-26 12:05:00 --> Utf8 Class Initialized
INFO - 2024-12-26 12:05:00 --> URI Class Initialized
INFO - 2024-12-26 12:05:00 --> Router Class Initialized
INFO - 2024-12-26 12:05:00 --> Output Class Initialized
INFO - 2024-12-26 12:05:00 --> Security Class Initialized
DEBUG - 2024-12-26 12:05:00 --> Global POST, GET and COOKIE data sanitized
INFO - 2024-12-26 12:05:00 --> Input Class Initialized
INFO - 2024-12-26 12:05:00 --> Language Class Initialized
INFO - 2024-12-26 12:05:00 --> Language Class Initialized
INFO - 2024-12-26 12:05:00 --> Config Class Initialized
INFO - 2024-12-26 12:05:00 --> Loader Class Initialized
INFO - 2024-12-26 12:05:00 --> Helper loaded: url_helper
INFO - 2024-12-26 12:05:00 --> Helper loaded: easyui_helper
INFO - 2024-12-26 12:05:00 --> Helper loaded: param_helper
INFO - 2024-12-26 12:05:00 --> Helper loaded: credential_helper
INFO - 2024-12-26 12:05:00 --> Helper loaded: template_helper
INFO - 2024-12-26 12:05:00 --> Helper loaded: rest_helper
INFO - 2024-12-26 12:05:00 --> Database Driver Class Initialized
DEBUG - 2024-12-26 12:05:00 --> Idgenerator class already loaded. Second attempt ignored.
INFO - 2024-12-26 12:05:00 --> Controller Class Initialized
INFO - 2024-12-26 12:05:00 --> Model Class Initialized
DEBUG - 2024-12-26 12:05:00 --> File loaded: /apps/web-drc/application/modules/promo_product_sales/models/Promo_product_model.php
INFO - 2024-12-26 12:05:00 --> Model Class Initialized
DEBUG - 2024-12-26 12:05:00 --> File loaded: /apps/web-drc/application/modules/promo_product_sales/views/content.php
DEBUG - 2024-12-26 12:05:00 --> File loaded: /apps/web-drc/application/views/templates/header.php
DEBUG - 2024-12-26 12:05:00 --> File loaded: /apps/web-drc/application/views/templates/toolbar.php
DEBUG - 2024-12-26 12:05:00 --> File loaded: /apps/web-drc/application/views/templates/sidebar.php
DEBUG - 2024-12-26 12:05:00 --> File loaded: /apps/web-drc/application/views/templates/contents.php
DEBUG - 2024-12-26 12:05:00 --> File loaded: /apps/web-drc/application/views/templates/content_footer.php
DEBUG - 2024-12-26 12:05:00 --> File loaded: /apps/web-drc/application/views/templates/footer.php
DEBUG - 2024-12-26 12:05:00 --> File loaded: /apps/web-drc/application/views/templates/default.php
INFO - 2024-12-26 12:05:00 --> Final output sent to browser
DEBUG - 2024-12-26 12:05:00 --> Total execution time: 0.0218
INFO - 2024-12-26 12:05:00 --> Config Class Initialized
INFO - 2024-12-26 12:05:00 --> Hooks Class Initialized
DEBUG - 2024-12-26 12:05:00 --> UTF-8 Support Enabled
INFO - 2024-12-26 12:05:00 --> Utf8 Class Initialized
INFO - 2024-12-26 12:05:00 --> URI Class Initialized
INFO - 2024-12-26 12:05:00 --> Router Class Initialized
INFO - 2024-12-26 12:05:00 --> Output Class Initialized
INFO - 2024-12-26 12:05:00 --> Security Class Initialized
DEBUG - 2024-12-26 12:05:00 --> Global POST, GET and COOKIE data sanitized
INFO - 2024-12-26 12:05:00 --> Input Class Initialized
INFO - 2024-12-26 12:05:00 --> Language Class Initialized
INFO - 2024-12-26 12:05:00 --> Language Class Initialized
INFO - 2024-12-26 12:05:00 --> Config Class Initialized
INFO - 2024-12-26 12:05:00 --> Loader Class Initialized
INFO - 2024-12-26 12:05:00 --> Helper loaded: url_helper
INFO - 2024-12-26 12:05:00 --> Helper loaded: easyui_helper
INFO - 2024-12-26 12:05:00 --> Helper loaded: param_helper
INFO - 2024-12-26 12:05:00 --> Helper loaded: credential_helper
INFO - 2024-12-26 12:05:00 --> Helper loaded: template_helper
INFO - 2024-12-26 12:05:00 --> Helper loaded: rest_helper
INFO - 2024-12-26 12:05:00 --> Database Driver Class Initialized
DEBUG - 2024-12-26 12:05:00 --> Idgenerator class already loaded. Second attempt ignored.
INFO - 2024-12-26 12:05:00 --> Controller Class Initialized
INFO - 2024-12-26 12:05:00 --> Model Class Initialized
DEBUG - 2024-12-26 12:05:00 --> File loaded: /apps/web-drc/application/modules/mapping_promo_active/models/Promo_active_model.php
INFO - 2024-12-26 12:05:00 --> Model Class Initialized
INFO - 2024-12-26 12:05:00 --> Final output sent to browser
DEBUG - 2024-12-26 12:05:00 --> Total execution time: 0.0392
INFO - 2024-12-26 12:06:21 --> Config Class Initialized
INFO - 2024-12-26 12:06:21 --> Hooks Class Initialized
DEBUG - 2024-12-26 12:06:21 --> UTF-8 Support Enabled
INFO - 2024-12-26 12:06:21 --> Utf8 Class Initialized
INFO - 2024-12-26 12:06:21 --> URI Class Initialized
INFO - 2024-12-26 12:06:21 --> Router Class Initialized
INFO - 2024-12-26 12:06:21 --> Output Class Initialized
INFO - 2024-12-26 12:06:21 --> Security Class Initialized
DEBUG - 2024-12-26 12:06:21 --> Global POST, GET and COOKIE data sanitized
INFO - 2024-12-26 12:06:21 --> Input Class Initialized
INFO - 2024-12-26 12:06:21 --> Language Class Initialized
ERROR - 2024-12-26 12:06:21 --> 404 Page Not Found: /index
INFO - 2024-12-26 12:06:46 --> Config Class Initialized
INFO - 2024-12-26 12:06:46 --> Hooks Class Initialized
DEBUG - 2024-12-26 12:06:46 --> UTF-8 Support Enabled
INFO - 2024-12-26 12:06:46 --> Utf8 Class Initialized
INFO - 2024-12-26 12:06:46 --> URI Class Initialized
INFO - 2024-12-26 12:06:46 --> Router Class Initialized
INFO - 2024-12-26 12:06:46 --> Output Class Initialized
INFO - 2024-12-26 12:06:46 --> Security Class Initialized
DEBUG - 2024-12-26 12:06:46 --> Global POST, GET and COOKIE data sanitized
INFO - 2024-12-26 12:06:46 --> Input Class Initialized
INFO - 2024-12-26 12:06:46 --> Language Class Initialized
INFO - 2024-12-26 12:06:46 --> Language Class Initialized
INFO - 2024-12-26 12:06:46 --> Config Class Initialized
INFO - 2024-12-26 12:06:46 --> Loader Class Initialized
INFO - 2024-12-26 12:06:46 --> Helper loaded: url_helper
INFO - 2024-12-26 12:06:46 --> Helper loaded: easyui_helper
INFO - 2024-12-26 12:06:46 --> Helper loaded: param_helper
INFO - 2024-12-26 12:06:46 --> Helper loaded: credential_helper
INFO - 2024-12-26 12:06:46 --> Helper loaded: template_helper
INFO - 2024-12-26 12:06:46 --> Helper loaded: rest_helper
INFO - 2024-12-26 12:06:46 --> Database Driver Class Initialized
DEBUG - 2024-12-26 12:06:46 --> Idgenerator class already loaded. Second attempt ignored.
INFO - 2024-12-26 12:06:46 --> Controller Class Initialized
INFO - 2024-12-26 12:06:46 --> Model Class Initialized
DEBUG - 2024-12-26 12:06:46 --> File loaded: /apps/web-drc/application/modules/promo_product_sales/models/Promo_product_model.php
INFO - 2024-12-26 12:06:46 --> Model Class Initialized
DEBUG - 2024-12-26 12:06:46 --> File loaded: /apps/web-drc/application/modules/promo_product_sales/views/content.php
DEBUG - 2024-12-26 12:06:46 --> File loaded: /apps/web-drc/application/views/templates/header.php
DEBUG - 2024-12-26 12:06:46 --> File loaded: /apps/web-drc/application/views/templates/toolbar.php
DEBUG - 2024-12-26 12:06:46 --> File loaded: /apps/web-drc/application/views/templates/sidebar.php
DEBUG - 2024-12-26 12:06:46 --> File loaded: /apps/web-drc/application/views/templates/contents.php
DEBUG - 2024-12-26 12:06:46 --> File loaded: /apps/web-drc/application/views/templates/content_footer.php
DEBUG - 2024-12-26 12:06:46 --> File loaded: /apps/web-drc/application/views/templates/footer.php
DEBUG - 2024-12-26 12:06:46 --> File loaded: /apps/web-drc/application/views/templates/default.php
INFO - 2024-12-26 12:06:46 --> Final output sent to browser
DEBUG - 2024-12-26 12:06:46 --> Total execution time: 0.0182
INFO - 2024-12-26 12:06:48 --> Config Class Initialized
INFO - 2024-12-26 12:06:48 --> Hooks Class Initialized
DEBUG - 2024-12-26 12:06:48 --> UTF-8 Support Enabled
INFO - 2024-12-26 12:06:48 --> Utf8 Class Initialized
INFO - 2024-12-26 12:06:48 --> URI Class Initialized
INFO - 2024-12-26 12:06:48 --> Router Class Initialized
INFO - 2024-12-26 12:06:48 --> Output Class Initialized
INFO - 2024-12-26 12:06:48 --> Security Class Initialized
DEBUG - 2024-12-26 12:06:48 --> Global POST, GET and COOKIE data sanitized
INFO - 2024-12-26 12:06:48 --> Input Class Initialized
INFO - 2024-12-26 12:06:48 --> Language Class Initialized
ERROR - 2024-12-26 12:06:48 --> 404 Page Not Found: /index
INFO - 2024-12-26 12:06:48 --> Config Class Initialized
INFO - 2024-12-26 12:06:48 --> Hooks Class Initialized
DEBUG - 2024-12-26 12:06:48 --> UTF-8 Support Enabled
INFO - 2024-12-26 12:06:48 --> Utf8 Class Initialized
INFO - 2024-12-26 12:06:48 --> URI Class Initialized
INFO - 2024-12-26 12:06:48 --> Router Class Initialized
INFO - 2024-12-26 12:06:48 --> Output Class Initialized
INFO - 2024-12-26 12:06:48 --> Security Class Initialized
DEBUG - 2024-12-26 12:06:48 --> Global POST, GET and COOKIE data sanitized
INFO - 2024-12-26 12:06:48 --> Input Class Initialized
INFO - 2024-12-26 12:06:48 --> Language Class Initialized
INFO - 2024-12-26 12:06:48 --> Language Class Initialized
INFO - 2024-12-26 12:06:48 --> Config Class Initialized
INFO - 2024-12-26 12:06:48 --> Loader Class Initialized
INFO - 2024-12-26 12:06:48 --> Helper loaded: url_helper
INFO - 2024-12-26 12:06:48 --> Helper loaded: easyui_helper
INFO - 2024-12-26 12:06:48 --> Helper loaded: param_helper
INFO - 2024-12-26 12:06:48 --> Helper loaded: credential_helper
INFO - 2024-12-26 12:06:48 --> Helper loaded: template_helper
INFO - 2024-12-26 12:06:48 --> Helper loaded: rest_helper
INFO - 2024-12-26 12:06:48 --> Database Driver Class Initialized
DEBUG - 2024-12-26 12:06:48 --> Idgenerator class already loaded. Second attempt ignored.
INFO - 2024-12-26 12:06:48 --> Controller Class Initialized
INFO - 2024-12-26 12:06:48 --> Model Class Initialized
DEBUG - 2024-12-26 12:06:48 --> File loaded: /apps/web-drc/application/modules/mapping_promo_active/models/Promo_active_model.php
INFO - 2024-12-26 12:06:48 --> Model Class Initialized
INFO - 2024-12-26 12:06:48 --> Final output sent to browser
DEBUG - 2024-12-26 12:06:48 --> Total execution time: 0.0111
INFO - 2024-12-26 12:06:48 --> Config Class Initialized
INFO - 2024-12-26 12:06:48 --> Hooks Class Initialized
DEBUG - 2024-12-26 12:06:48 --> UTF-8 Support Enabled
INFO - 2024-12-26 12:06:48 --> Utf8 Class Initialized
INFO - 2024-12-26 12:06:48 --> URI Class Initialized
INFO - 2024-12-26 12:06:48 --> Router Class Initialized
INFO - 2024-12-26 12:06:48 --> Output Class Initialized
INFO - 2024-12-26 12:06:48 --> Security Class Initialized
DEBUG - 2024-12-26 12:06:48 --> Global POST, GET and COOKIE data sanitized
INFO - 2024-12-26 12:06:48 --> Input Class Initialized
INFO - 2024-12-26 12:06:48 --> Language Class Initialized
ERROR - 2024-12-26 12:06:48 --> 404 Page Not Found: /index
INFO - 2024-12-26 12:07:57 --> Config Class Initialized
INFO - 2024-12-26 12:07:57 --> Hooks Class Initialized
DEBUG - 2024-12-26 12:07:57 --> UTF-8 Support Enabled
INFO - 2024-12-26 12:07:57 --> Utf8 Class Initialized
INFO - 2024-12-26 12:07:57 --> URI Class Initialized
INFO - 2024-12-26 12:07:57 --> Router Class Initialized
INFO - 2024-12-26 12:07:57 --> Output Class Initialized
INFO - 2024-12-26 12:07:57 --> Security Class Initialized
DEBUG - 2024-12-26 12:07:57 --> Global POST, GET and COOKIE data sanitized
INFO - 2024-12-26 12:07:57 --> Input Class Initialized
INFO - 2024-12-26 12:07:57 --> Language Class Initialized
INFO - 2024-12-26 12:07:57 --> Language Class Initialized
INFO - 2024-12-26 12:07:57 --> Config Class Initialized
INFO - 2024-12-26 12:07:57 --> Loader Class Initialized
INFO - 2024-12-26 12:07:57 --> Helper loaded: url_helper
INFO - 2024-12-26 12:07:57 --> Helper loaded: easyui_helper
INFO - 2024-12-26 12:07:57 --> Helper loaded: param_helper
INFO - 2024-12-26 12:07:57 --> Helper loaded: credential_helper
INFO - 2024-12-26 12:07:57 --> Helper loaded: template_helper
INFO - 2024-12-26 12:07:57 --> Helper loaded: rest_helper
INFO - 2024-12-26 12:07:57 --> Database Driver Class Initialized
DEBUG - 2024-12-26 12:07:57 --> Idgenerator class already loaded. Second attempt ignored.
INFO - 2024-12-26 12:07:57 --> Controller Class Initialized
INFO - 2024-12-26 12:07:57 --> Model Class Initialized
DEBUG - 2024-12-26 12:07:57 --> File loaded: /apps/web-drc/application/modules/promo_product_sales/models/Promo_product_model.php
INFO - 2024-12-26 12:07:57 --> Model Class Initialized
DEBUG - 2024-12-26 12:07:57 --> File loaded: /apps/web-drc/application/modules/promo_product_sales/views/content.php
DEBUG - 2024-12-26 12:07:57 --> File loaded: /apps/web-drc/application/views/templates/header.php
DEBUG - 2024-12-26 12:07:57 --> File loaded: /apps/web-drc/application/views/templates/toolbar.php
DEBUG - 2024-12-26 12:07:57 --> File loaded: /apps/web-drc/application/views/templates/sidebar.php
DEBUG - 2024-12-26 12:07:57 --> File loaded: /apps/web-drc/application/views/templates/contents.php
DEBUG - 2024-12-26 12:07:57 --> File loaded: /apps/web-drc/application/views/templates/content_footer.php
DEBUG - 2024-12-26 12:07:57 --> File loaded: /apps/web-drc/application/views/templates/footer.php
DEBUG - 2024-12-26 12:07:57 --> File loaded: /apps/web-drc/application/views/templates/default.php
INFO - 2024-12-26 12:07:57 --> Final output sent to browser
DEBUG - 2024-12-26 12:07:57 --> Total execution time: 0.0251
INFO - 2024-12-26 12:07:59 --> Config Class Initialized
INFO - 2024-12-26 12:07:59 --> Hooks Class Initialized
DEBUG - 2024-12-26 12:07:59 --> UTF-8 Support Enabled
INFO - 2024-12-26 12:07:59 --> Utf8 Class Initialized
INFO - 2024-12-26 12:07:59 --> URI Class Initialized
INFO - 2024-12-26 12:07:59 --> Router Class Initialized
INFO - 2024-12-26 12:07:59 --> Output Class Initialized
INFO - 2024-12-26 12:07:59 --> Security Class Initialized
DEBUG - 2024-12-26 12:07:59 --> Global POST, GET and COOKIE data sanitized
INFO - 2024-12-26 12:07:59 --> Input Class Initialized
INFO - 2024-12-26 12:07:59 --> Language Class Initialized
ERROR - 2024-12-26 12:07:59 --> 404 Page Not Found: /index
INFO - 2024-12-26 12:07:59 --> Config Class Initialized
INFO - 2024-12-26 12:07:59 --> Hooks Class Initialized
DEBUG - 2024-12-26 12:07:59 --> UTF-8 Support Enabled
INFO - 2024-12-26 12:07:59 --> Utf8 Class Initialized
INFO - 2024-12-26 12:07:59 --> URI Class Initialized
INFO - 2024-12-26 12:07:59 --> Router Class Initialized
INFO - 2024-12-26 12:07:59 --> Output Class Initialized
INFO - 2024-12-26 12:07:59 --> Security Class Initialized
DEBUG - 2024-12-26 12:07:59 --> Global POST, GET and COOKIE data sanitized
INFO - 2024-12-26 12:07:59 --> Input Class Initialized
INFO - 2024-12-26 12:07:59 --> Language Class Initialized
INFO - 2024-12-26 12:07:59 --> Language Class Initialized
INFO - 2024-12-26 12:07:59 --> Config Class Initialized
INFO - 2024-12-26 12:07:59 --> Loader Class Initialized
INFO - 2024-12-26 12:07:59 --> Helper loaded: url_helper
INFO - 2024-12-26 12:07:59 --> Helper loaded: easyui_helper
INFO - 2024-12-26 12:07:59 --> Helper loaded: param_helper
INFO - 2024-12-26 12:07:59 --> Helper loaded: credential_helper
INFO - 2024-12-26 12:07:59 --> Helper loaded: template_helper
INFO - 2024-12-26 12:07:59 --> Helper loaded: rest_helper
INFO - 2024-12-26 12:07:59 --> Database Driver Class Initialized
DEBUG - 2024-12-26 12:07:59 --> Idgenerator class already loaded. Second attempt ignored.
INFO - 2024-12-26 12:07:59 --> Controller Class Initialized
INFO - 2024-12-26 12:07:59 --> Model Class Initialized
DEBUG - 2024-12-26 12:07:59 --> File loaded: /apps/web-drc/application/modules/promo_product_sales/models/Promo_product_model.php
INFO - 2024-12-26 12:07:59 --> Model Class Initialized
INFO - 2024-12-26 12:07:59 --> Final output sent to browser
DEBUG - 2024-12-26 12:07:59 --> Total execution time: 0.0053
INFO - 2024-12-26 12:07:59 --> Config Class Initialized
INFO - 2024-12-26 12:07:59 --> Hooks Class Initialized
DEBUG - 2024-12-26 12:07:59 --> UTF-8 Support Enabled
INFO - 2024-12-26 12:07:59 --> Utf8 Class Initialized
INFO - 2024-12-26 12:07:59 --> URI Class Initialized
INFO - 2024-12-26 12:07:59 --> Router Class Initialized
INFO - 2024-12-26 12:07:59 --> Output Class Initialized
INFO - 2024-12-26 12:07:59 --> Security Class Initialized
DEBUG - 2024-12-26 12:07:59 --> Global POST, GET and COOKIE data sanitized
INFO - 2024-12-26 12:07:59 --> Input Class Initialized
INFO - 2024-12-26 12:07:59 --> Language Class Initialized
ERROR - 2024-12-26 12:07:59 --> 404 Page Not Found: /index
INFO - 2024-12-26 12:08:07 --> Config Class Initialized
INFO - 2024-12-26 12:08:07 --> Hooks Class Initialized
DEBUG - 2024-12-26 12:08:07 --> UTF-8 Support Enabled
INFO - 2024-12-26 12:08:07 --> Utf8 Class Initialized
INFO - 2024-12-26 12:08:07 --> URI Class Initialized
INFO - 2024-12-26 12:08:07 --> Router Class Initialized
INFO - 2024-12-26 12:08:07 --> Output Class Initialized
INFO - 2024-12-26 12:08:07 --> Security Class Initialized
DEBUG - 2024-12-26 12:08:07 --> Global POST, GET and COOKIE data sanitized
INFO - 2024-12-26 12:08:07 --> Input Class Initialized
INFO - 2024-12-26 12:08:07 --> Language Class Initialized
INFO - 2024-12-26 12:08:07 --> Language Class Initialized
INFO - 2024-12-26 12:08:07 --> Config Class Initialized
INFO - 2024-12-26 12:08:07 --> Loader Class Initialized
INFO - 2024-12-26 12:08:07 --> Helper loaded: url_helper
INFO - 2024-12-26 12:08:07 --> Helper loaded: easyui_helper
INFO - 2024-12-26 12:08:07 --> Helper loaded: param_helper
INFO - 2024-12-26 12:08:07 --> Helper loaded: credential_helper
INFO - 2024-12-26 12:08:07 --> Helper loaded: template_helper
INFO - 2024-12-26 12:08:07 --> Helper loaded: rest_helper
INFO - 2024-12-26 12:08:07 --> Database Driver Class Initialized
DEBUG - 2024-12-26 12:08:07 --> Idgenerator class already loaded. Second attempt ignored.
INFO - 2024-12-26 12:08:07 --> Controller Class Initialized
INFO - 2024-12-26 12:08:07 --> Model Class Initialized
DEBUG - 2024-12-26 12:08:07 --> File loaded: /apps/web-drc/application/modules/promo_product_sales/models/Promo_product_model.php
INFO - 2024-12-26 12:08:07 --> Model Class Initialized
DEBUG - 2024-12-26 12:08:07 --> File loaded: /apps/web-drc/application/modules/promo_product_sales/views/form.php
DEBUG - 2024-12-26 12:08:07 --> File loaded: /apps/web-drc/application/views/templates/header.php
DEBUG - 2024-12-26 12:08:07 --> File loaded: /apps/web-drc/application/views/templates/toolbar.php
DEBUG - 2024-12-26 12:08:07 --> File loaded: /apps/web-drc/application/views/templates/sidebar.php
DEBUG - 2024-12-26 12:08:07 --> File loaded: /apps/web-drc/application/views/templates/contents.php
DEBUG - 2024-12-26 12:08:07 --> File loaded: /apps/web-drc/application/views/templates/content_footer.php
DEBUG - 2024-12-26 12:08:07 --> File loaded: /apps/web-drc/application/views/templates/footer.php
DEBUG - 2024-12-26 12:08:07 --> File loaded: /apps/web-drc/application/views/templates/default.php
INFO - 2024-12-26 12:08:07 --> Final output sent to browser
DEBUG - 2024-12-26 12:08:07 --> Total execution time: 0.0240
INFO - 2024-12-26 12:08:08 --> Config Class Initialized
INFO - 2024-12-26 12:08:08 --> Hooks Class Initialized
DEBUG - 2024-12-26 12:08:08 --> UTF-8 Support Enabled
INFO - 2024-12-26 12:08:08 --> Utf8 Class Initialized
INFO - 2024-12-26 12:08:08 --> URI Class Initialized
INFO - 2024-12-26 12:08:08 --> Router Class Initialized
INFO - 2024-12-26 12:08:08 --> Output Class Initialized
INFO - 2024-12-26 12:08:08 --> Security Class Initialized
DEBUG - 2024-12-26 12:08:08 --> Global POST, GET and COOKIE data sanitized
INFO - 2024-12-26 12:08:08 --> Input Class Initialized
INFO - 2024-12-26 12:08:08 --> Language Class Initialized
ERROR - 2024-12-26 12:08:08 --> 404 Page Not Found: /index
INFO - 2024-12-26 12:08:08 --> Config Class Initialized
INFO - 2024-12-26 12:08:08 --> Hooks Class Initialized
DEBUG - 2024-12-26 12:08:08 --> UTF-8 Support Enabled
INFO - 2024-12-26 12:08:08 --> Utf8 Class Initialized
INFO - 2024-12-26 12:08:08 --> URI Class Initialized
INFO - 2024-12-26 12:08:08 --> Router Class Initialized
INFO - 2024-12-26 12:08:08 --> Output Class Initialized
INFO - 2024-12-26 12:08:08 --> Security Class Initialized
DEBUG - 2024-12-26 12:08:08 --> Global POST, GET and COOKIE data sanitized
INFO - 2024-12-26 12:08:08 --> Input Class Initialized
INFO - 2024-12-26 12:08:08 --> Language Class Initialized
INFO - 2024-12-26 12:08:08 --> Language Class Initialized
INFO - 2024-12-26 12:08:08 --> Config Class Initialized
INFO - 2024-12-26 12:08:08 --> Loader Class Initialized
INFO - 2024-12-26 12:08:08 --> Helper loaded: url_helper
INFO - 2024-12-26 12:08:08 --> Helper loaded: easyui_helper
INFO - 2024-12-26 12:08:08 --> Helper loaded: param_helper
INFO - 2024-12-26 12:08:08 --> Helper loaded: credential_helper
INFO - 2024-12-26 12:08:08 --> Helper loaded: template_helper
INFO - 2024-12-26 12:08:08 --> Helper loaded: rest_helper
INFO - 2024-12-26 12:08:08 --> Database Driver Class Initialized
DEBUG - 2024-12-26 12:08:08 --> Idgenerator class already loaded. Second attempt ignored.
INFO - 2024-12-26 12:08:08 --> Controller Class Initialized
INFO - 2024-12-26 12:08:08 --> Model Class Initialized
DEBUG - 2024-12-26 12:08:08 --> File loaded: /apps/web-drc/application/modules/api_v1/models/Api_v1_model.php
INFO - 2024-12-26 12:08:08 --> Model Class Initialized
INFO - 2024-12-26 12:08:08 --> Final output sent to browser
DEBUG - 2024-12-26 12:08:08 --> Total execution time: 0.0054
INFO - 2024-12-26 12:08:08 --> Config Class Initialized
INFO - 2024-12-26 12:08:08 --> Hooks Class Initialized
DEBUG - 2024-12-26 12:08:08 --> UTF-8 Support Enabled
INFO - 2024-12-26 12:08:08 --> Utf8 Class Initialized
INFO - 2024-12-26 12:08:08 --> URI Class Initialized
INFO - 2024-12-26 12:08:08 --> Router Class Initialized
INFO - 2024-12-26 12:08:08 --> Output Class Initialized
INFO - 2024-12-26 12:08:08 --> Security Class Initialized
DEBUG - 2024-12-26 12:08:08 --> Global POST, GET and COOKIE data sanitized
INFO - 2024-12-26 12:08:08 --> Input Class Initialized
INFO - 2024-12-26 12:08:08 --> Language Class Initialized
INFO - 2024-12-26 12:08:08 --> Language Class Initialized
INFO - 2024-12-26 12:08:08 --> Config Class Initialized
INFO - 2024-12-26 12:08:08 --> Loader Class Initialized
INFO - 2024-12-26 12:08:08 --> Helper loaded: url_helper
INFO - 2024-12-26 12:08:08 --> Helper loaded: easyui_helper
INFO - 2024-12-26 12:08:08 --> Helper loaded: param_helper
INFO - 2024-12-26 12:08:08 --> Helper loaded: credential_helper
INFO - 2024-12-26 12:08:08 --> Helper loaded: template_helper
INFO - 2024-12-26 12:08:08 --> Helper loaded: rest_helper
INFO - 2024-12-26 12:08:08 --> Database Driver Class Initialized
DEBUG - 2024-12-26 12:08:08 --> Idgenerator class already loaded. Second attempt ignored.
INFO - 2024-12-26 12:08:08 --> Controller Class Initialized
INFO - 2024-12-26 12:08:08 --> Model Class Initialized
DEBUG - 2024-12-26 12:08:08 --> File loaded: /apps/web-drc/application/modules/api_v1/models/Api_v1_model.php
INFO - 2024-12-26 12:08:08 --> Model Class Initialized
INFO - 2024-12-26 12:08:08 --> Final output sent to browser
DEBUG - 2024-12-26 12:08:08 --> Total execution time: 0.0055
INFO - 2024-12-26 12:08:08 --> Config Class Initialized
INFO - 2024-12-26 12:08:08 --> Hooks Class Initialized
DEBUG - 2024-12-26 12:08:08 --> UTF-8 Support Enabled
INFO - 2024-12-26 12:08:08 --> Utf8 Class Initialized
INFO - 2024-12-26 12:08:08 --> URI Class Initialized
INFO - 2024-12-26 12:08:08 --> Router Class Initialized
INFO - 2024-12-26 12:08:08 --> Output Class Initialized
INFO - 2024-12-26 12:08:08 --> Security Class Initialized
DEBUG - 2024-12-26 12:08:08 --> Global POST, GET and COOKIE data sanitized
INFO - 2024-12-26 12:08:08 --> Input Class Initialized
INFO - 2024-12-26 12:08:08 --> Language Class Initialized
INFO - 2024-12-26 12:08:08 --> Language Class Initialized
INFO - 2024-12-26 12:08:08 --> Config Class Initialized
INFO - 2024-12-26 12:08:08 --> Loader Class Initialized
INFO - 2024-12-26 12:08:08 --> Helper loaded: url_helper
INFO - 2024-12-26 12:08:08 --> Helper loaded: easyui_helper
INFO - 2024-12-26 12:08:08 --> Helper loaded: param_helper
INFO - 2024-12-26 12:08:08 --> Helper loaded: credential_helper
INFO - 2024-12-26 12:08:08 --> Helper loaded: template_helper
INFO - 2024-12-26 12:08:08 --> Helper loaded: rest_helper
INFO - 2024-12-26 12:08:08 --> Database Driver Class Initialized
DEBUG - 2024-12-26 12:08:08 --> Idgenerator class already loaded. Second attempt ignored.
INFO - 2024-12-26 12:08:08 --> Controller Class Initialized
INFO - 2024-12-26 12:08:08 --> Model Class Initialized
DEBUG - 2024-12-26 12:08:08 --> File loaded: /apps/web-drc/application/modules/ref_customer_class/models/Customer_class_model.php
INFO - 2024-12-26 12:08:08 --> Model Class Initialized
INFO - 2024-12-26 12:08:08 --> Final output sent to browser
DEBUG - 2024-12-26 12:08:08 --> Total execution time: 0.0051
INFO - 2024-12-26 12:08:47 --> Config Class Initialized
INFO - 2024-12-26 12:08:47 --> Hooks Class Initialized
DEBUG - 2024-12-26 12:08:47 --> UTF-8 Support Enabled
INFO - 2024-12-26 12:08:47 --> Utf8 Class Initialized
INFO - 2024-12-26 12:08:47 --> URI Class Initialized
INFO - 2024-12-26 12:08:47 --> Router Class Initialized
INFO - 2024-12-26 12:08:47 --> Output Class Initialized
INFO - 2024-12-26 12:08:47 --> Security Class Initialized
DEBUG - 2024-12-26 12:08:47 --> Global POST, GET and COOKIE data sanitized
INFO - 2024-12-26 12:08:47 --> Input Class Initialized
INFO - 2024-12-26 12:08:47 --> Language Class Initialized
INFO - 2024-12-26 12:08:47 --> Language Class Initialized
INFO - 2024-12-26 12:08:47 --> Config Class Initialized
INFO - 2024-12-26 12:08:47 --> Loader Class Initialized
INFO - 2024-12-26 12:08:47 --> Helper loaded: url_helper
INFO - 2024-12-26 12:08:47 --> Helper loaded: easyui_helper
INFO - 2024-12-26 12:08:47 --> Helper loaded: param_helper
INFO - 2024-12-26 12:08:47 --> Helper loaded: credential_helper
INFO - 2024-12-26 12:08:47 --> Helper loaded: template_helper
INFO - 2024-12-26 12:08:47 --> Helper loaded: rest_helper
INFO - 2024-12-26 12:08:47 --> Database Driver Class Initialized
DEBUG - 2024-12-26 12:08:47 --> Idgenerator class already loaded. Second attempt ignored.
INFO - 2024-12-26 12:08:47 --> Controller Class Initialized
INFO - 2024-12-26 12:08:47 --> Model Class Initialized
DEBUG - 2024-12-26 12:08:47 --> File loaded: /apps/web-drc/application/modules/promo_product_sales/models/Promo_product_model.php
INFO - 2024-12-26 12:08:47 --> Model Class Initialized
DEBUG - 2024-12-26 12:08:47 --> File loaded: /apps/web-drc/application/modules/promo_product_sales/views/form.php
DEBUG - 2024-12-26 12:08:47 --> File loaded: /apps/web-drc/application/views/templates/header.php
DEBUG - 2024-12-26 12:08:47 --> File loaded: /apps/web-drc/application/views/templates/toolbar.php
DEBUG - 2024-12-26 12:08:47 --> File loaded: /apps/web-drc/application/views/templates/sidebar.php
DEBUG - 2024-12-26 12:08:47 --> File loaded: /apps/web-drc/application/views/templates/contents.php
DEBUG - 2024-12-26 12:08:47 --> File loaded: /apps/web-drc/application/views/templates/content_footer.php
DEBUG - 2024-12-26 12:08:47 --> File loaded: /apps/web-drc/application/views/templates/footer.php
DEBUG - 2024-12-26 12:08:47 --> File loaded: /apps/web-drc/application/views/templates/default.php
INFO - 2024-12-26 12:08:47 --> Final output sent to browser
DEBUG - 2024-12-26 12:08:47 --> Total execution time: 0.0184
INFO - 2024-12-26 12:08:47 --> Config Class Initialized
INFO - 2024-12-26 12:08:47 --> Hooks Class Initialized
DEBUG - 2024-12-26 12:08:47 --> UTF-8 Support Enabled
INFO - 2024-12-26 12:08:47 --> Utf8 Class Initialized
INFO - 2024-12-26 12:08:47 --> URI Class Initialized
INFO - 2024-12-26 12:08:47 --> Router Class Initialized
INFO - 2024-12-26 12:08:47 --> Output Class Initialized
INFO - 2024-12-26 12:08:47 --> Security Class Initialized
DEBUG - 2024-12-26 12:08:47 --> Global POST, GET and COOKIE data sanitized
INFO - 2024-12-26 12:08:47 --> Input Class Initialized
INFO - 2024-12-26 12:08:47 --> Language Class Initialized
ERROR - 2024-12-26 12:08:47 --> 404 Page Not Found: /index
INFO - 2024-12-26 12:08:47 --> Config Class Initialized
INFO - 2024-12-26 12:08:47 --> Hooks Class Initialized
DEBUG - 2024-12-26 12:08:47 --> UTF-8 Support Enabled
INFO - 2024-12-26 12:08:47 --> Utf8 Class Initialized
INFO - 2024-12-26 12:08:47 --> URI Class Initialized
INFO - 2024-12-26 12:08:47 --> Router Class Initialized
INFO - 2024-12-26 12:08:47 --> Output Class Initialized
INFO - 2024-12-26 12:08:47 --> Security Class Initialized
DEBUG - 2024-12-26 12:08:47 --> Global POST, GET and COOKIE data sanitized
INFO - 2024-12-26 12:08:47 --> Input Class Initialized
INFO - 2024-12-26 12:08:47 --> Language Class Initialized
INFO - 2024-12-26 12:08:47 --> Language Class Initialized
INFO - 2024-12-26 12:08:47 --> Config Class Initialized
INFO - 2024-12-26 12:08:47 --> Loader Class Initialized
INFO - 2024-12-26 12:08:47 --> Helper loaded: url_helper
INFO - 2024-12-26 12:08:47 --> Helper loaded: easyui_helper
INFO - 2024-12-26 12:08:47 --> Helper loaded: param_helper
INFO - 2024-12-26 12:08:47 --> Helper loaded: credential_helper
INFO - 2024-12-26 12:08:47 --> Helper loaded: template_helper
INFO - 2024-12-26 12:08:47 --> Helper loaded: rest_helper
INFO - 2024-12-26 12:08:47 --> Database Driver Class Initialized
DEBUG - 2024-12-26 12:08:47 --> Idgenerator class already loaded. Second attempt ignored.
INFO - 2024-12-26 12:08:47 --> Controller Class Initialized
INFO - 2024-12-26 12:08:47 --> Model Class Initialized
DEBUG - 2024-12-26 12:08:47 --> File loaded: /apps/web-drc/application/modules/api_v1/models/Api_v1_model.php
INFO - 2024-12-26 12:08:47 --> Model Class Initialized
INFO - 2024-12-26 12:08:47 --> Final output sent to browser
DEBUG - 2024-12-26 12:08:47 --> Total execution time: 0.0046
INFO - 2024-12-26 12:08:47 --> Config Class Initialized
INFO - 2024-12-26 12:08:47 --> Hooks Class Initialized
DEBUG - 2024-12-26 12:08:47 --> UTF-8 Support Enabled
INFO - 2024-12-26 12:08:47 --> Utf8 Class Initialized
INFO - 2024-12-26 12:08:47 --> URI Class Initialized
INFO - 2024-12-26 12:08:47 --> Router Class Initialized
INFO - 2024-12-26 12:08:47 --> Output Class Initialized
INFO - 2024-12-26 12:08:47 --> Security Class Initialized
DEBUG - 2024-12-26 12:08:47 --> Global POST, GET and COOKIE data sanitized
INFO - 2024-12-26 12:08:47 --> Input Class Initialized
INFO - 2024-12-26 12:08:47 --> Language Class Initialized
INFO - 2024-12-26 12:08:47 --> Language Class Initialized
INFO - 2024-12-26 12:08:47 --> Config Class Initialized
INFO - 2024-12-26 12:08:47 --> Loader Class Initialized
INFO - 2024-12-26 12:08:47 --> Helper loaded: url_helper
INFO - 2024-12-26 12:08:47 --> Helper loaded: easyui_helper
INFO - 2024-12-26 12:08:47 --> Helper loaded: param_helper
INFO - 2024-12-26 12:08:47 --> Helper loaded: credential_helper
INFO - 2024-12-26 12:08:47 --> Helper loaded: template_helper
INFO - 2024-12-26 12:08:47 --> Helper loaded: rest_helper
INFO - 2024-12-26 12:08:47 --> Database Driver Class Initialized
DEBUG - 2024-12-26 12:08:47 --> Idgenerator class already loaded. Second attempt ignored.
INFO - 2024-12-26 12:08:47 --> Controller Class Initialized
INFO - 2024-12-26 12:08:47 --> Model Class Initialized
DEBUG - 2024-12-26 12:08:47 --> File loaded: /apps/web-drc/application/modules/api_v1/models/Api_v1_model.php
INFO - 2024-12-26 12:08:47 --> Model Class Initialized
INFO - 2024-12-26 12:08:47 --> Final output sent to browser
DEBUG - 2024-12-26 12:08:47 --> Total execution time: 0.0042
INFO - 2024-12-26 12:08:47 --> Config Class Initialized
INFO - 2024-12-26 12:08:47 --> Hooks Class Initialized
DEBUG - 2024-12-26 12:08:47 --> UTF-8 Support Enabled
INFO - 2024-12-26 12:08:47 --> Utf8 Class Initialized
INFO - 2024-12-26 12:08:47 --> URI Class Initialized
INFO - 2024-12-26 12:08:47 --> Router Class Initialized
INFO - 2024-12-26 12:08:47 --> Output Class Initialized
INFO - 2024-12-26 12:08:47 --> Security Class Initialized
DEBUG - 2024-12-26 12:08:47 --> Global POST, GET and COOKIE data sanitized
INFO - 2024-12-26 12:08:47 --> Input Class Initialized
INFO - 2024-12-26 12:08:47 --> Language Class Initialized
INFO - 2024-12-26 12:08:47 --> Language Class Initialized
INFO - 2024-12-26 12:08:47 --> Config Class Initialized
INFO - 2024-12-26 12:08:47 --> Loader Class Initialized
INFO - 2024-12-26 12:08:47 --> Helper loaded: url_helper
INFO - 2024-12-26 12:08:47 --> Helper loaded: easyui_helper
INFO - 2024-12-26 12:08:47 --> Helper loaded: param_helper
INFO - 2024-12-26 12:08:47 --> Helper loaded: credential_helper
INFO - 2024-12-26 12:08:47 --> Helper loaded: template_helper
INFO - 2024-12-26 12:08:47 --> Helper loaded: rest_helper
INFO - 2024-12-26 12:08:47 --> Database Driver Class Initialized
DEBUG - 2024-12-26 12:08:47 --> Idgenerator class already loaded. Second attempt ignored.
INFO - 2024-12-26 12:08:47 --> Controller Class Initialized
INFO - 2024-12-26 12:08:47 --> Model Class Initialized
DEBUG - 2024-12-26 12:08:47 --> File loaded: /apps/web-drc/application/modules/ref_customer_class/models/Customer_class_model.php
INFO - 2024-12-26 12:08:47 --> Model Class Initialized
INFO - 2024-12-26 12:08:47 --> Final output sent to browser
DEBUG - 2024-12-26 12:08:47 --> Total execution time: 0.0035
INFO - 2024-12-26 12:08:50 --> Config Class Initialized
INFO - 2024-12-26 12:08:50 --> Hooks Class Initialized
DEBUG - 2024-12-26 12:08:50 --> UTF-8 Support Enabled
INFO - 2024-12-26 12:08:50 --> Utf8 Class Initialized
INFO - 2024-12-26 12:08:50 --> URI Class Initialized
INFO - 2024-12-26 12:08:50 --> Router Class Initialized
INFO - 2024-12-26 12:08:50 --> Output Class Initialized
INFO - 2024-12-26 12:08:50 --> Security Class Initialized
DEBUG - 2024-12-26 12:08:50 --> Global POST, GET and COOKIE data sanitized
INFO - 2024-12-26 12:08:50 --> Input Class Initialized
INFO - 2024-12-26 12:08:50 --> Language Class Initialized
INFO - 2024-12-26 12:08:50 --> Language Class Initialized
INFO - 2024-12-26 12:08:50 --> Config Class Initialized
INFO - 2024-12-26 12:08:50 --> Loader Class Initialized
INFO - 2024-12-26 12:08:50 --> Helper loaded: url_helper
INFO - 2024-12-26 12:08:50 --> Helper loaded: easyui_helper
INFO - 2024-12-26 12:08:50 --> Helper loaded: param_helper
INFO - 2024-12-26 12:08:50 --> Helper loaded: credential_helper
INFO - 2024-12-26 12:08:50 --> Helper loaded: template_helper
INFO - 2024-12-26 12:08:50 --> Helper loaded: rest_helper
INFO - 2024-12-26 12:08:50 --> Database Driver Class Initialized
DEBUG - 2024-12-26 12:08:50 --> Idgenerator class already loaded. Second attempt ignored.
INFO - 2024-12-26 12:08:50 --> Controller Class Initialized
INFO - 2024-12-26 12:08:50 --> Model Class Initialized
DEBUG - 2024-12-26 12:08:50 --> File loaded: /apps/web-drc/application/modules/mapping_promo_active/models/Promo_active_model.php
INFO - 2024-12-26 12:08:50 --> Model Class Initialized
DEBUG - 2024-12-26 12:08:50 --> File loaded: /apps/web-drc/application/modules/mapping_promo_active/views/content.php
DEBUG - 2024-12-26 12:08:50 --> File loaded: /apps/web-drc/application/views/templates/header.php
DEBUG - 2024-12-26 12:08:50 --> File loaded: /apps/web-drc/application/views/templates/toolbar.php
DEBUG - 2024-12-26 12:08:50 --> File loaded: /apps/web-drc/application/views/templates/sidebar.php
DEBUG - 2024-12-26 12:08:50 --> File loaded: /apps/web-drc/application/views/templates/contents.php
DEBUG - 2024-12-26 12:08:50 --> File loaded: /apps/web-drc/application/views/templates/content_footer.php
DEBUG - 2024-12-26 12:08:50 --> File loaded: /apps/web-drc/application/views/templates/footer.php
DEBUG - 2024-12-26 12:08:50 --> File loaded: /apps/web-drc/application/views/templates/default.php
INFO - 2024-12-26 12:08:50 --> Final output sent to browser
DEBUG - 2024-12-26 12:08:50 --> Total execution time: 0.0170
INFO - 2024-12-26 12:08:50 --> Config Class Initialized
INFO - 2024-12-26 12:08:50 --> Hooks Class Initialized
DEBUG - 2024-12-26 12:08:50 --> UTF-8 Support Enabled
INFO - 2024-12-26 12:08:50 --> Utf8 Class Initialized
INFO - 2024-12-26 12:08:50 --> URI Class Initialized
INFO - 2024-12-26 12:08:50 --> Router Class Initialized
INFO - 2024-12-26 12:08:50 --> Output Class Initialized
INFO - 2024-12-26 12:08:50 --> Security Class Initialized
DEBUG - 2024-12-26 12:08:50 --> Global POST, GET and COOKIE data sanitized
INFO - 2024-12-26 12:08:50 --> Input Class Initialized
INFO - 2024-12-26 12:08:50 --> Language Class Initialized
ERROR - 2024-12-26 12:08:50 --> 404 Page Not Found: /index
INFO - 2024-12-26 12:08:50 --> Config Class Initialized
INFO - 2024-12-26 12:08:50 --> Hooks Class Initialized
DEBUG - 2024-12-26 12:08:50 --> UTF-8 Support Enabled
INFO - 2024-12-26 12:08:50 --> Utf8 Class Initialized
INFO - 2024-12-26 12:08:50 --> URI Class Initialized
INFO - 2024-12-26 12:08:50 --> Router Class Initialized
INFO - 2024-12-26 12:08:50 --> Output Class Initialized
INFO - 2024-12-26 12:08:50 --> Security Class Initialized
DEBUG - 2024-12-26 12:08:50 --> Global POST, GET and COOKIE data sanitized
INFO - 2024-12-26 12:08:50 --> Input Class Initialized
INFO - 2024-12-26 12:08:50 --> Language Class Initialized
INFO - 2024-12-26 12:08:50 --> Language Class Initialized
INFO - 2024-12-26 12:08:50 --> Config Class Initialized
INFO - 2024-12-26 12:08:50 --> Loader Class Initialized
INFO - 2024-12-26 12:08:50 --> Helper loaded: url_helper
INFO - 2024-12-26 12:08:50 --> Helper loaded: easyui_helper
INFO - 2024-12-26 12:08:50 --> Helper loaded: param_helper
INFO - 2024-12-26 12:08:50 --> Helper loaded: credential_helper
INFO - 2024-12-26 12:08:50 --> Helper loaded: template_helper
INFO - 2024-12-26 12:08:50 --> Helper loaded: rest_helper
INFO - 2024-12-26 12:08:50 --> Database Driver Class Initialized
DEBUG - 2024-12-26 12:08:50 --> Idgenerator class already loaded. Second attempt ignored.
INFO - 2024-12-26 12:08:50 --> Controller Class Initialized
INFO - 2024-12-26 12:08:50 --> Model Class Initialized
DEBUG - 2024-12-26 12:08:50 --> File loaded: /apps/web-drc/application/modules/mapping_promo_active/models/Promo_active_model.php
INFO - 2024-12-26 12:08:50 --> Model Class Initialized
INFO - 2024-12-26 12:08:50 --> Final output sent to browser
DEBUG - 2024-12-26 12:08:50 --> Total execution time: 0.0075
INFO - 2024-12-26 12:08:54 --> Config Class Initialized
INFO - 2024-12-26 12:08:54 --> Hooks Class Initialized
DEBUG - 2024-12-26 12:08:54 --> UTF-8 Support Enabled
INFO - 2024-12-26 12:08:54 --> Utf8 Class Initialized
INFO - 2024-12-26 12:08:54 --> URI Class Initialized
INFO - 2024-12-26 12:08:54 --> Router Class Initialized
INFO - 2024-12-26 12:08:54 --> Output Class Initialized
INFO - 2024-12-26 12:08:54 --> Security Class Initialized
DEBUG - 2024-12-26 12:08:54 --> Global POST, GET and COOKIE data sanitized
INFO - 2024-12-26 12:08:54 --> Input Class Initialized
INFO - 2024-12-26 12:08:54 --> Language Class Initialized
INFO - 2024-12-26 12:08:54 --> Language Class Initialized
INFO - 2024-12-26 12:08:54 --> Config Class Initialized
INFO - 2024-12-26 12:08:54 --> Loader Class Initialized
INFO - 2024-12-26 12:08:54 --> Helper loaded: url_helper
INFO - 2024-12-26 12:08:54 --> Helper loaded: easyui_helper
INFO - 2024-12-26 12:08:54 --> Helper loaded: param_helper
INFO - 2024-12-26 12:08:54 --> Helper loaded: credential_helper
INFO - 2024-12-26 12:08:54 --> Helper loaded: template_helper
INFO - 2024-12-26 12:08:54 --> Helper loaded: rest_helper
INFO - 2024-12-26 12:08:54 --> Database Driver Class Initialized
DEBUG - 2024-12-26 12:08:54 --> Idgenerator class already loaded. Second attempt ignored.
INFO - 2024-12-26 12:08:54 --> Controller Class Initialized
INFO - 2024-12-26 12:08:54 --> Model Class Initialized
DEBUG - 2024-12-26 12:08:54 --> File loaded: /apps/web-drc/application/modules/mapping_promo_active/models/Promo_active_model.php
INFO - 2024-12-26 12:08:54 --> Model Class Initialized
DEBUG - 2024-12-26 12:08:54 --> File loaded: /apps/web-drc/application/modules/mapping_promo_active/views/content.php
DEBUG - 2024-12-26 12:08:54 --> File loaded: /apps/web-drc/application/views/templates/header.php
DEBUG - 2024-12-26 12:08:54 --> File loaded: /apps/web-drc/application/views/templates/toolbar.php
DEBUG - 2024-12-26 12:08:54 --> File loaded: /apps/web-drc/application/views/templates/sidebar.php
DEBUG - 2024-12-26 12:08:54 --> File loaded: /apps/web-drc/application/views/templates/contents.php
DEBUG - 2024-12-26 12:08:54 --> File loaded: /apps/web-drc/application/views/templates/content_footer.php
DEBUG - 2024-12-26 12:08:54 --> File loaded: /apps/web-drc/application/views/templates/footer.php
DEBUG - 2024-12-26 12:08:54 --> File loaded: /apps/web-drc/application/views/templates/default.php
INFO - 2024-12-26 12:08:54 --> Final output sent to browser
DEBUG - 2024-12-26 12:08:54 --> Total execution time: 0.0182
INFO - 2024-12-26 12:08:56 --> Config Class Initialized
INFO - 2024-12-26 12:08:56 --> Hooks Class Initialized
DEBUG - 2024-12-26 12:08:56 --> UTF-8 Support Enabled
INFO - 2024-12-26 12:08:56 --> Utf8 Class Initialized
INFO - 2024-12-26 12:08:56 --> URI Class Initialized
INFO - 2024-12-26 12:08:56 --> Router Class Initialized
INFO - 2024-12-26 12:08:56 --> Output Class Initialized
INFO - 2024-12-26 12:08:56 --> Security Class Initialized
DEBUG - 2024-12-26 12:08:56 --> Global POST, GET and COOKIE data sanitized
INFO - 2024-12-26 12:08:56 --> Input Class Initialized
INFO - 2024-12-26 12:08:56 --> Language Class Initialized
ERROR - 2024-12-26 12:08:56 --> 404 Page Not Found: /index
INFO - 2024-12-26 12:08:56 --> Config Class Initialized
INFO - 2024-12-26 12:08:56 --> Hooks Class Initialized
DEBUG - 2024-12-26 12:08:56 --> UTF-8 Support Enabled
INFO - 2024-12-26 12:08:56 --> Utf8 Class Initialized
INFO - 2024-12-26 12:08:56 --> URI Class Initialized
INFO - 2024-12-26 12:08:56 --> Router Class Initialized
INFO - 2024-12-26 12:08:56 --> Output Class Initialized
INFO - 2024-12-26 12:08:56 --> Security Class Initialized
DEBUG - 2024-12-26 12:08:56 --> Global POST, GET and COOKIE data sanitized
INFO - 2024-12-26 12:08:56 --> Input Class Initialized
INFO - 2024-12-26 12:08:56 --> Language Class Initialized
INFO - 2024-12-26 12:08:56 --> Language Class Initialized
INFO - 2024-12-26 12:08:56 --> Config Class Initialized
INFO - 2024-12-26 12:08:56 --> Loader Class Initialized
INFO - 2024-12-26 12:08:56 --> Helper loaded: url_helper
INFO - 2024-12-26 12:08:56 --> Helper loaded: easyui_helper
INFO - 2024-12-26 12:08:56 --> Helper loaded: param_helper
INFO - 2024-12-26 12:08:56 --> Helper loaded: credential_helper
INFO - 2024-12-26 12:08:56 --> Helper loaded: template_helper
INFO - 2024-12-26 12:08:56 --> Helper loaded: rest_helper
INFO - 2024-12-26 12:08:56 --> Database Driver Class Initialized
DEBUG - 2024-12-26 12:08:56 --> Idgenerator class already loaded. Second attempt ignored.
INFO - 2024-12-26 12:08:56 --> Controller Class Initialized
INFO - 2024-12-26 12:08:56 --> Model Class Initialized
DEBUG - 2024-12-26 12:08:56 --> File loaded: /apps/web-drc/application/modules/mapping_promo_active/models/Promo_active_model.php
INFO - 2024-12-26 12:08:56 --> Model Class Initialized
INFO - 2024-12-26 12:08:56 --> Final output sent to browser
DEBUG - 2024-12-26 12:08:56 --> Total execution time: 0.0105
INFO - 2024-12-26 12:08:56 --> Config Class Initialized
INFO - 2024-12-26 12:08:56 --> Hooks Class Initialized
DEBUG - 2024-12-26 12:08:56 --> UTF-8 Support Enabled
INFO - 2024-12-26 12:08:56 --> Utf8 Class Initialized
INFO - 2024-12-26 12:08:56 --> URI Class Initialized
INFO - 2024-12-26 12:08:56 --> Router Class Initialized
INFO - 2024-12-26 12:08:56 --> Output Class Initialized
INFO - 2024-12-26 12:08:56 --> Security Class Initialized
DEBUG - 2024-12-26 12:08:56 --> Global POST, GET and COOKIE data sanitized
INFO - 2024-12-26 12:08:56 --> Input Class Initialized
INFO - 2024-12-26 12:08:56 --> Language Class Initialized
ERROR - 2024-12-26 12:08:56 --> 404 Page Not Found: /index
INFO - 2024-12-26 12:10:54 --> Config Class Initialized
INFO - 2024-12-26 12:10:54 --> Hooks Class Initialized
DEBUG - 2024-12-26 12:10:54 --> UTF-8 Support Enabled
INFO - 2024-12-26 12:10:54 --> Utf8 Class Initialized
INFO - 2024-12-26 12:10:54 --> URI Class Initialized
INFO - 2024-12-26 12:10:54 --> Router Class Initialized
INFO - 2024-12-26 12:10:54 --> Output Class Initialized
INFO - 2024-12-26 12:10:54 --> Security Class Initialized
DEBUG - 2024-12-26 12:10:54 --> Global POST, GET and COOKIE data sanitized
INFO - 2024-12-26 12:10:54 --> Input Class Initialized
INFO - 2024-12-26 12:10:54 --> Language Class Initialized
INFO - 2024-12-26 12:10:54 --> Language Class Initialized
INFO - 2024-12-26 12:10:54 --> Config Class Initialized
INFO - 2024-12-26 12:10:54 --> Loader Class Initialized
INFO - 2024-12-26 12:10:54 --> Helper loaded: url_helper
INFO - 2024-12-26 12:10:54 --> Helper loaded: easyui_helper
INFO - 2024-12-26 12:10:54 --> Helper loaded: param_helper
INFO - 2024-12-26 12:10:54 --> Helper loaded: credential_helper
INFO - 2024-12-26 12:10:54 --> Helper loaded: template_helper
INFO - 2024-12-26 12:10:54 --> Helper loaded: rest_helper
INFO - 2024-12-26 12:10:54 --> Database Driver Class Initialized
DEBUG - 2024-12-26 12:10:54 --> Idgenerator class already loaded. Second attempt ignored.
INFO - 2024-12-26 12:10:54 --> Controller Class Initialized
INFO - 2024-12-26 12:10:54 --> Model Class Initialized
DEBUG - 2024-12-26 12:10:54 --> File loaded: /apps/web-drc/application/modules/promo_product_sales/models/Promo_product_model.php
INFO - 2024-12-26 12:10:54 --> Model Class Initialized
DEBUG - 2024-12-26 12:10:54 --> File loaded: /apps/web-drc/application/modules/promo_product_sales/views/content.php
DEBUG - 2024-12-26 12:10:54 --> File loaded: /apps/web-drc/application/views/templates/header.php
DEBUG - 2024-12-26 12:10:54 --> File loaded: /apps/web-drc/application/views/templates/toolbar.php
DEBUG - 2024-12-26 12:10:54 --> File loaded: /apps/web-drc/application/views/templates/sidebar.php
DEBUG - 2024-12-26 12:10:54 --> File loaded: /apps/web-drc/application/views/templates/contents.php
DEBUG - 2024-12-26 12:10:54 --> File loaded: /apps/web-drc/application/views/templates/content_footer.php
DEBUG - 2024-12-26 12:10:54 --> File loaded: /apps/web-drc/application/views/templates/footer.php
DEBUG - 2024-12-26 12:10:54 --> File loaded: /apps/web-drc/application/views/templates/default.php
INFO - 2024-12-26 12:10:54 --> Final output sent to browser
DEBUG - 2024-12-26 12:10:54 --> Total execution time: 0.0198
INFO - 2024-12-26 12:10:54 --> Config Class Initialized
INFO - 2024-12-26 12:10:54 --> Hooks Class Initialized
DEBUG - 2024-12-26 12:10:54 --> UTF-8 Support Enabled
INFO - 2024-12-26 12:10:54 --> Utf8 Class Initialized
INFO - 2024-12-26 12:10:54 --> URI Class Initialized
INFO - 2024-12-26 12:10:54 --> Router Class Initialized
INFO - 2024-12-26 12:10:54 --> Output Class Initialized
INFO - 2024-12-26 12:10:54 --> Security Class Initialized
DEBUG - 2024-12-26 12:10:54 --> Global POST, GET and COOKIE data sanitized
INFO - 2024-12-26 12:10:54 --> Input Class Initialized
INFO - 2024-12-26 12:10:54 --> Language Class Initialized
ERROR - 2024-12-26 12:10:54 --> 404 Page Not Found: /index
INFO - 2024-12-26 12:10:54 --> Config Class Initialized
INFO - 2024-12-26 12:10:54 --> Hooks Class Initialized
DEBUG - 2024-12-26 12:10:54 --> UTF-8 Support Enabled
INFO - 2024-12-26 12:10:54 --> Utf8 Class Initialized
INFO - 2024-12-26 12:10:54 --> URI Class Initialized
INFO - 2024-12-26 12:10:54 --> Router Class Initialized
INFO - 2024-12-26 12:10:54 --> Output Class Initialized
INFO - 2024-12-26 12:10:54 --> Security Class Initialized
DEBUG - 2024-12-26 12:10:54 --> Global POST, GET and COOKIE data sanitized
INFO - 2024-12-26 12:10:54 --> Input Class Initialized
INFO - 2024-12-26 12:10:54 --> Language Class Initialized
INFO - 2024-12-26 12:10:54 --> Language Class Initialized
INFO - 2024-12-26 12:10:54 --> Config Class Initialized
INFO - 2024-12-26 12:10:54 --> Loader Class Initialized
INFO - 2024-12-26 12:10:54 --> Helper loaded: url_helper
INFO - 2024-12-26 12:10:54 --> Helper loaded: easyui_helper
INFO - 2024-12-26 12:10:54 --> Helper loaded: param_helper
INFO - 2024-12-26 12:10:54 --> Helper loaded: credential_helper
INFO - 2024-12-26 12:10:54 --> Helper loaded: template_helper
INFO - 2024-12-26 12:10:54 --> Helper loaded: rest_helper
INFO - 2024-12-26 12:10:54 --> Database Driver Class Initialized
DEBUG - 2024-12-26 12:10:54 --> Idgenerator class already loaded. Second attempt ignored.
INFO - 2024-12-26 12:10:54 --> Controller Class Initialized
INFO - 2024-12-26 12:10:54 --> Model Class Initialized
DEBUG - 2024-12-26 12:10:54 --> File loaded: /apps/web-drc/application/modules/promo_product_sales/models/Promo_product_model.php
INFO - 2024-12-26 12:10:54 --> Model Class Initialized
INFO - 2024-12-26 12:10:54 --> Final output sent to browser
DEBUG - 2024-12-26 12:10:54 --> Total execution time: 0.0041
INFO - 2024-12-26 12:11:14 --> Config Class Initialized
INFO - 2024-12-26 12:11:14 --> Hooks Class Initialized
DEBUG - 2024-12-26 12:11:14 --> UTF-8 Support Enabled
INFO - 2024-12-26 12:11:14 --> Utf8 Class Initialized
INFO - 2024-12-26 12:11:14 --> URI Class Initialized
INFO - 2024-12-26 12:11:14 --> Router Class Initialized
INFO - 2024-12-26 12:11:14 --> Output Class Initialized
INFO - 2024-12-26 12:11:14 --> Security Class Initialized
DEBUG - 2024-12-26 12:11:14 --> Global POST, GET and COOKIE data sanitized
INFO - 2024-12-26 12:11:14 --> Input Class Initialized
INFO - 2024-12-26 12:11:14 --> Language Class Initialized
INFO - 2024-12-26 12:11:14 --> Language Class Initialized
INFO - 2024-12-26 12:11:14 --> Config Class Initialized
INFO - 2024-12-26 12:11:14 --> Loader Class Initialized
INFO - 2024-12-26 12:11:14 --> Helper loaded: url_helper
INFO - 2024-12-26 12:11:14 --> Helper loaded: easyui_helper
INFO - 2024-12-26 12:11:14 --> Helper loaded: param_helper
INFO - 2024-12-26 12:11:14 --> Helper loaded: credential_helper
INFO - 2024-12-26 12:11:14 --> Helper loaded: template_helper
INFO - 2024-12-26 12:11:14 --> Helper loaded: rest_helper
INFO - 2024-12-26 12:11:14 --> Database Driver Class Initialized
DEBUG - 2024-12-26 12:11:14 --> Idgenerator class already loaded. Second attempt ignored.
INFO - 2024-12-26 12:11:14 --> Controller Class Initialized
INFO - 2024-12-26 12:11:14 --> Model Class Initialized
DEBUG - 2024-12-26 12:11:14 --> File loaded: /apps/web-drc/application/modules/promo_product_sales/models/Promo_product_model.php
INFO - 2024-12-26 12:11:14 --> Model Class Initialized
DEBUG - 2024-12-26 12:11:14 --> File loaded: /apps/web-drc/application/modules/promo_product_sales/views/content.php
DEBUG - 2024-12-26 12:11:14 --> File loaded: /apps/web-drc/application/views/templates/header.php
DEBUG - 2024-12-26 12:11:14 --> File loaded: /apps/web-drc/application/views/templates/toolbar.php
DEBUG - 2024-12-26 12:11:14 --> File loaded: /apps/web-drc/application/views/templates/sidebar.php
DEBUG - 2024-12-26 12:11:14 --> File loaded: /apps/web-drc/application/views/templates/contents.php
DEBUG - 2024-12-26 12:11:14 --> File loaded: /apps/web-drc/application/views/templates/content_footer.php
DEBUG - 2024-12-26 12:11:14 --> File loaded: /apps/web-drc/application/views/templates/footer.php
DEBUG - 2024-12-26 12:11:14 --> File loaded: /apps/web-drc/application/views/templates/default.php
INFO - 2024-12-26 12:11:14 --> Final output sent to browser
DEBUG - 2024-12-26 12:11:14 --> Total execution time: 0.0171
INFO - 2024-12-26 12:11:16 --> Config Class Initialized
INFO - 2024-12-26 12:11:16 --> Hooks Class Initialized
DEBUG - 2024-12-26 12:11:16 --> UTF-8 Support Enabled
INFO - 2024-12-26 12:11:16 --> Utf8 Class Initialized
INFO - 2024-12-26 12:11:16 --> URI Class Initialized
INFO - 2024-12-26 12:11:16 --> Router Class Initialized
INFO - 2024-12-26 12:11:16 --> Output Class Initialized
INFO - 2024-12-26 12:11:16 --> Security Class Initialized
DEBUG - 2024-12-26 12:11:16 --> Global POST, GET and COOKIE data sanitized
INFO - 2024-12-26 12:11:16 --> Input Class Initialized
INFO - 2024-12-26 12:11:16 --> Language Class Initialized
ERROR - 2024-12-26 12:11:16 --> 404 Page Not Found: /index
INFO - 2024-12-26 12:11:16 --> Config Class Initialized
INFO - 2024-12-26 12:11:16 --> Hooks Class Initialized
DEBUG - 2024-12-26 12:11:16 --> UTF-8 Support Enabled
INFO - 2024-12-26 12:11:16 --> Utf8 Class Initialized
INFO - 2024-12-26 12:11:16 --> URI Class Initialized
INFO - 2024-12-26 12:11:16 --> Router Class Initialized
INFO - 2024-12-26 12:11:16 --> Output Class Initialized
INFO - 2024-12-26 12:11:16 --> Security Class Initialized
DEBUG - 2024-12-26 12:11:16 --> Global POST, GET and COOKIE data sanitized
INFO - 2024-12-26 12:11:16 --> Input Class Initialized
INFO - 2024-12-26 12:11:16 --> Language Class Initialized
INFO - 2024-12-26 12:11:16 --> Language Class Initialized
INFO - 2024-12-26 12:11:16 --> Config Class Initialized
INFO - 2024-12-26 12:11:16 --> Loader Class Initialized
INFO - 2024-12-26 12:11:16 --> Helper loaded: url_helper
INFO - 2024-12-26 12:11:16 --> Helper loaded: easyui_helper
INFO - 2024-12-26 12:11:16 --> Helper loaded: param_helper
INFO - 2024-12-26 12:11:16 --> Helper loaded: credential_helper
INFO - 2024-12-26 12:11:16 --> Helper loaded: template_helper
INFO - 2024-12-26 12:11:16 --> Helper loaded: rest_helper
INFO - 2024-12-26 12:11:16 --> Database Driver Class Initialized
DEBUG - 2024-12-26 12:11:16 --> Idgenerator class already loaded. Second attempt ignored.
INFO - 2024-12-26 12:11:16 --> Controller Class Initialized
INFO - 2024-12-26 12:11:16 --> Model Class Initialized
DEBUG - 2024-12-26 12:11:16 --> File loaded: /apps/web-drc/application/modules/promo_product_sales/models/Promo_product_model.php
INFO - 2024-12-26 12:11:16 --> Model Class Initialized
INFO - 2024-12-26 12:11:16 --> Final output sent to browser
DEBUG - 2024-12-26 12:11:16 --> Total execution time: 0.0044
INFO - 2024-12-26 12:11:16 --> Config Class Initialized
INFO - 2024-12-26 12:11:16 --> Hooks Class Initialized
DEBUG - 2024-12-26 12:11:16 --> UTF-8 Support Enabled
INFO - 2024-12-26 12:11:16 --> Utf8 Class Initialized
INFO - 2024-12-26 12:11:16 --> URI Class Initialized
INFO - 2024-12-26 12:11:16 --> Router Class Initialized
INFO - 2024-12-26 12:11:16 --> Output Class Initialized
INFO - 2024-12-26 12:11:16 --> Security Class Initialized
DEBUG - 2024-12-26 12:11:16 --> Global POST, GET and COOKIE data sanitized
INFO - 2024-12-26 12:11:16 --> Input Class Initialized
INFO - 2024-12-26 12:11:16 --> Language Class Initialized
ERROR - 2024-12-26 12:11:16 --> 404 Page Not Found: /index
INFO - 2024-12-26 12:11:18 --> Config Class Initialized
INFO - 2024-12-26 12:11:18 --> Hooks Class Initialized
DEBUG - 2024-12-26 12:11:18 --> UTF-8 Support Enabled
INFO - 2024-12-26 12:11:18 --> Utf8 Class Initialized
INFO - 2024-12-26 12:11:18 --> URI Class Initialized
INFO - 2024-12-26 12:11:18 --> Router Class Initialized
INFO - 2024-12-26 12:11:18 --> Output Class Initialized
INFO - 2024-12-26 12:11:18 --> Security Class Initialized
DEBUG - 2024-12-26 12:11:18 --> Global POST, GET and COOKIE data sanitized
INFO - 2024-12-26 12:11:18 --> Input Class Initialized
INFO - 2024-12-26 12:11:18 --> Language Class Initialized
INFO - 2024-12-26 12:11:18 --> Language Class Initialized
INFO - 2024-12-26 12:11:18 --> Config Class Initialized
INFO - 2024-12-26 12:11:18 --> Loader Class Initialized
INFO - 2024-12-26 12:11:18 --> Helper loaded: url_helper
INFO - 2024-12-26 12:11:18 --> Helper loaded: easyui_helper
INFO - 2024-12-26 12:11:18 --> Helper loaded: param_helper
INFO - 2024-12-26 12:11:18 --> Helper loaded: credential_helper
INFO - 2024-12-26 12:11:18 --> Helper loaded: template_helper
INFO - 2024-12-26 12:11:18 --> Helper loaded: rest_helper
INFO - 2024-12-26 12:11:18 --> Database Driver Class Initialized
DEBUG - 2024-12-26 12:11:18 --> Idgenerator class already loaded. Second attempt ignored.
INFO - 2024-12-26 12:11:18 --> Controller Class Initialized
INFO - 2024-12-26 12:11:18 --> Model Class Initialized
DEBUG - 2024-12-26 12:11:18 --> File loaded: /apps/web-drc/application/modules/promo_product_sales/models/Promo_product_model.php
INFO - 2024-12-26 12:11:18 --> Model Class Initialized
DEBUG - 2024-12-26 12:11:18 --> File loaded: /apps/web-drc/application/modules/promo_product_sales/views/form.php
DEBUG - 2024-12-26 12:11:18 --> File loaded: /apps/web-drc/application/views/templates/header.php
DEBUG - 2024-12-26 12:11:18 --> File loaded: /apps/web-drc/application/views/templates/toolbar.php
DEBUG - 2024-12-26 12:11:18 --> File loaded: /apps/web-drc/application/views/templates/sidebar.php
DEBUG - 2024-12-26 12:11:18 --> File loaded: /apps/web-drc/application/views/templates/contents.php
DEBUG - 2024-12-26 12:11:18 --> File loaded: /apps/web-drc/application/views/templates/content_footer.php
DEBUG - 2024-12-26 12:11:18 --> File loaded: /apps/web-drc/application/views/templates/footer.php
DEBUG - 2024-12-26 12:11:18 --> File loaded: /apps/web-drc/application/views/templates/default.php
INFO - 2024-12-26 12:11:18 --> Final output sent to browser
DEBUG - 2024-12-26 12:11:18 --> Total execution time: 0.0147
INFO - 2024-12-26 12:11:19 --> Config Class Initialized
INFO - 2024-12-26 12:11:19 --> Hooks Class Initialized
DEBUG - 2024-12-26 12:11:19 --> UTF-8 Support Enabled
INFO - 2024-12-26 12:11:19 --> Utf8 Class Initialized
INFO - 2024-12-26 12:11:19 --> URI Class Initialized
INFO - 2024-12-26 12:11:19 --> Router Class Initialized
INFO - 2024-12-26 12:11:19 --> Output Class Initialized
INFO - 2024-12-26 12:11:19 --> Security Class Initialized
DEBUG - 2024-12-26 12:11:19 --> Global POST, GET and COOKIE data sanitized
INFO - 2024-12-26 12:11:19 --> Input Class Initialized
INFO - 2024-12-26 12:11:19 --> Language Class Initialized
ERROR - 2024-12-26 12:11:19 --> 404 Page Not Found: /index
INFO - 2024-12-26 12:11:19 --> Config Class Initialized
INFO - 2024-12-26 12:11:19 --> Hooks Class Initialized
DEBUG - 2024-12-26 12:11:19 --> UTF-8 Support Enabled
INFO - 2024-12-26 12:11:19 --> Utf8 Class Initialized
INFO - 2024-12-26 12:11:19 --> URI Class Initialized
INFO - 2024-12-26 12:11:19 --> Router Class Initialized
INFO - 2024-12-26 12:11:19 --> Output Class Initialized
INFO - 2024-12-26 12:11:19 --> Security Class Initialized
DEBUG - 2024-12-26 12:11:19 --> Global POST, GET and COOKIE data sanitized
INFO - 2024-12-26 12:11:19 --> Input Class Initialized
INFO - 2024-12-26 12:11:19 --> Language Class Initialized
INFO - 2024-12-26 12:11:19 --> Language Class Initialized
INFO - 2024-12-26 12:11:19 --> Config Class Initialized
INFO - 2024-12-26 12:11:19 --> Loader Class Initialized
INFO - 2024-12-26 12:11:19 --> Helper loaded: url_helper
INFO - 2024-12-26 12:11:19 --> Helper loaded: easyui_helper
INFO - 2024-12-26 12:11:19 --> Helper loaded: param_helper
INFO - 2024-12-26 12:11:19 --> Helper loaded: credential_helper
INFO - 2024-12-26 12:11:19 --> Helper loaded: template_helper
INFO - 2024-12-26 12:11:19 --> Helper loaded: rest_helper
INFO - 2024-12-26 12:11:19 --> Database Driver Class Initialized
DEBUG - 2024-12-26 12:11:19 --> Idgenerator class already loaded. Second attempt ignored.
INFO - 2024-12-26 12:11:19 --> Controller Class Initialized
INFO - 2024-12-26 12:11:19 --> Model Class Initialized
DEBUG - 2024-12-26 12:11:19 --> File loaded: /apps/web-drc/application/modules/api_v1/models/Api_v1_model.php
INFO - 2024-12-26 12:11:19 --> Model Class Initialized
INFO - 2024-12-26 12:11:19 --> Final output sent to browser
DEBUG - 2024-12-26 12:11:19 --> Total execution time: 0.0051
INFO - 2024-12-26 12:14:07 --> Config Class Initialized
INFO - 2024-12-26 12:14:07 --> Hooks Class Initialized
DEBUG - 2024-12-26 12:14:07 --> UTF-8 Support Enabled
INFO - 2024-12-26 12:14:07 --> Utf8 Class Initialized
INFO - 2024-12-26 12:14:07 --> URI Class Initialized
INFO - 2024-12-26 12:14:07 --> Router Class Initialized
INFO - 2024-12-26 12:14:07 --> Output Class Initialized
INFO - 2024-12-26 12:14:07 --> Security Class Initialized
DEBUG - 2024-12-26 12:14:07 --> Global POST, GET and COOKIE data sanitized
INFO - 2024-12-26 12:14:07 --> Input Class Initialized
INFO - 2024-12-26 12:14:07 --> Language Class Initialized
INFO - 2024-12-26 12:14:07 --> Language Class Initialized
INFO - 2024-12-26 12:14:07 --> Config Class Initialized
INFO - 2024-12-26 12:14:07 --> Loader Class Initialized
INFO - 2024-12-26 12:14:07 --> Helper loaded: url_helper
INFO - 2024-12-26 12:14:07 --> Helper loaded: easyui_helper
INFO - 2024-12-26 12:14:07 --> Helper loaded: param_helper
INFO - 2024-12-26 12:14:07 --> Helper loaded: credential_helper
INFO - 2024-12-26 12:14:07 --> Helper loaded: template_helper
INFO - 2024-12-26 12:14:07 --> Helper loaded: rest_helper
INFO - 2024-12-26 12:14:07 --> Database Driver Class Initialized
DEBUG - 2024-12-26 12:14:07 --> Idgenerator class already loaded. Second attempt ignored.
INFO - 2024-12-26 12:14:07 --> Controller Class Initialized
INFO - 2024-12-26 12:14:07 --> Model Class Initialized
DEBUG - 2024-12-26 12:14:07 --> File loaded: /apps/web-drc/application/modules/promo_product_sales/models/Promo_product_model.php
INFO - 2024-12-26 12:14:07 --> Model Class Initialized
DEBUG - 2024-12-26 12:14:07 --> File loaded: /apps/web-drc/application/modules/promo_product_sales/views/form.php
DEBUG - 2024-12-26 12:14:07 --> File loaded: /apps/web-drc/application/views/templates/header.php
DEBUG - 2024-12-26 12:14:07 --> File loaded: /apps/web-drc/application/views/templates/toolbar.php
DEBUG - 2024-12-26 12:14:07 --> File loaded: /apps/web-drc/application/views/templates/sidebar.php
DEBUG - 2024-12-26 12:14:07 --> File loaded: /apps/web-drc/application/views/templates/contents.php
DEBUG - 2024-12-26 12:14:07 --> File loaded: /apps/web-drc/application/views/templates/content_footer.php
DEBUG - 2024-12-26 12:14:07 --> File loaded: /apps/web-drc/application/views/templates/footer.php
DEBUG - 2024-12-26 12:14:07 --> File loaded: /apps/web-drc/application/views/templates/default.php
INFO - 2024-12-26 12:14:07 --> Final output sent to browser
DEBUG - 2024-12-26 12:14:07 --> Total execution time: 0.0144
INFO - 2024-12-26 12:14:09 --> Config Class Initialized
INFO - 2024-12-26 12:14:09 --> Hooks Class Initialized
DEBUG - 2024-12-26 12:14:09 --> UTF-8 Support Enabled
INFO - 2024-12-26 12:14:09 --> Utf8 Class Initialized
INFO - 2024-12-26 12:14:09 --> URI Class Initialized
INFO - 2024-12-26 12:14:09 --> Router Class Initialized
INFO - 2024-12-26 12:14:09 --> Output Class Initialized
INFO - 2024-12-26 12:14:09 --> Security Class Initialized
DEBUG - 2024-12-26 12:14:09 --> Global POST, GET and COOKIE data sanitized
INFO - 2024-12-26 12:14:09 --> Input Class Initialized
INFO - 2024-12-26 12:14:09 --> Language Class Initialized
ERROR - 2024-12-26 12:14:09 --> 404 Page Not Found: /index
INFO - 2024-12-26 12:14:09 --> Config Class Initialized
INFO - 2024-12-26 12:14:09 --> Hooks Class Initialized
DEBUG - 2024-12-26 12:14:09 --> UTF-8 Support Enabled
INFO - 2024-12-26 12:14:09 --> Utf8 Class Initialized
INFO - 2024-12-26 12:14:09 --> URI Class Initialized
INFO - 2024-12-26 12:14:09 --> Router Class Initialized
INFO - 2024-12-26 12:14:09 --> Output Class Initialized
INFO - 2024-12-26 12:14:09 --> Security Class Initialized
DEBUG - 2024-12-26 12:14:09 --> Global POST, GET and COOKIE data sanitized
INFO - 2024-12-26 12:14:09 --> Input Class Initialized
INFO - 2024-12-26 12:14:09 --> Language Class Initialized
INFO - 2024-12-26 12:14:09 --> Language Class Initialized
INFO - 2024-12-26 12:14:09 --> Config Class Initialized
INFO - 2024-12-26 12:14:09 --> Loader Class Initialized
INFO - 2024-12-26 12:14:09 --> Helper loaded: url_helper
INFO - 2024-12-26 12:14:09 --> Helper loaded: easyui_helper
INFO - 2024-12-26 12:14:09 --> Helper loaded: param_helper
INFO - 2024-12-26 12:14:09 --> Helper loaded: credential_helper
INFO - 2024-12-26 12:14:09 --> Helper loaded: template_helper
INFO - 2024-12-26 12:14:09 --> Helper loaded: rest_helper
INFO - 2024-12-26 12:14:09 --> Database Driver Class Initialized
DEBUG - 2024-12-26 12:14:09 --> Idgenerator class already loaded. Second attempt ignored.
INFO - 2024-12-26 12:14:09 --> Controller Class Initialized
INFO - 2024-12-26 12:14:09 --> Model Class Initialized
DEBUG - 2024-12-26 12:14:09 --> File loaded: /apps/web-drc/application/modules/api_v1/models/Api_v1_model.php
INFO - 2024-12-26 12:14:09 --> Model Class Initialized
INFO - 2024-12-26 12:14:09 --> Final output sent to browser
DEBUG - 2024-12-26 12:14:09 --> Total execution time: 0.0055
INFO - 2024-12-26 12:14:10 --> Config Class Initialized
INFO - 2024-12-26 12:14:10 --> Hooks Class Initialized
DEBUG - 2024-12-26 12:14:10 --> UTF-8 Support Enabled
INFO - 2024-12-26 12:14:10 --> Utf8 Class Initialized
INFO - 2024-12-26 12:14:10 --> URI Class Initialized
INFO - 2024-12-26 12:14:10 --> Router Class Initialized
INFO - 2024-12-26 12:14:10 --> Output Class Initialized
INFO - 2024-12-26 12:14:10 --> Security Class Initialized
DEBUG - 2024-12-26 12:14:10 --> Global POST, GET and COOKIE data sanitized
INFO - 2024-12-26 12:14:10 --> Input Class Initialized
INFO - 2024-12-26 12:14:10 --> Language Class Initialized
ERROR - 2024-12-26 12:14:10 --> 404 Page Not Found: /index
INFO - 2024-12-26 12:15:10 --> Config Class Initialized
INFO - 2024-12-26 12:15:10 --> Hooks Class Initialized
DEBUG - 2024-12-26 12:15:10 --> UTF-8 Support Enabled
INFO - 2024-12-26 12:15:10 --> Utf8 Class Initialized
INFO - 2024-12-26 12:15:10 --> URI Class Initialized
INFO - 2024-12-26 12:15:10 --> Router Class Initialized
INFO - 2024-12-26 12:15:10 --> Output Class Initialized
INFO - 2024-12-26 12:15:10 --> Security Class Initialized
DEBUG - 2024-12-26 12:15:10 --> Global POST, GET and COOKIE data sanitized
INFO - 2024-12-26 12:15:10 --> Input Class Initialized
INFO - 2024-12-26 12:15:10 --> Language Class Initialized
INFO - 2024-12-26 12:15:10 --> Language Class Initialized
INFO - 2024-12-26 12:15:10 --> Config Class Initialized
INFO - 2024-12-26 12:15:10 --> Loader Class Initialized
INFO - 2024-12-26 12:15:10 --> Helper loaded: url_helper
INFO - 2024-12-26 12:15:10 --> Helper loaded: easyui_helper
INFO - 2024-12-26 12:15:10 --> Helper loaded: param_helper
INFO - 2024-12-26 12:15:10 --> Helper loaded: credential_helper
INFO - 2024-12-26 12:15:10 --> Helper loaded: template_helper
INFO - 2024-12-26 12:15:10 --> Helper loaded: rest_helper
INFO - 2024-12-26 12:15:10 --> Database Driver Class Initialized
DEBUG - 2024-12-26 12:15:10 --> Idgenerator class already loaded. Second attempt ignored.
INFO - 2024-12-26 12:15:10 --> Controller Class Initialized
INFO - 2024-12-26 12:15:10 --> Model Class Initialized
DEBUG - 2024-12-26 12:15:10 --> File loaded: /apps/web-drc/application/modules/promo_product_sales/models/Promo_product_model.php
INFO - 2024-12-26 12:15:10 --> Model Class Initialized
DEBUG - 2024-12-26 12:15:10 --> File loaded: /apps/web-drc/application/modules/promo_product_sales/views/content.php
DEBUG - 2024-12-26 12:15:10 --> File loaded: /apps/web-drc/application/views/templates/header.php
DEBUG - 2024-12-26 12:15:10 --> File loaded: /apps/web-drc/application/views/templates/toolbar.php
DEBUG - 2024-12-26 12:15:10 --> File loaded: /apps/web-drc/application/views/templates/sidebar.php
DEBUG - 2024-12-26 12:15:10 --> File loaded: /apps/web-drc/application/views/templates/contents.php
DEBUG - 2024-12-26 12:15:10 --> File loaded: /apps/web-drc/application/views/templates/content_footer.php
DEBUG - 2024-12-26 12:15:10 --> File loaded: /apps/web-drc/application/views/templates/footer.php
DEBUG - 2024-12-26 12:15:10 --> File loaded: /apps/web-drc/application/views/templates/default.php
INFO - 2024-12-26 12:15:10 --> Final output sent to browser
DEBUG - 2024-12-26 12:15:10 --> Total execution time: 0.0223
INFO - 2024-12-26 12:15:11 --> Config Class Initialized
INFO - 2024-12-26 12:15:11 --> Hooks Class Initialized
DEBUG - 2024-12-26 12:15:11 --> UTF-8 Support Enabled
INFO - 2024-12-26 12:15:11 --> Utf8 Class Initialized
INFO - 2024-12-26 12:15:11 --> URI Class Initialized
INFO - 2024-12-26 12:15:11 --> Router Class Initialized
INFO - 2024-12-26 12:15:11 --> Output Class Initialized
INFO - 2024-12-26 12:15:11 --> Security Class Initialized
DEBUG - 2024-12-26 12:15:11 --> Global POST, GET and COOKIE data sanitized
INFO - 2024-12-26 12:15:11 --> Input Class Initialized
INFO - 2024-12-26 12:15:11 --> Language Class Initialized
ERROR - 2024-12-26 12:15:11 --> 404 Page Not Found: /index
INFO - 2024-12-26 12:15:11 --> Config Class Initialized
INFO - 2024-12-26 12:15:11 --> Hooks Class Initialized
DEBUG - 2024-12-26 12:15:11 --> UTF-8 Support Enabled
INFO - 2024-12-26 12:15:11 --> Utf8 Class Initialized
INFO - 2024-12-26 12:15:11 --> URI Class Initialized
INFO - 2024-12-26 12:15:11 --> Router Class Initialized
INFO - 2024-12-26 12:15:11 --> Output Class Initialized
INFO - 2024-12-26 12:15:11 --> Security Class Initialized
DEBUG - 2024-12-26 12:15:11 --> Global POST, GET and COOKIE data sanitized
INFO - 2024-12-26 12:15:11 --> Input Class Initialized
INFO - 2024-12-26 12:15:11 --> Language Class Initialized
INFO - 2024-12-26 12:15:11 --> Language Class Initialized
INFO - 2024-12-26 12:15:11 --> Config Class Initialized
INFO - 2024-12-26 12:15:11 --> Loader Class Initialized
INFO - 2024-12-26 12:15:11 --> Helper loaded: url_helper
INFO - 2024-12-26 12:15:11 --> Helper loaded: easyui_helper
INFO - 2024-12-26 12:15:11 --> Helper loaded: param_helper
INFO - 2024-12-26 12:15:11 --> Helper loaded: credential_helper
INFO - 2024-12-26 12:15:11 --> Helper loaded: template_helper
INFO - 2024-12-26 12:15:11 --> Helper loaded: rest_helper
INFO - 2024-12-26 12:15:11 --> Database Driver Class Initialized
DEBUG - 2024-12-26 12:15:11 --> Idgenerator class already loaded. Second attempt ignored.
INFO - 2024-12-26 12:15:11 --> Controller Class Initialized
INFO - 2024-12-26 12:15:11 --> Model Class Initialized
DEBUG - 2024-12-26 12:15:11 --> File loaded: /apps/web-drc/application/modules/promo_product_sales/models/Promo_product_model.php
INFO - 2024-12-26 12:15:11 --> Model Class Initialized
INFO - 2024-12-26 12:15:11 --> Final output sent to browser
DEBUG - 2024-12-26 12:15:11 --> Total execution time: 0.0093
INFO - 2024-12-26 12:15:20 --> Config Class Initialized
INFO - 2024-12-26 12:15:20 --> Hooks Class Initialized
DEBUG - 2024-12-26 12:15:20 --> UTF-8 Support Enabled
INFO - 2024-12-26 12:15:20 --> Utf8 Class Initialized
INFO - 2024-12-26 12:15:20 --> URI Class Initialized
INFO - 2024-12-26 12:15:20 --> Router Class Initialized
INFO - 2024-12-26 12:15:20 --> Output Class Initialized
INFO - 2024-12-26 12:15:20 --> Security Class Initialized
DEBUG - 2024-12-26 12:15:20 --> Global POST, GET and COOKIE data sanitized
INFO - 2024-12-26 12:15:20 --> Input Class Initialized
INFO - 2024-12-26 12:15:20 --> Language Class Initialized
INFO - 2024-12-26 12:15:20 --> Language Class Initialized
INFO - 2024-12-26 12:15:20 --> Config Class Initialized
INFO - 2024-12-26 12:15:20 --> Loader Class Initialized
INFO - 2024-12-26 12:15:20 --> Helper loaded: url_helper
INFO - 2024-12-26 12:15:20 --> Helper loaded: easyui_helper
INFO - 2024-12-26 12:15:20 --> Helper loaded: param_helper
INFO - 2024-12-26 12:15:20 --> Helper loaded: credential_helper
INFO - 2024-12-26 12:15:20 --> Helper loaded: template_helper
INFO - 2024-12-26 12:15:20 --> Helper loaded: rest_helper
INFO - 2024-12-26 12:15:20 --> Database Driver Class Initialized
DEBUG - 2024-12-26 12:15:20 --> Idgenerator class already loaded. Second attempt ignored.
INFO - 2024-12-26 12:15:20 --> Controller Class Initialized
INFO - 2024-12-26 12:15:20 --> Model Class Initialized
DEBUG - 2024-12-26 12:15:20 --> File loaded: /apps/web-drc/application/modules/mapping_promo_active/models/Promo_active_model.php
INFO - 2024-12-26 12:15:20 --> Model Class Initialized
DEBUG - 2024-12-26 12:15:20 --> File loaded: /apps/web-drc/application/modules/mapping_promo_active/views/content.php
DEBUG - 2024-12-26 12:15:20 --> File loaded: /apps/web-drc/application/views/templates/header.php
DEBUG - 2024-12-26 12:15:20 --> File loaded: /apps/web-drc/application/views/templates/toolbar.php
DEBUG - 2024-12-26 12:15:20 --> File loaded: /apps/web-drc/application/views/templates/sidebar.php
DEBUG - 2024-12-26 12:15:20 --> File loaded: /apps/web-drc/application/views/templates/contents.php
DEBUG - 2024-12-26 12:15:20 --> File loaded: /apps/web-drc/application/views/templates/content_footer.php
DEBUG - 2024-12-26 12:15:20 --> File loaded: /apps/web-drc/application/views/templates/footer.php
DEBUG - 2024-12-26 12:15:20 --> File loaded: /apps/web-drc/application/views/templates/default.php
INFO - 2024-12-26 12:15:20 --> Final output sent to browser
DEBUG - 2024-12-26 12:15:20 --> Total execution time: 0.0189
INFO - 2024-12-26 12:15:20 --> Config Class Initialized
INFO - 2024-12-26 12:15:20 --> Hooks Class Initialized
DEBUG - 2024-12-26 12:15:20 --> UTF-8 Support Enabled
INFO - 2024-12-26 12:15:20 --> Utf8 Class Initialized
INFO - 2024-12-26 12:15:20 --> URI Class Initialized
INFO - 2024-12-26 12:15:20 --> Router Class Initialized
INFO - 2024-12-26 12:15:20 --> Output Class Initialized
INFO - 2024-12-26 12:15:20 --> Security Class Initialized
DEBUG - 2024-12-26 12:15:20 --> Global POST, GET and COOKIE data sanitized
INFO - 2024-12-26 12:15:20 --> Input Class Initialized
INFO - 2024-12-26 12:15:20 --> Language Class Initialized
INFO - 2024-12-26 12:15:20 --> Language Class Initialized
INFO - 2024-12-26 12:15:20 --> Config Class Initialized
INFO - 2024-12-26 12:15:20 --> Loader Class Initialized
INFO - 2024-12-26 12:15:20 --> Helper loaded: url_helper
INFO - 2024-12-26 12:15:20 --> Helper loaded: easyui_helper
INFO - 2024-12-26 12:15:20 --> Helper loaded: param_helper
INFO - 2024-12-26 12:15:20 --> Helper loaded: credential_helper
INFO - 2024-12-26 12:15:20 --> Helper loaded: template_helper
INFO - 2024-12-26 12:15:20 --> Helper loaded: rest_helper
INFO - 2024-12-26 12:15:20 --> Database Driver Class Initialized
DEBUG - 2024-12-26 12:15:20 --> Idgenerator class already loaded. Second attempt ignored.
INFO - 2024-12-26 12:15:20 --> Controller Class Initialized
INFO - 2024-12-26 12:15:20 --> Model Class Initialized
DEBUG - 2024-12-26 12:15:20 --> File loaded: /apps/web-drc/application/modules/mapping_promo_active/models/Promo_active_model.php
INFO - 2024-12-26 12:15:20 --> Model Class Initialized
INFO - 2024-12-26 12:15:20 --> Final output sent to browser
DEBUG - 2024-12-26 12:15:20 --> Total execution time: 0.0082
INFO - 2024-12-26 12:15:21 --> Config Class Initialized
INFO - 2024-12-26 12:15:21 --> Hooks Class Initialized
DEBUG - 2024-12-26 12:15:21 --> UTF-8 Support Enabled
INFO - 2024-12-26 12:15:21 --> Utf8 Class Initialized
INFO - 2024-12-26 12:15:21 --> URI Class Initialized
INFO - 2024-12-26 12:15:21 --> Router Class Initialized
INFO - 2024-12-26 12:15:21 --> Output Class Initialized
INFO - 2024-12-26 12:15:21 --> Security Class Initialized
DEBUG - 2024-12-26 12:15:21 --> Global POST, GET and COOKIE data sanitized
INFO - 2024-12-26 12:15:21 --> Input Class Initialized
INFO - 2024-12-26 12:15:21 --> Language Class Initialized
ERROR - 2024-12-26 12:15:21 --> 404 Page Not Found: /index
INFO - 2024-12-26 12:15:24 --> Config Class Initialized
INFO - 2024-12-26 12:15:24 --> Hooks Class Initialized
DEBUG - 2024-12-26 12:15:24 --> UTF-8 Support Enabled
INFO - 2024-12-26 12:15:24 --> Utf8 Class Initialized
INFO - 2024-12-26 12:15:24 --> URI Class Initialized
INFO - 2024-12-26 12:15:24 --> Router Class Initialized
INFO - 2024-12-26 12:15:24 --> Output Class Initialized
INFO - 2024-12-26 12:15:24 --> Security Class Initialized
DEBUG - 2024-12-26 12:15:24 --> Global POST, GET and COOKIE data sanitized
INFO - 2024-12-26 12:15:24 --> Input Class Initialized
INFO - 2024-12-26 12:15:24 --> Language Class Initialized
INFO - 2024-12-26 12:15:24 --> Language Class Initialized
INFO - 2024-12-26 12:15:24 --> Config Class Initialized
INFO - 2024-12-26 12:15:24 --> Loader Class Initialized
INFO - 2024-12-26 12:15:24 --> Helper loaded: url_helper
INFO - 2024-12-26 12:15:24 --> Helper loaded: easyui_helper
INFO - 2024-12-26 12:15:24 --> Helper loaded: param_helper
INFO - 2024-12-26 12:15:24 --> Helper loaded: credential_helper
INFO - 2024-12-26 12:15:24 --> Helper loaded: template_helper
INFO - 2024-12-26 12:15:24 --> Helper loaded: rest_helper
INFO - 2024-12-26 12:15:24 --> Database Driver Class Initialized
DEBUG - 2024-12-26 12:15:24 --> Idgenerator class already loaded. Second attempt ignored.
INFO - 2024-12-26 12:15:24 --> Controller Class Initialized
INFO - 2024-12-26 12:15:24 --> Model Class Initialized
DEBUG - 2024-12-26 12:15:24 --> File loaded: /apps/web-drc/application/modules/mapping_promo_active/models/Promo_active_model.php
INFO - 2024-12-26 12:15:24 --> Model Class Initialized
INFO - 2024-12-26 12:15:24 --> Final output sent to browser
DEBUG - 2024-12-26 12:15:24 --> Total execution time: 0.0210
INFO - 2024-12-26 12:15:27 --> Config Class Initialized
INFO - 2024-12-26 12:15:27 --> Hooks Class Initialized
DEBUG - 2024-12-26 12:15:27 --> UTF-8 Support Enabled
INFO - 2024-12-26 12:15:27 --> Utf8 Class Initialized
INFO - 2024-12-26 12:15:27 --> URI Class Initialized
INFO - 2024-12-26 12:15:27 --> Router Class Initialized
INFO - 2024-12-26 12:15:27 --> Output Class Initialized
INFO - 2024-12-26 12:15:27 --> Security Class Initialized
DEBUG - 2024-12-26 12:15:27 --> Global POST, GET and COOKIE data sanitized
INFO - 2024-12-26 12:15:27 --> Input Class Initialized
INFO - 2024-12-26 12:15:27 --> Language Class Initialized
INFO - 2024-12-26 12:15:27 --> Language Class Initialized
INFO - 2024-12-26 12:15:27 --> Config Class Initialized
INFO - 2024-12-26 12:15:27 --> Loader Class Initialized
INFO - 2024-12-26 12:15:27 --> Helper loaded: url_helper
INFO - 2024-12-26 12:15:27 --> Helper loaded: easyui_helper
INFO - 2024-12-26 12:15:27 --> Helper loaded: param_helper
INFO - 2024-12-26 12:15:27 --> Helper loaded: credential_helper
INFO - 2024-12-26 12:15:27 --> Helper loaded: template_helper
INFO - 2024-12-26 12:15:27 --> Helper loaded: rest_helper
INFO - 2024-12-26 12:15:27 --> Database Driver Class Initialized
DEBUG - 2024-12-26 12:15:27 --> Idgenerator class already loaded. Second attempt ignored.
INFO - 2024-12-26 12:15:27 --> Controller Class Initialized
INFO - 2024-12-26 12:15:27 --> Model Class Initialized
DEBUG - 2024-12-26 12:15:27 --> File loaded: /apps/web-drc/application/modules/mapping_promo_active/models/Promo_active_model.php
INFO - 2024-12-26 12:15:27 --> Model Class Initialized
DEBUG - 2024-12-26 12:15:27 --> File loaded: /apps/web-drc/application/modules/mapping_promo_active/views/form.php
DEBUG - 2024-12-26 12:15:27 --> File loaded: /apps/web-drc/application/views/templates/header.php
DEBUG - 2024-12-26 12:15:27 --> File loaded: /apps/web-drc/application/views/templates/toolbar.php
DEBUG - 2024-12-26 12:15:27 --> File loaded: /apps/web-drc/application/views/templates/sidebar.php
DEBUG - 2024-12-26 12:15:27 --> File loaded: /apps/web-drc/application/views/templates/contents.php
DEBUG - 2024-12-26 12:15:27 --> File loaded: /apps/web-drc/application/views/templates/content_footer.php
DEBUG - 2024-12-26 12:15:27 --> File loaded: /apps/web-drc/application/views/templates/footer.php
DEBUG - 2024-12-26 12:15:27 --> File loaded: /apps/web-drc/application/views/templates/default.php
INFO - 2024-12-26 12:15:27 --> Final output sent to browser
DEBUG - 2024-12-26 12:15:27 --> Total execution time: 0.0175
INFO - 2024-12-26 12:15:27 --> Config Class Initialized
INFO - 2024-12-26 12:15:27 --> Hooks Class Initialized
DEBUG - 2024-12-26 12:15:27 --> UTF-8 Support Enabled
INFO - 2024-12-26 12:15:27 --> Utf8 Class Initialized
INFO - 2024-12-26 12:15:27 --> URI Class Initialized
INFO - 2024-12-26 12:15:27 --> Router Class Initialized
INFO - 2024-12-26 12:15:27 --> Output Class Initialized
INFO - 2024-12-26 12:15:27 --> Security Class Initialized
DEBUG - 2024-12-26 12:15:27 --> Global POST, GET and COOKIE data sanitized
INFO - 2024-12-26 12:15:27 --> Input Class Initialized
INFO - 2024-12-26 12:15:27 --> Language Class Initialized
ERROR - 2024-12-26 12:15:27 --> 404 Page Not Found: /index
INFO - 2024-12-26 12:15:27 --> Config Class Initialized
INFO - 2024-12-26 12:15:27 --> Hooks Class Initialized
DEBUG - 2024-12-26 12:15:27 --> UTF-8 Support Enabled
INFO - 2024-12-26 12:15:27 --> Utf8 Class Initialized
INFO - 2024-12-26 12:15:27 --> URI Class Initialized
INFO - 2024-12-26 12:15:27 --> Router Class Initialized
INFO - 2024-12-26 12:15:27 --> Output Class Initialized
INFO - 2024-12-26 12:15:27 --> Security Class Initialized
DEBUG - 2024-12-26 12:15:27 --> Global POST, GET and COOKIE data sanitized
INFO - 2024-12-26 12:15:27 --> Input Class Initialized
INFO - 2024-12-26 12:15:27 --> Language Class Initialized
INFO - 2024-12-26 12:15:27 --> Language Class Initialized
INFO - 2024-12-26 12:15:27 --> Config Class Initialized
INFO - 2024-12-26 12:15:27 --> Loader Class Initialized
INFO - 2024-12-26 12:15:27 --> Helper loaded: url_helper
INFO - 2024-12-26 12:15:27 --> Helper loaded: easyui_helper
INFO - 2024-12-26 12:15:27 --> Helper loaded: param_helper
INFO - 2024-12-26 12:15:27 --> Helper loaded: credential_helper
INFO - 2024-12-26 12:15:27 --> Helper loaded: template_helper
INFO - 2024-12-26 12:15:27 --> Helper loaded: rest_helper
INFO - 2024-12-26 12:15:27 --> Database Driver Class Initialized
DEBUG - 2024-12-26 12:15:27 --> Idgenerator class already loaded. Second attempt ignored.
INFO - 2024-12-26 12:15:27 --> Controller Class Initialized
INFO - 2024-12-26 12:15:27 --> Model Class Initialized
DEBUG - 2024-12-26 12:15:27 --> File loaded: /apps/web-drc/application/modules/api_v1/models/Api_v1_model.php
INFO - 2024-12-26 12:15:27 --> Model Class Initialized
INFO - 2024-12-26 12:15:27 --> Final output sent to browser
DEBUG - 2024-12-26 12:15:27 --> Total execution time: 0.0050
INFO - 2024-12-26 12:15:27 --> Config Class Initialized
INFO - 2024-12-26 12:15:27 --> Hooks Class Initialized
DEBUG - 2024-12-26 12:15:27 --> UTF-8 Support Enabled
INFO - 2024-12-26 12:15:27 --> Utf8 Class Initialized
INFO - 2024-12-26 12:15:27 --> URI Class Initialized
INFO - 2024-12-26 12:15:27 --> Router Class Initialized
INFO - 2024-12-26 12:15:27 --> Output Class Initialized
INFO - 2024-12-26 12:15:27 --> Security Class Initialized
DEBUG - 2024-12-26 12:15:27 --> Global POST, GET and COOKIE data sanitized
INFO - 2024-12-26 12:15:27 --> Input Class Initialized
INFO - 2024-12-26 12:15:27 --> Language Class Initialized
INFO - 2024-12-26 12:15:27 --> Language Class Initialized
INFO - 2024-12-26 12:15:27 --> Config Class Initialized
INFO - 2024-12-26 12:15:27 --> Loader Class Initialized
INFO - 2024-12-26 12:15:27 --> Helper loaded: url_helper
INFO - 2024-12-26 12:15:27 --> Helper loaded: easyui_helper
INFO - 2024-12-26 12:15:27 --> Helper loaded: param_helper
INFO - 2024-12-26 12:15:27 --> Helper loaded: credential_helper
INFO - 2024-12-26 12:15:27 --> Helper loaded: template_helper
INFO - 2024-12-26 12:15:27 --> Helper loaded: rest_helper
INFO - 2024-12-26 12:15:27 --> Database Driver Class Initialized
DEBUG - 2024-12-26 12:15:27 --> Idgenerator class already loaded. Second attempt ignored.
INFO - 2024-12-26 12:15:27 --> Controller Class Initialized
INFO - 2024-12-26 12:15:27 --> Model Class Initialized
DEBUG - 2024-12-26 12:15:27 --> File loaded: /apps/web-drc/application/modules/api_v1/models/Api_v1_model.php
INFO - 2024-12-26 12:15:27 --> Model Class Initialized
INFO - 2024-12-26 12:15:27 --> Final output sent to browser
DEBUG - 2024-12-26 12:15:27 --> Total execution time: 0.0038
INFO - 2024-12-26 12:15:27 --> Config Class Initialized
INFO - 2024-12-26 12:15:27 --> Hooks Class Initialized
DEBUG - 2024-12-26 12:15:27 --> UTF-8 Support Enabled
INFO - 2024-12-26 12:15:27 --> Utf8 Class Initialized
INFO - 2024-12-26 12:15:27 --> URI Class Initialized
INFO - 2024-12-26 12:15:27 --> Router Class Initialized
INFO - 2024-12-26 12:15:27 --> Output Class Initialized
INFO - 2024-12-26 12:15:27 --> Security Class Initialized
DEBUG - 2024-12-26 12:15:27 --> Global POST, GET and COOKIE data sanitized
INFO - 2024-12-26 12:15:27 --> Input Class Initialized
INFO - 2024-12-26 12:15:27 --> Language Class Initialized
INFO - 2024-12-26 12:15:27 --> Language Class Initialized
INFO - 2024-12-26 12:15:27 --> Config Class Initialized
INFO - 2024-12-26 12:15:27 --> Loader Class Initialized
INFO - 2024-12-26 12:15:27 --> Helper loaded: url_helper
INFO - 2024-12-26 12:15:27 --> Helper loaded: easyui_helper
INFO - 2024-12-26 12:15:27 --> Helper loaded: param_helper
INFO - 2024-12-26 12:15:27 --> Helper loaded: credential_helper
INFO - 2024-12-26 12:15:27 --> Helper loaded: template_helper
INFO - 2024-12-26 12:15:27 --> Helper loaded: rest_helper
INFO - 2024-12-26 12:15:27 --> Database Driver Class Initialized
DEBUG - 2024-12-26 12:15:27 --> Idgenerator class already loaded. Second attempt ignored.
INFO - 2024-12-26 12:15:27 --> Controller Class Initialized
INFO - 2024-12-26 12:15:27 --> Model Class Initialized
DEBUG - 2024-12-26 12:15:27 --> File loaded: /apps/web-drc/application/modules/ref_customer_class/models/Customer_class_model.php
INFO - 2024-12-26 12:15:27 --> Model Class Initialized
INFO - 2024-12-26 12:15:27 --> Final output sent to browser
DEBUG - 2024-12-26 12:15:27 --> Total execution time: 0.0040
INFO - 2024-12-26 12:15:35 --> Config Class Initialized
INFO - 2024-12-26 12:15:35 --> Hooks Class Initialized
DEBUG - 2024-12-26 12:15:35 --> UTF-8 Support Enabled
INFO - 2024-12-26 12:15:35 --> Utf8 Class Initialized
INFO - 2024-12-26 12:15:35 --> URI Class Initialized
INFO - 2024-12-26 12:15:35 --> Router Class Initialized
INFO - 2024-12-26 12:15:35 --> Output Class Initialized
INFO - 2024-12-26 12:15:35 --> Security Class Initialized
DEBUG - 2024-12-26 12:15:35 --> Global POST, GET and COOKIE data sanitized
INFO - 2024-12-26 12:15:35 --> Input Class Initialized
INFO - 2024-12-26 12:15:35 --> Language Class Initialized
INFO - 2024-12-26 12:15:35 --> Language Class Initialized
INFO - 2024-12-26 12:15:35 --> Config Class Initialized
INFO - 2024-12-26 12:15:35 --> Loader Class Initialized
INFO - 2024-12-26 12:15:35 --> Helper loaded: url_helper
INFO - 2024-12-26 12:15:35 --> Helper loaded: easyui_helper
INFO - 2024-12-26 12:15:35 --> Helper loaded: param_helper
INFO - 2024-12-26 12:15:35 --> Helper loaded: credential_helper
INFO - 2024-12-26 12:15:35 --> Helper loaded: template_helper
INFO - 2024-12-26 12:15:35 --> Helper loaded: rest_helper
INFO - 2024-12-26 12:15:35 --> Database Driver Class Initialized
DEBUG - 2024-12-26 12:15:35 --> Idgenerator class already loaded. Second attempt ignored.
INFO - 2024-12-26 12:15:35 --> Controller Class Initialized
INFO - 2024-12-26 12:15:35 --> Model Class Initialized
DEBUG - 2024-12-26 12:15:35 --> File loaded: /apps/web-drc/application/modules/mapping_promo_active/models/Promo_active_model.php
INFO - 2024-12-26 12:15:35 --> Model Class Initialized
DEBUG - 2024-12-26 12:15:35 --> File loaded: /apps/web-drc/application/modules/mapping_promo_active/views/content.php
DEBUG - 2024-12-26 12:15:35 --> File loaded: /apps/web-drc/application/views/templates/header.php
DEBUG - 2024-12-26 12:15:35 --> File loaded: /apps/web-drc/application/views/templates/toolbar.php
DEBUG - 2024-12-26 12:15:35 --> File loaded: /apps/web-drc/application/views/templates/sidebar.php
DEBUG - 2024-12-26 12:15:35 --> File loaded: /apps/web-drc/application/views/templates/contents.php
DEBUG - 2024-12-26 12:15:35 --> File loaded: /apps/web-drc/application/views/templates/content_footer.php
DEBUG - 2024-12-26 12:15:35 --> File loaded: /apps/web-drc/application/views/templates/footer.php
DEBUG - 2024-12-26 12:15:35 --> File loaded: /apps/web-drc/application/views/templates/default.php
INFO - 2024-12-26 12:15:35 --> Final output sent to browser
DEBUG - 2024-12-26 12:15:35 --> Total execution time: 0.0145
INFO - 2024-12-26 12:15:35 --> Config Class Initialized
INFO - 2024-12-26 12:15:35 --> Hooks Class Initialized
DEBUG - 2024-12-26 12:15:35 --> UTF-8 Support Enabled
INFO - 2024-12-26 12:15:35 --> Utf8 Class Initialized
INFO - 2024-12-26 12:15:35 --> URI Class Initialized
INFO - 2024-12-26 12:15:35 --> Router Class Initialized
INFO - 2024-12-26 12:15:35 --> Output Class Initialized
INFO - 2024-12-26 12:15:35 --> Security Class Initialized
DEBUG - 2024-12-26 12:15:35 --> Global POST, GET and COOKIE data sanitized
INFO - 2024-12-26 12:15:35 --> Input Class Initialized
INFO - 2024-12-26 12:15:35 --> Language Class Initialized
ERROR - 2024-12-26 12:15:35 --> 404 Page Not Found: /index
INFO - 2024-12-26 12:15:35 --> Config Class Initialized
INFO - 2024-12-26 12:15:35 --> Hooks Class Initialized
DEBUG - 2024-12-26 12:15:35 --> UTF-8 Support Enabled
INFO - 2024-12-26 12:15:35 --> Utf8 Class Initialized
INFO - 2024-12-26 12:15:35 --> URI Class Initialized
INFO - 2024-12-26 12:15:35 --> Router Class Initialized
INFO - 2024-12-26 12:15:35 --> Output Class Initialized
INFO - 2024-12-26 12:15:35 --> Security Class Initialized
DEBUG - 2024-12-26 12:15:35 --> Global POST, GET and COOKIE data sanitized
INFO - 2024-12-26 12:15:35 --> Input Class Initialized
INFO - 2024-12-26 12:15:35 --> Language Class Initialized
INFO - 2024-12-26 12:15:35 --> Language Class Initialized
INFO - 2024-12-26 12:15:35 --> Config Class Initialized
INFO - 2024-12-26 12:15:35 --> Loader Class Initialized
INFO - 2024-12-26 12:15:35 --> Helper loaded: url_helper
INFO - 2024-12-26 12:15:35 --> Helper loaded: easyui_helper
INFO - 2024-12-26 12:15:35 --> Helper loaded: param_helper
INFO - 2024-12-26 12:15:35 --> Helper loaded: credential_helper
INFO - 2024-12-26 12:15:35 --> Helper loaded: template_helper
INFO - 2024-12-26 12:15:35 --> Helper loaded: rest_helper
INFO - 2024-12-26 12:15:35 --> Database Driver Class Initialized
DEBUG - 2024-12-26 12:15:35 --> Idgenerator class already loaded. Second attempt ignored.
INFO - 2024-12-26 12:15:35 --> Controller Class Initialized
INFO - 2024-12-26 12:15:35 --> Model Class Initialized
DEBUG - 2024-12-26 12:15:35 --> File loaded: /apps/web-drc/application/modules/mapping_promo_active/models/Promo_active_model.php
INFO - 2024-12-26 12:15:35 --> Model Class Initialized
INFO - 2024-12-26 12:15:35 --> Final output sent to browser
DEBUG - 2024-12-26 12:15:35 --> Total execution time: 0.0131
INFO - 2024-12-26 12:19:49 --> Config Class Initialized
INFO - 2024-12-26 12:19:49 --> Hooks Class Initialized
DEBUG - 2024-12-26 12:19:49 --> UTF-8 Support Enabled
INFO - 2024-12-26 12:19:49 --> Utf8 Class Initialized
INFO - 2024-12-26 12:19:49 --> URI Class Initialized
INFO - 2024-12-26 12:19:49 --> Router Class Initialized
INFO - 2024-12-26 12:19:49 --> Output Class Initialized
INFO - 2024-12-26 12:19:49 --> Security Class Initialized
DEBUG - 2024-12-26 12:19:49 --> Global POST, GET and COOKIE data sanitized
INFO - 2024-12-26 12:19:49 --> Input Class Initialized
INFO - 2024-12-26 12:19:49 --> Language Class Initialized
INFO - 2024-12-26 12:19:49 --> Language Class Initialized
INFO - 2024-12-26 12:19:49 --> Config Class Initialized
INFO - 2024-12-26 12:19:49 --> Loader Class Initialized
INFO - 2024-12-26 12:19:49 --> Helper loaded: url_helper
INFO - 2024-12-26 12:19:49 --> Helper loaded: easyui_helper
INFO - 2024-12-26 12:19:49 --> Helper loaded: param_helper
INFO - 2024-12-26 12:19:49 --> Helper loaded: credential_helper
INFO - 2024-12-26 12:19:49 --> Helper loaded: template_helper
INFO - 2024-12-26 12:19:49 --> Helper loaded: rest_helper
INFO - 2024-12-26 12:19:49 --> Database Driver Class Initialized
DEBUG - 2024-12-26 12:19:49 --> Idgenerator class already loaded. Second attempt ignored.
INFO - 2024-12-26 12:19:49 --> Controller Class Initialized
INFO - 2024-12-26 12:19:49 --> Model Class Initialized
DEBUG - 2024-12-26 12:19:49 --> File loaded: /apps/web-drc/application/modules/promo_product_sales/models/Promo_product_model.php
INFO - 2024-12-26 12:19:49 --> Model Class Initialized
DEBUG - 2024-12-26 12:19:49 --> File loaded: /apps/web-drc/application/modules/promo_product_sales/views/content.php
DEBUG - 2024-12-26 12:19:49 --> File loaded: /apps/web-drc/application/views/templates/header.php
DEBUG - 2024-12-26 12:19:49 --> File loaded: /apps/web-drc/application/views/templates/toolbar.php
DEBUG - 2024-12-26 12:19:49 --> File loaded: /apps/web-drc/application/views/templates/sidebar.php
DEBUG - 2024-12-26 12:19:49 --> File loaded: /apps/web-drc/application/views/templates/contents.php
DEBUG - 2024-12-26 12:19:49 --> File loaded: /apps/web-drc/application/views/templates/content_footer.php
DEBUG - 2024-12-26 12:19:49 --> File loaded: /apps/web-drc/application/views/templates/footer.php
DEBUG - 2024-12-26 12:19:49 --> File loaded: /apps/web-drc/application/views/templates/default.php
INFO - 2024-12-26 12:19:49 --> Final output sent to browser
DEBUG - 2024-12-26 12:19:49 --> Total execution time: 0.0170
INFO - 2024-12-26 12:19:49 --> Config Class Initialized
INFO - 2024-12-26 12:19:49 --> Hooks Class Initialized
DEBUG - 2024-12-26 12:19:49 --> UTF-8 Support Enabled
INFO - 2024-12-26 12:19:49 --> Utf8 Class Initialized
INFO - 2024-12-26 12:19:49 --> URI Class Initialized
INFO - 2024-12-26 12:19:49 --> Router Class Initialized
INFO - 2024-12-26 12:19:49 --> Output Class Initialized
INFO - 2024-12-26 12:19:49 --> Security Class Initialized
DEBUG - 2024-12-26 12:19:49 --> Global POST, GET and COOKIE data sanitized
INFO - 2024-12-26 12:19:49 --> Input Class Initialized
INFO - 2024-12-26 12:19:49 --> Language Class Initialized
ERROR - 2024-12-26 12:19:49 --> 404 Page Not Found: /index
INFO - 2024-12-26 12:19:50 --> Config Class Initialized
INFO - 2024-12-26 12:19:50 --> Hooks Class Initialized
DEBUG - 2024-12-26 12:19:50 --> UTF-8 Support Enabled
INFO - 2024-12-26 12:19:50 --> Utf8 Class Initialized
INFO - 2024-12-26 12:19:50 --> URI Class Initialized
INFO - 2024-12-26 12:19:50 --> Router Class Initialized
INFO - 2024-12-26 12:19:50 --> Output Class Initialized
INFO - 2024-12-26 12:19:50 --> Security Class Initialized
DEBUG - 2024-12-26 12:19:50 --> Global POST, GET and COOKIE data sanitized
INFO - 2024-12-26 12:19:50 --> Input Class Initialized
INFO - 2024-12-26 12:19:50 --> Language Class Initialized
INFO - 2024-12-26 12:19:50 --> Language Class Initialized
INFO - 2024-12-26 12:19:50 --> Config Class Initialized
INFO - 2024-12-26 12:19:50 --> Loader Class Initialized
INFO - 2024-12-26 12:19:50 --> Helper loaded: url_helper
INFO - 2024-12-26 12:19:50 --> Helper loaded: easyui_helper
INFO - 2024-12-26 12:19:50 --> Helper loaded: param_helper
INFO - 2024-12-26 12:19:50 --> Helper loaded: credential_helper
INFO - 2024-12-26 12:19:50 --> Helper loaded: template_helper
INFO - 2024-12-26 12:19:50 --> Helper loaded: rest_helper
INFO - 2024-12-26 12:19:50 --> Database Driver Class Initialized
DEBUG - 2024-12-26 12:19:50 --> Idgenerator class already loaded. Second attempt ignored.
INFO - 2024-12-26 12:19:50 --> Controller Class Initialized
INFO - 2024-12-26 12:19:50 --> Model Class Initialized
DEBUG - 2024-12-26 12:19:50 --> File loaded: /apps/web-drc/application/modules/promo_product_sales/models/Promo_product_model.php
INFO - 2024-12-26 12:19:50 --> Model Class Initialized
INFO - 2024-12-26 12:19:50 --> Final output sent to browser
DEBUG - 2024-12-26 12:19:50 --> Total execution time: 0.0148
INFO - 2024-12-26 12:19:51 --> Config Class Initialized
INFO - 2024-12-26 12:19:51 --> Hooks Class Initialized
DEBUG - 2024-12-26 12:19:51 --> UTF-8 Support Enabled
INFO - 2024-12-26 12:19:51 --> Utf8 Class Initialized
INFO - 2024-12-26 12:19:51 --> URI Class Initialized
INFO - 2024-12-26 12:19:51 --> Router Class Initialized
INFO - 2024-12-26 12:19:51 --> Output Class Initialized
INFO - 2024-12-26 12:19:51 --> Security Class Initialized
DEBUG - 2024-12-26 12:19:51 --> Global POST, GET and COOKIE data sanitized
INFO - 2024-12-26 12:19:51 --> Input Class Initialized
INFO - 2024-12-26 12:19:51 --> Language Class Initialized
INFO - 2024-12-26 12:19:51 --> Language Class Initialized
INFO - 2024-12-26 12:19:51 --> Config Class Initialized
INFO - 2024-12-26 12:19:51 --> Loader Class Initialized
INFO - 2024-12-26 12:19:51 --> Helper loaded: url_helper
INFO - 2024-12-26 12:19:51 --> Helper loaded: easyui_helper
INFO - 2024-12-26 12:19:51 --> Helper loaded: param_helper
INFO - 2024-12-26 12:19:51 --> Helper loaded: credential_helper
INFO - 2024-12-26 12:19:51 --> Helper loaded: template_helper
INFO - 2024-12-26 12:19:51 --> Helper loaded: rest_helper
INFO - 2024-12-26 12:19:51 --> Database Driver Class Initialized
DEBUG - 2024-12-26 12:19:51 --> Idgenerator class already loaded. Second attempt ignored.
INFO - 2024-12-26 12:19:51 --> Controller Class Initialized
INFO - 2024-12-26 12:19:51 --> Model Class Initialized
DEBUG - 2024-12-26 12:19:51 --> File loaded: /apps/web-drc/application/modules/promo_product_sales/models/Promo_product_model.php
INFO - 2024-12-26 12:19:51 --> Model Class Initialized
DEBUG - 2024-12-26 12:19:51 --> File loaded: /apps/web-drc/application/modules/promo_product_sales/views/form.php
DEBUG - 2024-12-26 12:19:52 --> File loaded: /apps/web-drc/application/views/templates/header.php
DEBUG - 2024-12-26 12:19:52 --> File loaded: /apps/web-drc/application/views/templates/toolbar.php
DEBUG - 2024-12-26 12:19:52 --> File loaded: /apps/web-drc/application/views/templates/sidebar.php
DEBUG - 2024-12-26 12:19:52 --> File loaded: /apps/web-drc/application/views/templates/contents.php
DEBUG - 2024-12-26 12:19:52 --> File loaded: /apps/web-drc/application/views/templates/content_footer.php
DEBUG - 2024-12-26 12:19:52 --> File loaded: /apps/web-drc/application/views/templates/footer.php
DEBUG - 2024-12-26 12:19:52 --> File loaded: /apps/web-drc/application/views/templates/default.php
INFO - 2024-12-26 12:19:52 --> Final output sent to browser
DEBUG - 2024-12-26 12:19:52 --> Total execution time: 0.0209
INFO - 2024-12-26 12:19:52 --> Config Class Initialized
INFO - 2024-12-26 12:19:52 --> Hooks Class Initialized
DEBUG - 2024-12-26 12:19:52 --> UTF-8 Support Enabled
INFO - 2024-12-26 12:19:52 --> Utf8 Class Initialized
INFO - 2024-12-26 12:19:52 --> URI Class Initialized
INFO - 2024-12-26 12:19:52 --> Router Class Initialized
INFO - 2024-12-26 12:19:52 --> Output Class Initialized
INFO - 2024-12-26 12:19:52 --> Security Class Initialized
DEBUG - 2024-12-26 12:19:52 --> Global POST, GET and COOKIE data sanitized
INFO - 2024-12-26 12:19:52 --> Input Class Initialized
INFO - 2024-12-26 12:19:52 --> Language Class Initialized
ERROR - 2024-12-26 12:19:52 --> 404 Page Not Found: /index
INFO - 2024-12-26 12:19:52 --> Config Class Initialized
INFO - 2024-12-26 12:19:52 --> Hooks Class Initialized
DEBUG - 2024-12-26 12:19:52 --> UTF-8 Support Enabled
INFO - 2024-12-26 12:19:52 --> Utf8 Class Initialized
INFO - 2024-12-26 12:19:52 --> URI Class Initialized
INFO - 2024-12-26 12:19:52 --> Router Class Initialized
INFO - 2024-12-26 12:19:52 --> Output Class Initialized
INFO - 2024-12-26 12:19:52 --> Security Class Initialized
DEBUG - 2024-12-26 12:19:52 --> Global POST, GET and COOKIE data sanitized
INFO - 2024-12-26 12:19:52 --> Input Class Initialized
INFO - 2024-12-26 12:19:52 --> Language Class Initialized
INFO - 2024-12-26 12:19:52 --> Language Class Initialized
INFO - 2024-12-26 12:19:52 --> Config Class Initialized
INFO - 2024-12-26 12:19:52 --> Loader Class Initialized
INFO - 2024-12-26 12:19:52 --> Helper loaded: url_helper
INFO - 2024-12-26 12:19:52 --> Helper loaded: easyui_helper
INFO - 2024-12-26 12:19:52 --> Helper loaded: param_helper
INFO - 2024-12-26 12:19:52 --> Helper loaded: credential_helper
INFO - 2024-12-26 12:19:52 --> Helper loaded: template_helper
INFO - 2024-12-26 12:19:52 --> Helper loaded: rest_helper
INFO - 2024-12-26 12:19:52 --> Database Driver Class Initialized
DEBUG - 2024-12-26 12:19:52 --> Idgenerator class already loaded. Second attempt ignored.
INFO - 2024-12-26 12:19:52 --> Controller Class Initialized
INFO - 2024-12-26 12:19:52 --> Model Class Initialized
DEBUG - 2024-12-26 12:19:52 --> File loaded: /apps/web-drc/application/modules/api_v1/models/Api_v1_model.php
INFO - 2024-12-26 12:19:52 --> Model Class Initialized
INFO - 2024-12-26 12:19:52 --> Final output sent to browser
DEBUG - 2024-12-26 12:19:52 --> Total execution time: 0.0056
INFO - 2024-12-26 12:20:18 --> Config Class Initialized
INFO - 2024-12-26 12:20:18 --> Hooks Class Initialized
DEBUG - 2024-12-26 12:20:18 --> UTF-8 Support Enabled
INFO - 2024-12-26 12:20:18 --> Utf8 Class Initialized
INFO - 2024-12-26 12:20:18 --> URI Class Initialized
INFO - 2024-12-26 12:20:18 --> Router Class Initialized
INFO - 2024-12-26 12:20:18 --> Output Class Initialized
INFO - 2024-12-26 12:20:18 --> Security Class Initialized
DEBUG - 2024-12-26 12:20:18 --> Global POST, GET and COOKIE data sanitized
INFO - 2024-12-26 12:20:18 --> Input Class Initialized
INFO - 2024-12-26 12:20:18 --> Language Class Initialized
INFO - 2024-12-26 12:20:18 --> Language Class Initialized
INFO - 2024-12-26 12:20:18 --> Config Class Initialized
INFO - 2024-12-26 12:20:18 --> Loader Class Initialized
INFO - 2024-12-26 12:20:18 --> Helper loaded: url_helper
INFO - 2024-12-26 12:20:18 --> Helper loaded: easyui_helper
INFO - 2024-12-26 12:20:18 --> Helper loaded: param_helper
INFO - 2024-12-26 12:20:18 --> Helper loaded: credential_helper
INFO - 2024-12-26 12:20:18 --> Helper loaded: template_helper
INFO - 2024-12-26 12:20:18 --> Helper loaded: rest_helper
INFO - 2024-12-26 12:20:18 --> Database Driver Class Initialized
DEBUG - 2024-12-26 12:20:18 --> Idgenerator class already loaded. Second attempt ignored.
INFO - 2024-12-26 12:20:18 --> Controller Class Initialized
INFO - 2024-12-26 12:20:18 --> Model Class Initialized
DEBUG - 2024-12-26 12:20:18 --> File loaded: /apps/web-drc/application/modules/promo_product_sales/models/Promo_product_model.php
INFO - 2024-12-26 12:20:18 --> Model Class Initialized
INFO - 2024-12-26 12:20:18 --> Final output sent to browser
DEBUG - 2024-12-26 12:20:18 --> Total execution time: 0.0097
INFO - 2024-12-26 12:20:18 --> Config Class Initialized
INFO - 2024-12-26 12:20:18 --> Hooks Class Initialized
DEBUG - 2024-12-26 12:20:18 --> UTF-8 Support Enabled
INFO - 2024-12-26 12:20:18 --> Utf8 Class Initialized
INFO - 2024-12-26 12:20:18 --> URI Class Initialized
INFO - 2024-12-26 12:20:18 --> Router Class Initialized
INFO - 2024-12-26 12:20:18 --> Output Class Initialized
INFO - 2024-12-26 12:20:18 --> Security Class Initialized
DEBUG - 2024-12-26 12:20:18 --> Global POST, GET and COOKIE data sanitized
INFO - 2024-12-26 12:20:18 --> Input Class Initialized
INFO - 2024-12-26 12:20:18 --> Language Class Initialized
INFO - 2024-12-26 12:20:18 --> Language Class Initialized
INFO - 2024-12-26 12:20:18 --> Config Class Initialized
INFO - 2024-12-26 12:20:18 --> Loader Class Initialized
INFO - 2024-12-26 12:20:18 --> Helper loaded: url_helper
INFO - 2024-12-26 12:20:18 --> Helper loaded: easyui_helper
INFO - 2024-12-26 12:20:18 --> Helper loaded: param_helper
INFO - 2024-12-26 12:20:18 --> Helper loaded: credential_helper
INFO - 2024-12-26 12:20:18 --> Helper loaded: template_helper
INFO - 2024-12-26 12:20:18 --> Helper loaded: rest_helper
INFO - 2024-12-26 12:20:18 --> Database Driver Class Initialized
DEBUG - 2024-12-26 12:20:18 --> Idgenerator class already loaded. Second attempt ignored.
INFO - 2024-12-26 12:20:18 --> Controller Class Initialized
INFO - 2024-12-26 12:20:18 --> Model Class Initialized
DEBUG - 2024-12-26 12:20:18 --> File loaded: /apps/web-drc/application/modules/promo_product_sales/models/Promo_product_model.php
INFO - 2024-12-26 12:20:18 --> Model Class Initialized
DEBUG - 2024-12-26 12:20:18 --> File loaded: /apps/web-drc/application/modules/promo_product_sales/views/content.php
DEBUG - 2024-12-26 12:20:18 --> File loaded: /apps/web-drc/application/views/templates/header.php
DEBUG - 2024-12-26 12:20:18 --> File loaded: /apps/web-drc/application/views/templates/toolbar.php
DEBUG - 2024-12-26 12:20:18 --> File loaded: /apps/web-drc/application/views/templates/sidebar.php
DEBUG - 2024-12-26 12:20:18 --> File loaded: /apps/web-drc/application/views/templates/contents.php
DEBUG - 2024-12-26 12:20:18 --> File loaded: /apps/web-drc/application/views/templates/content_footer.php
DEBUG - 2024-12-26 12:20:18 --> File loaded: /apps/web-drc/application/views/templates/footer.php
DEBUG - 2024-12-26 12:20:18 --> File loaded: /apps/web-drc/application/views/templates/default.php
INFO - 2024-12-26 12:20:18 --> Final output sent to browser
DEBUG - 2024-12-26 12:20:18 --> Total execution time: 0.0120
INFO - 2024-12-26 12:20:18 --> Config Class Initialized
INFO - 2024-12-26 12:20:18 --> Hooks Class Initialized
DEBUG - 2024-12-26 12:20:18 --> UTF-8 Support Enabled
INFO - 2024-12-26 12:20:18 --> Utf8 Class Initialized
INFO - 2024-12-26 12:20:18 --> URI Class Initialized
INFO - 2024-12-26 12:20:18 --> Router Class Initialized
INFO - 2024-12-26 12:20:18 --> Output Class Initialized
INFO - 2024-12-26 12:20:18 --> Security Class Initialized
DEBUG - 2024-12-26 12:20:18 --> Global POST, GET and COOKIE data sanitized
INFO - 2024-12-26 12:20:18 --> Input Class Initialized
INFO - 2024-12-26 12:20:18 --> Language Class Initialized
ERROR - 2024-12-26 12:20:18 --> 404 Page Not Found: /index
INFO - 2024-12-26 12:20:18 --> Config Class Initialized
INFO - 2024-12-26 12:20:18 --> Hooks Class Initialized
DEBUG - 2024-12-26 12:20:18 --> UTF-8 Support Enabled
INFO - 2024-12-26 12:20:18 --> Utf8 Class Initialized
INFO - 2024-12-26 12:20:18 --> URI Class Initialized
INFO - 2024-12-26 12:20:18 --> Router Class Initialized
INFO - 2024-12-26 12:20:18 --> Output Class Initialized
INFO - 2024-12-26 12:20:18 --> Security Class Initialized
DEBUG - 2024-12-26 12:20:18 --> Global POST, GET and COOKIE data sanitized
INFO - 2024-12-26 12:20:18 --> Input Class Initialized
INFO - 2024-12-26 12:20:18 --> Language Class Initialized
INFO - 2024-12-26 12:20:18 --> Language Class Initialized
INFO - 2024-12-26 12:20:18 --> Config Class Initialized
INFO - 2024-12-26 12:20:18 --> Loader Class Initialized
INFO - 2024-12-26 12:20:18 --> Helper loaded: url_helper
INFO - 2024-12-26 12:20:18 --> Helper loaded: easyui_helper
INFO - 2024-12-26 12:20:18 --> Helper loaded: param_helper
INFO - 2024-12-26 12:20:18 --> Helper loaded: credential_helper
INFO - 2024-12-26 12:20:18 --> Helper loaded: template_helper
INFO - 2024-12-26 12:20:18 --> Helper loaded: rest_helper
INFO - 2024-12-26 12:20:18 --> Database Driver Class Initialized
DEBUG - 2024-12-26 12:20:18 --> Idgenerator class already loaded. Second attempt ignored.
INFO - 2024-12-26 12:20:18 --> Controller Class Initialized
INFO - 2024-12-26 12:20:18 --> Model Class Initialized
DEBUG - 2024-12-26 12:20:18 --> File loaded: /apps/web-drc/application/modules/promo_product_sales/models/Promo_product_model.php
INFO - 2024-12-26 12:20:18 --> Model Class Initialized
INFO - 2024-12-26 12:20:18 --> Final output sent to browser
DEBUG - 2024-12-26 12:20:18 --> Total execution time: 0.0044
INFO - 2024-12-26 12:20:23 --> Config Class Initialized
INFO - 2024-12-26 12:20:23 --> Hooks Class Initialized
DEBUG - 2024-12-26 12:20:23 --> UTF-8 Support Enabled
INFO - 2024-12-26 12:20:23 --> Utf8 Class Initialized
INFO - 2024-12-26 12:20:23 --> URI Class Initialized
INFO - 2024-12-26 12:20:23 --> Router Class Initialized
INFO - 2024-12-26 12:20:23 --> Output Class Initialized
INFO - 2024-12-26 12:20:23 --> Security Class Initialized
DEBUG - 2024-12-26 12:20:23 --> Global POST, GET and COOKIE data sanitized
INFO - 2024-12-26 12:20:23 --> Input Class Initialized
INFO - 2024-12-26 12:20:23 --> Language Class Initialized
INFO - 2024-12-26 12:20:23 --> Language Class Initialized
INFO - 2024-12-26 12:20:23 --> Config Class Initialized
INFO - 2024-12-26 12:20:23 --> Loader Class Initialized
INFO - 2024-12-26 12:20:23 --> Helper loaded: url_helper
INFO - 2024-12-26 12:20:23 --> Helper loaded: easyui_helper
INFO - 2024-12-26 12:20:23 --> Helper loaded: param_helper
INFO - 2024-12-26 12:20:23 --> Helper loaded: credential_helper
INFO - 2024-12-26 12:20:23 --> Helper loaded: template_helper
INFO - 2024-12-26 12:20:23 --> Helper loaded: rest_helper
INFO - 2024-12-26 12:20:23 --> Database Driver Class Initialized
DEBUG - 2024-12-26 12:20:23 --> Idgenerator class already loaded. Second attempt ignored.
INFO - 2024-12-26 12:20:23 --> Controller Class Initialized
INFO - 2024-12-26 12:20:23 --> Model Class Initialized
DEBUG - 2024-12-26 12:20:23 --> File loaded: /apps/web-drc/application/modules/promo_product_sales/models/Promo_product_model.php
INFO - 2024-12-26 12:20:23 --> Model Class Initialized
DEBUG - 2024-12-26 12:20:23 --> File loaded: /apps/web-drc/application/modules/promo_product_sales/views/form.php
DEBUG - 2024-12-26 12:20:23 --> File loaded: /apps/web-drc/application/views/templates/header.php
DEBUG - 2024-12-26 12:20:23 --> File loaded: /apps/web-drc/application/views/templates/toolbar.php
DEBUG - 2024-12-26 12:20:23 --> File loaded: /apps/web-drc/application/views/templates/sidebar.php
DEBUG - 2024-12-26 12:20:23 --> File loaded: /apps/web-drc/application/views/templates/contents.php
DEBUG - 2024-12-26 12:20:23 --> File loaded: /apps/web-drc/application/views/templates/content_footer.php
DEBUG - 2024-12-26 12:20:23 --> File loaded: /apps/web-drc/application/views/templates/footer.php
DEBUG - 2024-12-26 12:20:23 --> File loaded: /apps/web-drc/application/views/templates/default.php
INFO - 2024-12-26 12:20:23 --> Final output sent to browser
DEBUG - 2024-12-26 12:20:23 --> Total execution time: 0.0122
INFO - 2024-12-26 12:20:23 --> Config Class Initialized
INFO - 2024-12-26 12:20:23 --> Hooks Class Initialized
DEBUG - 2024-12-26 12:20:23 --> UTF-8 Support Enabled
INFO - 2024-12-26 12:20:23 --> Utf8 Class Initialized
INFO - 2024-12-26 12:20:23 --> URI Class Initialized
INFO - 2024-12-26 12:20:23 --> Router Class Initialized
INFO - 2024-12-26 12:20:23 --> Output Class Initialized
INFO - 2024-12-26 12:20:23 --> Security Class Initialized
DEBUG - 2024-12-26 12:20:23 --> Global POST, GET and COOKIE data sanitized
INFO - 2024-12-26 12:20:23 --> Input Class Initialized
INFO - 2024-12-26 12:20:23 --> Language Class Initialized
ERROR - 2024-12-26 12:20:23 --> 404 Page Not Found: /index
INFO - 2024-12-26 12:20:24 --> Config Class Initialized
INFO - 2024-12-26 12:20:24 --> Hooks Class Initialized
DEBUG - 2024-12-26 12:20:24 --> UTF-8 Support Enabled
INFO - 2024-12-26 12:20:24 --> Utf8 Class Initialized
INFO - 2024-12-26 12:20:24 --> URI Class Initialized
INFO - 2024-12-26 12:20:24 --> Router Class Initialized
INFO - 2024-12-26 12:20:24 --> Output Class Initialized
INFO - 2024-12-26 12:20:24 --> Security Class Initialized
DEBUG - 2024-12-26 12:20:24 --> Global POST, GET and COOKIE data sanitized
INFO - 2024-12-26 12:20:24 --> Input Class Initialized
INFO - 2024-12-26 12:20:24 --> Language Class Initialized
INFO - 2024-12-26 12:20:24 --> Language Class Initialized
INFO - 2024-12-26 12:20:24 --> Config Class Initialized
INFO - 2024-12-26 12:20:24 --> Loader Class Initialized
INFO - 2024-12-26 12:20:24 --> Helper loaded: url_helper
INFO - 2024-12-26 12:20:24 --> Helper loaded: easyui_helper
INFO - 2024-12-26 12:20:24 --> Helper loaded: param_helper
INFO - 2024-12-26 12:20:24 --> Helper loaded: credential_helper
INFO - 2024-12-26 12:20:24 --> Helper loaded: template_helper
INFO - 2024-12-26 12:20:24 --> Helper loaded: rest_helper
INFO - 2024-12-26 12:20:24 --> Database Driver Class Initialized
DEBUG - 2024-12-26 12:20:24 --> Idgenerator class already loaded. Second attempt ignored.
INFO - 2024-12-26 12:20:24 --> Controller Class Initialized
INFO - 2024-12-26 12:20:24 --> Model Class Initialized
DEBUG - 2024-12-26 12:20:24 --> File loaded: /apps/web-drc/application/modules/api_v1/models/Api_v1_model.php
INFO - 2024-12-26 12:20:24 --> Model Class Initialized
INFO - 2024-12-26 12:20:24 --> Final output sent to browser
DEBUG - 2024-12-26 12:20:24 --> Total execution time: 0.0048
INFO - 2024-12-26 12:20:32 --> Config Class Initialized
INFO - 2024-12-26 12:20:32 --> Hooks Class Initialized
DEBUG - 2024-12-26 12:20:32 --> UTF-8 Support Enabled
INFO - 2024-12-26 12:20:32 --> Utf8 Class Initialized
INFO - 2024-12-26 12:20:32 --> URI Class Initialized
INFO - 2024-12-26 12:20:32 --> Router Class Initialized
INFO - 2024-12-26 12:20:32 --> Output Class Initialized
INFO - 2024-12-26 12:20:32 --> Security Class Initialized
DEBUG - 2024-12-26 12:20:32 --> Global POST, GET and COOKIE data sanitized
INFO - 2024-12-26 12:20:32 --> Input Class Initialized
INFO - 2024-12-26 12:20:32 --> Language Class Initialized
INFO - 2024-12-26 12:20:32 --> Language Class Initialized
INFO - 2024-12-26 12:20:32 --> Config Class Initialized
INFO - 2024-12-26 12:20:32 --> Loader Class Initialized
INFO - 2024-12-26 12:20:32 --> Helper loaded: url_helper
INFO - 2024-12-26 12:20:32 --> Helper loaded: easyui_helper
INFO - 2024-12-26 12:20:32 --> Helper loaded: param_helper
INFO - 2024-12-26 12:20:32 --> Helper loaded: credential_helper
INFO - 2024-12-26 12:20:32 --> Helper loaded: template_helper
INFO - 2024-12-26 12:20:32 --> Helper loaded: rest_helper
INFO - 2024-12-26 12:20:32 --> Database Driver Class Initialized
DEBUG - 2024-12-26 12:20:32 --> Idgenerator class already loaded. Second attempt ignored.
INFO - 2024-12-26 12:20:32 --> Controller Class Initialized
INFO - 2024-12-26 12:20:32 --> Model Class Initialized
DEBUG - 2024-12-26 12:20:32 --> File loaded: /apps/web-drc/application/modules/promo_product_sales/models/Promo_product_model.php
INFO - 2024-12-26 12:20:32 --> Model Class Initialized
ERROR - 2024-12-26 12:20:32 --> Query error: Column 'idpromo' cannot be null - Invalid query: INSERT INTO `t_sales_promo_product` (`idpromo`, `productid`, `product_name`) VALUES (NULL, 'AC01', NULL)
ERROR - 2024-12-26 12:20:32 --> Query error: Column 'idpromo' cannot be null - Invalid query: INSERT INTO `t_sales_promo_product` (`idpromo`, `productid`, `product_name`) VALUES (NULL, 'AC03', NULL)
ERROR - 2024-12-26 12:20:32 --> Query error: Unknown column 'idpromo' in 'where clause' - Invalid query: UPDATE `t_sales_promo` SET `no_promo` = '3', `judul` = 'Test Promo', `mulai_tanggal` = '2024-12-26', `selesai_tanggal` = '2024-12-31', `desription_promo` = 'Test Promo Description', `idpromo` = '3', `modified_by` = 'admin', `modified_date` = '2024-12-26 05:20:32', `productid` = 'AC01,AC03'
WHERE `idpromo` IS NULL
INFO - 2024-12-26 12:20:32 --> Final output sent to browser
DEBUG - 2024-12-26 12:20:32 --> Total execution time: 0.0051
INFO - 2024-12-26 12:20:32 --> Config Class Initialized
INFO - 2024-12-26 12:20:32 --> Hooks Class Initialized
DEBUG - 2024-12-26 12:20:32 --> UTF-8 Support Enabled
INFO - 2024-12-26 12:20:32 --> Utf8 Class Initialized
INFO - 2024-12-26 12:20:32 --> URI Class Initialized
INFO - 2024-12-26 12:20:32 --> Router Class Initialized
INFO - 2024-12-26 12:20:32 --> Output Class Initialized
INFO - 2024-12-26 12:20:32 --> Security Class Initialized
DEBUG - 2024-12-26 12:20:32 --> Global POST, GET and COOKIE data sanitized
INFO - 2024-12-26 12:20:32 --> Input Class Initialized
INFO - 2024-12-26 12:20:32 --> Language Class Initialized
INFO - 2024-12-26 12:20:32 --> Language Class Initialized
INFO - 2024-12-26 12:20:32 --> Config Class Initialized
INFO - 2024-12-26 12:20:32 --> Loader Class Initialized
INFO - 2024-12-26 12:20:32 --> Helper loaded: url_helper
INFO - 2024-12-26 12:20:32 --> Helper loaded: easyui_helper
INFO - 2024-12-26 12:20:32 --> Helper loaded: param_helper
INFO - 2024-12-26 12:20:32 --> Helper loaded: credential_helper
INFO - 2024-12-26 12:20:32 --> Helper loaded: template_helper
INFO - 2024-12-26 12:20:32 --> Helper loaded: rest_helper
INFO - 2024-12-26 12:20:32 --> Database Driver Class Initialized
DEBUG - 2024-12-26 12:20:32 --> Idgenerator class already loaded. Second attempt ignored.
INFO - 2024-12-26 12:20:32 --> Controller Class Initialized
INFO - 2024-12-26 12:20:32 --> Model Class Initialized
DEBUG - 2024-12-26 12:20:32 --> File loaded: /apps/web-drc/application/modules/promo_product_sales/models/Promo_product_model.php
INFO - 2024-12-26 12:20:32 --> Model Class Initialized
DEBUG - 2024-12-26 12:20:32 --> File loaded: /apps/web-drc/application/modules/promo_product_sales/views/content.php
DEBUG - 2024-12-26 12:20:32 --> File loaded: /apps/web-drc/application/views/templates/header.php
DEBUG - 2024-12-26 12:20:32 --> File loaded: /apps/web-drc/application/views/templates/toolbar.php
DEBUG - 2024-12-26 12:20:32 --> File loaded: /apps/web-drc/application/views/templates/sidebar.php
DEBUG - 2024-12-26 12:20:32 --> File loaded: /apps/web-drc/application/views/templates/contents.php
DEBUG - 2024-12-26 12:20:32 --> File loaded: /apps/web-drc/application/views/templates/content_footer.php
DEBUG - 2024-12-26 12:20:32 --> File loaded: /apps/web-drc/application/views/templates/footer.php
DEBUG - 2024-12-26 12:20:32 --> File loaded: /apps/web-drc/application/views/templates/default.php
INFO - 2024-12-26 12:20:32 --> Final output sent to browser
DEBUG - 2024-12-26 12:20:32 --> Total execution time: 0.0113
INFO - 2024-12-26 12:20:32 --> Config Class Initialized
INFO - 2024-12-26 12:20:32 --> Hooks Class Initialized
DEBUG - 2024-12-26 12:20:32 --> UTF-8 Support Enabled
INFO - 2024-12-26 12:20:32 --> Utf8 Class Initialized
INFO - 2024-12-26 12:20:32 --> URI Class Initialized
INFO - 2024-12-26 12:20:32 --> Router Class Initialized
INFO - 2024-12-26 12:20:32 --> Output Class Initialized
INFO - 2024-12-26 12:20:32 --> Security Class Initialized
DEBUG - 2024-12-26 12:20:32 --> Global POST, GET and COOKIE data sanitized
INFO - 2024-12-26 12:20:32 --> Input Class Initialized
INFO - 2024-12-26 12:20:32 --> Language Class Initialized
ERROR - 2024-12-26 12:20:32 --> 404 Page Not Found: /index
INFO - 2024-12-26 12:20:32 --> Config Class Initialized
INFO - 2024-12-26 12:20:32 --> Hooks Class Initialized
DEBUG - 2024-12-26 12:20:32 --> UTF-8 Support Enabled
INFO - 2024-12-26 12:20:32 --> Utf8 Class Initialized
INFO - 2024-12-26 12:20:32 --> URI Class Initialized
INFO - 2024-12-26 12:20:32 --> Router Class Initialized
INFO - 2024-12-26 12:20:32 --> Output Class Initialized
INFO - 2024-12-26 12:20:32 --> Security Class Initialized
DEBUG - 2024-12-26 12:20:32 --> Global POST, GET and COOKIE data sanitized
INFO - 2024-12-26 12:20:32 --> Input Class Initialized
INFO - 2024-12-26 12:20:32 --> Language Class Initialized
INFO - 2024-12-26 12:20:32 --> Language Class Initialized
INFO - 2024-12-26 12:20:32 --> Config Class Initialized
INFO - 2024-12-26 12:20:32 --> Loader Class Initialized
INFO - 2024-12-26 12:20:32 --> Helper loaded: url_helper
INFO - 2024-12-26 12:20:32 --> Helper loaded: easyui_helper
INFO - 2024-12-26 12:20:32 --> Helper loaded: param_helper
INFO - 2024-12-26 12:20:32 --> Helper loaded: credential_helper
INFO - 2024-12-26 12:20:32 --> Helper loaded: template_helper
INFO - 2024-12-26 12:20:32 --> Helper loaded: rest_helper
INFO - 2024-12-26 12:20:32 --> Database Driver Class Initialized
DEBUG - 2024-12-26 12:20:32 --> Idgenerator class already loaded. Second attempt ignored.
INFO - 2024-12-26 12:20:32 --> Controller Class Initialized
INFO - 2024-12-26 12:20:32 --> Model Class Initialized
DEBUG - 2024-12-26 12:20:32 --> File loaded: /apps/web-drc/application/modules/promo_product_sales/models/Promo_product_model.php
INFO - 2024-12-26 12:20:32 --> Model Class Initialized
INFO - 2024-12-26 12:20:32 --> Final output sent to browser
DEBUG - 2024-12-26 12:20:32 --> Total execution time: 0.0034
INFO - 2024-12-26 12:23:53 --> Config Class Initialized
INFO - 2024-12-26 12:23:53 --> Hooks Class Initialized
DEBUG - 2024-12-26 12:23:53 --> UTF-8 Support Enabled
INFO - 2024-12-26 12:23:53 --> Utf8 Class Initialized
INFO - 2024-12-26 12:23:53 --> URI Class Initialized
INFO - 2024-12-26 12:23:53 --> Router Class Initialized
INFO - 2024-12-26 12:23:53 --> Output Class Initialized
INFO - 2024-12-26 12:23:53 --> Security Class Initialized
DEBUG - 2024-12-26 12:23:53 --> Global POST, GET and COOKIE data sanitized
INFO - 2024-12-26 12:23:53 --> Input Class Initialized
INFO - 2024-12-26 12:23:53 --> Language Class Initialized
INFO - 2024-12-26 12:23:53 --> Language Class Initialized
INFO - 2024-12-26 12:23:53 --> Config Class Initialized
INFO - 2024-12-26 12:23:53 --> Loader Class Initialized
INFO - 2024-12-26 12:23:53 --> Helper loaded: url_helper
INFO - 2024-12-26 12:23:53 --> Helper loaded: easyui_helper
INFO - 2024-12-26 12:23:53 --> Helper loaded: param_helper
INFO - 2024-12-26 12:23:53 --> Helper loaded: credential_helper
INFO - 2024-12-26 12:23:53 --> Helper loaded: template_helper
INFO - 2024-12-26 12:23:53 --> Helper loaded: rest_helper
INFO - 2024-12-26 12:23:53 --> Database Driver Class Initialized
DEBUG - 2024-12-26 12:23:53 --> Idgenerator class already loaded. Second attempt ignored.
INFO - 2024-12-26 12:23:53 --> Controller Class Initialized
INFO - 2024-12-26 12:23:53 --> Model Class Initialized
DEBUG - 2024-12-26 12:23:53 --> File loaded: /apps/web-drc/application/modules/promo_product_sales/models/Promo_product_model.php
INFO - 2024-12-26 12:23:53 --> Model Class Initialized
DEBUG - 2024-12-26 12:23:53 --> File loaded: /apps/web-drc/application/modules/promo_product_sales/views/form.php
DEBUG - 2024-12-26 12:23:53 --> File loaded: /apps/web-drc/application/views/templates/header.php
DEBUG - 2024-12-26 12:23:53 --> File loaded: /apps/web-drc/application/views/templates/toolbar.php
DEBUG - 2024-12-26 12:23:53 --> File loaded: /apps/web-drc/application/views/templates/sidebar.php
DEBUG - 2024-12-26 12:23:53 --> File loaded: /apps/web-drc/application/views/templates/contents.php
DEBUG - 2024-12-26 12:23:53 --> File loaded: /apps/web-drc/application/views/templates/content_footer.php
DEBUG - 2024-12-26 12:23:53 --> File loaded: /apps/web-drc/application/views/templates/footer.php
DEBUG - 2024-12-26 12:23:53 --> File loaded: /apps/web-drc/application/views/templates/default.php
INFO - 2024-12-26 12:23:53 --> Final output sent to browser
DEBUG - 2024-12-26 12:23:53 --> Total execution time: 0.0129
INFO - 2024-12-26 12:23:53 --> Config Class Initialized
INFO - 2024-12-26 12:23:53 --> Hooks Class Initialized
DEBUG - 2024-12-26 12:23:53 --> UTF-8 Support Enabled
INFO - 2024-12-26 12:23:53 --> Utf8 Class Initialized
INFO - 2024-12-26 12:23:53 --> URI Class Initialized
INFO - 2024-12-26 12:23:53 --> Router Class Initialized
INFO - 2024-12-26 12:23:53 --> Output Class Initialized
INFO - 2024-12-26 12:23:53 --> Security Class Initialized
DEBUG - 2024-12-26 12:23:53 --> Global POST, GET and COOKIE data sanitized
INFO - 2024-12-26 12:23:53 --> Input Class Initialized
INFO - 2024-12-26 12:23:53 --> Language Class Initialized
INFO - 2024-12-26 12:23:53 --> Language Class Initialized
INFO - 2024-12-26 12:23:53 --> Config Class Initialized
INFO - 2024-12-26 12:23:53 --> Loader Class Initialized
INFO - 2024-12-26 12:23:53 --> Helper loaded: url_helper
INFO - 2024-12-26 12:23:53 --> Helper loaded: easyui_helper
INFO - 2024-12-26 12:23:53 --> Helper loaded: param_helper
INFO - 2024-12-26 12:23:53 --> Helper loaded: credential_helper
INFO - 2024-12-26 12:23:53 --> Helper loaded: template_helper
INFO - 2024-12-26 12:23:53 --> Helper loaded: rest_helper
INFO - 2024-12-26 12:23:53 --> Database Driver Class Initialized
DEBUG - 2024-12-26 12:23:53 --> Idgenerator class already loaded. Second attempt ignored.
INFO - 2024-12-26 12:23:53 --> Controller Class Initialized
INFO - 2024-12-26 12:23:53 --> Model Class Initialized
DEBUG - 2024-12-26 12:23:53 --> File loaded: /apps/web-drc/application/modules/api_v1/models/Api_v1_model.php
INFO - 2024-12-26 12:23:53 --> Model Class Initialized
INFO - 2024-12-26 12:23:53 --> Final output sent to browser
DEBUG - 2024-12-26 12:23:53 --> Total execution time: 0.0045
INFO - 2024-12-26 12:23:53 --> Config Class Initialized
INFO - 2024-12-26 12:23:53 --> Hooks Class Initialized
DEBUG - 2024-12-26 12:23:53 --> UTF-8 Support Enabled
INFO - 2024-12-26 12:23:53 --> Utf8 Class Initialized
INFO - 2024-12-26 12:23:53 --> URI Class Initialized
INFO - 2024-12-26 12:23:53 --> Router Class Initialized
INFO - 2024-12-26 12:23:53 --> Output Class Initialized
INFO - 2024-12-26 12:23:53 --> Security Class Initialized
DEBUG - 2024-12-26 12:23:53 --> Global POST, GET and COOKIE data sanitized
INFO - 2024-12-26 12:23:53 --> Input Class Initialized
INFO - 2024-12-26 12:23:53 --> Language Class Initialized
ERROR - 2024-12-26 12:23:53 --> 404 Page Not Found: /index
INFO - 2024-12-26 12:24:16 --> Config Class Initialized
INFO - 2024-12-26 12:24:16 --> Hooks Class Initialized
DEBUG - 2024-12-26 12:24:16 --> UTF-8 Support Enabled
INFO - 2024-12-26 12:24:16 --> Utf8 Class Initialized
INFO - 2024-12-26 12:24:16 --> URI Class Initialized
INFO - 2024-12-26 12:24:16 --> Router Class Initialized
INFO - 2024-12-26 12:24:16 --> Output Class Initialized
INFO - 2024-12-26 12:24:16 --> Security Class Initialized
DEBUG - 2024-12-26 12:24:16 --> Global POST, GET and COOKIE data sanitized
INFO - 2024-12-26 12:24:16 --> Input Class Initialized
INFO - 2024-12-26 12:24:16 --> Language Class Initialized
INFO - 2024-12-26 12:24:16 --> Language Class Initialized
INFO - 2024-12-26 12:24:16 --> Config Class Initialized
INFO - 2024-12-26 12:24:16 --> Loader Class Initialized
INFO - 2024-12-26 12:24:16 --> Helper loaded: url_helper
INFO - 2024-12-26 12:24:16 --> Helper loaded: easyui_helper
INFO - 2024-12-26 12:24:16 --> Helper loaded: param_helper
INFO - 2024-12-26 12:24:16 --> Helper loaded: credential_helper
INFO - 2024-12-26 12:24:16 --> Helper loaded: template_helper
INFO - 2024-12-26 12:24:16 --> Helper loaded: rest_helper
INFO - 2024-12-26 12:24:16 --> Database Driver Class Initialized
DEBUG - 2024-12-26 12:24:16 --> Idgenerator class already loaded. Second attempt ignored.
INFO - 2024-12-26 12:24:16 --> Controller Class Initialized
INFO - 2024-12-26 12:24:16 --> Model Class Initialized
DEBUG - 2024-12-26 12:24:16 --> File loaded: /apps/web-drc/application/modules/promo_product_sales/models/Promo_product_model.php
INFO - 2024-12-26 12:24:16 --> Model Class Initialized
ERROR - 2024-12-26 12:24:16 --> Query error: Unknown column 'idpromo' in 'where clause' - Invalid query: UPDATE `t_sales_promo` SET `no_promo` = '4', `judul` = 'Test Promo 1', `mulai_tanggal` = '2024-12-27', `selesai_tanggal` = '2024-12-30', `desription_promo` = 'Test Promo Description 1', `idpromo` = '3', `modified_by` = 'admin', `modified_date` = '2024-12-26 05:24:16', `productid` = 'AC01,AC03'
WHERE `idpromo` = '3'
INFO - 2024-12-26 12:24:16 --> Final output sent to browser
DEBUG - 2024-12-26 12:24:16 --> Total execution time: 0.0060
INFO - 2024-12-26 12:24:16 --> Config Class Initialized
INFO - 2024-12-26 12:24:16 --> Hooks Class Initialized
DEBUG - 2024-12-26 12:24:16 --> UTF-8 Support Enabled
INFO - 2024-12-26 12:24:16 --> Utf8 Class Initialized
INFO - 2024-12-26 12:24:16 --> URI Class Initialized
INFO - 2024-12-26 12:24:16 --> Router Class Initialized
INFO - 2024-12-26 12:24:16 --> Output Class Initialized
INFO - 2024-12-26 12:24:16 --> Security Class Initialized
DEBUG - 2024-12-26 12:24:16 --> Global POST, GET and COOKIE data sanitized
INFO - 2024-12-26 12:24:16 --> Input Class Initialized
INFO - 2024-12-26 12:24:16 --> Language Class Initialized
INFO - 2024-12-26 12:24:16 --> Language Class Initialized
INFO - 2024-12-26 12:24:16 --> Config Class Initialized
INFO - 2024-12-26 12:24:16 --> Loader Class Initialized
INFO - 2024-12-26 12:24:16 --> Helper loaded: url_helper
INFO - 2024-12-26 12:24:16 --> Helper loaded: easyui_helper
INFO - 2024-12-26 12:24:16 --> Helper loaded: param_helper
INFO - 2024-12-26 12:24:16 --> Helper loaded: credential_helper
INFO - 2024-12-26 12:24:16 --> Helper loaded: template_helper
INFO - 2024-12-26 12:24:16 --> Helper loaded: rest_helper
INFO - 2024-12-26 12:24:16 --> Database Driver Class Initialized
DEBUG - 2024-12-26 12:24:16 --> Idgenerator class already loaded. Second attempt ignored.
INFO - 2024-12-26 12:24:16 --> Controller Class Initialized
INFO - 2024-12-26 12:24:16 --> Model Class Initialized
DEBUG - 2024-12-26 12:24:16 --> File loaded: /apps/web-drc/application/modules/promo_product_sales/models/Promo_product_model.php
INFO - 2024-12-26 12:24:16 --> Model Class Initialized
DEBUG - 2024-12-26 12:24:16 --> File loaded: /apps/web-drc/application/modules/promo_product_sales/views/content.php
DEBUG - 2024-12-26 12:24:16 --> File loaded: /apps/web-drc/application/views/templates/header.php
DEBUG - 2024-12-26 12:24:16 --> File loaded: /apps/web-drc/application/views/templates/toolbar.php
DEBUG - 2024-12-26 12:24:16 --> File loaded: /apps/web-drc/application/views/templates/sidebar.php
DEBUG - 2024-12-26 12:24:16 --> File loaded: /apps/web-drc/application/views/templates/contents.php
DEBUG - 2024-12-26 12:24:16 --> File loaded: /apps/web-drc/application/views/templates/content_footer.php
DEBUG - 2024-12-26 12:24:16 --> File loaded: /apps/web-drc/application/views/templates/footer.php
DEBUG - 2024-12-26 12:24:16 --> File loaded: /apps/web-drc/application/views/templates/default.php
INFO - 2024-12-26 12:24:16 --> Final output sent to browser
DEBUG - 2024-12-26 12:24:16 --> Total execution time: 0.0122
INFO - 2024-12-26 12:24:16 --> Config Class Initialized
INFO - 2024-12-26 12:24:16 --> Hooks Class Initialized
DEBUG - 2024-12-26 12:24:16 --> UTF-8 Support Enabled
INFO - 2024-12-26 12:24:16 --> Utf8 Class Initialized
INFO - 2024-12-26 12:24:16 --> URI Class Initialized
INFO - 2024-12-26 12:24:16 --> Router Class Initialized
INFO - 2024-12-26 12:24:16 --> Output Class Initialized
INFO - 2024-12-26 12:24:16 --> Security Class Initialized
DEBUG - 2024-12-26 12:24:16 --> Global POST, GET and COOKIE data sanitized
INFO - 2024-12-26 12:24:16 --> Input Class Initialized
INFO - 2024-12-26 12:24:16 --> Language Class Initialized
ERROR - 2024-12-26 12:24:16 --> 404 Page Not Found: /index
INFO - 2024-12-26 12:24:16 --> Config Class Initialized
INFO - 2024-12-26 12:24:16 --> Hooks Class Initialized
DEBUG - 2024-12-26 12:24:16 --> UTF-8 Support Enabled
INFO - 2024-12-26 12:24:16 --> Utf8 Class Initialized
INFO - 2024-12-26 12:24:16 --> URI Class Initialized
INFO - 2024-12-26 12:24:16 --> Router Class Initialized
INFO - 2024-12-26 12:24:16 --> Output Class Initialized
INFO - 2024-12-26 12:24:16 --> Security Class Initialized
DEBUG - 2024-12-26 12:24:16 --> Global POST, GET and COOKIE data sanitized
INFO - 2024-12-26 12:24:16 --> Input Class Initialized
INFO - 2024-12-26 12:24:16 --> Language Class Initialized
INFO - 2024-12-26 12:24:16 --> Language Class Initialized
INFO - 2024-12-26 12:24:16 --> Config Class Initialized
INFO - 2024-12-26 12:24:16 --> Loader Class Initialized
INFO - 2024-12-26 12:24:16 --> Helper loaded: url_helper
INFO - 2024-12-26 12:24:16 --> Helper loaded: easyui_helper
INFO - 2024-12-26 12:24:16 --> Helper loaded: param_helper
INFO - 2024-12-26 12:24:16 --> Helper loaded: credential_helper
INFO - 2024-12-26 12:24:16 --> Helper loaded: template_helper
INFO - 2024-12-26 12:24:16 --> Helper loaded: rest_helper
INFO - 2024-12-26 12:24:16 --> Database Driver Class Initialized
DEBUG - 2024-12-26 12:24:16 --> Idgenerator class already loaded. Second attempt ignored.
INFO - 2024-12-26 12:24:16 --> Controller Class Initialized
INFO - 2024-12-26 12:24:16 --> Model Class Initialized
DEBUG - 2024-12-26 12:24:16 --> File loaded: /apps/web-drc/application/modules/promo_product_sales/models/Promo_product_model.php
INFO - 2024-12-26 12:24:16 --> Model Class Initialized
INFO - 2024-12-26 12:24:16 --> Final output sent to browser
DEBUG - 2024-12-26 12:24:16 --> Total execution time: 0.0042
INFO - 2024-12-26 12:26:34 --> Config Class Initialized
INFO - 2024-12-26 12:26:34 --> Hooks Class Initialized
DEBUG - 2024-12-26 12:26:34 --> UTF-8 Support Enabled
INFO - 2024-12-26 12:26:34 --> Utf8 Class Initialized
INFO - 2024-12-26 12:26:34 --> URI Class Initialized
INFO - 2024-12-26 12:26:34 --> Router Class Initialized
INFO - 2024-12-26 12:26:34 --> Output Class Initialized
INFO - 2024-12-26 12:26:34 --> Security Class Initialized
DEBUG - 2024-12-26 12:26:34 --> Global POST, GET and COOKIE data sanitized
INFO - 2024-12-26 12:26:34 --> Input Class Initialized
INFO - 2024-12-26 12:26:34 --> Language Class Initialized
INFO - 2024-12-26 12:26:34 --> Language Class Initialized
INFO - 2024-12-26 12:26:34 --> Config Class Initialized
INFO - 2024-12-26 12:26:34 --> Loader Class Initialized
INFO - 2024-12-26 12:26:34 --> Helper loaded: url_helper
INFO - 2024-12-26 12:26:34 --> Helper loaded: easyui_helper
INFO - 2024-12-26 12:26:34 --> Helper loaded: param_helper
INFO - 2024-12-26 12:26:34 --> Helper loaded: credential_helper
INFO - 2024-12-26 12:26:34 --> Helper loaded: template_helper
INFO - 2024-12-26 12:26:34 --> Helper loaded: rest_helper
INFO - 2024-12-26 12:26:34 --> Database Driver Class Initialized
DEBUG - 2024-12-26 12:26:34 --> Idgenerator class already loaded. Second attempt ignored.
INFO - 2024-12-26 12:26:34 --> Controller Class Initialized
INFO - 2024-12-26 12:26:34 --> Model Class Initialized
DEBUG - 2024-12-26 12:26:34 --> File loaded: /apps/web-drc/application/modules/promo_product_sales/models/Promo_product_model.php
INFO - 2024-12-26 12:26:34 --> Model Class Initialized
INFO - 2024-12-26 12:26:34 --> Final output sent to browser
DEBUG - 2024-12-26 12:26:34 --> Total execution time: 0.0048
INFO - 2024-12-26 12:26:34 --> Config Class Initialized
INFO - 2024-12-26 12:26:34 --> Hooks Class Initialized
DEBUG - 2024-12-26 12:26:34 --> UTF-8 Support Enabled
INFO - 2024-12-26 12:26:34 --> Utf8 Class Initialized
INFO - 2024-12-26 12:26:34 --> URI Class Initialized
INFO - 2024-12-26 12:26:34 --> Router Class Initialized
INFO - 2024-12-26 12:26:34 --> Output Class Initialized
INFO - 2024-12-26 12:26:34 --> Security Class Initialized
DEBUG - 2024-12-26 12:26:34 --> Global POST, GET and COOKIE data sanitized
INFO - 2024-12-26 12:26:34 --> Input Class Initialized
INFO - 2024-12-26 12:26:34 --> Language Class Initialized
INFO - 2024-12-26 12:26:34 --> Language Class Initialized
INFO - 2024-12-26 12:26:34 --> Config Class Initialized
INFO - 2024-12-26 12:26:34 --> Loader Class Initialized
INFO - 2024-12-26 12:26:34 --> Helper loaded: url_helper
INFO - 2024-12-26 12:26:34 --> Helper loaded: easyui_helper
INFO - 2024-12-26 12:26:34 --> Helper loaded: param_helper
INFO - 2024-12-26 12:26:34 --> Helper loaded: credential_helper
INFO - 2024-12-26 12:26:34 --> Helper loaded: template_helper
INFO - 2024-12-26 12:26:34 --> Helper loaded: rest_helper
INFO - 2024-12-26 12:26:34 --> Database Driver Class Initialized
DEBUG - 2024-12-26 12:26:34 --> Idgenerator class already loaded. Second attempt ignored.
INFO - 2024-12-26 12:26:34 --> Controller Class Initialized
INFO - 2024-12-26 12:26:34 --> Model Class Initialized
DEBUG - 2024-12-26 12:26:34 --> File loaded: /apps/web-drc/application/modules/promo_product_sales/models/Promo_product_model.php
INFO - 2024-12-26 12:26:34 --> Model Class Initialized
INFO - 2024-12-26 12:26:34 --> Final output sent to browser
DEBUG - 2024-12-26 12:26:34 --> Total execution time: 0.0043
INFO - 2024-12-26 12:28:37 --> Config Class Initialized
INFO - 2024-12-26 12:28:37 --> Hooks Class Initialized
DEBUG - 2024-12-26 12:28:37 --> UTF-8 Support Enabled
INFO - 2024-12-26 12:28:37 --> Utf8 Class Initialized
INFO - 2024-12-26 12:28:37 --> URI Class Initialized
INFO - 2024-12-26 12:28:37 --> Router Class Initialized
INFO - 2024-12-26 12:28:37 --> Output Class Initialized
INFO - 2024-12-26 12:28:37 --> Security Class Initialized
DEBUG - 2024-12-26 12:28:37 --> Global POST, GET and COOKIE data sanitized
INFO - 2024-12-26 12:28:37 --> Input Class Initialized
INFO - 2024-12-26 12:28:37 --> Language Class Initialized
INFO - 2024-12-26 12:28:37 --> Language Class Initialized
INFO - 2024-12-26 12:28:37 --> Config Class Initialized
INFO - 2024-12-26 12:28:37 --> Loader Class Initialized
INFO - 2024-12-26 12:28:37 --> Helper loaded: url_helper
INFO - 2024-12-26 12:28:37 --> Helper loaded: easyui_helper
INFO - 2024-12-26 12:28:37 --> Helper loaded: param_helper
INFO - 2024-12-26 12:28:37 --> Helper loaded: credential_helper
INFO - 2024-12-26 12:28:37 --> Helper loaded: template_helper
INFO - 2024-12-26 12:28:37 --> Helper loaded: rest_helper
INFO - 2024-12-26 12:28:37 --> Database Driver Class Initialized
DEBUG - 2024-12-26 12:28:37 --> Idgenerator class already loaded. Second attempt ignored.
INFO - 2024-12-26 12:28:37 --> Controller Class Initialized
INFO - 2024-12-26 12:28:37 --> Model Class Initialized
DEBUG - 2024-12-26 12:28:37 --> File loaded: /apps/web-drc/application/modules/promo_product_sales/models/Promo_product_model.php
INFO - 2024-12-26 12:28:37 --> Model Class Initialized
DEBUG - 2024-12-26 12:28:37 --> File loaded: /apps/web-drc/application/modules/promo_product_sales/views/content.php
DEBUG - 2024-12-26 12:28:37 --> File loaded: /apps/web-drc/application/views/templates/header.php
DEBUG - 2024-12-26 12:28:37 --> File loaded: /apps/web-drc/application/views/templates/toolbar.php
DEBUG - 2024-12-26 12:28:37 --> File loaded: /apps/web-drc/application/views/templates/sidebar.php
DEBUG - 2024-12-26 12:28:37 --> File loaded: /apps/web-drc/application/views/templates/contents.php
DEBUG - 2024-12-26 12:28:37 --> File loaded: /apps/web-drc/application/views/templates/content_footer.php
DEBUG - 2024-12-26 12:28:37 --> File loaded: /apps/web-drc/application/views/templates/footer.php
DEBUG - 2024-12-26 12:28:37 --> File loaded: /apps/web-drc/application/views/templates/default.php
INFO - 2024-12-26 12:28:37 --> Final output sent to browser
DEBUG - 2024-12-26 12:28:37 --> Total execution time: 0.0124
INFO - 2024-12-26 12:28:38 --> Config Class Initialized
INFO - 2024-12-26 12:28:38 --> Hooks Class Initialized
DEBUG - 2024-12-26 12:28:38 --> UTF-8 Support Enabled
INFO - 2024-12-26 12:28:38 --> Utf8 Class Initialized
INFO - 2024-12-26 12:28:38 --> URI Class Initialized
INFO - 2024-12-26 12:28:38 --> Router Class Initialized
INFO - 2024-12-26 12:28:38 --> Output Class Initialized
INFO - 2024-12-26 12:28:38 --> Security Class Initialized
DEBUG - 2024-12-26 12:28:38 --> Global POST, GET and COOKIE data sanitized
INFO - 2024-12-26 12:28:38 --> Input Class Initialized
INFO - 2024-12-26 12:28:38 --> Language Class Initialized
ERROR - 2024-12-26 12:28:38 --> 404 Page Not Found: /index
INFO - 2024-12-26 12:28:39 --> Config Class Initialized
INFO - 2024-12-26 12:28:39 --> Hooks Class Initialized
DEBUG - 2024-12-26 12:28:39 --> UTF-8 Support Enabled
INFO - 2024-12-26 12:28:39 --> Utf8 Class Initialized
INFO - 2024-12-26 12:28:39 --> URI Class Initialized
INFO - 2024-12-26 12:28:39 --> Router Class Initialized
INFO - 2024-12-26 12:28:39 --> Output Class Initialized
INFO - 2024-12-26 12:28:39 --> Security Class Initialized
DEBUG - 2024-12-26 12:28:39 --> Global POST, GET and COOKIE data sanitized
INFO - 2024-12-26 12:28:39 --> Input Class Initialized
INFO - 2024-12-26 12:28:39 --> Language Class Initialized
INFO - 2024-12-26 12:28:39 --> Language Class Initialized
INFO - 2024-12-26 12:28:39 --> Config Class Initialized
INFO - 2024-12-26 12:28:39 --> Loader Class Initialized
INFO - 2024-12-26 12:28:39 --> Helper loaded: url_helper
INFO - 2024-12-26 12:28:39 --> Helper loaded: easyui_helper
INFO - 2024-12-26 12:28:39 --> Helper loaded: param_helper
INFO - 2024-12-26 12:28:39 --> Helper loaded: credential_helper
INFO - 2024-12-26 12:28:39 --> Helper loaded: template_helper
INFO - 2024-12-26 12:28:39 --> Helper loaded: rest_helper
INFO - 2024-12-26 12:28:39 --> Database Driver Class Initialized
DEBUG - 2024-12-26 12:28:39 --> Idgenerator class already loaded. Second attempt ignored.
INFO - 2024-12-26 12:28:39 --> Controller Class Initialized
INFO - 2024-12-26 12:28:39 --> Model Class Initialized
DEBUG - 2024-12-26 12:28:39 --> File loaded: /apps/web-drc/application/modules/promo_product_sales/models/Promo_product_model.php
INFO - 2024-12-26 12:28:39 --> Model Class Initialized
INFO - 2024-12-26 12:28:39 --> Final output sent to browser
DEBUG - 2024-12-26 12:28:39 --> Total execution time: 0.0067
INFO - 2024-12-26 12:28:39 --> Config Class Initialized
INFO - 2024-12-26 12:28:39 --> Hooks Class Initialized
DEBUG - 2024-12-26 12:28:39 --> UTF-8 Support Enabled
INFO - 2024-12-26 12:28:39 --> Utf8 Class Initialized
INFO - 2024-12-26 12:28:39 --> URI Class Initialized
INFO - 2024-12-26 12:28:39 --> Router Class Initialized
INFO - 2024-12-26 12:28:39 --> Output Class Initialized
INFO - 2024-12-26 12:28:39 --> Security Class Initialized
DEBUG - 2024-12-26 12:28:39 --> Global POST, GET and COOKIE data sanitized
INFO - 2024-12-26 12:28:39 --> Input Class Initialized
INFO - 2024-12-26 12:28:39 --> Language Class Initialized
ERROR - 2024-12-26 12:28:39 --> 404 Page Not Found: /index
INFO - 2024-12-26 12:28:40 --> Config Class Initialized
INFO - 2024-12-26 12:28:40 --> Hooks Class Initialized
DEBUG - 2024-12-26 12:28:40 --> UTF-8 Support Enabled
INFO - 2024-12-26 12:28:40 --> Utf8 Class Initialized
INFO - 2024-12-26 12:28:40 --> URI Class Initialized
INFO - 2024-12-26 12:28:40 --> Router Class Initialized
INFO - 2024-12-26 12:28:40 --> Output Class Initialized
INFO - 2024-12-26 12:28:40 --> Security Class Initialized
DEBUG - 2024-12-26 12:28:40 --> Global POST, GET and COOKIE data sanitized
INFO - 2024-12-26 12:28:40 --> Input Class Initialized
INFO - 2024-12-26 12:28:40 --> Language Class Initialized
INFO - 2024-12-26 12:28:40 --> Language Class Initialized
INFO - 2024-12-26 12:28:40 --> Config Class Initialized
INFO - 2024-12-26 12:28:40 --> Loader Class Initialized
INFO - 2024-12-26 12:28:40 --> Helper loaded: url_helper
INFO - 2024-12-26 12:28:40 --> Helper loaded: easyui_helper
INFO - 2024-12-26 12:28:40 --> Helper loaded: param_helper
INFO - 2024-12-26 12:28:40 --> Helper loaded: credential_helper
INFO - 2024-12-26 12:28:40 --> Helper loaded: template_helper
INFO - 2024-12-26 12:28:40 --> Helper loaded: rest_helper
INFO - 2024-12-26 12:28:40 --> Database Driver Class Initialized
DEBUG - 2024-12-26 12:28:40 --> Idgenerator class already loaded. Second attempt ignored.
INFO - 2024-12-26 12:28:40 --> Controller Class Initialized
INFO - 2024-12-26 12:28:40 --> Model Class Initialized
DEBUG - 2024-12-26 12:28:40 --> File loaded: /apps/web-drc/application/modules/promo_product_sales/models/Promo_product_model.php
INFO - 2024-12-26 12:28:40 --> Model Class Initialized
DEBUG - 2024-12-26 12:28:40 --> File loaded: /apps/web-drc/application/modules/promo_product_sales/views/form.php
DEBUG - 2024-12-26 12:28:40 --> File loaded: /apps/web-drc/application/views/templates/header.php
DEBUG - 2024-12-26 12:28:40 --> File loaded: /apps/web-drc/application/views/templates/toolbar.php
DEBUG - 2024-12-26 12:28:40 --> File loaded: /apps/web-drc/application/views/templates/sidebar.php
DEBUG - 2024-12-26 12:28:40 --> File loaded: /apps/web-drc/application/views/templates/contents.php
DEBUG - 2024-12-26 12:28:40 --> File loaded: /apps/web-drc/application/views/templates/content_footer.php
DEBUG - 2024-12-26 12:28:40 --> File loaded: /apps/web-drc/application/views/templates/footer.php
DEBUG - 2024-12-26 12:28:40 --> File loaded: /apps/web-drc/application/views/templates/default.php
INFO - 2024-12-26 12:28:40 --> Final output sent to browser
DEBUG - 2024-12-26 12:28:40 --> Total execution time: 0.0114
INFO - 2024-12-26 12:28:40 --> Config Class Initialized
INFO - 2024-12-26 12:28:40 --> Hooks Class Initialized
DEBUG - 2024-12-26 12:28:40 --> UTF-8 Support Enabled
INFO - 2024-12-26 12:28:40 --> Utf8 Class Initialized
INFO - 2024-12-26 12:28:40 --> URI Class Initialized
INFO - 2024-12-26 12:28:40 --> Router Class Initialized
INFO - 2024-12-26 12:28:40 --> Output Class Initialized
INFO - 2024-12-26 12:28:40 --> Security Class Initialized
DEBUG - 2024-12-26 12:28:40 --> Global POST, GET and COOKIE data sanitized
INFO - 2024-12-26 12:28:40 --> Input Class Initialized
INFO - 2024-12-26 12:28:40 --> Language Class Initialized
ERROR - 2024-12-26 12:28:40 --> 404 Page Not Found: /index
INFO - 2024-12-26 12:28:40 --> Config Class Initialized
INFO - 2024-12-26 12:28:40 --> Hooks Class Initialized
DEBUG - 2024-12-26 12:28:40 --> UTF-8 Support Enabled
INFO - 2024-12-26 12:28:40 --> Utf8 Class Initialized
INFO - 2024-12-26 12:28:40 --> URI Class Initialized
INFO - 2024-12-26 12:28:40 --> Router Class Initialized
INFO - 2024-12-26 12:28:40 --> Output Class Initialized
INFO - 2024-12-26 12:28:40 --> Security Class Initialized
DEBUG - 2024-12-26 12:28:40 --> Global POST, GET and COOKIE data sanitized
INFO - 2024-12-26 12:28:40 --> Input Class Initialized
INFO - 2024-12-26 12:28:40 --> Language Class Initialized
INFO - 2024-12-26 12:28:40 --> Language Class Initialized
INFO - 2024-12-26 12:28:40 --> Config Class Initialized
INFO - 2024-12-26 12:28:40 --> Loader Class Initialized
INFO - 2024-12-26 12:28:40 --> Helper loaded: url_helper
INFO - 2024-12-26 12:28:40 --> Helper loaded: easyui_helper
INFO - 2024-12-26 12:28:40 --> Helper loaded: param_helper
INFO - 2024-12-26 12:28:40 --> Helper loaded: credential_helper
INFO - 2024-12-26 12:28:40 --> Helper loaded: template_helper
INFO - 2024-12-26 12:28:40 --> Helper loaded: rest_helper
INFO - 2024-12-26 12:28:40 --> Database Driver Class Initialized
DEBUG - 2024-12-26 12:28:40 --> Idgenerator class already loaded. Second attempt ignored.
INFO - 2024-12-26 12:28:40 --> Controller Class Initialized
INFO - 2024-12-26 12:28:40 --> Model Class Initialized
DEBUG - 2024-12-26 12:28:40 --> File loaded: /apps/web-drc/application/modules/api_v1/models/Api_v1_model.php
INFO - 2024-12-26 12:28:40 --> Model Class Initialized
INFO - 2024-12-26 12:28:40 --> Final output sent to browser
DEBUG - 2024-12-26 12:28:40 --> Total execution time: 0.0035
INFO - 2024-12-26 12:29:01 --> Config Class Initialized
INFO - 2024-12-26 12:29:01 --> Hooks Class Initialized
DEBUG - 2024-12-26 12:29:01 --> UTF-8 Support Enabled
INFO - 2024-12-26 12:29:01 --> Utf8 Class Initialized
INFO - 2024-12-26 12:29:01 --> URI Class Initialized
INFO - 2024-12-26 12:29:01 --> Router Class Initialized
INFO - 2024-12-26 12:29:01 --> Output Class Initialized
INFO - 2024-12-26 12:29:01 --> Security Class Initialized
DEBUG - 2024-12-26 12:29:01 --> Global POST, GET and COOKIE data sanitized
INFO - 2024-12-26 12:29:01 --> Input Class Initialized
INFO - 2024-12-26 12:29:01 --> Language Class Initialized
INFO - 2024-12-26 12:29:01 --> Language Class Initialized
INFO - 2024-12-26 12:29:01 --> Config Class Initialized
INFO - 2024-12-26 12:29:01 --> Loader Class Initialized
INFO - 2024-12-26 12:29:01 --> Helper loaded: url_helper
INFO - 2024-12-26 12:29:01 --> Helper loaded: easyui_helper
INFO - 2024-12-26 12:29:01 --> Helper loaded: param_helper
INFO - 2024-12-26 12:29:01 --> Helper loaded: credential_helper
INFO - 2024-12-26 12:29:01 --> Helper loaded: template_helper
INFO - 2024-12-26 12:29:01 --> Helper loaded: rest_helper
INFO - 2024-12-26 12:29:01 --> Database Driver Class Initialized
DEBUG - 2024-12-26 12:29:01 --> Idgenerator class already loaded. Second attempt ignored.
INFO - 2024-12-26 12:29:01 --> Controller Class Initialized
INFO - 2024-12-26 12:29:01 --> Model Class Initialized
DEBUG - 2024-12-26 12:29:01 --> File loaded: /apps/web-drc/application/modules/promo_product_sales/models/Promo_product_model.php
INFO - 2024-12-26 12:29:01 --> Model Class Initialized
ERROR - 2024-12-26 12:29:01 --> Query error: Column 'idpromo' cannot be null - Invalid query: INSERT INTO `t_sales_promo_product` (`idpromo`, `productid`, `product_name`) VALUES (NULL, 'AC01', NULL)
ERROR - 2024-12-26 12:29:01 --> Query error: Column 'idpromo' cannot be null - Invalid query: INSERT INTO `t_sales_promo_product` (`idpromo`, `productid`, `product_name`) VALUES (NULL, 'AC03', NULL)
ERROR - 2024-12-26 12:29:01 --> Query error: Column 'idpromo' cannot be null - Invalid query: INSERT INTO `t_sales_promo_product` (`idpromo`, `productid`, `product_name`) VALUES (NULL, 'AC05', NULL)
ERROR - 2024-12-26 12:29:01 --> Query error: Column 'idpromo' cannot be null - Invalid query: INSERT INTO `t_sales_promo_product` (`idpromo`, `productid`, `product_name`) VALUES (NULL, 'NVTB60ML', NULL)
ERROR - 2024-12-26 12:29:01 --> Query error: Unknown column 'idpromo' in 'where clause' - Invalid query: UPDATE `t_sales_promo` SET `no_promo` = '4', `judul` = 'Test Promo 1', `mulai_tanggal` = '2024-12-27', `selesai_tanggal` = '2024-12-30', `desription_promo` = 'Test Promo Description 1', `idpromo` = '3', `modified_by` = 'admin', `modified_date` = '2024-12-26 05:29:01', `productid` = 'AC01,AC03,AC05,NVTB60ML'
WHERE `idpromo` IS NULL
INFO - 2024-12-26 12:29:01 --> Final output sent to browser
DEBUG - 2024-12-26 12:29:01 --> Total execution time: 0.0085
INFO - 2024-12-26 12:29:02 --> Config Class Initialized
INFO - 2024-12-26 12:29:02 --> Hooks Class Initialized
DEBUG - 2024-12-26 12:29:02 --> UTF-8 Support Enabled
INFO - 2024-12-26 12:29:02 --> Utf8 Class Initialized
INFO - 2024-12-26 12:29:02 --> URI Class Initialized
INFO - 2024-12-26 12:29:02 --> Router Class Initialized
INFO - 2024-12-26 12:29:02 --> Output Class Initialized
INFO - 2024-12-26 12:29:02 --> Security Class Initialized
DEBUG - 2024-12-26 12:29:02 --> Global POST, GET and COOKIE data sanitized
INFO - 2024-12-26 12:29:02 --> Input Class Initialized
INFO - 2024-12-26 12:29:02 --> Language Class Initialized
INFO - 2024-12-26 12:29:02 --> Language Class Initialized
INFO - 2024-12-26 12:29:02 --> Config Class Initialized
INFO - 2024-12-26 12:29:02 --> Loader Class Initialized
INFO - 2024-12-26 12:29:02 --> Helper loaded: url_helper
INFO - 2024-12-26 12:29:02 --> Helper loaded: easyui_helper
INFO - 2024-12-26 12:29:02 --> Helper loaded: param_helper
INFO - 2024-12-26 12:29:02 --> Helper loaded: credential_helper
INFO - 2024-12-26 12:29:02 --> Helper loaded: template_helper
INFO - 2024-12-26 12:29:02 --> Helper loaded: rest_helper
INFO - 2024-12-26 12:29:02 --> Database Driver Class Initialized
DEBUG - 2024-12-26 12:29:02 --> Idgenerator class already loaded. Second attempt ignored.
INFO - 2024-12-26 12:29:02 --> Controller Class Initialized
INFO - 2024-12-26 12:29:02 --> Model Class Initialized
DEBUG - 2024-12-26 12:29:02 --> File loaded: /apps/web-drc/application/modules/promo_product_sales/models/Promo_product_model.php
INFO - 2024-12-26 12:29:02 --> Model Class Initialized
DEBUG - 2024-12-26 12:29:02 --> File loaded: /apps/web-drc/application/modules/promo_product_sales/views/content.php
DEBUG - 2024-12-26 12:29:02 --> File loaded: /apps/web-drc/application/views/templates/header.php
DEBUG - 2024-12-26 12:29:02 --> File loaded: /apps/web-drc/application/views/templates/toolbar.php
DEBUG - 2024-12-26 12:29:02 --> File loaded: /apps/web-drc/application/views/templates/sidebar.php
DEBUG - 2024-12-26 12:29:02 --> File loaded: /apps/web-drc/application/views/templates/contents.php
DEBUG - 2024-12-26 12:29:02 --> File loaded: /apps/web-drc/application/views/templates/content_footer.php
DEBUG - 2024-12-26 12:29:02 --> File loaded: /apps/web-drc/application/views/templates/footer.php
DEBUG - 2024-12-26 12:29:02 --> File loaded: /apps/web-drc/application/views/templates/default.php
INFO - 2024-12-26 12:29:02 --> Final output sent to browser
DEBUG - 2024-12-26 12:29:02 --> Total execution time: 0.0121
INFO - 2024-12-26 12:29:02 --> Config Class Initialized
INFO - 2024-12-26 12:29:02 --> Hooks Class Initialized
DEBUG - 2024-12-26 12:29:02 --> UTF-8 Support Enabled
INFO - 2024-12-26 12:29:02 --> Utf8 Class Initialized
INFO - 2024-12-26 12:29:02 --> URI Class Initialized
INFO - 2024-12-26 12:29:02 --> Router Class Initialized
INFO - 2024-12-26 12:29:02 --> Output Class Initialized
INFO - 2024-12-26 12:29:02 --> Security Class Initialized
DEBUG - 2024-12-26 12:29:02 --> Global POST, GET and COOKIE data sanitized
INFO - 2024-12-26 12:29:02 --> Input Class Initialized
INFO - 2024-12-26 12:29:02 --> Language Class Initialized
ERROR - 2024-12-26 12:29:02 --> 404 Page Not Found: /index
INFO - 2024-12-26 12:29:02 --> Config Class Initialized
INFO - 2024-12-26 12:29:02 --> Hooks Class Initialized
DEBUG - 2024-12-26 12:29:02 --> UTF-8 Support Enabled
INFO - 2024-12-26 12:29:02 --> Utf8 Class Initialized
INFO - 2024-12-26 12:29:02 --> URI Class Initialized
INFO - 2024-12-26 12:29:02 --> Router Class Initialized
INFO - 2024-12-26 12:29:02 --> Output Class Initialized
INFO - 2024-12-26 12:29:02 --> Security Class Initialized
DEBUG - 2024-12-26 12:29:02 --> Global POST, GET and COOKIE data sanitized
INFO - 2024-12-26 12:29:02 --> Input Class Initialized
INFO - 2024-12-26 12:29:02 --> Language Class Initialized
INFO - 2024-12-26 12:29:02 --> Language Class Initialized
INFO - 2024-12-26 12:29:02 --> Config Class Initialized
INFO - 2024-12-26 12:29:02 --> Loader Class Initialized
INFO - 2024-12-26 12:29:02 --> Helper loaded: url_helper
INFO - 2024-12-26 12:29:02 --> Helper loaded: easyui_helper
INFO - 2024-12-26 12:29:02 --> Helper loaded: param_helper
INFO - 2024-12-26 12:29:02 --> Helper loaded: credential_helper
INFO - 2024-12-26 12:29:02 --> Helper loaded: template_helper
INFO - 2024-12-26 12:29:02 --> Helper loaded: rest_helper
INFO - 2024-12-26 12:29:02 --> Database Driver Class Initialized
DEBUG - 2024-12-26 12:29:02 --> Idgenerator class already loaded. Second attempt ignored.
INFO - 2024-12-26 12:29:02 --> Controller Class Initialized
INFO - 2024-12-26 12:29:02 --> Model Class Initialized
DEBUG - 2024-12-26 12:29:02 --> File loaded: /apps/web-drc/application/modules/promo_product_sales/models/Promo_product_model.php
INFO - 2024-12-26 12:29:02 --> Model Class Initialized
INFO - 2024-12-26 12:29:02 --> Final output sent to browser
DEBUG - 2024-12-26 12:29:02 --> Total execution time: 0.0068
INFO - 2024-12-26 12:29:15 --> Config Class Initialized
INFO - 2024-12-26 12:29:15 --> Hooks Class Initialized
DEBUG - 2024-12-26 12:29:15 --> UTF-8 Support Enabled
INFO - 2024-12-26 12:29:15 --> Utf8 Class Initialized
INFO - 2024-12-26 12:29:15 --> URI Class Initialized
INFO - 2024-12-26 12:29:15 --> Router Class Initialized
INFO - 2024-12-26 12:29:15 --> Output Class Initialized
INFO - 2024-12-26 12:29:15 --> Security Class Initialized
DEBUG - 2024-12-26 12:29:15 --> Global POST, GET and COOKIE data sanitized
INFO - 2024-12-26 12:29:15 --> Input Class Initialized
INFO - 2024-12-26 12:29:15 --> Language Class Initialized
INFO - 2024-12-26 12:29:15 --> Language Class Initialized
INFO - 2024-12-26 12:29:15 --> Config Class Initialized
INFO - 2024-12-26 12:29:15 --> Loader Class Initialized
INFO - 2024-12-26 12:29:15 --> Helper loaded: url_helper
INFO - 2024-12-26 12:29:15 --> Helper loaded: easyui_helper
INFO - 2024-12-26 12:29:15 --> Helper loaded: param_helper
INFO - 2024-12-26 12:29:15 --> Helper loaded: credential_helper
INFO - 2024-12-26 12:29:15 --> Helper loaded: template_helper
INFO - 2024-12-26 12:29:15 --> Helper loaded: rest_helper
INFO - 2024-12-26 12:29:15 --> Database Driver Class Initialized
DEBUG - 2024-12-26 12:29:15 --> Idgenerator class already loaded. Second attempt ignored.
INFO - 2024-12-26 12:29:15 --> Controller Class Initialized
INFO - 2024-12-26 12:29:15 --> Model Class Initialized
DEBUG - 2024-12-26 12:29:15 --> File loaded: /apps/web-drc/application/modules/promo_product_sales/models/Promo_product_model.php
INFO - 2024-12-26 12:29:15 --> Model Class Initialized
INFO - 2024-12-26 12:29:15 --> Final output sent to browser
DEBUG - 2024-12-26 12:29:15 --> Total execution time: 0.0063
INFO - 2024-12-26 12:29:15 --> Config Class Initialized
INFO - 2024-12-26 12:29:15 --> Hooks Class Initialized
DEBUG - 2024-12-26 12:29:15 --> UTF-8 Support Enabled
INFO - 2024-12-26 12:29:15 --> Utf8 Class Initialized
INFO - 2024-12-26 12:29:15 --> URI Class Initialized
INFO - 2024-12-26 12:29:15 --> Router Class Initialized
INFO - 2024-12-26 12:29:15 --> Output Class Initialized
INFO - 2024-12-26 12:29:15 --> Security Class Initialized
DEBUG - 2024-12-26 12:29:15 --> Global POST, GET and COOKIE data sanitized
INFO - 2024-12-26 12:29:15 --> Input Class Initialized
INFO - 2024-12-26 12:29:15 --> Language Class Initialized
INFO - 2024-12-26 12:29:15 --> Language Class Initialized
INFO - 2024-12-26 12:29:15 --> Config Class Initialized
INFO - 2024-12-26 12:29:15 --> Loader Class Initialized
INFO - 2024-12-26 12:29:15 --> Helper loaded: url_helper
INFO - 2024-12-26 12:29:15 --> Helper loaded: easyui_helper
INFO - 2024-12-26 12:29:15 --> Helper loaded: param_helper
INFO - 2024-12-26 12:29:15 --> Helper loaded: credential_helper
INFO - 2024-12-26 12:29:15 --> Helper loaded: template_helper
INFO - 2024-12-26 12:29:15 --> Helper loaded: rest_helper
INFO - 2024-12-26 12:29:15 --> Database Driver Class Initialized
DEBUG - 2024-12-26 12:29:15 --> Idgenerator class already loaded. Second attempt ignored.
INFO - 2024-12-26 12:29:15 --> Controller Class Initialized
INFO - 2024-12-26 12:29:15 --> Model Class Initialized
DEBUG - 2024-12-26 12:29:15 --> File loaded: /apps/web-drc/application/modules/promo_product_sales/models/Promo_product_model.php
INFO - 2024-12-26 12:29:15 --> Model Class Initialized
INFO - 2024-12-26 12:29:15 --> Final output sent to browser
DEBUG - 2024-12-26 12:29:15 --> Total execution time: 0.0037
INFO - 2024-12-26 12:29:25 --> Config Class Initialized
INFO - 2024-12-26 12:29:25 --> Hooks Class Initialized
DEBUG - 2024-12-26 12:29:25 --> UTF-8 Support Enabled
INFO - 2024-12-26 12:29:25 --> Utf8 Class Initialized
INFO - 2024-12-26 12:29:25 --> URI Class Initialized
INFO - 2024-12-26 12:29:25 --> Router Class Initialized
INFO - 2024-12-26 12:29:25 --> Output Class Initialized
INFO - 2024-12-26 12:29:25 --> Security Class Initialized
DEBUG - 2024-12-26 12:29:25 --> Global POST, GET and COOKIE data sanitized
INFO - 2024-12-26 12:29:25 --> Input Class Initialized
INFO - 2024-12-26 12:29:25 --> Language Class Initialized
INFO - 2024-12-26 12:29:25 --> Language Class Initialized
INFO - 2024-12-26 12:29:25 --> Config Class Initialized
INFO - 2024-12-26 12:29:25 --> Loader Class Initialized
INFO - 2024-12-26 12:29:25 --> Helper loaded: url_helper
INFO - 2024-12-26 12:29:25 --> Helper loaded: easyui_helper
INFO - 2024-12-26 12:29:25 --> Helper loaded: param_helper
INFO - 2024-12-26 12:29:25 --> Helper loaded: credential_helper
INFO - 2024-12-26 12:29:25 --> Helper loaded: template_helper
INFO - 2024-12-26 12:29:25 --> Helper loaded: rest_helper
INFO - 2024-12-26 12:29:25 --> Database Driver Class Initialized
DEBUG - 2024-12-26 12:29:25 --> Idgenerator class already loaded. Second attempt ignored.
INFO - 2024-12-26 12:29:25 --> Controller Class Initialized
INFO - 2024-12-26 12:29:25 --> Model Class Initialized
DEBUG - 2024-12-26 12:29:25 --> File loaded: /apps/web-drc/application/modules/promo_product_sales/models/Promo_product_model.php
INFO - 2024-12-26 12:29:25 --> Model Class Initialized
DEBUG - 2024-12-26 12:29:25 --> File loaded: /apps/web-drc/application/modules/promo_product_sales/views/form.php
DEBUG - 2024-12-26 12:29:25 --> File loaded: /apps/web-drc/application/views/templates/header.php
DEBUG - 2024-12-26 12:29:25 --> File loaded: /apps/web-drc/application/views/templates/toolbar.php
DEBUG - 2024-12-26 12:29:25 --> File loaded: /apps/web-drc/application/views/templates/sidebar.php
DEBUG - 2024-12-26 12:29:25 --> File loaded: /apps/web-drc/application/views/templates/contents.php
DEBUG - 2024-12-26 12:29:25 --> File loaded: /apps/web-drc/application/views/templates/content_footer.php
DEBUG - 2024-12-26 12:29:25 --> File loaded: /apps/web-drc/application/views/templates/footer.php
DEBUG - 2024-12-26 12:29:25 --> File loaded: /apps/web-drc/application/views/templates/default.php
INFO - 2024-12-26 12:29:25 --> Final output sent to browser
DEBUG - 2024-12-26 12:29:25 --> Total execution time: 0.0129
INFO - 2024-12-26 12:29:25 --> Config Class Initialized
INFO - 2024-12-26 12:29:25 --> Hooks Class Initialized
DEBUG - 2024-12-26 12:29:25 --> UTF-8 Support Enabled
INFO - 2024-12-26 12:29:25 --> Utf8 Class Initialized
INFO - 2024-12-26 12:29:25 --> URI Class Initialized
INFO - 2024-12-26 12:29:25 --> Router Class Initialized
INFO - 2024-12-26 12:29:25 --> Output Class Initialized
INFO - 2024-12-26 12:29:25 --> Security Class Initialized
DEBUG - 2024-12-26 12:29:25 --> Global POST, GET and COOKIE data sanitized
INFO - 2024-12-26 12:29:25 --> Input Class Initialized
INFO - 2024-12-26 12:29:25 --> Language Class Initialized
ERROR - 2024-12-26 12:29:25 --> 404 Page Not Found: /index
INFO - 2024-12-26 12:29:25 --> Config Class Initialized
INFO - 2024-12-26 12:29:25 --> Hooks Class Initialized
DEBUG - 2024-12-26 12:29:25 --> UTF-8 Support Enabled
INFO - 2024-12-26 12:29:25 --> Utf8 Class Initialized
INFO - 2024-12-26 12:29:25 --> URI Class Initialized
INFO - 2024-12-26 12:29:25 --> Router Class Initialized
INFO - 2024-12-26 12:29:25 --> Output Class Initialized
INFO - 2024-12-26 12:29:25 --> Security Class Initialized
DEBUG - 2024-12-26 12:29:25 --> Global POST, GET and COOKIE data sanitized
INFO - 2024-12-26 12:29:25 --> Input Class Initialized
INFO - 2024-12-26 12:29:25 --> Language Class Initialized
INFO - 2024-12-26 12:29:25 --> Language Class Initialized
INFO - 2024-12-26 12:29:25 --> Config Class Initialized
INFO - 2024-12-26 12:29:25 --> Loader Class Initialized
INFO - 2024-12-26 12:29:25 --> Helper loaded: url_helper
INFO - 2024-12-26 12:29:25 --> Helper loaded: easyui_helper
INFO - 2024-12-26 12:29:25 --> Helper loaded: param_helper
INFO - 2024-12-26 12:29:25 --> Helper loaded: credential_helper
INFO - 2024-12-26 12:29:25 --> Helper loaded: template_helper
INFO - 2024-12-26 12:29:25 --> Helper loaded: rest_helper
INFO - 2024-12-26 12:29:25 --> Database Driver Class Initialized
DEBUG - 2024-12-26 12:29:25 --> Idgenerator class already loaded. Second attempt ignored.
INFO - 2024-12-26 12:29:25 --> Controller Class Initialized
INFO - 2024-12-26 12:29:25 --> Model Class Initialized
DEBUG - 2024-12-26 12:29:25 --> File loaded: /apps/web-drc/application/modules/api_v1/models/Api_v1_model.php
INFO - 2024-12-26 12:29:25 --> Model Class Initialized
INFO - 2024-12-26 12:29:25 --> Final output sent to browser
DEBUG - 2024-12-26 12:29:25 --> Total execution time: 0.0041
INFO - 2024-12-26 12:29:29 --> Config Class Initialized
INFO - 2024-12-26 12:29:29 --> Hooks Class Initialized
DEBUG - 2024-12-26 12:29:29 --> UTF-8 Support Enabled
INFO - 2024-12-26 12:29:29 --> Utf8 Class Initialized
INFO - 2024-12-26 12:29:29 --> URI Class Initialized
INFO - 2024-12-26 12:29:29 --> Router Class Initialized
INFO - 2024-12-26 12:29:29 --> Output Class Initialized
INFO - 2024-12-26 12:29:29 --> Security Class Initialized
DEBUG - 2024-12-26 12:29:29 --> Global POST, GET and COOKIE data sanitized
INFO - 2024-12-26 12:29:29 --> Input Class Initialized
INFO - 2024-12-26 12:29:29 --> Language Class Initialized
INFO - 2024-12-26 12:29:29 --> Language Class Initialized
INFO - 2024-12-26 12:29:29 --> Config Class Initialized
INFO - 2024-12-26 12:29:29 --> Loader Class Initialized
INFO - 2024-12-26 12:29:29 --> Helper loaded: url_helper
INFO - 2024-12-26 12:29:29 --> Helper loaded: easyui_helper
INFO - 2024-12-26 12:29:29 --> Helper loaded: param_helper
INFO - 2024-12-26 12:29:29 --> Helper loaded: credential_helper
INFO - 2024-12-26 12:29:29 --> Helper loaded: template_helper
INFO - 2024-12-26 12:29:29 --> Helper loaded: rest_helper
INFO - 2024-12-26 12:29:29 --> Database Driver Class Initialized
DEBUG - 2024-12-26 12:29:29 --> Idgenerator class already loaded. Second attempt ignored.
INFO - 2024-12-26 12:29:29 --> Controller Class Initialized
INFO - 2024-12-26 12:29:29 --> Model Class Initialized
DEBUG - 2024-12-26 12:29:29 --> File loaded: /apps/web-drc/application/modules/promo_product_sales/models/Promo_product_model.php
INFO - 2024-12-26 12:29:29 --> Model Class Initialized
DEBUG - 2024-12-26 12:29:29 --> File loaded: /apps/web-drc/application/modules/promo_product_sales/views/content.php
DEBUG - 2024-12-26 12:29:29 --> File loaded: /apps/web-drc/application/views/templates/header.php
DEBUG - 2024-12-26 12:29:29 --> File loaded: /apps/web-drc/application/views/templates/toolbar.php
DEBUG - 2024-12-26 12:29:29 --> File loaded: /apps/web-drc/application/views/templates/sidebar.php
DEBUG - 2024-12-26 12:29:29 --> File loaded: /apps/web-drc/application/views/templates/contents.php
DEBUG - 2024-12-26 12:29:29 --> File loaded: /apps/web-drc/application/views/templates/content_footer.php
DEBUG - 2024-12-26 12:29:29 --> File loaded: /apps/web-drc/application/views/templates/footer.php
DEBUG - 2024-12-26 12:29:29 --> File loaded: /apps/web-drc/application/views/templates/default.php
INFO - 2024-12-26 12:29:29 --> Final output sent to browser
DEBUG - 2024-12-26 12:29:29 --> Total execution time: 0.0110
INFO - 2024-12-26 12:29:29 --> Config Class Initialized
INFO - 2024-12-26 12:29:29 --> Hooks Class Initialized
DEBUG - 2024-12-26 12:29:29 --> UTF-8 Support Enabled
INFO - 2024-12-26 12:29:29 --> Utf8 Class Initialized
INFO - 2024-12-26 12:29:29 --> URI Class Initialized
INFO - 2024-12-26 12:29:29 --> Router Class Initialized
INFO - 2024-12-26 12:29:29 --> Output Class Initialized
INFO - 2024-12-26 12:29:29 --> Security Class Initialized
DEBUG - 2024-12-26 12:29:29 --> Global POST, GET and COOKIE data sanitized
INFO - 2024-12-26 12:29:29 --> Input Class Initialized
INFO - 2024-12-26 12:29:29 --> Language Class Initialized
ERROR - 2024-12-26 12:29:29 --> 404 Page Not Found: /index
INFO - 2024-12-26 12:29:29 --> Config Class Initialized
INFO - 2024-12-26 12:29:29 --> Hooks Class Initialized
DEBUG - 2024-12-26 12:29:29 --> UTF-8 Support Enabled
INFO - 2024-12-26 12:29:29 --> Utf8 Class Initialized
INFO - 2024-12-26 12:29:29 --> URI Class Initialized
INFO - 2024-12-26 12:29:29 --> Router Class Initialized
INFO - 2024-12-26 12:29:29 --> Output Class Initialized
INFO - 2024-12-26 12:29:29 --> Security Class Initialized
DEBUG - 2024-12-26 12:29:29 --> Global POST, GET and COOKIE data sanitized
INFO - 2024-12-26 12:29:29 --> Input Class Initialized
INFO - 2024-12-26 12:29:29 --> Language Class Initialized
INFO - 2024-12-26 12:29:29 --> Language Class Initialized
INFO - 2024-12-26 12:29:29 --> Config Class Initialized
INFO - 2024-12-26 12:29:29 --> Loader Class Initialized
INFO - 2024-12-26 12:29:29 --> Helper loaded: url_helper
INFO - 2024-12-26 12:29:29 --> Helper loaded: easyui_helper
INFO - 2024-12-26 12:29:29 --> Helper loaded: param_helper
INFO - 2024-12-26 12:29:29 --> Helper loaded: credential_helper
INFO - 2024-12-26 12:29:29 --> Helper loaded: template_helper
INFO - 2024-12-26 12:29:29 --> Helper loaded: rest_helper
INFO - 2024-12-26 12:29:29 --> Database Driver Class Initialized
DEBUG - 2024-12-26 12:29:29 --> Idgenerator class already loaded. Second attempt ignored.
INFO - 2024-12-26 12:29:29 --> Controller Class Initialized
INFO - 2024-12-26 12:29:29 --> Model Class Initialized
DEBUG - 2024-12-26 12:29:29 --> File loaded: /apps/web-drc/application/modules/promo_product_sales/models/Promo_product_model.php
INFO - 2024-12-26 12:29:29 --> Model Class Initialized
INFO - 2024-12-26 12:29:29 --> Final output sent to browser
DEBUG - 2024-12-26 12:29:29 --> Total execution time: 0.0050
INFO - 2024-12-26 12:34:19 --> Config Class Initialized
INFO - 2024-12-26 12:34:19 --> Hooks Class Initialized
DEBUG - 2024-12-26 12:34:19 --> UTF-8 Support Enabled
INFO - 2024-12-26 12:34:19 --> Utf8 Class Initialized
INFO - 2024-12-26 12:34:19 --> URI Class Initialized
INFO - 2024-12-26 12:34:19 --> Router Class Initialized
INFO - 2024-12-26 12:34:19 --> Output Class Initialized
INFO - 2024-12-26 12:34:19 --> Security Class Initialized
DEBUG - 2024-12-26 12:34:19 --> Global POST, GET and COOKIE data sanitized
INFO - 2024-12-26 12:34:19 --> Input Class Initialized
INFO - 2024-12-26 12:34:19 --> Language Class Initialized
INFO - 2024-12-26 12:34:19 --> Language Class Initialized
INFO - 2024-12-26 12:34:19 --> Config Class Initialized
INFO - 2024-12-26 12:34:19 --> Loader Class Initialized
INFO - 2024-12-26 12:34:19 --> Helper loaded: url_helper
INFO - 2024-12-26 12:34:19 --> Helper loaded: easyui_helper
INFO - 2024-12-26 12:34:19 --> Helper loaded: param_helper
INFO - 2024-12-26 12:34:19 --> Helper loaded: credential_helper
INFO - 2024-12-26 12:34:19 --> Helper loaded: template_helper
INFO - 2024-12-26 12:34:19 --> Helper loaded: rest_helper
INFO - 2024-12-26 12:34:19 --> Database Driver Class Initialized
DEBUG - 2024-12-26 12:34:19 --> Idgenerator class already loaded. Second attempt ignored.
INFO - 2024-12-26 12:34:19 --> Controller Class Initialized
INFO - 2024-12-26 12:34:19 --> Model Class Initialized
DEBUG - 2024-12-26 12:34:19 --> File loaded: /apps/web-drc/application/modules/promo_product_sales/models/Promo_product_model.php
INFO - 2024-12-26 12:34:19 --> Model Class Initialized
DEBUG - 2024-12-26 12:34:19 --> File loaded: /apps/web-drc/application/modules/promo_product_sales/views/content.php
DEBUG - 2024-12-26 12:34:19 --> File loaded: /apps/web-drc/application/views/templates/header.php
DEBUG - 2024-12-26 12:34:19 --> File loaded: /apps/web-drc/application/views/templates/toolbar.php
DEBUG - 2024-12-26 12:34:19 --> File loaded: /apps/web-drc/application/views/templates/sidebar.php
DEBUG - 2024-12-26 12:34:19 --> File loaded: /apps/web-drc/application/views/templates/contents.php
DEBUG - 2024-12-26 12:34:19 --> File loaded: /apps/web-drc/application/views/templates/content_footer.php
DEBUG - 2024-12-26 12:34:19 --> File loaded: /apps/web-drc/application/views/templates/footer.php
DEBUG - 2024-12-26 12:34:19 --> File loaded: /apps/web-drc/application/views/templates/default.php
INFO - 2024-12-26 12:34:19 --> Final output sent to browser
DEBUG - 2024-12-26 12:34:19 --> Total execution time: 0.0107
INFO - 2024-12-26 12:34:20 --> Config Class Initialized
INFO - 2024-12-26 12:34:20 --> Hooks Class Initialized
DEBUG - 2024-12-26 12:34:20 --> UTF-8 Support Enabled
INFO - 2024-12-26 12:34:20 --> Utf8 Class Initialized
INFO - 2024-12-26 12:34:20 --> URI Class Initialized
INFO - 2024-12-26 12:34:20 --> Router Class Initialized
INFO - 2024-12-26 12:34:20 --> Output Class Initialized
INFO - 2024-12-26 12:34:20 --> Security Class Initialized
DEBUG - 2024-12-26 12:34:20 --> Global POST, GET and COOKIE data sanitized
INFO - 2024-12-26 12:34:20 --> Input Class Initialized
INFO - 2024-12-26 12:34:20 --> Language Class Initialized
ERROR - 2024-12-26 12:34:20 --> 404 Page Not Found: /index
INFO - 2024-12-26 12:34:22 --> Config Class Initialized
INFO - 2024-12-26 12:34:22 --> Hooks Class Initialized
DEBUG - 2024-12-26 12:34:22 --> UTF-8 Support Enabled
INFO - 2024-12-26 12:34:22 --> Utf8 Class Initialized
INFO - 2024-12-26 12:34:22 --> URI Class Initialized
INFO - 2024-12-26 12:34:22 --> Router Class Initialized
INFO - 2024-12-26 12:34:22 --> Output Class Initialized
INFO - 2024-12-26 12:34:22 --> Security Class Initialized
DEBUG - 2024-12-26 12:34:22 --> Global POST, GET and COOKIE data sanitized
INFO - 2024-12-26 12:34:22 --> Input Class Initialized
INFO - 2024-12-26 12:34:22 --> Language Class Initialized
INFO - 2024-12-26 12:34:22 --> Language Class Initialized
INFO - 2024-12-26 12:34:22 --> Config Class Initialized
INFO - 2024-12-26 12:34:22 --> Loader Class Initialized
INFO - 2024-12-26 12:34:22 --> Helper loaded: url_helper
INFO - 2024-12-26 12:34:22 --> Helper loaded: easyui_helper
INFO - 2024-12-26 12:34:22 --> Helper loaded: param_helper
INFO - 2024-12-26 12:34:22 --> Helper loaded: credential_helper
INFO - 2024-12-26 12:34:22 --> Helper loaded: template_helper
INFO - 2024-12-26 12:34:22 --> Helper loaded: rest_helper
INFO - 2024-12-26 12:34:22 --> Database Driver Class Initialized
DEBUG - 2024-12-26 12:34:22 --> Idgenerator class already loaded. Second attempt ignored.
INFO - 2024-12-26 12:34:22 --> Controller Class Initialized
INFO - 2024-12-26 12:34:22 --> Model Class Initialized
DEBUG - 2024-12-26 12:34:22 --> File loaded: /apps/web-drc/application/modules/promo_product_sales/models/Promo_product_model.php
INFO - 2024-12-26 12:34:22 --> Model Class Initialized
INFO - 2024-12-26 12:34:22 --> Final output sent to browser
DEBUG - 2024-12-26 12:34:22 --> Total execution time: 0.0044
INFO - 2024-12-26 12:34:22 --> Config Class Initialized
INFO - 2024-12-26 12:34:22 --> Hooks Class Initialized
DEBUG - 2024-12-26 12:34:22 --> UTF-8 Support Enabled
INFO - 2024-12-26 12:34:22 --> Utf8 Class Initialized
INFO - 2024-12-26 12:34:22 --> URI Class Initialized
INFO - 2024-12-26 12:34:22 --> Router Class Initialized
INFO - 2024-12-26 12:34:22 --> Output Class Initialized
INFO - 2024-12-26 12:34:22 --> Security Class Initialized
DEBUG - 2024-12-26 12:34:22 --> Global POST, GET and COOKIE data sanitized
INFO - 2024-12-26 12:34:22 --> Input Class Initialized
INFO - 2024-12-26 12:34:22 --> Language Class Initialized
ERROR - 2024-12-26 12:34:22 --> 404 Page Not Found: /index
INFO - 2024-12-26 12:34:24 --> Config Class Initialized
INFO - 2024-12-26 12:34:24 --> Hooks Class Initialized
DEBUG - 2024-12-26 12:34:24 --> UTF-8 Support Enabled
INFO - 2024-12-26 12:34:24 --> Utf8 Class Initialized
INFO - 2024-12-26 12:34:24 --> URI Class Initialized
INFO - 2024-12-26 12:34:24 --> Router Class Initialized
INFO - 2024-12-26 12:34:24 --> Output Class Initialized
INFO - 2024-12-26 12:34:24 --> Security Class Initialized
DEBUG - 2024-12-26 12:34:24 --> Global POST, GET and COOKIE data sanitized
INFO - 2024-12-26 12:34:24 --> Input Class Initialized
INFO - 2024-12-26 12:34:24 --> Language Class Initialized
INFO - 2024-12-26 12:34:24 --> Language Class Initialized
INFO - 2024-12-26 12:34:24 --> Config Class Initialized
INFO - 2024-12-26 12:34:24 --> Loader Class Initialized
INFO - 2024-12-26 12:34:24 --> Helper loaded: url_helper
INFO - 2024-12-26 12:34:24 --> Helper loaded: easyui_helper
INFO - 2024-12-26 12:34:24 --> Helper loaded: param_helper
INFO - 2024-12-26 12:34:24 --> Helper loaded: credential_helper
INFO - 2024-12-26 12:34:24 --> Helper loaded: template_helper
INFO - 2024-12-26 12:34:24 --> Helper loaded: rest_helper
INFO - 2024-12-26 12:34:24 --> Database Driver Class Initialized
DEBUG - 2024-12-26 12:34:24 --> Idgenerator class already loaded. Second attempt ignored.
INFO - 2024-12-26 12:34:24 --> Controller Class Initialized
INFO - 2024-12-26 12:34:24 --> Model Class Initialized
DEBUG - 2024-12-26 12:34:24 --> File loaded: /apps/web-drc/application/modules/promo_product_sales/models/Promo_product_model.php
INFO - 2024-12-26 12:34:24 --> Model Class Initialized
DEBUG - 2024-12-26 12:34:24 --> File loaded: /apps/web-drc/application/modules/promo_product_sales/views/form.php
DEBUG - 2024-12-26 12:34:24 --> File loaded: /apps/web-drc/application/views/templates/header.php
DEBUG - 2024-12-26 12:34:24 --> File loaded: /apps/web-drc/application/views/templates/toolbar.php
DEBUG - 2024-12-26 12:34:24 --> File loaded: /apps/web-drc/application/views/templates/sidebar.php
DEBUG - 2024-12-26 12:34:24 --> File loaded: /apps/web-drc/application/views/templates/contents.php
DEBUG - 2024-12-26 12:34:24 --> File loaded: /apps/web-drc/application/views/templates/content_footer.php
DEBUG - 2024-12-26 12:34:24 --> File loaded: /apps/web-drc/application/views/templates/footer.php
DEBUG - 2024-12-26 12:34:24 --> File loaded: /apps/web-drc/application/views/templates/default.php
INFO - 2024-12-26 12:34:24 --> Final output sent to browser
DEBUG - 2024-12-26 12:34:24 --> Total execution time: 0.0110
INFO - 2024-12-26 12:34:25 --> Config Class Initialized
INFO - 2024-12-26 12:34:25 --> Hooks Class Initialized
DEBUG - 2024-12-26 12:34:25 --> UTF-8 Support Enabled
INFO - 2024-12-26 12:34:25 --> Utf8 Class Initialized
INFO - 2024-12-26 12:34:25 --> URI Class Initialized
INFO - 2024-12-26 12:34:25 --> Router Class Initialized
INFO - 2024-12-26 12:34:25 --> Output Class Initialized
INFO - 2024-12-26 12:34:25 --> Security Class Initialized
DEBUG - 2024-12-26 12:34:25 --> Global POST, GET and COOKIE data sanitized
INFO - 2024-12-26 12:34:25 --> Input Class Initialized
INFO - 2024-12-26 12:34:25 --> Language Class Initialized
ERROR - 2024-12-26 12:34:25 --> 404 Page Not Found: /index
INFO - 2024-12-26 12:34:25 --> Config Class Initialized
INFO - 2024-12-26 12:34:25 --> Hooks Class Initialized
DEBUG - 2024-12-26 12:34:25 --> UTF-8 Support Enabled
INFO - 2024-12-26 12:34:25 --> Utf8 Class Initialized
INFO - 2024-12-26 12:34:25 --> URI Class Initialized
INFO - 2024-12-26 12:34:25 --> Router Class Initialized
INFO - 2024-12-26 12:34:25 --> Output Class Initialized
INFO - 2024-12-26 12:34:25 --> Security Class Initialized
DEBUG - 2024-12-26 12:34:25 --> Global POST, GET and COOKIE data sanitized
INFO - 2024-12-26 12:34:25 --> Input Class Initialized
INFO - 2024-12-26 12:34:25 --> Language Class Initialized
INFO - 2024-12-26 12:34:25 --> Language Class Initialized
INFO - 2024-12-26 12:34:25 --> Config Class Initialized
INFO - 2024-12-26 12:34:25 --> Loader Class Initialized
INFO - 2024-12-26 12:34:25 --> Helper loaded: url_helper
INFO - 2024-12-26 12:34:25 --> Helper loaded: easyui_helper
INFO - 2024-12-26 12:34:25 --> Helper loaded: param_helper
INFO - 2024-12-26 12:34:25 --> Helper loaded: credential_helper
INFO - 2024-12-26 12:34:25 --> Helper loaded: template_helper
INFO - 2024-12-26 12:34:25 --> Helper loaded: rest_helper
INFO - 2024-12-26 12:34:25 --> Database Driver Class Initialized
DEBUG - 2024-12-26 12:34:25 --> Idgenerator class already loaded. Second attempt ignored.
INFO - 2024-12-26 12:34:25 --> Controller Class Initialized
INFO - 2024-12-26 12:34:25 --> Model Class Initialized
DEBUG - 2024-12-26 12:34:25 --> File loaded: /apps/web-drc/application/modules/api_v1/models/Api_v1_model.php
INFO - 2024-12-26 12:34:25 --> Model Class Initialized
INFO - 2024-12-26 12:34:25 --> Final output sent to browser
DEBUG - 2024-12-26 12:34:25 --> Total execution time: 0.0068
INFO - 2024-12-26 12:37:39 --> Config Class Initialized
INFO - 2024-12-26 12:37:39 --> Hooks Class Initialized
DEBUG - 2024-12-26 12:37:39 --> UTF-8 Support Enabled
INFO - 2024-12-26 12:37:39 --> Utf8 Class Initialized
INFO - 2024-12-26 12:37:39 --> URI Class Initialized
INFO - 2024-12-26 12:37:39 --> Router Class Initialized
INFO - 2024-12-26 12:37:39 --> Output Class Initialized
INFO - 2024-12-26 12:37:39 --> Security Class Initialized
DEBUG - 2024-12-26 12:37:39 --> Global POST, GET and COOKIE data sanitized
INFO - 2024-12-26 12:37:39 --> Input Class Initialized
INFO - 2024-12-26 12:37:39 --> Language Class Initialized
INFO - 2024-12-26 12:37:39 --> Language Class Initialized
INFO - 2024-12-26 12:37:39 --> Config Class Initialized
INFO - 2024-12-26 12:37:39 --> Loader Class Initialized
INFO - 2024-12-26 12:37:39 --> Helper loaded: url_helper
INFO - 2024-12-26 12:37:39 --> Helper loaded: easyui_helper
INFO - 2024-12-26 12:37:39 --> Helper loaded: param_helper
INFO - 2024-12-26 12:37:39 --> Helper loaded: credential_helper
INFO - 2024-12-26 12:37:39 --> Helper loaded: template_helper
INFO - 2024-12-26 12:37:39 --> Helper loaded: rest_helper
INFO - 2024-12-26 12:37:39 --> Database Driver Class Initialized
DEBUG - 2024-12-26 12:37:39 --> Idgenerator class already loaded. Second attempt ignored.
INFO - 2024-12-26 12:37:39 --> Controller Class Initialized
INFO - 2024-12-26 12:37:39 --> Model Class Initialized
DEBUG - 2024-12-26 12:37:39 --> File loaded: /apps/web-drc/application/modules/promo_product_sales/models/Promo_product_model.php
INFO - 2024-12-26 12:37:39 --> Model Class Initialized
DEBUG - 2024-12-26 12:37:39 --> File loaded: /apps/web-drc/application/modules/promo_product_sales/views/form.php
DEBUG - 2024-12-26 12:37:39 --> File loaded: /apps/web-drc/application/views/templates/header.php
DEBUG - 2024-12-26 12:37:39 --> File loaded: /apps/web-drc/application/views/templates/toolbar.php
DEBUG - 2024-12-26 12:37:39 --> File loaded: /apps/web-drc/application/views/templates/sidebar.php
DEBUG - 2024-12-26 12:37:39 --> File loaded: /apps/web-drc/application/views/templates/contents.php
DEBUG - 2024-12-26 12:37:39 --> File loaded: /apps/web-drc/application/views/templates/content_footer.php
DEBUG - 2024-12-26 12:37:39 --> File loaded: /apps/web-drc/application/views/templates/footer.php
DEBUG - 2024-12-26 12:37:39 --> File loaded: /apps/web-drc/application/views/templates/default.php
INFO - 2024-12-26 12:37:39 --> Final output sent to browser
DEBUG - 2024-12-26 12:37:39 --> Total execution time: 0.0120
INFO - 2024-12-26 12:37:50 --> Config Class Initialized
INFO - 2024-12-26 12:37:50 --> Hooks Class Initialized
DEBUG - 2024-12-26 12:37:50 --> UTF-8 Support Enabled
INFO - 2024-12-26 12:37:50 --> Utf8 Class Initialized
INFO - 2024-12-26 12:37:50 --> URI Class Initialized
INFO - 2024-12-26 12:37:50 --> Router Class Initialized
INFO - 2024-12-26 12:37:50 --> Output Class Initialized
INFO - 2024-12-26 12:37:50 --> Security Class Initialized
DEBUG - 2024-12-26 12:37:50 --> Global POST, GET and COOKIE data sanitized
INFO - 2024-12-26 12:37:50 --> Input Class Initialized
INFO - 2024-12-26 12:37:50 --> Language Class Initialized
ERROR - 2024-12-26 12:37:50 --> 404 Page Not Found: /index
INFO - 2024-12-26 12:37:51 --> Config Class Initialized
INFO - 2024-12-26 12:37:51 --> Hooks Class Initialized
DEBUG - 2024-12-26 12:37:51 --> UTF-8 Support Enabled
INFO - 2024-12-26 12:37:51 --> Utf8 Class Initialized
INFO - 2024-12-26 12:37:51 --> URI Class Initialized
INFO - 2024-12-26 12:37:51 --> Router Class Initialized
INFO - 2024-12-26 12:37:51 --> Output Class Initialized
INFO - 2024-12-26 12:37:51 --> Security Class Initialized
DEBUG - 2024-12-26 12:37:51 --> Global POST, GET and COOKIE data sanitized
INFO - 2024-12-26 12:37:51 --> Input Class Initialized
INFO - 2024-12-26 12:37:51 --> Language Class Initialized
INFO - 2024-12-26 12:37:51 --> Language Class Initialized
INFO - 2024-12-26 12:37:51 --> Config Class Initialized
INFO - 2024-12-26 12:37:51 --> Loader Class Initialized
INFO - 2024-12-26 12:37:51 --> Helper loaded: url_helper
INFO - 2024-12-26 12:37:51 --> Helper loaded: easyui_helper
INFO - 2024-12-26 12:37:51 --> Helper loaded: param_helper
INFO - 2024-12-26 12:37:51 --> Helper loaded: credential_helper
INFO - 2024-12-26 12:37:51 --> Helper loaded: template_helper
INFO - 2024-12-26 12:37:51 --> Helper loaded: rest_helper
INFO - 2024-12-26 12:37:51 --> Database Driver Class Initialized
DEBUG - 2024-12-26 12:37:51 --> Idgenerator class already loaded. Second attempt ignored.
INFO - 2024-12-26 12:37:51 --> Controller Class Initialized
INFO - 2024-12-26 12:37:51 --> Model Class Initialized
DEBUG - 2024-12-26 12:37:51 --> File loaded: /apps/web-drc/application/modules/api_v1/models/Api_v1_model.php
INFO - 2024-12-26 12:37:51 --> Model Class Initialized
INFO - 2024-12-26 12:37:51 --> Final output sent to browser
DEBUG - 2024-12-26 12:37:51 --> Total execution time: 0.0039
INFO - 2024-12-26 12:37:56 --> Config Class Initialized
INFO - 2024-12-26 12:37:56 --> Hooks Class Initialized
DEBUG - 2024-12-26 12:37:56 --> UTF-8 Support Enabled
INFO - 2024-12-26 12:37:56 --> Utf8 Class Initialized
INFO - 2024-12-26 12:37:56 --> URI Class Initialized
INFO - 2024-12-26 12:37:56 --> Router Class Initialized
INFO - 2024-12-26 12:37:56 --> Output Class Initialized
INFO - 2024-12-26 12:37:56 --> Security Class Initialized
DEBUG - 2024-12-26 12:37:56 --> Global POST, GET and COOKIE data sanitized
INFO - 2024-12-26 12:37:56 --> Input Class Initialized
INFO - 2024-12-26 12:37:56 --> Language Class Initialized
ERROR - 2024-12-26 12:37:56 --> 404 Page Not Found: /index
INFO - 2024-12-26 12:44:46 --> Config Class Initialized
INFO - 2024-12-26 12:44:46 --> Hooks Class Initialized
DEBUG - 2024-12-26 12:44:46 --> UTF-8 Support Enabled
INFO - 2024-12-26 12:44:46 --> Utf8 Class Initialized
INFO - 2024-12-26 12:44:46 --> URI Class Initialized
INFO - 2024-12-26 12:44:46 --> Router Class Initialized
INFO - 2024-12-26 12:44:46 --> Output Class Initialized
INFO - 2024-12-26 12:44:46 --> Security Class Initialized
DEBUG - 2024-12-26 12:44:46 --> Global POST, GET and COOKIE data sanitized
INFO - 2024-12-26 12:44:46 --> Input Class Initialized
INFO - 2024-12-26 12:44:46 --> Language Class Initialized
INFO - 2024-12-26 12:44:46 --> Language Class Initialized
INFO - 2024-12-26 12:44:46 --> Config Class Initialized
INFO - 2024-12-26 12:44:46 --> Loader Class Initialized
INFO - 2024-12-26 12:44:46 --> Helper loaded: url_helper
INFO - 2024-12-26 12:44:46 --> Helper loaded: easyui_helper
INFO - 2024-12-26 12:44:46 --> Helper loaded: param_helper
INFO - 2024-12-26 12:44:46 --> Helper loaded: credential_helper
INFO - 2024-12-26 12:44:46 --> Helper loaded: template_helper
INFO - 2024-12-26 12:44:46 --> Helper loaded: rest_helper
INFO - 2024-12-26 12:44:46 --> Database Driver Class Initialized
DEBUG - 2024-12-26 12:44:46 --> Idgenerator class already loaded. Second attempt ignored.
INFO - 2024-12-26 12:44:46 --> Controller Class Initialized
INFO - 2024-12-26 12:44:46 --> Model Class Initialized
DEBUG - 2024-12-26 12:44:46 --> File loaded: /apps/web-drc/application/modules/promo_product_sales/models/Promo_product_model.php
INFO - 2024-12-26 12:44:46 --> Model Class Initialized
DEBUG - 2024-12-26 12:44:46 --> File loaded: /apps/web-drc/application/modules/promo_product_sales/views/form.php
DEBUG - 2024-12-26 12:44:46 --> File loaded: /apps/web-drc/application/views/templates/header.php
DEBUG - 2024-12-26 12:44:46 --> File loaded: /apps/web-drc/application/views/templates/toolbar.php
DEBUG - 2024-12-26 12:44:46 --> File loaded: /apps/web-drc/application/views/templates/sidebar.php
DEBUG - 2024-12-26 12:44:46 --> File loaded: /apps/web-drc/application/views/templates/contents.php
DEBUG - 2024-12-26 12:44:46 --> File loaded: /apps/web-drc/application/views/templates/content_footer.php
DEBUG - 2024-12-26 12:44:46 --> File loaded: /apps/web-drc/application/views/templates/footer.php
DEBUG - 2024-12-26 12:44:46 --> File loaded: /apps/web-drc/application/views/templates/default.php
INFO - 2024-12-26 12:44:46 --> Final output sent to browser
DEBUG - 2024-12-26 12:44:46 --> Total execution time: 0.0082
INFO - 2024-12-26 12:44:48 --> Config Class Initialized
INFO - 2024-12-26 12:44:48 --> Hooks Class Initialized
DEBUG - 2024-12-26 12:44:48 --> UTF-8 Support Enabled
INFO - 2024-12-26 12:44:48 --> Utf8 Class Initialized
INFO - 2024-12-26 12:44:48 --> URI Class Initialized
INFO - 2024-12-26 12:44:48 --> Router Class Initialized
INFO - 2024-12-26 12:44:48 --> Output Class Initialized
INFO - 2024-12-26 12:44:48 --> Security Class Initialized
DEBUG - 2024-12-26 12:44:48 --> Global POST, GET and COOKIE data sanitized
INFO - 2024-12-26 12:44:48 --> Input Class Initialized
INFO - 2024-12-26 12:44:48 --> Language Class Initialized
ERROR - 2024-12-26 12:44:48 --> 404 Page Not Found: /index
INFO - 2024-12-26 12:44:48 --> Config Class Initialized
INFO - 2024-12-26 12:44:48 --> Hooks Class Initialized
DEBUG - 2024-12-26 12:44:48 --> UTF-8 Support Enabled
INFO - 2024-12-26 12:44:48 --> Utf8 Class Initialized
INFO - 2024-12-26 12:44:48 --> URI Class Initialized
INFO - 2024-12-26 12:44:48 --> Router Class Initialized
INFO - 2024-12-26 12:44:48 --> Output Class Initialized
INFO - 2024-12-26 12:44:48 --> Security Class Initialized
DEBUG - 2024-12-26 12:44:48 --> Global POST, GET and COOKIE data sanitized
INFO - 2024-12-26 12:44:48 --> Input Class Initialized
INFO - 2024-12-26 12:44:48 --> Language Class Initialized
INFO - 2024-12-26 12:44:48 --> Language Class Initialized
INFO - 2024-12-26 12:44:48 --> Config Class Initialized
INFO - 2024-12-26 12:44:48 --> Loader Class Initialized
INFO - 2024-12-26 12:44:48 --> Helper loaded: url_helper
INFO - 2024-12-26 12:44:48 --> Helper loaded: easyui_helper
INFO - 2024-12-26 12:44:48 --> Helper loaded: param_helper
INFO - 2024-12-26 12:44:48 --> Helper loaded: credential_helper
INFO - 2024-12-26 12:44:48 --> Helper loaded: template_helper
INFO - 2024-12-26 12:44:48 --> Helper loaded: rest_helper
INFO - 2024-12-26 12:44:48 --> Database Driver Class Initialized
DEBUG - 2024-12-26 12:44:48 --> Idgenerator class already loaded. Second attempt ignored.
INFO - 2024-12-26 12:44:48 --> Controller Class Initialized
INFO - 2024-12-26 12:44:48 --> Model Class Initialized
DEBUG - 2024-12-26 12:44:48 --> File loaded: /apps/web-drc/application/modules/api_v1/models/Api_v1_model.php
INFO - 2024-12-26 12:44:48 --> Model Class Initialized
INFO - 2024-12-26 12:44:48 --> Final output sent to browser
DEBUG - 2024-12-26 12:44:48 --> Total execution time: 0.0043
INFO - 2024-12-26 12:44:49 --> Config Class Initialized
INFO - 2024-12-26 12:44:49 --> Hooks Class Initialized
DEBUG - 2024-12-26 12:44:49 --> UTF-8 Support Enabled
INFO - 2024-12-26 12:44:49 --> Utf8 Class Initialized
INFO - 2024-12-26 12:44:49 --> URI Class Initialized
INFO - 2024-12-26 12:44:49 --> Router Class Initialized
INFO - 2024-12-26 12:44:49 --> Output Class Initialized
INFO - 2024-12-26 12:44:49 --> Security Class Initialized
DEBUG - 2024-12-26 12:44:49 --> Global POST, GET and COOKIE data sanitized
INFO - 2024-12-26 12:44:49 --> Input Class Initialized
INFO - 2024-12-26 12:44:49 --> Language Class Initialized
ERROR - 2024-12-26 12:44:49 --> 404 Page Not Found: /index
INFO - 2024-12-26 12:45:00 --> Config Class Initialized
INFO - 2024-12-26 12:45:00 --> Hooks Class Initialized
DEBUG - 2024-12-26 12:45:00 --> UTF-8 Support Enabled
INFO - 2024-12-26 12:45:00 --> Utf8 Class Initialized
INFO - 2024-12-26 12:45:00 --> URI Class Initialized
INFO - 2024-12-26 12:45:00 --> Router Class Initialized
INFO - 2024-12-26 12:45:00 --> Output Class Initialized
INFO - 2024-12-26 12:45:00 --> Security Class Initialized
DEBUG - 2024-12-26 12:45:00 --> Global POST, GET and COOKIE data sanitized
INFO - 2024-12-26 12:45:00 --> Input Class Initialized
INFO - 2024-12-26 12:45:00 --> Language Class Initialized
INFO - 2024-12-26 12:45:00 --> Language Class Initialized
INFO - 2024-12-26 12:45:00 --> Config Class Initialized
INFO - 2024-12-26 12:45:00 --> Loader Class Initialized
INFO - 2024-12-26 12:45:00 --> Helper loaded: url_helper
INFO - 2024-12-26 12:45:00 --> Helper loaded: easyui_helper
INFO - 2024-12-26 12:45:00 --> Helper loaded: param_helper
INFO - 2024-12-26 12:45:00 --> Helper loaded: credential_helper
INFO - 2024-12-26 12:45:00 --> Helper loaded: template_helper
INFO - 2024-12-26 12:45:00 --> Helper loaded: rest_helper
INFO - 2024-12-26 12:45:00 --> Database Driver Class Initialized
DEBUG - 2024-12-26 12:45:00 --> Idgenerator class already loaded. Second attempt ignored.
INFO - 2024-12-26 12:45:00 --> Controller Class Initialized
INFO - 2024-12-26 12:45:00 --> Model Class Initialized
DEBUG - 2024-12-26 12:45:00 --> File loaded: /apps/web-drc/application/modules/promo_product_sales/models/Promo_product_model.php
INFO - 2024-12-26 12:45:00 --> Model Class Initialized
DEBUG - 2024-12-26 12:45:00 --> File loaded: /apps/web-drc/application/modules/promo_product_sales/views/content.php
DEBUG - 2024-12-26 12:45:00 --> File loaded: /apps/web-drc/application/views/templates/header.php
DEBUG - 2024-12-26 12:45:00 --> File loaded: /apps/web-drc/application/views/templates/toolbar.php
DEBUG - 2024-12-26 12:45:00 --> File loaded: /apps/web-drc/application/views/templates/sidebar.php
DEBUG - 2024-12-26 12:45:00 --> File loaded: /apps/web-drc/application/views/templates/contents.php
DEBUG - 2024-12-26 12:45:00 --> File loaded: /apps/web-drc/application/views/templates/content_footer.php
DEBUG - 2024-12-26 12:45:00 --> File loaded: /apps/web-drc/application/views/templates/footer.php
DEBUG - 2024-12-26 12:45:00 --> File loaded: /apps/web-drc/application/views/templates/default.php
INFO - 2024-12-26 12:45:00 --> Final output sent to browser
DEBUG - 2024-12-26 12:45:00 --> Total execution time: 0.0135
INFO - 2024-12-26 12:45:01 --> Config Class Initialized
INFO - 2024-12-26 12:45:01 --> Hooks Class Initialized
DEBUG - 2024-12-26 12:45:01 --> UTF-8 Support Enabled
INFO - 2024-12-26 12:45:01 --> Utf8 Class Initialized
INFO - 2024-12-26 12:45:01 --> URI Class Initialized
INFO - 2024-12-26 12:45:01 --> Router Class Initialized
INFO - 2024-12-26 12:45:01 --> Output Class Initialized
INFO - 2024-12-26 12:45:01 --> Security Class Initialized
DEBUG - 2024-12-26 12:45:01 --> Global POST, GET and COOKIE data sanitized
INFO - 2024-12-26 12:45:01 --> Input Class Initialized
INFO - 2024-12-26 12:45:01 --> Language Class Initialized
ERROR - 2024-12-26 12:45:01 --> 404 Page Not Found: /index
INFO - 2024-12-26 12:45:01 --> Config Class Initialized
INFO - 2024-12-26 12:45:01 --> Hooks Class Initialized
DEBUG - 2024-12-26 12:45:01 --> UTF-8 Support Enabled
INFO - 2024-12-26 12:45:01 --> Utf8 Class Initialized
INFO - 2024-12-26 12:45:01 --> URI Class Initialized
INFO - 2024-12-26 12:45:01 --> Router Class Initialized
INFO - 2024-12-26 12:45:01 --> Output Class Initialized
INFO - 2024-12-26 12:45:01 --> Security Class Initialized
DEBUG - 2024-12-26 12:45:01 --> Global POST, GET and COOKIE data sanitized
INFO - 2024-12-26 12:45:01 --> Input Class Initialized
INFO - 2024-12-26 12:45:01 --> Language Class Initialized
INFO - 2024-12-26 12:45:01 --> Language Class Initialized
INFO - 2024-12-26 12:45:01 --> Config Class Initialized
INFO - 2024-12-26 12:45:01 --> Loader Class Initialized
INFO - 2024-12-26 12:45:01 --> Helper loaded: url_helper
INFO - 2024-12-26 12:45:01 --> Helper loaded: easyui_helper
INFO - 2024-12-26 12:45:01 --> Helper loaded: param_helper
INFO - 2024-12-26 12:45:01 --> Helper loaded: credential_helper
INFO - 2024-12-26 12:45:01 --> Helper loaded: template_helper
INFO - 2024-12-26 12:45:01 --> Helper loaded: rest_helper
INFO - 2024-12-26 12:45:01 --> Database Driver Class Initialized
DEBUG - 2024-12-26 12:45:01 --> Idgenerator class already loaded. Second attempt ignored.
INFO - 2024-12-26 12:45:01 --> Controller Class Initialized
INFO - 2024-12-26 12:45:01 --> Model Class Initialized
DEBUG - 2024-12-26 12:45:01 --> File loaded: /apps/web-drc/application/modules/promo_product_sales/models/Promo_product_model.php
INFO - 2024-12-26 12:45:01 --> Model Class Initialized
INFO - 2024-12-26 12:45:01 --> Final output sent to browser
DEBUG - 2024-12-26 12:45:01 --> Total execution time: 0.0264
INFO - 2024-12-26 12:45:03 --> Config Class Initialized
INFO - 2024-12-26 12:45:03 --> Hooks Class Initialized
DEBUG - 2024-12-26 12:45:03 --> UTF-8 Support Enabled
INFO - 2024-12-26 12:45:03 --> Utf8 Class Initialized
INFO - 2024-12-26 12:45:03 --> URI Class Initialized
INFO - 2024-12-26 12:45:03 --> Router Class Initialized
INFO - 2024-12-26 12:45:03 --> Output Class Initialized
INFO - 2024-12-26 12:45:03 --> Security Class Initialized
DEBUG - 2024-12-26 12:45:03 --> Global POST, GET and COOKIE data sanitized
INFO - 2024-12-26 12:45:03 --> Input Class Initialized
INFO - 2024-12-26 12:45:03 --> Language Class Initialized
INFO - 2024-12-26 12:45:03 --> Language Class Initialized
INFO - 2024-12-26 12:45:03 --> Config Class Initialized
INFO - 2024-12-26 12:45:03 --> Loader Class Initialized
INFO - 2024-12-26 12:45:03 --> Helper loaded: url_helper
INFO - 2024-12-26 12:45:03 --> Helper loaded: easyui_helper
INFO - 2024-12-26 12:45:03 --> Helper loaded: param_helper
INFO - 2024-12-26 12:45:03 --> Helper loaded: credential_helper
INFO - 2024-12-26 12:45:03 --> Helper loaded: template_helper
INFO - 2024-12-26 12:45:03 --> Helper loaded: rest_helper
INFO - 2024-12-26 12:45:03 --> Database Driver Class Initialized
DEBUG - 2024-12-26 12:45:03 --> Idgenerator class already loaded. Second attempt ignored.
INFO - 2024-12-26 12:45:03 --> Controller Class Initialized
INFO - 2024-12-26 12:45:03 --> Model Class Initialized
DEBUG - 2024-12-26 12:45:03 --> File loaded: /apps/web-drc/application/modules/promo_product_sales/models/Promo_product_model.php
INFO - 2024-12-26 12:45:03 --> Model Class Initialized
DEBUG - 2024-12-26 12:45:03 --> File loaded: /apps/web-drc/application/modules/promo_product_sales/views/form.php
DEBUG - 2024-12-26 12:45:03 --> File loaded: /apps/web-drc/application/views/templates/header.php
DEBUG - 2024-12-26 12:45:03 --> File loaded: /apps/web-drc/application/views/templates/toolbar.php
DEBUG - 2024-12-26 12:45:03 --> File loaded: /apps/web-drc/application/views/templates/sidebar.php
DEBUG - 2024-12-26 12:45:03 --> File loaded: /apps/web-drc/application/views/templates/contents.php
DEBUG - 2024-12-26 12:45:03 --> File loaded: /apps/web-drc/application/views/templates/content_footer.php
DEBUG - 2024-12-26 12:45:03 --> File loaded: /apps/web-drc/application/views/templates/footer.php
DEBUG - 2024-12-26 12:45:03 --> File loaded: /apps/web-drc/application/views/templates/default.php
INFO - 2024-12-26 12:45:03 --> Final output sent to browser
DEBUG - 2024-12-26 12:45:03 --> Total execution time: 0.0136
INFO - 2024-12-26 12:45:04 --> Config Class Initialized
INFO - 2024-12-26 12:45:04 --> Hooks Class Initialized
DEBUG - 2024-12-26 12:45:04 --> UTF-8 Support Enabled
INFO - 2024-12-26 12:45:04 --> Utf8 Class Initialized
INFO - 2024-12-26 12:45:04 --> URI Class Initialized
INFO - 2024-12-26 12:45:04 --> Router Class Initialized
INFO - 2024-12-26 12:45:04 --> Output Class Initialized
INFO - 2024-12-26 12:45:04 --> Security Class Initialized
DEBUG - 2024-12-26 12:45:04 --> Global POST, GET and COOKIE data sanitized
INFO - 2024-12-26 12:45:04 --> Input Class Initialized
INFO - 2024-12-26 12:45:04 --> Language Class Initialized
ERROR - 2024-12-26 12:45:04 --> 404 Page Not Found: /index
INFO - 2024-12-26 12:45:04 --> Config Class Initialized
INFO - 2024-12-26 12:45:04 --> Hooks Class Initialized
DEBUG - 2024-12-26 12:45:04 --> UTF-8 Support Enabled
INFO - 2024-12-26 12:45:04 --> Utf8 Class Initialized
INFO - 2024-12-26 12:45:04 --> URI Class Initialized
INFO - 2024-12-26 12:45:04 --> Router Class Initialized
INFO - 2024-12-26 12:45:04 --> Output Class Initialized
INFO - 2024-12-26 12:45:04 --> Security Class Initialized
DEBUG - 2024-12-26 12:45:04 --> Global POST, GET and COOKIE data sanitized
INFO - 2024-12-26 12:45:04 --> Input Class Initialized
INFO - 2024-12-26 12:45:04 --> Language Class Initialized
INFO - 2024-12-26 12:45:04 --> Language Class Initialized
INFO - 2024-12-26 12:45:04 --> Config Class Initialized
INFO - 2024-12-26 12:45:04 --> Loader Class Initialized
INFO - 2024-12-26 12:45:04 --> Helper loaded: url_helper
INFO - 2024-12-26 12:45:04 --> Helper loaded: easyui_helper
INFO - 2024-12-26 12:45:04 --> Helper loaded: param_helper
INFO - 2024-12-26 12:45:04 --> Helper loaded: credential_helper
INFO - 2024-12-26 12:45:04 --> Helper loaded: template_helper
INFO - 2024-12-26 12:45:04 --> Helper loaded: rest_helper
INFO - 2024-12-26 12:45:04 --> Database Driver Class Initialized
DEBUG - 2024-12-26 12:45:04 --> Idgenerator class already loaded. Second attempt ignored.
INFO - 2024-12-26 12:45:04 --> Controller Class Initialized
INFO - 2024-12-26 12:45:04 --> Model Class Initialized
DEBUG - 2024-12-26 12:45:04 --> File loaded: /apps/web-drc/application/modules/api_v1/models/Api_v1_model.php
INFO - 2024-12-26 12:45:04 --> Model Class Initialized
INFO - 2024-12-26 12:45:04 --> Final output sent to browser
DEBUG - 2024-12-26 12:45:04 --> Total execution time: 0.0062
INFO - 2024-12-26 12:45:05 --> Config Class Initialized
INFO - 2024-12-26 12:45:05 --> Hooks Class Initialized
DEBUG - 2024-12-26 12:45:05 --> UTF-8 Support Enabled
INFO - 2024-12-26 12:45:05 --> Utf8 Class Initialized
INFO - 2024-12-26 12:45:05 --> URI Class Initialized
INFO - 2024-12-26 12:45:05 --> Router Class Initialized
INFO - 2024-12-26 12:45:05 --> Output Class Initialized
INFO - 2024-12-26 12:45:05 --> Security Class Initialized
DEBUG - 2024-12-26 12:45:05 --> Global POST, GET and COOKIE data sanitized
INFO - 2024-12-26 12:45:05 --> Input Class Initialized
INFO - 2024-12-26 12:45:05 --> Language Class Initialized
INFO - 2024-12-26 12:45:05 --> Language Class Initialized
INFO - 2024-12-26 12:45:05 --> Config Class Initialized
INFO - 2024-12-26 12:45:05 --> Loader Class Initialized
INFO - 2024-12-26 12:45:05 --> Helper loaded: url_helper
INFO - 2024-12-26 12:45:05 --> Helper loaded: easyui_helper
INFO - 2024-12-26 12:45:05 --> Helper loaded: param_helper
INFO - 2024-12-26 12:45:05 --> Helper loaded: credential_helper
INFO - 2024-12-26 12:45:05 --> Helper loaded: template_helper
INFO - 2024-12-26 12:45:05 --> Helper loaded: rest_helper
INFO - 2024-12-26 12:45:05 --> Database Driver Class Initialized
DEBUG - 2024-12-26 12:45:05 --> Idgenerator class already loaded. Second attempt ignored.
INFO - 2024-12-26 12:45:05 --> Controller Class Initialized
INFO - 2024-12-26 12:45:05 --> Model Class Initialized
DEBUG - 2024-12-26 12:45:05 --> File loaded: /apps/web-drc/application/modules/promo_product_sales/models/Promo_product_model.php
INFO - 2024-12-26 12:45:05 --> Model Class Initialized
DEBUG - 2024-12-26 12:45:05 --> File loaded: /apps/web-drc/application/modules/promo_product_sales/views/content.php
DEBUG - 2024-12-26 12:45:05 --> File loaded: /apps/web-drc/application/views/templates/header.php
DEBUG - 2024-12-26 12:45:05 --> File loaded: /apps/web-drc/application/views/templates/toolbar.php
DEBUG - 2024-12-26 12:45:05 --> File loaded: /apps/web-drc/application/views/templates/sidebar.php
DEBUG - 2024-12-26 12:45:05 --> File loaded: /apps/web-drc/application/views/templates/contents.php
DEBUG - 2024-12-26 12:45:05 --> File loaded: /apps/web-drc/application/views/templates/content_footer.php
DEBUG - 2024-12-26 12:45:05 --> File loaded: /apps/web-drc/application/views/templates/footer.php
DEBUG - 2024-12-26 12:45:05 --> File loaded: /apps/web-drc/application/views/templates/default.php
INFO - 2024-12-26 12:45:05 --> Final output sent to browser
DEBUG - 2024-12-26 12:45:05 --> Total execution time: 0.0092
INFO - 2024-12-26 12:45:06 --> Config Class Initialized
INFO - 2024-12-26 12:45:06 --> Hooks Class Initialized
DEBUG - 2024-12-26 12:45:06 --> UTF-8 Support Enabled
INFO - 2024-12-26 12:45:06 --> Utf8 Class Initialized
INFO - 2024-12-26 12:45:06 --> URI Class Initialized
INFO - 2024-12-26 12:45:06 --> Router Class Initialized
INFO - 2024-12-26 12:45:06 --> Output Class Initialized
INFO - 2024-12-26 12:45:06 --> Security Class Initialized
DEBUG - 2024-12-26 12:45:06 --> Global POST, GET and COOKIE data sanitized
INFO - 2024-12-26 12:45:06 --> Input Class Initialized
INFO - 2024-12-26 12:45:06 --> Language Class Initialized
INFO - 2024-12-26 12:45:06 --> Language Class Initialized
INFO - 2024-12-26 12:45:06 --> Config Class Initialized
INFO - 2024-12-26 12:45:06 --> Loader Class Initialized
INFO - 2024-12-26 12:45:06 --> Helper loaded: url_helper
INFO - 2024-12-26 12:45:06 --> Helper loaded: easyui_helper
INFO - 2024-12-26 12:45:06 --> Helper loaded: param_helper
INFO - 2024-12-26 12:45:06 --> Helper loaded: credential_helper
INFO - 2024-12-26 12:45:06 --> Helper loaded: template_helper
INFO - 2024-12-26 12:45:06 --> Helper loaded: rest_helper
INFO - 2024-12-26 12:45:06 --> Database Driver Class Initialized
DEBUG - 2024-12-26 12:45:06 --> Idgenerator class already loaded. Second attempt ignored.
INFO - 2024-12-26 12:45:06 --> Controller Class Initialized
INFO - 2024-12-26 12:45:06 --> Model Class Initialized
DEBUG - 2024-12-26 12:45:06 --> File loaded: /apps/web-drc/application/modules/promo_product_sales/models/Promo_product_model.php
INFO - 2024-12-26 12:45:06 --> Model Class Initialized
INFO - 2024-12-26 12:45:06 --> Final output sent to browser
DEBUG - 2024-12-26 12:45:06 --> Total execution time: 0.0042
INFO - 2024-12-26 12:45:06 --> Config Class Initialized
INFO - 2024-12-26 12:45:06 --> Hooks Class Initialized
DEBUG - 2024-12-26 12:45:06 --> UTF-8 Support Enabled
INFO - 2024-12-26 12:45:06 --> Utf8 Class Initialized
INFO - 2024-12-26 12:45:06 --> URI Class Initialized
INFO - 2024-12-26 12:45:06 --> Router Class Initialized
INFO - 2024-12-26 12:45:06 --> Output Class Initialized
INFO - 2024-12-26 12:45:06 --> Security Class Initialized
DEBUG - 2024-12-26 12:45:06 --> Global POST, GET and COOKIE data sanitized
INFO - 2024-12-26 12:45:06 --> Input Class Initialized
INFO - 2024-12-26 12:45:06 --> Language Class Initialized
ERROR - 2024-12-26 12:45:06 --> 404 Page Not Found: /index
INFO - 2024-12-26 12:45:08 --> Config Class Initialized
INFO - 2024-12-26 12:45:08 --> Hooks Class Initialized
DEBUG - 2024-12-26 12:45:08 --> UTF-8 Support Enabled
INFO - 2024-12-26 12:45:08 --> Utf8 Class Initialized
INFO - 2024-12-26 12:45:08 --> URI Class Initialized
INFO - 2024-12-26 12:45:08 --> Router Class Initialized
INFO - 2024-12-26 12:45:08 --> Output Class Initialized
INFO - 2024-12-26 12:45:08 --> Security Class Initialized
DEBUG - 2024-12-26 12:45:08 --> Global POST, GET and COOKIE data sanitized
INFO - 2024-12-26 12:45:08 --> Input Class Initialized
INFO - 2024-12-26 12:45:08 --> Language Class Initialized
INFO - 2024-12-26 12:45:08 --> Language Class Initialized
INFO - 2024-12-26 12:45:08 --> Config Class Initialized
INFO - 2024-12-26 12:45:08 --> Loader Class Initialized
INFO - 2024-12-26 12:45:08 --> Helper loaded: url_helper
INFO - 2024-12-26 12:45:08 --> Helper loaded: easyui_helper
INFO - 2024-12-26 12:45:08 --> Helper loaded: param_helper
INFO - 2024-12-26 12:45:08 --> Helper loaded: credential_helper
INFO - 2024-12-26 12:45:08 --> Helper loaded: template_helper
INFO - 2024-12-26 12:45:08 --> Helper loaded: rest_helper
INFO - 2024-12-26 12:45:08 --> Database Driver Class Initialized
DEBUG - 2024-12-26 12:45:08 --> Idgenerator class already loaded. Second attempt ignored.
INFO - 2024-12-26 12:45:08 --> Controller Class Initialized
INFO - 2024-12-26 12:45:08 --> Model Class Initialized
DEBUG - 2024-12-26 12:45:08 --> File loaded: /apps/web-drc/application/modules/promo_product_sales/models/Promo_product_model.php
INFO - 2024-12-26 12:45:08 --> Model Class Initialized
DEBUG - 2024-12-26 12:45:08 --> File loaded: /apps/web-drc/application/modules/promo_product_sales/views/content.php
DEBUG - 2024-12-26 12:45:08 --> File loaded: /apps/web-drc/application/views/templates/header.php
DEBUG - 2024-12-26 12:45:08 --> File loaded: /apps/web-drc/application/views/templates/toolbar.php
DEBUG - 2024-12-26 12:45:08 --> File loaded: /apps/web-drc/application/views/templates/sidebar.php
DEBUG - 2024-12-26 12:45:08 --> File loaded: /apps/web-drc/application/views/templates/contents.php
DEBUG - 2024-12-26 12:45:08 --> File loaded: /apps/web-drc/application/views/templates/content_footer.php
DEBUG - 2024-12-26 12:45:08 --> File loaded: /apps/web-drc/application/views/templates/footer.php
DEBUG - 2024-12-26 12:45:08 --> File loaded: /apps/web-drc/application/views/templates/default.php
INFO - 2024-12-26 12:45:08 --> Final output sent to browser
DEBUG - 2024-12-26 12:45:08 --> Total execution time: 0.0122
INFO - 2024-12-26 12:45:09 --> Config Class Initialized
INFO - 2024-12-26 12:45:09 --> Hooks Class Initialized
DEBUG - 2024-12-26 12:45:09 --> UTF-8 Support Enabled
INFO - 2024-12-26 12:45:09 --> Utf8 Class Initialized
INFO - 2024-12-26 12:45:09 --> URI Class Initialized
INFO - 2024-12-26 12:45:09 --> Router Class Initialized
INFO - 2024-12-26 12:45:09 --> Output Class Initialized
INFO - 2024-12-26 12:45:09 --> Security Class Initialized
DEBUG - 2024-12-26 12:45:09 --> Global POST, GET and COOKIE data sanitized
INFO - 2024-12-26 12:45:09 --> Input Class Initialized
INFO - 2024-12-26 12:45:09 --> Language Class Initialized
ERROR - 2024-12-26 12:45:09 --> 404 Page Not Found: /index
INFO - 2024-12-26 12:45:10 --> Config Class Initialized
INFO - 2024-12-26 12:45:10 --> Hooks Class Initialized
DEBUG - 2024-12-26 12:45:10 --> UTF-8 Support Enabled
INFO - 2024-12-26 12:45:10 --> Utf8 Class Initialized
INFO - 2024-12-26 12:45:10 --> URI Class Initialized
INFO - 2024-12-26 12:45:10 --> Router Class Initialized
INFO - 2024-12-26 12:45:10 --> Output Class Initialized
INFO - 2024-12-26 12:45:10 --> Security Class Initialized
DEBUG - 2024-12-26 12:45:10 --> Global POST, GET and COOKIE data sanitized
INFO - 2024-12-26 12:45:10 --> Input Class Initialized
INFO - 2024-12-26 12:45:10 --> Language Class Initialized
INFO - 2024-12-26 12:45:10 --> Language Class Initialized
INFO - 2024-12-26 12:45:10 --> Config Class Initialized
INFO - 2024-12-26 12:45:10 --> Loader Class Initialized
INFO - 2024-12-26 12:45:10 --> Helper loaded: url_helper
INFO - 2024-12-26 12:45:10 --> Helper loaded: easyui_helper
INFO - 2024-12-26 12:45:10 --> Helper loaded: param_helper
INFO - 2024-12-26 12:45:10 --> Helper loaded: credential_helper
INFO - 2024-12-26 12:45:10 --> Helper loaded: template_helper
INFO - 2024-12-26 12:45:10 --> Helper loaded: rest_helper
INFO - 2024-12-26 12:45:10 --> Database Driver Class Initialized
DEBUG - 2024-12-26 12:45:10 --> Idgenerator class already loaded. Second attempt ignored.
INFO - 2024-12-26 12:45:10 --> Controller Class Initialized
INFO - 2024-12-26 12:45:10 --> Model Class Initialized
DEBUG - 2024-12-26 12:45:10 --> File loaded: /apps/web-drc/application/modules/promo_product_sales/models/Promo_product_model.php
INFO - 2024-12-26 12:45:10 --> Model Class Initialized
INFO - 2024-12-26 12:45:10 --> Final output sent to browser
DEBUG - 2024-12-26 12:45:10 --> Total execution time: 0.0042
INFO - 2024-12-26 12:45:10 --> Config Class Initialized
INFO - 2024-12-26 12:45:10 --> Hooks Class Initialized
DEBUG - 2024-12-26 12:45:10 --> UTF-8 Support Enabled
INFO - 2024-12-26 12:45:10 --> Utf8 Class Initialized
INFO - 2024-12-26 12:45:10 --> URI Class Initialized
INFO - 2024-12-26 12:45:10 --> Router Class Initialized
INFO - 2024-12-26 12:45:10 --> Output Class Initialized
INFO - 2024-12-26 12:45:10 --> Security Class Initialized
DEBUG - 2024-12-26 12:45:10 --> Global POST, GET and COOKIE data sanitized
INFO - 2024-12-26 12:45:10 --> Input Class Initialized
INFO - 2024-12-26 12:45:10 --> Language Class Initialized
ERROR - 2024-12-26 12:45:10 --> 404 Page Not Found: /index
INFO - 2024-12-26 12:47:21 --> Config Class Initialized
INFO - 2024-12-26 12:47:21 --> Hooks Class Initialized
DEBUG - 2024-12-26 12:47:21 --> UTF-8 Support Enabled
INFO - 2024-12-26 12:47:21 --> Utf8 Class Initialized
INFO - 2024-12-26 12:47:21 --> URI Class Initialized
INFO - 2024-12-26 12:47:21 --> Router Class Initialized
INFO - 2024-12-26 12:47:21 --> Output Class Initialized
INFO - 2024-12-26 12:47:21 --> Security Class Initialized
DEBUG - 2024-12-26 12:47:21 --> Global POST, GET and COOKIE data sanitized
INFO - 2024-12-26 12:47:21 --> Input Class Initialized
INFO - 2024-12-26 12:47:21 --> Language Class Initialized
INFO - 2024-12-26 12:47:21 --> Language Class Initialized
INFO - 2024-12-26 12:47:21 --> Config Class Initialized
INFO - 2024-12-26 12:47:21 --> Loader Class Initialized
INFO - 2024-12-26 12:47:21 --> Helper loaded: url_helper
INFO - 2024-12-26 12:47:21 --> Helper loaded: easyui_helper
INFO - 2024-12-26 12:47:21 --> Helper loaded: param_helper
INFO - 2024-12-26 12:47:21 --> Helper loaded: credential_helper
INFO - 2024-12-26 12:47:21 --> Helper loaded: template_helper
INFO - 2024-12-26 12:47:21 --> Helper loaded: rest_helper
INFO - 2024-12-26 12:47:21 --> Database Driver Class Initialized
DEBUG - 2024-12-26 12:47:21 --> Idgenerator class already loaded. Second attempt ignored.
INFO - 2024-12-26 12:47:21 --> Controller Class Initialized
INFO - 2024-12-26 12:47:21 --> Model Class Initialized
DEBUG - 2024-12-26 12:47:21 --> File loaded: /apps/web-drc/application/modules/promo_product_sales/models/Promo_product_model.php
INFO - 2024-12-26 12:47:21 --> Model Class Initialized
DEBUG - 2024-12-26 12:47:21 --> File loaded: /apps/web-drc/application/modules/promo_product_sales/views/content.php
DEBUG - 2024-12-26 12:47:21 --> File loaded: /apps/web-drc/application/views/templates/header.php
DEBUG - 2024-12-26 12:47:21 --> File loaded: /apps/web-drc/application/views/templates/toolbar.php
DEBUG - 2024-12-26 12:47:21 --> File loaded: /apps/web-drc/application/views/templates/sidebar.php
DEBUG - 2024-12-26 12:47:21 --> File loaded: /apps/web-drc/application/views/templates/contents.php
DEBUG - 2024-12-26 12:47:21 --> File loaded: /apps/web-drc/application/views/templates/content_footer.php
DEBUG - 2024-12-26 12:47:21 --> File loaded: /apps/web-drc/application/views/templates/footer.php
DEBUG - 2024-12-26 12:47:21 --> File loaded: /apps/web-drc/application/views/templates/default.php
INFO - 2024-12-26 12:47:21 --> Final output sent to browser
DEBUG - 2024-12-26 12:47:21 --> Total execution time: 0.0104
INFO - 2024-12-26 12:47:22 --> Config Class Initialized
INFO - 2024-12-26 12:47:22 --> Hooks Class Initialized
DEBUG - 2024-12-26 12:47:22 --> UTF-8 Support Enabled
INFO - 2024-12-26 12:47:22 --> Utf8 Class Initialized
INFO - 2024-12-26 12:47:22 --> URI Class Initialized
INFO - 2024-12-26 12:47:22 --> Router Class Initialized
INFO - 2024-12-26 12:47:22 --> Output Class Initialized
INFO - 2024-12-26 12:47:22 --> Security Class Initialized
DEBUG - 2024-12-26 12:47:22 --> Global POST, GET and COOKIE data sanitized
INFO - 2024-12-26 12:47:22 --> Input Class Initialized
INFO - 2024-12-26 12:47:22 --> Language Class Initialized
ERROR - 2024-12-26 12:47:22 --> 404 Page Not Found: /index
INFO - 2024-12-26 12:47:22 --> Config Class Initialized
INFO - 2024-12-26 12:47:22 --> Hooks Class Initialized
DEBUG - 2024-12-26 12:47:22 --> UTF-8 Support Enabled
INFO - 2024-12-26 12:47:22 --> Utf8 Class Initialized
INFO - 2024-12-26 12:47:22 --> URI Class Initialized
INFO - 2024-12-26 12:47:22 --> Router Class Initialized
INFO - 2024-12-26 12:47:22 --> Output Class Initialized
INFO - 2024-12-26 12:47:22 --> Security Class Initialized
DEBUG - 2024-12-26 12:47:22 --> Global POST, GET and COOKIE data sanitized
INFO - 2024-12-26 12:47:22 --> Input Class Initialized
INFO - 2024-12-26 12:47:22 --> Language Class Initialized
INFO - 2024-12-26 12:47:22 --> Language Class Initialized
INFO - 2024-12-26 12:47:22 --> Config Class Initialized
INFO - 2024-12-26 12:47:22 --> Loader Class Initialized
INFO - 2024-12-26 12:47:22 --> Helper loaded: url_helper
INFO - 2024-12-26 12:47:22 --> Helper loaded: easyui_helper
INFO - 2024-12-26 12:47:22 --> Helper loaded: param_helper
INFO - 2024-12-26 12:47:22 --> Helper loaded: credential_helper
INFO - 2024-12-26 12:47:22 --> Helper loaded: template_helper
INFO - 2024-12-26 12:47:22 --> Helper loaded: rest_helper
INFO - 2024-12-26 12:47:22 --> Database Driver Class Initialized
DEBUG - 2024-12-26 12:47:22 --> Idgenerator class already loaded. Second attempt ignored.
INFO - 2024-12-26 12:47:22 --> Controller Class Initialized
INFO - 2024-12-26 12:47:22 --> Model Class Initialized
DEBUG - 2024-12-26 12:47:22 --> File loaded: /apps/web-drc/application/modules/promo_product_sales/models/Promo_product_model.php
INFO - 2024-12-26 12:47:22 --> Model Class Initialized
INFO - 2024-12-26 12:47:22 --> Final output sent to browser
DEBUG - 2024-12-26 12:47:22 --> Total execution time: 0.0042
INFO - 2024-12-26 12:47:23 --> Config Class Initialized
INFO - 2024-12-26 12:47:23 --> Hooks Class Initialized
DEBUG - 2024-12-26 12:47:23 --> UTF-8 Support Enabled
INFO - 2024-12-26 12:47:23 --> Utf8 Class Initialized
INFO - 2024-12-26 12:47:23 --> URI Class Initialized
INFO - 2024-12-26 12:47:23 --> Router Class Initialized
INFO - 2024-12-26 12:47:23 --> Output Class Initialized
INFO - 2024-12-26 12:47:23 --> Security Class Initialized
DEBUG - 2024-12-26 12:47:23 --> Global POST, GET and COOKIE data sanitized
INFO - 2024-12-26 12:47:23 --> Input Class Initialized
INFO - 2024-12-26 12:47:23 --> Language Class Initialized
ERROR - 2024-12-26 12:47:23 --> 404 Page Not Found: /index
INFO - 2024-12-26 12:47:25 --> Config Class Initialized
INFO - 2024-12-26 12:47:25 --> Hooks Class Initialized
DEBUG - 2024-12-26 12:47:25 --> UTF-8 Support Enabled
INFO - 2024-12-26 12:47:25 --> Utf8 Class Initialized
INFO - 2024-12-26 12:47:25 --> URI Class Initialized
INFO - 2024-12-26 12:47:25 --> Router Class Initialized
INFO - 2024-12-26 12:47:25 --> Output Class Initialized
INFO - 2024-12-26 12:47:25 --> Security Class Initialized
DEBUG - 2024-12-26 12:47:25 --> Global POST, GET and COOKIE data sanitized
INFO - 2024-12-26 12:47:25 --> Input Class Initialized
INFO - 2024-12-26 12:47:25 --> Language Class Initialized
INFO - 2024-12-26 12:47:25 --> Language Class Initialized
INFO - 2024-12-26 12:47:25 --> Config Class Initialized
INFO - 2024-12-26 12:47:25 --> Loader Class Initialized
INFO - 2024-12-26 12:47:25 --> Helper loaded: url_helper
INFO - 2024-12-26 12:47:25 --> Helper loaded: easyui_helper
INFO - 2024-12-26 12:47:25 --> Helper loaded: param_helper
INFO - 2024-12-26 12:47:25 --> Helper loaded: credential_helper
INFO - 2024-12-26 12:47:25 --> Helper loaded: template_helper
INFO - 2024-12-26 12:47:25 --> Helper loaded: rest_helper
INFO - 2024-12-26 12:47:25 --> Database Driver Class Initialized
DEBUG - 2024-12-26 12:47:25 --> Idgenerator class already loaded. Second attempt ignored.
INFO - 2024-12-26 12:47:25 --> Controller Class Initialized
INFO - 2024-12-26 12:47:25 --> Model Class Initialized
DEBUG - 2024-12-26 12:47:25 --> File loaded: /apps/web-drc/application/modules/promo_product_sales/models/Promo_product_model.php
INFO - 2024-12-26 12:47:25 --> Model Class Initialized
DEBUG - 2024-12-26 12:47:25 --> File loaded: /apps/web-drc/application/modules/promo_product_sales/views/form.php
DEBUG - 2024-12-26 12:47:25 --> File loaded: /apps/web-drc/application/views/templates/header.php
DEBUG - 2024-12-26 12:47:25 --> File loaded: /apps/web-drc/application/views/templates/toolbar.php
DEBUG - 2024-12-26 12:47:25 --> File loaded: /apps/web-drc/application/views/templates/sidebar.php
DEBUG - 2024-12-26 12:47:25 --> File loaded: /apps/web-drc/application/views/templates/contents.php
DEBUG - 2024-12-26 12:47:25 --> File loaded: /apps/web-drc/application/views/templates/content_footer.php
DEBUG - 2024-12-26 12:47:25 --> File loaded: /apps/web-drc/application/views/templates/footer.php
DEBUG - 2024-12-26 12:47:25 --> File loaded: /apps/web-drc/application/views/templates/default.php
INFO - 2024-12-26 12:47:25 --> Final output sent to browser
DEBUG - 2024-12-26 12:47:25 --> Total execution time: 0.0094
INFO - 2024-12-26 12:47:26 --> Config Class Initialized
INFO - 2024-12-26 12:47:26 --> Hooks Class Initialized
DEBUG - 2024-12-26 12:47:26 --> UTF-8 Support Enabled
INFO - 2024-12-26 12:47:26 --> Utf8 Class Initialized
INFO - 2024-12-26 12:47:26 --> URI Class Initialized
INFO - 2024-12-26 12:47:26 --> Router Class Initialized
INFO - 2024-12-26 12:47:26 --> Output Class Initialized
INFO - 2024-12-26 12:47:26 --> Security Class Initialized
DEBUG - 2024-12-26 12:47:26 --> Global POST, GET and COOKIE data sanitized
INFO - 2024-12-26 12:47:26 --> Input Class Initialized
INFO - 2024-12-26 12:47:26 --> Language Class Initialized
INFO - 2024-12-26 12:47:26 --> Language Class Initialized
INFO - 2024-12-26 12:47:26 --> Config Class Initialized
INFO - 2024-12-26 12:47:26 --> Loader Class Initialized
INFO - 2024-12-26 12:47:26 --> Helper loaded: url_helper
INFO - 2024-12-26 12:47:26 --> Helper loaded: easyui_helper
INFO - 2024-12-26 12:47:26 --> Helper loaded: param_helper
INFO - 2024-12-26 12:47:26 --> Helper loaded: credential_helper
INFO - 2024-12-26 12:47:26 --> Helper loaded: template_helper
INFO - 2024-12-26 12:47:26 --> Helper loaded: rest_helper
INFO - 2024-12-26 12:47:26 --> Database Driver Class Initialized
DEBUG - 2024-12-26 12:47:26 --> Idgenerator class already loaded. Second attempt ignored.
INFO - 2024-12-26 12:47:26 --> Controller Class Initialized
INFO - 2024-12-26 12:47:26 --> Model Class Initialized
DEBUG - 2024-12-26 12:47:26 --> File loaded: /apps/web-drc/application/modules/api_v1/models/Api_v1_model.php
INFO - 2024-12-26 12:47:26 --> Model Class Initialized
INFO - 2024-12-26 12:47:26 --> Final output sent to browser
DEBUG - 2024-12-26 12:47:26 --> Total execution time: 0.0049
INFO - 2024-12-26 12:47:26 --> Config Class Initialized
INFO - 2024-12-26 12:47:26 --> Hooks Class Initialized
DEBUG - 2024-12-26 12:47:26 --> UTF-8 Support Enabled
INFO - 2024-12-26 12:47:26 --> Utf8 Class Initialized
INFO - 2024-12-26 12:47:26 --> URI Class Initialized
INFO - 2024-12-26 12:47:26 --> Router Class Initialized
INFO - 2024-12-26 12:47:26 --> Output Class Initialized
INFO - 2024-12-26 12:47:26 --> Security Class Initialized
DEBUG - 2024-12-26 12:47:26 --> Global POST, GET and COOKIE data sanitized
INFO - 2024-12-26 12:47:26 --> Input Class Initialized
INFO - 2024-12-26 12:47:26 --> Language Class Initialized
ERROR - 2024-12-26 12:47:26 --> 404 Page Not Found: /index
INFO - 2024-12-26 12:49:20 --> Config Class Initialized
INFO - 2024-12-26 12:49:20 --> Hooks Class Initialized
DEBUG - 2024-12-26 12:49:20 --> UTF-8 Support Enabled
INFO - 2024-12-26 12:49:20 --> Utf8 Class Initialized
INFO - 2024-12-26 12:49:20 --> URI Class Initialized
INFO - 2024-12-26 12:49:20 --> Router Class Initialized
INFO - 2024-12-26 12:49:20 --> Output Class Initialized
INFO - 2024-12-26 12:49:20 --> Security Class Initialized
DEBUG - 2024-12-26 12:49:20 --> Global POST, GET and COOKIE data sanitized
INFO - 2024-12-26 12:49:20 --> Input Class Initialized
INFO - 2024-12-26 12:49:20 --> Language Class Initialized
INFO - 2024-12-26 12:49:20 --> Language Class Initialized
INFO - 2024-12-26 12:49:20 --> Config Class Initialized
INFO - 2024-12-26 12:49:20 --> Loader Class Initialized
INFO - 2024-12-26 12:49:20 --> Helper loaded: url_helper
INFO - 2024-12-26 12:49:20 --> Helper loaded: easyui_helper
INFO - 2024-12-26 12:49:20 --> Helper loaded: param_helper
INFO - 2024-12-26 12:49:20 --> Helper loaded: credential_helper
INFO - 2024-12-26 12:49:20 --> Helper loaded: template_helper
INFO - 2024-12-26 12:49:20 --> Helper loaded: rest_helper
INFO - 2024-12-26 12:49:20 --> Database Driver Class Initialized
DEBUG - 2024-12-26 12:49:20 --> Idgenerator class already loaded. Second attempt ignored.
INFO - 2024-12-26 12:49:20 --> Controller Class Initialized
INFO - 2024-12-26 12:49:20 --> Model Class Initialized
DEBUG - 2024-12-26 12:49:20 --> File loaded: /apps/web-drc/application/modules/promo_product_sales/models/Promo_product_model.php
INFO - 2024-12-26 12:49:20 --> Model Class Initialized
DEBUG - 2024-12-26 12:49:20 --> File loaded: /apps/web-drc/application/modules/promo_product_sales/views/form.php
DEBUG - 2024-12-26 12:49:20 --> File loaded: /apps/web-drc/application/views/templates/header.php
DEBUG - 2024-12-26 12:49:20 --> File loaded: /apps/web-drc/application/views/templates/toolbar.php
DEBUG - 2024-12-26 12:49:20 --> File loaded: /apps/web-drc/application/views/templates/sidebar.php
DEBUG - 2024-12-26 12:49:20 --> File loaded: /apps/web-drc/application/views/templates/contents.php
DEBUG - 2024-12-26 12:49:20 --> File loaded: /apps/web-drc/application/views/templates/content_footer.php
DEBUG - 2024-12-26 12:49:20 --> File loaded: /apps/web-drc/application/views/templates/footer.php
DEBUG - 2024-12-26 12:49:20 --> File loaded: /apps/web-drc/application/views/templates/default.php
INFO - 2024-12-26 12:49:20 --> Final output sent to browser
DEBUG - 2024-12-26 12:49:20 --> Total execution time: 0.0139
INFO - 2024-12-26 12:49:22 --> Config Class Initialized
INFO - 2024-12-26 12:49:22 --> Hooks Class Initialized
DEBUG - 2024-12-26 12:49:22 --> UTF-8 Support Enabled
INFO - 2024-12-26 12:49:22 --> Utf8 Class Initialized
INFO - 2024-12-26 12:49:22 --> URI Class Initialized
INFO - 2024-12-26 12:49:22 --> Router Class Initialized
INFO - 2024-12-26 12:49:22 --> Output Class Initialized
INFO - 2024-12-26 12:49:22 --> Security Class Initialized
DEBUG - 2024-12-26 12:49:22 --> Global POST, GET and COOKIE data sanitized
INFO - 2024-12-26 12:49:22 --> Input Class Initialized
INFO - 2024-12-26 12:49:22 --> Language Class Initialized
ERROR - 2024-12-26 12:49:22 --> 404 Page Not Found: /index
INFO - 2024-12-26 12:49:22 --> Config Class Initialized
INFO - 2024-12-26 12:49:22 --> Hooks Class Initialized
DEBUG - 2024-12-26 12:49:22 --> UTF-8 Support Enabled
INFO - 2024-12-26 12:49:22 --> Utf8 Class Initialized
INFO - 2024-12-26 12:49:22 --> URI Class Initialized
INFO - 2024-12-26 12:49:22 --> Router Class Initialized
INFO - 2024-12-26 12:49:22 --> Output Class Initialized
INFO - 2024-12-26 12:49:22 --> Security Class Initialized
DEBUG - 2024-12-26 12:49:22 --> Global POST, GET and COOKIE data sanitized
INFO - 2024-12-26 12:49:22 --> Input Class Initialized
INFO - 2024-12-26 12:49:22 --> Language Class Initialized
INFO - 2024-12-26 12:49:22 --> Language Class Initialized
INFO - 2024-12-26 12:49:22 --> Config Class Initialized
INFO - 2024-12-26 12:49:22 --> Loader Class Initialized
INFO - 2024-12-26 12:49:22 --> Helper loaded: url_helper
INFO - 2024-12-26 12:49:22 --> Helper loaded: easyui_helper
INFO - 2024-12-26 12:49:22 --> Helper loaded: param_helper
INFO - 2024-12-26 12:49:22 --> Helper loaded: credential_helper
INFO - 2024-12-26 12:49:22 --> Helper loaded: template_helper
INFO - 2024-12-26 12:49:22 --> Helper loaded: rest_helper
INFO - 2024-12-26 12:49:22 --> Database Driver Class Initialized
DEBUG - 2024-12-26 12:49:22 --> Idgenerator class already loaded. Second attempt ignored.
INFO - 2024-12-26 12:49:22 --> Controller Class Initialized
INFO - 2024-12-26 12:49:22 --> Model Class Initialized
DEBUG - 2024-12-26 12:49:22 --> File loaded: /apps/web-drc/application/modules/api_v1/models/Api_v1_model.php
INFO - 2024-12-26 12:49:22 --> Model Class Initialized
INFO - 2024-12-26 12:49:22 --> Final output sent to browser
DEBUG - 2024-12-26 12:49:22 --> Total execution time: 0.0044
INFO - 2024-12-26 12:49:22 --> Config Class Initialized
INFO - 2024-12-26 12:49:22 --> Hooks Class Initialized
DEBUG - 2024-12-26 12:49:22 --> UTF-8 Support Enabled
INFO - 2024-12-26 12:49:22 --> Utf8 Class Initialized
INFO - 2024-12-26 12:49:22 --> URI Class Initialized
INFO - 2024-12-26 12:49:22 --> Router Class Initialized
INFO - 2024-12-26 12:49:22 --> Output Class Initialized
INFO - 2024-12-26 12:49:22 --> Security Class Initialized
DEBUG - 2024-12-26 12:49:22 --> Global POST, GET and COOKIE data sanitized
INFO - 2024-12-26 12:49:22 --> Input Class Initialized
INFO - 2024-12-26 12:49:22 --> Language Class Initialized
ERROR - 2024-12-26 12:49:22 --> 404 Page Not Found: /index
INFO - 2024-12-26 12:49:39 --> Config Class Initialized
INFO - 2024-12-26 12:49:39 --> Hooks Class Initialized
DEBUG - 2024-12-26 12:49:39 --> UTF-8 Support Enabled
INFO - 2024-12-26 12:49:39 --> Utf8 Class Initialized
INFO - 2024-12-26 12:49:39 --> URI Class Initialized
INFO - 2024-12-26 12:49:39 --> Router Class Initialized
INFO - 2024-12-26 12:49:39 --> Output Class Initialized
INFO - 2024-12-26 12:49:39 --> Security Class Initialized
DEBUG - 2024-12-26 12:49:39 --> Global POST, GET and COOKIE data sanitized
INFO - 2024-12-26 12:49:39 --> Input Class Initialized
INFO - 2024-12-26 12:49:39 --> Language Class Initialized
INFO - 2024-12-26 12:49:39 --> Language Class Initialized
INFO - 2024-12-26 12:49:39 --> Config Class Initialized
INFO - 2024-12-26 12:49:39 --> Loader Class Initialized
INFO - 2024-12-26 12:49:39 --> Helper loaded: url_helper
INFO - 2024-12-26 12:49:39 --> Helper loaded: easyui_helper
INFO - 2024-12-26 12:49:39 --> Helper loaded: param_helper
INFO - 2024-12-26 12:49:39 --> Helper loaded: credential_helper
INFO - 2024-12-26 12:49:39 --> Helper loaded: template_helper
INFO - 2024-12-26 12:49:39 --> Helper loaded: rest_helper
INFO - 2024-12-26 12:49:39 --> Database Driver Class Initialized
DEBUG - 2024-12-26 12:49:39 --> Idgenerator class already loaded. Second attempt ignored.
INFO - 2024-12-26 12:49:39 --> Controller Class Initialized
INFO - 2024-12-26 12:49:39 --> Model Class Initialized
DEBUG - 2024-12-26 12:49:39 --> File loaded: /apps/web-drc/application/modules/promo_product_sales/models/Promo_product_model.php
INFO - 2024-12-26 12:49:39 --> Model Class Initialized
ERROR - 2024-12-26 12:49:39 --> Query error: Unknown column 'idpromo' in 'where clause' - Invalid query: UPDATE `t_sales_promo` SET `no_promo` = '2', `judul` = 'Promo Test ke 2', `mulai_tanggal` = '2024-01-01', `selesai_tanggal` = '2024-12-31', `desription_promo` = 'Promo Test Description ke 2', `id` = '2', `modified_by` = 'admin', `modified_date` = '2024-12-26 05:49:39', `productid` = 'AC01,AC03,AC05'
WHERE `idpromo` = '2'
INFO - 2024-12-26 12:49:39 --> Final output sent to browser
DEBUG - 2024-12-26 12:49:39 --> Total execution time: 0.0056
INFO - 2024-12-26 12:49:39 --> Config Class Initialized
INFO - 2024-12-26 12:49:39 --> Hooks Class Initialized
DEBUG - 2024-12-26 12:49:39 --> UTF-8 Support Enabled
INFO - 2024-12-26 12:49:39 --> Utf8 Class Initialized
INFO - 2024-12-26 12:49:39 --> URI Class Initialized
INFO - 2024-12-26 12:49:39 --> Router Class Initialized
INFO - 2024-12-26 12:49:39 --> Output Class Initialized
INFO - 2024-12-26 12:49:39 --> Security Class Initialized
DEBUG - 2024-12-26 12:49:39 --> Global POST, GET and COOKIE data sanitized
INFO - 2024-12-26 12:49:39 --> Input Class Initialized
INFO - 2024-12-26 12:49:39 --> Language Class Initialized
INFO - 2024-12-26 12:49:39 --> Language Class Initialized
INFO - 2024-12-26 12:49:39 --> Config Class Initialized
INFO - 2024-12-26 12:49:39 --> Loader Class Initialized
INFO - 2024-12-26 12:49:39 --> Helper loaded: url_helper
INFO - 2024-12-26 12:49:39 --> Helper loaded: easyui_helper
INFO - 2024-12-26 12:49:39 --> Helper loaded: param_helper
INFO - 2024-12-26 12:49:39 --> Helper loaded: credential_helper
INFO - 2024-12-26 12:49:39 --> Helper loaded: template_helper
INFO - 2024-12-26 12:49:39 --> Helper loaded: rest_helper
INFO - 2024-12-26 12:49:39 --> Database Driver Class Initialized
DEBUG - 2024-12-26 12:49:39 --> Idgenerator class already loaded. Second attempt ignored.
INFO - 2024-12-26 12:49:39 --> Controller Class Initialized
INFO - 2024-12-26 12:49:39 --> Model Class Initialized
DEBUG - 2024-12-26 12:49:39 --> File loaded: /apps/web-drc/application/modules/promo_product_sales/models/Promo_product_model.php
INFO - 2024-12-26 12:49:39 --> Model Class Initialized
DEBUG - 2024-12-26 12:49:39 --> File loaded: /apps/web-drc/application/modules/promo_product_sales/views/content.php
DEBUG - 2024-12-26 12:49:39 --> File loaded: /apps/web-drc/application/views/templates/header.php
DEBUG - 2024-12-26 12:49:39 --> File loaded: /apps/web-drc/application/views/templates/toolbar.php
DEBUG - 2024-12-26 12:49:39 --> File loaded: /apps/web-drc/application/views/templates/sidebar.php
DEBUG - 2024-12-26 12:49:39 --> File loaded: /apps/web-drc/application/views/templates/contents.php
DEBUG - 2024-12-26 12:49:39 --> File loaded: /apps/web-drc/application/views/templates/content_footer.php
DEBUG - 2024-12-26 12:49:39 --> File loaded: /apps/web-drc/application/views/templates/footer.php
DEBUG - 2024-12-26 12:49:39 --> File loaded: /apps/web-drc/application/views/templates/default.php
INFO - 2024-12-26 12:49:39 --> Final output sent to browser
DEBUG - 2024-12-26 12:49:39 --> Total execution time: 0.0110
INFO - 2024-12-26 12:49:39 --> Config Class Initialized
INFO - 2024-12-26 12:49:39 --> Hooks Class Initialized
DEBUG - 2024-12-26 12:49:39 --> UTF-8 Support Enabled
INFO - 2024-12-26 12:49:39 --> Utf8 Class Initialized
INFO - 2024-12-26 12:49:39 --> URI Class Initialized
INFO - 2024-12-26 12:49:39 --> Router Class Initialized
INFO - 2024-12-26 12:49:39 --> Output Class Initialized
INFO - 2024-12-26 12:49:39 --> Security Class Initialized
DEBUG - 2024-12-26 12:49:39 --> Global POST, GET and COOKIE data sanitized
INFO - 2024-12-26 12:49:39 --> Input Class Initialized
INFO - 2024-12-26 12:49:39 --> Language Class Initialized
ERROR - 2024-12-26 12:49:39 --> 404 Page Not Found: /index
INFO - 2024-12-26 12:49:39 --> Config Class Initialized
INFO - 2024-12-26 12:49:39 --> Hooks Class Initialized
DEBUG - 2024-12-26 12:49:39 --> UTF-8 Support Enabled
INFO - 2024-12-26 12:49:39 --> Utf8 Class Initialized
INFO - 2024-12-26 12:49:39 --> URI Class Initialized
INFO - 2024-12-26 12:49:39 --> Router Class Initialized
INFO - 2024-12-26 12:49:39 --> Output Class Initialized
INFO - 2024-12-26 12:49:39 --> Security Class Initialized
DEBUG - 2024-12-26 12:49:39 --> Global POST, GET and COOKIE data sanitized
INFO - 2024-12-26 12:49:39 --> Input Class Initialized
INFO - 2024-12-26 12:49:39 --> Language Class Initialized
INFO - 2024-12-26 12:49:39 --> Language Class Initialized
INFO - 2024-12-26 12:49:39 --> Config Class Initialized
INFO - 2024-12-26 12:49:39 --> Loader Class Initialized
INFO - 2024-12-26 12:49:39 --> Helper loaded: url_helper
INFO - 2024-12-26 12:49:39 --> Helper loaded: easyui_helper
INFO - 2024-12-26 12:49:39 --> Helper loaded: param_helper
INFO - 2024-12-26 12:49:39 --> Helper loaded: credential_helper
INFO - 2024-12-26 12:49:39 --> Helper loaded: template_helper
INFO - 2024-12-26 12:49:39 --> Helper loaded: rest_helper
INFO - 2024-12-26 12:49:39 --> Database Driver Class Initialized
DEBUG - 2024-12-26 12:49:39 --> Idgenerator class already loaded. Second attempt ignored.
INFO - 2024-12-26 12:49:39 --> Controller Class Initialized
INFO - 2024-12-26 12:49:39 --> Model Class Initialized
DEBUG - 2024-12-26 12:49:39 --> File loaded: /apps/web-drc/application/modules/promo_product_sales/models/Promo_product_model.php
INFO - 2024-12-26 12:49:39 --> Model Class Initialized
INFO - 2024-12-26 12:49:39 --> Final output sent to browser
DEBUG - 2024-12-26 12:49:39 --> Total execution time: 0.0040
INFO - 2024-12-26 12:50:12 --> Config Class Initialized
INFO - 2024-12-26 12:50:12 --> Hooks Class Initialized
DEBUG - 2024-12-26 12:50:12 --> UTF-8 Support Enabled
INFO - 2024-12-26 12:50:12 --> Utf8 Class Initialized
INFO - 2024-12-26 12:50:12 --> URI Class Initialized
INFO - 2024-12-26 12:50:12 --> Router Class Initialized
INFO - 2024-12-26 12:50:12 --> Output Class Initialized
INFO - 2024-12-26 12:50:12 --> Security Class Initialized
DEBUG - 2024-12-26 12:50:12 --> Global POST, GET and COOKIE data sanitized
INFO - 2024-12-26 12:50:12 --> Input Class Initialized
INFO - 2024-12-26 12:50:12 --> Language Class Initialized
INFO - 2024-12-26 12:50:12 --> Language Class Initialized
INFO - 2024-12-26 12:50:12 --> Config Class Initialized
INFO - 2024-12-26 12:50:12 --> Loader Class Initialized
INFO - 2024-12-26 12:50:12 --> Helper loaded: url_helper
INFO - 2024-12-26 12:50:12 --> Helper loaded: easyui_helper
INFO - 2024-12-26 12:50:12 --> Helper loaded: param_helper
INFO - 2024-12-26 12:50:12 --> Helper loaded: credential_helper
INFO - 2024-12-26 12:50:12 --> Helper loaded: template_helper
INFO - 2024-12-26 12:50:12 --> Helper loaded: rest_helper
INFO - 2024-12-26 12:50:12 --> Database Driver Class Initialized
DEBUG - 2024-12-26 12:50:12 --> Idgenerator class already loaded. Second attempt ignored.
INFO - 2024-12-26 12:50:12 --> Controller Class Initialized
INFO - 2024-12-26 12:50:12 --> Model Class Initialized
DEBUG - 2024-12-26 12:50:12 --> File loaded: /apps/web-drc/application/modules/promo_product_sales/models/Promo_product_model.php
INFO - 2024-12-26 12:50:12 --> Model Class Initialized
DEBUG - 2024-12-26 12:50:12 --> File loaded: /apps/web-drc/application/modules/promo_product_sales/views/form.php
DEBUG - 2024-12-26 12:50:12 --> File loaded: /apps/web-drc/application/views/templates/header.php
DEBUG - 2024-12-26 12:50:12 --> File loaded: /apps/web-drc/application/views/templates/toolbar.php
DEBUG - 2024-12-26 12:50:12 --> File loaded: /apps/web-drc/application/views/templates/sidebar.php
DEBUG - 2024-12-26 12:50:12 --> File loaded: /apps/web-drc/application/views/templates/contents.php
DEBUG - 2024-12-26 12:50:12 --> File loaded: /apps/web-drc/application/views/templates/content_footer.php
DEBUG - 2024-12-26 12:50:12 --> File loaded: /apps/web-drc/application/views/templates/footer.php
DEBUG - 2024-12-26 12:50:12 --> File loaded: /apps/web-drc/application/views/templates/default.php
INFO - 2024-12-26 12:50:12 --> Final output sent to browser
DEBUG - 2024-12-26 12:50:12 --> Total execution time: 0.0127
INFO - 2024-12-26 12:50:12 --> Config Class Initialized
INFO - 2024-12-26 12:50:12 --> Hooks Class Initialized
DEBUG - 2024-12-26 12:50:12 --> UTF-8 Support Enabled
INFO - 2024-12-26 12:50:12 --> Utf8 Class Initialized
INFO - 2024-12-26 12:50:12 --> URI Class Initialized
INFO - 2024-12-26 12:50:12 --> Router Class Initialized
INFO - 2024-12-26 12:50:12 --> Output Class Initialized
INFO - 2024-12-26 12:50:12 --> Security Class Initialized
DEBUG - 2024-12-26 12:50:12 --> Global POST, GET and COOKIE data sanitized
INFO - 2024-12-26 12:50:12 --> Input Class Initialized
INFO - 2024-12-26 12:50:12 --> Language Class Initialized
INFO - 2024-12-26 12:50:12 --> Language Class Initialized
INFO - 2024-12-26 12:50:12 --> Config Class Initialized
INFO - 2024-12-26 12:50:12 --> Loader Class Initialized
INFO - 2024-12-26 12:50:12 --> Helper loaded: url_helper
INFO - 2024-12-26 12:50:12 --> Helper loaded: easyui_helper
INFO - 2024-12-26 12:50:12 --> Helper loaded: param_helper
INFO - 2024-12-26 12:50:12 --> Helper loaded: credential_helper
INFO - 2024-12-26 12:50:12 --> Helper loaded: template_helper
INFO - 2024-12-26 12:50:12 --> Helper loaded: rest_helper
INFO - 2024-12-26 12:50:12 --> Database Driver Class Initialized
DEBUG - 2024-12-26 12:50:12 --> Idgenerator class already loaded. Second attempt ignored.
INFO - 2024-12-26 12:50:12 --> Controller Class Initialized
INFO - 2024-12-26 12:50:12 --> Model Class Initialized
DEBUG - 2024-12-26 12:50:12 --> File loaded: /apps/web-drc/application/modules/api_v1/models/Api_v1_model.php
INFO - 2024-12-26 12:50:12 --> Model Class Initialized
INFO - 2024-12-26 12:50:12 --> Final output sent to browser
DEBUG - 2024-12-26 12:50:12 --> Total execution time: 0.0057
INFO - 2024-12-26 12:50:12 --> Config Class Initialized
INFO - 2024-12-26 12:50:12 --> Hooks Class Initialized
DEBUG - 2024-12-26 12:50:12 --> UTF-8 Support Enabled
INFO - 2024-12-26 12:50:12 --> Utf8 Class Initialized
INFO - 2024-12-26 12:50:12 --> URI Class Initialized
INFO - 2024-12-26 12:50:12 --> Router Class Initialized
INFO - 2024-12-26 12:50:12 --> Output Class Initialized
INFO - 2024-12-26 12:50:12 --> Security Class Initialized
DEBUG - 2024-12-26 12:50:12 --> Global POST, GET and COOKIE data sanitized
INFO - 2024-12-26 12:50:12 --> Input Class Initialized
INFO - 2024-12-26 12:50:12 --> Language Class Initialized
ERROR - 2024-12-26 12:50:12 --> 404 Page Not Found: /index
INFO - 2024-12-26 12:50:38 --> Config Class Initialized
INFO - 2024-12-26 12:50:38 --> Hooks Class Initialized
DEBUG - 2024-12-26 12:50:38 --> UTF-8 Support Enabled
INFO - 2024-12-26 12:50:38 --> Utf8 Class Initialized
INFO - 2024-12-26 12:50:38 --> URI Class Initialized
INFO - 2024-12-26 12:50:38 --> Router Class Initialized
INFO - 2024-12-26 12:50:38 --> Output Class Initialized
INFO - 2024-12-26 12:50:38 --> Security Class Initialized
DEBUG - 2024-12-26 12:50:38 --> Global POST, GET and COOKIE data sanitized
INFO - 2024-12-26 12:50:38 --> Input Class Initialized
INFO - 2024-12-26 12:50:38 --> Language Class Initialized
INFO - 2024-12-26 12:50:38 --> Language Class Initialized
INFO - 2024-12-26 12:50:38 --> Config Class Initialized
INFO - 2024-12-26 12:50:38 --> Loader Class Initialized
INFO - 2024-12-26 12:50:38 --> Helper loaded: url_helper
INFO - 2024-12-26 12:50:38 --> Helper loaded: easyui_helper
INFO - 2024-12-26 12:50:38 --> Helper loaded: param_helper
INFO - 2024-12-26 12:50:38 --> Helper loaded: credential_helper
INFO - 2024-12-26 12:50:38 --> Helper loaded: template_helper
INFO - 2024-12-26 12:50:38 --> Helper loaded: rest_helper
INFO - 2024-12-26 12:50:38 --> Database Driver Class Initialized
DEBUG - 2024-12-26 12:50:38 --> Idgenerator class already loaded. Second attempt ignored.
INFO - 2024-12-26 12:50:38 --> Controller Class Initialized
INFO - 2024-12-26 12:50:38 --> Model Class Initialized
DEBUG - 2024-12-26 12:50:38 --> File loaded: /apps/web-drc/application/modules/promo_product_sales/models/Promo_product_model.php
INFO - 2024-12-26 12:50:38 --> Model Class Initialized
ERROR - 2024-12-26 12:50:38 --> Query error: Unknown column 'idpromo' in 'where clause' - Invalid query: UPDATE `t_sales_promo` SET `no_promo` = '1', `judul` = 'Promo Test', `mulai_tanggal` = '2024-01-01', `selesai_tanggal` = '2024-12-31', `desription_promo` = 'Promo Test Description', `id` = '1', `modified_by` = 'admin', `modified_date` = '2024-12-26 05:50:38', `productid` = 'NVTB60ML,NVTE60ML,NVTP60ML'
WHERE `idpromo` = '1'
INFO - 2024-12-26 12:50:38 --> Final output sent to browser
DEBUG - 2024-12-26 12:50:38 --> Total execution time: 0.0113
INFO - 2024-12-26 12:50:38 --> Config Class Initialized
INFO - 2024-12-26 12:50:38 --> Hooks Class Initialized
DEBUG - 2024-12-26 12:50:38 --> UTF-8 Support Enabled
INFO - 2024-12-26 12:50:38 --> Utf8 Class Initialized
INFO - 2024-12-26 12:50:38 --> URI Class Initialized
INFO - 2024-12-26 12:50:38 --> Router Class Initialized
INFO - 2024-12-26 12:50:38 --> Output Class Initialized
INFO - 2024-12-26 12:50:38 --> Security Class Initialized
DEBUG - 2024-12-26 12:50:38 --> Global POST, GET and COOKIE data sanitized
INFO - 2024-12-26 12:50:38 --> Input Class Initialized
INFO - 2024-12-26 12:50:38 --> Language Class Initialized
INFO - 2024-12-26 12:50:38 --> Language Class Initialized
INFO - 2024-12-26 12:50:38 --> Config Class Initialized
INFO - 2024-12-26 12:50:38 --> Loader Class Initialized
INFO - 2024-12-26 12:50:38 --> Helper loaded: url_helper
INFO - 2024-12-26 12:50:38 --> Helper loaded: easyui_helper
INFO - 2024-12-26 12:50:38 --> Helper loaded: param_helper
INFO - 2024-12-26 12:50:38 --> Helper loaded: credential_helper
INFO - 2024-12-26 12:50:38 --> Helper loaded: template_helper
INFO - 2024-12-26 12:50:38 --> Helper loaded: rest_helper
INFO - 2024-12-26 12:50:38 --> Database Driver Class Initialized
DEBUG - 2024-12-26 12:50:38 --> Idgenerator class already loaded. Second attempt ignored.
INFO - 2024-12-26 12:50:38 --> Controller Class Initialized
INFO - 2024-12-26 12:50:38 --> Model Class Initialized
DEBUG - 2024-12-26 12:50:38 --> File loaded: /apps/web-drc/application/modules/promo_product_sales/models/Promo_product_model.php
INFO - 2024-12-26 12:50:38 --> Model Class Initialized
DEBUG - 2024-12-26 12:50:38 --> File loaded: /apps/web-drc/application/modules/promo_product_sales/views/content.php
DEBUG - 2024-12-26 12:50:38 --> File loaded: /apps/web-drc/application/views/templates/header.php
DEBUG - 2024-12-26 12:50:38 --> File loaded: /apps/web-drc/application/views/templates/toolbar.php
DEBUG - 2024-12-26 12:50:38 --> File loaded: /apps/web-drc/application/views/templates/sidebar.php
DEBUG - 2024-12-26 12:50:38 --> File loaded: /apps/web-drc/application/views/templates/contents.php
DEBUG - 2024-12-26 12:50:38 --> File loaded: /apps/web-drc/application/views/templates/content_footer.php
DEBUG - 2024-12-26 12:50:38 --> File loaded: /apps/web-drc/application/views/templates/footer.php
DEBUG - 2024-12-26 12:50:38 --> File loaded: /apps/web-drc/application/views/templates/default.php
INFO - 2024-12-26 12:50:38 --> Final output sent to browser
DEBUG - 2024-12-26 12:50:38 --> Total execution time: 0.0101
INFO - 2024-12-26 12:50:38 --> Config Class Initialized
INFO - 2024-12-26 12:50:38 --> Hooks Class Initialized
DEBUG - 2024-12-26 12:50:38 --> UTF-8 Support Enabled
INFO - 2024-12-26 12:50:38 --> Utf8 Class Initialized
INFO - 2024-12-26 12:50:38 --> URI Class Initialized
INFO - 2024-12-26 12:50:38 --> Router Class Initialized
INFO - 2024-12-26 12:50:38 --> Output Class Initialized
INFO - 2024-12-26 12:50:38 --> Security Class Initialized
DEBUG - 2024-12-26 12:50:38 --> Global POST, GET and COOKIE data sanitized
INFO - 2024-12-26 12:50:38 --> Input Class Initialized
INFO - 2024-12-26 12:50:38 --> Language Class Initialized
ERROR - 2024-12-26 12:50:38 --> 404 Page Not Found: /index
INFO - 2024-12-26 12:50:38 --> Config Class Initialized
INFO - 2024-12-26 12:50:38 --> Hooks Class Initialized
DEBUG - 2024-12-26 12:50:38 --> UTF-8 Support Enabled
INFO - 2024-12-26 12:50:38 --> Utf8 Class Initialized
INFO - 2024-12-26 12:50:38 --> URI Class Initialized
INFO - 2024-12-26 12:50:38 --> Router Class Initialized
INFO - 2024-12-26 12:50:38 --> Output Class Initialized
INFO - 2024-12-26 12:50:38 --> Security Class Initialized
DEBUG - 2024-12-26 12:50:38 --> Global POST, GET and COOKIE data sanitized
INFO - 2024-12-26 12:50:38 --> Input Class Initialized
INFO - 2024-12-26 12:50:38 --> Language Class Initialized
INFO - 2024-12-26 12:50:38 --> Language Class Initialized
INFO - 2024-12-26 12:50:38 --> Config Class Initialized
INFO - 2024-12-26 12:50:38 --> Loader Class Initialized
INFO - 2024-12-26 12:50:38 --> Helper loaded: url_helper
INFO - 2024-12-26 12:50:38 --> Helper loaded: easyui_helper
INFO - 2024-12-26 12:50:38 --> Helper loaded: param_helper
INFO - 2024-12-26 12:50:38 --> Helper loaded: credential_helper
INFO - 2024-12-26 12:50:38 --> Helper loaded: template_helper
INFO - 2024-12-26 12:50:38 --> Helper loaded: rest_helper
INFO - 2024-12-26 12:50:38 --> Database Driver Class Initialized
DEBUG - 2024-12-26 12:50:38 --> Idgenerator class already loaded. Second attempt ignored.
INFO - 2024-12-26 12:50:38 --> Controller Class Initialized
INFO - 2024-12-26 12:50:38 --> Model Class Initialized
DEBUG - 2024-12-26 12:50:38 --> File loaded: /apps/web-drc/application/modules/promo_product_sales/models/Promo_product_model.php
INFO - 2024-12-26 12:50:38 --> Model Class Initialized
INFO - 2024-12-26 12:50:38 --> Final output sent to browser
DEBUG - 2024-12-26 12:50:38 --> Total execution time: 0.0051
INFO - 2024-12-26 12:53:39 --> Config Class Initialized
INFO - 2024-12-26 12:53:39 --> Hooks Class Initialized
DEBUG - 2024-12-26 12:53:39 --> UTF-8 Support Enabled
INFO - 2024-12-26 12:53:39 --> Utf8 Class Initialized
INFO - 2024-12-26 12:53:39 --> URI Class Initialized
INFO - 2024-12-26 12:53:39 --> Router Class Initialized
INFO - 2024-12-26 12:53:39 --> Output Class Initialized
INFO - 2024-12-26 12:53:39 --> Security Class Initialized
DEBUG - 2024-12-26 12:53:39 --> Global POST, GET and COOKIE data sanitized
INFO - 2024-12-26 12:53:39 --> Input Class Initialized
INFO - 2024-12-26 12:53:39 --> Language Class Initialized
INFO - 2024-12-26 12:53:39 --> Language Class Initialized
INFO - 2024-12-26 12:53:39 --> Config Class Initialized
INFO - 2024-12-26 12:53:39 --> Loader Class Initialized
INFO - 2024-12-26 12:53:39 --> Helper loaded: url_helper
INFO - 2024-12-26 12:53:39 --> Helper loaded: easyui_helper
INFO - 2024-12-26 12:53:39 --> Helper loaded: param_helper
INFO - 2024-12-26 12:53:39 --> Helper loaded: credential_helper
INFO - 2024-12-26 12:53:39 --> Helper loaded: template_helper
INFO - 2024-12-26 12:53:39 --> Helper loaded: rest_helper
INFO - 2024-12-26 12:53:39 --> Database Driver Class Initialized
DEBUG - 2024-12-26 12:53:39 --> Idgenerator class already loaded. Second attempt ignored.
INFO - 2024-12-26 12:53:39 --> Controller Class Initialized
INFO - 2024-12-26 12:53:39 --> Model Class Initialized
DEBUG - 2024-12-26 12:53:39 --> File loaded: /apps/web-drc/application/modules/promo_product_sales/models/Promo_product_model.php
INFO - 2024-12-26 12:53:39 --> Model Class Initialized
DEBUG - 2024-12-26 12:53:39 --> File loaded: /apps/web-drc/application/modules/promo_product_sales/views/form.php
DEBUG - 2024-12-26 12:53:39 --> File loaded: /apps/web-drc/application/views/templates/header.php
DEBUG - 2024-12-26 12:53:39 --> File loaded: /apps/web-drc/application/views/templates/toolbar.php
DEBUG - 2024-12-26 12:53:39 --> File loaded: /apps/web-drc/application/views/templates/sidebar.php
DEBUG - 2024-12-26 12:53:39 --> File loaded: /apps/web-drc/application/views/templates/contents.php
DEBUG - 2024-12-26 12:53:39 --> File loaded: /apps/web-drc/application/views/templates/content_footer.php
DEBUG - 2024-12-26 12:53:39 --> File loaded: /apps/web-drc/application/views/templates/footer.php
DEBUG - 2024-12-26 12:53:39 --> File loaded: /apps/web-drc/application/views/templates/default.php
INFO - 2024-12-26 12:53:39 --> Final output sent to browser
DEBUG - 2024-12-26 12:53:39 --> Total execution time: 0.0114
INFO - 2024-12-26 12:53:40 --> Config Class Initialized
INFO - 2024-12-26 12:53:40 --> Hooks Class Initialized
DEBUG - 2024-12-26 12:53:40 --> UTF-8 Support Enabled
INFO - 2024-12-26 12:53:40 --> Utf8 Class Initialized
INFO - 2024-12-26 12:53:40 --> URI Class Initialized
INFO - 2024-12-26 12:53:40 --> Router Class Initialized
INFO - 2024-12-26 12:53:40 --> Output Class Initialized
INFO - 2024-12-26 12:53:40 --> Security Class Initialized
DEBUG - 2024-12-26 12:53:40 --> Global POST, GET and COOKIE data sanitized
INFO - 2024-12-26 12:53:40 --> Input Class Initialized
INFO - 2024-12-26 12:53:40 --> Language Class Initialized
ERROR - 2024-12-26 12:53:40 --> 404 Page Not Found: /index
INFO - 2024-12-26 12:53:40 --> Config Class Initialized
INFO - 2024-12-26 12:53:40 --> Hooks Class Initialized
DEBUG - 2024-12-26 12:53:40 --> UTF-8 Support Enabled
INFO - 2024-12-26 12:53:40 --> Utf8 Class Initialized
INFO - 2024-12-26 12:53:40 --> URI Class Initialized
INFO - 2024-12-26 12:53:40 --> Router Class Initialized
INFO - 2024-12-26 12:53:40 --> Output Class Initialized
INFO - 2024-12-26 12:53:40 --> Security Class Initialized
DEBUG - 2024-12-26 12:53:40 --> Global POST, GET and COOKIE data sanitized
INFO - 2024-12-26 12:53:40 --> Input Class Initialized
INFO - 2024-12-26 12:53:40 --> Language Class Initialized
INFO - 2024-12-26 12:53:40 --> Language Class Initialized
INFO - 2024-12-26 12:53:40 --> Config Class Initialized
INFO - 2024-12-26 12:53:40 --> Loader Class Initialized
INFO - 2024-12-26 12:53:40 --> Helper loaded: url_helper
INFO - 2024-12-26 12:53:40 --> Helper loaded: easyui_helper
INFO - 2024-12-26 12:53:40 --> Helper loaded: param_helper
INFO - 2024-12-26 12:53:40 --> Helper loaded: credential_helper
INFO - 2024-12-26 12:53:40 --> Helper loaded: template_helper
INFO - 2024-12-26 12:53:40 --> Helper loaded: rest_helper
INFO - 2024-12-26 12:53:40 --> Database Driver Class Initialized
DEBUG - 2024-12-26 12:53:40 --> Idgenerator class already loaded. Second attempt ignored.
INFO - 2024-12-26 12:53:40 --> Controller Class Initialized
INFO - 2024-12-26 12:53:40 --> Model Class Initialized
DEBUG - 2024-12-26 12:53:40 --> File loaded: /apps/web-drc/application/modules/api_v1/models/Api_v1_model.php
INFO - 2024-12-26 12:53:40 --> Model Class Initialized
INFO - 2024-12-26 12:53:40 --> Final output sent to browser
DEBUG - 2024-12-26 12:53:40 --> Total execution time: 0.0049
INFO - 2024-12-26 12:54:30 --> Config Class Initialized
INFO - 2024-12-26 12:54:30 --> Hooks Class Initialized
DEBUG - 2024-12-26 12:54:30 --> UTF-8 Support Enabled
INFO - 2024-12-26 12:54:30 --> Utf8 Class Initialized
INFO - 2024-12-26 12:54:30 --> URI Class Initialized
INFO - 2024-12-26 12:54:30 --> Router Class Initialized
INFO - 2024-12-26 12:54:30 --> Output Class Initialized
INFO - 2024-12-26 12:54:30 --> Security Class Initialized
DEBUG - 2024-12-26 12:54:30 --> Global POST, GET and COOKIE data sanitized
INFO - 2024-12-26 12:54:30 --> Input Class Initialized
INFO - 2024-12-26 12:54:30 --> Language Class Initialized
INFO - 2024-12-26 12:54:30 --> Language Class Initialized
INFO - 2024-12-26 12:54:30 --> Config Class Initialized
INFO - 2024-12-26 12:54:30 --> Loader Class Initialized
INFO - 2024-12-26 12:54:30 --> Helper loaded: url_helper
INFO - 2024-12-26 12:54:30 --> Helper loaded: easyui_helper
INFO - 2024-12-26 12:54:30 --> Helper loaded: param_helper
INFO - 2024-12-26 12:54:30 --> Helper loaded: credential_helper
INFO - 2024-12-26 12:54:30 --> Helper loaded: template_helper
INFO - 2024-12-26 12:54:30 --> Helper loaded: rest_helper
INFO - 2024-12-26 12:54:30 --> Database Driver Class Initialized
DEBUG - 2024-12-26 12:54:30 --> Idgenerator class already loaded. Second attempt ignored.
INFO - 2024-12-26 12:54:30 --> Controller Class Initialized
INFO - 2024-12-26 12:54:30 --> Model Class Initialized
DEBUG - 2024-12-26 12:54:30 --> File loaded: /apps/web-drc/application/modules/promo_product_sales/models/Promo_product_model.php
INFO - 2024-12-26 12:54:30 --> Model Class Initialized
INFO - 2024-12-26 12:54:30 --> Final output sent to browser
DEBUG - 2024-12-26 12:54:30 --> Total execution time: 0.0052
INFO - 2024-12-26 12:54:30 --> Config Class Initialized
INFO - 2024-12-26 12:54:30 --> Hooks Class Initialized
DEBUG - 2024-12-26 12:54:30 --> UTF-8 Support Enabled
INFO - 2024-12-26 12:54:30 --> Utf8 Class Initialized
INFO - 2024-12-26 12:54:30 --> URI Class Initialized
INFO - 2024-12-26 12:54:30 --> Router Class Initialized
INFO - 2024-12-26 12:54:30 --> Output Class Initialized
INFO - 2024-12-26 12:54:30 --> Security Class Initialized
DEBUG - 2024-12-26 12:54:30 --> Global POST, GET and COOKIE data sanitized
INFO - 2024-12-26 12:54:30 --> Input Class Initialized
INFO - 2024-12-26 12:54:30 --> Language Class Initialized
INFO - 2024-12-26 12:54:30 --> Language Class Initialized
INFO - 2024-12-26 12:54:30 --> Config Class Initialized
INFO - 2024-12-26 12:54:30 --> Loader Class Initialized
INFO - 2024-12-26 12:54:30 --> Helper loaded: url_helper
INFO - 2024-12-26 12:54:30 --> Helper loaded: easyui_helper
INFO - 2024-12-26 12:54:30 --> Helper loaded: param_helper
INFO - 2024-12-26 12:54:30 --> Helper loaded: credential_helper
INFO - 2024-12-26 12:54:30 --> Helper loaded: template_helper
INFO - 2024-12-26 12:54:30 --> Helper loaded: rest_helper
INFO - 2024-12-26 12:54:30 --> Database Driver Class Initialized
DEBUG - 2024-12-26 12:54:30 --> Idgenerator class already loaded. Second attempt ignored.
INFO - 2024-12-26 12:54:30 --> Controller Class Initialized
INFO - 2024-12-26 12:54:30 --> Model Class Initialized
DEBUG - 2024-12-26 12:54:30 --> File loaded: /apps/web-drc/application/modules/promo_product_sales/models/Promo_product_model.php
INFO - 2024-12-26 12:54:30 --> Model Class Initialized
DEBUG - 2024-12-26 12:54:30 --> File loaded: /apps/web-drc/application/modules/promo_product_sales/views/content.php
DEBUG - 2024-12-26 12:54:30 --> File loaded: /apps/web-drc/application/views/templates/header.php
DEBUG - 2024-12-26 12:54:30 --> File loaded: /apps/web-drc/application/views/templates/toolbar.php
DEBUG - 2024-12-26 12:54:30 --> File loaded: /apps/web-drc/application/views/templates/sidebar.php
DEBUG - 2024-12-26 12:54:30 --> File loaded: /apps/web-drc/application/views/templates/contents.php
DEBUG - 2024-12-26 12:54:30 --> File loaded: /apps/web-drc/application/views/templates/content_footer.php
DEBUG - 2024-12-26 12:54:30 --> File loaded: /apps/web-drc/application/views/templates/footer.php
DEBUG - 2024-12-26 12:54:30 --> File loaded: /apps/web-drc/application/views/templates/default.php
INFO - 2024-12-26 12:54:30 --> Final output sent to browser
DEBUG - 2024-12-26 12:54:30 --> Total execution time: 0.0116
INFO - 2024-12-26 12:54:31 --> Config Class Initialized
INFO - 2024-12-26 12:54:31 --> Hooks Class Initialized
DEBUG - 2024-12-26 12:54:31 --> UTF-8 Support Enabled
INFO - 2024-12-26 12:54:31 --> Utf8 Class Initialized
INFO - 2024-12-26 12:54:31 --> URI Class Initialized
INFO - 2024-12-26 12:54:31 --> Router Class Initialized
INFO - 2024-12-26 12:54:31 --> Output Class Initialized
INFO - 2024-12-26 12:54:31 --> Security Class Initialized
DEBUG - 2024-12-26 12:54:31 --> Global POST, GET and COOKIE data sanitized
INFO - 2024-12-26 12:54:31 --> Input Class Initialized
INFO - 2024-12-26 12:54:31 --> Language Class Initialized
ERROR - 2024-12-26 12:54:31 --> 404 Page Not Found: /index
INFO - 2024-12-26 12:54:31 --> Config Class Initialized
INFO - 2024-12-26 12:54:31 --> Hooks Class Initialized
DEBUG - 2024-12-26 12:54:31 --> UTF-8 Support Enabled
INFO - 2024-12-26 12:54:31 --> Utf8 Class Initialized
INFO - 2024-12-26 12:54:31 --> URI Class Initialized
INFO - 2024-12-26 12:54:31 --> Router Class Initialized
INFO - 2024-12-26 12:54:31 --> Output Class Initialized
INFO - 2024-12-26 12:54:31 --> Security Class Initialized
DEBUG - 2024-12-26 12:54:31 --> Global POST, GET and COOKIE data sanitized
INFO - 2024-12-26 12:54:31 --> Input Class Initialized
INFO - 2024-12-26 12:54:31 --> Language Class Initialized
INFO - 2024-12-26 12:54:31 --> Language Class Initialized
INFO - 2024-12-26 12:54:31 --> Config Class Initialized
INFO - 2024-12-26 12:54:31 --> Loader Class Initialized
INFO - 2024-12-26 12:54:31 --> Helper loaded: url_helper
INFO - 2024-12-26 12:54:31 --> Helper loaded: easyui_helper
INFO - 2024-12-26 12:54:31 --> Helper loaded: param_helper
INFO - 2024-12-26 12:54:31 --> Helper loaded: credential_helper
INFO - 2024-12-26 12:54:31 --> Helper loaded: template_helper
INFO - 2024-12-26 12:54:31 --> Helper loaded: rest_helper
INFO - 2024-12-26 12:54:31 --> Database Driver Class Initialized
DEBUG - 2024-12-26 12:54:31 --> Idgenerator class already loaded. Second attempt ignored.
INFO - 2024-12-26 12:54:31 --> Controller Class Initialized
INFO - 2024-12-26 12:54:31 --> Model Class Initialized
DEBUG - 2024-12-26 12:54:31 --> File loaded: /apps/web-drc/application/modules/promo_product_sales/models/Promo_product_model.php
INFO - 2024-12-26 12:54:31 --> Model Class Initialized
INFO - 2024-12-26 12:54:31 --> Final output sent to browser
DEBUG - 2024-12-26 12:54:31 --> Total execution time: 0.0051
INFO - 2024-12-26 12:54:37 --> Config Class Initialized
INFO - 2024-12-26 12:54:37 --> Hooks Class Initialized
DEBUG - 2024-12-26 12:54:37 --> UTF-8 Support Enabled
INFO - 2024-12-26 12:54:37 --> Utf8 Class Initialized
INFO - 2024-12-26 12:54:37 --> URI Class Initialized
INFO - 2024-12-26 12:54:37 --> Router Class Initialized
INFO - 2024-12-26 12:54:37 --> Output Class Initialized
INFO - 2024-12-26 12:54:37 --> Security Class Initialized
DEBUG - 2024-12-26 12:54:37 --> Global POST, GET and COOKIE data sanitized
INFO - 2024-12-26 12:54:37 --> Input Class Initialized
INFO - 2024-12-26 12:54:37 --> Language Class Initialized
INFO - 2024-12-26 12:54:37 --> Language Class Initialized
INFO - 2024-12-26 12:54:37 --> Config Class Initialized
INFO - 2024-12-26 12:54:37 --> Loader Class Initialized
INFO - 2024-12-26 12:54:37 --> Helper loaded: url_helper
INFO - 2024-12-26 12:54:37 --> Helper loaded: easyui_helper
INFO - 2024-12-26 12:54:37 --> Helper loaded: param_helper
INFO - 2024-12-26 12:54:37 --> Helper loaded: credential_helper
INFO - 2024-12-26 12:54:37 --> Helper loaded: template_helper
INFO - 2024-12-26 12:54:37 --> Helper loaded: rest_helper
INFO - 2024-12-26 12:54:37 --> Database Driver Class Initialized
DEBUG - 2024-12-26 12:54:37 --> Idgenerator class already loaded. Second attempt ignored.
INFO - 2024-12-26 12:54:37 --> Controller Class Initialized
INFO - 2024-12-26 12:54:37 --> Model Class Initialized
DEBUG - 2024-12-26 12:54:37 --> File loaded: /apps/web-drc/application/modules/promo_product_sales/models/Promo_product_model.php
INFO - 2024-12-26 12:54:37 --> Model Class Initialized
DEBUG - 2024-12-26 12:54:37 --> File loaded: /apps/web-drc/application/modules/promo_product_sales/views/form.php
DEBUG - 2024-12-26 12:54:37 --> File loaded: /apps/web-drc/application/views/templates/header.php
DEBUG - 2024-12-26 12:54:37 --> File loaded: /apps/web-drc/application/views/templates/toolbar.php
DEBUG - 2024-12-26 12:54:37 --> File loaded: /apps/web-drc/application/views/templates/sidebar.php
DEBUG - 2024-12-26 12:54:37 --> File loaded: /apps/web-drc/application/views/templates/contents.php
DEBUG - 2024-12-26 12:54:37 --> File loaded: /apps/web-drc/application/views/templates/content_footer.php
DEBUG - 2024-12-26 12:54:37 --> File loaded: /apps/web-drc/application/views/templates/footer.php
DEBUG - 2024-12-26 12:54:37 --> File loaded: /apps/web-drc/application/views/templates/default.php
INFO - 2024-12-26 12:54:37 --> Final output sent to browser
DEBUG - 2024-12-26 12:54:37 --> Total execution time: 0.0087
INFO - 2024-12-26 12:54:37 --> Config Class Initialized
INFO - 2024-12-26 12:54:37 --> Hooks Class Initialized
DEBUG - 2024-12-26 12:54:37 --> UTF-8 Support Enabled
INFO - 2024-12-26 12:54:37 --> Utf8 Class Initialized
INFO - 2024-12-26 12:54:37 --> URI Class Initialized
INFO - 2024-12-26 12:54:37 --> Router Class Initialized
INFO - 2024-12-26 12:54:37 --> Output Class Initialized
INFO - 2024-12-26 12:54:37 --> Security Class Initialized
DEBUG - 2024-12-26 12:54:37 --> Global POST, GET and COOKIE data sanitized
INFO - 2024-12-26 12:54:37 --> Input Class Initialized
INFO - 2024-12-26 12:54:37 --> Language Class Initialized
ERROR - 2024-12-26 12:54:37 --> 404 Page Not Found: /index
INFO - 2024-12-26 12:54:38 --> Config Class Initialized
INFO - 2024-12-26 12:54:38 --> Hooks Class Initialized
DEBUG - 2024-12-26 12:54:38 --> UTF-8 Support Enabled
INFO - 2024-12-26 12:54:38 --> Utf8 Class Initialized
INFO - 2024-12-26 12:54:38 --> URI Class Initialized
INFO - 2024-12-26 12:54:38 --> Router Class Initialized
INFO - 2024-12-26 12:54:38 --> Output Class Initialized
INFO - 2024-12-26 12:54:38 --> Security Class Initialized
DEBUG - 2024-12-26 12:54:38 --> Global POST, GET and COOKIE data sanitized
INFO - 2024-12-26 12:54:38 --> Input Class Initialized
INFO - 2024-12-26 12:54:38 --> Language Class Initialized
INFO - 2024-12-26 12:54:38 --> Language Class Initialized
INFO - 2024-12-26 12:54:38 --> Config Class Initialized
INFO - 2024-12-26 12:54:38 --> Loader Class Initialized
INFO - 2024-12-26 12:54:38 --> Helper loaded: url_helper
INFO - 2024-12-26 12:54:38 --> Helper loaded: easyui_helper
INFO - 2024-12-26 12:54:38 --> Helper loaded: param_helper
INFO - 2024-12-26 12:54:38 --> Helper loaded: credential_helper
INFO - 2024-12-26 12:54:38 --> Helper loaded: template_helper
INFO - 2024-12-26 12:54:38 --> Helper loaded: rest_helper
INFO - 2024-12-26 12:54:38 --> Database Driver Class Initialized
DEBUG - 2024-12-26 12:54:38 --> Idgenerator class already loaded. Second attempt ignored.
INFO - 2024-12-26 12:54:38 --> Controller Class Initialized
INFO - 2024-12-26 12:54:38 --> Model Class Initialized
DEBUG - 2024-12-26 12:54:38 --> File loaded: /apps/web-drc/application/modules/api_v1/models/Api_v1_model.php
INFO - 2024-12-26 12:54:38 --> Model Class Initialized
INFO - 2024-12-26 12:54:38 --> Final output sent to browser
DEBUG - 2024-12-26 12:54:38 --> Total execution time: 0.0035
INFO - 2024-12-26 12:55:14 --> Config Class Initialized
INFO - 2024-12-26 12:55:14 --> Hooks Class Initialized
DEBUG - 2024-12-26 12:55:14 --> UTF-8 Support Enabled
INFO - 2024-12-26 12:55:14 --> Utf8 Class Initialized
INFO - 2024-12-26 12:55:14 --> URI Class Initialized
INFO - 2024-12-26 12:55:14 --> Router Class Initialized
INFO - 2024-12-26 12:55:14 --> Output Class Initialized
INFO - 2024-12-26 12:55:14 --> Security Class Initialized
DEBUG - 2024-12-26 12:55:14 --> Global POST, GET and COOKIE data sanitized
INFO - 2024-12-26 12:55:14 --> Input Class Initialized
INFO - 2024-12-26 12:55:14 --> Language Class Initialized
INFO - 2024-12-26 12:55:14 --> Language Class Initialized
INFO - 2024-12-26 12:55:14 --> Config Class Initialized
INFO - 2024-12-26 12:55:14 --> Loader Class Initialized
INFO - 2024-12-26 12:55:14 --> Helper loaded: url_helper
INFO - 2024-12-26 12:55:14 --> Helper loaded: easyui_helper
INFO - 2024-12-26 12:55:14 --> Helper loaded: param_helper
INFO - 2024-12-26 12:55:14 --> Helper loaded: credential_helper
INFO - 2024-12-26 12:55:14 --> Helper loaded: template_helper
INFO - 2024-12-26 12:55:14 --> Helper loaded: rest_helper
INFO - 2024-12-26 12:55:14 --> Database Driver Class Initialized
DEBUG - 2024-12-26 12:55:14 --> Idgenerator class already loaded. Second attempt ignored.
INFO - 2024-12-26 12:55:14 --> Controller Class Initialized
INFO - 2024-12-26 12:55:14 --> Model Class Initialized
DEBUG - 2024-12-26 12:55:14 --> File loaded: /apps/web-drc/application/modules/promo_product_sales/models/Promo_product_model.php
INFO - 2024-12-26 12:55:14 --> Model Class Initialized
INFO - 2024-12-26 12:55:14 --> Final output sent to browser
DEBUG - 2024-12-26 12:55:14 --> Total execution time: 0.0068
INFO - 2024-12-26 12:55:14 --> Config Class Initialized
INFO - 2024-12-26 12:55:14 --> Hooks Class Initialized
DEBUG - 2024-12-26 12:55:14 --> UTF-8 Support Enabled
INFO - 2024-12-26 12:55:14 --> Utf8 Class Initialized
INFO - 2024-12-26 12:55:14 --> URI Class Initialized
INFO - 2024-12-26 12:55:14 --> Router Class Initialized
INFO - 2024-12-26 12:55:14 --> Output Class Initialized
INFO - 2024-12-26 12:55:14 --> Security Class Initialized
DEBUG - 2024-12-26 12:55:14 --> Global POST, GET and COOKIE data sanitized
INFO - 2024-12-26 12:55:14 --> Input Class Initialized
INFO - 2024-12-26 12:55:14 --> Language Class Initialized
INFO - 2024-12-26 12:55:14 --> Language Class Initialized
INFO - 2024-12-26 12:55:14 --> Config Class Initialized
INFO - 2024-12-26 12:55:14 --> Loader Class Initialized
INFO - 2024-12-26 12:55:14 --> Helper loaded: url_helper
INFO - 2024-12-26 12:55:14 --> Helper loaded: easyui_helper
INFO - 2024-12-26 12:55:14 --> Helper loaded: param_helper
INFO - 2024-12-26 12:55:14 --> Helper loaded: credential_helper
INFO - 2024-12-26 12:55:14 --> Helper loaded: template_helper
INFO - 2024-12-26 12:55:14 --> Helper loaded: rest_helper
INFO - 2024-12-26 12:55:14 --> Database Driver Class Initialized
DEBUG - 2024-12-26 12:55:14 --> Idgenerator class already loaded. Second attempt ignored.
INFO - 2024-12-26 12:55:14 --> Controller Class Initialized
INFO - 2024-12-26 12:55:14 --> Model Class Initialized
DEBUG - 2024-12-26 12:55:14 --> File loaded: /apps/web-drc/application/modules/promo_product_sales/models/Promo_product_model.php
INFO - 2024-12-26 12:55:14 --> Model Class Initialized
DEBUG - 2024-12-26 12:55:14 --> File loaded: /apps/web-drc/application/modules/promo_product_sales/views/content.php
DEBUG - 2024-12-26 12:55:14 --> File loaded: /apps/web-drc/application/views/templates/header.php
DEBUG - 2024-12-26 12:55:14 --> File loaded: /apps/web-drc/application/views/templates/toolbar.php
DEBUG - 2024-12-26 12:55:14 --> File loaded: /apps/web-drc/application/views/templates/sidebar.php
DEBUG - 2024-12-26 12:55:14 --> File loaded: /apps/web-drc/application/views/templates/contents.php
DEBUG - 2024-12-26 12:55:14 --> File loaded: /apps/web-drc/application/views/templates/content_footer.php
DEBUG - 2024-12-26 12:55:14 --> File loaded: /apps/web-drc/application/views/templates/footer.php
DEBUG - 2024-12-26 12:55:14 --> File loaded: /apps/web-drc/application/views/templates/default.php
INFO - 2024-12-26 12:55:14 --> Final output sent to browser
DEBUG - 2024-12-26 12:55:14 --> Total execution time: 0.0073
INFO - 2024-12-26 12:55:14 --> Config Class Initialized
INFO - 2024-12-26 12:55:14 --> Hooks Class Initialized
DEBUG - 2024-12-26 12:55:14 --> UTF-8 Support Enabled
INFO - 2024-12-26 12:55:14 --> Utf8 Class Initialized
INFO - 2024-12-26 12:55:14 --> URI Class Initialized
INFO - 2024-12-26 12:55:14 --> Router Class Initialized
INFO - 2024-12-26 12:55:14 --> Output Class Initialized
INFO - 2024-12-26 12:55:14 --> Security Class Initialized
DEBUG - 2024-12-26 12:55:14 --> Global POST, GET and COOKIE data sanitized
INFO - 2024-12-26 12:55:14 --> Input Class Initialized
INFO - 2024-12-26 12:55:14 --> Language Class Initialized
ERROR - 2024-12-26 12:55:14 --> 404 Page Not Found: /index
INFO - 2024-12-26 12:55:14 --> Config Class Initialized
INFO - 2024-12-26 12:55:14 --> Hooks Class Initialized
DEBUG - 2024-12-26 12:55:14 --> UTF-8 Support Enabled
INFO - 2024-12-26 12:55:14 --> Utf8 Class Initialized
INFO - 2024-12-26 12:55:14 --> URI Class Initialized
INFO - 2024-12-26 12:55:14 --> Router Class Initialized
INFO - 2024-12-26 12:55:14 --> Output Class Initialized
INFO - 2024-12-26 12:55:14 --> Security Class Initialized
DEBUG - 2024-12-26 12:55:14 --> Global POST, GET and COOKIE data sanitized
INFO - 2024-12-26 12:55:14 --> Input Class Initialized
INFO - 2024-12-26 12:55:14 --> Language Class Initialized
INFO - 2024-12-26 12:55:14 --> Language Class Initialized
INFO - 2024-12-26 12:55:14 --> Config Class Initialized
INFO - 2024-12-26 12:55:14 --> Loader Class Initialized
INFO - 2024-12-26 12:55:14 --> Helper loaded: url_helper
INFO - 2024-12-26 12:55:14 --> Helper loaded: easyui_helper
INFO - 2024-12-26 12:55:14 --> Helper loaded: param_helper
INFO - 2024-12-26 12:55:14 --> Helper loaded: credential_helper
INFO - 2024-12-26 12:55:14 --> Helper loaded: template_helper
INFO - 2024-12-26 12:55:14 --> Helper loaded: rest_helper
INFO - 2024-12-26 12:55:14 --> Database Driver Class Initialized
DEBUG - 2024-12-26 12:55:14 --> Idgenerator class already loaded. Second attempt ignored.
INFO - 2024-12-26 12:55:14 --> Controller Class Initialized
INFO - 2024-12-26 12:55:14 --> Model Class Initialized
DEBUG - 2024-12-26 12:55:14 --> File loaded: /apps/web-drc/application/modules/promo_product_sales/models/Promo_product_model.php
INFO - 2024-12-26 12:55:14 --> Model Class Initialized
INFO - 2024-12-26 12:55:14 --> Final output sent to browser
DEBUG - 2024-12-26 12:55:14 --> Total execution time: 0.0034
INFO - 2024-12-26 12:55:19 --> Config Class Initialized
INFO - 2024-12-26 12:55:19 --> Hooks Class Initialized
DEBUG - 2024-12-26 12:55:19 --> UTF-8 Support Enabled
INFO - 2024-12-26 12:55:19 --> Utf8 Class Initialized
INFO - 2024-12-26 12:55:19 --> URI Class Initialized
INFO - 2024-12-26 12:55:19 --> Router Class Initialized
INFO - 2024-12-26 12:55:19 --> Output Class Initialized
INFO - 2024-12-26 12:55:19 --> Security Class Initialized
DEBUG - 2024-12-26 12:55:19 --> Global POST, GET and COOKIE data sanitized
INFO - 2024-12-26 12:55:19 --> Input Class Initialized
INFO - 2024-12-26 12:55:19 --> Language Class Initialized
INFO - 2024-12-26 12:55:19 --> Language Class Initialized
INFO - 2024-12-26 12:55:19 --> Config Class Initialized
INFO - 2024-12-26 12:55:19 --> Loader Class Initialized
INFO - 2024-12-26 12:55:19 --> Helper loaded: url_helper
INFO - 2024-12-26 12:55:19 --> Helper loaded: easyui_helper
INFO - 2024-12-26 12:55:19 --> Helper loaded: param_helper
INFO - 2024-12-26 12:55:19 --> Helper loaded: credential_helper
INFO - 2024-12-26 12:55:19 --> Helper loaded: template_helper
INFO - 2024-12-26 12:55:19 --> Helper loaded: rest_helper
INFO - 2024-12-26 12:55:19 --> Database Driver Class Initialized
DEBUG - 2024-12-26 12:55:19 --> Idgenerator class already loaded. Second attempt ignored.
INFO - 2024-12-26 12:55:19 --> Controller Class Initialized
INFO - 2024-12-26 12:55:19 --> Model Class Initialized
DEBUG - 2024-12-26 12:55:19 --> File loaded: /apps/web-drc/application/modules/promo_product_sales/models/Promo_product_model.php
INFO - 2024-12-26 12:55:19 --> Model Class Initialized
DEBUG - 2024-12-26 12:55:19 --> File loaded: /apps/web-drc/application/modules/promo_product_sales/views/form.php
DEBUG - 2024-12-26 12:55:19 --> File loaded: /apps/web-drc/application/views/templates/header.php
DEBUG - 2024-12-26 12:55:19 --> File loaded: /apps/web-drc/application/views/templates/toolbar.php
DEBUG - 2024-12-26 12:55:19 --> File loaded: /apps/web-drc/application/views/templates/sidebar.php
DEBUG - 2024-12-26 12:55:19 --> File loaded: /apps/web-drc/application/views/templates/contents.php
DEBUG - 2024-12-26 12:55:19 --> File loaded: /apps/web-drc/application/views/templates/content_footer.php
DEBUG - 2024-12-26 12:55:19 --> File loaded: /apps/web-drc/application/views/templates/footer.php
DEBUG - 2024-12-26 12:55:19 --> File loaded: /apps/web-drc/application/views/templates/default.php
INFO - 2024-12-26 12:55:19 --> Final output sent to browser
DEBUG - 2024-12-26 12:55:19 --> Total execution time: 0.0079
INFO - 2024-12-26 12:55:19 --> Config Class Initialized
INFO - 2024-12-26 12:55:19 --> Hooks Class Initialized
DEBUG - 2024-12-26 12:55:19 --> UTF-8 Support Enabled
INFO - 2024-12-26 12:55:19 --> Utf8 Class Initialized
INFO - 2024-12-26 12:55:19 --> URI Class Initialized
INFO - 2024-12-26 12:55:19 --> Router Class Initialized
INFO - 2024-12-26 12:55:19 --> Output Class Initialized
INFO - 2024-12-26 12:55:19 --> Security Class Initialized
DEBUG - 2024-12-26 12:55:19 --> Global POST, GET and COOKIE data sanitized
INFO - 2024-12-26 12:55:19 --> Input Class Initialized
INFO - 2024-12-26 12:55:19 --> Language Class Initialized
ERROR - 2024-12-26 12:55:19 --> 404 Page Not Found: /index
INFO - 2024-12-26 12:55:19 --> Config Class Initialized
INFO - 2024-12-26 12:55:19 --> Hooks Class Initialized
DEBUG - 2024-12-26 12:55:19 --> UTF-8 Support Enabled
INFO - 2024-12-26 12:55:19 --> Utf8 Class Initialized
INFO - 2024-12-26 12:55:19 --> URI Class Initialized
INFO - 2024-12-26 12:55:19 --> Router Class Initialized
INFO - 2024-12-26 12:55:19 --> Output Class Initialized
INFO - 2024-12-26 12:55:19 --> Security Class Initialized
DEBUG - 2024-12-26 12:55:19 --> Global POST, GET and COOKIE data sanitized
INFO - 2024-12-26 12:55:19 --> Input Class Initialized
INFO - 2024-12-26 12:55:19 --> Language Class Initialized
INFO - 2024-12-26 12:55:19 --> Language Class Initialized
INFO - 2024-12-26 12:55:19 --> Config Class Initialized
INFO - 2024-12-26 12:55:19 --> Loader Class Initialized
INFO - 2024-12-26 12:55:19 --> Helper loaded: url_helper
INFO - 2024-12-26 12:55:19 --> Helper loaded: easyui_helper
INFO - 2024-12-26 12:55:19 --> Helper loaded: param_helper
INFO - 2024-12-26 12:55:19 --> Helper loaded: credential_helper
INFO - 2024-12-26 12:55:19 --> Helper loaded: template_helper
INFO - 2024-12-26 12:55:19 --> Helper loaded: rest_helper
INFO - 2024-12-26 12:55:19 --> Database Driver Class Initialized
DEBUG - 2024-12-26 12:55:19 --> Idgenerator class already loaded. Second attempt ignored.
INFO - 2024-12-26 12:55:19 --> Controller Class Initialized
INFO - 2024-12-26 12:55:19 --> Model Class Initialized
DEBUG - 2024-12-26 12:55:19 --> File loaded: /apps/web-drc/application/modules/api_v1/models/Api_v1_model.php
INFO - 2024-12-26 12:55:19 --> Model Class Initialized
INFO - 2024-12-26 12:55:19 --> Final output sent to browser
DEBUG - 2024-12-26 12:55:19 --> Total execution time: 0.0038
INFO - 2024-12-26 12:55:22 --> Config Class Initialized
INFO - 2024-12-26 12:55:22 --> Hooks Class Initialized
DEBUG - 2024-12-26 12:55:22 --> UTF-8 Support Enabled
INFO - 2024-12-26 12:55:22 --> Utf8 Class Initialized
INFO - 2024-12-26 12:55:22 --> URI Class Initialized
INFO - 2024-12-26 12:55:22 --> Router Class Initialized
INFO - 2024-12-26 12:55:22 --> Output Class Initialized
INFO - 2024-12-26 12:55:22 --> Security Class Initialized
DEBUG - 2024-12-26 12:55:22 --> Global POST, GET and COOKIE data sanitized
INFO - 2024-12-26 12:55:22 --> Input Class Initialized
INFO - 2024-12-26 12:55:22 --> Language Class Initialized
INFO - 2024-12-26 12:55:22 --> Language Class Initialized
INFO - 2024-12-26 12:55:22 --> Config Class Initialized
INFO - 2024-12-26 12:55:22 --> Loader Class Initialized
INFO - 2024-12-26 12:55:22 --> Helper loaded: url_helper
INFO - 2024-12-26 12:55:22 --> Helper loaded: easyui_helper
INFO - 2024-12-26 12:55:22 --> Helper loaded: param_helper
INFO - 2024-12-26 12:55:22 --> Helper loaded: credential_helper
INFO - 2024-12-26 12:55:22 --> Helper loaded: template_helper
INFO - 2024-12-26 12:55:22 --> Helper loaded: rest_helper
INFO - 2024-12-26 12:55:22 --> Database Driver Class Initialized
DEBUG - 2024-12-26 12:55:22 --> Idgenerator class already loaded. Second attempt ignored.
INFO - 2024-12-26 12:55:22 --> Controller Class Initialized
INFO - 2024-12-26 12:55:22 --> Model Class Initialized
DEBUG - 2024-12-26 12:55:22 --> File loaded: /apps/web-drc/application/modules/promo_product_sales/models/Promo_product_model.php
INFO - 2024-12-26 12:55:22 --> Model Class Initialized
DEBUG - 2024-12-26 12:55:22 --> File loaded: /apps/web-drc/application/modules/promo_product_sales/views/content.php
DEBUG - 2024-12-26 12:55:22 --> File loaded: /apps/web-drc/application/views/templates/header.php
DEBUG - 2024-12-26 12:55:22 --> File loaded: /apps/web-drc/application/views/templates/toolbar.php
DEBUG - 2024-12-26 12:55:22 --> File loaded: /apps/web-drc/application/views/templates/sidebar.php
DEBUG - 2024-12-26 12:55:22 --> File loaded: /apps/web-drc/application/views/templates/contents.php
DEBUG - 2024-12-26 12:55:22 --> File loaded: /apps/web-drc/application/views/templates/content_footer.php
DEBUG - 2024-12-26 12:55:22 --> File loaded: /apps/web-drc/application/views/templates/footer.php
DEBUG - 2024-12-26 12:55:22 --> File loaded: /apps/web-drc/application/views/templates/default.php
INFO - 2024-12-26 12:55:22 --> Final output sent to browser
DEBUG - 2024-12-26 12:55:22 --> Total execution time: 0.0083
INFO - 2024-12-26 12:55:22 --> Config Class Initialized
INFO - 2024-12-26 12:55:22 --> Hooks Class Initialized
DEBUG - 2024-12-26 12:55:22 --> UTF-8 Support Enabled
INFO - 2024-12-26 12:55:22 --> Utf8 Class Initialized
INFO - 2024-12-26 12:55:22 --> URI Class Initialized
INFO - 2024-12-26 12:55:22 --> Router Class Initialized
INFO - 2024-12-26 12:55:22 --> Output Class Initialized
INFO - 2024-12-26 12:55:22 --> Security Class Initialized
DEBUG - 2024-12-26 12:55:22 --> Global POST, GET and COOKIE data sanitized
INFO - 2024-12-26 12:55:22 --> Input Class Initialized
INFO - 2024-12-26 12:55:22 --> Language Class Initialized
ERROR - 2024-12-26 12:55:22 --> 404 Page Not Found: /index
INFO - 2024-12-26 12:55:22 --> Config Class Initialized
INFO - 2024-12-26 12:55:22 --> Hooks Class Initialized
DEBUG - 2024-12-26 12:55:22 --> UTF-8 Support Enabled
INFO - 2024-12-26 12:55:22 --> Utf8 Class Initialized
INFO - 2024-12-26 12:55:22 --> URI Class Initialized
INFO - 2024-12-26 12:55:22 --> Router Class Initialized
INFO - 2024-12-26 12:55:22 --> Output Class Initialized
INFO - 2024-12-26 12:55:22 --> Security Class Initialized
DEBUG - 2024-12-26 12:55:22 --> Global POST, GET and COOKIE data sanitized
INFO - 2024-12-26 12:55:22 --> Input Class Initialized
INFO - 2024-12-26 12:55:22 --> Language Class Initialized
INFO - 2024-12-26 12:55:22 --> Language Class Initialized
INFO - 2024-12-26 12:55:22 --> Config Class Initialized
INFO - 2024-12-26 12:55:22 --> Loader Class Initialized
INFO - 2024-12-26 12:55:22 --> Helper loaded: url_helper
INFO - 2024-12-26 12:55:22 --> Helper loaded: easyui_helper
INFO - 2024-12-26 12:55:22 --> Helper loaded: param_helper
INFO - 2024-12-26 12:55:22 --> Helper loaded: credential_helper
INFO - 2024-12-26 12:55:22 --> Helper loaded: template_helper
INFO - 2024-12-26 12:55:22 --> Helper loaded: rest_helper
INFO - 2024-12-26 12:55:22 --> Database Driver Class Initialized
DEBUG - 2024-12-26 12:55:22 --> Idgenerator class already loaded. Second attempt ignored.
INFO - 2024-12-26 12:55:22 --> Controller Class Initialized
INFO - 2024-12-26 12:55:22 --> Model Class Initialized
DEBUG - 2024-12-26 12:55:22 --> File loaded: /apps/web-drc/application/modules/promo_product_sales/models/Promo_product_model.php
INFO - 2024-12-26 12:55:22 --> Model Class Initialized
INFO - 2024-12-26 12:55:22 --> Final output sent to browser
DEBUG - 2024-12-26 12:55:22 --> Total execution time: 0.0043
INFO - 2024-12-26 12:59:13 --> Config Class Initialized
INFO - 2024-12-26 12:59:13 --> Hooks Class Initialized
DEBUG - 2024-12-26 12:59:13 --> UTF-8 Support Enabled
INFO - 2024-12-26 12:59:13 --> Utf8 Class Initialized
INFO - 2024-12-26 12:59:13 --> URI Class Initialized
INFO - 2024-12-26 12:59:13 --> Router Class Initialized
INFO - 2024-12-26 12:59:13 --> Output Class Initialized
INFO - 2024-12-26 12:59:13 --> Security Class Initialized
DEBUG - 2024-12-26 12:59:13 --> Global POST, GET and COOKIE data sanitized
INFO - 2024-12-26 12:59:13 --> Input Class Initialized
INFO - 2024-12-26 12:59:13 --> Language Class Initialized
INFO - 2024-12-26 12:59:13 --> Language Class Initialized
INFO - 2024-12-26 12:59:13 --> Config Class Initialized
INFO - 2024-12-26 12:59:13 --> Loader Class Initialized
INFO - 2024-12-26 12:59:13 --> Helper loaded: url_helper
INFO - 2024-12-26 12:59:13 --> Helper loaded: easyui_helper
INFO - 2024-12-26 12:59:13 --> Helper loaded: param_helper
INFO - 2024-12-26 12:59:13 --> Helper loaded: credential_helper
INFO - 2024-12-26 12:59:13 --> Helper loaded: template_helper
INFO - 2024-12-26 12:59:13 --> Helper loaded: rest_helper
INFO - 2024-12-26 12:59:13 --> Database Driver Class Initialized
DEBUG - 2024-12-26 12:59:13 --> Idgenerator class already loaded. Second attempt ignored.
INFO - 2024-12-26 12:59:13 --> Controller Class Initialized
INFO - 2024-12-26 12:59:13 --> Model Class Initialized
DEBUG - 2024-12-26 12:59:13 --> File loaded: /apps/web-drc/application/modules/rep_return_detector/models/Rep_return_detector_model.php
INFO - 2024-12-26 12:59:13 --> Model Class Initialized
DEBUG - 2024-12-26 12:59:13 --> File loaded: /apps/web-drc/application/modules/rep_return_detector/views/form.php
DEBUG - 2024-12-26 12:59:13 --> File loaded: /apps/web-drc/application/views/templates/header.php
DEBUG - 2024-12-26 12:59:13 --> File loaded: /apps/web-drc/application/views/templates/toolbar.php
DEBUG - 2024-12-26 12:59:13 --> File loaded: /apps/web-drc/application/views/templates/sidebar.php
DEBUG - 2024-12-26 12:59:13 --> File loaded: /apps/web-drc/application/views/templates/contents.php
DEBUG - 2024-12-26 12:59:13 --> File loaded: /apps/web-drc/application/views/templates/content_footer.php
DEBUG - 2024-12-26 12:59:13 --> File loaded: /apps/web-drc/application/views/templates/footer.php
DEBUG - 2024-12-26 12:59:13 --> File loaded: /apps/web-drc/application/views/templates/default.php
INFO - 2024-12-26 12:59:13 --> Final output sent to browser
DEBUG - 2024-12-26 12:59:13 --> Total execution time: 0.0210
INFO - 2024-12-26 12:59:13 --> Config Class Initialized
INFO - 2024-12-26 12:59:13 --> Hooks Class Initialized
DEBUG - 2024-12-26 12:59:13 --> UTF-8 Support Enabled
INFO - 2024-12-26 12:59:13 --> Utf8 Class Initialized
INFO - 2024-12-26 12:59:13 --> URI Class Initialized
INFO - 2024-12-26 12:59:13 --> Router Class Initialized
INFO - 2024-12-26 12:59:13 --> Output Class Initialized
INFO - 2024-12-26 12:59:13 --> Security Class Initialized
DEBUG - 2024-12-26 12:59:13 --> Global POST, GET and COOKIE data sanitized
INFO - 2024-12-26 12:59:13 --> Input Class Initialized
INFO - 2024-12-26 12:59:13 --> Language Class Initialized
ERROR - 2024-12-26 12:59:13 --> 404 Page Not Found: /index
INFO - 2024-12-26 12:59:13 --> Config Class Initialized
INFO - 2024-12-26 12:59:13 --> Hooks Class Initialized
DEBUG - 2024-12-26 12:59:13 --> UTF-8 Support Enabled
INFO - 2024-12-26 12:59:13 --> Utf8 Class Initialized
INFO - 2024-12-26 12:59:13 --> URI Class Initialized
INFO - 2024-12-26 12:59:13 --> Router Class Initialized
INFO - 2024-12-26 12:59:13 --> Output Class Initialized
INFO - 2024-12-26 12:59:13 --> Security Class Initialized
DEBUG - 2024-12-26 12:59:13 --> Global POST, GET and COOKIE data sanitized
INFO - 2024-12-26 12:59:13 --> Input Class Initialized
INFO - 2024-12-26 12:59:13 --> Language Class Initialized
INFO - 2024-12-26 12:59:13 --> Language Class Initialized
INFO - 2024-12-26 12:59:13 --> Config Class Initialized
INFO - 2024-12-26 12:59:13 --> Loader Class Initialized
INFO - 2024-12-26 12:59:13 --> Helper loaded: url_helper
INFO - 2024-12-26 12:59:13 --> Helper loaded: easyui_helper
INFO - 2024-12-26 12:59:13 --> Helper loaded: param_helper
INFO - 2024-12-26 12:59:13 --> Helper loaded: credential_helper
INFO - 2024-12-26 12:59:13 --> Helper loaded: template_helper
INFO - 2024-12-26 12:59:13 --> Helper loaded: rest_helper
INFO - 2024-12-26 12:59:13 --> Database Driver Class Initialized
DEBUG - 2024-12-26 12:59:13 --> Idgenerator class already loaded. Second attempt ignored.
INFO - 2024-12-26 12:59:13 --> Controller Class Initialized
INFO - 2024-12-26 12:59:13 --> Model Class Initialized
DEBUG - 2024-12-26 12:59:13 --> File loaded: /apps/web-drc/application/modules/api_v1/models/Api_v1_model.php
INFO - 2024-12-26 12:59:13 --> Model Class Initialized
INFO - 2024-12-26 12:59:13 --> Final output sent to browser
DEBUG - 2024-12-26 12:59:13 --> Total execution time: 0.0076
INFO - 2024-12-26 12:59:17 --> Config Class Initialized
INFO - 2024-12-26 12:59:17 --> Hooks Class Initialized
DEBUG - 2024-12-26 12:59:17 --> UTF-8 Support Enabled
INFO - 2024-12-26 12:59:17 --> Utf8 Class Initialized
INFO - 2024-12-26 12:59:17 --> URI Class Initialized
INFO - 2024-12-26 12:59:17 --> Router Class Initialized
INFO - 2024-12-26 12:59:17 --> Output Class Initialized
INFO - 2024-12-26 12:59:17 --> Security Class Initialized
DEBUG - 2024-12-26 12:59:17 --> Global POST, GET and COOKIE data sanitized
INFO - 2024-12-26 12:59:17 --> Input Class Initialized
INFO - 2024-12-26 12:59:17 --> Language Class Initialized
INFO - 2024-12-26 12:59:17 --> Language Class Initialized
INFO - 2024-12-26 12:59:17 --> Config Class Initialized
INFO - 2024-12-26 12:59:17 --> Loader Class Initialized
INFO - 2024-12-26 12:59:17 --> Helper loaded: url_helper
INFO - 2024-12-26 12:59:17 --> Helper loaded: easyui_helper
INFO - 2024-12-26 12:59:17 --> Helper loaded: param_helper
INFO - 2024-12-26 12:59:17 --> Helper loaded: credential_helper
INFO - 2024-12-26 12:59:17 --> Helper loaded: template_helper
INFO - 2024-12-26 12:59:17 --> Helper loaded: rest_helper
INFO - 2024-12-26 12:59:17 --> Database Driver Class Initialized
DEBUG - 2024-12-26 12:59:17 --> Idgenerator class already loaded. Second attempt ignored.
INFO - 2024-12-26 12:59:17 --> Controller Class Initialized
INFO - 2024-12-26 12:59:17 --> Model Class Initialized
DEBUG - 2024-12-26 12:59:17 --> File loaded: /apps/web-drc/application/modules/drc_dashboard/models/Drc_dashboard_model.php
INFO - 2024-12-26 12:59:17 --> Model Class Initialized
DEBUG - 2024-12-26 12:59:17 --> File loaded: /apps/web-drc/application/modules/drc_dashboard/views/form.php
DEBUG - 2024-12-26 12:59:17 --> File loaded: /apps/web-drc/application/views/templates/header.php
DEBUG - 2024-12-26 12:59:17 --> File loaded: /apps/web-drc/application/views/templates/toolbar.php
DEBUG - 2024-12-26 12:59:17 --> File loaded: /apps/web-drc/application/views/templates/sidebar.php
DEBUG - 2024-12-26 12:59:17 --> File loaded: /apps/web-drc/application/views/templates/contents.php
DEBUG - 2024-12-26 12:59:17 --> File loaded: /apps/web-drc/application/views/templates/content_footer.php
DEBUG - 2024-12-26 12:59:17 --> File loaded: /apps/web-drc/application/views/templates/footer.php
DEBUG - 2024-12-26 12:59:17 --> File loaded: /apps/web-drc/application/views/templates/default.php
INFO - 2024-12-26 12:59:17 --> Final output sent to browser
DEBUG - 2024-12-26 12:59:17 --> Total execution time: 0.0351
INFO - 2024-12-26 12:59:17 --> Config Class Initialized
INFO - 2024-12-26 12:59:17 --> Hooks Class Initialized
DEBUG - 2024-12-26 12:59:17 --> UTF-8 Support Enabled
INFO - 2024-12-26 12:59:17 --> Utf8 Class Initialized
INFO - 2024-12-26 12:59:17 --> URI Class Initialized
INFO - 2024-12-26 12:59:17 --> Router Class Initialized
INFO - 2024-12-26 12:59:17 --> Output Class Initialized
INFO - 2024-12-26 12:59:17 --> Security Class Initialized
DEBUG - 2024-12-26 12:59:17 --> Global POST, GET and COOKIE data sanitized
INFO - 2024-12-26 12:59:17 --> Input Class Initialized
INFO - 2024-12-26 12:59:17 --> Language Class Initialized
ERROR - 2024-12-26 12:59:17 --> 404 Page Not Found: /index
INFO - 2024-12-26 12:59:19 --> Config Class Initialized
INFO - 2024-12-26 12:59:19 --> Hooks Class Initialized
DEBUG - 2024-12-26 12:59:19 --> UTF-8 Support Enabled
INFO - 2024-12-26 12:59:19 --> Utf8 Class Initialized
INFO - 2024-12-26 12:59:19 --> URI Class Initialized
INFO - 2024-12-26 12:59:19 --> Router Class Initialized
INFO - 2024-12-26 12:59:19 --> Output Class Initialized
INFO - 2024-12-26 12:59:19 --> Security Class Initialized
DEBUG - 2024-12-26 12:59:19 --> Global POST, GET and COOKIE data sanitized
INFO - 2024-12-26 12:59:19 --> Input Class Initialized
INFO - 2024-12-26 12:59:19 --> Language Class Initialized
INFO - 2024-12-26 12:59:19 --> Language Class Initialized
INFO - 2024-12-26 12:59:19 --> Config Class Initialized
INFO - 2024-12-26 12:59:19 --> Loader Class Initialized
INFO - 2024-12-26 12:59:19 --> Helper loaded: url_helper
INFO - 2024-12-26 12:59:19 --> Helper loaded: easyui_helper
INFO - 2024-12-26 12:59:19 --> Helper loaded: param_helper
INFO - 2024-12-26 12:59:19 --> Helper loaded: credential_helper
INFO - 2024-12-26 12:59:19 --> Helper loaded: template_helper
INFO - 2024-12-26 12:59:19 --> Helper loaded: rest_helper
INFO - 2024-12-26 12:59:19 --> Database Driver Class Initialized
DEBUG - 2024-12-26 12:59:19 --> Idgenerator class already loaded. Second attempt ignored.
INFO - 2024-12-26 12:59:19 --> Controller Class Initialized
INFO - 2024-12-26 12:59:19 --> Model Class Initialized
DEBUG - 2024-12-26 12:59:19 --> File loaded: /apps/web-drc/application/modules/rep_return_detector/models/Rep_return_detector_model.php
INFO - 2024-12-26 12:59:19 --> Model Class Initialized
DEBUG - 2024-12-26 12:59:19 --> File loaded: /apps/web-drc/application/modules/rep_return_detector/views/form.php
DEBUG - 2024-12-26 12:59:19 --> File loaded: /apps/web-drc/application/views/templates/header.php
DEBUG - 2024-12-26 12:59:19 --> File loaded: /apps/web-drc/application/views/templates/toolbar.php
DEBUG - 2024-12-26 12:59:19 --> File loaded: /apps/web-drc/application/views/templates/sidebar.php
DEBUG - 2024-12-26 12:59:19 --> File loaded: /apps/web-drc/application/views/templates/contents.php
DEBUG - 2024-12-26 12:59:19 --> File loaded: /apps/web-drc/application/views/templates/content_footer.php
DEBUG - 2024-12-26 12:59:19 --> File loaded: /apps/web-drc/application/views/templates/footer.php
DEBUG - 2024-12-26 12:59:19 --> File loaded: /apps/web-drc/application/views/templates/default.php
INFO - 2024-12-26 12:59:19 --> Final output sent to browser
DEBUG - 2024-12-26 12:59:19 --> Total execution time: 0.0090
INFO - 2024-12-26 12:59:20 --> Config Class Initialized
INFO - 2024-12-26 12:59:20 --> Hooks Class Initialized
DEBUG - 2024-12-26 12:59:20 --> UTF-8 Support Enabled
INFO - 2024-12-26 12:59:20 --> Utf8 Class Initialized
INFO - 2024-12-26 12:59:20 --> URI Class Initialized
INFO - 2024-12-26 12:59:20 --> Router Class Initialized
INFO - 2024-12-26 12:59:20 --> Output Class Initialized
INFO - 2024-12-26 12:59:20 --> Security Class Initialized
DEBUG - 2024-12-26 12:59:20 --> Global POST, GET and COOKIE data sanitized
INFO - 2024-12-26 12:59:20 --> Input Class Initialized
INFO - 2024-12-26 12:59:20 --> Language Class Initialized
ERROR - 2024-12-26 12:59:20 --> 404 Page Not Found: /index
INFO - 2024-12-26 12:59:20 --> Config Class Initialized
INFO - 2024-12-26 12:59:20 --> Hooks Class Initialized
DEBUG - 2024-12-26 12:59:20 --> UTF-8 Support Enabled
INFO - 2024-12-26 12:59:20 --> Utf8 Class Initialized
INFO - 2024-12-26 12:59:20 --> URI Class Initialized
INFO - 2024-12-26 12:59:20 --> Router Class Initialized
INFO - 2024-12-26 12:59:20 --> Output Class Initialized
INFO - 2024-12-26 12:59:20 --> Security Class Initialized
DEBUG - 2024-12-26 12:59:20 --> Global POST, GET and COOKIE data sanitized
INFO - 2024-12-26 12:59:20 --> Input Class Initialized
INFO - 2024-12-26 12:59:20 --> Language Class Initialized
INFO - 2024-12-26 12:59:20 --> Language Class Initialized
INFO - 2024-12-26 12:59:20 --> Config Class Initialized
INFO - 2024-12-26 12:59:20 --> Loader Class Initialized
INFO - 2024-12-26 12:59:20 --> Helper loaded: url_helper
INFO - 2024-12-26 12:59:20 --> Helper loaded: easyui_helper
INFO - 2024-12-26 12:59:20 --> Helper loaded: param_helper
INFO - 2024-12-26 12:59:20 --> Helper loaded: credential_helper
INFO - 2024-12-26 12:59:20 --> Helper loaded: template_helper
INFO - 2024-12-26 12:59:20 --> Helper loaded: rest_helper
INFO - 2024-12-26 12:59:20 --> Database Driver Class Initialized
DEBUG - 2024-12-26 12:59:20 --> Idgenerator class already loaded. Second attempt ignored.
INFO - 2024-12-26 12:59:20 --> Controller Class Initialized
INFO - 2024-12-26 12:59:20 --> Model Class Initialized
DEBUG - 2024-12-26 12:59:20 --> File loaded: /apps/web-drc/application/modules/api_v1/models/Api_v1_model.php
INFO - 2024-12-26 12:59:20 --> Model Class Initialized
INFO - 2024-12-26 12:59:20 --> Final output sent to browser
DEBUG - 2024-12-26 12:59:20 --> Total execution time: 0.0081
INFO - 2024-12-26 12:59:24 --> Config Class Initialized
INFO - 2024-12-26 12:59:24 --> Hooks Class Initialized
DEBUG - 2024-12-26 12:59:24 --> UTF-8 Support Enabled
INFO - 2024-12-26 12:59:24 --> Utf8 Class Initialized
INFO - 2024-12-26 12:59:24 --> URI Class Initialized
INFO - 2024-12-26 12:59:24 --> Router Class Initialized
INFO - 2024-12-26 12:59:24 --> Output Class Initialized
INFO - 2024-12-26 12:59:24 --> Security Class Initialized
DEBUG - 2024-12-26 12:59:24 --> Global POST, GET and COOKIE data sanitized
INFO - 2024-12-26 12:59:24 --> Input Class Initialized
INFO - 2024-12-26 12:59:24 --> Language Class Initialized
INFO - 2024-12-26 12:59:24 --> Language Class Initialized
INFO - 2024-12-26 12:59:24 --> Config Class Initialized
INFO - 2024-12-26 12:59:24 --> Loader Class Initialized
INFO - 2024-12-26 12:59:24 --> Helper loaded: url_helper
INFO - 2024-12-26 12:59:24 --> Helper loaded: easyui_helper
INFO - 2024-12-26 12:59:24 --> Helper loaded: param_helper
INFO - 2024-12-26 12:59:24 --> Helper loaded: credential_helper
INFO - 2024-12-26 12:59:24 --> Helper loaded: template_helper
INFO - 2024-12-26 12:59:24 --> Helper loaded: rest_helper
INFO - 2024-12-26 12:59:24 --> Database Driver Class Initialized
DEBUG - 2024-12-26 12:59:24 --> Idgenerator class already loaded. Second attempt ignored.
INFO - 2024-12-26 12:59:24 --> Controller Class Initialized
INFO - 2024-12-26 12:59:24 --> Model Class Initialized
DEBUG - 2024-12-26 12:59:24 --> File loaded: /apps/web-drc/application/modules/rep_return_detector/models/Rep_return_detector_model.php
INFO - 2024-12-26 12:59:24 --> Model Class Initialized
DEBUG - 2024-12-26 12:59:24 --> File loaded: /apps/web-drc/application/modules/rep_return_detector/views/form.php
DEBUG - 2024-12-26 12:59:24 --> File loaded: /apps/web-drc/application/views/templates/header.php
DEBUG - 2024-12-26 12:59:24 --> File loaded: /apps/web-drc/application/views/templates/toolbar.php
DEBUG - 2024-12-26 12:59:24 --> File loaded: /apps/web-drc/application/views/templates/sidebar.php
DEBUG - 2024-12-26 12:59:24 --> File loaded: /apps/web-drc/application/views/templates/contents.php
DEBUG - 2024-12-26 12:59:24 --> File loaded: /apps/web-drc/application/views/templates/content_footer.php
DEBUG - 2024-12-26 12:59:24 --> File loaded: /apps/web-drc/application/views/templates/footer.php
DEBUG - 2024-12-26 12:59:24 --> File loaded: /apps/web-drc/application/views/templates/default.php
INFO - 2024-12-26 12:59:24 --> Final output sent to browser
DEBUG - 2024-12-26 12:59:24 --> Total execution time: 0.0083
INFO - 2024-12-26 12:59:25 --> Config Class Initialized
INFO - 2024-12-26 12:59:25 --> Hooks Class Initialized
DEBUG - 2024-12-26 12:59:25 --> UTF-8 Support Enabled
INFO - 2024-12-26 12:59:25 --> Utf8 Class Initialized
INFO - 2024-12-26 12:59:25 --> URI Class Initialized
INFO - 2024-12-26 12:59:25 --> Router Class Initialized
INFO - 2024-12-26 12:59:25 --> Output Class Initialized
INFO - 2024-12-26 12:59:25 --> Security Class Initialized
DEBUG - 2024-12-26 12:59:25 --> Global POST, GET and COOKIE data sanitized
INFO - 2024-12-26 12:59:25 --> Input Class Initialized
INFO - 2024-12-26 12:59:25 --> Language Class Initialized
ERROR - 2024-12-26 12:59:25 --> 404 Page Not Found: /index
INFO - 2024-12-26 12:59:25 --> Config Class Initialized
INFO - 2024-12-26 12:59:25 --> Hooks Class Initialized
DEBUG - 2024-12-26 12:59:25 --> UTF-8 Support Enabled
INFO - 2024-12-26 12:59:25 --> Utf8 Class Initialized
INFO - 2024-12-26 12:59:25 --> URI Class Initialized
INFO - 2024-12-26 12:59:25 --> Router Class Initialized
INFO - 2024-12-26 12:59:25 --> Output Class Initialized
INFO - 2024-12-26 12:59:25 --> Security Class Initialized
DEBUG - 2024-12-26 12:59:25 --> Global POST, GET and COOKIE data sanitized
INFO - 2024-12-26 12:59:25 --> Input Class Initialized
INFO - 2024-12-26 12:59:25 --> Language Class Initialized
INFO - 2024-12-26 12:59:25 --> Language Class Initialized
INFO - 2024-12-26 12:59:25 --> Config Class Initialized
INFO - 2024-12-26 12:59:25 --> Loader Class Initialized
INFO - 2024-12-26 12:59:25 --> Helper loaded: url_helper
INFO - 2024-12-26 12:59:25 --> Helper loaded: easyui_helper
INFO - 2024-12-26 12:59:25 --> Helper loaded: param_helper
INFO - 2024-12-26 12:59:25 --> Helper loaded: credential_helper
INFO - 2024-12-26 12:59:25 --> Helper loaded: template_helper
INFO - 2024-12-26 12:59:25 --> Helper loaded: rest_helper
INFO - 2024-12-26 12:59:25 --> Database Driver Class Initialized
DEBUG - 2024-12-26 12:59:25 --> Idgenerator class already loaded. Second attempt ignored.
INFO - 2024-12-26 12:59:25 --> Controller Class Initialized
INFO - 2024-12-26 12:59:25 --> Model Class Initialized
DEBUG - 2024-12-26 12:59:25 --> File loaded: /apps/web-drc/application/modules/api_v1/models/Api_v1_model.php
INFO - 2024-12-26 12:59:25 --> Model Class Initialized
INFO - 2024-12-26 12:59:25 --> Final output sent to browser
DEBUG - 2024-12-26 12:59:25 --> Total execution time: 0.0033
INFO - 2024-12-26 13:05:47 --> Config Class Initialized
INFO - 2024-12-26 13:05:47 --> Hooks Class Initialized
DEBUG - 2024-12-26 13:05:47 --> UTF-8 Support Enabled
INFO - 2024-12-26 13:05:47 --> Utf8 Class Initialized
INFO - 2024-12-26 13:05:47 --> URI Class Initialized
INFO - 2024-12-26 13:05:47 --> Router Class Initialized
INFO - 2024-12-26 13:05:47 --> Output Class Initialized
INFO - 2024-12-26 13:05:47 --> Security Class Initialized
DEBUG - 2024-12-26 13:05:47 --> Global POST, GET and COOKIE data sanitized
INFO - 2024-12-26 13:05:47 --> Input Class Initialized
INFO - 2024-12-26 13:05:47 --> Language Class Initialized
INFO - 2024-12-26 13:05:47 --> Language Class Initialized
INFO - 2024-12-26 13:05:47 --> Config Class Initialized
INFO - 2024-12-26 13:05:47 --> Loader Class Initialized
INFO - 2024-12-26 13:05:47 --> Helper loaded: url_helper
INFO - 2024-12-26 13:05:47 --> Helper loaded: easyui_helper
INFO - 2024-12-26 13:05:47 --> Helper loaded: param_helper
INFO - 2024-12-26 13:05:47 --> Helper loaded: credential_helper
INFO - 2024-12-26 13:05:47 --> Helper loaded: template_helper
INFO - 2024-12-26 13:05:47 --> Helper loaded: rest_helper
INFO - 2024-12-26 13:05:47 --> Database Driver Class Initialized
DEBUG - 2024-12-26 13:05:47 --> Idgenerator class already loaded. Second attempt ignored.
INFO - 2024-12-26 13:05:47 --> Controller Class Initialized
INFO - 2024-12-26 13:05:47 --> Model Class Initialized
DEBUG - 2024-12-26 13:05:47 --> File loaded: /apps/web-drc/application/modules/api_v1/models/Api_v1_model.php
INFO - 2024-12-26 13:05:47 --> Model Class Initialized
INFO - 2024-12-26 13:05:47 --> Final output sent to browser
DEBUG - 2024-12-26 13:05:47 --> Total execution time: 0.0045
INFO - 2024-12-26 13:05:49 --> Config Class Initialized
INFO - 2024-12-26 13:05:49 --> Hooks Class Initialized
DEBUG - 2024-12-26 13:05:49 --> UTF-8 Support Enabled
INFO - 2024-12-26 13:05:49 --> Utf8 Class Initialized
INFO - 2024-12-26 13:05:49 --> URI Class Initialized
INFO - 2024-12-26 13:05:49 --> Router Class Initialized
INFO - 2024-12-26 13:05:49 --> Output Class Initialized
INFO - 2024-12-26 13:05:49 --> Security Class Initialized
DEBUG - 2024-12-26 13:05:49 --> Global POST, GET and COOKIE data sanitized
INFO - 2024-12-26 13:05:49 --> Input Class Initialized
INFO - 2024-12-26 13:05:49 --> Language Class Initialized
INFO - 2024-12-26 13:05:49 --> Language Class Initialized
INFO - 2024-12-26 13:05:49 --> Config Class Initialized
INFO - 2024-12-26 13:05:49 --> Loader Class Initialized
INFO - 2024-12-26 13:05:49 --> Helper loaded: url_helper
INFO - 2024-12-26 13:05:49 --> Helper loaded: easyui_helper
INFO - 2024-12-26 13:05:49 --> Helper loaded: param_helper
INFO - 2024-12-26 13:05:49 --> Helper loaded: credential_helper
INFO - 2024-12-26 13:05:49 --> Helper loaded: template_helper
INFO - 2024-12-26 13:05:49 --> Helper loaded: rest_helper
INFO - 2024-12-26 13:05:49 --> Database Driver Class Initialized
DEBUG - 2024-12-26 13:05:49 --> Idgenerator class already loaded. Second attempt ignored.
INFO - 2024-12-26 13:05:49 --> Controller Class Initialized
INFO - 2024-12-26 13:05:49 --> Model Class Initialized
DEBUG - 2024-12-26 13:05:49 --> File loaded: /apps/web-drc/application/modules/rep_return_detector/models/Rep_return_detector_model.php
INFO - 2024-12-26 13:05:49 --> Model Class Initialized
INFO - 2024-12-26 13:05:51 --> Final output sent to browser
DEBUG - 2024-12-26 13:05:51 --> Total execution time: 2.0846
INFO - 2024-12-26 13:57:43 --> Config Class Initialized
INFO - 2024-12-26 13:57:43 --> Hooks Class Initialized
DEBUG - 2024-12-26 13:57:43 --> UTF-8 Support Enabled
INFO - 2024-12-26 13:57:43 --> Utf8 Class Initialized
INFO - 2024-12-26 13:57:43 --> URI Class Initialized
INFO - 2024-12-26 13:57:43 --> Router Class Initialized
INFO - 2024-12-26 13:57:43 --> Output Class Initialized
INFO - 2024-12-26 13:57:43 --> Security Class Initialized
DEBUG - 2024-12-26 13:57:43 --> Global POST, GET and COOKIE data sanitized
INFO - 2024-12-26 13:57:43 --> Input Class Initialized
INFO - 2024-12-26 13:57:43 --> Language Class Initialized
INFO - 2024-12-26 13:57:43 --> Language Class Initialized
INFO - 2024-12-26 13:57:43 --> Config Class Initialized
INFO - 2024-12-26 13:57:43 --> Loader Class Initialized
INFO - 2024-12-26 13:57:43 --> Helper loaded: url_helper
INFO - 2024-12-26 13:57:43 --> Helper loaded: easyui_helper
INFO - 2024-12-26 13:57:43 --> Helper loaded: param_helper
INFO - 2024-12-26 13:57:43 --> Helper loaded: credential_helper
INFO - 2024-12-26 13:57:43 --> Helper loaded: template_helper
INFO - 2024-12-26 13:57:43 --> Helper loaded: rest_helper
INFO - 2024-12-26 13:57:43 --> Database Driver Class Initialized
DEBUG - 2024-12-26 13:57:43 --> Idgenerator class already loaded. Second attempt ignored.
INFO - 2024-12-26 13:57:43 --> Controller Class Initialized
INFO - 2024-12-26 13:57:43 --> Model Class Initialized
DEBUG - 2024-12-26 13:57:43 --> File loaded: /apps/web-drc/application/modules/rep_doi/models/Rep_doi_model.php
INFO - 2024-12-26 13:57:43 --> Model Class Initialized
DEBUG - 2024-12-26 13:57:43 --> File loaded: /apps/web-drc/application/modules/rep_doi/views/form.php
DEBUG - 2024-12-26 13:57:43 --> File loaded: /apps/web-drc/application/views/templates/header.php
DEBUG - 2024-12-26 13:57:43 --> File loaded: /apps/web-drc/application/views/templates/toolbar.php
DEBUG - 2024-12-26 13:57:43 --> File loaded: /apps/web-drc/application/views/templates/sidebar.php
DEBUG - 2024-12-26 13:57:43 --> File loaded: /apps/web-drc/application/views/templates/contents.php
DEBUG - 2024-12-26 13:57:43 --> File loaded: /apps/web-drc/application/views/templates/content_footer.php
DEBUG - 2024-12-26 13:57:43 --> File loaded: /apps/web-drc/application/views/templates/footer.php
INFO - 2024-12-26 13:57:43 --> Config Class Initialized
INFO - 2024-12-26 13:57:43 --> Hooks Class Initialized
DEBUG - 2024-12-26 13:57:43 --> UTF-8 Support Enabled
INFO - 2024-12-26 13:57:43 --> Utf8 Class Initialized
INFO - 2024-12-26 13:57:43 --> URI Class Initialized
DEBUG - 2024-12-26 13:57:43 --> No URI present. Default controller set.
INFO - 2024-12-26 13:57:43 --> Router Class Initialized
INFO - 2024-12-26 13:57:43 --> Output Class Initialized
INFO - 2024-12-26 13:57:43 --> Security Class Initialized
DEBUG - 2024-12-26 13:57:43 --> Global POST, GET and COOKIE data sanitized
INFO - 2024-12-26 13:57:43 --> Input Class Initialized
INFO - 2024-12-26 13:57:43 --> Language Class Initialized
INFO - 2024-12-26 13:57:43 --> Language Class Initialized
INFO - 2024-12-26 13:57:43 --> Config Class Initialized
INFO - 2024-12-26 13:57:43 --> Loader Class Initialized
INFO - 2024-12-26 13:57:43 --> Helper loaded: url_helper
INFO - 2024-12-26 13:57:43 --> Helper loaded: easyui_helper
INFO - 2024-12-26 13:57:43 --> Helper loaded: param_helper
INFO - 2024-12-26 13:57:43 --> Helper loaded: credential_helper
INFO - 2024-12-26 13:57:43 --> Helper loaded: template_helper
INFO - 2024-12-26 13:57:43 --> Helper loaded: rest_helper
INFO - 2024-12-26 13:57:43 --> Database Driver Class Initialized
DEBUG - 2024-12-26 13:57:43 --> Idgenerator class already loaded. Second attempt ignored.
INFO - 2024-12-26 13:57:43 --> Controller Class Initialized
DEBUG - 2024-12-26 13:57:43 --> File loaded: /apps/web-drc/application/modules/app_auth/views/login_lte_template.php
DEBUG - 2024-12-26 13:57:43 --> File loaded: /apps/web-drc/application/views/template_login_lte/header.php
DEBUG - 2024-12-26 13:57:43 --> File loaded: /apps/web-drc/application/views/template_login_lte/contents.php
DEBUG - 2024-12-26 13:57:43 --> File loaded: /apps/web-drc/application/views/template_login_lte/default.php
INFO - 2024-12-26 13:57:43 --> Final output sent to browser
DEBUG - 2024-12-26 13:57:43 --> Total execution time: 0.0036
INFO - 2024-12-26 13:57:44 --> Config Class Initialized
INFO - 2024-12-26 13:57:44 --> Hooks Class Initialized
DEBUG - 2024-12-26 13:57:44 --> UTF-8 Support Enabled
INFO - 2024-12-26 13:57:44 --> Utf8 Class Initialized
INFO - 2024-12-26 13:57:44 --> URI Class Initialized
INFO - 2024-12-26 13:57:44 --> Router Class Initialized
INFO - 2024-12-26 13:57:44 --> Output Class Initialized
INFO - 2024-12-26 13:57:44 --> Security Class Initialized
DEBUG - 2024-12-26 13:57:44 --> Global POST, GET and COOKIE data sanitized
INFO - 2024-12-26 13:57:44 --> Input Class Initialized
INFO - 2024-12-26 13:57:44 --> Language Class Initialized
INFO - 2024-12-26 13:57:44 --> Language Class Initialized
INFO - 2024-12-26 13:57:44 --> Config Class Initialized
INFO - 2024-12-26 13:57:44 --> Loader Class Initialized
INFO - 2024-12-26 13:57:44 --> Helper loaded: url_helper
INFO - 2024-12-26 13:57:44 --> Helper loaded: easyui_helper
INFO - 2024-12-26 13:57:44 --> Helper loaded: param_helper
INFO - 2024-12-26 13:57:44 --> Helper loaded: credential_helper
INFO - 2024-12-26 13:57:44 --> Helper loaded: template_helper
INFO - 2024-12-26 13:57:44 --> Helper loaded: rest_helper
INFO - 2024-12-26 13:57:44 --> Database Driver Class Initialized
DEBUG - 2024-12-26 13:57:44 --> Idgenerator class already loaded. Second attempt ignored.
INFO - 2024-12-26 13:57:44 --> Controller Class Initialized
INFO - 2024-12-26 13:57:44 --> Final output sent to browser
DEBUG - 2024-12-26 13:57:44 --> Total execution time: 0.0043
INFO - 2024-12-26 13:57:44 --> Config Class Initialized
INFO - 2024-12-26 13:57:44 --> Hooks Class Initialized
DEBUG - 2024-12-26 13:57:44 --> UTF-8 Support Enabled
INFO - 2024-12-26 13:57:44 --> Utf8 Class Initialized
INFO - 2024-12-26 13:57:44 --> URI Class Initialized
INFO - 2024-12-26 13:57:44 --> Router Class Initialized
INFO - 2024-12-26 13:57:44 --> Output Class Initialized
INFO - 2024-12-26 13:57:44 --> Security Class Initialized
DEBUG - 2024-12-26 13:57:44 --> Global POST, GET and COOKIE data sanitized
INFO - 2024-12-26 13:57:44 --> Input Class Initialized
INFO - 2024-12-26 13:57:44 --> Language Class Initialized
INFO - 2024-12-26 13:57:44 --> Language Class Initialized
INFO - 2024-12-26 13:57:44 --> Config Class Initialized
INFO - 2024-12-26 13:57:44 --> Loader Class Initialized
INFO - 2024-12-26 13:57:44 --> Helper loaded: url_helper
INFO - 2024-12-26 13:57:44 --> Helper loaded: easyui_helper
INFO - 2024-12-26 13:57:44 --> Helper loaded: param_helper
INFO - 2024-12-26 13:57:44 --> Helper loaded: credential_helper
INFO - 2024-12-26 13:57:44 --> Helper loaded: template_helper
INFO - 2024-12-26 13:57:44 --> Helper loaded: rest_helper
INFO - 2024-12-26 13:57:44 --> Database Driver Class Initialized
DEBUG - 2024-12-26 13:57:44 --> Idgenerator class already loaded. Second attempt ignored.
INFO - 2024-12-26 13:57:44 --> Controller Class Initialized
INFO - 2024-12-26 13:57:44 --> Model Class Initialized
DEBUG - 2024-12-26 13:57:44 --> File loaded: /apps/web-drc/application/modules/app_dashboard/models/App_dashboard_model.php
INFO - 2024-12-26 13:57:44 --> Model Class Initialized
DEBUG - 2024-12-26 13:57:44 --> File loaded: /apps/web-drc/application/modules/app_dashboard/views/content.php
DEBUG - 2024-12-26 13:57:44 --> File loaded: /apps/web-drc/application/views/templates/header.php
DEBUG - 2024-12-26 13:57:44 --> File loaded: /apps/web-drc/application/views/templates/toolbar.php
DEBUG - 2024-12-26 13:57:44 --> File loaded: /apps/web-drc/application/views/templates/sidebar.php
DEBUG - 2024-12-26 13:57:44 --> File loaded: /apps/web-drc/application/views/templates/contents.php
DEBUG - 2024-12-26 13:57:44 --> File loaded: /apps/web-drc/application/views/templates/content_footer.php
DEBUG - 2024-12-26 13:57:44 --> File loaded: /apps/web-drc/application/views/templates/footer.php
DEBUG - 2024-12-26 13:57:44 --> File loaded: /apps/web-drc/application/views/templates/default.php
INFO - 2024-12-26 13:57:44 --> Final output sent to browser
DEBUG - 2024-12-26 13:57:44 --> Total execution time: 0.0075
INFO - 2024-12-26 13:57:45 --> Config Class Initialized
INFO - 2024-12-26 13:57:45 --> Hooks Class Initialized
DEBUG - 2024-12-26 13:57:45 --> UTF-8 Support Enabled
INFO - 2024-12-26 13:57:45 --> Utf8 Class Initialized
INFO - 2024-12-26 13:57:45 --> URI Class Initialized
INFO - 2024-12-26 13:57:45 --> Router Class Initialized
INFO - 2024-12-26 13:57:45 --> Output Class Initialized
INFO - 2024-12-26 13:57:45 --> Security Class Initialized
DEBUG - 2024-12-26 13:57:45 --> Global POST, GET and COOKIE data sanitized
INFO - 2024-12-26 13:57:45 --> Input Class Initialized
INFO - 2024-12-26 13:57:45 --> Language Class Initialized
INFO - 2024-12-26 13:57:45 --> Language Class Initialized
INFO - 2024-12-26 13:57:45 --> Config Class Initialized
INFO - 2024-12-26 13:57:45 --> Loader Class Initialized
INFO - 2024-12-26 13:57:45 --> Helper loaded: url_helper
INFO - 2024-12-26 13:57:45 --> Helper loaded: easyui_helper
INFO - 2024-12-26 13:57:45 --> Helper loaded: param_helper
INFO - 2024-12-26 13:57:45 --> Helper loaded: credential_helper
INFO - 2024-12-26 13:57:45 --> Helper loaded: template_helper
INFO - 2024-12-26 13:57:45 --> Helper loaded: rest_helper
INFO - 2024-12-26 13:57:45 --> Database Driver Class Initialized
DEBUG - 2024-12-26 13:57:45 --> Idgenerator class already loaded. Second attempt ignored.
INFO - 2024-12-26 13:57:45 --> Controller Class Initialized
INFO - 2024-12-26 13:57:45 --> Model Class Initialized
DEBUG - 2024-12-26 13:57:45 --> File loaded: /apps/web-drc/application/modules/app_dashboard/models/App_dashboard_model.php
INFO - 2024-12-26 13:57:45 --> Model Class Initialized
INFO - 2024-12-26 13:57:45 --> Final output sent to browser
DEBUG - 2024-12-26 13:57:45 --> Total execution time: 0.0171
INFO - 2024-12-26 13:57:45 --> Config Class Initialized
INFO - 2024-12-26 13:57:45 --> Hooks Class Initialized
DEBUG - 2024-12-26 13:57:45 --> UTF-8 Support Enabled
INFO - 2024-12-26 13:57:45 --> Utf8 Class Initialized
INFO - 2024-12-26 13:57:45 --> URI Class Initialized
INFO - 2024-12-26 13:57:45 --> Router Class Initialized
INFO - 2024-12-26 13:57:45 --> Output Class Initialized
INFO - 2024-12-26 13:57:45 --> Security Class Initialized
DEBUG - 2024-12-26 13:57:45 --> Global POST, GET and COOKIE data sanitized
INFO - 2024-12-26 13:57:45 --> Input Class Initialized
INFO - 2024-12-26 13:57:45 --> Language Class Initialized
INFO - 2024-12-26 13:57:45 --> Language Class Initialized
INFO - 2024-12-26 13:57:45 --> Config Class Initialized
INFO - 2024-12-26 13:57:45 --> Loader Class Initialized
INFO - 2024-12-26 13:57:45 --> Helper loaded: url_helper
INFO - 2024-12-26 13:57:45 --> Helper loaded: easyui_helper
INFO - 2024-12-26 13:57:45 --> Helper loaded: param_helper
INFO - 2024-12-26 13:57:45 --> Helper loaded: credential_helper
INFO - 2024-12-26 13:57:45 --> Helper loaded: template_helper
INFO - 2024-12-26 13:57:45 --> Helper loaded: rest_helper
INFO - 2024-12-26 13:57:45 --> Database Driver Class Initialized
DEBUG - 2024-12-26 13:57:45 --> Idgenerator class already loaded. Second attempt ignored.
INFO - 2024-12-26 13:57:45 --> Controller Class Initialized
INFO - 2024-12-26 13:57:45 --> Model Class Initialized
DEBUG - 2024-12-26 13:57:45 --> File loaded: /apps/web-drc/application/modules/api_v1/models/Api_v1_model.php
INFO - 2024-12-26 13:57:45 --> Model Class Initialized
INFO - 2024-12-26 13:57:45 --> Final output sent to browser
DEBUG - 2024-12-26 13:57:45 --> Total execution time: 0.0039
INFO - 2024-12-26 13:57:48 --> Config Class Initialized
INFO - 2024-12-26 13:57:48 --> Hooks Class Initialized
DEBUG - 2024-12-26 13:57:48 --> UTF-8 Support Enabled
INFO - 2024-12-26 13:57:48 --> Utf8 Class Initialized
INFO - 2024-12-26 13:57:48 --> URI Class Initialized
INFO - 2024-12-26 13:57:48 --> Router Class Initialized
INFO - 2024-12-26 13:57:48 --> Output Class Initialized
INFO - 2024-12-26 13:57:48 --> Security Class Initialized
DEBUG - 2024-12-26 13:57:48 --> Global POST, GET and COOKIE data sanitized
INFO - 2024-12-26 13:57:48 --> Input Class Initialized
INFO - 2024-12-26 13:57:48 --> Language Class Initialized
INFO - 2024-12-26 13:57:48 --> Language Class Initialized
INFO - 2024-12-26 13:57:48 --> Config Class Initialized
INFO - 2024-12-26 13:57:48 --> Loader Class Initialized
INFO - 2024-12-26 13:57:48 --> Helper loaded: url_helper
INFO - 2024-12-26 13:57:48 --> Helper loaded: easyui_helper
INFO - 2024-12-26 13:57:48 --> Helper loaded: param_helper
INFO - 2024-12-26 13:57:48 --> Helper loaded: credential_helper
INFO - 2024-12-26 13:57:48 --> Helper loaded: template_helper
INFO - 2024-12-26 13:57:48 --> Helper loaded: rest_helper
INFO - 2024-12-26 13:57:48 --> Database Driver Class Initialized
DEBUG - 2024-12-26 13:57:48 --> Idgenerator class already loaded. Second attempt ignored.
INFO - 2024-12-26 13:57:48 --> Controller Class Initialized
INFO - 2024-12-26 13:57:48 --> Model Class Initialized
DEBUG - 2024-12-26 13:57:48 --> File loaded: /apps/web-drc/application/modules/rep_doi/models/Rep_doi_model.php
INFO - 2024-12-26 13:57:48 --> Model Class Initialized
DEBUG - 2024-12-26 13:57:48 --> File loaded: /apps/web-drc/application/modules/rep_doi/views/form.php
DEBUG - 2024-12-26 13:57:48 --> File loaded: /apps/web-drc/application/views/templates/header.php
DEBUG - 2024-12-26 13:57:48 --> File loaded: /apps/web-drc/application/views/templates/toolbar.php
DEBUG - 2024-12-26 13:57:48 --> File loaded: /apps/web-drc/application/views/templates/sidebar.php
DEBUG - 2024-12-26 13:57:48 --> File loaded: /apps/web-drc/application/views/templates/contents.php
DEBUG - 2024-12-26 13:57:48 --> File loaded: /apps/web-drc/application/views/templates/content_footer.php
DEBUG - 2024-12-26 13:57:48 --> File loaded: /apps/web-drc/application/views/templates/footer.php
DEBUG - 2024-12-26 13:57:48 --> File loaded: /apps/web-drc/application/views/templates/default.php
INFO - 2024-12-26 13:57:48 --> Final output sent to browser
DEBUG - 2024-12-26 13:57:48 --> Total execution time: 0.0075
INFO - 2024-12-26 13:57:49 --> Config Class Initialized
INFO - 2024-12-26 13:57:49 --> Hooks Class Initialized
DEBUG - 2024-12-26 13:57:49 --> UTF-8 Support Enabled
INFO - 2024-12-26 13:57:49 --> Utf8 Class Initialized
INFO - 2024-12-26 13:57:49 --> URI Class Initialized
INFO - 2024-12-26 13:57:49 --> Router Class Initialized
INFO - 2024-12-26 13:57:49 --> Output Class Initialized
INFO - 2024-12-26 13:57:49 --> Security Class Initialized
DEBUG - 2024-12-26 13:57:49 --> Global POST, GET and COOKIE data sanitized
INFO - 2024-12-26 13:57:49 --> Input Class Initialized
INFO - 2024-12-26 13:57:49 --> Language Class Initialized
INFO - 2024-12-26 13:57:49 --> Language Class Initialized
INFO - 2024-12-26 13:57:49 --> Config Class Initialized
INFO - 2024-12-26 13:57:49 --> Loader Class Initialized
INFO - 2024-12-26 13:57:49 --> Helper loaded: url_helper
INFO - 2024-12-26 13:57:49 --> Helper loaded: easyui_helper
INFO - 2024-12-26 13:57:49 --> Helper loaded: param_helper
INFO - 2024-12-26 13:57:49 --> Helper loaded: credential_helper
INFO - 2024-12-26 13:57:49 --> Helper loaded: template_helper
INFO - 2024-12-26 13:57:49 --> Helper loaded: rest_helper
INFO - 2024-12-26 13:57:49 --> Database Driver Class Initialized
DEBUG - 2024-12-26 13:57:49 --> Idgenerator class already loaded. Second attempt ignored.
INFO - 2024-12-26 13:57:49 --> Controller Class Initialized
INFO - 2024-12-26 13:57:49 --> Model Class Initialized
DEBUG - 2024-12-26 13:57:49 --> File loaded: /apps/web-drc/application/modules/rep_doi/models/Rep_doi_model.php
INFO - 2024-12-26 13:57:49 --> Model Class Initialized
INFO - 2024-12-26 13:57:49 --> Final output sent to browser
DEBUG - 2024-12-26 13:57:49 --> Total execution time: 0.0048
INFO - 2024-12-26 13:57:49 --> Config Class Initialized
INFO - 2024-12-26 13:57:49 --> Hooks Class Initialized
DEBUG - 2024-12-26 13:57:49 --> UTF-8 Support Enabled
INFO - 2024-12-26 13:57:49 --> Utf8 Class Initialized
INFO - 2024-12-26 13:57:49 --> URI Class Initialized
INFO - 2024-12-26 13:57:49 --> Router Class Initialized
INFO - 2024-12-26 13:57:49 --> Output Class Initialized
INFO - 2024-12-26 13:57:49 --> Security Class Initialized
DEBUG - 2024-12-26 13:57:49 --> Global POST, GET and COOKIE data sanitized
INFO - 2024-12-26 13:57:49 --> Input Class Initialized
INFO - 2024-12-26 13:57:49 --> Language Class Initialized
INFO - 2024-12-26 13:57:49 --> Language Class Initialized
INFO - 2024-12-26 13:57:49 --> Config Class Initialized
INFO - 2024-12-26 13:57:49 --> Loader Class Initialized
INFO - 2024-12-26 13:57:49 --> Helper loaded: url_helper
INFO - 2024-12-26 13:57:49 --> Helper loaded: easyui_helper
INFO - 2024-12-26 13:57:49 --> Helper loaded: param_helper
INFO - 2024-12-26 13:57:49 --> Helper loaded: credential_helper
INFO - 2024-12-26 13:57:49 --> Helper loaded: template_helper
INFO - 2024-12-26 13:57:49 --> Helper loaded: rest_helper
INFO - 2024-12-26 13:57:49 --> Database Driver Class Initialized
DEBUG - 2024-12-26 13:57:49 --> Idgenerator class already loaded. Second attempt ignored.
INFO - 2024-12-26 13:57:49 --> Controller Class Initialized
INFO - 2024-12-26 13:57:49 --> Model Class Initialized
DEBUG - 2024-12-26 13:57:49 --> File loaded: /apps/web-drc/application/modules/api_v1/models/Api_v1_model.php
INFO - 2024-12-26 13:57:49 --> Model Class Initialized
INFO - 2024-12-26 13:57:49 --> Final output sent to browser
DEBUG - 2024-12-26 13:57:49 --> Total execution time: 0.0038
INFO - 2024-12-26 14:43:14 --> Config Class Initialized
INFO - 2024-12-26 14:43:14 --> Hooks Class Initialized
DEBUG - 2024-12-26 14:43:14 --> UTF-8 Support Enabled
INFO - 2024-12-26 14:43:14 --> Utf8 Class Initialized
INFO - 2024-12-26 14:43:14 --> URI Class Initialized
INFO - 2024-12-26 14:43:14 --> Router Class Initialized
INFO - 2024-12-26 14:43:14 --> Output Class Initialized
INFO - 2024-12-26 14:43:14 --> Security Class Initialized
DEBUG - 2024-12-26 14:43:14 --> Global POST, GET and COOKIE data sanitized
INFO - 2024-12-26 14:43:14 --> Input Class Initialized
INFO - 2024-12-26 14:43:14 --> Language Class Initialized
INFO - 2024-12-26 14:43:14 --> Language Class Initialized
INFO - 2024-12-26 14:43:14 --> Config Class Initialized
INFO - 2024-12-26 14:43:14 --> Loader Class Initialized
INFO - 2024-12-26 14:43:14 --> Helper loaded: url_helper
INFO - 2024-12-26 14:43:14 --> Helper loaded: easyui_helper
INFO - 2024-12-26 14:43:14 --> Helper loaded: param_helper
INFO - 2024-12-26 14:43:14 --> Helper loaded: credential_helper
INFO - 2024-12-26 14:43:14 --> Helper loaded: template_helper
INFO - 2024-12-26 14:43:14 --> Helper loaded: rest_helper
INFO - 2024-12-26 14:43:14 --> Database Driver Class Initialized
DEBUG - 2024-12-26 14:43:14 --> Idgenerator class already loaded. Second attempt ignored.
INFO - 2024-12-26 14:43:14 --> Controller Class Initialized
INFO - 2024-12-26 14:43:14 --> Model Class Initialized
DEBUG - 2024-12-26 14:43:14 --> File loaded: /apps/web-drc/application/modules/rep_doi/models/Rep_doi_model.php
INFO - 2024-12-26 14:43:14 --> Model Class Initialized
INFO - 2024-12-26 14:43:14 --> Final output sent to browser
DEBUG - 2024-12-26 14:43:14 --> Total execution time: 0.0050
INFO - 2024-12-26 14:44:41 --> Config Class Initialized
INFO - 2024-12-26 14:44:41 --> Hooks Class Initialized
DEBUG - 2024-12-26 14:44:41 --> UTF-8 Support Enabled
INFO - 2024-12-26 14:44:41 --> Utf8 Class Initialized
INFO - 2024-12-26 14:44:41 --> URI Class Initialized
INFO - 2024-12-26 14:44:41 --> Router Class Initialized
INFO - 2024-12-26 14:44:41 --> Output Class Initialized
INFO - 2024-12-26 14:44:41 --> Security Class Initialized
DEBUG - 2024-12-26 14:44:41 --> Global POST, GET and COOKIE data sanitized
INFO - 2024-12-26 14:44:41 --> Input Class Initialized
INFO - 2024-12-26 14:44:41 --> Language Class Initialized
INFO - 2024-12-26 14:44:41 --> Language Class Initialized
INFO - 2024-12-26 14:44:41 --> Config Class Initialized
INFO - 2024-12-26 14:44:41 --> Loader Class Initialized
INFO - 2024-12-26 14:44:41 --> Helper loaded: url_helper
INFO - 2024-12-26 14:44:41 --> Helper loaded: easyui_helper
INFO - 2024-12-26 14:44:41 --> Helper loaded: param_helper
INFO - 2024-12-26 14:44:41 --> Helper loaded: credential_helper
INFO - 2024-12-26 14:44:41 --> Helper loaded: template_helper
INFO - 2024-12-26 14:44:41 --> Helper loaded: rest_helper
INFO - 2024-12-26 14:44:41 --> Database Driver Class Initialized
DEBUG - 2024-12-26 14:44:41 --> Idgenerator class already loaded. Second attempt ignored.
INFO - 2024-12-26 14:44:41 --> Controller Class Initialized
INFO - 2024-12-26 14:44:41 --> Model Class Initialized
DEBUG - 2024-12-26 14:44:41 --> File loaded: /apps/web-drc/application/modules/ref_sales_salesman/models/Sales_salesman_model.php
INFO - 2024-12-26 14:44:41 --> Model Class Initialized
DEBUG - 2024-12-26 14:44:41 --> File loaded: /apps/web-drc/application/modules/ref_sales_salesman/views/content.php
DEBUG - 2024-12-26 14:44:41 --> File loaded: /apps/web-drc/application/views/templates/header.php
DEBUG - 2024-12-26 14:44:41 --> File loaded: /apps/web-drc/application/views/templates/toolbar.php
DEBUG - 2024-12-26 14:44:41 --> File loaded: /apps/web-drc/application/views/templates/sidebar.php
DEBUG - 2024-12-26 14:44:41 --> File loaded: /apps/web-drc/application/views/templates/contents.php
DEBUG - 2024-12-26 14:44:41 --> File loaded: /apps/web-drc/application/views/templates/content_footer.php
DEBUG - 2024-12-26 14:44:41 --> File loaded: /apps/web-drc/application/views/templates/footer.php
INFO - 2024-12-26 14:44:41 --> Config Class Initialized
INFO - 2024-12-26 14:44:41 --> Hooks Class Initialized
DEBUG - 2024-12-26 14:44:41 --> UTF-8 Support Enabled
INFO - 2024-12-26 14:44:41 --> Utf8 Class Initialized
INFO - 2024-12-26 14:44:41 --> URI Class Initialized
DEBUG - 2024-12-26 14:44:41 --> No URI present. Default controller set.
INFO - 2024-12-26 14:44:41 --> Router Class Initialized
INFO - 2024-12-26 14:44:41 --> Output Class Initialized
INFO - 2024-12-26 14:44:41 --> Security Class Initialized
DEBUG - 2024-12-26 14:44:41 --> Global POST, GET and COOKIE data sanitized
INFO - 2024-12-26 14:44:41 --> Input Class Initialized
INFO - 2024-12-26 14:44:41 --> Language Class Initialized
INFO - 2024-12-26 14:44:41 --> Language Class Initialized
INFO - 2024-12-26 14:44:41 --> Config Class Initialized
INFO - 2024-12-26 14:44:41 --> Loader Class Initialized
INFO - 2024-12-26 14:44:41 --> Helper loaded: url_helper
INFO - 2024-12-26 14:44:41 --> Helper loaded: easyui_helper
INFO - 2024-12-26 14:44:41 --> Helper loaded: param_helper
INFO - 2024-12-26 14:44:41 --> Helper loaded: credential_helper
INFO - 2024-12-26 14:44:41 --> Helper loaded: template_helper
INFO - 2024-12-26 14:44:41 --> Helper loaded: rest_helper
INFO - 2024-12-26 14:44:41 --> Database Driver Class Initialized
DEBUG - 2024-12-26 14:44:41 --> Idgenerator class already loaded. Second attempt ignored.
INFO - 2024-12-26 14:44:41 --> Controller Class Initialized
DEBUG - 2024-12-26 14:44:41 --> File loaded: /apps/web-drc/application/modules/app_auth/views/login_lte_template.php
DEBUG - 2024-12-26 14:44:41 --> File loaded: /apps/web-drc/application/views/template_login_lte/header.php
DEBUG - 2024-12-26 14:44:41 --> File loaded: /apps/web-drc/application/views/template_login_lte/contents.php
DEBUG - 2024-12-26 14:44:41 --> File loaded: /apps/web-drc/application/views/template_login_lte/default.php
INFO - 2024-12-26 14:44:41 --> Final output sent to browser
DEBUG - 2024-12-26 14:44:41 --> Total execution time: 0.0038
INFO - 2024-12-26 14:44:43 --> Config Class Initialized
INFO - 2024-12-26 14:44:43 --> Hooks Class Initialized
DEBUG - 2024-12-26 14:44:43 --> UTF-8 Support Enabled
INFO - 2024-12-26 14:44:43 --> Utf8 Class Initialized
INFO - 2024-12-26 14:44:43 --> URI Class Initialized
INFO - 2024-12-26 14:44:43 --> Router Class Initialized
INFO - 2024-12-26 14:44:43 --> Output Class Initialized
INFO - 2024-12-26 14:44:43 --> Security Class Initialized
DEBUG - 2024-12-26 14:44:43 --> Global POST, GET and COOKIE data sanitized
INFO - 2024-12-26 14:44:43 --> Input Class Initialized
INFO - 2024-12-26 14:44:43 --> Language Class Initialized
INFO - 2024-12-26 14:44:43 --> Language Class Initialized
INFO - 2024-12-26 14:44:43 --> Config Class Initialized
INFO - 2024-12-26 14:44:43 --> Loader Class Initialized
INFO - 2024-12-26 14:44:43 --> Helper loaded: url_helper
INFO - 2024-12-26 14:44:43 --> Helper loaded: easyui_helper
INFO - 2024-12-26 14:44:43 --> Helper loaded: param_helper
INFO - 2024-12-26 14:44:43 --> Helper loaded: credential_helper
INFO - 2024-12-26 14:44:43 --> Helper loaded: template_helper
INFO - 2024-12-26 14:44:43 --> Helper loaded: rest_helper
INFO - 2024-12-26 14:44:43 --> Database Driver Class Initialized
DEBUG - 2024-12-26 14:44:43 --> Idgenerator class already loaded. Second attempt ignored.
INFO - 2024-12-26 14:44:43 --> Controller Class Initialized
INFO - 2024-12-26 14:44:43 --> Final output sent to browser
DEBUG - 2024-12-26 14:44:43 --> Total execution time: 0.0042
INFO - 2024-12-26 14:44:43 --> Config Class Initialized
INFO - 2024-12-26 14:44:43 --> Hooks Class Initialized
DEBUG - 2024-12-26 14:44:43 --> UTF-8 Support Enabled
INFO - 2024-12-26 14:44:43 --> Utf8 Class Initialized
INFO - 2024-12-26 14:44:43 --> URI Class Initialized
INFO - 2024-12-26 14:44:43 --> Router Class Initialized
INFO - 2024-12-26 14:44:43 --> Output Class Initialized
INFO - 2024-12-26 14:44:43 --> Security Class Initialized
DEBUG - 2024-12-26 14:44:43 --> Global POST, GET and COOKIE data sanitized
INFO - 2024-12-26 14:44:43 --> Input Class Initialized
INFO - 2024-12-26 14:44:43 --> Language Class Initialized
INFO - 2024-12-26 14:44:43 --> Language Class Initialized
INFO - 2024-12-26 14:44:43 --> Config Class Initialized
INFO - 2024-12-26 14:44:43 --> Loader Class Initialized
INFO - 2024-12-26 14:44:43 --> Helper loaded: url_helper
INFO - 2024-12-26 14:44:43 --> Helper loaded: easyui_helper
INFO - 2024-12-26 14:44:43 --> Helper loaded: param_helper
INFO - 2024-12-26 14:44:43 --> Helper loaded: credential_helper
INFO - 2024-12-26 14:44:43 --> Helper loaded: template_helper
INFO - 2024-12-26 14:44:43 --> Helper loaded: rest_helper
INFO - 2024-12-26 14:44:43 --> Database Driver Class Initialized
DEBUG - 2024-12-26 14:44:43 --> Idgenerator class already loaded. Second attempt ignored.
INFO - 2024-12-26 14:44:43 --> Controller Class Initialized
INFO - 2024-12-26 14:44:43 --> Model Class Initialized
DEBUG - 2024-12-26 14:44:43 --> File loaded: /apps/web-drc/application/modules/app_dashboard/models/App_dashboard_model.php
INFO - 2024-12-26 14:44:43 --> Model Class Initialized
DEBUG - 2024-12-26 14:44:43 --> File loaded: /apps/web-drc/application/modules/app_dashboard/views/content.php
DEBUG - 2024-12-26 14:44:43 --> File loaded: /apps/web-drc/application/views/templates/header.php
DEBUG - 2024-12-26 14:44:43 --> File loaded: /apps/web-drc/application/views/templates/toolbar.php
DEBUG - 2024-12-26 14:44:43 --> File loaded: /apps/web-drc/application/views/templates/sidebar.php
DEBUG - 2024-12-26 14:44:43 --> File loaded: /apps/web-drc/application/views/templates/contents.php
DEBUG - 2024-12-26 14:44:43 --> File loaded: /apps/web-drc/application/views/templates/content_footer.php
DEBUG - 2024-12-26 14:44:43 --> File loaded: /apps/web-drc/application/views/templates/footer.php
DEBUG - 2024-12-26 14:44:43 --> File loaded: /apps/web-drc/application/views/templates/default.php
INFO - 2024-12-26 14:44:43 --> Final output sent to browser
DEBUG - 2024-12-26 14:44:43 --> Total execution time: 0.0069
INFO - 2024-12-26 14:44:43 --> Config Class Initialized
INFO - 2024-12-26 14:44:43 --> Hooks Class Initialized
DEBUG - 2024-12-26 14:44:43 --> UTF-8 Support Enabled
INFO - 2024-12-26 14:44:43 --> Utf8 Class Initialized
INFO - 2024-12-26 14:44:43 --> URI Class Initialized
INFO - 2024-12-26 14:44:43 --> Router Class Initialized
INFO - 2024-12-26 14:44:43 --> Output Class Initialized
INFO - 2024-12-26 14:44:43 --> Security Class Initialized
DEBUG - 2024-12-26 14:44:43 --> Global POST, GET and COOKIE data sanitized
INFO - 2024-12-26 14:44:43 --> Input Class Initialized
INFO - 2024-12-26 14:44:43 --> Language Class Initialized
INFO - 2024-12-26 14:44:43 --> Language Class Initialized
INFO - 2024-12-26 14:44:43 --> Config Class Initialized
INFO - 2024-12-26 14:44:43 --> Loader Class Initialized
INFO - 2024-12-26 14:44:43 --> Helper loaded: url_helper
INFO - 2024-12-26 14:44:43 --> Helper loaded: easyui_helper
INFO - 2024-12-26 14:44:43 --> Helper loaded: param_helper
INFO - 2024-12-26 14:44:43 --> Helper loaded: credential_helper
INFO - 2024-12-26 14:44:43 --> Helper loaded: template_helper
INFO - 2024-12-26 14:44:43 --> Helper loaded: rest_helper
INFO - 2024-12-26 14:44:43 --> Database Driver Class Initialized
DEBUG - 2024-12-26 14:44:43 --> Idgenerator class already loaded. Second attempt ignored.
INFO - 2024-12-26 14:44:43 --> Controller Class Initialized
INFO - 2024-12-26 14:44:43 --> Model Class Initialized
DEBUG - 2024-12-26 14:44:43 --> File loaded: /apps/web-drc/application/modules/app_dashboard/models/App_dashboard_model.php
INFO - 2024-12-26 14:44:43 --> Model Class Initialized
INFO - 2024-12-26 14:44:43 --> Final output sent to browser
DEBUG - 2024-12-26 14:44:43 --> Total execution time: 0.0052
INFO - 2024-12-26 14:44:43 --> Config Class Initialized
INFO - 2024-12-26 14:44:43 --> Hooks Class Initialized
DEBUG - 2024-12-26 14:44:43 --> UTF-8 Support Enabled
INFO - 2024-12-26 14:44:43 --> Utf8 Class Initialized
INFO - 2024-12-26 14:44:43 --> URI Class Initialized
INFO - 2024-12-26 14:44:43 --> Router Class Initialized
INFO - 2024-12-26 14:44:43 --> Output Class Initialized
INFO - 2024-12-26 14:44:43 --> Security Class Initialized
DEBUG - 2024-12-26 14:44:43 --> Global POST, GET and COOKIE data sanitized
INFO - 2024-12-26 14:44:43 --> Input Class Initialized
INFO - 2024-12-26 14:44:43 --> Language Class Initialized
INFO - 2024-12-26 14:44:43 --> Language Class Initialized
INFO - 2024-12-26 14:44:43 --> Config Class Initialized
INFO - 2024-12-26 14:44:43 --> Loader Class Initialized
INFO - 2024-12-26 14:44:43 --> Helper loaded: url_helper
INFO - 2024-12-26 14:44:43 --> Helper loaded: easyui_helper
INFO - 2024-12-26 14:44:43 --> Helper loaded: param_helper
INFO - 2024-12-26 14:44:43 --> Helper loaded: credential_helper
INFO - 2024-12-26 14:44:43 --> Helper loaded: template_helper
INFO - 2024-12-26 14:44:43 --> Helper loaded: rest_helper
INFO - 2024-12-26 14:44:43 --> Database Driver Class Initialized
DEBUG - 2024-12-26 14:44:43 --> Idgenerator class already loaded. Second attempt ignored.
INFO - 2024-12-26 14:44:43 --> Controller Class Initialized
INFO - 2024-12-26 14:44:43 --> Model Class Initialized
DEBUG - 2024-12-26 14:44:43 --> File loaded: /apps/web-drc/application/modules/api_v1/models/Api_v1_model.php
INFO - 2024-12-26 14:44:43 --> Model Class Initialized
INFO - 2024-12-26 14:44:43 --> Final output sent to browser
DEBUG - 2024-12-26 14:44:43 --> Total execution time: 0.0028
INFO - 2024-12-26 14:44:47 --> Config Class Initialized
INFO - 2024-12-26 14:44:47 --> Hooks Class Initialized
DEBUG - 2024-12-26 14:44:47 --> UTF-8 Support Enabled
INFO - 2024-12-26 14:44:47 --> Utf8 Class Initialized
INFO - 2024-12-26 14:44:47 --> URI Class Initialized
INFO - 2024-12-26 14:44:47 --> Router Class Initialized
INFO - 2024-12-26 14:44:47 --> Output Class Initialized
INFO - 2024-12-26 14:44:47 --> Security Class Initialized
DEBUG - 2024-12-26 14:44:47 --> Global POST, GET and COOKIE data sanitized
INFO - 2024-12-26 14:44:47 --> Input Class Initialized
INFO - 2024-12-26 14:44:47 --> Language Class Initialized
INFO - 2024-12-26 14:44:47 --> Language Class Initialized
INFO - 2024-12-26 14:44:47 --> Config Class Initialized
INFO - 2024-12-26 14:44:47 --> Loader Class Initialized
INFO - 2024-12-26 14:44:47 --> Helper loaded: url_helper
INFO - 2024-12-26 14:44:47 --> Helper loaded: easyui_helper
INFO - 2024-12-26 14:44:47 --> Helper loaded: param_helper
INFO - 2024-12-26 14:44:47 --> Helper loaded: credential_helper
INFO - 2024-12-26 14:44:47 --> Helper loaded: template_helper
INFO - 2024-12-26 14:44:47 --> Helper loaded: rest_helper
INFO - 2024-12-26 14:44:47 --> Database Driver Class Initialized
DEBUG - 2024-12-26 14:44:47 --> Idgenerator class already loaded. Second attempt ignored.
INFO - 2024-12-26 14:44:47 --> Controller Class Initialized
INFO - 2024-12-26 14:44:47 --> Model Class Initialized
DEBUG - 2024-12-26 14:44:47 --> File loaded: /apps/web-drc/application/modules/ref_sales_salesman/models/Sales_salesman_model.php
INFO - 2024-12-26 14:44:47 --> Model Class Initialized
DEBUG - 2024-12-26 14:44:47 --> File loaded: /apps/web-drc/application/modules/ref_sales_salesman/views/content.php
DEBUG - 2024-12-26 14:44:47 --> File loaded: /apps/web-drc/application/views/templates/header.php
DEBUG - 2024-12-26 14:44:47 --> File loaded: /apps/web-drc/application/views/templates/toolbar.php
DEBUG - 2024-12-26 14:44:47 --> File loaded: /apps/web-drc/application/views/templates/sidebar.php
DEBUG - 2024-12-26 14:44:47 --> File loaded: /apps/web-drc/application/views/templates/contents.php
DEBUG - 2024-12-26 14:44:47 --> File loaded: /apps/web-drc/application/views/templates/content_footer.php
DEBUG - 2024-12-26 14:44:47 --> File loaded: /apps/web-drc/application/views/templates/footer.php
DEBUG - 2024-12-26 14:44:47 --> File loaded: /apps/web-drc/application/views/templates/default.php
INFO - 2024-12-26 14:44:47 --> Final output sent to browser
DEBUG - 2024-12-26 14:44:47 --> Total execution time: 0.0073
INFO - 2024-12-26 14:44:47 --> Config Class Initialized
INFO - 2024-12-26 14:44:47 --> Hooks Class Initialized
DEBUG - 2024-12-26 14:44:47 --> UTF-8 Support Enabled
INFO - 2024-12-26 14:44:47 --> Utf8 Class Initialized
INFO - 2024-12-26 14:44:47 --> URI Class Initialized
INFO - 2024-12-26 14:44:47 --> Router Class Initialized
INFO - 2024-12-26 14:44:47 --> Output Class Initialized
INFO - 2024-12-26 14:44:47 --> Security Class Initialized
DEBUG - 2024-12-26 14:44:47 --> Global POST, GET and COOKIE data sanitized
INFO - 2024-12-26 14:44:47 --> Input Class Initialized
INFO - 2024-12-26 14:44:47 --> Language Class Initialized
INFO - 2024-12-26 14:44:47 --> Language Class Initialized
INFO - 2024-12-26 14:44:47 --> Config Class Initialized
INFO - 2024-12-26 14:44:47 --> Loader Class Initialized
INFO - 2024-12-26 14:44:47 --> Helper loaded: url_helper
INFO - 2024-12-26 14:44:47 --> Helper loaded: easyui_helper
INFO - 2024-12-26 14:44:47 --> Helper loaded: param_helper
INFO - 2024-12-26 14:44:47 --> Helper loaded: credential_helper
INFO - 2024-12-26 14:44:47 --> Helper loaded: template_helper
INFO - 2024-12-26 14:44:47 --> Helper loaded: rest_helper
INFO - 2024-12-26 14:44:47 --> Database Driver Class Initialized
DEBUG - 2024-12-26 14:44:47 --> Idgenerator class already loaded. Second attempt ignored.
INFO - 2024-12-26 14:44:47 --> Controller Class Initialized
INFO - 2024-12-26 14:44:47 --> Model Class Initialized
DEBUG - 2024-12-26 14:44:47 --> File loaded: /apps/web-drc/application/modules/ref_sales_salesman/models/Sales_salesman_model.php
INFO - 2024-12-26 14:44:47 --> Model Class Initialized
INFO - 2024-12-26 14:44:47 --> Final output sent to browser
DEBUG - 2024-12-26 14:44:47 --> Total execution time: 0.0123
INFO - 2024-12-26 14:44:52 --> Config Class Initialized
INFO - 2024-12-26 14:44:52 --> Hooks Class Initialized
DEBUG - 2024-12-26 14:44:52 --> UTF-8 Support Enabled
INFO - 2024-12-26 14:44:52 --> Utf8 Class Initialized
INFO - 2024-12-26 14:44:52 --> URI Class Initialized
INFO - 2024-12-26 14:44:52 --> Router Class Initialized
INFO - 2024-12-26 14:44:52 --> Output Class Initialized
INFO - 2024-12-26 14:44:52 --> Security Class Initialized
DEBUG - 2024-12-26 14:44:52 --> Global POST, GET and COOKIE data sanitized
INFO - 2024-12-26 14:44:52 --> Input Class Initialized
INFO - 2024-12-26 14:44:52 --> Language Class Initialized
INFO - 2024-12-26 14:44:52 --> Language Class Initialized
INFO - 2024-12-26 14:44:52 --> Config Class Initialized
INFO - 2024-12-26 14:44:52 --> Loader Class Initialized
INFO - 2024-12-26 14:44:52 --> Helper loaded: url_helper
INFO - 2024-12-26 14:44:52 --> Helper loaded: easyui_helper
INFO - 2024-12-26 14:44:52 --> Helper loaded: param_helper
INFO - 2024-12-26 14:44:52 --> Helper loaded: credential_helper
INFO - 2024-12-26 14:44:52 --> Helper loaded: template_helper
INFO - 2024-12-26 14:44:52 --> Helper loaded: rest_helper
INFO - 2024-12-26 14:44:52 --> Database Driver Class Initialized
DEBUG - 2024-12-26 14:44:52 --> Idgenerator class already loaded. Second attempt ignored.
INFO - 2024-12-26 14:44:52 --> Controller Class Initialized
INFO - 2024-12-26 14:44:52 --> Model Class Initialized
DEBUG - 2024-12-26 14:44:52 --> File loaded: /apps/web-drc/application/modules/ref_sales_salesman/models/Sales_salesman_model.php
INFO - 2024-12-26 14:44:52 --> Model Class Initialized
INFO - 2024-12-26 14:44:52 --> Final output sent to browser
DEBUG - 2024-12-26 14:44:52 --> Total execution time: 0.0138
INFO - 2024-12-26 14:45:01 --> Config Class Initialized
INFO - 2024-12-26 14:45:01 --> Hooks Class Initialized
DEBUG - 2024-12-26 14:45:01 --> UTF-8 Support Enabled
INFO - 2024-12-26 14:45:01 --> Utf8 Class Initialized
INFO - 2024-12-26 14:45:01 --> URI Class Initialized
INFO - 2024-12-26 14:45:01 --> Router Class Initialized
INFO - 2024-12-26 14:45:01 --> Output Class Initialized
INFO - 2024-12-26 14:45:01 --> Security Class Initialized
DEBUG - 2024-12-26 14:45:01 --> Global POST, GET and COOKIE data sanitized
INFO - 2024-12-26 14:45:01 --> Input Class Initialized
INFO - 2024-12-26 14:45:01 --> Language Class Initialized
INFO - 2024-12-26 14:45:01 --> Language Class Initialized
INFO - 2024-12-26 14:45:01 --> Config Class Initialized
INFO - 2024-12-26 14:45:01 --> Loader Class Initialized
INFO - 2024-12-26 14:45:01 --> Helper loaded: url_helper
INFO - 2024-12-26 14:45:01 --> Helper loaded: easyui_helper
INFO - 2024-12-26 14:45:01 --> Helper loaded: param_helper
INFO - 2024-12-26 14:45:01 --> Helper loaded: credential_helper
INFO - 2024-12-26 14:45:01 --> Helper loaded: template_helper
INFO - 2024-12-26 14:45:01 --> Helper loaded: rest_helper
INFO - 2024-12-26 14:45:01 --> Database Driver Class Initialized
DEBUG - 2024-12-26 14:45:01 --> Idgenerator class already loaded. Second attempt ignored.
INFO - 2024-12-26 14:45:01 --> Controller Class Initialized
INFO - 2024-12-26 14:45:01 --> Model Class Initialized
DEBUG - 2024-12-26 14:45:01 --> File loaded: /apps/web-drc/application/modules/ref_sales_salesman/models/Sales_salesman_model.php
INFO - 2024-12-26 14:45:01 --> Model Class Initialized
DEBUG - 2024-12-26 14:45:01 --> File loaded: /apps/web-drc/application/modules/ref_sales_salesman/views/form.php
DEBUG - 2024-12-26 14:45:01 --> File loaded: /apps/web-drc/application/views/templates/header.php
DEBUG - 2024-12-26 14:45:01 --> File loaded: /apps/web-drc/application/views/templates/toolbar.php
DEBUG - 2024-12-26 14:45:01 --> File loaded: /apps/web-drc/application/views/templates/sidebar.php
DEBUG - 2024-12-26 14:45:01 --> File loaded: /apps/web-drc/application/views/templates/contents.php
DEBUG - 2024-12-26 14:45:01 --> File loaded: /apps/web-drc/application/views/templates/content_footer.php
DEBUG - 2024-12-26 14:45:01 --> File loaded: /apps/web-drc/application/views/templates/footer.php
DEBUG - 2024-12-26 14:45:01 --> File loaded: /apps/web-drc/application/views/templates/default.php
INFO - 2024-12-26 14:45:01 --> Final output sent to browser
DEBUG - 2024-12-26 14:45:01 --> Total execution time: 0.0239
INFO - 2024-12-26 14:45:01 --> Config Class Initialized
INFO - 2024-12-26 14:45:01 --> Hooks Class Initialized
DEBUG - 2024-12-26 14:45:01 --> UTF-8 Support Enabled
INFO - 2024-12-26 14:45:01 --> Utf8 Class Initialized
INFO - 2024-12-26 14:45:01 --> URI Class Initialized
INFO - 2024-12-26 14:45:01 --> Router Class Initialized
INFO - 2024-12-26 14:45:01 --> Output Class Initialized
INFO - 2024-12-26 14:45:01 --> Security Class Initialized
DEBUG - 2024-12-26 14:45:01 --> Global POST, GET and COOKIE data sanitized
INFO - 2024-12-26 14:45:01 --> Input Class Initialized
INFO - 2024-12-26 14:45:01 --> Language Class Initialized
INFO - 2024-12-26 14:45:01 --> Language Class Initialized
INFO - 2024-12-26 14:45:01 --> Config Class Initialized
INFO - 2024-12-26 14:45:01 --> Loader Class Initialized
INFO - 2024-12-26 14:45:01 --> Helper loaded: url_helper
INFO - 2024-12-26 14:45:01 --> Helper loaded: easyui_helper
INFO - 2024-12-26 14:45:01 --> Helper loaded: param_helper
INFO - 2024-12-26 14:45:01 --> Helper loaded: credential_helper
INFO - 2024-12-26 14:45:01 --> Helper loaded: template_helper
INFO - 2024-12-26 14:45:01 --> Helper loaded: rest_helper
INFO - 2024-12-26 14:45:01 --> Database Driver Class Initialized
DEBUG - 2024-12-26 14:45:01 --> Idgenerator class already loaded. Second attempt ignored.
INFO - 2024-12-26 14:45:01 --> Controller Class Initialized
INFO - 2024-12-26 14:45:01 --> Model Class Initialized
DEBUG - 2024-12-26 14:45:01 --> File loaded: /apps/web-drc/application/modules/api_v1/models/Api_v1_model.php
INFO - 2024-12-26 14:45:01 --> Model Class Initialized
INFO - 2024-12-26 14:45:01 --> Final output sent to browser
DEBUG - 2024-12-26 14:45:01 --> Total execution time: 0.0066
INFO - 2024-12-26 14:45:01 --> Config Class Initialized
INFO - 2024-12-26 14:45:01 --> Hooks Class Initialized
DEBUG - 2024-12-26 14:45:01 --> UTF-8 Support Enabled
INFO - 2024-12-26 14:45:01 --> Utf8 Class Initialized
INFO - 2024-12-26 14:45:01 --> URI Class Initialized
INFO - 2024-12-26 14:45:01 --> Router Class Initialized
INFO - 2024-12-26 14:45:01 --> Output Class Initialized
INFO - 2024-12-26 14:45:01 --> Security Class Initialized
DEBUG - 2024-12-26 14:45:01 --> Global POST, GET and COOKIE data sanitized
INFO - 2024-12-26 14:45:01 --> Input Class Initialized
INFO - 2024-12-26 14:45:01 --> Language Class Initialized
INFO - 2024-12-26 14:45:01 --> Language Class Initialized
INFO - 2024-12-26 14:45:01 --> Config Class Initialized
INFO - 2024-12-26 14:45:01 --> Loader Class Initialized
INFO - 2024-12-26 14:45:01 --> Helper loaded: url_helper
INFO - 2024-12-26 14:45:01 --> Helper loaded: easyui_helper
INFO - 2024-12-26 14:45:01 --> Helper loaded: param_helper
INFO - 2024-12-26 14:45:01 --> Helper loaded: credential_helper
INFO - 2024-12-26 14:45:01 --> Helper loaded: template_helper
INFO - 2024-12-26 14:45:01 --> Helper loaded: rest_helper
INFO - 2024-12-26 14:45:01 --> Database Driver Class Initialized
DEBUG - 2024-12-26 14:45:01 --> Idgenerator class already loaded. Second attempt ignored.
INFO - 2024-12-26 14:45:01 --> Controller Class Initialized
INFO - 2024-12-26 14:45:01 --> Model Class Initialized
DEBUG - 2024-12-26 14:45:01 --> File loaded: /apps/web-drc/application/modules/api_v1/models/Api_v1_model.php
INFO - 2024-12-26 14:45:01 --> Model Class Initialized
INFO - 2024-12-26 14:45:01 --> Final output sent to browser
DEBUG - 2024-12-26 14:45:01 --> Total execution time: 0.0082
INFO - 2024-12-26 14:45:01 --> Config Class Initialized
INFO - 2024-12-26 14:45:01 --> Hooks Class Initialized
DEBUG - 2024-12-26 14:45:01 --> UTF-8 Support Enabled
INFO - 2024-12-26 14:45:01 --> Utf8 Class Initialized
INFO - 2024-12-26 14:45:01 --> URI Class Initialized
INFO - 2024-12-26 14:45:01 --> Router Class Initialized
INFO - 2024-12-26 14:45:01 --> Output Class Initialized
INFO - 2024-12-26 14:45:01 --> Security Class Initialized
DEBUG - 2024-12-26 14:45:01 --> Global POST, GET and COOKIE data sanitized
INFO - 2024-12-26 14:45:01 --> Input Class Initialized
INFO - 2024-12-26 14:45:01 --> Language Class Initialized
INFO - 2024-12-26 14:45:01 --> Language Class Initialized
INFO - 2024-12-26 14:45:01 --> Config Class Initialized
INFO - 2024-12-26 14:45:01 --> Loader Class Initialized
INFO - 2024-12-26 14:45:01 --> Helper loaded: url_helper
INFO - 2024-12-26 14:45:01 --> Helper loaded: easyui_helper
INFO - 2024-12-26 14:45:01 --> Helper loaded: param_helper
INFO - 2024-12-26 14:45:01 --> Helper loaded: credential_helper
INFO - 2024-12-26 14:45:01 --> Helper loaded: template_helper
INFO - 2024-12-26 14:45:01 --> Helper loaded: rest_helper
INFO - 2024-12-26 14:45:01 --> Database Driver Class Initialized
DEBUG - 2024-12-26 14:45:01 --> Idgenerator class already loaded. Second attempt ignored.
INFO - 2024-12-26 14:45:01 --> Controller Class Initialized
INFO - 2024-12-26 14:45:01 --> Model Class Initialized
DEBUG - 2024-12-26 14:45:01 --> File loaded: /apps/web-drc/application/modules/api_v1/models/Api_v1_model.php
INFO - 2024-12-26 14:45:01 --> Model Class Initialized
INFO - 2024-12-26 14:45:01 --> Final output sent to browser
DEBUG - 2024-12-26 14:45:01 --> Total execution time: 0.0128
INFO - 2024-12-26 14:45:01 --> Config Class Initialized
INFO - 2024-12-26 14:45:01 --> Hooks Class Initialized
DEBUG - 2024-12-26 14:45:01 --> UTF-8 Support Enabled
INFO - 2024-12-26 14:45:01 --> Utf8 Class Initialized
INFO - 2024-12-26 14:45:01 --> URI Class Initialized
INFO - 2024-12-26 14:45:01 --> Router Class Initialized
INFO - 2024-12-26 14:45:01 --> Output Class Initialized
INFO - 2024-12-26 14:45:01 --> Security Class Initialized
DEBUG - 2024-12-26 14:45:01 --> Global POST, GET and COOKIE data sanitized
INFO - 2024-12-26 14:45:01 --> Input Class Initialized
INFO - 2024-12-26 14:45:01 --> Language Class Initialized
INFO - 2024-12-26 14:45:01 --> Language Class Initialized
INFO - 2024-12-26 14:45:01 --> Config Class Initialized
INFO - 2024-12-26 14:45:01 --> Loader Class Initialized
INFO - 2024-12-26 14:45:01 --> Helper loaded: url_helper
INFO - 2024-12-26 14:45:01 --> Helper loaded: easyui_helper
INFO - 2024-12-26 14:45:01 --> Helper loaded: param_helper
INFO - 2024-12-26 14:45:01 --> Helper loaded: credential_helper
INFO - 2024-12-26 14:45:01 --> Helper loaded: template_helper
INFO - 2024-12-26 14:45:01 --> Helper loaded: rest_helper
INFO - 2024-12-26 14:45:01 --> Database Driver Class Initialized
DEBUG - 2024-12-26 14:45:01 --> Idgenerator class already loaded. Second attempt ignored.
INFO - 2024-12-26 14:45:01 --> Controller Class Initialized
INFO - 2024-12-26 14:45:01 --> Model Class Initialized
DEBUG - 2024-12-26 14:45:01 --> File loaded: /apps/web-drc/application/modules/api_v1/models/Api_v1_model.php
INFO - 2024-12-26 14:45:01 --> Model Class Initialized
INFO - 2024-12-26 14:45:01 --> Final output sent to browser
DEBUG - 2024-12-26 14:45:01 --> Total execution time: 0.0083
INFO - 2024-12-26 14:45:01 --> Config Class Initialized
INFO - 2024-12-26 14:45:01 --> Hooks Class Initialized
DEBUG - 2024-12-26 14:45:01 --> UTF-8 Support Enabled
INFO - 2024-12-26 14:45:01 --> Utf8 Class Initialized
INFO - 2024-12-26 14:45:01 --> URI Class Initialized
INFO - 2024-12-26 14:45:01 --> Router Class Initialized
INFO - 2024-12-26 14:45:01 --> Output Class Initialized
INFO - 2024-12-26 14:45:01 --> Security Class Initialized
DEBUG - 2024-12-26 14:45:01 --> Global POST, GET and COOKIE data sanitized
INFO - 2024-12-26 14:45:01 --> Input Class Initialized
INFO - 2024-12-26 14:45:01 --> Language Class Initialized
INFO - 2024-12-26 14:45:01 --> Language Class Initialized
INFO - 2024-12-26 14:45:01 --> Config Class Initialized
INFO - 2024-12-26 14:45:01 --> Loader Class Initialized
INFO - 2024-12-26 14:45:01 --> Helper loaded: url_helper
INFO - 2024-12-26 14:45:01 --> Helper loaded: easyui_helper
INFO - 2024-12-26 14:45:01 --> Helper loaded: param_helper
INFO - 2024-12-26 14:45:01 --> Helper loaded: credential_helper
INFO - 2024-12-26 14:45:01 --> Helper loaded: template_helper
INFO - 2024-12-26 14:45:01 --> Helper loaded: rest_helper
INFO - 2024-12-26 14:45:01 --> Database Driver Class Initialized
DEBUG - 2024-12-26 14:45:01 --> Idgenerator class already loaded. Second attempt ignored.
INFO - 2024-12-26 14:45:01 --> Controller Class Initialized
INFO - 2024-12-26 14:45:01 --> Model Class Initialized
DEBUG - 2024-12-26 14:45:01 --> File loaded: /apps/web-drc/application/modules/conf_setup_site/models/Setup_site_model.php
INFO - 2024-12-26 14:45:01 --> Model Class Initialized
INFO - 2024-12-26 14:45:01 --> Final output sent to browser
DEBUG - 2024-12-26 14:45:01 --> Total execution time: 0.0213
INFO - 2024-12-26 14:45:01 --> Config Class Initialized
INFO - 2024-12-26 14:45:01 --> Hooks Class Initialized
DEBUG - 2024-12-26 14:45:01 --> UTF-8 Support Enabled
INFO - 2024-12-26 14:45:01 --> Utf8 Class Initialized
INFO - 2024-12-26 14:45:01 --> URI Class Initialized
INFO - 2024-12-26 14:45:01 --> Router Class Initialized
INFO - 2024-12-26 14:45:01 --> Output Class Initialized
INFO - 2024-12-26 14:45:01 --> Security Class Initialized
DEBUG - 2024-12-26 14:45:01 --> Global POST, GET and COOKIE data sanitized
INFO - 2024-12-26 14:45:01 --> Input Class Initialized
INFO - 2024-12-26 14:45:01 --> Language Class Initialized
INFO - 2024-12-26 14:45:01 --> Language Class Initialized
INFO - 2024-12-26 14:45:01 --> Config Class Initialized
INFO - 2024-12-26 14:45:01 --> Loader Class Initialized
INFO - 2024-12-26 14:45:01 --> Helper loaded: url_helper
INFO - 2024-12-26 14:45:01 --> Helper loaded: easyui_helper
INFO - 2024-12-26 14:45:01 --> Helper loaded: param_helper
INFO - 2024-12-26 14:45:01 --> Helper loaded: credential_helper
INFO - 2024-12-26 14:45:01 --> Helper loaded: template_helper
INFO - 2024-12-26 14:45:01 --> Helper loaded: rest_helper
INFO - 2024-12-26 14:45:01 --> Database Driver Class Initialized
DEBUG - 2024-12-26 14:45:01 --> Idgenerator class already loaded. Second attempt ignored.
INFO - 2024-12-26 14:45:01 --> Controller Class Initialized
INFO - 2024-12-26 14:45:01 --> Model Class Initialized
DEBUG - 2024-12-26 14:45:01 --> File loaded: /apps/web-drc/application/modules/api_v1/models/Api_v1_model.php
INFO - 2024-12-26 14:45:01 --> Model Class Initialized
INFO - 2024-12-26 14:45:01 --> Final output sent to browser
DEBUG - 2024-12-26 14:45:01 --> Total execution time: 0.0142
INFO - 2024-12-26 14:45:01 --> Config Class Initialized
INFO - 2024-12-26 14:45:01 --> Hooks Class Initialized
DEBUG - 2024-12-26 14:45:01 --> UTF-8 Support Enabled
INFO - 2024-12-26 14:45:01 --> Utf8 Class Initialized
INFO - 2024-12-26 14:45:01 --> URI Class Initialized
INFO - 2024-12-26 14:45:01 --> Router Class Initialized
INFO - 2024-12-26 14:45:01 --> Output Class Initialized
INFO - 2024-12-26 14:45:01 --> Security Class Initialized
DEBUG - 2024-12-26 14:45:01 --> Global POST, GET and COOKIE data sanitized
INFO - 2024-12-26 14:45:01 --> Input Class Initialized
INFO - 2024-12-26 14:45:01 --> Language Class Initialized
INFO - 2024-12-26 14:45:01 --> Language Class Initialized
INFO - 2024-12-26 14:45:01 --> Config Class Initialized
INFO - 2024-12-26 14:45:01 --> Loader Class Initialized
INFO - 2024-12-26 14:45:01 --> Helper loaded: url_helper
INFO - 2024-12-26 14:45:01 --> Helper loaded: easyui_helper
INFO - 2024-12-26 14:45:01 --> Helper loaded: param_helper
INFO - 2024-12-26 14:45:01 --> Helper loaded: credential_helper
INFO - 2024-12-26 14:45:01 --> Helper loaded: template_helper
INFO - 2024-12-26 14:45:01 --> Helper loaded: rest_helper
INFO - 2024-12-26 14:45:01 --> Database Driver Class Initialized
DEBUG - 2024-12-26 14:45:01 --> Idgenerator class already loaded. Second attempt ignored.
INFO - 2024-12-26 14:45:01 --> Controller Class Initialized
INFO - 2024-12-26 14:45:01 --> Model Class Initialized
DEBUG - 2024-12-26 14:45:01 --> File loaded: /apps/web-drc/application/modules/api_v1/models/Api_v1_model.php
INFO - 2024-12-26 14:45:01 --> Model Class Initialized
INFO - 2024-12-26 14:45:01 --> Final output sent to browser
DEBUG - 2024-12-26 14:45:01 --> Total execution time: 0.0223
INFO - 2024-12-26 14:45:18 --> Config Class Initialized
INFO - 2024-12-26 14:45:18 --> Hooks Class Initialized
DEBUG - 2024-12-26 14:45:18 --> UTF-8 Support Enabled
INFO - 2024-12-26 14:45:18 --> Utf8 Class Initialized
INFO - 2024-12-26 14:45:18 --> URI Class Initialized
INFO - 2024-12-26 14:45:18 --> Router Class Initialized
INFO - 2024-12-26 14:45:18 --> Output Class Initialized
INFO - 2024-12-26 14:45:18 --> Security Class Initialized
DEBUG - 2024-12-26 14:45:18 --> Global POST, GET and COOKIE data sanitized
INFO - 2024-12-26 14:45:18 --> Input Class Initialized
INFO - 2024-12-26 14:45:18 --> Language Class Initialized
INFO - 2024-12-26 14:45:18 --> Language Class Initialized
INFO - 2024-12-26 14:45:18 --> Config Class Initialized
INFO - 2024-12-26 14:45:18 --> Loader Class Initialized
INFO - 2024-12-26 14:45:18 --> Helper loaded: url_helper
INFO - 2024-12-26 14:45:18 --> Helper loaded: easyui_helper
INFO - 2024-12-26 14:45:18 --> Helper loaded: param_helper
INFO - 2024-12-26 14:45:18 --> Helper loaded: credential_helper
INFO - 2024-12-26 14:45:18 --> Helper loaded: template_helper
INFO - 2024-12-26 14:45:18 --> Helper loaded: rest_helper
INFO - 2024-12-26 14:45:18 --> Database Driver Class Initialized
DEBUG - 2024-12-26 14:45:18 --> Idgenerator class already loaded. Second attempt ignored.
INFO - 2024-12-26 14:45:18 --> Controller Class Initialized
INFO - 2024-12-26 14:45:18 --> Model Class Initialized
DEBUG - 2024-12-26 14:45:18 --> File loaded: /apps/web-drc/application/modules/ref_sales_salesman/models/Sales_salesman_model.php
INFO - 2024-12-26 14:45:18 --> Model Class Initialized
INFO - 2024-12-26 14:45:18 --> Final output sent to browser
DEBUG - 2024-12-26 14:45:18 --> Total execution time: 0.0035
INFO - 2024-12-26 14:45:19 --> Config Class Initialized
INFO - 2024-12-26 14:45:19 --> Hooks Class Initialized
DEBUG - 2024-12-26 14:45:19 --> UTF-8 Support Enabled
INFO - 2024-12-26 14:45:19 --> Utf8 Class Initialized
INFO - 2024-12-26 14:45:19 --> URI Class Initialized
INFO - 2024-12-26 14:45:19 --> Router Class Initialized
INFO - 2024-12-26 14:45:19 --> Output Class Initialized
INFO - 2024-12-26 14:45:19 --> Security Class Initialized
DEBUG - 2024-12-26 14:45:19 --> Global POST, GET and COOKIE data sanitized
INFO - 2024-12-26 14:45:19 --> Input Class Initialized
INFO - 2024-12-26 14:45:19 --> Language Class Initialized
INFO - 2024-12-26 14:45:19 --> Language Class Initialized
INFO - 2024-12-26 14:45:19 --> Config Class Initialized
INFO - 2024-12-26 14:45:19 --> Loader Class Initialized
INFO - 2024-12-26 14:45:19 --> Helper loaded: url_helper
INFO - 2024-12-26 14:45:19 --> Helper loaded: easyui_helper
INFO - 2024-12-26 14:45:19 --> Helper loaded: param_helper
INFO - 2024-12-26 14:45:19 --> Helper loaded: credential_helper
INFO - 2024-12-26 14:45:19 --> Helper loaded: template_helper
INFO - 2024-12-26 14:45:19 --> Helper loaded: rest_helper
INFO - 2024-12-26 14:45:19 --> Database Driver Class Initialized
DEBUG - 2024-12-26 14:45:19 --> Idgenerator class already loaded. Second attempt ignored.
INFO - 2024-12-26 14:45:19 --> Controller Class Initialized
INFO - 2024-12-26 14:45:19 --> Model Class Initialized
DEBUG - 2024-12-26 14:45:19 --> File loaded: /apps/web-drc/application/modules/ref_sales_salesman/models/Sales_salesman_model.php
INFO - 2024-12-26 14:45:19 --> Model Class Initialized
INFO - 2024-12-26 14:45:19 --> Final output sent to browser
DEBUG - 2024-12-26 14:45:19 --> Total execution time: 0.0057
INFO - 2024-12-26 14:45:19 --> Config Class Initialized
INFO - 2024-12-26 14:45:19 --> Hooks Class Initialized
DEBUG - 2024-12-26 14:45:19 --> UTF-8 Support Enabled
INFO - 2024-12-26 14:45:19 --> Utf8 Class Initialized
INFO - 2024-12-26 14:45:19 --> URI Class Initialized
INFO - 2024-12-26 14:45:19 --> Router Class Initialized
INFO - 2024-12-26 14:45:19 --> Output Class Initialized
INFO - 2024-12-26 14:45:19 --> Security Class Initialized
DEBUG - 2024-12-26 14:45:19 --> Global POST, GET and COOKIE data sanitized
INFO - 2024-12-26 14:45:19 --> Input Class Initialized
INFO - 2024-12-26 14:45:19 --> Language Class Initialized
INFO - 2024-12-26 14:45:19 --> Language Class Initialized
INFO - 2024-12-26 14:45:19 --> Config Class Initialized
INFO - 2024-12-26 14:45:19 --> Loader Class Initialized
INFO - 2024-12-26 14:45:19 --> Helper loaded: url_helper
INFO - 2024-12-26 14:45:19 --> Helper loaded: easyui_helper
INFO - 2024-12-26 14:45:19 --> Helper loaded: param_helper
INFO - 2024-12-26 14:45:19 --> Helper loaded: credential_helper
INFO - 2024-12-26 14:45:19 --> Helper loaded: template_helper
INFO - 2024-12-26 14:45:19 --> Helper loaded: rest_helper
INFO - 2024-12-26 14:45:19 --> Database Driver Class Initialized
DEBUG - 2024-12-26 14:45:19 --> Idgenerator class already loaded. Second attempt ignored.
INFO - 2024-12-26 14:45:19 --> Controller Class Initialized
INFO - 2024-12-26 14:45:19 --> Model Class Initialized
DEBUG - 2024-12-26 14:45:19 --> File loaded: /apps/web-drc/application/modules/ref_sales_salesman/models/Sales_salesman_model.php
INFO - 2024-12-26 14:45:19 --> Model Class Initialized
DEBUG - 2024-12-26 14:45:19 --> File loaded: /apps/web-drc/application/modules/ref_sales_salesman/views/content.php
DEBUG - 2024-12-26 14:45:19 --> File loaded: /apps/web-drc/application/views/templates/header.php
DEBUG - 2024-12-26 14:45:19 --> File loaded: /apps/web-drc/application/views/templates/toolbar.php
DEBUG - 2024-12-26 14:45:19 --> File loaded: /apps/web-drc/application/views/templates/sidebar.php
DEBUG - 2024-12-26 14:45:19 --> File loaded: /apps/web-drc/application/views/templates/contents.php
DEBUG - 2024-12-26 14:45:19 --> File loaded: /apps/web-drc/application/views/templates/content_footer.php
DEBUG - 2024-12-26 14:45:19 --> File loaded: /apps/web-drc/application/views/templates/footer.php
DEBUG - 2024-12-26 14:45:19 --> File loaded: /apps/web-drc/application/views/templates/default.php
INFO - 2024-12-26 14:45:19 --> Final output sent to browser
DEBUG - 2024-12-26 14:45:19 --> Total execution time: 0.0067
INFO - 2024-12-26 14:45:19 --> Config Class Initialized
INFO - 2024-12-26 14:45:19 --> Hooks Class Initialized
DEBUG - 2024-12-26 14:45:19 --> UTF-8 Support Enabled
INFO - 2024-12-26 14:45:19 --> Utf8 Class Initialized
INFO - 2024-12-26 14:45:19 --> URI Class Initialized
INFO - 2024-12-26 14:45:19 --> Router Class Initialized
INFO - 2024-12-26 14:45:19 --> Output Class Initialized
INFO - 2024-12-26 14:45:19 --> Security Class Initialized
DEBUG - 2024-12-26 14:45:19 --> Global POST, GET and COOKIE data sanitized
INFO - 2024-12-26 14:45:19 --> Input Class Initialized
INFO - 2024-12-26 14:45:19 --> Language Class Initialized
INFO - 2024-12-26 14:45:19 --> Language Class Initialized
INFO - 2024-12-26 14:45:19 --> Config Class Initialized
INFO - 2024-12-26 14:45:19 --> Loader Class Initialized
INFO - 2024-12-26 14:45:19 --> Helper loaded: url_helper
INFO - 2024-12-26 14:45:19 --> Helper loaded: easyui_helper
INFO - 2024-12-26 14:45:19 --> Helper loaded: param_helper
INFO - 2024-12-26 14:45:19 --> Helper loaded: credential_helper
INFO - 2024-12-26 14:45:19 --> Helper loaded: template_helper
INFO - 2024-12-26 14:45:19 --> Helper loaded: rest_helper
INFO - 2024-12-26 14:45:19 --> Database Driver Class Initialized
DEBUG - 2024-12-26 14:45:19 --> Idgenerator class already loaded. Second attempt ignored.
INFO - 2024-12-26 14:45:19 --> Controller Class Initialized
INFO - 2024-12-26 14:45:19 --> Model Class Initialized
DEBUG - 2024-12-26 14:45:19 --> File loaded: /apps/web-drc/application/modules/ref_sales_salesman/models/Sales_salesman_model.php
INFO - 2024-12-26 14:45:19 --> Model Class Initialized
INFO - 2024-12-26 14:45:19 --> Final output sent to browser
DEBUG - 2024-12-26 14:45:19 --> Total execution time: 0.0080
