INFO - 2025-02-14 00:04:40 --> Config Class Initialized
INFO - 2025-02-14 00:04:40 --> Hooks Class Initialized
DEBUG - 2025-02-14 00:04:40 --> UTF-8 Support Enabled
INFO - 2025-02-14 00:04:40 --> Utf8 Class Initialized
INFO - 2025-02-14 00:04:40 --> URI Class Initialized
INFO - 2025-02-14 00:04:40 --> Router Class Initialized
INFO - 2025-02-14 00:04:40 --> Output Class Initialized
INFO - 2025-02-14 00:04:40 --> Security Class Initialized
DEBUG - 2025-02-14 00:04:40 --> Global POST, GET and COOKIE data sanitized
INFO - 2025-02-14 00:04:40 --> Input Class Initialized
INFO - 2025-02-14 00:04:40 --> Language Class Initialized
INFO - 2025-02-14 00:04:40 --> Language Class Initialized
INFO - 2025-02-14 00:04:40 --> Config Class Initialized
INFO - 2025-02-14 00:04:40 --> Loader Class Initialized
INFO - 2025-02-14 00:04:40 --> Helper loaded: url_helper
INFO - 2025-02-14 00:04:40 --> Helper loaded: easyui_helper
INFO - 2025-02-14 00:04:40 --> Helper loaded: param_helper
INFO - 2025-02-14 00:04:40 --> Helper loaded: credential_helper
INFO - 2025-02-14 00:04:40 --> Helper loaded: template_helper
INFO - 2025-02-14 00:04:40 --> Helper loaded: rest_helper
INFO - 2025-02-14 00:04:40 --> Database Driver Class Initialized
DEBUG - 2025-02-14 00:04:40 --> Idgenerator class already loaded. Second attempt ignored.
INFO - 2025-02-14 00:04:40 --> Controller Class Initialized
INFO - 2025-02-14 00:04:40 --> Model Class Initialized
DEBUG - 2025-02-14 00:04:40 --> File loaded: /apps/web-drc/application/modules/app_dashboard/models/App_dashboard_model.php
INFO - 2025-02-14 00:04:40 --> Model Class Initialized
INFO - 2025-02-14 00:04:40 --> Final output sent to browser
DEBUG - 2025-02-14 00:04:40 --> Total execution time: 0.0047
INFO - 2025-02-14 00:04:47 --> Config Class Initialized
INFO - 2025-02-14 00:04:47 --> Hooks Class Initialized
DEBUG - 2025-02-14 00:04:47 --> UTF-8 Support Enabled
INFO - 2025-02-14 00:04:47 --> Utf8 Class Initialized
INFO - 2025-02-14 00:04:47 --> URI Class Initialized
INFO - 2025-02-14 00:04:47 --> Router Class Initialized
INFO - 2025-02-14 00:04:47 --> Output Class Initialized
INFO - 2025-02-14 00:04:47 --> Security Class Initialized
DEBUG - 2025-02-14 00:04:47 --> Global POST, GET and COOKIE data sanitized
INFO - 2025-02-14 00:04:47 --> Input Class Initialized
INFO - 2025-02-14 00:04:47 --> Language Class Initialized
INFO - 2025-02-14 00:04:47 --> Language Class Initialized
INFO - 2025-02-14 00:04:47 --> Config Class Initialized
INFO - 2025-02-14 00:04:47 --> Loader Class Initialized
INFO - 2025-02-14 00:04:47 --> Helper loaded: url_helper
INFO - 2025-02-14 00:04:47 --> Helper loaded: easyui_helper
INFO - 2025-02-14 00:04:47 --> Helper loaded: param_helper
INFO - 2025-02-14 00:04:47 --> Helper loaded: credential_helper
INFO - 2025-02-14 00:04:47 --> Helper loaded: template_helper
INFO - 2025-02-14 00:04:47 --> Helper loaded: rest_helper
INFO - 2025-02-14 00:04:47 --> Database Driver Class Initialized
DEBUG - 2025-02-14 00:04:47 --> Idgenerator class already loaded. Second attempt ignored.
INFO - 2025-02-14 00:04:47 --> Controller Class Initialized
INFO - 2025-02-14 00:04:47 --> Model Class Initialized
DEBUG - 2025-02-14 00:04:47 --> File loaded: /apps/web-drc/application/modules/app_dashboard/models/App_dashboard_model.php
INFO - 2025-02-14 00:04:47 --> Model Class Initialized
INFO - 2025-02-14 00:04:47 --> Final output sent to browser
DEBUG - 2025-02-14 00:04:47 --> Total execution time: 0.0046
INFO - 2025-02-14 03:31:04 --> Config Class Initialized
INFO - 2025-02-14 03:31:04 --> Hooks Class Initialized
DEBUG - 2025-02-14 03:31:04 --> UTF-8 Support Enabled
INFO - 2025-02-14 03:31:04 --> Utf8 Class Initialized
INFO - 2025-02-14 03:31:04 --> URI Class Initialized
INFO - 2025-02-14 03:31:04 --> Router Class Initialized
INFO - 2025-02-14 03:31:04 --> Output Class Initialized
INFO - 2025-02-14 03:31:04 --> Security Class Initialized
DEBUG - 2025-02-14 03:31:04 --> Global POST, GET and COOKIE data sanitized
INFO - 2025-02-14 03:31:04 --> Input Class Initialized
INFO - 2025-02-14 03:31:04 --> Language Class Initialized
INFO - 2025-02-14 03:31:04 --> Language Class Initialized
INFO - 2025-02-14 03:31:04 --> Config Class Initialized
INFO - 2025-02-14 03:31:04 --> Loader Class Initialized
INFO - 2025-02-14 03:31:04 --> Helper loaded: url_helper
INFO - 2025-02-14 03:31:04 --> Helper loaded: easyui_helper
INFO - 2025-02-14 03:31:04 --> Helper loaded: param_helper
INFO - 2025-02-14 03:31:04 --> Helper loaded: credential_helper
INFO - 2025-02-14 03:31:04 --> Helper loaded: template_helper
INFO - 2025-02-14 03:31:04 --> Helper loaded: rest_helper
INFO - 2025-02-14 03:31:04 --> Database Driver Class Initialized
DEBUG - 2025-02-14 03:31:04 --> Idgenerator class already loaded. Second attempt ignored.
INFO - 2025-02-14 03:31:04 --> Controller Class Initialized
INFO - 2025-02-14 03:31:04 --> Model Class Initialized
DEBUG - 2025-02-14 03:31:04 --> File loaded: /apps/web-drc/application/modules/conf_setup_pjp/models/Setup_pjp_model.php
INFO - 2025-02-14 03:31:04 --> Model Class Initialized
DEBUG - 2025-02-14 03:31:04 --> File loaded: /apps/web-drc/application/modules/conf_setup_pjp/views/content.php
DEBUG - 2025-02-14 03:31:04 --> File loaded: /apps/web-drc/application/views/templates/header.php
DEBUG - 2025-02-14 03:31:04 --> File loaded: /apps/web-drc/application/views/templates/toolbar.php
DEBUG - 2025-02-14 03:31:04 --> File loaded: /apps/web-drc/application/views/templates/sidebar.php
DEBUG - 2025-02-14 03:31:04 --> File loaded: /apps/web-drc/application/views/templates/contents.php
DEBUG - 2025-02-14 03:31:04 --> File loaded: /apps/web-drc/application/views/templates/content_footer.php
DEBUG - 2025-02-14 03:31:04 --> File loaded: /apps/web-drc/application/views/templates/footer.php
INFO - 2025-02-14 03:31:04 --> Config Class Initialized
INFO - 2025-02-14 03:31:04 --> Hooks Class Initialized
DEBUG - 2025-02-14 03:31:04 --> UTF-8 Support Enabled
INFO - 2025-02-14 03:31:04 --> Utf8 Class Initialized
INFO - 2025-02-14 03:31:04 --> URI Class Initialized
DEBUG - 2025-02-14 03:31:04 --> No URI present. Default controller set.
INFO - 2025-02-14 03:31:04 --> Router Class Initialized
INFO - 2025-02-14 03:31:04 --> Output Class Initialized
INFO - 2025-02-14 03:31:04 --> Security Class Initialized
DEBUG - 2025-02-14 03:31:04 --> Global POST, GET and COOKIE data sanitized
INFO - 2025-02-14 03:31:04 --> Input Class Initialized
INFO - 2025-02-14 03:31:04 --> Language Class Initialized
INFO - 2025-02-14 03:31:04 --> Language Class Initialized
INFO - 2025-02-14 03:31:04 --> Config Class Initialized
INFO - 2025-02-14 03:31:04 --> Loader Class Initialized
INFO - 2025-02-14 03:31:04 --> Helper loaded: url_helper
INFO - 2025-02-14 03:31:04 --> Helper loaded: easyui_helper
INFO - 2025-02-14 03:31:04 --> Helper loaded: param_helper
INFO - 2025-02-14 03:31:04 --> Helper loaded: credential_helper
INFO - 2025-02-14 03:31:04 --> Helper loaded: template_helper
INFO - 2025-02-14 03:31:04 --> Helper loaded: rest_helper
INFO - 2025-02-14 03:31:04 --> Database Driver Class Initialized
DEBUG - 2025-02-14 03:31:04 --> Idgenerator class already loaded. Second attempt ignored.
INFO - 2025-02-14 03:31:04 --> Controller Class Initialized
DEBUG - 2025-02-14 03:31:04 --> File loaded: /apps/web-drc/application/modules/app_auth/views/login_lte_template.php
DEBUG - 2025-02-14 03:31:04 --> File loaded: /apps/web-drc/application/views/template_login_lte/header.php
DEBUG - 2025-02-14 03:31:04 --> File loaded: /apps/web-drc/application/views/template_login_lte/contents.php
DEBUG - 2025-02-14 03:31:04 --> File loaded: /apps/web-drc/application/views/template_login_lte/default.php
INFO - 2025-02-14 03:31:04 --> Final output sent to browser
DEBUG - 2025-02-14 03:31:04 --> Total execution time: 0.0035
INFO - 2025-02-14 03:31:06 --> Config Class Initialized
INFO - 2025-02-14 03:31:06 --> Hooks Class Initialized
DEBUG - 2025-02-14 03:31:06 --> UTF-8 Support Enabled
INFO - 2025-02-14 03:31:06 --> Utf8 Class Initialized
INFO - 2025-02-14 03:31:06 --> URI Class Initialized
INFO - 2025-02-14 03:31:06 --> Router Class Initialized
INFO - 2025-02-14 03:31:06 --> Output Class Initialized
INFO - 2025-02-14 03:31:06 --> Security Class Initialized
DEBUG - 2025-02-14 03:31:06 --> Global POST, GET and COOKIE data sanitized
INFO - 2025-02-14 03:31:06 --> Input Class Initialized
INFO - 2025-02-14 03:31:06 --> Language Class Initialized
INFO - 2025-02-14 03:31:06 --> Language Class Initialized
INFO - 2025-02-14 03:31:06 --> Config Class Initialized
INFO - 2025-02-14 03:31:06 --> Loader Class Initialized
INFO - 2025-02-14 03:31:06 --> Helper loaded: url_helper
INFO - 2025-02-14 03:31:06 --> Helper loaded: easyui_helper
INFO - 2025-02-14 03:31:06 --> Helper loaded: param_helper
INFO - 2025-02-14 03:31:06 --> Helper loaded: credential_helper
INFO - 2025-02-14 03:31:06 --> Helper loaded: template_helper
INFO - 2025-02-14 03:31:06 --> Helper loaded: rest_helper
INFO - 2025-02-14 03:31:06 --> Database Driver Class Initialized
DEBUG - 2025-02-14 03:31:06 --> Idgenerator class already loaded. Second attempt ignored.
INFO - 2025-02-14 03:31:06 --> Controller Class Initialized
INFO - 2025-02-14 03:31:06 --> Final output sent to browser
DEBUG - 2025-02-14 03:31:06 --> Total execution time: 0.0053
INFO - 2025-02-14 03:31:06 --> Config Class Initialized
INFO - 2025-02-14 03:31:06 --> Hooks Class Initialized
DEBUG - 2025-02-14 03:31:06 --> UTF-8 Support Enabled
INFO - 2025-02-14 03:31:06 --> Utf8 Class Initialized
INFO - 2025-02-14 03:31:06 --> URI Class Initialized
INFO - 2025-02-14 03:31:06 --> Router Class Initialized
INFO - 2025-02-14 03:31:06 --> Output Class Initialized
INFO - 2025-02-14 03:31:06 --> Security Class Initialized
DEBUG - 2025-02-14 03:31:06 --> Global POST, GET and COOKIE data sanitized
INFO - 2025-02-14 03:31:06 --> Input Class Initialized
INFO - 2025-02-14 03:31:06 --> Language Class Initialized
INFO - 2025-02-14 03:31:06 --> Language Class Initialized
INFO - 2025-02-14 03:31:06 --> Config Class Initialized
INFO - 2025-02-14 03:31:06 --> Loader Class Initialized
INFO - 2025-02-14 03:31:06 --> Helper loaded: url_helper
INFO - 2025-02-14 03:31:06 --> Helper loaded: easyui_helper
INFO - 2025-02-14 03:31:06 --> Helper loaded: param_helper
INFO - 2025-02-14 03:31:06 --> Helper loaded: credential_helper
INFO - 2025-02-14 03:31:06 --> Helper loaded: template_helper
INFO - 2025-02-14 03:31:06 --> Helper loaded: rest_helper
INFO - 2025-02-14 03:31:06 --> Database Driver Class Initialized
DEBUG - 2025-02-14 03:31:06 --> Idgenerator class already loaded. Second attempt ignored.
INFO - 2025-02-14 03:31:06 --> Controller Class Initialized
INFO - 2025-02-14 03:31:06 --> Model Class Initialized
DEBUG - 2025-02-14 03:31:06 --> File loaded: /apps/web-drc/application/modules/app_dashboard/models/App_dashboard_model.php
INFO - 2025-02-14 03:31:06 --> Model Class Initialized
DEBUG - 2025-02-14 03:31:06 --> File loaded: /apps/web-drc/application/modules/app_dashboard/views/content.php
DEBUG - 2025-02-14 03:31:06 --> File loaded: /apps/web-drc/application/views/templates/header.php
DEBUG - 2025-02-14 03:31:06 --> File loaded: /apps/web-drc/application/views/templates/toolbar.php
DEBUG - 2025-02-14 03:31:06 --> File loaded: /apps/web-drc/application/views/templates/sidebar.php
DEBUG - 2025-02-14 03:31:06 --> File loaded: /apps/web-drc/application/views/templates/contents.php
DEBUG - 2025-02-14 03:31:06 --> File loaded: /apps/web-drc/application/views/templates/content_footer.php
DEBUG - 2025-02-14 03:31:06 --> File loaded: /apps/web-drc/application/views/templates/footer.php
DEBUG - 2025-02-14 03:31:06 --> File loaded: /apps/web-drc/application/views/templates/default.php
INFO - 2025-02-14 03:31:06 --> Final output sent to browser
DEBUG - 2025-02-14 03:31:06 --> Total execution time: 0.0064
INFO - 2025-02-14 03:31:06 --> Config Class Initialized
INFO - 2025-02-14 03:31:06 --> Hooks Class Initialized
DEBUG - 2025-02-14 03:31:06 --> UTF-8 Support Enabled
INFO - 2025-02-14 03:31:06 --> Utf8 Class Initialized
INFO - 2025-02-14 03:31:06 --> URI Class Initialized
INFO - 2025-02-14 03:31:06 --> Router Class Initialized
INFO - 2025-02-14 03:31:06 --> Output Class Initialized
INFO - 2025-02-14 03:31:06 --> Security Class Initialized
DEBUG - 2025-02-14 03:31:06 --> Global POST, GET and COOKIE data sanitized
INFO - 2025-02-14 03:31:06 --> Input Class Initialized
INFO - 2025-02-14 03:31:06 --> Language Class Initialized
INFO - 2025-02-14 03:31:06 --> Language Class Initialized
INFO - 2025-02-14 03:31:06 --> Config Class Initialized
INFO - 2025-02-14 03:31:06 --> Loader Class Initialized
INFO - 2025-02-14 03:31:06 --> Helper loaded: url_helper
INFO - 2025-02-14 03:31:06 --> Helper loaded: easyui_helper
INFO - 2025-02-14 03:31:06 --> Helper loaded: param_helper
INFO - 2025-02-14 03:31:06 --> Helper loaded: credential_helper
INFO - 2025-02-14 03:31:06 --> Helper loaded: template_helper
INFO - 2025-02-14 03:31:06 --> Helper loaded: rest_helper
INFO - 2025-02-14 03:31:06 --> Database Driver Class Initialized
DEBUG - 2025-02-14 03:31:06 --> Idgenerator class already loaded. Second attempt ignored.
INFO - 2025-02-14 03:31:06 --> Controller Class Initialized
INFO - 2025-02-14 03:31:06 --> Model Class Initialized
DEBUG - 2025-02-14 03:31:06 --> File loaded: /apps/web-drc/application/modules/app_dashboard/models/App_dashboard_model.php
INFO - 2025-02-14 03:31:06 --> Model Class Initialized
INFO - 2025-02-14 03:31:06 --> Final output sent to browser
DEBUG - 2025-02-14 03:31:06 --> Total execution time: 0.0048
INFO - 2025-02-14 03:31:06 --> Config Class Initialized
INFO - 2025-02-14 03:31:06 --> Hooks Class Initialized
DEBUG - 2025-02-14 03:31:06 --> UTF-8 Support Enabled
INFO - 2025-02-14 03:31:06 --> Utf8 Class Initialized
INFO - 2025-02-14 03:31:06 --> URI Class Initialized
INFO - 2025-02-14 03:31:06 --> Router Class Initialized
INFO - 2025-02-14 03:31:06 --> Output Class Initialized
INFO - 2025-02-14 03:31:06 --> Security Class Initialized
DEBUG - 2025-02-14 03:31:06 --> Global POST, GET and COOKIE data sanitized
INFO - 2025-02-14 03:31:06 --> Input Class Initialized
INFO - 2025-02-14 03:31:06 --> Language Class Initialized
INFO - 2025-02-14 03:31:06 --> Language Class Initialized
INFO - 2025-02-14 03:31:06 --> Config Class Initialized
INFO - 2025-02-14 03:31:06 --> Loader Class Initialized
INFO - 2025-02-14 03:31:06 --> Helper loaded: url_helper
INFO - 2025-02-14 03:31:06 --> Helper loaded: easyui_helper
INFO - 2025-02-14 03:31:06 --> Helper loaded: param_helper
INFO - 2025-02-14 03:31:06 --> Helper loaded: credential_helper
INFO - 2025-02-14 03:31:06 --> Helper loaded: template_helper
INFO - 2025-02-14 03:31:06 --> Helper loaded: rest_helper
INFO - 2025-02-14 03:31:06 --> Database Driver Class Initialized
DEBUG - 2025-02-14 03:31:06 --> Idgenerator class already loaded. Second attempt ignored.
INFO - 2025-02-14 03:31:06 --> Controller Class Initialized
INFO - 2025-02-14 03:31:06 --> Model Class Initialized
DEBUG - 2025-02-14 03:31:06 --> File loaded: /apps/web-drc/application/modules/api_v1/models/Api_v1_model.php
INFO - 2025-02-14 03:31:06 --> Model Class Initialized
INFO - 2025-02-14 03:31:06 --> Final output sent to browser
DEBUG - 2025-02-14 03:31:06 --> Total execution time: 0.0034
INFO - 2025-02-14 03:31:16 --> Config Class Initialized
INFO - 2025-02-14 03:31:16 --> Hooks Class Initialized
DEBUG - 2025-02-14 03:31:16 --> UTF-8 Support Enabled
INFO - 2025-02-14 03:31:16 --> Utf8 Class Initialized
INFO - 2025-02-14 03:31:16 --> URI Class Initialized
INFO - 2025-02-14 03:31:16 --> Router Class Initialized
INFO - 2025-02-14 03:31:16 --> Output Class Initialized
INFO - 2025-02-14 03:31:16 --> Security Class Initialized
DEBUG - 2025-02-14 03:31:16 --> Global POST, GET and COOKIE data sanitized
INFO - 2025-02-14 03:31:16 --> Input Class Initialized
INFO - 2025-02-14 03:31:16 --> Language Class Initialized
INFO - 2025-02-14 03:31:16 --> Language Class Initialized
INFO - 2025-02-14 03:31:16 --> Config Class Initialized
INFO - 2025-02-14 03:31:16 --> Loader Class Initialized
INFO - 2025-02-14 03:31:16 --> Helper loaded: url_helper
INFO - 2025-02-14 03:31:16 --> Helper loaded: easyui_helper
INFO - 2025-02-14 03:31:16 --> Helper loaded: param_helper
INFO - 2025-02-14 03:31:16 --> Helper loaded: credential_helper
INFO - 2025-02-14 03:31:16 --> Helper loaded: template_helper
INFO - 2025-02-14 03:31:16 --> Helper loaded: rest_helper
INFO - 2025-02-14 03:31:16 --> Database Driver Class Initialized
DEBUG - 2025-02-14 03:31:16 --> Idgenerator class already loaded. Second attempt ignored.
INFO - 2025-02-14 03:31:16 --> Controller Class Initialized
INFO - 2025-02-14 03:31:16 --> Model Class Initialized
DEBUG - 2025-02-14 03:31:16 --> File loaded: /apps/web-drc/application/modules/conf_setup_pjp/models/Setup_pjp_model.php
INFO - 2025-02-14 03:31:16 --> Model Class Initialized
DEBUG - 2025-02-14 03:31:16 --> File loaded: /apps/web-drc/application/modules/conf_setup_pjp/views/content.php
DEBUG - 2025-02-14 03:31:16 --> File loaded: /apps/web-drc/application/views/templates/header.php
DEBUG - 2025-02-14 03:31:16 --> File loaded: /apps/web-drc/application/views/templates/toolbar.php
DEBUG - 2025-02-14 03:31:16 --> File loaded: /apps/web-drc/application/views/templates/sidebar.php
DEBUG - 2025-02-14 03:31:16 --> File loaded: /apps/web-drc/application/views/templates/contents.php
DEBUG - 2025-02-14 03:31:16 --> File loaded: /apps/web-drc/application/views/templates/content_footer.php
DEBUG - 2025-02-14 03:31:16 --> File loaded: /apps/web-drc/application/views/templates/footer.php
DEBUG - 2025-02-14 03:31:16 --> File loaded: /apps/web-drc/application/views/templates/default.php
INFO - 2025-02-14 03:31:16 --> Final output sent to browser
DEBUG - 2025-02-14 03:31:16 --> Total execution time: 0.0060
INFO - 2025-02-14 03:31:16 --> Config Class Initialized
INFO - 2025-02-14 03:31:16 --> Hooks Class Initialized
DEBUG - 2025-02-14 03:31:16 --> UTF-8 Support Enabled
INFO - 2025-02-14 03:31:16 --> Utf8 Class Initialized
INFO - 2025-02-14 03:31:16 --> URI Class Initialized
INFO - 2025-02-14 03:31:16 --> Router Class Initialized
INFO - 2025-02-14 03:31:16 --> Output Class Initialized
INFO - 2025-02-14 03:31:16 --> Security Class Initialized
DEBUG - 2025-02-14 03:31:16 --> Global POST, GET and COOKIE data sanitized
INFO - 2025-02-14 03:31:16 --> Input Class Initialized
INFO - 2025-02-14 03:31:16 --> Language Class Initialized
INFO - 2025-02-14 03:31:16 --> Language Class Initialized
INFO - 2025-02-14 03:31:16 --> Config Class Initialized
INFO - 2025-02-14 03:31:16 --> Loader Class Initialized
INFO - 2025-02-14 03:31:16 --> Helper loaded: url_helper
INFO - 2025-02-14 03:31:16 --> Helper loaded: easyui_helper
INFO - 2025-02-14 03:31:16 --> Helper loaded: param_helper
INFO - 2025-02-14 03:31:16 --> Helper loaded: credential_helper
INFO - 2025-02-14 03:31:16 --> Helper loaded: template_helper
INFO - 2025-02-14 03:31:16 --> Helper loaded: rest_helper
INFO - 2025-02-14 03:31:16 --> Database Driver Class Initialized
DEBUG - 2025-02-14 03:31:16 --> Idgenerator class already loaded. Second attempt ignored.
INFO - 2025-02-14 03:31:16 --> Controller Class Initialized
INFO - 2025-02-14 03:31:16 --> Model Class Initialized
DEBUG - 2025-02-14 03:31:16 --> File loaded: /apps/web-drc/application/modules/conf_setup_pjp/models/Setup_pjp_model.php
INFO - 2025-02-14 03:31:16 --> Model Class Initialized
INFO - 2025-02-14 03:31:20 --> Final output sent to browser
DEBUG - 2025-02-14 03:31:20 --> Total execution time: 4.1814
INFO - 2025-02-14 07:52:17 --> Config Class Initialized
INFO - 2025-02-14 07:52:17 --> Hooks Class Initialized
DEBUG - 2025-02-14 07:52:17 --> UTF-8 Support Enabled
INFO - 2025-02-14 07:52:17 --> Utf8 Class Initialized
INFO - 2025-02-14 07:52:17 --> URI Class Initialized
DEBUG - 2025-02-14 07:52:17 --> No URI present. Default controller set.
INFO - 2025-02-14 07:52:17 --> Router Class Initialized
INFO - 2025-02-14 07:52:17 --> Output Class Initialized
INFO - 2025-02-14 07:52:17 --> Security Class Initialized
DEBUG - 2025-02-14 07:52:17 --> Global POST, GET and COOKIE data sanitized
INFO - 2025-02-14 07:52:17 --> Input Class Initialized
INFO - 2025-02-14 07:52:17 --> Language Class Initialized
INFO - 2025-02-14 07:52:17 --> Language Class Initialized
INFO - 2025-02-14 07:52:17 --> Config Class Initialized
INFO - 2025-02-14 07:52:17 --> Loader Class Initialized
INFO - 2025-02-14 07:52:17 --> Helper loaded: url_helper
INFO - 2025-02-14 07:52:17 --> Helper loaded: easyui_helper
INFO - 2025-02-14 07:52:17 --> Helper loaded: param_helper
INFO - 2025-02-14 07:52:17 --> Helper loaded: credential_helper
INFO - 2025-02-14 07:52:17 --> Helper loaded: template_helper
INFO - 2025-02-14 07:52:17 --> Helper loaded: rest_helper
INFO - 2025-02-14 07:52:17 --> Database Driver Class Initialized
DEBUG - 2025-02-14 07:52:17 --> Idgenerator class already loaded. Second attempt ignored.
INFO - 2025-02-14 07:52:17 --> Controller Class Initialized
DEBUG - 2025-02-14 07:52:17 --> File loaded: /apps/web-drc/application/modules/app_auth/views/login_lte_template.php
DEBUG - 2025-02-14 07:52:17 --> File loaded: /apps/web-drc/application/views/template_login_lte/header.php
DEBUG - 2025-02-14 07:52:17 --> File loaded: /apps/web-drc/application/views/template_login_lte/contents.php
DEBUG - 2025-02-14 07:52:17 --> File loaded: /apps/web-drc/application/views/template_login_lte/default.php
INFO - 2025-02-14 07:52:17 --> Final output sent to browser
DEBUG - 2025-02-14 07:52:17 --> Total execution time: 0.0354
INFO - 2025-02-14 07:55:08 --> Config Class Initialized
INFO - 2025-02-14 07:55:08 --> Hooks Class Initialized
DEBUG - 2025-02-14 07:55:08 --> UTF-8 Support Enabled
INFO - 2025-02-14 07:55:08 --> Utf8 Class Initialized
INFO - 2025-02-14 07:55:08 --> URI Class Initialized
INFO - 2025-02-14 07:55:08 --> Router Class Initialized
INFO - 2025-02-14 07:55:08 --> Output Class Initialized
INFO - 2025-02-14 07:55:08 --> Security Class Initialized
DEBUG - 2025-02-14 07:55:08 --> Global POST, GET and COOKIE data sanitized
INFO - 2025-02-14 07:55:08 --> Input Class Initialized
INFO - 2025-02-14 07:55:08 --> Language Class Initialized
INFO - 2025-02-14 07:55:08 --> Language Class Initialized
INFO - 2025-02-14 07:55:08 --> Config Class Initialized
INFO - 2025-02-14 07:55:08 --> Loader Class Initialized
INFO - 2025-02-14 07:55:08 --> Helper loaded: url_helper
INFO - 2025-02-14 07:55:08 --> Helper loaded: easyui_helper
INFO - 2025-02-14 07:55:08 --> Helper loaded: param_helper
INFO - 2025-02-14 07:55:08 --> Helper loaded: credential_helper
INFO - 2025-02-14 07:55:08 --> Helper loaded: template_helper
INFO - 2025-02-14 07:55:08 --> Helper loaded: rest_helper
INFO - 2025-02-14 07:55:08 --> Database Driver Class Initialized
DEBUG - 2025-02-14 07:55:08 --> Idgenerator class already loaded. Second attempt ignored.
INFO - 2025-02-14 07:55:08 --> Controller Class Initialized
INFO - 2025-02-14 07:55:08 --> Model Class Initialized
DEBUG - 2025-02-14 07:55:08 --> File loaded: /apps/web-drc/application/modules/app_dashboard/models/App_dashboard_model.php
INFO - 2025-02-14 07:55:08 --> Model Class Initialized
DEBUG - 2025-02-14 07:55:08 --> File loaded: /apps/web-drc/application/modules/app_dashboard/views/content.php
DEBUG - 2025-02-14 07:55:08 --> File loaded: /apps/web-drc/application/views/templates/header.php
DEBUG - 2025-02-14 07:55:08 --> File loaded: /apps/web-drc/application/views/templates/toolbar.php
DEBUG - 2025-02-14 07:55:08 --> File loaded: /apps/web-drc/application/views/templates/sidebar.php
DEBUG - 2025-02-14 07:55:08 --> File loaded: /apps/web-drc/application/views/templates/contents.php
DEBUG - 2025-02-14 07:55:08 --> File loaded: /apps/web-drc/application/views/templates/content_footer.php
DEBUG - 2025-02-14 07:55:08 --> File loaded: /apps/web-drc/application/views/templates/footer.php
INFO - 2025-02-14 07:55:08 --> Config Class Initialized
INFO - 2025-02-14 07:55:08 --> Hooks Class Initialized
DEBUG - 2025-02-14 07:55:08 --> UTF-8 Support Enabled
INFO - 2025-02-14 07:55:08 --> Utf8 Class Initialized
INFO - 2025-02-14 07:55:08 --> URI Class Initialized
DEBUG - 2025-02-14 07:55:08 --> No URI present. Default controller set.
INFO - 2025-02-14 07:55:08 --> Router Class Initialized
INFO - 2025-02-14 07:55:08 --> Output Class Initialized
INFO - 2025-02-14 07:55:08 --> Security Class Initialized
DEBUG - 2025-02-14 07:55:08 --> Global POST, GET and COOKIE data sanitized
INFO - 2025-02-14 07:55:08 --> Input Class Initialized
INFO - 2025-02-14 07:55:08 --> Language Class Initialized
INFO - 2025-02-14 07:55:08 --> Language Class Initialized
INFO - 2025-02-14 07:55:08 --> Config Class Initialized
INFO - 2025-02-14 07:55:08 --> Loader Class Initialized
INFO - 2025-02-14 07:55:08 --> Helper loaded: url_helper
INFO - 2025-02-14 07:55:08 --> Helper loaded: easyui_helper
INFO - 2025-02-14 07:55:08 --> Helper loaded: param_helper
INFO - 2025-02-14 07:55:08 --> Helper loaded: credential_helper
INFO - 2025-02-14 07:55:08 --> Helper loaded: template_helper
INFO - 2025-02-14 07:55:08 --> Helper loaded: rest_helper
INFO - 2025-02-14 07:55:08 --> Database Driver Class Initialized
DEBUG - 2025-02-14 07:55:08 --> Idgenerator class already loaded. Second attempt ignored.
INFO - 2025-02-14 07:55:08 --> Controller Class Initialized
DEBUG - 2025-02-14 07:55:08 --> File loaded: /apps/web-drc/application/modules/app_auth/views/login_lte_template.php
DEBUG - 2025-02-14 07:55:08 --> File loaded: /apps/web-drc/application/views/template_login_lte/header.php
DEBUG - 2025-02-14 07:55:08 --> File loaded: /apps/web-drc/application/views/template_login_lte/contents.php
DEBUG - 2025-02-14 07:55:08 --> File loaded: /apps/web-drc/application/views/template_login_lte/default.php
INFO - 2025-02-14 07:55:08 --> Final output sent to browser
DEBUG - 2025-02-14 07:55:08 --> Total execution time: 0.0044
INFO - 2025-02-14 07:55:10 --> Config Class Initialized
INFO - 2025-02-14 07:55:10 --> Hooks Class Initialized
DEBUG - 2025-02-14 07:55:10 --> UTF-8 Support Enabled
INFO - 2025-02-14 07:55:10 --> Utf8 Class Initialized
INFO - 2025-02-14 07:55:10 --> URI Class Initialized
INFO - 2025-02-14 07:55:10 --> Router Class Initialized
INFO - 2025-02-14 07:55:10 --> Output Class Initialized
INFO - 2025-02-14 07:55:10 --> Security Class Initialized
DEBUG - 2025-02-14 07:55:10 --> Global POST, GET and COOKIE data sanitized
INFO - 2025-02-14 07:55:10 --> Input Class Initialized
INFO - 2025-02-14 07:55:10 --> Language Class Initialized
INFO - 2025-02-14 07:55:10 --> Language Class Initialized
INFO - 2025-02-14 07:55:10 --> Config Class Initialized
INFO - 2025-02-14 07:55:10 --> Loader Class Initialized
INFO - 2025-02-14 07:55:10 --> Helper loaded: url_helper
INFO - 2025-02-14 07:55:10 --> Helper loaded: easyui_helper
INFO - 2025-02-14 07:55:10 --> Helper loaded: param_helper
INFO - 2025-02-14 07:55:10 --> Helper loaded: credential_helper
INFO - 2025-02-14 07:55:10 --> Helper loaded: template_helper
INFO - 2025-02-14 07:55:10 --> Helper loaded: rest_helper
INFO - 2025-02-14 07:55:10 --> Database Driver Class Initialized
DEBUG - 2025-02-14 07:55:10 --> Idgenerator class already loaded. Second attempt ignored.
INFO - 2025-02-14 07:55:10 --> Controller Class Initialized
INFO - 2025-02-14 07:55:10 --> Final output sent to browser
DEBUG - 2025-02-14 07:55:10 --> Total execution time: 0.0053
INFO - 2025-02-14 07:55:11 --> Config Class Initialized
INFO - 2025-02-14 07:55:11 --> Hooks Class Initialized
DEBUG - 2025-02-14 07:55:11 --> UTF-8 Support Enabled
INFO - 2025-02-14 07:55:11 --> Utf8 Class Initialized
INFO - 2025-02-14 07:55:11 --> URI Class Initialized
INFO - 2025-02-14 07:55:11 --> Router Class Initialized
INFO - 2025-02-14 07:55:11 --> Output Class Initialized
INFO - 2025-02-14 07:55:11 --> Security Class Initialized
DEBUG - 2025-02-14 07:55:11 --> Global POST, GET and COOKIE data sanitized
INFO - 2025-02-14 07:55:11 --> Input Class Initialized
INFO - 2025-02-14 07:55:11 --> Language Class Initialized
INFO - 2025-02-14 07:55:11 --> Language Class Initialized
INFO - 2025-02-14 07:55:11 --> Config Class Initialized
INFO - 2025-02-14 07:55:11 --> Loader Class Initialized
INFO - 2025-02-14 07:55:11 --> Helper loaded: url_helper
INFO - 2025-02-14 07:55:11 --> Helper loaded: easyui_helper
INFO - 2025-02-14 07:55:11 --> Helper loaded: param_helper
INFO - 2025-02-14 07:55:11 --> Helper loaded: credential_helper
INFO - 2025-02-14 07:55:11 --> Helper loaded: template_helper
INFO - 2025-02-14 07:55:11 --> Helper loaded: rest_helper
INFO - 2025-02-14 07:55:11 --> Database Driver Class Initialized
DEBUG - 2025-02-14 07:55:11 --> Idgenerator class already loaded. Second attempt ignored.
INFO - 2025-02-14 07:55:11 --> Controller Class Initialized
INFO - 2025-02-14 07:55:11 --> Model Class Initialized
DEBUG - 2025-02-14 07:55:11 --> File loaded: /apps/web-drc/application/modules/app_dashboard/models/App_dashboard_model.php
INFO - 2025-02-14 07:55:11 --> Model Class Initialized
DEBUG - 2025-02-14 07:55:11 --> File loaded: /apps/web-drc/application/modules/app_dashboard/views/content.php
DEBUG - 2025-02-14 07:55:11 --> File loaded: /apps/web-drc/application/views/templates/header.php
DEBUG - 2025-02-14 07:55:11 --> File loaded: /apps/web-drc/application/views/templates/toolbar.php
DEBUG - 2025-02-14 07:55:11 --> File loaded: /apps/web-drc/application/views/templates/sidebar.php
DEBUG - 2025-02-14 07:55:11 --> File loaded: /apps/web-drc/application/views/templates/contents.php
DEBUG - 2025-02-14 07:55:11 --> File loaded: /apps/web-drc/application/views/templates/content_footer.php
DEBUG - 2025-02-14 07:55:11 --> File loaded: /apps/web-drc/application/views/templates/footer.php
DEBUG - 2025-02-14 07:55:11 --> File loaded: /apps/web-drc/application/views/templates/default.php
INFO - 2025-02-14 07:55:11 --> Final output sent to browser
DEBUG - 2025-02-14 07:55:11 --> Total execution time: 0.0085
INFO - 2025-02-14 07:55:11 --> Config Class Initialized
INFO - 2025-02-14 07:55:11 --> Hooks Class Initialized
DEBUG - 2025-02-14 07:55:11 --> UTF-8 Support Enabled
INFO - 2025-02-14 07:55:11 --> Utf8 Class Initialized
INFO - 2025-02-14 07:55:11 --> URI Class Initialized
INFO - 2025-02-14 07:55:11 --> Router Class Initialized
INFO - 2025-02-14 07:55:11 --> Output Class Initialized
INFO - 2025-02-14 07:55:11 --> Security Class Initialized
DEBUG - 2025-02-14 07:55:11 --> Global POST, GET and COOKIE data sanitized
INFO - 2025-02-14 07:55:11 --> Input Class Initialized
INFO - 2025-02-14 07:55:11 --> Language Class Initialized
INFO - 2025-02-14 07:55:11 --> Language Class Initialized
INFO - 2025-02-14 07:55:11 --> Config Class Initialized
INFO - 2025-02-14 07:55:11 --> Loader Class Initialized
INFO - 2025-02-14 07:55:11 --> Helper loaded: url_helper
INFO - 2025-02-14 07:55:11 --> Helper loaded: easyui_helper
INFO - 2025-02-14 07:55:11 --> Helper loaded: param_helper
INFO - 2025-02-14 07:55:11 --> Helper loaded: credential_helper
INFO - 2025-02-14 07:55:11 --> Helper loaded: template_helper
INFO - 2025-02-14 07:55:11 --> Helper loaded: rest_helper
INFO - 2025-02-14 07:55:11 --> Database Driver Class Initialized
DEBUG - 2025-02-14 07:55:11 --> Idgenerator class already loaded. Second attempt ignored.
INFO - 2025-02-14 07:55:11 --> Controller Class Initialized
INFO - 2025-02-14 07:55:11 --> Model Class Initialized
DEBUG - 2025-02-14 07:55:11 --> File loaded: /apps/web-drc/application/modules/app_dashboard/models/App_dashboard_model.php
INFO - 2025-02-14 07:55:11 --> Model Class Initialized
INFO - 2025-02-14 07:55:11 --> Final output sent to browser
DEBUG - 2025-02-14 07:55:11 --> Total execution time: 0.0075
INFO - 2025-02-14 07:55:11 --> Config Class Initialized
INFO - 2025-02-14 07:55:11 --> Hooks Class Initialized
DEBUG - 2025-02-14 07:55:11 --> UTF-8 Support Enabled
INFO - 2025-02-14 07:55:11 --> Utf8 Class Initialized
INFO - 2025-02-14 07:55:11 --> URI Class Initialized
INFO - 2025-02-14 07:55:11 --> Router Class Initialized
INFO - 2025-02-14 07:55:11 --> Output Class Initialized
INFO - 2025-02-14 07:55:11 --> Security Class Initialized
DEBUG - 2025-02-14 07:55:11 --> Global POST, GET and COOKIE data sanitized
INFO - 2025-02-14 07:55:11 --> Input Class Initialized
INFO - 2025-02-14 07:55:11 --> Language Class Initialized
INFO - 2025-02-14 07:55:11 --> Language Class Initialized
INFO - 2025-02-14 07:55:11 --> Config Class Initialized
INFO - 2025-02-14 07:55:11 --> Loader Class Initialized
INFO - 2025-02-14 07:55:11 --> Helper loaded: url_helper
INFO - 2025-02-14 07:55:11 --> Helper loaded: easyui_helper
INFO - 2025-02-14 07:55:11 --> Helper loaded: param_helper
INFO - 2025-02-14 07:55:11 --> Helper loaded: credential_helper
INFO - 2025-02-14 07:55:11 --> Helper loaded: template_helper
INFO - 2025-02-14 07:55:11 --> Helper loaded: rest_helper
INFO - 2025-02-14 07:55:11 --> Database Driver Class Initialized
DEBUG - 2025-02-14 07:55:11 --> Idgenerator class already loaded. Second attempt ignored.
INFO - 2025-02-14 07:55:11 --> Controller Class Initialized
INFO - 2025-02-14 07:55:11 --> Model Class Initialized
DEBUG - 2025-02-14 07:55:11 --> File loaded: /apps/web-drc/application/modules/api_v1/models/Api_v1_model.php
INFO - 2025-02-14 07:55:11 --> Model Class Initialized
INFO - 2025-02-14 07:55:11 --> Final output sent to browser
DEBUG - 2025-02-14 07:55:11 --> Total execution time: 0.0088
INFO - 2025-02-14 07:56:50 --> Config Class Initialized
INFO - 2025-02-14 07:56:50 --> Hooks Class Initialized
DEBUG - 2025-02-14 07:56:50 --> UTF-8 Support Enabled
INFO - 2025-02-14 07:56:50 --> Utf8 Class Initialized
INFO - 2025-02-14 07:56:50 --> URI Class Initialized
INFO - 2025-02-14 07:56:50 --> Router Class Initialized
INFO - 2025-02-14 07:56:50 --> Output Class Initialized
INFO - 2025-02-14 07:56:50 --> Security Class Initialized
DEBUG - 2025-02-14 07:56:50 --> Global POST, GET and COOKIE data sanitized
INFO - 2025-02-14 07:56:50 --> Input Class Initialized
INFO - 2025-02-14 07:56:50 --> Language Class Initialized
INFO - 2025-02-14 07:56:50 --> Language Class Initialized
INFO - 2025-02-14 07:56:50 --> Config Class Initialized
INFO - 2025-02-14 07:56:50 --> Loader Class Initialized
INFO - 2025-02-14 07:56:50 --> Helper loaded: url_helper
INFO - 2025-02-14 07:56:50 --> Helper loaded: easyui_helper
INFO - 2025-02-14 07:56:50 --> Helper loaded: param_helper
INFO - 2025-02-14 07:56:50 --> Helper loaded: credential_helper
INFO - 2025-02-14 07:56:50 --> Helper loaded: template_helper
INFO - 2025-02-14 07:56:50 --> Helper loaded: rest_helper
INFO - 2025-02-14 07:56:50 --> Database Driver Class Initialized
DEBUG - 2025-02-14 07:56:50 --> Idgenerator class already loaded. Second attempt ignored.
INFO - 2025-02-14 07:56:50 --> Controller Class Initialized
INFO - 2025-02-14 07:56:50 --> Model Class Initialized
DEBUG - 2025-02-14 07:56:50 --> File loaded: /apps/web-drc/application/modules/app_dashboard/models/App_dashboard_model.php
INFO - 2025-02-14 07:56:50 --> Model Class Initialized
INFO - 2025-02-14 07:56:50 --> Final output sent to browser
DEBUG - 2025-02-14 07:56:50 --> Total execution time: 0.0160
INFO - 2025-02-14 07:56:52 --> Config Class Initialized
INFO - 2025-02-14 07:56:52 --> Hooks Class Initialized
DEBUG - 2025-02-14 07:56:52 --> UTF-8 Support Enabled
INFO - 2025-02-14 07:56:52 --> Utf8 Class Initialized
INFO - 2025-02-14 07:56:52 --> URI Class Initialized
INFO - 2025-02-14 07:56:52 --> Router Class Initialized
INFO - 2025-02-14 07:56:52 --> Output Class Initialized
INFO - 2025-02-14 07:56:52 --> Security Class Initialized
DEBUG - 2025-02-14 07:56:52 --> Global POST, GET and COOKIE data sanitized
INFO - 2025-02-14 07:56:52 --> Input Class Initialized
INFO - 2025-02-14 07:56:52 --> Language Class Initialized
INFO - 2025-02-14 07:56:52 --> Language Class Initialized
INFO - 2025-02-14 07:56:52 --> Config Class Initialized
INFO - 2025-02-14 07:56:52 --> Loader Class Initialized
INFO - 2025-02-14 07:56:52 --> Helper loaded: url_helper
INFO - 2025-02-14 07:56:52 --> Helper loaded: easyui_helper
INFO - 2025-02-14 07:56:52 --> Helper loaded: param_helper
INFO - 2025-02-14 07:56:52 --> Helper loaded: credential_helper
INFO - 2025-02-14 07:56:52 --> Helper loaded: template_helper
INFO - 2025-02-14 07:56:52 --> Helper loaded: rest_helper
INFO - 2025-02-14 07:56:52 --> Database Driver Class Initialized
DEBUG - 2025-02-14 07:56:52 --> Idgenerator class already loaded. Second attempt ignored.
INFO - 2025-02-14 07:56:52 --> Controller Class Initialized
INFO - 2025-02-14 07:56:52 --> Model Class Initialized
DEBUG - 2025-02-14 07:56:52 --> File loaded: /apps/web-drc/application/modules/app_dashboard/models/App_dashboard_model.php
INFO - 2025-02-14 07:56:52 --> Model Class Initialized
INFO - 2025-02-14 07:56:52 --> Final output sent to browser
DEBUG - 2025-02-14 07:56:52 --> Total execution time: 0.4360
INFO - 2025-02-14 07:58:12 --> Config Class Initialized
INFO - 2025-02-14 07:58:12 --> Hooks Class Initialized
DEBUG - 2025-02-14 07:58:12 --> UTF-8 Support Enabled
INFO - 2025-02-14 07:58:12 --> Utf8 Class Initialized
INFO - 2025-02-14 07:58:12 --> URI Class Initialized
INFO - 2025-02-14 07:58:12 --> Router Class Initialized
INFO - 2025-02-14 07:58:12 --> Output Class Initialized
INFO - 2025-02-14 07:58:12 --> Security Class Initialized
DEBUG - 2025-02-14 07:58:12 --> Global POST, GET and COOKIE data sanitized
INFO - 2025-02-14 07:58:12 --> Input Class Initialized
INFO - 2025-02-14 07:58:12 --> Language Class Initialized
INFO - 2025-02-14 07:58:12 --> Language Class Initialized
INFO - 2025-02-14 07:58:12 --> Config Class Initialized
INFO - 2025-02-14 07:58:12 --> Loader Class Initialized
INFO - 2025-02-14 07:58:12 --> Helper loaded: url_helper
INFO - 2025-02-14 07:58:12 --> Helper loaded: easyui_helper
INFO - 2025-02-14 07:58:12 --> Helper loaded: param_helper
INFO - 2025-02-14 07:58:12 --> Helper loaded: credential_helper
INFO - 2025-02-14 07:58:12 --> Helper loaded: template_helper
INFO - 2025-02-14 07:58:12 --> Helper loaded: rest_helper
INFO - 2025-02-14 07:58:12 --> Database Driver Class Initialized
DEBUG - 2025-02-14 07:58:12 --> Idgenerator class already loaded. Second attempt ignored.
INFO - 2025-02-14 07:58:12 --> Controller Class Initialized
INFO - 2025-02-14 07:58:12 --> Model Class Initialized
DEBUG - 2025-02-14 07:58:12 --> File loaded: /apps/web-drc/application/modules/app_dashboard/models/App_dashboard_model.php
INFO - 2025-02-14 07:58:12 --> Model Class Initialized
INFO - 2025-02-14 07:58:12 --> Final output sent to browser
DEBUG - 2025-02-14 07:58:12 --> Total execution time: 0.0050
INFO - 2025-02-14 07:58:15 --> Config Class Initialized
INFO - 2025-02-14 07:58:15 --> Hooks Class Initialized
DEBUG - 2025-02-14 07:58:15 --> UTF-8 Support Enabled
INFO - 2025-02-14 07:58:15 --> Utf8 Class Initialized
INFO - 2025-02-14 07:58:15 --> URI Class Initialized
INFO - 2025-02-14 07:58:15 --> Router Class Initialized
INFO - 2025-02-14 07:58:15 --> Output Class Initialized
INFO - 2025-02-14 07:58:15 --> Security Class Initialized
DEBUG - 2025-02-14 07:58:15 --> Global POST, GET and COOKIE data sanitized
INFO - 2025-02-14 07:58:15 --> Input Class Initialized
INFO - 2025-02-14 07:58:15 --> Language Class Initialized
INFO - 2025-02-14 07:58:15 --> Language Class Initialized
INFO - 2025-02-14 07:58:15 --> Config Class Initialized
INFO - 2025-02-14 07:58:15 --> Loader Class Initialized
INFO - 2025-02-14 07:58:15 --> Helper loaded: url_helper
INFO - 2025-02-14 07:58:15 --> Helper loaded: easyui_helper
INFO - 2025-02-14 07:58:15 --> Helper loaded: param_helper
INFO - 2025-02-14 07:58:15 --> Helper loaded: credential_helper
INFO - 2025-02-14 07:58:15 --> Helper loaded: template_helper
INFO - 2025-02-14 07:58:15 --> Helper loaded: rest_helper
INFO - 2025-02-14 07:58:15 --> Database Driver Class Initialized
DEBUG - 2025-02-14 07:58:15 --> Idgenerator class already loaded. Second attempt ignored.
INFO - 2025-02-14 07:58:15 --> Controller Class Initialized
INFO - 2025-02-14 07:58:15 --> Model Class Initialized
DEBUG - 2025-02-14 07:58:15 --> File loaded: /apps/web-drc/application/modules/app_dashboard/models/App_dashboard_model.php
INFO - 2025-02-14 07:58:15 --> Model Class Initialized
INFO - 2025-02-14 07:58:15 --> Final output sent to browser
DEBUG - 2025-02-14 07:58:15 --> Total execution time: 0.0042
INFO - 2025-02-14 07:58:16 --> Config Class Initialized
INFO - 2025-02-14 07:58:16 --> Hooks Class Initialized
DEBUG - 2025-02-14 07:58:16 --> UTF-8 Support Enabled
INFO - 2025-02-14 07:58:16 --> Utf8 Class Initialized
INFO - 2025-02-14 07:58:16 --> URI Class Initialized
INFO - 2025-02-14 07:58:16 --> Router Class Initialized
INFO - 2025-02-14 07:58:16 --> Output Class Initialized
INFO - 2025-02-14 07:58:16 --> Security Class Initialized
DEBUG - 2025-02-14 07:58:16 --> Global POST, GET and COOKIE data sanitized
INFO - 2025-02-14 07:58:16 --> Input Class Initialized
INFO - 2025-02-14 07:58:16 --> Language Class Initialized
INFO - 2025-02-14 07:58:16 --> Language Class Initialized
INFO - 2025-02-14 07:58:16 --> Config Class Initialized
INFO - 2025-02-14 07:58:16 --> Loader Class Initialized
INFO - 2025-02-14 07:58:16 --> Helper loaded: url_helper
INFO - 2025-02-14 07:58:16 --> Helper loaded: easyui_helper
INFO - 2025-02-14 07:58:16 --> Helper loaded: param_helper
INFO - 2025-02-14 07:58:16 --> Helper loaded: credential_helper
INFO - 2025-02-14 07:58:16 --> Helper loaded: template_helper
INFO - 2025-02-14 07:58:16 --> Helper loaded: rest_helper
INFO - 2025-02-14 07:58:16 --> Database Driver Class Initialized
DEBUG - 2025-02-14 07:58:16 --> Idgenerator class already loaded. Second attempt ignored.
INFO - 2025-02-14 07:58:16 --> Controller Class Initialized
INFO - 2025-02-14 07:58:16 --> Model Class Initialized
DEBUG - 2025-02-14 07:58:16 --> File loaded: /apps/web-drc/application/modules/app_dashboard/models/App_dashboard_model.php
INFO - 2025-02-14 07:58:16 --> Model Class Initialized
INFO - 2025-02-14 07:58:17 --> Final output sent to browser
DEBUG - 2025-02-14 07:58:17 --> Total execution time: 0.0941
INFO - 2025-02-14 07:58:25 --> Config Class Initialized
INFO - 2025-02-14 07:58:25 --> Hooks Class Initialized
DEBUG - 2025-02-14 07:58:25 --> UTF-8 Support Enabled
INFO - 2025-02-14 07:58:25 --> Utf8 Class Initialized
INFO - 2025-02-14 07:58:25 --> URI Class Initialized
INFO - 2025-02-14 07:58:25 --> Router Class Initialized
INFO - 2025-02-14 07:58:25 --> Output Class Initialized
INFO - 2025-02-14 07:58:25 --> Security Class Initialized
DEBUG - 2025-02-14 07:58:25 --> Global POST, GET and COOKIE data sanitized
INFO - 2025-02-14 07:58:25 --> Input Class Initialized
INFO - 2025-02-14 07:58:25 --> Language Class Initialized
INFO - 2025-02-14 07:58:25 --> Language Class Initialized
INFO - 2025-02-14 07:58:25 --> Config Class Initialized
INFO - 2025-02-14 07:58:25 --> Loader Class Initialized
INFO - 2025-02-14 07:58:25 --> Helper loaded: url_helper
INFO - 2025-02-14 07:58:25 --> Helper loaded: easyui_helper
INFO - 2025-02-14 07:58:25 --> Helper loaded: param_helper
INFO - 2025-02-14 07:58:25 --> Helper loaded: credential_helper
INFO - 2025-02-14 07:58:25 --> Helper loaded: template_helper
INFO - 2025-02-14 07:58:25 --> Helper loaded: rest_helper
INFO - 2025-02-14 07:58:25 --> Database Driver Class Initialized
DEBUG - 2025-02-14 07:58:25 --> Idgenerator class already loaded. Second attempt ignored.
INFO - 2025-02-14 07:58:25 --> Controller Class Initialized
INFO - 2025-02-14 07:58:25 --> Model Class Initialized
DEBUG - 2025-02-14 07:58:25 --> File loaded: /apps/web-drc/application/modules/rep_return_detector/models/Rep_return_detector_model.php
INFO - 2025-02-14 07:58:25 --> Model Class Initialized
DEBUG - 2025-02-14 07:58:25 --> File loaded: /apps/web-drc/application/modules/rep_return_detector/views/form.php
DEBUG - 2025-02-14 07:58:25 --> File loaded: /apps/web-drc/application/views/templates/header.php
DEBUG - 2025-02-14 07:58:25 --> File loaded: /apps/web-drc/application/views/templates/toolbar.php
DEBUG - 2025-02-14 07:58:25 --> File loaded: /apps/web-drc/application/views/templates/sidebar.php
DEBUG - 2025-02-14 07:58:25 --> File loaded: /apps/web-drc/application/views/templates/contents.php
DEBUG - 2025-02-14 07:58:25 --> File loaded: /apps/web-drc/application/views/templates/content_footer.php
DEBUG - 2025-02-14 07:58:25 --> File loaded: /apps/web-drc/application/views/templates/footer.php
DEBUG - 2025-02-14 07:58:25 --> File loaded: /apps/web-drc/application/views/templates/default.php
INFO - 2025-02-14 07:58:25 --> Final output sent to browser
DEBUG - 2025-02-14 07:58:25 --> Total execution time: 0.0178
INFO - 2025-02-14 07:58:25 --> Config Class Initialized
INFO - 2025-02-14 07:58:25 --> Hooks Class Initialized
DEBUG - 2025-02-14 07:58:25 --> UTF-8 Support Enabled
INFO - 2025-02-14 07:58:25 --> Utf8 Class Initialized
INFO - 2025-02-14 07:58:25 --> URI Class Initialized
INFO - 2025-02-14 07:58:25 --> Router Class Initialized
INFO - 2025-02-14 07:58:25 --> Output Class Initialized
INFO - 2025-02-14 07:58:25 --> Security Class Initialized
DEBUG - 2025-02-14 07:58:25 --> Global POST, GET and COOKIE data sanitized
INFO - 2025-02-14 07:58:25 --> Input Class Initialized
INFO - 2025-02-14 07:58:25 --> Language Class Initialized
INFO - 2025-02-14 07:58:25 --> Language Class Initialized
INFO - 2025-02-14 07:58:25 --> Config Class Initialized
INFO - 2025-02-14 07:58:25 --> Loader Class Initialized
INFO - 2025-02-14 07:58:25 --> Helper loaded: url_helper
INFO - 2025-02-14 07:58:25 --> Helper loaded: easyui_helper
INFO - 2025-02-14 07:58:25 --> Helper loaded: param_helper
INFO - 2025-02-14 07:58:25 --> Helper loaded: credential_helper
INFO - 2025-02-14 07:58:25 --> Helper loaded: template_helper
INFO - 2025-02-14 07:58:25 --> Helper loaded: rest_helper
INFO - 2025-02-14 07:58:25 --> Database Driver Class Initialized
DEBUG - 2025-02-14 07:58:25 --> Idgenerator class already loaded. Second attempt ignored.
INFO - 2025-02-14 07:58:25 --> Controller Class Initialized
INFO - 2025-02-14 07:58:25 --> Model Class Initialized
DEBUG - 2025-02-14 07:58:25 --> File loaded: /apps/web-drc/application/modules/api_v1/models/Api_v1_model.php
INFO - 2025-02-14 07:58:25 --> Model Class Initialized
INFO - 2025-02-14 07:58:25 --> Final output sent to browser
DEBUG - 2025-02-14 07:58:25 --> Total execution time: 0.0047
INFO - 2025-02-14 07:58:27 --> Config Class Initialized
INFO - 2025-02-14 07:58:27 --> Hooks Class Initialized
DEBUG - 2025-02-14 07:58:27 --> UTF-8 Support Enabled
INFO - 2025-02-14 07:58:27 --> Utf8 Class Initialized
INFO - 2025-02-14 07:58:27 --> URI Class Initialized
INFO - 2025-02-14 07:58:27 --> Router Class Initialized
INFO - 2025-02-14 07:58:27 --> Output Class Initialized
INFO - 2025-02-14 07:58:27 --> Security Class Initialized
DEBUG - 2025-02-14 07:58:27 --> Global POST, GET and COOKIE data sanitized
INFO - 2025-02-14 07:58:27 --> Input Class Initialized
INFO - 2025-02-14 07:58:27 --> Language Class Initialized
INFO - 2025-02-14 07:58:27 --> Language Class Initialized
INFO - 2025-02-14 07:58:27 --> Config Class Initialized
INFO - 2025-02-14 07:58:27 --> Loader Class Initialized
INFO - 2025-02-14 07:58:27 --> Helper loaded: url_helper
INFO - 2025-02-14 07:58:27 --> Helper loaded: easyui_helper
INFO - 2025-02-14 07:58:27 --> Helper loaded: param_helper
INFO - 2025-02-14 07:58:27 --> Helper loaded: credential_helper
INFO - 2025-02-14 07:58:27 --> Helper loaded: template_helper
INFO - 2025-02-14 07:58:27 --> Helper loaded: rest_helper
INFO - 2025-02-14 07:58:27 --> Database Driver Class Initialized
DEBUG - 2025-02-14 07:58:27 --> Idgenerator class already loaded. Second attempt ignored.
INFO - 2025-02-14 07:58:27 --> Controller Class Initialized
INFO - 2025-02-14 07:58:27 --> Model Class Initialized
DEBUG - 2025-02-14 07:58:27 --> File loaded: /apps/web-drc/application/modules/drc_dashboard/models/Drc_dashboard_model.php
INFO - 2025-02-14 07:58:27 --> Model Class Initialized
DEBUG - 2025-02-14 07:58:27 --> File loaded: /apps/web-drc/application/modules/drc_dashboard/views/form.php
DEBUG - 2025-02-14 07:58:27 --> File loaded: /apps/web-drc/application/views/templates/header.php
DEBUG - 2025-02-14 07:58:27 --> File loaded: /apps/web-drc/application/views/templates/toolbar.php
DEBUG - 2025-02-14 07:58:27 --> File loaded: /apps/web-drc/application/views/templates/sidebar.php
DEBUG - 2025-02-14 07:58:27 --> File loaded: /apps/web-drc/application/views/templates/contents.php
DEBUG - 2025-02-14 07:58:27 --> File loaded: /apps/web-drc/application/views/templates/content_footer.php
DEBUG - 2025-02-14 07:58:27 --> File loaded: /apps/web-drc/application/views/templates/footer.php
DEBUG - 2025-02-14 07:58:27 --> File loaded: /apps/web-drc/application/views/templates/default.php
INFO - 2025-02-14 07:58:27 --> Final output sent to browser
DEBUG - 2025-02-14 07:58:27 --> Total execution time: 0.0539
INFO - 2025-02-14 07:58:30 --> Config Class Initialized
INFO - 2025-02-14 07:58:30 --> Hooks Class Initialized
DEBUG - 2025-02-14 07:58:30 --> UTF-8 Support Enabled
INFO - 2025-02-14 07:58:30 --> Utf8 Class Initialized
INFO - 2025-02-14 07:58:30 --> URI Class Initialized
INFO - 2025-02-14 07:58:30 --> Router Class Initialized
INFO - 2025-02-14 07:58:30 --> Output Class Initialized
INFO - 2025-02-14 07:58:30 --> Security Class Initialized
DEBUG - 2025-02-14 07:58:30 --> Global POST, GET and COOKIE data sanitized
INFO - 2025-02-14 07:58:30 --> Input Class Initialized
INFO - 2025-02-14 07:58:30 --> Language Class Initialized
INFO - 2025-02-14 07:58:30 --> Language Class Initialized
INFO - 2025-02-14 07:58:30 --> Config Class Initialized
INFO - 2025-02-14 07:58:30 --> Loader Class Initialized
INFO - 2025-02-14 07:58:30 --> Helper loaded: url_helper
INFO - 2025-02-14 07:58:30 --> Helper loaded: easyui_helper
INFO - 2025-02-14 07:58:30 --> Helper loaded: param_helper
INFO - 2025-02-14 07:58:30 --> Helper loaded: credential_helper
INFO - 2025-02-14 07:58:30 --> Helper loaded: template_helper
INFO - 2025-02-14 07:58:30 --> Helper loaded: rest_helper
INFO - 2025-02-14 07:58:30 --> Database Driver Class Initialized
DEBUG - 2025-02-14 07:58:30 --> Idgenerator class already loaded. Second attempt ignored.
INFO - 2025-02-14 07:58:30 --> Controller Class Initialized
INFO - 2025-02-14 07:58:30 --> Model Class Initialized
DEBUG - 2025-02-14 07:58:30 --> File loaded: /apps/web-drc/application/modules/api_v1/models/Api_v1_model.php
INFO - 2025-02-14 07:58:30 --> Model Class Initialized
INFO - 2025-02-14 07:58:30 --> Final output sent to browser
DEBUG - 2025-02-14 07:58:30 --> Total execution time: 0.0032
INFO - 2025-02-14 07:58:30 --> Config Class Initialized
INFO - 2025-02-14 07:58:30 --> Hooks Class Initialized
DEBUG - 2025-02-14 07:58:30 --> UTF-8 Support Enabled
INFO - 2025-02-14 07:58:30 --> Utf8 Class Initialized
INFO - 2025-02-14 07:58:30 --> URI Class Initialized
INFO - 2025-02-14 07:58:30 --> Router Class Initialized
INFO - 2025-02-14 07:58:30 --> Output Class Initialized
INFO - 2025-02-14 07:58:30 --> Security Class Initialized
DEBUG - 2025-02-14 07:58:30 --> Global POST, GET and COOKIE data sanitized
INFO - 2025-02-14 07:58:30 --> Input Class Initialized
INFO - 2025-02-14 07:58:30 --> Language Class Initialized
INFO - 2025-02-14 07:58:30 --> Language Class Initialized
INFO - 2025-02-14 07:58:30 --> Config Class Initialized
INFO - 2025-02-14 07:58:30 --> Loader Class Initialized
INFO - 2025-02-14 07:58:30 --> Helper loaded: url_helper
INFO - 2025-02-14 07:58:30 --> Helper loaded: easyui_helper
INFO - 2025-02-14 07:58:30 --> Helper loaded: param_helper
INFO - 2025-02-14 07:58:30 --> Helper loaded: credential_helper
INFO - 2025-02-14 07:58:30 --> Helper loaded: template_helper
INFO - 2025-02-14 07:58:30 --> Helper loaded: rest_helper
INFO - 2025-02-14 07:58:30 --> Database Driver Class Initialized
DEBUG - 2025-02-14 07:58:30 --> Idgenerator class already loaded. Second attempt ignored.
INFO - 2025-02-14 07:58:30 --> Controller Class Initialized
INFO - 2025-02-14 07:58:30 --> Model Class Initialized
DEBUG - 2025-02-14 07:58:30 --> File loaded: /apps/web-drc/application/modules/ref_customer_class/models/Customer_class_model.php
INFO - 2025-02-14 07:58:30 --> Model Class Initialized
INFO - 2025-02-14 07:58:30 --> Final output sent to browser
DEBUG - 2025-02-14 07:58:30 --> Total execution time: 0.0073
INFO - 2025-02-14 07:58:39 --> Config Class Initialized
INFO - 2025-02-14 07:58:39 --> Hooks Class Initialized
DEBUG - 2025-02-14 07:58:39 --> UTF-8 Support Enabled
INFO - 2025-02-14 07:58:39 --> Utf8 Class Initialized
INFO - 2025-02-14 07:58:39 --> URI Class Initialized
INFO - 2025-02-14 07:58:39 --> Router Class Initialized
INFO - 2025-02-14 07:58:39 --> Output Class Initialized
INFO - 2025-02-14 07:58:39 --> Security Class Initialized
DEBUG - 2025-02-14 07:58:39 --> Global POST, GET and COOKIE data sanitized
INFO - 2025-02-14 07:58:39 --> Input Class Initialized
INFO - 2025-02-14 07:58:39 --> Language Class Initialized
INFO - 2025-02-14 07:58:39 --> Language Class Initialized
INFO - 2025-02-14 07:58:39 --> Config Class Initialized
INFO - 2025-02-14 07:58:39 --> Loader Class Initialized
INFO - 2025-02-14 07:58:39 --> Helper loaded: url_helper
INFO - 2025-02-14 07:58:39 --> Helper loaded: easyui_helper
INFO - 2025-02-14 07:58:39 --> Helper loaded: param_helper
INFO - 2025-02-14 07:58:39 --> Helper loaded: credential_helper
INFO - 2025-02-14 07:58:39 --> Helper loaded: template_helper
INFO - 2025-02-14 07:58:39 --> Helper loaded: rest_helper
INFO - 2025-02-14 07:58:39 --> Database Driver Class Initialized
DEBUG - 2025-02-14 07:58:39 --> Idgenerator class already loaded. Second attempt ignored.
INFO - 2025-02-14 07:58:39 --> Controller Class Initialized
INFO - 2025-02-14 07:58:39 --> Model Class Initialized
DEBUG - 2025-02-14 07:58:39 --> File loaded: /apps/web-drc/application/modules/drc_dashboard/models/Drc_dashboard_model.php
INFO - 2025-02-14 07:58:39 --> Model Class Initialized
INFO - 2025-02-14 07:58:39 --> Final output sent to browser
DEBUG - 2025-02-14 07:58:39 --> Total execution time: 0.0081
INFO - 2025-02-14 07:58:49 --> Config Class Initialized
INFO - 2025-02-14 07:58:49 --> Hooks Class Initialized
DEBUG - 2025-02-14 07:58:49 --> UTF-8 Support Enabled
INFO - 2025-02-14 07:58:49 --> Utf8 Class Initialized
INFO - 2025-02-14 07:58:49 --> URI Class Initialized
INFO - 2025-02-14 07:58:49 --> Router Class Initialized
INFO - 2025-02-14 07:58:49 --> Output Class Initialized
INFO - 2025-02-14 07:58:49 --> Security Class Initialized
DEBUG - 2025-02-14 07:58:49 --> Global POST, GET and COOKIE data sanitized
INFO - 2025-02-14 07:58:49 --> Input Class Initialized
INFO - 2025-02-14 07:58:49 --> Language Class Initialized
INFO - 2025-02-14 07:58:49 --> Language Class Initialized
INFO - 2025-02-14 07:58:49 --> Config Class Initialized
INFO - 2025-02-14 07:58:49 --> Loader Class Initialized
INFO - 2025-02-14 07:58:49 --> Helper loaded: url_helper
INFO - 2025-02-14 07:58:49 --> Helper loaded: easyui_helper
INFO - 2025-02-14 07:58:49 --> Helper loaded: param_helper
INFO - 2025-02-14 07:58:49 --> Helper loaded: credential_helper
INFO - 2025-02-14 07:58:49 --> Helper loaded: template_helper
INFO - 2025-02-14 07:58:49 --> Helper loaded: rest_helper
INFO - 2025-02-14 07:58:49 --> Database Driver Class Initialized
DEBUG - 2025-02-14 07:58:49 --> Idgenerator class already loaded. Second attempt ignored.
INFO - 2025-02-14 07:58:49 --> Controller Class Initialized
INFO - 2025-02-14 07:58:49 --> Model Class Initialized
DEBUG - 2025-02-14 07:58:49 --> File loaded: /apps/web-drc/application/modules/drc_dashboard/models/Drc_dashboard_model.php
INFO - 2025-02-14 07:58:49 --> Model Class Initialized
INFO - 2025-02-14 07:58:49 --> Final output sent to browser
DEBUG - 2025-02-14 07:58:49 --> Total execution time: 0.0058
INFO - 2025-02-14 07:58:51 --> Config Class Initialized
INFO - 2025-02-14 07:58:51 --> Hooks Class Initialized
DEBUG - 2025-02-14 07:58:51 --> UTF-8 Support Enabled
INFO - 2025-02-14 07:58:51 --> Utf8 Class Initialized
INFO - 2025-02-14 07:58:51 --> URI Class Initialized
INFO - 2025-02-14 07:58:51 --> Router Class Initialized
INFO - 2025-02-14 07:58:51 --> Output Class Initialized
INFO - 2025-02-14 07:58:51 --> Security Class Initialized
DEBUG - 2025-02-14 07:58:51 --> Global POST, GET and COOKIE data sanitized
INFO - 2025-02-14 07:58:51 --> Input Class Initialized
INFO - 2025-02-14 07:58:51 --> Language Class Initialized
INFO - 2025-02-14 07:58:51 --> Language Class Initialized
INFO - 2025-02-14 07:58:51 --> Config Class Initialized
INFO - 2025-02-14 07:58:51 --> Loader Class Initialized
INFO - 2025-02-14 07:58:51 --> Helper loaded: url_helper
INFO - 2025-02-14 07:58:51 --> Helper loaded: easyui_helper
INFO - 2025-02-14 07:58:51 --> Helper loaded: param_helper
INFO - 2025-02-14 07:58:51 --> Helper loaded: credential_helper
INFO - 2025-02-14 07:58:51 --> Helper loaded: template_helper
INFO - 2025-02-14 07:58:51 --> Helper loaded: rest_helper
INFO - 2025-02-14 07:58:51 --> Database Driver Class Initialized
DEBUG - 2025-02-14 07:58:51 --> Idgenerator class already loaded. Second attempt ignored.
INFO - 2025-02-14 07:58:51 --> Controller Class Initialized
INFO - 2025-02-14 07:58:51 --> Model Class Initialized
DEBUG - 2025-02-14 07:58:51 --> File loaded: /apps/web-drc/application/modules/drc_dashboard/models/Drc_dashboard_model.php
INFO - 2025-02-14 07:58:51 --> Model Class Initialized
INFO - 2025-02-14 07:58:51 --> Final output sent to browser
DEBUG - 2025-02-14 07:58:51 --> Total execution time: 0.0060
INFO - 2025-02-14 07:59:01 --> Config Class Initialized
INFO - 2025-02-14 07:59:01 --> Hooks Class Initialized
DEBUG - 2025-02-14 07:59:01 --> UTF-8 Support Enabled
INFO - 2025-02-14 07:59:01 --> Utf8 Class Initialized
INFO - 2025-02-14 07:59:01 --> URI Class Initialized
INFO - 2025-02-14 07:59:01 --> Router Class Initialized
INFO - 2025-02-14 07:59:01 --> Output Class Initialized
INFO - 2025-02-14 07:59:01 --> Security Class Initialized
DEBUG - 2025-02-14 07:59:01 --> Global POST, GET and COOKIE data sanitized
INFO - 2025-02-14 07:59:01 --> Input Class Initialized
INFO - 2025-02-14 07:59:01 --> Language Class Initialized
INFO - 2025-02-14 07:59:01 --> Language Class Initialized
INFO - 2025-02-14 07:59:01 --> Config Class Initialized
INFO - 2025-02-14 07:59:01 --> Loader Class Initialized
INFO - 2025-02-14 07:59:01 --> Helper loaded: url_helper
INFO - 2025-02-14 07:59:01 --> Helper loaded: easyui_helper
INFO - 2025-02-14 07:59:01 --> Helper loaded: param_helper
INFO - 2025-02-14 07:59:01 --> Helper loaded: credential_helper
INFO - 2025-02-14 07:59:01 --> Helper loaded: template_helper
INFO - 2025-02-14 07:59:01 --> Helper loaded: rest_helper
INFO - 2025-02-14 07:59:01 --> Database Driver Class Initialized
DEBUG - 2025-02-14 07:59:01 --> Idgenerator class already loaded. Second attempt ignored.
INFO - 2025-02-14 07:59:01 --> Controller Class Initialized
INFO - 2025-02-14 07:59:01 --> Model Class Initialized
DEBUG - 2025-02-14 07:59:01 --> File loaded: /apps/web-drc/application/modules/drc_dashboard/models/Drc_dashboard_model.php
INFO - 2025-02-14 07:59:01 --> Model Class Initialized
INFO - 2025-02-14 07:59:01 --> Final output sent to browser
DEBUG - 2025-02-14 07:59:01 --> Total execution time: 0.0052
INFO - 2025-02-14 07:59:09 --> Config Class Initialized
INFO - 2025-02-14 07:59:09 --> Hooks Class Initialized
DEBUG - 2025-02-14 07:59:09 --> UTF-8 Support Enabled
INFO - 2025-02-14 07:59:09 --> Utf8 Class Initialized
INFO - 2025-02-14 07:59:09 --> URI Class Initialized
INFO - 2025-02-14 07:59:09 --> Router Class Initialized
INFO - 2025-02-14 07:59:09 --> Output Class Initialized
INFO - 2025-02-14 07:59:09 --> Security Class Initialized
DEBUG - 2025-02-14 07:59:09 --> Global POST, GET and COOKIE data sanitized
INFO - 2025-02-14 07:59:09 --> Input Class Initialized
INFO - 2025-02-14 07:59:09 --> Language Class Initialized
INFO - 2025-02-14 07:59:09 --> Language Class Initialized
INFO - 2025-02-14 07:59:09 --> Config Class Initialized
INFO - 2025-02-14 07:59:09 --> Loader Class Initialized
INFO - 2025-02-14 07:59:09 --> Helper loaded: url_helper
INFO - 2025-02-14 07:59:09 --> Helper loaded: easyui_helper
INFO - 2025-02-14 07:59:09 --> Helper loaded: param_helper
INFO - 2025-02-14 07:59:09 --> Helper loaded: credential_helper
INFO - 2025-02-14 07:59:09 --> Helper loaded: template_helper
INFO - 2025-02-14 07:59:09 --> Helper loaded: rest_helper
INFO - 2025-02-14 07:59:09 --> Database Driver Class Initialized
DEBUG - 2025-02-14 07:59:09 --> Idgenerator class already loaded. Second attempt ignored.
INFO - 2025-02-14 07:59:09 --> Controller Class Initialized
INFO - 2025-02-14 07:59:09 --> Model Class Initialized
DEBUG - 2025-02-14 07:59:09 --> File loaded: /apps/web-drc/application/modules/drc_dashboard/models/Drc_dashboard_model.php
INFO - 2025-02-14 07:59:09 --> Model Class Initialized
INFO - 2025-02-14 07:59:09 --> Final output sent to browser
DEBUG - 2025-02-14 07:59:09 --> Total execution time: 0.4930
INFO - 2025-02-14 07:59:18 --> Config Class Initialized
INFO - 2025-02-14 07:59:18 --> Hooks Class Initialized
DEBUG - 2025-02-14 07:59:18 --> UTF-8 Support Enabled
INFO - 2025-02-14 07:59:18 --> Utf8 Class Initialized
INFO - 2025-02-14 07:59:18 --> URI Class Initialized
INFO - 2025-02-14 07:59:18 --> Router Class Initialized
INFO - 2025-02-14 07:59:18 --> Output Class Initialized
INFO - 2025-02-14 07:59:18 --> Security Class Initialized
DEBUG - 2025-02-14 07:59:18 --> Global POST, GET and COOKIE data sanitized
INFO - 2025-02-14 07:59:18 --> Input Class Initialized
INFO - 2025-02-14 07:59:18 --> Language Class Initialized
INFO - 2025-02-14 07:59:18 --> Language Class Initialized
INFO - 2025-02-14 07:59:18 --> Config Class Initialized
INFO - 2025-02-14 07:59:18 --> Loader Class Initialized
INFO - 2025-02-14 07:59:18 --> Helper loaded: url_helper
INFO - 2025-02-14 07:59:18 --> Helper loaded: easyui_helper
INFO - 2025-02-14 07:59:18 --> Helper loaded: param_helper
INFO - 2025-02-14 07:59:18 --> Helper loaded: credential_helper
INFO - 2025-02-14 07:59:18 --> Helper loaded: template_helper
INFO - 2025-02-14 07:59:18 --> Helper loaded: rest_helper
INFO - 2025-02-14 07:59:18 --> Database Driver Class Initialized
DEBUG - 2025-02-14 07:59:18 --> Idgenerator class already loaded. Second attempt ignored.
INFO - 2025-02-14 07:59:18 --> Controller Class Initialized
INFO - 2025-02-14 07:59:18 --> Model Class Initialized
DEBUG - 2025-02-14 07:59:18 --> File loaded: /apps/web-drc/application/modules/drc_dashboard/models/Drc_dashboard_model.php
INFO - 2025-02-14 07:59:18 --> Model Class Initialized
INFO - 2025-02-14 07:59:18 --> Final output sent to browser
DEBUG - 2025-02-14 07:59:18 --> Total execution time: 0.0076
INFO - 2025-02-14 07:59:22 --> Config Class Initialized
INFO - 2025-02-14 07:59:22 --> Hooks Class Initialized
DEBUG - 2025-02-14 07:59:22 --> UTF-8 Support Enabled
INFO - 2025-02-14 07:59:22 --> Utf8 Class Initialized
INFO - 2025-02-14 07:59:22 --> URI Class Initialized
INFO - 2025-02-14 07:59:22 --> Router Class Initialized
INFO - 2025-02-14 07:59:22 --> Output Class Initialized
INFO - 2025-02-14 07:59:22 --> Security Class Initialized
DEBUG - 2025-02-14 07:59:22 --> Global POST, GET and COOKIE data sanitized
INFO - 2025-02-14 07:59:22 --> Input Class Initialized
INFO - 2025-02-14 07:59:22 --> Language Class Initialized
INFO - 2025-02-14 07:59:22 --> Language Class Initialized
INFO - 2025-02-14 07:59:22 --> Config Class Initialized
INFO - 2025-02-14 07:59:22 --> Loader Class Initialized
INFO - 2025-02-14 07:59:22 --> Helper loaded: url_helper
INFO - 2025-02-14 07:59:22 --> Helper loaded: easyui_helper
INFO - 2025-02-14 07:59:22 --> Helper loaded: param_helper
INFO - 2025-02-14 07:59:22 --> Helper loaded: credential_helper
INFO - 2025-02-14 07:59:22 --> Helper loaded: template_helper
INFO - 2025-02-14 07:59:22 --> Helper loaded: rest_helper
INFO - 2025-02-14 07:59:22 --> Database Driver Class Initialized
DEBUG - 2025-02-14 07:59:22 --> Idgenerator class already loaded. Second attempt ignored.
INFO - 2025-02-14 07:59:22 --> Controller Class Initialized
INFO - 2025-02-14 07:59:22 --> Model Class Initialized
DEBUG - 2025-02-14 07:59:22 --> File loaded: /apps/web-drc/application/modules/drc_dashboard/models/Drc_dashboard_model.php
INFO - 2025-02-14 07:59:22 --> Model Class Initialized
INFO - 2025-02-14 07:59:22 --> Final output sent to browser
DEBUG - 2025-02-14 07:59:22 --> Total execution time: 0.0071
INFO - 2025-02-14 08:27:46 --> Config Class Initialized
INFO - 2025-02-14 08:27:46 --> Hooks Class Initialized
DEBUG - 2025-02-14 08:27:46 --> UTF-8 Support Enabled
INFO - 2025-02-14 08:27:46 --> Utf8 Class Initialized
INFO - 2025-02-14 08:27:46 --> URI Class Initialized
INFO - 2025-02-14 08:27:46 --> Router Class Initialized
INFO - 2025-02-14 08:27:46 --> Output Class Initialized
INFO - 2025-02-14 08:27:46 --> Security Class Initialized
DEBUG - 2025-02-14 08:27:46 --> Global POST, GET and COOKIE data sanitized
INFO - 2025-02-14 08:27:46 --> Input Class Initialized
INFO - 2025-02-14 08:27:46 --> Language Class Initialized
INFO - 2025-02-14 08:27:46 --> Language Class Initialized
INFO - 2025-02-14 08:27:46 --> Config Class Initialized
INFO - 2025-02-14 08:27:46 --> Loader Class Initialized
INFO - 2025-02-14 08:27:46 --> Helper loaded: url_helper
INFO - 2025-02-14 08:27:46 --> Helper loaded: easyui_helper
INFO - 2025-02-14 08:27:46 --> Helper loaded: param_helper
INFO - 2025-02-14 08:27:46 --> Helper loaded: credential_helper
INFO - 2025-02-14 08:27:46 --> Helper loaded: template_helper
INFO - 2025-02-14 08:27:46 --> Helper loaded: rest_helper
INFO - 2025-02-14 08:27:46 --> Database Driver Class Initialized
DEBUG - 2025-02-14 08:27:46 --> Idgenerator class already loaded. Second attempt ignored.
INFO - 2025-02-14 08:27:46 --> Controller Class Initialized
INFO - 2025-02-14 08:27:46 --> Model Class Initialized
DEBUG - 2025-02-14 08:27:46 --> File loaded: /apps/web-drc/application/modules/conf_setup_pjp/models/Setup_pjp_model.php
INFO - 2025-02-14 08:27:46 --> Model Class Initialized
DEBUG - 2025-02-14 08:27:46 --> File loaded: /apps/web-drc/application/modules/conf_setup_pjp/views/content.php
DEBUG - 2025-02-14 08:27:46 --> File loaded: /apps/web-drc/application/views/templates/header.php
DEBUG - 2025-02-14 08:27:46 --> File loaded: /apps/web-drc/application/views/templates/toolbar.php
DEBUG - 2025-02-14 08:27:46 --> File loaded: /apps/web-drc/application/views/templates/sidebar.php
DEBUG - 2025-02-14 08:27:46 --> File loaded: /apps/web-drc/application/views/templates/contents.php
DEBUG - 2025-02-14 08:27:46 --> File loaded: /apps/web-drc/application/views/templates/content_footer.php
DEBUG - 2025-02-14 08:27:46 --> File loaded: /apps/web-drc/application/views/templates/footer.php
DEBUG - 2025-02-14 08:27:46 --> File loaded: /apps/web-drc/application/views/templates/default.php
INFO - 2025-02-14 08:27:46 --> Final output sent to browser
DEBUG - 2025-02-14 08:27:46 --> Total execution time: 0.0090
INFO - 2025-02-14 08:27:46 --> Config Class Initialized
INFO - 2025-02-14 08:27:46 --> Hooks Class Initialized
DEBUG - 2025-02-14 08:27:46 --> UTF-8 Support Enabled
INFO - 2025-02-14 08:27:46 --> Utf8 Class Initialized
INFO - 2025-02-14 08:27:46 --> URI Class Initialized
INFO - 2025-02-14 08:27:46 --> Router Class Initialized
INFO - 2025-02-14 08:27:46 --> Output Class Initialized
INFO - 2025-02-14 08:27:46 --> Security Class Initialized
DEBUG - 2025-02-14 08:27:46 --> Global POST, GET and COOKIE data sanitized
INFO - 2025-02-14 08:27:46 --> Input Class Initialized
INFO - 2025-02-14 08:27:46 --> Language Class Initialized
INFO - 2025-02-14 08:27:46 --> Language Class Initialized
INFO - 2025-02-14 08:27:46 --> Config Class Initialized
INFO - 2025-02-14 08:27:46 --> Loader Class Initialized
INFO - 2025-02-14 08:27:46 --> Helper loaded: url_helper
INFO - 2025-02-14 08:27:46 --> Helper loaded: easyui_helper
INFO - 2025-02-14 08:27:46 --> Helper loaded: param_helper
INFO - 2025-02-14 08:27:46 --> Helper loaded: credential_helper
INFO - 2025-02-14 08:27:46 --> Helper loaded: template_helper
INFO - 2025-02-14 08:27:46 --> Helper loaded: rest_helper
INFO - 2025-02-14 08:27:46 --> Database Driver Class Initialized
DEBUG - 2025-02-14 08:27:46 --> Idgenerator class already loaded. Second attempt ignored.
INFO - 2025-02-14 08:27:46 --> Controller Class Initialized
INFO - 2025-02-14 08:27:46 --> Model Class Initialized
DEBUG - 2025-02-14 08:27:46 --> File loaded: /apps/web-drc/application/modules/conf_setup_pjp/models/Setup_pjp_model.php
INFO - 2025-02-14 08:27:46 --> Model Class Initialized
INFO - 2025-02-14 08:27:51 --> Final output sent to browser
DEBUG - 2025-02-14 08:27:51 --> Total execution time: 4.6443
INFO - 2025-02-14 08:27:54 --> Config Class Initialized
INFO - 2025-02-14 08:27:54 --> Hooks Class Initialized
DEBUG - 2025-02-14 08:27:54 --> UTF-8 Support Enabled
INFO - 2025-02-14 08:27:54 --> Utf8 Class Initialized
INFO - 2025-02-14 08:27:54 --> URI Class Initialized
INFO - 2025-02-14 08:27:54 --> Router Class Initialized
INFO - 2025-02-14 08:27:54 --> Output Class Initialized
INFO - 2025-02-14 08:27:54 --> Security Class Initialized
DEBUG - 2025-02-14 08:27:54 --> Global POST, GET and COOKIE data sanitized
INFO - 2025-02-14 08:27:54 --> Input Class Initialized
INFO - 2025-02-14 08:27:54 --> Language Class Initialized
INFO - 2025-02-14 08:27:54 --> Language Class Initialized
INFO - 2025-02-14 08:27:54 --> Config Class Initialized
INFO - 2025-02-14 08:27:54 --> Loader Class Initialized
INFO - 2025-02-14 08:27:54 --> Helper loaded: url_helper
INFO - 2025-02-14 08:27:54 --> Helper loaded: easyui_helper
INFO - 2025-02-14 08:27:54 --> Helper loaded: param_helper
INFO - 2025-02-14 08:27:54 --> Helper loaded: credential_helper
INFO - 2025-02-14 08:27:54 --> Helper loaded: template_helper
INFO - 2025-02-14 08:27:54 --> Helper loaded: rest_helper
INFO - 2025-02-14 08:27:54 --> Database Driver Class Initialized
DEBUG - 2025-02-14 08:27:54 --> Idgenerator class already loaded. Second attempt ignored.
INFO - 2025-02-14 08:27:54 --> Controller Class Initialized
INFO - 2025-02-14 08:27:54 --> Model Class Initialized
DEBUG - 2025-02-14 08:27:54 --> File loaded: /apps/web-drc/application/modules/conf_setup_pjp/models/Setup_pjp_model.php
INFO - 2025-02-14 08:27:54 --> Model Class Initialized
DEBUG - 2025-02-14 08:27:54 --> File loaded: /apps/web-drc/application/modules/conf_setup_pjp/views/form_download.php
DEBUG - 2025-02-14 08:27:54 --> File loaded: /apps/web-drc/application/views/templates/header.php
DEBUG - 2025-02-14 08:27:54 --> File loaded: /apps/web-drc/application/views/templates/toolbar.php
DEBUG - 2025-02-14 08:27:54 --> File loaded: /apps/web-drc/application/views/templates/sidebar.php
DEBUG - 2025-02-14 08:27:54 --> File loaded: /apps/web-drc/application/views/templates/contents.php
DEBUG - 2025-02-14 08:27:54 --> File loaded: /apps/web-drc/application/views/templates/content_footer.php
DEBUG - 2025-02-14 08:27:54 --> File loaded: /apps/web-drc/application/views/templates/footer.php
DEBUG - 2025-02-14 08:27:54 --> File loaded: /apps/web-drc/application/views/templates/default.php
INFO - 2025-02-14 08:27:54 --> Final output sent to browser
DEBUG - 2025-02-14 08:27:54 --> Total execution time: 0.0077
INFO - 2025-02-14 08:27:54 --> Config Class Initialized
INFO - 2025-02-14 08:27:54 --> Hooks Class Initialized
DEBUG - 2025-02-14 08:27:54 --> UTF-8 Support Enabled
INFO - 2025-02-14 08:27:54 --> Utf8 Class Initialized
INFO - 2025-02-14 08:27:54 --> URI Class Initialized
INFO - 2025-02-14 08:27:54 --> Router Class Initialized
INFO - 2025-02-14 08:27:54 --> Output Class Initialized
INFO - 2025-02-14 08:27:54 --> Security Class Initialized
DEBUG - 2025-02-14 08:27:54 --> Global POST, GET and COOKIE data sanitized
INFO - 2025-02-14 08:27:54 --> Input Class Initialized
INFO - 2025-02-14 08:27:54 --> Language Class Initialized
INFO - 2025-02-14 08:27:54 --> Language Class Initialized
INFO - 2025-02-14 08:27:54 --> Config Class Initialized
INFO - 2025-02-14 08:27:54 --> Loader Class Initialized
INFO - 2025-02-14 08:27:54 --> Helper loaded: url_helper
INFO - 2025-02-14 08:27:54 --> Helper loaded: easyui_helper
INFO - 2025-02-14 08:27:54 --> Helper loaded: param_helper
INFO - 2025-02-14 08:27:54 --> Helper loaded: credential_helper
INFO - 2025-02-14 08:27:54 --> Helper loaded: template_helper
INFO - 2025-02-14 08:27:54 --> Helper loaded: rest_helper
INFO - 2025-02-14 08:27:54 --> Database Driver Class Initialized
DEBUG - 2025-02-14 08:27:54 --> Idgenerator class already loaded. Second attempt ignored.
INFO - 2025-02-14 08:27:54 --> Controller Class Initialized
INFO - 2025-02-14 08:27:54 --> Model Class Initialized
DEBUG - 2025-02-14 08:27:54 --> File loaded: /apps/web-drc/application/modules/api_v1/models/Api_v1_model.php
INFO - 2025-02-14 08:27:54 --> Model Class Initialized
INFO - 2025-02-14 08:27:54 --> Final output sent to browser
DEBUG - 2025-02-14 08:27:54 --> Total execution time: 0.0070
INFO - 2025-02-14 08:28:01 --> Config Class Initialized
INFO - 2025-02-14 08:28:01 --> Hooks Class Initialized
DEBUG - 2025-02-14 08:28:01 --> UTF-8 Support Enabled
INFO - 2025-02-14 08:28:01 --> Utf8 Class Initialized
INFO - 2025-02-14 08:28:01 --> URI Class Initialized
INFO - 2025-02-14 08:28:01 --> Router Class Initialized
INFO - 2025-02-14 08:28:01 --> Output Class Initialized
INFO - 2025-02-14 08:28:01 --> Security Class Initialized
DEBUG - 2025-02-14 08:28:01 --> Global POST, GET and COOKIE data sanitized
INFO - 2025-02-14 08:28:01 --> Input Class Initialized
INFO - 2025-02-14 08:28:01 --> Language Class Initialized
INFO - 2025-02-14 08:28:01 --> Language Class Initialized
INFO - 2025-02-14 08:28:01 --> Config Class Initialized
INFO - 2025-02-14 08:28:01 --> Loader Class Initialized
INFO - 2025-02-14 08:28:01 --> Helper loaded: url_helper
INFO - 2025-02-14 08:28:01 --> Helper loaded: easyui_helper
INFO - 2025-02-14 08:28:01 --> Helper loaded: param_helper
INFO - 2025-02-14 08:28:01 --> Helper loaded: credential_helper
INFO - 2025-02-14 08:28:01 --> Helper loaded: template_helper
INFO - 2025-02-14 08:28:01 --> Helper loaded: rest_helper
INFO - 2025-02-14 08:28:01 --> Database Driver Class Initialized
DEBUG - 2025-02-14 08:28:01 --> Idgenerator class already loaded. Second attempt ignored.
INFO - 2025-02-14 08:28:01 --> Controller Class Initialized
INFO - 2025-02-14 08:28:01 --> Model Class Initialized
DEBUG - 2025-02-14 08:28:01 --> File loaded: /apps/web-drc/application/modules/conf_setup_pjp/models/Setup_pjp_model.php
INFO - 2025-02-14 08:28:01 --> Model Class Initialized
INFO - 2025-02-14 08:28:01 --> Final output sent to browser
DEBUG - 2025-02-14 08:28:01 --> Total execution time: 0.4872
INFO - 2025-02-14 09:43:32 --> Config Class Initialized
INFO - 2025-02-14 09:43:32 --> Hooks Class Initialized
DEBUG - 2025-02-14 09:43:32 --> UTF-8 Support Enabled
INFO - 2025-02-14 09:43:32 --> Utf8 Class Initialized
INFO - 2025-02-14 09:43:32 --> URI Class Initialized
DEBUG - 2025-02-14 09:43:32 --> No URI present. Default controller set.
INFO - 2025-02-14 09:43:32 --> Router Class Initialized
INFO - 2025-02-14 09:43:32 --> Output Class Initialized
INFO - 2025-02-14 09:43:32 --> Security Class Initialized
DEBUG - 2025-02-14 09:43:32 --> Global POST, GET and COOKIE data sanitized
INFO - 2025-02-14 09:43:32 --> Input Class Initialized
INFO - 2025-02-14 09:43:32 --> Language Class Initialized
INFO - 2025-02-14 09:43:32 --> Language Class Initialized
INFO - 2025-02-14 09:43:32 --> Config Class Initialized
INFO - 2025-02-14 09:43:32 --> Loader Class Initialized
INFO - 2025-02-14 09:43:32 --> Helper loaded: url_helper
INFO - 2025-02-14 09:43:32 --> Helper loaded: easyui_helper
INFO - 2025-02-14 09:43:32 --> Helper loaded: param_helper
INFO - 2025-02-14 09:43:32 --> Helper loaded: credential_helper
INFO - 2025-02-14 09:43:32 --> Helper loaded: template_helper
INFO - 2025-02-14 09:43:32 --> Helper loaded: rest_helper
INFO - 2025-02-14 09:43:32 --> Database Driver Class Initialized
DEBUG - 2025-02-14 09:43:32 --> Idgenerator class already loaded. Second attempt ignored.
INFO - 2025-02-14 09:43:32 --> Controller Class Initialized
DEBUG - 2025-02-14 09:43:32 --> File loaded: /apps/web-drc/application/modules/app_auth/views/login_lte_template.php
DEBUG - 2025-02-14 09:43:32 --> File loaded: /apps/web-drc/application/views/template_login_lte/header.php
DEBUG - 2025-02-14 09:43:32 --> File loaded: /apps/web-drc/application/views/template_login_lte/contents.php
DEBUG - 2025-02-14 09:43:32 --> File loaded: /apps/web-drc/application/views/template_login_lte/default.php
INFO - 2025-02-14 09:43:32 --> Final output sent to browser
DEBUG - 2025-02-14 09:43:32 --> Total execution time: 0.0041
INFO - 2025-02-14 09:43:34 --> Config Class Initialized
INFO - 2025-02-14 09:43:34 --> Hooks Class Initialized
DEBUG - 2025-02-14 09:43:34 --> UTF-8 Support Enabled
INFO - 2025-02-14 09:43:34 --> Utf8 Class Initialized
INFO - 2025-02-14 09:43:34 --> URI Class Initialized
INFO - 2025-02-14 09:43:34 --> Router Class Initialized
INFO - 2025-02-14 09:43:34 --> Output Class Initialized
INFO - 2025-02-14 09:43:34 --> Security Class Initialized
DEBUG - 2025-02-14 09:43:34 --> Global POST, GET and COOKIE data sanitized
INFO - 2025-02-14 09:43:34 --> Input Class Initialized
INFO - 2025-02-14 09:43:34 --> Language Class Initialized
INFO - 2025-02-14 09:43:34 --> Language Class Initialized
INFO - 2025-02-14 09:43:34 --> Config Class Initialized
INFO - 2025-02-14 09:43:34 --> Loader Class Initialized
INFO - 2025-02-14 09:43:34 --> Helper loaded: url_helper
INFO - 2025-02-14 09:43:34 --> Helper loaded: easyui_helper
INFO - 2025-02-14 09:43:34 --> Helper loaded: param_helper
INFO - 2025-02-14 09:43:34 --> Helper loaded: credential_helper
INFO - 2025-02-14 09:43:34 --> Helper loaded: template_helper
INFO - 2025-02-14 09:43:34 --> Helper loaded: rest_helper
INFO - 2025-02-14 09:43:34 --> Database Driver Class Initialized
DEBUG - 2025-02-14 09:43:34 --> Idgenerator class already loaded. Second attempt ignored.
INFO - 2025-02-14 09:43:34 --> Controller Class Initialized
INFO - 2025-02-14 09:43:34 --> Final output sent to browser
DEBUG - 2025-02-14 09:43:34 --> Total execution time: 0.0049
INFO - 2025-02-14 09:43:34 --> Config Class Initialized
INFO - 2025-02-14 09:43:34 --> Hooks Class Initialized
DEBUG - 2025-02-14 09:43:34 --> UTF-8 Support Enabled
INFO - 2025-02-14 09:43:34 --> Utf8 Class Initialized
INFO - 2025-02-14 09:43:34 --> URI Class Initialized
INFO - 2025-02-14 09:43:34 --> Router Class Initialized
INFO - 2025-02-14 09:43:34 --> Output Class Initialized
INFO - 2025-02-14 09:43:34 --> Security Class Initialized
DEBUG - 2025-02-14 09:43:34 --> Global POST, GET and COOKIE data sanitized
INFO - 2025-02-14 09:43:34 --> Input Class Initialized
INFO - 2025-02-14 09:43:34 --> Language Class Initialized
INFO - 2025-02-14 09:43:34 --> Language Class Initialized
INFO - 2025-02-14 09:43:34 --> Config Class Initialized
INFO - 2025-02-14 09:43:34 --> Loader Class Initialized
INFO - 2025-02-14 09:43:34 --> Helper loaded: url_helper
INFO - 2025-02-14 09:43:34 --> Helper loaded: easyui_helper
INFO - 2025-02-14 09:43:34 --> Helper loaded: param_helper
INFO - 2025-02-14 09:43:34 --> Helper loaded: credential_helper
INFO - 2025-02-14 09:43:34 --> Helper loaded: template_helper
INFO - 2025-02-14 09:43:34 --> Helper loaded: rest_helper
INFO - 2025-02-14 09:43:34 --> Database Driver Class Initialized
DEBUG - 2025-02-14 09:43:34 --> Idgenerator class already loaded. Second attempt ignored.
INFO - 2025-02-14 09:43:34 --> Controller Class Initialized
INFO - 2025-02-14 09:43:34 --> Model Class Initialized
DEBUG - 2025-02-14 09:43:34 --> File loaded: /apps/web-drc/application/modules/app_dashboard/models/App_dashboard_model.php
INFO - 2025-02-14 09:43:34 --> Model Class Initialized
DEBUG - 2025-02-14 09:43:34 --> File loaded: /apps/web-drc/application/modules/app_dashboard/views/content.php
DEBUG - 2025-02-14 09:43:34 --> File loaded: /apps/web-drc/application/views/templates/header.php
DEBUG - 2025-02-14 09:43:34 --> File loaded: /apps/web-drc/application/views/templates/toolbar.php
DEBUG - 2025-02-14 09:43:34 --> File loaded: /apps/web-drc/application/views/templates/sidebar.php
DEBUG - 2025-02-14 09:43:34 --> File loaded: /apps/web-drc/application/views/templates/contents.php
DEBUG - 2025-02-14 09:43:34 --> File loaded: /apps/web-drc/application/views/templates/content_footer.php
DEBUG - 2025-02-14 09:43:34 --> File loaded: /apps/web-drc/application/views/templates/footer.php
DEBUG - 2025-02-14 09:43:34 --> File loaded: /apps/web-drc/application/views/templates/default.php
INFO - 2025-02-14 09:43:34 --> Final output sent to browser
DEBUG - 2025-02-14 09:43:34 --> Total execution time: 0.0069
INFO - 2025-02-14 09:43:34 --> Config Class Initialized
INFO - 2025-02-14 09:43:34 --> Hooks Class Initialized
DEBUG - 2025-02-14 09:43:34 --> UTF-8 Support Enabled
INFO - 2025-02-14 09:43:34 --> Utf8 Class Initialized
INFO - 2025-02-14 09:43:34 --> URI Class Initialized
INFO - 2025-02-14 09:43:34 --> Router Class Initialized
INFO - 2025-02-14 09:43:34 --> Output Class Initialized
INFO - 2025-02-14 09:43:34 --> Security Class Initialized
DEBUG - 2025-02-14 09:43:34 --> Global POST, GET and COOKIE data sanitized
INFO - 2025-02-14 09:43:34 --> Input Class Initialized
INFO - 2025-02-14 09:43:34 --> Language Class Initialized
INFO - 2025-02-14 09:43:34 --> Language Class Initialized
INFO - 2025-02-14 09:43:34 --> Config Class Initialized
INFO - 2025-02-14 09:43:34 --> Loader Class Initialized
INFO - 2025-02-14 09:43:34 --> Helper loaded: url_helper
INFO - 2025-02-14 09:43:34 --> Helper loaded: easyui_helper
INFO - 2025-02-14 09:43:34 --> Helper loaded: param_helper
INFO - 2025-02-14 09:43:34 --> Helper loaded: credential_helper
INFO - 2025-02-14 09:43:34 --> Helper loaded: template_helper
INFO - 2025-02-14 09:43:34 --> Helper loaded: rest_helper
INFO - 2025-02-14 09:43:34 --> Database Driver Class Initialized
DEBUG - 2025-02-14 09:43:34 --> Idgenerator class already loaded. Second attempt ignored.
INFO - 2025-02-14 09:43:34 --> Controller Class Initialized
INFO - 2025-02-14 09:43:34 --> Model Class Initialized
DEBUG - 2025-02-14 09:43:34 --> File loaded: /apps/web-drc/application/modules/app_dashboard/models/App_dashboard_model.php
INFO - 2025-02-14 09:43:34 --> Model Class Initialized
INFO - 2025-02-14 09:43:34 --> Final output sent to browser
DEBUG - 2025-02-14 09:43:34 --> Total execution time: 0.0054
INFO - 2025-02-14 09:43:34 --> Config Class Initialized
INFO - 2025-02-14 09:43:34 --> Hooks Class Initialized
DEBUG - 2025-02-14 09:43:34 --> UTF-8 Support Enabled
INFO - 2025-02-14 09:43:34 --> Utf8 Class Initialized
INFO - 2025-02-14 09:43:34 --> URI Class Initialized
INFO - 2025-02-14 09:43:34 --> Router Class Initialized
INFO - 2025-02-14 09:43:34 --> Output Class Initialized
INFO - 2025-02-14 09:43:34 --> Security Class Initialized
DEBUG - 2025-02-14 09:43:34 --> Global POST, GET and COOKIE data sanitized
INFO - 2025-02-14 09:43:34 --> Input Class Initialized
INFO - 2025-02-14 09:43:34 --> Language Class Initialized
INFO - 2025-02-14 09:43:34 --> Language Class Initialized
INFO - 2025-02-14 09:43:34 --> Config Class Initialized
INFO - 2025-02-14 09:43:34 --> Loader Class Initialized
INFO - 2025-02-14 09:43:34 --> Helper loaded: url_helper
INFO - 2025-02-14 09:43:34 --> Helper loaded: easyui_helper
INFO - 2025-02-14 09:43:34 --> Helper loaded: param_helper
INFO - 2025-02-14 09:43:34 --> Helper loaded: credential_helper
INFO - 2025-02-14 09:43:34 --> Helper loaded: template_helper
INFO - 2025-02-14 09:43:34 --> Helper loaded: rest_helper
INFO - 2025-02-14 09:43:34 --> Database Driver Class Initialized
DEBUG - 2025-02-14 09:43:34 --> Idgenerator class already loaded. Second attempt ignored.
INFO - 2025-02-14 09:43:34 --> Controller Class Initialized
INFO - 2025-02-14 09:43:34 --> Model Class Initialized
DEBUG - 2025-02-14 09:43:34 --> File loaded: /apps/web-drc/application/modules/api_v1/models/Api_v1_model.php
INFO - 2025-02-14 09:43:34 --> Model Class Initialized
INFO - 2025-02-14 09:43:34 --> Final output sent to browser
DEBUG - 2025-02-14 09:43:34 --> Total execution time: 0.0032
INFO - 2025-02-14 09:43:40 --> Config Class Initialized
INFO - 2025-02-14 09:43:40 --> Hooks Class Initialized
DEBUG - 2025-02-14 09:43:40 --> UTF-8 Support Enabled
INFO - 2025-02-14 09:43:40 --> Utf8 Class Initialized
INFO - 2025-02-14 09:43:40 --> URI Class Initialized
INFO - 2025-02-14 09:43:40 --> Router Class Initialized
INFO - 2025-02-14 09:43:40 --> Output Class Initialized
INFO - 2025-02-14 09:43:40 --> Security Class Initialized
DEBUG - 2025-02-14 09:43:40 --> Global POST, GET and COOKIE data sanitized
INFO - 2025-02-14 09:43:40 --> Input Class Initialized
INFO - 2025-02-14 09:43:40 --> Language Class Initialized
INFO - 2025-02-14 09:43:40 --> Language Class Initialized
INFO - 2025-02-14 09:43:40 --> Config Class Initialized
INFO - 2025-02-14 09:43:40 --> Loader Class Initialized
INFO - 2025-02-14 09:43:40 --> Helper loaded: url_helper
INFO - 2025-02-14 09:43:40 --> Helper loaded: easyui_helper
INFO - 2025-02-14 09:43:40 --> Helper loaded: param_helper
INFO - 2025-02-14 09:43:40 --> Helper loaded: credential_helper
INFO - 2025-02-14 09:43:40 --> Helper loaded: template_helper
INFO - 2025-02-14 09:43:40 --> Helper loaded: rest_helper
INFO - 2025-02-14 09:43:40 --> Database Driver Class Initialized
DEBUG - 2025-02-14 09:43:40 --> Idgenerator class already loaded. Second attempt ignored.
INFO - 2025-02-14 09:43:41 --> Controller Class Initialized
INFO - 2025-02-14 09:43:41 --> Model Class Initialized
DEBUG - 2025-02-14 09:43:41 --> File loaded: /apps/web-drc/application/modules/ref_request_new_outlet/models/Request_new_outlet_model.php
INFO - 2025-02-14 09:43:41 --> Model Class Initialized
DEBUG - 2025-02-14 09:43:41 --> File loaded: /apps/web-drc/application/modules/ref_request_new_outlet/views/content.php
DEBUG - 2025-02-14 09:43:41 --> File loaded: /apps/web-drc/application/views/templates/header.php
DEBUG - 2025-02-14 09:43:41 --> File loaded: /apps/web-drc/application/views/templates/toolbar.php
DEBUG - 2025-02-14 09:43:41 --> File loaded: /apps/web-drc/application/views/templates/sidebar.php
DEBUG - 2025-02-14 09:43:41 --> File loaded: /apps/web-drc/application/views/templates/contents.php
DEBUG - 2025-02-14 09:43:41 --> File loaded: /apps/web-drc/application/views/templates/content_footer.php
DEBUG - 2025-02-14 09:43:41 --> File loaded: /apps/web-drc/application/views/templates/footer.php
DEBUG - 2025-02-14 09:43:41 --> File loaded: /apps/web-drc/application/views/templates/default.php
INFO - 2025-02-14 09:43:41 --> Final output sent to browser
DEBUG - 2025-02-14 09:43:41 --> Total execution time: 0.0132
INFO - 2025-02-14 09:43:41 --> Config Class Initialized
INFO - 2025-02-14 09:43:41 --> Hooks Class Initialized
DEBUG - 2025-02-14 09:43:41 --> UTF-8 Support Enabled
INFO - 2025-02-14 09:43:41 --> Utf8 Class Initialized
INFO - 2025-02-14 09:43:41 --> URI Class Initialized
INFO - 2025-02-14 09:43:41 --> Router Class Initialized
INFO - 2025-02-14 09:43:41 --> Output Class Initialized
INFO - 2025-02-14 09:43:41 --> Security Class Initialized
DEBUG - 2025-02-14 09:43:41 --> Global POST, GET and COOKIE data sanitized
INFO - 2025-02-14 09:43:41 --> Input Class Initialized
INFO - 2025-02-14 09:43:41 --> Language Class Initialized
INFO - 2025-02-14 09:43:41 --> Language Class Initialized
INFO - 2025-02-14 09:43:41 --> Config Class Initialized
INFO - 2025-02-14 09:43:41 --> Loader Class Initialized
INFO - 2025-02-14 09:43:41 --> Helper loaded: url_helper
INFO - 2025-02-14 09:43:41 --> Helper loaded: easyui_helper
INFO - 2025-02-14 09:43:41 --> Helper loaded: param_helper
INFO - 2025-02-14 09:43:41 --> Helper loaded: credential_helper
INFO - 2025-02-14 09:43:41 --> Helper loaded: template_helper
INFO - 2025-02-14 09:43:41 --> Helper loaded: rest_helper
INFO - 2025-02-14 09:43:41 --> Database Driver Class Initialized
DEBUG - 2025-02-14 09:43:41 --> Idgenerator class already loaded. Second attempt ignored.
INFO - 2025-02-14 09:43:41 --> Controller Class Initialized
INFO - 2025-02-14 09:43:41 --> Model Class Initialized
DEBUG - 2025-02-14 09:43:41 --> File loaded: /apps/web-drc/application/modules/ref_request_new_outlet/models/Request_new_outlet_model.php
INFO - 2025-02-14 09:43:41 --> Model Class Initialized
INFO - 2025-02-14 09:43:41 --> Final output sent to browser
DEBUG - 2025-02-14 09:43:41 --> Total execution time: 0.0046
INFO - 2025-02-14 09:43:47 --> Config Class Initialized
INFO - 2025-02-14 09:43:47 --> Hooks Class Initialized
DEBUG - 2025-02-14 09:43:47 --> UTF-8 Support Enabled
INFO - 2025-02-14 09:43:47 --> Utf8 Class Initialized
INFO - 2025-02-14 09:43:47 --> URI Class Initialized
INFO - 2025-02-14 09:43:47 --> Router Class Initialized
INFO - 2025-02-14 09:43:47 --> Output Class Initialized
INFO - 2025-02-14 09:43:47 --> Security Class Initialized
DEBUG - 2025-02-14 09:43:47 --> Global POST, GET and COOKIE data sanitized
INFO - 2025-02-14 09:43:47 --> Input Class Initialized
INFO - 2025-02-14 09:43:47 --> Language Class Initialized
INFO - 2025-02-14 09:43:47 --> Language Class Initialized
INFO - 2025-02-14 09:43:47 --> Config Class Initialized
INFO - 2025-02-14 09:43:47 --> Loader Class Initialized
INFO - 2025-02-14 09:43:47 --> Helper loaded: url_helper
INFO - 2025-02-14 09:43:47 --> Helper loaded: easyui_helper
INFO - 2025-02-14 09:43:47 --> Helper loaded: param_helper
INFO - 2025-02-14 09:43:47 --> Helper loaded: credential_helper
INFO - 2025-02-14 09:43:47 --> Helper loaded: template_helper
INFO - 2025-02-14 09:43:47 --> Helper loaded: rest_helper
INFO - 2025-02-14 09:43:47 --> Database Driver Class Initialized
DEBUG - 2025-02-14 09:43:47 --> Idgenerator class already loaded. Second attempt ignored.
INFO - 2025-02-14 09:43:47 --> Controller Class Initialized
INFO - 2025-02-14 09:43:47 --> Model Class Initialized
DEBUG - 2025-02-14 09:43:47 --> File loaded: /apps/web-drc/application/modules/ref_request_new_outlet/models/Request_new_outlet_model.php
INFO - 2025-02-14 09:43:47 --> Model Class Initialized
DEBUG - 2025-02-14 09:43:47 --> File loaded: /apps/web-drc/application/modules/ref_request_new_outlet/views/content.php
DEBUG - 2025-02-14 09:43:47 --> File loaded: /apps/web-drc/application/views/templates/header.php
DEBUG - 2025-02-14 09:43:47 --> File loaded: /apps/web-drc/application/views/templates/toolbar.php
DEBUG - 2025-02-14 09:43:47 --> File loaded: /apps/web-drc/application/views/templates/sidebar.php
DEBUG - 2025-02-14 09:43:47 --> File loaded: /apps/web-drc/application/views/templates/contents.php
DEBUG - 2025-02-14 09:43:47 --> File loaded: /apps/web-drc/application/views/templates/content_footer.php
DEBUG - 2025-02-14 09:43:47 --> File loaded: /apps/web-drc/application/views/templates/footer.php
DEBUG - 2025-02-14 09:43:47 --> File loaded: /apps/web-drc/application/views/templates/default.php
INFO - 2025-02-14 09:43:47 --> Final output sent to browser
DEBUG - 2025-02-14 09:43:47 --> Total execution time: 0.0066
INFO - 2025-02-14 09:43:48 --> Config Class Initialized
INFO - 2025-02-14 09:43:48 --> Hooks Class Initialized
DEBUG - 2025-02-14 09:43:48 --> UTF-8 Support Enabled
INFO - 2025-02-14 09:43:48 --> Utf8 Class Initialized
INFO - 2025-02-14 09:43:48 --> URI Class Initialized
INFO - 2025-02-14 09:43:48 --> Router Class Initialized
INFO - 2025-02-14 09:43:48 --> Output Class Initialized
INFO - 2025-02-14 09:43:48 --> Security Class Initialized
DEBUG - 2025-02-14 09:43:48 --> Global POST, GET and COOKIE data sanitized
INFO - 2025-02-14 09:43:48 --> Input Class Initialized
INFO - 2025-02-14 09:43:48 --> Language Class Initialized
INFO - 2025-02-14 09:43:48 --> Language Class Initialized
INFO - 2025-02-14 09:43:48 --> Config Class Initialized
INFO - 2025-02-14 09:43:48 --> Loader Class Initialized
INFO - 2025-02-14 09:43:48 --> Helper loaded: url_helper
INFO - 2025-02-14 09:43:48 --> Helper loaded: easyui_helper
INFO - 2025-02-14 09:43:48 --> Helper loaded: param_helper
INFO - 2025-02-14 09:43:48 --> Helper loaded: credential_helper
INFO - 2025-02-14 09:43:48 --> Helper loaded: template_helper
INFO - 2025-02-14 09:43:48 --> Helper loaded: rest_helper
INFO - 2025-02-14 09:43:48 --> Database Driver Class Initialized
DEBUG - 2025-02-14 09:43:48 --> Idgenerator class already loaded. Second attempt ignored.
INFO - 2025-02-14 09:43:48 --> Controller Class Initialized
INFO - 2025-02-14 09:43:48 --> Model Class Initialized
DEBUG - 2025-02-14 09:43:48 --> File loaded: /apps/web-drc/application/modules/ref_request_new_outlet/models/Request_new_outlet_model.php
INFO - 2025-02-14 09:43:48 --> Model Class Initialized
INFO - 2025-02-14 09:43:48 --> Final output sent to browser
DEBUG - 2025-02-14 09:43:48 --> Total execution time: 0.0043
INFO - 2025-02-14 09:43:57 --> Config Class Initialized
INFO - 2025-02-14 09:43:57 --> Hooks Class Initialized
DEBUG - 2025-02-14 09:43:57 --> UTF-8 Support Enabled
INFO - 2025-02-14 09:43:57 --> Utf8 Class Initialized
INFO - 2025-02-14 09:43:57 --> URI Class Initialized
INFO - 2025-02-14 09:43:57 --> Router Class Initialized
INFO - 2025-02-14 09:43:57 --> Output Class Initialized
INFO - 2025-02-14 09:43:57 --> Security Class Initialized
DEBUG - 2025-02-14 09:43:57 --> Global POST, GET and COOKIE data sanitized
INFO - 2025-02-14 09:43:57 --> Input Class Initialized
INFO - 2025-02-14 09:43:57 --> Language Class Initialized
INFO - 2025-02-14 09:43:57 --> Language Class Initialized
INFO - 2025-02-14 09:43:57 --> Config Class Initialized
INFO - 2025-02-14 09:43:57 --> Loader Class Initialized
INFO - 2025-02-14 09:43:57 --> Helper loaded: url_helper
INFO - 2025-02-14 09:43:57 --> Helper loaded: easyui_helper
INFO - 2025-02-14 09:43:57 --> Helper loaded: param_helper
INFO - 2025-02-14 09:43:57 --> Helper loaded: credential_helper
INFO - 2025-02-14 09:43:57 --> Helper loaded: template_helper
INFO - 2025-02-14 09:43:57 --> Helper loaded: rest_helper
INFO - 2025-02-14 09:43:57 --> Database Driver Class Initialized
DEBUG - 2025-02-14 09:43:57 --> Idgenerator class already loaded. Second attempt ignored.
INFO - 2025-02-14 09:43:57 --> Controller Class Initialized
INFO - 2025-02-14 09:43:57 --> Model Class Initialized
DEBUG - 2025-02-14 09:43:57 --> File loaded: /apps/web-drc/application/modules/ref_request_new_outlet/models/Request_new_outlet_model.php
INFO - 2025-02-14 09:43:57 --> Model Class Initialized
DEBUG - 2025-02-14 09:43:57 --> File loaded: /apps/web-drc/application/modules/ref_request_new_outlet/views/content.php
DEBUG - 2025-02-14 09:43:57 --> File loaded: /apps/web-drc/application/views/templates/header.php
DEBUG - 2025-02-14 09:43:57 --> File loaded: /apps/web-drc/application/views/templates/toolbar.php
DEBUG - 2025-02-14 09:43:57 --> File loaded: /apps/web-drc/application/views/templates/sidebar.php
DEBUG - 2025-02-14 09:43:57 --> File loaded: /apps/web-drc/application/views/templates/contents.php
DEBUG - 2025-02-14 09:43:57 --> File loaded: /apps/web-drc/application/views/templates/content_footer.php
DEBUG - 2025-02-14 09:43:57 --> File loaded: /apps/web-drc/application/views/templates/footer.php
DEBUG - 2025-02-14 09:43:57 --> File loaded: /apps/web-drc/application/views/templates/default.php
INFO - 2025-02-14 09:43:57 --> Final output sent to browser
DEBUG - 2025-02-14 09:43:57 --> Total execution time: 0.0076
INFO - 2025-02-14 09:43:57 --> Config Class Initialized
INFO - 2025-02-14 09:43:57 --> Hooks Class Initialized
DEBUG - 2025-02-14 09:43:57 --> UTF-8 Support Enabled
INFO - 2025-02-14 09:43:57 --> Utf8 Class Initialized
INFO - 2025-02-14 09:43:57 --> URI Class Initialized
INFO - 2025-02-14 09:43:57 --> Router Class Initialized
INFO - 2025-02-14 09:43:57 --> Output Class Initialized
INFO - 2025-02-14 09:43:57 --> Security Class Initialized
DEBUG - 2025-02-14 09:43:57 --> Global POST, GET and COOKIE data sanitized
INFO - 2025-02-14 09:43:57 --> Input Class Initialized
INFO - 2025-02-14 09:43:57 --> Language Class Initialized
INFO - 2025-02-14 09:43:57 --> Language Class Initialized
INFO - 2025-02-14 09:43:57 --> Config Class Initialized
INFO - 2025-02-14 09:43:57 --> Loader Class Initialized
INFO - 2025-02-14 09:43:57 --> Helper loaded: url_helper
INFO - 2025-02-14 09:43:57 --> Helper loaded: easyui_helper
INFO - 2025-02-14 09:43:57 --> Helper loaded: param_helper
INFO - 2025-02-14 09:43:57 --> Helper loaded: credential_helper
INFO - 2025-02-14 09:43:57 --> Helper loaded: template_helper
INFO - 2025-02-14 09:43:57 --> Helper loaded: rest_helper
INFO - 2025-02-14 09:43:57 --> Database Driver Class Initialized
DEBUG - 2025-02-14 09:43:57 --> Idgenerator class already loaded. Second attempt ignored.
INFO - 2025-02-14 09:43:57 --> Controller Class Initialized
INFO - 2025-02-14 09:43:57 --> Model Class Initialized
DEBUG - 2025-02-14 09:43:57 --> File loaded: /apps/web-drc/application/modules/ref_request_new_outlet/models/Request_new_outlet_model.php
INFO - 2025-02-14 09:43:57 --> Model Class Initialized
INFO - 2025-02-14 09:43:57 --> Final output sent to browser
DEBUG - 2025-02-14 09:43:57 --> Total execution time: 0.0068
INFO - 2025-02-14 09:45:05 --> Config Class Initialized
INFO - 2025-02-14 09:45:05 --> Hooks Class Initialized
DEBUG - 2025-02-14 09:45:05 --> UTF-8 Support Enabled
INFO - 2025-02-14 09:45:05 --> Utf8 Class Initialized
INFO - 2025-02-14 09:45:05 --> URI Class Initialized
INFO - 2025-02-14 09:45:05 --> Router Class Initialized
INFO - 2025-02-14 09:45:05 --> Output Class Initialized
INFO - 2025-02-14 09:45:05 --> Security Class Initialized
DEBUG - 2025-02-14 09:45:05 --> Global POST, GET and COOKIE data sanitized
INFO - 2025-02-14 09:45:05 --> Input Class Initialized
INFO - 2025-02-14 09:45:05 --> Language Class Initialized
INFO - 2025-02-14 09:45:05 --> Language Class Initialized
INFO - 2025-02-14 09:45:05 --> Config Class Initialized
INFO - 2025-02-14 09:45:05 --> Loader Class Initialized
INFO - 2025-02-14 09:45:05 --> Helper loaded: url_helper
INFO - 2025-02-14 09:45:05 --> Helper loaded: easyui_helper
INFO - 2025-02-14 09:45:05 --> Helper loaded: param_helper
INFO - 2025-02-14 09:45:05 --> Helper loaded: credential_helper
INFO - 2025-02-14 09:45:05 --> Helper loaded: template_helper
INFO - 2025-02-14 09:45:05 --> Helper loaded: rest_helper
INFO - 2025-02-14 09:45:05 --> Database Driver Class Initialized
DEBUG - 2025-02-14 09:45:05 --> Idgenerator class already loaded. Second attempt ignored.
INFO - 2025-02-14 09:45:05 --> Controller Class Initialized
INFO - 2025-02-14 09:45:05 --> Model Class Initialized
DEBUG - 2025-02-14 09:45:05 --> File loaded: /apps/web-drc/application/modules/ref_request_new_outlet/models/Request_new_outlet_model.php
INFO - 2025-02-14 09:45:05 --> Model Class Initialized
DEBUG - 2025-02-14 09:45:05 --> File loaded: /apps/web-drc/application/modules/ref_request_new_outlet/views/content.php
DEBUG - 2025-02-14 09:45:05 --> File loaded: /apps/web-drc/application/views/templates/header.php
DEBUG - 2025-02-14 09:45:05 --> File loaded: /apps/web-drc/application/views/templates/toolbar.php
DEBUG - 2025-02-14 09:45:05 --> File loaded: /apps/web-drc/application/views/templates/sidebar.php
DEBUG - 2025-02-14 09:45:05 --> File loaded: /apps/web-drc/application/views/templates/contents.php
DEBUG - 2025-02-14 09:45:05 --> File loaded: /apps/web-drc/application/views/templates/content_footer.php
DEBUG - 2025-02-14 09:45:05 --> File loaded: /apps/web-drc/application/views/templates/footer.php
DEBUG - 2025-02-14 09:45:05 --> File loaded: /apps/web-drc/application/views/templates/default.php
INFO - 2025-02-14 09:45:05 --> Final output sent to browser
DEBUG - 2025-02-14 09:45:05 --> Total execution time: 0.0092
INFO - 2025-02-14 09:45:05 --> Config Class Initialized
INFO - 2025-02-14 09:45:05 --> Hooks Class Initialized
DEBUG - 2025-02-14 09:45:05 --> UTF-8 Support Enabled
INFO - 2025-02-14 09:45:05 --> Utf8 Class Initialized
INFO - 2025-02-14 09:45:05 --> URI Class Initialized
INFO - 2025-02-14 09:45:05 --> Router Class Initialized
INFO - 2025-02-14 09:45:05 --> Output Class Initialized
INFO - 2025-02-14 09:45:05 --> Security Class Initialized
DEBUG - 2025-02-14 09:45:05 --> Global POST, GET and COOKIE data sanitized
INFO - 2025-02-14 09:45:05 --> Input Class Initialized
INFO - 2025-02-14 09:45:05 --> Language Class Initialized
INFO - 2025-02-14 09:45:05 --> Language Class Initialized
INFO - 2025-02-14 09:45:05 --> Config Class Initialized
INFO - 2025-02-14 09:45:05 --> Loader Class Initialized
INFO - 2025-02-14 09:45:05 --> Helper loaded: url_helper
INFO - 2025-02-14 09:45:05 --> Helper loaded: easyui_helper
INFO - 2025-02-14 09:45:05 --> Helper loaded: param_helper
INFO - 2025-02-14 09:45:05 --> Helper loaded: credential_helper
INFO - 2025-02-14 09:45:05 --> Helper loaded: template_helper
INFO - 2025-02-14 09:45:05 --> Helper loaded: rest_helper
INFO - 2025-02-14 09:45:05 --> Database Driver Class Initialized
DEBUG - 2025-02-14 09:45:05 --> Idgenerator class already loaded. Second attempt ignored.
INFO - 2025-02-14 09:45:05 --> Controller Class Initialized
INFO - 2025-02-14 09:45:05 --> Model Class Initialized
DEBUG - 2025-02-14 09:45:05 --> File loaded: /apps/web-drc/application/modules/ref_request_new_outlet/models/Request_new_outlet_model.php
INFO - 2025-02-14 09:45:05 --> Model Class Initialized
INFO - 2025-02-14 09:45:05 --> Final output sent to browser
DEBUG - 2025-02-14 09:45:05 --> Total execution time: 0.0057
INFO - 2025-02-14 09:58:49 --> Config Class Initialized
INFO - 2025-02-14 09:58:49 --> Hooks Class Initialized
DEBUG - 2025-02-14 09:58:49 --> UTF-8 Support Enabled
INFO - 2025-02-14 09:58:49 --> Utf8 Class Initialized
INFO - 2025-02-14 09:58:49 --> URI Class Initialized
INFO - 2025-02-14 09:58:49 --> Router Class Initialized
INFO - 2025-02-14 09:58:49 --> Output Class Initialized
INFO - 2025-02-14 09:58:49 --> Security Class Initialized
DEBUG - 2025-02-14 09:58:49 --> Global POST, GET and COOKIE data sanitized
INFO - 2025-02-14 09:58:49 --> Input Class Initialized
INFO - 2025-02-14 09:58:49 --> Language Class Initialized
INFO - 2025-02-14 09:58:49 --> Language Class Initialized
INFO - 2025-02-14 09:58:49 --> Config Class Initialized
INFO - 2025-02-14 09:58:49 --> Loader Class Initialized
INFO - 2025-02-14 09:58:49 --> Helper loaded: url_helper
INFO - 2025-02-14 09:58:49 --> Helper loaded: easyui_helper
INFO - 2025-02-14 09:58:49 --> Helper loaded: param_helper
INFO - 2025-02-14 09:58:49 --> Helper loaded: credential_helper
INFO - 2025-02-14 09:58:49 --> Helper loaded: template_helper
INFO - 2025-02-14 09:58:49 --> Helper loaded: rest_helper
INFO - 2025-02-14 09:58:49 --> Database Driver Class Initialized
DEBUG - 2025-02-14 09:58:49 --> Idgenerator class already loaded. Second attempt ignored.
INFO - 2025-02-14 09:58:49 --> Controller Class Initialized
INFO - 2025-02-14 09:58:49 --> Model Class Initialized
DEBUG - 2025-02-14 09:58:49 --> File loaded: /apps/web-drc/application/modules/app_dashboard/models/App_dashboard_model.php
INFO - 2025-02-14 09:58:49 --> Model Class Initialized
DEBUG - 2025-02-14 09:58:49 --> File loaded: /apps/web-drc/application/modules/app_dashboard/views/content.php
DEBUG - 2025-02-14 09:58:49 --> File loaded: /apps/web-drc/application/views/templates/header.php
DEBUG - 2025-02-14 09:58:49 --> File loaded: /apps/web-drc/application/views/templates/toolbar.php
DEBUG - 2025-02-14 09:58:49 --> File loaded: /apps/web-drc/application/views/templates/sidebar.php
DEBUG - 2025-02-14 09:58:49 --> File loaded: /apps/web-drc/application/views/templates/contents.php
DEBUG - 2025-02-14 09:58:49 --> File loaded: /apps/web-drc/application/views/templates/content_footer.php
DEBUG - 2025-02-14 09:58:49 --> File loaded: /apps/web-drc/application/views/templates/footer.php
DEBUG - 2025-02-14 09:58:49 --> File loaded: /apps/web-drc/application/views/templates/default.php
INFO - 2025-02-14 09:58:49 --> Final output sent to browser
DEBUG - 2025-02-14 09:58:49 --> Total execution time: 0.0065
INFO - 2025-02-14 09:58:49 --> Config Class Initialized
INFO - 2025-02-14 09:58:49 --> Hooks Class Initialized
DEBUG - 2025-02-14 09:58:49 --> UTF-8 Support Enabled
INFO - 2025-02-14 09:58:49 --> Utf8 Class Initialized
INFO - 2025-02-14 09:58:49 --> URI Class Initialized
INFO - 2025-02-14 09:58:49 --> Router Class Initialized
INFO - 2025-02-14 09:58:49 --> Output Class Initialized
INFO - 2025-02-14 09:58:49 --> Security Class Initialized
DEBUG - 2025-02-14 09:58:49 --> Global POST, GET and COOKIE data sanitized
INFO - 2025-02-14 09:58:49 --> Input Class Initialized
INFO - 2025-02-14 09:58:49 --> Language Class Initialized
INFO - 2025-02-14 09:58:49 --> Language Class Initialized
INFO - 2025-02-14 09:58:49 --> Config Class Initialized
INFO - 2025-02-14 09:58:49 --> Loader Class Initialized
INFO - 2025-02-14 09:58:49 --> Helper loaded: url_helper
INFO - 2025-02-14 09:58:49 --> Helper loaded: easyui_helper
INFO - 2025-02-14 09:58:49 --> Helper loaded: param_helper
INFO - 2025-02-14 09:58:49 --> Helper loaded: credential_helper
INFO - 2025-02-14 09:58:49 --> Helper loaded: template_helper
INFO - 2025-02-14 09:58:49 --> Helper loaded: rest_helper
INFO - 2025-02-14 09:58:49 --> Database Driver Class Initialized
DEBUG - 2025-02-14 09:58:49 --> Idgenerator class already loaded. Second attempt ignored.
INFO - 2025-02-14 09:58:49 --> Controller Class Initialized
INFO - 2025-02-14 09:58:49 --> Model Class Initialized
DEBUG - 2025-02-14 09:58:49 --> File loaded: /apps/web-drc/application/modules/app_dashboard/models/App_dashboard_model.php
INFO - 2025-02-14 09:58:49 --> Model Class Initialized
INFO - 2025-02-14 09:58:49 --> Final output sent to browser
DEBUG - 2025-02-14 09:58:49 --> Total execution time: 0.0060
INFO - 2025-02-14 09:58:49 --> Config Class Initialized
INFO - 2025-02-14 09:58:49 --> Hooks Class Initialized
DEBUG - 2025-02-14 09:58:49 --> UTF-8 Support Enabled
INFO - 2025-02-14 09:58:49 --> Utf8 Class Initialized
INFO - 2025-02-14 09:58:49 --> URI Class Initialized
INFO - 2025-02-14 09:58:49 --> Router Class Initialized
INFO - 2025-02-14 09:58:49 --> Output Class Initialized
INFO - 2025-02-14 09:58:49 --> Security Class Initialized
DEBUG - 2025-02-14 09:58:49 --> Global POST, GET and COOKIE data sanitized
INFO - 2025-02-14 09:58:49 --> Input Class Initialized
INFO - 2025-02-14 09:58:49 --> Language Class Initialized
INFO - 2025-02-14 09:58:49 --> Language Class Initialized
INFO - 2025-02-14 09:58:49 --> Config Class Initialized
INFO - 2025-02-14 09:58:49 --> Loader Class Initialized
INFO - 2025-02-14 09:58:49 --> Helper loaded: url_helper
INFO - 2025-02-14 09:58:49 --> Helper loaded: easyui_helper
INFO - 2025-02-14 09:58:49 --> Helper loaded: param_helper
INFO - 2025-02-14 09:58:49 --> Helper loaded: credential_helper
INFO - 2025-02-14 09:58:49 --> Helper loaded: template_helper
INFO - 2025-02-14 09:58:49 --> Helper loaded: rest_helper
INFO - 2025-02-14 09:58:49 --> Database Driver Class Initialized
DEBUG - 2025-02-14 09:58:49 --> Idgenerator class already loaded. Second attempt ignored.
INFO - 2025-02-14 09:58:49 --> Controller Class Initialized
INFO - 2025-02-14 09:58:49 --> Model Class Initialized
DEBUG - 2025-02-14 09:58:49 --> File loaded: /apps/web-drc/application/modules/api_v1/models/Api_v1_model.php
INFO - 2025-02-14 09:58:49 --> Model Class Initialized
INFO - 2025-02-14 09:58:49 --> Final output sent to browser
DEBUG - 2025-02-14 09:58:49 --> Total execution time: 0.0029
INFO - 2025-02-14 09:58:57 --> Config Class Initialized
INFO - 2025-02-14 09:58:57 --> Hooks Class Initialized
DEBUG - 2025-02-14 09:58:57 --> UTF-8 Support Enabled
INFO - 2025-02-14 09:58:57 --> Utf8 Class Initialized
INFO - 2025-02-14 09:58:57 --> URI Class Initialized
INFO - 2025-02-14 09:58:57 --> Router Class Initialized
INFO - 2025-02-14 09:58:57 --> Output Class Initialized
INFO - 2025-02-14 09:58:57 --> Security Class Initialized
DEBUG - 2025-02-14 09:58:57 --> Global POST, GET and COOKIE data sanitized
INFO - 2025-02-14 09:58:57 --> Input Class Initialized
INFO - 2025-02-14 09:58:57 --> Language Class Initialized
INFO - 2025-02-14 09:58:57 --> Language Class Initialized
INFO - 2025-02-14 09:58:57 --> Config Class Initialized
INFO - 2025-02-14 09:58:57 --> Loader Class Initialized
INFO - 2025-02-14 09:58:57 --> Helper loaded: url_helper
INFO - 2025-02-14 09:58:57 --> Helper loaded: easyui_helper
INFO - 2025-02-14 09:58:57 --> Helper loaded: param_helper
INFO - 2025-02-14 09:58:57 --> Helper loaded: credential_helper
INFO - 2025-02-14 09:58:57 --> Helper loaded: template_helper
INFO - 2025-02-14 09:58:57 --> Helper loaded: rest_helper
INFO - 2025-02-14 09:58:57 --> Database Driver Class Initialized
DEBUG - 2025-02-14 09:58:57 --> Idgenerator class already loaded. Second attempt ignored.
INFO - 2025-02-14 09:58:57 --> Controller Class Initialized
INFO - 2025-02-14 09:58:57 --> Model Class Initialized
DEBUG - 2025-02-14 09:58:57 --> File loaded: /apps/web-drc/application/modules/app_dashboard/models/App_dashboard_model.php
INFO - 2025-02-14 09:58:57 --> Model Class Initialized
INFO - 2025-02-14 09:58:57 --> Final output sent to browser
DEBUG - 2025-02-14 09:58:57 --> Total execution time: 0.0209
INFO - 2025-02-14 09:59:07 --> Config Class Initialized
INFO - 2025-02-14 09:59:07 --> Hooks Class Initialized
DEBUG - 2025-02-14 09:59:07 --> UTF-8 Support Enabled
INFO - 2025-02-14 09:59:07 --> Utf8 Class Initialized
INFO - 2025-02-14 09:59:07 --> URI Class Initialized
INFO - 2025-02-14 09:59:07 --> Router Class Initialized
INFO - 2025-02-14 09:59:07 --> Output Class Initialized
INFO - 2025-02-14 09:59:07 --> Security Class Initialized
DEBUG - 2025-02-14 09:59:07 --> Global POST, GET and COOKIE data sanitized
INFO - 2025-02-14 09:59:07 --> Input Class Initialized
INFO - 2025-02-14 09:59:07 --> Language Class Initialized
INFO - 2025-02-14 09:59:07 --> Language Class Initialized
INFO - 2025-02-14 09:59:07 --> Config Class Initialized
INFO - 2025-02-14 09:59:07 --> Loader Class Initialized
INFO - 2025-02-14 09:59:07 --> Helper loaded: url_helper
INFO - 2025-02-14 09:59:07 --> Helper loaded: easyui_helper
INFO - 2025-02-14 09:59:07 --> Helper loaded: param_helper
INFO - 2025-02-14 09:59:07 --> Helper loaded: credential_helper
INFO - 2025-02-14 09:59:07 --> Helper loaded: template_helper
INFO - 2025-02-14 09:59:07 --> Helper loaded: rest_helper
INFO - 2025-02-14 09:59:07 --> Database Driver Class Initialized
DEBUG - 2025-02-14 09:59:07 --> Idgenerator class already loaded. Second attempt ignored.
INFO - 2025-02-14 09:59:07 --> Controller Class Initialized
INFO - 2025-02-14 09:59:07 --> Model Class Initialized
DEBUG - 2025-02-14 09:59:07 --> File loaded: /apps/web-drc/application/modules/app_dashboard/models/App_dashboard_model.php
INFO - 2025-02-14 09:59:07 --> Model Class Initialized
INFO - 2025-02-14 09:59:08 --> Final output sent to browser
DEBUG - 2025-02-14 09:59:08 --> Total execution time: 0.4396
INFO - 2025-02-14 10:00:14 --> Config Class Initialized
INFO - 2025-02-14 10:00:14 --> Hooks Class Initialized
DEBUG - 2025-02-14 10:00:14 --> UTF-8 Support Enabled
INFO - 2025-02-14 10:00:14 --> Utf8 Class Initialized
INFO - 2025-02-14 10:00:14 --> URI Class Initialized
INFO - 2025-02-14 10:00:14 --> Router Class Initialized
INFO - 2025-02-14 10:00:14 --> Output Class Initialized
INFO - 2025-02-14 10:00:14 --> Security Class Initialized
DEBUG - 2025-02-14 10:00:14 --> Global POST, GET and COOKIE data sanitized
INFO - 2025-02-14 10:00:14 --> Input Class Initialized
INFO - 2025-02-14 10:00:14 --> Language Class Initialized
INFO - 2025-02-14 10:00:14 --> Language Class Initialized
INFO - 2025-02-14 10:00:14 --> Config Class Initialized
INFO - 2025-02-14 10:00:14 --> Loader Class Initialized
INFO - 2025-02-14 10:00:14 --> Helper loaded: url_helper
INFO - 2025-02-14 10:00:14 --> Helper loaded: easyui_helper
INFO - 2025-02-14 10:00:14 --> Helper loaded: param_helper
INFO - 2025-02-14 10:00:14 --> Helper loaded: credential_helper
INFO - 2025-02-14 10:00:14 --> Helper loaded: template_helper
INFO - 2025-02-14 10:00:14 --> Helper loaded: rest_helper
INFO - 2025-02-14 10:00:14 --> Database Driver Class Initialized
DEBUG - 2025-02-14 10:00:14 --> Idgenerator class already loaded. Second attempt ignored.
INFO - 2025-02-14 10:00:14 --> Controller Class Initialized
INFO - 2025-02-14 10:00:14 --> Model Class Initialized
DEBUG - 2025-02-14 10:00:14 --> File loaded: /apps/web-drc/application/modules/conf_setup_pjp/models/Setup_pjp_model.php
INFO - 2025-02-14 10:00:14 --> Model Class Initialized
DEBUG - 2025-02-14 10:00:14 --> File loaded: /apps/web-drc/application/modules/conf_setup_pjp/views/content.php
DEBUG - 2025-02-14 10:00:14 --> File loaded: /apps/web-drc/application/views/templates/header.php
DEBUG - 2025-02-14 10:00:14 --> File loaded: /apps/web-drc/application/views/templates/toolbar.php
DEBUG - 2025-02-14 10:00:14 --> File loaded: /apps/web-drc/application/views/templates/sidebar.php
DEBUG - 2025-02-14 10:00:14 --> File loaded: /apps/web-drc/application/views/templates/contents.php
DEBUG - 2025-02-14 10:00:14 --> File loaded: /apps/web-drc/application/views/templates/content_footer.php
DEBUG - 2025-02-14 10:00:14 --> File loaded: /apps/web-drc/application/views/templates/footer.php
DEBUG - 2025-02-14 10:00:14 --> File loaded: /apps/web-drc/application/views/templates/default.php
INFO - 2025-02-14 10:00:14 --> Final output sent to browser
DEBUG - 2025-02-14 10:00:14 --> Total execution time: 0.0091
INFO - 2025-02-14 10:00:15 --> Config Class Initialized
INFO - 2025-02-14 10:00:15 --> Hooks Class Initialized
DEBUG - 2025-02-14 10:00:15 --> UTF-8 Support Enabled
INFO - 2025-02-14 10:00:15 --> Utf8 Class Initialized
INFO - 2025-02-14 10:00:15 --> URI Class Initialized
INFO - 2025-02-14 10:00:15 --> Router Class Initialized
INFO - 2025-02-14 10:00:15 --> Output Class Initialized
INFO - 2025-02-14 10:00:15 --> Security Class Initialized
DEBUG - 2025-02-14 10:00:15 --> Global POST, GET and COOKIE data sanitized
INFO - 2025-02-14 10:00:15 --> Input Class Initialized
INFO - 2025-02-14 10:00:15 --> Language Class Initialized
INFO - 2025-02-14 10:00:15 --> Language Class Initialized
INFO - 2025-02-14 10:00:15 --> Config Class Initialized
INFO - 2025-02-14 10:00:15 --> Loader Class Initialized
INFO - 2025-02-14 10:00:15 --> Helper loaded: url_helper
INFO - 2025-02-14 10:00:15 --> Helper loaded: easyui_helper
INFO - 2025-02-14 10:00:15 --> Helper loaded: param_helper
INFO - 2025-02-14 10:00:15 --> Helper loaded: credential_helper
INFO - 2025-02-14 10:00:15 --> Helper loaded: template_helper
INFO - 2025-02-14 10:00:15 --> Helper loaded: rest_helper
INFO - 2025-02-14 10:00:15 --> Database Driver Class Initialized
DEBUG - 2025-02-14 10:00:15 --> Idgenerator class already loaded. Second attempt ignored.
INFO - 2025-02-14 10:00:15 --> Controller Class Initialized
INFO - 2025-02-14 10:00:15 --> Model Class Initialized
DEBUG - 2025-02-14 10:00:15 --> File loaded: /apps/web-drc/application/modules/conf_setup_pjp/models/Setup_pjp_model.php
INFO - 2025-02-14 10:00:15 --> Model Class Initialized
INFO - 2025-02-14 10:00:20 --> Final output sent to browser
DEBUG - 2025-02-14 10:00:20 --> Total execution time: 5.6984
INFO - 2025-02-14 10:00:23 --> Config Class Initialized
INFO - 2025-02-14 10:00:23 --> Hooks Class Initialized
DEBUG - 2025-02-14 10:00:23 --> UTF-8 Support Enabled
INFO - 2025-02-14 10:00:23 --> Utf8 Class Initialized
INFO - 2025-02-14 10:00:23 --> URI Class Initialized
INFO - 2025-02-14 10:00:23 --> Router Class Initialized
INFO - 2025-02-14 10:00:23 --> Output Class Initialized
INFO - 2025-02-14 10:00:23 --> Security Class Initialized
DEBUG - 2025-02-14 10:00:23 --> Global POST, GET and COOKIE data sanitized
INFO - 2025-02-14 10:00:23 --> Input Class Initialized
INFO - 2025-02-14 10:00:23 --> Language Class Initialized
INFO - 2025-02-14 10:00:23 --> Language Class Initialized
INFO - 2025-02-14 10:00:23 --> Config Class Initialized
INFO - 2025-02-14 10:00:23 --> Loader Class Initialized
INFO - 2025-02-14 10:00:23 --> Helper loaded: url_helper
INFO - 2025-02-14 10:00:23 --> Helper loaded: easyui_helper
INFO - 2025-02-14 10:00:23 --> Helper loaded: param_helper
INFO - 2025-02-14 10:00:23 --> Helper loaded: credential_helper
INFO - 2025-02-14 10:00:23 --> Helper loaded: template_helper
INFO - 2025-02-14 10:00:23 --> Helper loaded: rest_helper
INFO - 2025-02-14 10:00:23 --> Database Driver Class Initialized
DEBUG - 2025-02-14 10:00:23 --> Idgenerator class already loaded. Second attempt ignored.
INFO - 2025-02-14 10:00:23 --> Controller Class Initialized
INFO - 2025-02-14 10:00:23 --> Model Class Initialized
DEBUG - 2025-02-14 10:00:23 --> File loaded: /apps/web-drc/application/modules/conf_setup_pjp/models/Setup_pjp_model.php
INFO - 2025-02-14 10:00:23 --> Model Class Initialized
DEBUG - 2025-02-14 10:00:23 --> File loaded: /apps/web-drc/application/modules/conf_setup_pjp/views/form_download.php
DEBUG - 2025-02-14 10:00:23 --> File loaded: /apps/web-drc/application/views/templates/header.php
DEBUG - 2025-02-14 10:00:23 --> File loaded: /apps/web-drc/application/views/templates/toolbar.php
DEBUG - 2025-02-14 10:00:23 --> File loaded: /apps/web-drc/application/views/templates/sidebar.php
DEBUG - 2025-02-14 10:00:23 --> File loaded: /apps/web-drc/application/views/templates/contents.php
DEBUG - 2025-02-14 10:00:23 --> File loaded: /apps/web-drc/application/views/templates/content_footer.php
DEBUG - 2025-02-14 10:00:23 --> File loaded: /apps/web-drc/application/views/templates/footer.php
DEBUG - 2025-02-14 10:00:23 --> File loaded: /apps/web-drc/application/views/templates/default.php
INFO - 2025-02-14 10:00:23 --> Final output sent to browser
DEBUG - 2025-02-14 10:00:23 --> Total execution time: 0.0063
INFO - 2025-02-14 10:00:23 --> Config Class Initialized
INFO - 2025-02-14 10:00:23 --> Hooks Class Initialized
DEBUG - 2025-02-14 10:00:23 --> UTF-8 Support Enabled
INFO - 2025-02-14 10:00:23 --> Utf8 Class Initialized
INFO - 2025-02-14 10:00:23 --> URI Class Initialized
INFO - 2025-02-14 10:00:23 --> Router Class Initialized
INFO - 2025-02-14 10:00:23 --> Output Class Initialized
INFO - 2025-02-14 10:00:23 --> Security Class Initialized
DEBUG - 2025-02-14 10:00:23 --> Global POST, GET and COOKIE data sanitized
INFO - 2025-02-14 10:00:23 --> Input Class Initialized
INFO - 2025-02-14 10:00:23 --> Language Class Initialized
INFO - 2025-02-14 10:00:23 --> Language Class Initialized
INFO - 2025-02-14 10:00:23 --> Config Class Initialized
INFO - 2025-02-14 10:00:23 --> Loader Class Initialized
INFO - 2025-02-14 10:00:23 --> Helper loaded: url_helper
INFO - 2025-02-14 10:00:23 --> Helper loaded: easyui_helper
INFO - 2025-02-14 10:00:23 --> Helper loaded: param_helper
INFO - 2025-02-14 10:00:23 --> Helper loaded: credential_helper
INFO - 2025-02-14 10:00:23 --> Helper loaded: template_helper
INFO - 2025-02-14 10:00:23 --> Helper loaded: rest_helper
INFO - 2025-02-14 10:00:23 --> Database Driver Class Initialized
DEBUG - 2025-02-14 10:00:23 --> Idgenerator class already loaded. Second attempt ignored.
INFO - 2025-02-14 10:00:23 --> Controller Class Initialized
INFO - 2025-02-14 10:00:23 --> Model Class Initialized
DEBUG - 2025-02-14 10:00:23 --> File loaded: /apps/web-drc/application/modules/api_v1/models/Api_v1_model.php
INFO - 2025-02-14 10:00:23 --> Model Class Initialized
INFO - 2025-02-14 10:00:23 --> Final output sent to browser
DEBUG - 2025-02-14 10:00:23 --> Total execution time: 0.0083
INFO - 2025-02-14 10:00:30 --> Config Class Initialized
INFO - 2025-02-14 10:00:30 --> Hooks Class Initialized
DEBUG - 2025-02-14 10:00:30 --> UTF-8 Support Enabled
INFO - 2025-02-14 10:00:30 --> Utf8 Class Initialized
INFO - 2025-02-14 10:00:30 --> URI Class Initialized
INFO - 2025-02-14 10:00:30 --> Router Class Initialized
INFO - 2025-02-14 10:00:30 --> Output Class Initialized
INFO - 2025-02-14 10:00:30 --> Security Class Initialized
DEBUG - 2025-02-14 10:00:30 --> Global POST, GET and COOKIE data sanitized
INFO - 2025-02-14 10:00:30 --> Input Class Initialized
INFO - 2025-02-14 10:00:30 --> Language Class Initialized
INFO - 2025-02-14 10:00:30 --> Language Class Initialized
INFO - 2025-02-14 10:00:30 --> Config Class Initialized
INFO - 2025-02-14 10:00:30 --> Loader Class Initialized
INFO - 2025-02-14 10:00:30 --> Helper loaded: url_helper
INFO - 2025-02-14 10:00:30 --> Helper loaded: easyui_helper
INFO - 2025-02-14 10:00:30 --> Helper loaded: param_helper
INFO - 2025-02-14 10:00:30 --> Helper loaded: credential_helper
INFO - 2025-02-14 10:00:30 --> Helper loaded: template_helper
INFO - 2025-02-14 10:00:30 --> Helper loaded: rest_helper
INFO - 2025-02-14 10:00:30 --> Database Driver Class Initialized
DEBUG - 2025-02-14 10:00:30 --> Idgenerator class already loaded. Second attempt ignored.
INFO - 2025-02-14 10:00:30 --> Controller Class Initialized
INFO - 2025-02-14 10:00:30 --> Model Class Initialized
DEBUG - 2025-02-14 10:00:30 --> File loaded: /apps/web-drc/application/modules/conf_setup_pjp/models/Setup_pjp_model.php
INFO - 2025-02-14 10:00:30 --> Model Class Initialized
INFO - 2025-02-14 10:00:31 --> Final output sent to browser
DEBUG - 2025-02-14 10:00:31 --> Total execution time: 0.2871
INFO - 2025-02-14 10:00:54 --> Config Class Initialized
INFO - 2025-02-14 10:00:54 --> Hooks Class Initialized
DEBUG - 2025-02-14 10:00:54 --> UTF-8 Support Enabled
INFO - 2025-02-14 10:00:54 --> Utf8 Class Initialized
INFO - 2025-02-14 10:00:54 --> URI Class Initialized
INFO - 2025-02-14 10:00:54 --> Router Class Initialized
INFO - 2025-02-14 10:00:54 --> Output Class Initialized
INFO - 2025-02-14 10:00:54 --> Security Class Initialized
DEBUG - 2025-02-14 10:00:54 --> Global POST, GET and COOKIE data sanitized
INFO - 2025-02-14 10:00:54 --> Input Class Initialized
INFO - 2025-02-14 10:00:54 --> Language Class Initialized
INFO - 2025-02-14 10:00:54 --> Language Class Initialized
INFO - 2025-02-14 10:00:54 --> Config Class Initialized
INFO - 2025-02-14 10:00:54 --> Loader Class Initialized
INFO - 2025-02-14 10:00:54 --> Helper loaded: url_helper
INFO - 2025-02-14 10:00:54 --> Helper loaded: easyui_helper
INFO - 2025-02-14 10:00:54 --> Helper loaded: param_helper
INFO - 2025-02-14 10:00:54 --> Helper loaded: credential_helper
INFO - 2025-02-14 10:00:54 --> Helper loaded: template_helper
INFO - 2025-02-14 10:00:54 --> Helper loaded: rest_helper
INFO - 2025-02-14 10:00:54 --> Database Driver Class Initialized
DEBUG - 2025-02-14 10:00:54 --> Idgenerator class already loaded. Second attempt ignored.
INFO - 2025-02-14 10:00:54 --> Controller Class Initialized
INFO - 2025-02-14 10:00:54 --> Model Class Initialized
DEBUG - 2025-02-14 10:00:54 --> File loaded: /apps/web-drc/application/modules/conf_setup_pjp/models/Setup_pjp_model.php
INFO - 2025-02-14 10:00:54 --> Model Class Initialized
DEBUG - 2025-02-14 10:00:54 --> File loaded: /apps/web-drc/application/modules/conf_setup_pjp/views/content.php
DEBUG - 2025-02-14 10:00:54 --> File loaded: /apps/web-drc/application/views/templates/header.php
DEBUG - 2025-02-14 10:00:54 --> File loaded: /apps/web-drc/application/views/templates/toolbar.php
DEBUG - 2025-02-14 10:00:54 --> File loaded: /apps/web-drc/application/views/templates/sidebar.php
DEBUG - 2025-02-14 10:00:54 --> File loaded: /apps/web-drc/application/views/templates/contents.php
DEBUG - 2025-02-14 10:00:54 --> File loaded: /apps/web-drc/application/views/templates/content_footer.php
DEBUG - 2025-02-14 10:00:54 --> File loaded: /apps/web-drc/application/views/templates/footer.php
DEBUG - 2025-02-14 10:00:54 --> File loaded: /apps/web-drc/application/views/templates/default.php
INFO - 2025-02-14 10:00:54 --> Final output sent to browser
DEBUG - 2025-02-14 10:00:54 --> Total execution time: 0.0077
INFO - 2025-02-14 10:00:54 --> Config Class Initialized
INFO - 2025-02-14 10:00:54 --> Hooks Class Initialized
DEBUG - 2025-02-14 10:00:54 --> UTF-8 Support Enabled
INFO - 2025-02-14 10:00:54 --> Utf8 Class Initialized
INFO - 2025-02-14 10:00:54 --> URI Class Initialized
INFO - 2025-02-14 10:00:54 --> Router Class Initialized
INFO - 2025-02-14 10:00:54 --> Output Class Initialized
INFO - 2025-02-14 10:00:54 --> Security Class Initialized
DEBUG - 2025-02-14 10:00:54 --> Global POST, GET and COOKIE data sanitized
INFO - 2025-02-14 10:00:54 --> Input Class Initialized
INFO - 2025-02-14 10:00:54 --> Language Class Initialized
INFO - 2025-02-14 10:00:54 --> Language Class Initialized
INFO - 2025-02-14 10:00:54 --> Config Class Initialized
INFO - 2025-02-14 10:00:54 --> Loader Class Initialized
INFO - 2025-02-14 10:00:54 --> Helper loaded: url_helper
INFO - 2025-02-14 10:00:54 --> Helper loaded: easyui_helper
INFO - 2025-02-14 10:00:54 --> Helper loaded: param_helper
INFO - 2025-02-14 10:00:54 --> Helper loaded: credential_helper
INFO - 2025-02-14 10:00:54 --> Helper loaded: template_helper
INFO - 2025-02-14 10:00:54 --> Helper loaded: rest_helper
INFO - 2025-02-14 10:00:54 --> Database Driver Class Initialized
DEBUG - 2025-02-14 10:00:54 --> Idgenerator class already loaded. Second attempt ignored.
INFO - 2025-02-14 10:00:54 --> Controller Class Initialized
INFO - 2025-02-14 10:00:54 --> Model Class Initialized
DEBUG - 2025-02-14 10:00:54 --> File loaded: /apps/web-drc/application/modules/conf_setup_pjp/models/Setup_pjp_model.php
INFO - 2025-02-14 10:00:54 --> Model Class Initialized
INFO - 2025-02-14 10:00:59 --> Final output sent to browser
DEBUG - 2025-02-14 10:00:59 --> Total execution time: 5.1055
INFO - 2025-02-14 10:02:23 --> Config Class Initialized
INFO - 2025-02-14 10:02:23 --> Hooks Class Initialized
DEBUG - 2025-02-14 10:02:23 --> UTF-8 Support Enabled
INFO - 2025-02-14 10:02:23 --> Utf8 Class Initialized
INFO - 2025-02-14 10:02:23 --> URI Class Initialized
INFO - 2025-02-14 10:02:23 --> Router Class Initialized
INFO - 2025-02-14 10:02:23 --> Output Class Initialized
INFO - 2025-02-14 10:02:23 --> Security Class Initialized
DEBUG - 2025-02-14 10:02:23 --> Global POST, GET and COOKIE data sanitized
INFO - 2025-02-14 10:02:23 --> Input Class Initialized
INFO - 2025-02-14 10:02:23 --> Language Class Initialized
INFO - 2025-02-14 10:02:23 --> Language Class Initialized
INFO - 2025-02-14 10:02:23 --> Config Class Initialized
INFO - 2025-02-14 10:02:23 --> Loader Class Initialized
INFO - 2025-02-14 10:02:23 --> Helper loaded: url_helper
INFO - 2025-02-14 10:02:23 --> Helper loaded: easyui_helper
INFO - 2025-02-14 10:02:23 --> Helper loaded: param_helper
INFO - 2025-02-14 10:02:23 --> Helper loaded: credential_helper
INFO - 2025-02-14 10:02:23 --> Helper loaded: template_helper
INFO - 2025-02-14 10:02:23 --> Helper loaded: rest_helper
INFO - 2025-02-14 10:02:23 --> Database Driver Class Initialized
DEBUG - 2025-02-14 10:02:23 --> Idgenerator class already loaded. Second attempt ignored.
INFO - 2025-02-14 10:02:23 --> Controller Class Initialized
INFO - 2025-02-14 10:02:23 --> Model Class Initialized
DEBUG - 2025-02-14 10:02:23 --> File loaded: /apps/web-drc/application/modules/conf_setup_pjp/models/Setup_pjp_model.php
INFO - 2025-02-14 10:02:23 --> Model Class Initialized
DEBUG - 2025-02-14 10:02:23 --> File loaded: /apps/web-drc/application/modules/conf_setup_pjp/views/form_upload.php
DEBUG - 2025-02-14 10:02:23 --> File loaded: /apps/web-drc/application/views/templates/header.php
DEBUG - 2025-02-14 10:02:23 --> File loaded: /apps/web-drc/application/views/templates/toolbar.php
DEBUG - 2025-02-14 10:02:23 --> File loaded: /apps/web-drc/application/views/templates/sidebar.php
DEBUG - 2025-02-14 10:02:23 --> File loaded: /apps/web-drc/application/views/templates/contents.php
DEBUG - 2025-02-14 10:02:23 --> File loaded: /apps/web-drc/application/views/templates/content_footer.php
DEBUG - 2025-02-14 10:02:23 --> File loaded: /apps/web-drc/application/views/templates/footer.php
DEBUG - 2025-02-14 10:02:23 --> File loaded: /apps/web-drc/application/views/templates/default.php
INFO - 2025-02-14 10:02:23 --> Final output sent to browser
DEBUG - 2025-02-14 10:02:23 --> Total execution time: 0.0077
INFO - 2025-02-14 10:03:03 --> Config Class Initialized
INFO - 2025-02-14 10:03:03 --> Hooks Class Initialized
DEBUG - 2025-02-14 10:03:03 --> UTF-8 Support Enabled
INFO - 2025-02-14 10:03:03 --> Utf8 Class Initialized
INFO - 2025-02-14 10:03:03 --> URI Class Initialized
INFO - 2025-02-14 10:03:03 --> Router Class Initialized
INFO - 2025-02-14 10:03:03 --> Output Class Initialized
INFO - 2025-02-14 10:03:03 --> Security Class Initialized
DEBUG - 2025-02-14 10:03:03 --> Global POST, GET and COOKIE data sanitized
INFO - 2025-02-14 10:03:03 --> Input Class Initialized
INFO - 2025-02-14 10:03:03 --> Language Class Initialized
INFO - 2025-02-14 10:03:03 --> Language Class Initialized
INFO - 2025-02-14 10:03:03 --> Config Class Initialized
INFO - 2025-02-14 10:03:03 --> Loader Class Initialized
INFO - 2025-02-14 10:03:03 --> Helper loaded: url_helper
INFO - 2025-02-14 10:03:03 --> Helper loaded: easyui_helper
INFO - 2025-02-14 10:03:03 --> Helper loaded: param_helper
INFO - 2025-02-14 10:03:03 --> Helper loaded: credential_helper
INFO - 2025-02-14 10:03:03 --> Helper loaded: template_helper
INFO - 2025-02-14 10:03:03 --> Helper loaded: rest_helper
INFO - 2025-02-14 10:03:03 --> Database Driver Class Initialized
DEBUG - 2025-02-14 10:03:03 --> Idgenerator class already loaded. Second attempt ignored.
INFO - 2025-02-14 10:03:03 --> Controller Class Initialized
INFO - 2025-02-14 10:03:03 --> Model Class Initialized
DEBUG - 2025-02-14 10:03:03 --> File loaded: /apps/web-drc/application/modules/conf_setup_pjp/models/Setup_pjp_model.php
INFO - 2025-02-14 10:03:03 --> Model Class Initialized
DEBUG - 2025-02-14 10:03:03 --> File loaded: /apps/web-drc/application/modules/conf_setup_pjp/views/content.php
DEBUG - 2025-02-14 10:03:03 --> File loaded: /apps/web-drc/application/views/templates/header.php
DEBUG - 2025-02-14 10:03:03 --> File loaded: /apps/web-drc/application/views/templates/toolbar.php
DEBUG - 2025-02-14 10:03:03 --> File loaded: /apps/web-drc/application/views/templates/sidebar.php
DEBUG - 2025-02-14 10:03:03 --> File loaded: /apps/web-drc/application/views/templates/contents.php
DEBUG - 2025-02-14 10:03:03 --> File loaded: /apps/web-drc/application/views/templates/content_footer.php
DEBUG - 2025-02-14 10:03:03 --> File loaded: /apps/web-drc/application/views/templates/footer.php
DEBUG - 2025-02-14 10:03:03 --> File loaded: /apps/web-drc/application/views/templates/default.php
INFO - 2025-02-14 10:03:03 --> Final output sent to browser
DEBUG - 2025-02-14 10:03:03 --> Total execution time: 0.0072
INFO - 2025-02-14 10:03:03 --> Config Class Initialized
INFO - 2025-02-14 10:03:03 --> Hooks Class Initialized
DEBUG - 2025-02-14 10:03:03 --> UTF-8 Support Enabled
INFO - 2025-02-14 10:03:03 --> Utf8 Class Initialized
INFO - 2025-02-14 10:03:03 --> URI Class Initialized
INFO - 2025-02-14 10:03:03 --> Router Class Initialized
INFO - 2025-02-14 10:03:03 --> Output Class Initialized
INFO - 2025-02-14 10:03:03 --> Security Class Initialized
DEBUG - 2025-02-14 10:03:03 --> Global POST, GET and COOKIE data sanitized
INFO - 2025-02-14 10:03:03 --> Input Class Initialized
INFO - 2025-02-14 10:03:03 --> Language Class Initialized
INFO - 2025-02-14 10:03:03 --> Language Class Initialized
INFO - 2025-02-14 10:03:03 --> Config Class Initialized
INFO - 2025-02-14 10:03:03 --> Loader Class Initialized
INFO - 2025-02-14 10:03:03 --> Helper loaded: url_helper
INFO - 2025-02-14 10:03:03 --> Helper loaded: easyui_helper
INFO - 2025-02-14 10:03:03 --> Helper loaded: param_helper
INFO - 2025-02-14 10:03:03 --> Helper loaded: credential_helper
INFO - 2025-02-14 10:03:03 --> Helper loaded: template_helper
INFO - 2025-02-14 10:03:03 --> Helper loaded: rest_helper
INFO - 2025-02-14 10:03:03 --> Database Driver Class Initialized
DEBUG - 2025-02-14 10:03:03 --> Idgenerator class already loaded. Second attempt ignored.
INFO - 2025-02-14 10:03:03 --> Controller Class Initialized
INFO - 2025-02-14 10:03:03 --> Model Class Initialized
DEBUG - 2025-02-14 10:03:03 --> File loaded: /apps/web-drc/application/modules/conf_setup_pjp/models/Setup_pjp_model.php
INFO - 2025-02-14 10:03:03 --> Model Class Initialized
INFO - 2025-02-14 10:03:08 --> Final output sent to browser
DEBUG - 2025-02-14 10:03:08 --> Total execution time: 4.8080
INFO - 2025-02-14 10:11:14 --> Config Class Initialized
INFO - 2025-02-14 10:11:14 --> Hooks Class Initialized
DEBUG - 2025-02-14 10:11:14 --> UTF-8 Support Enabled
INFO - 2025-02-14 10:11:14 --> Utf8 Class Initialized
INFO - 2025-02-14 10:11:14 --> URI Class Initialized
INFO - 2025-02-14 10:11:14 --> Router Class Initialized
INFO - 2025-02-14 10:11:14 --> Output Class Initialized
INFO - 2025-02-14 10:11:14 --> Security Class Initialized
DEBUG - 2025-02-14 10:11:14 --> Global POST, GET and COOKIE data sanitized
INFO - 2025-02-14 10:11:14 --> Input Class Initialized
INFO - 2025-02-14 10:11:14 --> Language Class Initialized
INFO - 2025-02-14 10:11:14 --> Language Class Initialized
INFO - 2025-02-14 10:11:14 --> Config Class Initialized
INFO - 2025-02-14 10:11:14 --> Loader Class Initialized
INFO - 2025-02-14 10:11:14 --> Helper loaded: url_helper
INFO - 2025-02-14 10:11:14 --> Helper loaded: easyui_helper
INFO - 2025-02-14 10:11:14 --> Helper loaded: param_helper
INFO - 2025-02-14 10:11:14 --> Helper loaded: credential_helper
INFO - 2025-02-14 10:11:14 --> Helper loaded: template_helper
INFO - 2025-02-14 10:11:14 --> Helper loaded: rest_helper
INFO - 2025-02-14 10:11:14 --> Database Driver Class Initialized
DEBUG - 2025-02-14 10:11:14 --> Idgenerator class already loaded. Second attempt ignored.
INFO - 2025-02-14 10:11:14 --> Controller Class Initialized
INFO - 2025-02-14 10:11:14 --> Model Class Initialized
DEBUG - 2025-02-14 10:11:14 --> File loaded: /apps/web-drc/application/modules/drc_dashboard/models/Drc_dashboard_model.php
INFO - 2025-02-14 10:11:14 --> Model Class Initialized
DEBUG - 2025-02-14 10:11:14 --> File loaded: /apps/web-drc/application/modules/drc_dashboard/views/form.php
DEBUG - 2025-02-14 10:11:14 --> File loaded: /apps/web-drc/application/views/templates/header.php
DEBUG - 2025-02-14 10:11:14 --> File loaded: /apps/web-drc/application/views/templates/toolbar.php
DEBUG - 2025-02-14 10:11:14 --> File loaded: /apps/web-drc/application/views/templates/sidebar.php
DEBUG - 2025-02-14 10:11:14 --> File loaded: /apps/web-drc/application/views/templates/contents.php
DEBUG - 2025-02-14 10:11:14 --> File loaded: /apps/web-drc/application/views/templates/content_footer.php
DEBUG - 2025-02-14 10:11:14 --> File loaded: /apps/web-drc/application/views/templates/footer.php
DEBUG - 2025-02-14 10:11:14 --> File loaded: /apps/web-drc/application/views/templates/default.php
INFO - 2025-02-14 10:11:14 --> Final output sent to browser
DEBUG - 2025-02-14 10:11:14 --> Total execution time: 0.0072
INFO - 2025-02-14 10:11:16 --> Config Class Initialized
INFO - 2025-02-14 10:11:16 --> Hooks Class Initialized
DEBUG - 2025-02-14 10:11:16 --> UTF-8 Support Enabled
INFO - 2025-02-14 10:11:16 --> Utf8 Class Initialized
INFO - 2025-02-14 10:11:16 --> URI Class Initialized
INFO - 2025-02-14 10:11:16 --> Router Class Initialized
INFO - 2025-02-14 10:11:16 --> Output Class Initialized
INFO - 2025-02-14 10:11:16 --> Security Class Initialized
DEBUG - 2025-02-14 10:11:16 --> Global POST, GET and COOKIE data sanitized
INFO - 2025-02-14 10:11:16 --> Input Class Initialized
INFO - 2025-02-14 10:11:16 --> Language Class Initialized
INFO - 2025-02-14 10:11:16 --> Language Class Initialized
INFO - 2025-02-14 10:11:16 --> Config Class Initialized
INFO - 2025-02-14 10:11:16 --> Loader Class Initialized
INFO - 2025-02-14 10:11:16 --> Helper loaded: url_helper
INFO - 2025-02-14 10:11:16 --> Helper loaded: easyui_helper
INFO - 2025-02-14 10:11:16 --> Helper loaded: param_helper
INFO - 2025-02-14 10:11:16 --> Helper loaded: credential_helper
INFO - 2025-02-14 10:11:16 --> Helper loaded: template_helper
INFO - 2025-02-14 10:11:16 --> Helper loaded: rest_helper
INFO - 2025-02-14 10:11:16 --> Database Driver Class Initialized
DEBUG - 2025-02-14 10:11:16 --> Idgenerator class already loaded. Second attempt ignored.
INFO - 2025-02-14 10:11:16 --> Controller Class Initialized
INFO - 2025-02-14 10:11:16 --> Model Class Initialized
DEBUG - 2025-02-14 10:11:16 --> File loaded: /apps/web-drc/application/modules/api_v1/models/Api_v1_model.php
INFO - 2025-02-14 10:11:16 --> Model Class Initialized
INFO - 2025-02-14 10:11:16 --> Final output sent to browser
DEBUG - 2025-02-14 10:11:16 --> Total execution time: 0.0046
INFO - 2025-02-14 10:11:16 --> Config Class Initialized
INFO - 2025-02-14 10:11:16 --> Hooks Class Initialized
DEBUG - 2025-02-14 10:11:16 --> UTF-8 Support Enabled
INFO - 2025-02-14 10:11:16 --> Utf8 Class Initialized
INFO - 2025-02-14 10:11:16 --> URI Class Initialized
INFO - 2025-02-14 10:11:16 --> Router Class Initialized
INFO - 2025-02-14 10:11:16 --> Output Class Initialized
INFO - 2025-02-14 10:11:16 --> Security Class Initialized
DEBUG - 2025-02-14 10:11:16 --> Global POST, GET and COOKIE data sanitized
INFO - 2025-02-14 10:11:16 --> Input Class Initialized
INFO - 2025-02-14 10:11:16 --> Language Class Initialized
INFO - 2025-02-14 10:11:16 --> Language Class Initialized
INFO - 2025-02-14 10:11:16 --> Config Class Initialized
INFO - 2025-02-14 10:11:16 --> Loader Class Initialized
INFO - 2025-02-14 10:11:16 --> Helper loaded: url_helper
INFO - 2025-02-14 10:11:16 --> Helper loaded: easyui_helper
INFO - 2025-02-14 10:11:16 --> Helper loaded: param_helper
INFO - 2025-02-14 10:11:16 --> Helper loaded: credential_helper
INFO - 2025-02-14 10:11:16 --> Helper loaded: template_helper
INFO - 2025-02-14 10:11:16 --> Helper loaded: rest_helper
INFO - 2025-02-14 10:11:16 --> Database Driver Class Initialized
DEBUG - 2025-02-14 10:11:16 --> Idgenerator class already loaded. Second attempt ignored.
INFO - 2025-02-14 10:11:16 --> Controller Class Initialized
INFO - 2025-02-14 10:11:16 --> Model Class Initialized
DEBUG - 2025-02-14 10:11:16 --> File loaded: /apps/web-drc/application/modules/ref_customer_class/models/Customer_class_model.php
INFO - 2025-02-14 10:11:16 --> Model Class Initialized
INFO - 2025-02-14 10:11:16 --> Final output sent to browser
DEBUG - 2025-02-14 10:11:16 --> Total execution time: 0.0065
INFO - 2025-02-14 10:11:24 --> Config Class Initialized
INFO - 2025-02-14 10:11:24 --> Hooks Class Initialized
DEBUG - 2025-02-14 10:11:24 --> UTF-8 Support Enabled
INFO - 2025-02-14 10:11:24 --> Utf8 Class Initialized
INFO - 2025-02-14 10:11:24 --> URI Class Initialized
INFO - 2025-02-14 10:11:24 --> Router Class Initialized
INFO - 2025-02-14 10:11:24 --> Output Class Initialized
INFO - 2025-02-14 10:11:24 --> Security Class Initialized
DEBUG - 2025-02-14 10:11:24 --> Global POST, GET and COOKIE data sanitized
INFO - 2025-02-14 10:11:24 --> Input Class Initialized
INFO - 2025-02-14 10:11:24 --> Language Class Initialized
INFO - 2025-02-14 10:11:24 --> Language Class Initialized
INFO - 2025-02-14 10:11:24 --> Config Class Initialized
INFO - 2025-02-14 10:11:24 --> Loader Class Initialized
INFO - 2025-02-14 10:11:24 --> Helper loaded: url_helper
INFO - 2025-02-14 10:11:24 --> Helper loaded: easyui_helper
INFO - 2025-02-14 10:11:24 --> Helper loaded: param_helper
INFO - 2025-02-14 10:11:24 --> Helper loaded: credential_helper
INFO - 2025-02-14 10:11:24 --> Helper loaded: template_helper
INFO - 2025-02-14 10:11:24 --> Helper loaded: rest_helper
INFO - 2025-02-14 10:11:24 --> Database Driver Class Initialized
DEBUG - 2025-02-14 10:11:24 --> Idgenerator class already loaded. Second attempt ignored.
INFO - 2025-02-14 10:11:24 --> Controller Class Initialized
INFO - 2025-02-14 10:11:24 --> Model Class Initialized
DEBUG - 2025-02-14 10:11:24 --> File loaded: /apps/web-drc/application/modules/drc_dashboard/models/Drc_dashboard_model.php
INFO - 2025-02-14 10:11:24 --> Model Class Initialized
INFO - 2025-02-14 10:11:24 --> Final output sent to browser
DEBUG - 2025-02-14 10:11:24 --> Total execution time: 0.0146
INFO - 2025-02-14 10:11:28 --> Config Class Initialized
INFO - 2025-02-14 10:11:28 --> Hooks Class Initialized
DEBUG - 2025-02-14 10:11:28 --> UTF-8 Support Enabled
INFO - 2025-02-14 10:11:28 --> Utf8 Class Initialized
INFO - 2025-02-14 10:11:28 --> URI Class Initialized
INFO - 2025-02-14 10:11:28 --> Router Class Initialized
INFO - 2025-02-14 10:11:28 --> Output Class Initialized
INFO - 2025-02-14 10:11:28 --> Security Class Initialized
DEBUG - 2025-02-14 10:11:28 --> Global POST, GET and COOKIE data sanitized
INFO - 2025-02-14 10:11:28 --> Input Class Initialized
INFO - 2025-02-14 10:11:28 --> Language Class Initialized
INFO - 2025-02-14 10:11:28 --> Language Class Initialized
INFO - 2025-02-14 10:11:28 --> Config Class Initialized
INFO - 2025-02-14 10:11:28 --> Loader Class Initialized
INFO - 2025-02-14 10:11:28 --> Helper loaded: url_helper
INFO - 2025-02-14 10:11:28 --> Helper loaded: easyui_helper
INFO - 2025-02-14 10:11:28 --> Helper loaded: param_helper
INFO - 2025-02-14 10:11:28 --> Helper loaded: credential_helper
INFO - 2025-02-14 10:11:28 --> Helper loaded: template_helper
INFO - 2025-02-14 10:11:28 --> Helper loaded: rest_helper
INFO - 2025-02-14 10:11:28 --> Database Driver Class Initialized
DEBUG - 2025-02-14 10:11:28 --> Idgenerator class already loaded. Second attempt ignored.
INFO - 2025-02-14 10:11:28 --> Controller Class Initialized
INFO - 2025-02-14 10:11:28 --> Model Class Initialized
DEBUG - 2025-02-14 10:11:28 --> File loaded: /apps/web-drc/application/modules/drc_dashboard/models/Drc_dashboard_model.php
INFO - 2025-02-14 10:11:28 --> Model Class Initialized
INFO - 2025-02-14 10:11:28 --> Final output sent to browser
DEBUG - 2025-02-14 10:11:28 --> Total execution time: 0.4648
INFO - 2025-02-14 10:12:01 --> Config Class Initialized
INFO - 2025-02-14 10:12:01 --> Hooks Class Initialized
DEBUG - 2025-02-14 10:12:01 --> UTF-8 Support Enabled
INFO - 2025-02-14 10:12:01 --> Utf8 Class Initialized
INFO - 2025-02-14 10:12:01 --> URI Class Initialized
INFO - 2025-02-14 10:12:01 --> Router Class Initialized
INFO - 2025-02-14 10:12:01 --> Output Class Initialized
INFO - 2025-02-14 10:12:01 --> Security Class Initialized
DEBUG - 2025-02-14 10:12:01 --> Global POST, GET and COOKIE data sanitized
INFO - 2025-02-14 10:12:01 --> Input Class Initialized
INFO - 2025-02-14 10:12:01 --> Language Class Initialized
INFO - 2025-02-14 10:12:01 --> Language Class Initialized
INFO - 2025-02-14 10:12:01 --> Config Class Initialized
INFO - 2025-02-14 10:12:01 --> Loader Class Initialized
INFO - 2025-02-14 10:12:01 --> Helper loaded: url_helper
INFO - 2025-02-14 10:12:01 --> Helper loaded: easyui_helper
INFO - 2025-02-14 10:12:01 --> Helper loaded: param_helper
INFO - 2025-02-14 10:12:01 --> Helper loaded: credential_helper
INFO - 2025-02-14 10:12:01 --> Helper loaded: template_helper
INFO - 2025-02-14 10:12:01 --> Helper loaded: rest_helper
INFO - 2025-02-14 10:12:01 --> Database Driver Class Initialized
DEBUG - 2025-02-14 10:12:01 --> Idgenerator class already loaded. Second attempt ignored.
INFO - 2025-02-14 10:12:01 --> Controller Class Initialized
INFO - 2025-02-14 10:12:01 --> Model Class Initialized
DEBUG - 2025-02-14 10:12:01 --> File loaded: /apps/web-drc/application/modules/drc_dashboard/models/Drc_dashboard_model.php
INFO - 2025-02-14 10:12:01 --> Model Class Initialized
INFO - 2025-02-14 10:12:01 --> Final output sent to browser
DEBUG - 2025-02-14 10:12:01 --> Total execution time: 0.0066
INFO - 2025-02-14 10:12:08 --> Config Class Initialized
INFO - 2025-02-14 10:12:08 --> Hooks Class Initialized
DEBUG - 2025-02-14 10:12:08 --> UTF-8 Support Enabled
INFO - 2025-02-14 10:12:08 --> Utf8 Class Initialized
INFO - 2025-02-14 10:12:08 --> URI Class Initialized
INFO - 2025-02-14 10:12:08 --> Router Class Initialized
INFO - 2025-02-14 10:12:08 --> Output Class Initialized
INFO - 2025-02-14 10:12:08 --> Security Class Initialized
DEBUG - 2025-02-14 10:12:08 --> Global POST, GET and COOKIE data sanitized
INFO - 2025-02-14 10:12:08 --> Input Class Initialized
INFO - 2025-02-14 10:12:08 --> Language Class Initialized
INFO - 2025-02-14 10:12:08 --> Language Class Initialized
INFO - 2025-02-14 10:12:08 --> Config Class Initialized
INFO - 2025-02-14 10:12:08 --> Loader Class Initialized
INFO - 2025-02-14 10:12:08 --> Helper loaded: url_helper
INFO - 2025-02-14 10:12:08 --> Helper loaded: easyui_helper
INFO - 2025-02-14 10:12:08 --> Helper loaded: param_helper
INFO - 2025-02-14 10:12:08 --> Helper loaded: credential_helper
INFO - 2025-02-14 10:12:08 --> Helper loaded: template_helper
INFO - 2025-02-14 10:12:08 --> Helper loaded: rest_helper
INFO - 2025-02-14 10:12:08 --> Database Driver Class Initialized
DEBUG - 2025-02-14 10:12:08 --> Idgenerator class already loaded. Second attempt ignored.
INFO - 2025-02-14 10:12:08 --> Controller Class Initialized
INFO - 2025-02-14 10:12:08 --> Model Class Initialized
DEBUG - 2025-02-14 10:12:08 --> File loaded: /apps/web-drc/application/modules/drc_dashboard/models/Drc_dashboard_model.php
INFO - 2025-02-14 10:12:08 --> Model Class Initialized
INFO - 2025-02-14 10:12:08 --> Final output sent to browser
DEBUG - 2025-02-14 10:12:08 --> Total execution time: 0.0056
INFO - 2025-02-14 10:12:10 --> Config Class Initialized
INFO - 2025-02-14 10:12:10 --> Hooks Class Initialized
DEBUG - 2025-02-14 10:12:10 --> UTF-8 Support Enabled
INFO - 2025-02-14 10:12:10 --> Utf8 Class Initialized
INFO - 2025-02-14 10:12:10 --> URI Class Initialized
INFO - 2025-02-14 10:12:10 --> Router Class Initialized
INFO - 2025-02-14 10:12:10 --> Output Class Initialized
INFO - 2025-02-14 10:12:10 --> Security Class Initialized
DEBUG - 2025-02-14 10:12:10 --> Global POST, GET and COOKIE data sanitized
INFO - 2025-02-14 10:12:10 --> Input Class Initialized
INFO - 2025-02-14 10:12:10 --> Language Class Initialized
INFO - 2025-02-14 10:12:10 --> Language Class Initialized
INFO - 2025-02-14 10:12:10 --> Config Class Initialized
INFO - 2025-02-14 10:12:10 --> Loader Class Initialized
INFO - 2025-02-14 10:12:10 --> Helper loaded: url_helper
INFO - 2025-02-14 10:12:10 --> Helper loaded: easyui_helper
INFO - 2025-02-14 10:12:10 --> Helper loaded: param_helper
INFO - 2025-02-14 10:12:10 --> Helper loaded: credential_helper
INFO - 2025-02-14 10:12:10 --> Helper loaded: template_helper
INFO - 2025-02-14 10:12:10 --> Helper loaded: rest_helper
INFO - 2025-02-14 10:12:10 --> Database Driver Class Initialized
DEBUG - 2025-02-14 10:12:10 --> Idgenerator class already loaded. Second attempt ignored.
INFO - 2025-02-14 10:12:10 --> Controller Class Initialized
INFO - 2025-02-14 10:12:10 --> Model Class Initialized
DEBUG - 2025-02-14 10:12:10 --> File loaded: /apps/web-drc/application/modules/drc_dashboard/models/Drc_dashboard_model.php
INFO - 2025-02-14 10:12:10 --> Model Class Initialized
INFO - 2025-02-14 10:12:11 --> Final output sent to browser
DEBUG - 2025-02-14 10:12:11 --> Total execution time: 1.2895
INFO - 2025-02-14 10:12:43 --> Config Class Initialized
INFO - 2025-02-14 10:12:43 --> Hooks Class Initialized
DEBUG - 2025-02-14 10:12:43 --> UTF-8 Support Enabled
INFO - 2025-02-14 10:12:43 --> Utf8 Class Initialized
INFO - 2025-02-14 10:12:43 --> URI Class Initialized
INFO - 2025-02-14 10:12:43 --> Router Class Initialized
INFO - 2025-02-14 10:12:43 --> Output Class Initialized
INFO - 2025-02-14 10:12:43 --> Security Class Initialized
DEBUG - 2025-02-14 10:12:43 --> Global POST, GET and COOKIE data sanitized
INFO - 2025-02-14 10:12:43 --> Input Class Initialized
INFO - 2025-02-14 10:12:43 --> Language Class Initialized
INFO - 2025-02-14 10:12:43 --> Language Class Initialized
INFO - 2025-02-14 10:12:43 --> Config Class Initialized
INFO - 2025-02-14 10:12:43 --> Loader Class Initialized
INFO - 2025-02-14 10:12:43 --> Helper loaded: url_helper
INFO - 2025-02-14 10:12:43 --> Helper loaded: easyui_helper
INFO - 2025-02-14 10:12:43 --> Helper loaded: param_helper
INFO - 2025-02-14 10:12:43 --> Helper loaded: credential_helper
INFO - 2025-02-14 10:12:43 --> Helper loaded: template_helper
INFO - 2025-02-14 10:12:43 --> Helper loaded: rest_helper
INFO - 2025-02-14 10:12:43 --> Database Driver Class Initialized
DEBUG - 2025-02-14 10:12:43 --> Idgenerator class already loaded. Second attempt ignored.
INFO - 2025-02-14 10:12:43 --> Controller Class Initialized
INFO - 2025-02-14 10:12:43 --> Model Class Initialized
DEBUG - 2025-02-14 10:12:43 --> File loaded: /apps/web-drc/application/modules/drc_dashboard/models/Drc_dashboard_model.php
INFO - 2025-02-14 10:12:43 --> Model Class Initialized
INFO - 2025-02-14 10:12:43 --> Final output sent to browser
DEBUG - 2025-02-14 10:12:43 --> Total execution time: 0.1435
INFO - 2025-02-14 10:13:05 --> Config Class Initialized
INFO - 2025-02-14 10:13:05 --> Hooks Class Initialized
DEBUG - 2025-02-14 10:13:05 --> UTF-8 Support Enabled
INFO - 2025-02-14 10:13:05 --> Utf8 Class Initialized
INFO - 2025-02-14 10:13:05 --> URI Class Initialized
INFO - 2025-02-14 10:13:05 --> Router Class Initialized
INFO - 2025-02-14 10:13:05 --> Output Class Initialized
INFO - 2025-02-14 10:13:05 --> Security Class Initialized
DEBUG - 2025-02-14 10:13:05 --> Global POST, GET and COOKIE data sanitized
INFO - 2025-02-14 10:13:05 --> Input Class Initialized
INFO - 2025-02-14 10:13:05 --> Language Class Initialized
INFO - 2025-02-14 10:13:05 --> Language Class Initialized
INFO - 2025-02-14 10:13:05 --> Config Class Initialized
INFO - 2025-02-14 10:13:05 --> Loader Class Initialized
INFO - 2025-02-14 10:13:05 --> Helper loaded: url_helper
INFO - 2025-02-14 10:13:05 --> Helper loaded: easyui_helper
INFO - 2025-02-14 10:13:05 --> Helper loaded: param_helper
INFO - 2025-02-14 10:13:05 --> Helper loaded: credential_helper
INFO - 2025-02-14 10:13:05 --> Helper loaded: template_helper
INFO - 2025-02-14 10:13:05 --> Helper loaded: rest_helper
INFO - 2025-02-14 10:13:05 --> Database Driver Class Initialized
DEBUG - 2025-02-14 10:13:05 --> Idgenerator class already loaded. Second attempt ignored.
INFO - 2025-02-14 10:13:05 --> Controller Class Initialized
INFO - 2025-02-14 10:13:05 --> Model Class Initialized
DEBUG - 2025-02-14 10:13:05 --> File loaded: /apps/web-drc/application/modules/drc_dashboard/models/Drc_dashboard_model.php
INFO - 2025-02-14 10:13:05 --> Model Class Initialized
INFO - 2025-02-14 10:13:05 --> Final output sent to browser
DEBUG - 2025-02-14 10:13:05 --> Total execution time: 0.0702
INFO - 2025-02-14 10:13:12 --> Config Class Initialized
INFO - 2025-02-14 10:13:12 --> Hooks Class Initialized
DEBUG - 2025-02-14 10:13:12 --> UTF-8 Support Enabled
INFO - 2025-02-14 10:13:12 --> Utf8 Class Initialized
INFO - 2025-02-14 10:13:12 --> URI Class Initialized
INFO - 2025-02-14 10:13:12 --> Router Class Initialized
INFO - 2025-02-14 10:13:12 --> Output Class Initialized
INFO - 2025-02-14 10:13:12 --> Security Class Initialized
DEBUG - 2025-02-14 10:13:12 --> Global POST, GET and COOKIE data sanitized
INFO - 2025-02-14 10:13:12 --> Input Class Initialized
INFO - 2025-02-14 10:13:12 --> Language Class Initialized
INFO - 2025-02-14 10:13:12 --> Language Class Initialized
INFO - 2025-02-14 10:13:12 --> Config Class Initialized
INFO - 2025-02-14 10:13:12 --> Loader Class Initialized
INFO - 2025-02-14 10:13:12 --> Helper loaded: url_helper
INFO - 2025-02-14 10:13:12 --> Helper loaded: easyui_helper
INFO - 2025-02-14 10:13:12 --> Helper loaded: param_helper
INFO - 2025-02-14 10:13:12 --> Helper loaded: credential_helper
INFO - 2025-02-14 10:13:12 --> Helper loaded: template_helper
INFO - 2025-02-14 10:13:12 --> Helper loaded: rest_helper
INFO - 2025-02-14 10:13:12 --> Database Driver Class Initialized
DEBUG - 2025-02-14 10:13:12 --> Idgenerator class already loaded. Second attempt ignored.
INFO - 2025-02-14 10:13:12 --> Controller Class Initialized
INFO - 2025-02-14 10:13:12 --> Model Class Initialized
DEBUG - 2025-02-14 10:13:12 --> File loaded: /apps/web-drc/application/modules/drc_dashboard/models/Drc_dashboard_model.php
INFO - 2025-02-14 10:13:12 --> Model Class Initialized
INFO - 2025-02-14 10:13:12 --> Final output sent to browser
DEBUG - 2025-02-14 10:13:12 --> Total execution time: 0.1325
INFO - 2025-02-14 10:13:35 --> Config Class Initialized
INFO - 2025-02-14 10:13:35 --> Hooks Class Initialized
DEBUG - 2025-02-14 10:13:35 --> UTF-8 Support Enabled
INFO - 2025-02-14 10:13:35 --> Utf8 Class Initialized
INFO - 2025-02-14 10:13:35 --> URI Class Initialized
INFO - 2025-02-14 10:13:35 --> Router Class Initialized
INFO - 2025-02-14 10:13:35 --> Output Class Initialized
INFO - 2025-02-14 10:13:35 --> Security Class Initialized
DEBUG - 2025-02-14 10:13:35 --> Global POST, GET and COOKIE data sanitized
INFO - 2025-02-14 10:13:35 --> Input Class Initialized
INFO - 2025-02-14 10:13:35 --> Language Class Initialized
INFO - 2025-02-14 10:13:35 --> Language Class Initialized
INFO - 2025-02-14 10:13:35 --> Config Class Initialized
INFO - 2025-02-14 10:13:35 --> Loader Class Initialized
INFO - 2025-02-14 10:13:35 --> Helper loaded: url_helper
INFO - 2025-02-14 10:13:35 --> Helper loaded: easyui_helper
INFO - 2025-02-14 10:13:35 --> Helper loaded: param_helper
INFO - 2025-02-14 10:13:35 --> Helper loaded: credential_helper
INFO - 2025-02-14 10:13:35 --> Helper loaded: template_helper
INFO - 2025-02-14 10:13:35 --> Helper loaded: rest_helper
INFO - 2025-02-14 10:13:35 --> Database Driver Class Initialized
DEBUG - 2025-02-14 10:13:35 --> Idgenerator class already loaded. Second attempt ignored.
INFO - 2025-02-14 10:13:35 --> Controller Class Initialized
INFO - 2025-02-14 10:13:35 --> Model Class Initialized
DEBUG - 2025-02-14 10:13:35 --> File loaded: /apps/web-drc/application/modules/api_v1/models/Api_v1_model.php
INFO - 2025-02-14 10:13:35 --> Model Class Initialized
INFO - 2025-02-14 10:13:35 --> Final output sent to browser
DEBUG - 2025-02-14 10:13:35 --> Total execution time: 0.0046
INFO - 2025-02-14 10:13:35 --> Config Class Initialized
INFO - 2025-02-14 10:13:35 --> Hooks Class Initialized
DEBUG - 2025-02-14 10:13:35 --> UTF-8 Support Enabled
INFO - 2025-02-14 10:13:35 --> Utf8 Class Initialized
INFO - 2025-02-14 10:13:35 --> URI Class Initialized
INFO - 2025-02-14 10:13:35 --> Router Class Initialized
INFO - 2025-02-14 10:13:35 --> Output Class Initialized
INFO - 2025-02-14 10:13:35 --> Security Class Initialized
DEBUG - 2025-02-14 10:13:35 --> Global POST, GET and COOKIE data sanitized
INFO - 2025-02-14 10:13:35 --> Input Class Initialized
INFO - 2025-02-14 10:13:35 --> Language Class Initialized
INFO - 2025-02-14 10:13:35 --> Language Class Initialized
INFO - 2025-02-14 10:13:35 --> Config Class Initialized
INFO - 2025-02-14 10:13:35 --> Loader Class Initialized
INFO - 2025-02-14 10:13:35 --> Helper loaded: url_helper
INFO - 2025-02-14 10:13:35 --> Helper loaded: easyui_helper
INFO - 2025-02-14 10:13:35 --> Helper loaded: param_helper
INFO - 2025-02-14 10:13:35 --> Helper loaded: credential_helper
INFO - 2025-02-14 10:13:35 --> Helper loaded: template_helper
INFO - 2025-02-14 10:13:35 --> Helper loaded: rest_helper
INFO - 2025-02-14 10:13:35 --> Database Driver Class Initialized
DEBUG - 2025-02-14 10:13:35 --> Idgenerator class already loaded. Second attempt ignored.
INFO - 2025-02-14 10:13:35 --> Controller Class Initialized
INFO - 2025-02-14 10:13:35 --> Model Class Initialized
DEBUG - 2025-02-14 10:13:35 --> File loaded: /apps/web-drc/application/modules/ref_customer_class/models/Customer_class_model.php
INFO - 2025-02-14 10:13:35 --> Model Class Initialized
INFO - 2025-02-14 10:13:35 --> Final output sent to browser
DEBUG - 2025-02-14 10:13:35 --> Total execution time: 0.0030
INFO - 2025-02-14 10:13:39 --> Config Class Initialized
INFO - 2025-02-14 10:13:39 --> Hooks Class Initialized
DEBUG - 2025-02-14 10:13:39 --> UTF-8 Support Enabled
INFO - 2025-02-14 10:13:39 --> Utf8 Class Initialized
INFO - 2025-02-14 10:13:39 --> URI Class Initialized
INFO - 2025-02-14 10:13:39 --> Router Class Initialized
INFO - 2025-02-14 10:13:39 --> Output Class Initialized
INFO - 2025-02-14 10:13:39 --> Security Class Initialized
DEBUG - 2025-02-14 10:13:39 --> Global POST, GET and COOKIE data sanitized
INFO - 2025-02-14 10:13:39 --> Input Class Initialized
INFO - 2025-02-14 10:13:39 --> Language Class Initialized
INFO - 2025-02-14 10:13:39 --> Language Class Initialized
INFO - 2025-02-14 10:13:39 --> Config Class Initialized
INFO - 2025-02-14 10:13:39 --> Loader Class Initialized
INFO - 2025-02-14 10:13:39 --> Helper loaded: url_helper
INFO - 2025-02-14 10:13:39 --> Helper loaded: easyui_helper
INFO - 2025-02-14 10:13:39 --> Helper loaded: param_helper
INFO - 2025-02-14 10:13:39 --> Helper loaded: credential_helper
INFO - 2025-02-14 10:13:39 --> Helper loaded: template_helper
INFO - 2025-02-14 10:13:39 --> Helper loaded: rest_helper
INFO - 2025-02-14 10:13:39 --> Database Driver Class Initialized
DEBUG - 2025-02-14 10:13:39 --> Idgenerator class already loaded. Second attempt ignored.
INFO - 2025-02-14 10:13:39 --> Controller Class Initialized
INFO - 2025-02-14 10:13:39 --> Model Class Initialized
DEBUG - 2025-02-14 10:13:39 --> File loaded: /apps/web-drc/application/modules/ref_customer_class/models/Customer_class_model.php
INFO - 2025-02-14 10:13:39 --> Model Class Initialized
INFO - 2025-02-14 10:13:39 --> Final output sent to browser
DEBUG - 2025-02-14 10:13:39 --> Total execution time: 0.0041
INFO - 2025-02-14 10:13:45 --> Config Class Initialized
INFO - 2025-02-14 10:13:45 --> Hooks Class Initialized
DEBUG - 2025-02-14 10:13:45 --> UTF-8 Support Enabled
INFO - 2025-02-14 10:13:45 --> Utf8 Class Initialized
INFO - 2025-02-14 10:13:45 --> URI Class Initialized
INFO - 2025-02-14 10:13:45 --> Router Class Initialized
INFO - 2025-02-14 10:13:45 --> Output Class Initialized
INFO - 2025-02-14 10:13:45 --> Security Class Initialized
DEBUG - 2025-02-14 10:13:45 --> Global POST, GET and COOKIE data sanitized
INFO - 2025-02-14 10:13:45 --> Input Class Initialized
INFO - 2025-02-14 10:13:45 --> Language Class Initialized
INFO - 2025-02-14 10:13:45 --> Language Class Initialized
INFO - 2025-02-14 10:13:45 --> Config Class Initialized
INFO - 2025-02-14 10:13:45 --> Loader Class Initialized
INFO - 2025-02-14 10:13:45 --> Helper loaded: url_helper
INFO - 2025-02-14 10:13:45 --> Helper loaded: easyui_helper
INFO - 2025-02-14 10:13:45 --> Helper loaded: param_helper
INFO - 2025-02-14 10:13:45 --> Helper loaded: credential_helper
INFO - 2025-02-14 10:13:45 --> Helper loaded: template_helper
INFO - 2025-02-14 10:13:45 --> Helper loaded: rest_helper
INFO - 2025-02-14 10:13:45 --> Database Driver Class Initialized
DEBUG - 2025-02-14 10:13:45 --> Idgenerator class already loaded. Second attempt ignored.
INFO - 2025-02-14 10:13:45 --> Controller Class Initialized
INFO - 2025-02-14 10:13:45 --> Model Class Initialized
DEBUG - 2025-02-14 10:13:45 --> File loaded: /apps/web-drc/application/modules/api_v1/models/Api_v1_model.php
INFO - 2025-02-14 10:13:45 --> Model Class Initialized
INFO - 2025-02-14 10:13:45 --> Final output sent to browser
DEBUG - 2025-02-14 10:13:45 --> Total execution time: 0.0040
INFO - 2025-02-14 10:13:45 --> Config Class Initialized
INFO - 2025-02-14 10:13:45 --> Hooks Class Initialized
DEBUG - 2025-02-14 10:13:45 --> UTF-8 Support Enabled
INFO - 2025-02-14 10:13:45 --> Utf8 Class Initialized
INFO - 2025-02-14 10:13:45 --> URI Class Initialized
INFO - 2025-02-14 10:13:45 --> Router Class Initialized
INFO - 2025-02-14 10:13:45 --> Output Class Initialized
INFO - 2025-02-14 10:13:45 --> Security Class Initialized
DEBUG - 2025-02-14 10:13:45 --> Global POST, GET and COOKIE data sanitized
INFO - 2025-02-14 10:13:45 --> Input Class Initialized
INFO - 2025-02-14 10:13:45 --> Language Class Initialized
INFO - 2025-02-14 10:13:45 --> Language Class Initialized
INFO - 2025-02-14 10:13:45 --> Config Class Initialized
INFO - 2025-02-14 10:13:45 --> Loader Class Initialized
INFO - 2025-02-14 10:13:45 --> Helper loaded: url_helper
INFO - 2025-02-14 10:13:45 --> Helper loaded: easyui_helper
INFO - 2025-02-14 10:13:45 --> Helper loaded: param_helper
INFO - 2025-02-14 10:13:45 --> Helper loaded: credential_helper
INFO - 2025-02-14 10:13:45 --> Helper loaded: template_helper
INFO - 2025-02-14 10:13:45 --> Helper loaded: rest_helper
INFO - 2025-02-14 10:13:45 --> Database Driver Class Initialized
DEBUG - 2025-02-14 10:13:45 --> Idgenerator class already loaded. Second attempt ignored.
INFO - 2025-02-14 10:13:45 --> Controller Class Initialized
INFO - 2025-02-14 10:13:45 --> Model Class Initialized
DEBUG - 2025-02-14 10:13:45 --> File loaded: /apps/web-drc/application/modules/ref_customer_class/models/Customer_class_model.php
INFO - 2025-02-14 10:13:45 --> Model Class Initialized
INFO - 2025-02-14 10:13:45 --> Final output sent to browser
DEBUG - 2025-02-14 10:13:45 --> Total execution time: 0.0033
INFO - 2025-02-14 10:14:07 --> Config Class Initialized
INFO - 2025-02-14 10:14:07 --> Hooks Class Initialized
DEBUG - 2025-02-14 10:14:07 --> UTF-8 Support Enabled
INFO - 2025-02-14 10:14:07 --> Utf8 Class Initialized
INFO - 2025-02-14 10:14:07 --> URI Class Initialized
INFO - 2025-02-14 10:14:07 --> Router Class Initialized
INFO - 2025-02-14 10:14:07 --> Output Class Initialized
INFO - 2025-02-14 10:14:07 --> Security Class Initialized
DEBUG - 2025-02-14 10:14:07 --> Global POST, GET and COOKIE data sanitized
INFO - 2025-02-14 10:14:07 --> Input Class Initialized
INFO - 2025-02-14 10:14:07 --> Language Class Initialized
INFO - 2025-02-14 10:14:07 --> Language Class Initialized
INFO - 2025-02-14 10:14:07 --> Config Class Initialized
INFO - 2025-02-14 10:14:07 --> Loader Class Initialized
INFO - 2025-02-14 10:14:07 --> Helper loaded: url_helper
INFO - 2025-02-14 10:14:07 --> Helper loaded: easyui_helper
INFO - 2025-02-14 10:14:07 --> Helper loaded: param_helper
INFO - 2025-02-14 10:14:07 --> Helper loaded: credential_helper
INFO - 2025-02-14 10:14:07 --> Helper loaded: template_helper
INFO - 2025-02-14 10:14:07 --> Helper loaded: rest_helper
INFO - 2025-02-14 10:14:07 --> Database Driver Class Initialized
DEBUG - 2025-02-14 10:14:07 --> Idgenerator class already loaded. Second attempt ignored.
INFO - 2025-02-14 10:14:07 --> Controller Class Initialized
INFO - 2025-02-14 10:14:07 --> Model Class Initialized
DEBUG - 2025-02-14 10:14:07 --> File loaded: /apps/web-drc/application/modules/rep_productivity/models/Rep_productivity_model.php
INFO - 2025-02-14 10:14:07 --> Model Class Initialized
DEBUG - 2025-02-14 10:14:07 --> File loaded: /apps/web-drc/application/modules/rep_productivity/views/form.php
DEBUG - 2025-02-14 10:14:07 --> File loaded: /apps/web-drc/application/views/templates/header.php
DEBUG - 2025-02-14 10:14:07 --> File loaded: /apps/web-drc/application/views/templates/toolbar.php
DEBUG - 2025-02-14 10:14:07 --> File loaded: /apps/web-drc/application/views/templates/sidebar.php
DEBUG - 2025-02-14 10:14:07 --> File loaded: /apps/web-drc/application/views/templates/contents.php
DEBUG - 2025-02-14 10:14:07 --> File loaded: /apps/web-drc/application/views/templates/content_footer.php
DEBUG - 2025-02-14 10:14:07 --> File loaded: /apps/web-drc/application/views/templates/footer.php
DEBUG - 2025-02-14 10:14:07 --> File loaded: /apps/web-drc/application/views/templates/default.php
INFO - 2025-02-14 10:14:07 --> Final output sent to browser
DEBUG - 2025-02-14 10:14:07 --> Total execution time: 0.0134
INFO - 2025-02-14 10:14:08 --> Config Class Initialized
INFO - 2025-02-14 10:14:08 --> Hooks Class Initialized
DEBUG - 2025-02-14 10:14:08 --> UTF-8 Support Enabled
INFO - 2025-02-14 10:14:08 --> Utf8 Class Initialized
INFO - 2025-02-14 10:14:08 --> URI Class Initialized
INFO - 2025-02-14 10:14:08 --> Router Class Initialized
INFO - 2025-02-14 10:14:08 --> Output Class Initialized
INFO - 2025-02-14 10:14:08 --> Security Class Initialized
DEBUG - 2025-02-14 10:14:08 --> Global POST, GET and COOKIE data sanitized
INFO - 2025-02-14 10:14:08 --> Input Class Initialized
INFO - 2025-02-14 10:14:08 --> Language Class Initialized
INFO - 2025-02-14 10:14:08 --> Language Class Initialized
INFO - 2025-02-14 10:14:08 --> Config Class Initialized
INFO - 2025-02-14 10:14:08 --> Loader Class Initialized
INFO - 2025-02-14 10:14:08 --> Helper loaded: url_helper
INFO - 2025-02-14 10:14:08 --> Helper loaded: easyui_helper
INFO - 2025-02-14 10:14:08 --> Helper loaded: param_helper
INFO - 2025-02-14 10:14:08 --> Helper loaded: credential_helper
INFO - 2025-02-14 10:14:08 --> Helper loaded: template_helper
INFO - 2025-02-14 10:14:08 --> Helper loaded: rest_helper
INFO - 2025-02-14 10:14:08 --> Database Driver Class Initialized
DEBUG - 2025-02-14 10:14:08 --> Idgenerator class already loaded. Second attempt ignored.
INFO - 2025-02-14 10:14:08 --> Controller Class Initialized
INFO - 2025-02-14 10:14:08 --> Model Class Initialized
DEBUG - 2025-02-14 10:14:08 --> File loaded: /apps/web-drc/application/modules/rep_productivity/models/Rep_productivity_model.php
INFO - 2025-02-14 10:14:08 --> Model Class Initialized
INFO - 2025-02-14 10:14:08 --> Final output sent to browser
DEBUG - 2025-02-14 10:14:08 --> Total execution time: 0.0042
INFO - 2025-02-14 10:14:08 --> Config Class Initialized
INFO - 2025-02-14 10:14:08 --> Hooks Class Initialized
DEBUG - 2025-02-14 10:14:08 --> UTF-8 Support Enabled
INFO - 2025-02-14 10:14:08 --> Utf8 Class Initialized
INFO - 2025-02-14 10:14:08 --> URI Class Initialized
INFO - 2025-02-14 10:14:08 --> Router Class Initialized
INFO - 2025-02-14 10:14:08 --> Output Class Initialized
INFO - 2025-02-14 10:14:08 --> Security Class Initialized
DEBUG - 2025-02-14 10:14:08 --> Global POST, GET and COOKIE data sanitized
INFO - 2025-02-14 10:14:08 --> Input Class Initialized
INFO - 2025-02-14 10:14:08 --> Language Class Initialized
INFO - 2025-02-14 10:14:08 --> Language Class Initialized
INFO - 2025-02-14 10:14:08 --> Config Class Initialized
INFO - 2025-02-14 10:14:08 --> Loader Class Initialized
INFO - 2025-02-14 10:14:08 --> Helper loaded: url_helper
INFO - 2025-02-14 10:14:08 --> Helper loaded: easyui_helper
INFO - 2025-02-14 10:14:08 --> Helper loaded: param_helper
INFO - 2025-02-14 10:14:08 --> Helper loaded: credential_helper
INFO - 2025-02-14 10:14:08 --> Helper loaded: template_helper
INFO - 2025-02-14 10:14:08 --> Helper loaded: rest_helper
INFO - 2025-02-14 10:14:08 --> Database Driver Class Initialized
DEBUG - 2025-02-14 10:14:08 --> Idgenerator class already loaded. Second attempt ignored.
INFO - 2025-02-14 10:14:08 --> Controller Class Initialized
INFO - 2025-02-14 10:14:08 --> Model Class Initialized
DEBUG - 2025-02-14 10:14:08 --> File loaded: /apps/web-drc/application/modules/api_v1/models/Api_v1_model.php
INFO - 2025-02-14 10:14:08 --> Model Class Initialized
INFO - 2025-02-14 10:14:08 --> Final output sent to browser
DEBUG - 2025-02-14 10:14:08 --> Total execution time: 0.0028
INFO - 2025-02-14 10:14:15 --> Config Class Initialized
INFO - 2025-02-14 10:14:15 --> Hooks Class Initialized
DEBUG - 2025-02-14 10:14:15 --> UTF-8 Support Enabled
INFO - 2025-02-14 10:14:15 --> Utf8 Class Initialized
INFO - 2025-02-14 10:14:15 --> URI Class Initialized
INFO - 2025-02-14 10:14:15 --> Router Class Initialized
INFO - 2025-02-14 10:14:15 --> Output Class Initialized
INFO - 2025-02-14 10:14:15 --> Security Class Initialized
DEBUG - 2025-02-14 10:14:15 --> Global POST, GET and COOKIE data sanitized
INFO - 2025-02-14 10:14:15 --> Input Class Initialized
INFO - 2025-02-14 10:14:15 --> Language Class Initialized
INFO - 2025-02-14 10:14:15 --> Language Class Initialized
INFO - 2025-02-14 10:14:15 --> Config Class Initialized
INFO - 2025-02-14 10:14:15 --> Loader Class Initialized
INFO - 2025-02-14 10:14:15 --> Helper loaded: url_helper
INFO - 2025-02-14 10:14:15 --> Helper loaded: easyui_helper
INFO - 2025-02-14 10:14:15 --> Helper loaded: param_helper
INFO - 2025-02-14 10:14:15 --> Helper loaded: credential_helper
INFO - 2025-02-14 10:14:15 --> Helper loaded: template_helper
INFO - 2025-02-14 10:14:15 --> Helper loaded: rest_helper
INFO - 2025-02-14 10:14:15 --> Database Driver Class Initialized
DEBUG - 2025-02-14 10:14:15 --> Idgenerator class already loaded. Second attempt ignored.
INFO - 2025-02-14 10:14:15 --> Controller Class Initialized
INFO - 2025-02-14 10:14:15 --> Model Class Initialized
DEBUG - 2025-02-14 10:14:15 --> File loaded: /apps/web-drc/application/modules/rep_productivity/models/Rep_productivity_model.php
INFO - 2025-02-14 10:14:15 --> Model Class Initialized
INFO - 2025-02-14 10:14:15 --> Final output sent to browser
DEBUG - 2025-02-14 10:14:15 --> Total execution time: 0.0123
INFO - 2025-02-14 10:14:24 --> Config Class Initialized
INFO - 2025-02-14 10:14:24 --> Hooks Class Initialized
DEBUG - 2025-02-14 10:14:24 --> UTF-8 Support Enabled
INFO - 2025-02-14 10:14:24 --> Utf8 Class Initialized
INFO - 2025-02-14 10:14:24 --> URI Class Initialized
INFO - 2025-02-14 10:14:24 --> Router Class Initialized
INFO - 2025-02-14 10:14:24 --> Output Class Initialized
INFO - 2025-02-14 10:14:24 --> Security Class Initialized
DEBUG - 2025-02-14 10:14:24 --> Global POST, GET and COOKIE data sanitized
INFO - 2025-02-14 10:14:24 --> Input Class Initialized
INFO - 2025-02-14 10:14:24 --> Language Class Initialized
INFO - 2025-02-14 10:14:24 --> Language Class Initialized
INFO - 2025-02-14 10:14:24 --> Config Class Initialized
INFO - 2025-02-14 10:14:24 --> Loader Class Initialized
INFO - 2025-02-14 10:14:24 --> Helper loaded: url_helper
INFO - 2025-02-14 10:14:24 --> Helper loaded: easyui_helper
INFO - 2025-02-14 10:14:24 --> Helper loaded: param_helper
INFO - 2025-02-14 10:14:24 --> Helper loaded: credential_helper
INFO - 2025-02-14 10:14:24 --> Helper loaded: template_helper
INFO - 2025-02-14 10:14:24 --> Helper loaded: rest_helper
INFO - 2025-02-14 10:14:24 --> Database Driver Class Initialized
DEBUG - 2025-02-14 10:14:24 --> Idgenerator class already loaded. Second attempt ignored.
INFO - 2025-02-14 10:14:24 --> Controller Class Initialized
INFO - 2025-02-14 10:14:24 --> Model Class Initialized
DEBUG - 2025-02-14 10:14:24 --> File loaded: /apps/web-drc/application/modules/drc_dashboard/models/Drc_dashboard_model.php
INFO - 2025-02-14 10:14:24 --> Model Class Initialized
DEBUG - 2025-02-14 10:14:24 --> File loaded: /apps/web-drc/application/modules/drc_dashboard/views/form.php
DEBUG - 2025-02-14 10:14:24 --> File loaded: /apps/web-drc/application/views/templates/header.php
DEBUG - 2025-02-14 10:14:24 --> File loaded: /apps/web-drc/application/views/templates/toolbar.php
DEBUG - 2025-02-14 10:14:24 --> File loaded: /apps/web-drc/application/views/templates/sidebar.php
DEBUG - 2025-02-14 10:14:24 --> File loaded: /apps/web-drc/application/views/templates/contents.php
DEBUG - 2025-02-14 10:14:24 --> File loaded: /apps/web-drc/application/views/templates/content_footer.php
DEBUG - 2025-02-14 10:14:24 --> File loaded: /apps/web-drc/application/views/templates/footer.php
DEBUG - 2025-02-14 10:14:24 --> File loaded: /apps/web-drc/application/views/templates/default.php
INFO - 2025-02-14 10:14:24 --> Final output sent to browser
DEBUG - 2025-02-14 10:14:24 --> Total execution time: 0.0061
INFO - 2025-02-14 10:16:45 --> Config Class Initialized
INFO - 2025-02-14 10:16:45 --> Hooks Class Initialized
DEBUG - 2025-02-14 10:16:45 --> UTF-8 Support Enabled
INFO - 2025-02-14 10:16:45 --> Utf8 Class Initialized
INFO - 2025-02-14 10:16:45 --> URI Class Initialized
INFO - 2025-02-14 10:16:45 --> Router Class Initialized
INFO - 2025-02-14 10:16:45 --> Output Class Initialized
INFO - 2025-02-14 10:16:45 --> Security Class Initialized
DEBUG - 2025-02-14 10:16:45 --> Global POST, GET and COOKIE data sanitized
INFO - 2025-02-14 10:16:45 --> Input Class Initialized
INFO - 2025-02-14 10:16:45 --> Language Class Initialized
INFO - 2025-02-14 10:16:45 --> Language Class Initialized
INFO - 2025-02-14 10:16:45 --> Config Class Initialized
INFO - 2025-02-14 10:16:45 --> Loader Class Initialized
INFO - 2025-02-14 10:16:45 --> Helper loaded: url_helper
INFO - 2025-02-14 10:16:45 --> Helper loaded: easyui_helper
INFO - 2025-02-14 10:16:45 --> Helper loaded: param_helper
INFO - 2025-02-14 10:16:45 --> Helper loaded: credential_helper
INFO - 2025-02-14 10:16:45 --> Helper loaded: template_helper
INFO - 2025-02-14 10:16:45 --> Helper loaded: rest_helper
INFO - 2025-02-14 10:16:45 --> Database Driver Class Initialized
DEBUG - 2025-02-14 10:16:45 --> Idgenerator class already loaded. Second attempt ignored.
INFO - 2025-02-14 10:16:45 --> Controller Class Initialized
INFO - 2025-02-14 10:16:45 --> Model Class Initialized
DEBUG - 2025-02-14 10:16:45 --> File loaded: /apps/web-drc/application/modules/conf_setup_pjp/models/Setup_pjp_model.php
INFO - 2025-02-14 10:16:45 --> Model Class Initialized
DEBUG - 2025-02-14 10:16:45 --> File loaded: /apps/web-drc/application/modules/conf_setup_pjp/views/content.php
DEBUG - 2025-02-14 10:16:45 --> File loaded: /apps/web-drc/application/views/templates/header.php
DEBUG - 2025-02-14 10:16:45 --> File loaded: /apps/web-drc/application/views/templates/toolbar.php
DEBUG - 2025-02-14 10:16:45 --> File loaded: /apps/web-drc/application/views/templates/sidebar.php
DEBUG - 2025-02-14 10:16:45 --> File loaded: /apps/web-drc/application/views/templates/contents.php
DEBUG - 2025-02-14 10:16:45 --> File loaded: /apps/web-drc/application/views/templates/content_footer.php
DEBUG - 2025-02-14 10:16:45 --> File loaded: /apps/web-drc/application/views/templates/footer.php
DEBUG - 2025-02-14 10:16:45 --> File loaded: /apps/web-drc/application/views/templates/default.php
INFO - 2025-02-14 10:16:45 --> Final output sent to browser
DEBUG - 2025-02-14 10:16:45 --> Total execution time: 0.0060
INFO - 2025-02-14 10:16:45 --> Config Class Initialized
INFO - 2025-02-14 10:16:45 --> Hooks Class Initialized
DEBUG - 2025-02-14 10:16:45 --> UTF-8 Support Enabled
INFO - 2025-02-14 10:16:45 --> Utf8 Class Initialized
INFO - 2025-02-14 10:16:45 --> URI Class Initialized
INFO - 2025-02-14 10:16:45 --> Router Class Initialized
INFO - 2025-02-14 10:16:45 --> Output Class Initialized
INFO - 2025-02-14 10:16:45 --> Security Class Initialized
DEBUG - 2025-02-14 10:16:45 --> Global POST, GET and COOKIE data sanitized
INFO - 2025-02-14 10:16:45 --> Input Class Initialized
INFO - 2025-02-14 10:16:45 --> Language Class Initialized
INFO - 2025-02-14 10:16:45 --> Language Class Initialized
INFO - 2025-02-14 10:16:45 --> Config Class Initialized
INFO - 2025-02-14 10:16:45 --> Loader Class Initialized
INFO - 2025-02-14 10:16:45 --> Helper loaded: url_helper
INFO - 2025-02-14 10:16:45 --> Helper loaded: easyui_helper
INFO - 2025-02-14 10:16:45 --> Helper loaded: param_helper
INFO - 2025-02-14 10:16:45 --> Helper loaded: credential_helper
INFO - 2025-02-14 10:16:45 --> Helper loaded: template_helper
INFO - 2025-02-14 10:16:45 --> Helper loaded: rest_helper
INFO - 2025-02-14 10:16:45 --> Database Driver Class Initialized
DEBUG - 2025-02-14 10:16:45 --> Idgenerator class already loaded. Second attempt ignored.
INFO - 2025-02-14 10:16:45 --> Controller Class Initialized
INFO - 2025-02-14 10:16:45 --> Model Class Initialized
DEBUG - 2025-02-14 10:16:45 --> File loaded: /apps/web-drc/application/modules/conf_setup_pjp/models/Setup_pjp_model.php
INFO - 2025-02-14 10:16:45 --> Model Class Initialized
INFO - 2025-02-14 10:16:50 --> Final output sent to browser
DEBUG - 2025-02-14 10:16:50 --> Total execution time: 4.5921
INFO - 2025-02-14 22:57:31 --> Config Class Initialized
INFO - 2025-02-14 22:57:31 --> Hooks Class Initialized
DEBUG - 2025-02-14 22:57:31 --> UTF-8 Support Enabled
INFO - 2025-02-14 22:57:31 --> Utf8 Class Initialized
INFO - 2025-02-14 22:57:31 --> URI Class Initialized
INFO - 2025-02-14 22:57:31 --> Router Class Initialized
INFO - 2025-02-14 22:57:31 --> Output Class Initialized
INFO - 2025-02-14 22:57:31 --> Security Class Initialized
DEBUG - 2025-02-14 22:57:31 --> Global POST, GET and COOKIE data sanitized
INFO - 2025-02-14 22:57:31 --> Input Class Initialized
INFO - 2025-02-14 22:57:31 --> Language Class Initialized
INFO - 2025-02-14 22:57:31 --> Language Class Initialized
INFO - 2025-02-14 22:57:31 --> Config Class Initialized
INFO - 2025-02-14 22:57:31 --> Loader Class Initialized
INFO - 2025-02-14 22:57:31 --> Helper loaded: url_helper
INFO - 2025-02-14 22:57:31 --> Helper loaded: easyui_helper
INFO - 2025-02-14 22:57:31 --> Helper loaded: param_helper
INFO - 2025-02-14 22:57:31 --> Helper loaded: credential_helper
INFO - 2025-02-14 22:57:31 --> Helper loaded: template_helper
INFO - 2025-02-14 22:57:31 --> Helper loaded: rest_helper
INFO - 2025-02-14 22:57:31 --> Database Driver Class Initialized
DEBUG - 2025-02-14 22:57:31 --> Idgenerator class already loaded. Second attempt ignored.
INFO - 2025-02-14 22:57:31 --> Controller Class Initialized
INFO - 2025-02-14 22:57:31 --> Model Class Initialized
DEBUG - 2025-02-14 22:57:31 --> File loaded: /apps/web-drc/application/modules/conf_setup_pjp/models/Setup_pjp_model.php
INFO - 2025-02-14 22:57:31 --> Model Class Initialized
DEBUG - 2025-02-14 22:57:31 --> File loaded: /apps/web-drc/application/modules/conf_setup_pjp/views/content.php
DEBUG - 2025-02-14 22:57:31 --> File loaded: /apps/web-drc/application/views/templates/header.php
DEBUG - 2025-02-14 22:57:31 --> File loaded: /apps/web-drc/application/views/templates/toolbar.php
DEBUG - 2025-02-14 22:57:31 --> File loaded: /apps/web-drc/application/views/templates/sidebar.php
DEBUG - 2025-02-14 22:57:31 --> File loaded: /apps/web-drc/application/views/templates/contents.php
DEBUG - 2025-02-14 22:57:31 --> File loaded: /apps/web-drc/application/views/templates/content_footer.php
DEBUG - 2025-02-14 22:57:31 --> File loaded: /apps/web-drc/application/views/templates/footer.php
INFO - 2025-02-14 22:57:32 --> Config Class Initialized
INFO - 2025-02-14 22:57:32 --> Hooks Class Initialized
DEBUG - 2025-02-14 22:57:32 --> UTF-8 Support Enabled
INFO - 2025-02-14 22:57:32 --> Utf8 Class Initialized
INFO - 2025-02-14 22:57:32 --> URI Class Initialized
DEBUG - 2025-02-14 22:57:32 --> No URI present. Default controller set.
INFO - 2025-02-14 22:57:32 --> Router Class Initialized
INFO - 2025-02-14 22:57:32 --> Output Class Initialized
INFO - 2025-02-14 22:57:32 --> Security Class Initialized
DEBUG - 2025-02-14 22:57:32 --> Global POST, GET and COOKIE data sanitized
INFO - 2025-02-14 22:57:32 --> Input Class Initialized
INFO - 2025-02-14 22:57:32 --> Language Class Initialized
INFO - 2025-02-14 22:57:32 --> Language Class Initialized
INFO - 2025-02-14 22:57:32 --> Config Class Initialized
INFO - 2025-02-14 22:57:32 --> Loader Class Initialized
INFO - 2025-02-14 22:57:32 --> Helper loaded: url_helper
INFO - 2025-02-14 22:57:32 --> Helper loaded: easyui_helper
INFO - 2025-02-14 22:57:32 --> Helper loaded: param_helper
INFO - 2025-02-14 22:57:32 --> Helper loaded: credential_helper
INFO - 2025-02-14 22:57:32 --> Helper loaded: template_helper
INFO - 2025-02-14 22:57:32 --> Helper loaded: rest_helper
INFO - 2025-02-14 22:57:32 --> Database Driver Class Initialized
DEBUG - 2025-02-14 22:57:32 --> Idgenerator class already loaded. Second attempt ignored.
INFO - 2025-02-14 22:57:32 --> Controller Class Initialized
DEBUG - 2025-02-14 22:57:32 --> File loaded: /apps/web-drc/application/modules/app_auth/views/login_lte_template.php
DEBUG - 2025-02-14 22:57:32 --> File loaded: /apps/web-drc/application/views/template_login_lte/header.php
DEBUG - 2025-02-14 22:57:32 --> File loaded: /apps/web-drc/application/views/template_login_lte/contents.php
DEBUG - 2025-02-14 22:57:32 --> File loaded: /apps/web-drc/application/views/template_login_lte/default.php
INFO - 2025-02-14 22:57:32 --> Final output sent to browser
DEBUG - 2025-02-14 22:57:32 --> Total execution time: 0.0166
INFO - 2025-02-14 22:57:32 --> Config Class Initialized
INFO - 2025-02-14 22:57:32 --> Hooks Class Initialized
DEBUG - 2025-02-14 22:57:32 --> UTF-8 Support Enabled
INFO - 2025-02-14 22:57:32 --> Utf8 Class Initialized
INFO - 2025-02-14 22:57:32 --> URI Class Initialized
INFO - 2025-02-14 22:57:32 --> Router Class Initialized
INFO - 2025-02-14 22:57:32 --> Output Class Initialized
INFO - 2025-02-14 22:57:32 --> Security Class Initialized
DEBUG - 2025-02-14 22:57:32 --> Global POST, GET and COOKIE data sanitized
INFO - 2025-02-14 22:57:32 --> Input Class Initialized
INFO - 2025-02-14 22:57:32 --> Language Class Initialized
ERROR - 2025-02-14 22:57:32 --> 404 Page Not Found: /index
INFO - 2025-02-14 22:57:37 --> Config Class Initialized
INFO - 2025-02-14 22:57:37 --> Hooks Class Initialized
DEBUG - 2025-02-14 22:57:37 --> UTF-8 Support Enabled
INFO - 2025-02-14 22:57:37 --> Utf8 Class Initialized
INFO - 2025-02-14 22:57:37 --> URI Class Initialized
DEBUG - 2025-02-14 22:57:37 --> No URI present. Default controller set.
INFO - 2025-02-14 22:57:37 --> Router Class Initialized
INFO - 2025-02-14 22:57:37 --> Output Class Initialized
INFO - 2025-02-14 22:57:37 --> Security Class Initialized
DEBUG - 2025-02-14 22:57:37 --> Global POST, GET and COOKIE data sanitized
INFO - 2025-02-14 22:57:37 --> Input Class Initialized
INFO - 2025-02-14 22:57:37 --> Language Class Initialized
INFO - 2025-02-14 22:57:37 --> Language Class Initialized
INFO - 2025-02-14 22:57:37 --> Config Class Initialized
INFO - 2025-02-14 22:57:37 --> Loader Class Initialized
INFO - 2025-02-14 22:57:37 --> Helper loaded: url_helper
INFO - 2025-02-14 22:57:37 --> Helper loaded: easyui_helper
INFO - 2025-02-14 22:57:37 --> Helper loaded: param_helper
INFO - 2025-02-14 22:57:37 --> Helper loaded: credential_helper
INFO - 2025-02-14 22:57:37 --> Helper loaded: template_helper
INFO - 2025-02-14 22:57:37 --> Helper loaded: rest_helper
INFO - 2025-02-14 22:57:37 --> Database Driver Class Initialized
DEBUG - 2025-02-14 22:57:37 --> Idgenerator class already loaded. Second attempt ignored.
INFO - 2025-02-14 22:57:37 --> Controller Class Initialized
DEBUG - 2025-02-14 22:57:37 --> File loaded: /apps/web-drc/application/modules/app_auth/views/login_lte_template.php
DEBUG - 2025-02-14 22:57:37 --> File loaded: /apps/web-drc/application/views/template_login_lte/header.php
DEBUG - 2025-02-14 22:57:37 --> File loaded: /apps/web-drc/application/views/template_login_lte/contents.php
DEBUG - 2025-02-14 22:57:37 --> File loaded: /apps/web-drc/application/views/template_login_lte/default.php
INFO - 2025-02-14 22:57:37 --> Final output sent to browser
DEBUG - 2025-02-14 22:57:37 --> Total execution time: 0.0132
INFO - 2025-02-14 23:21:32 --> Config Class Initialized
INFO - 2025-02-14 23:21:32 --> Hooks Class Initialized
DEBUG - 2025-02-14 23:21:32 --> UTF-8 Support Enabled
INFO - 2025-02-14 23:21:32 --> Utf8 Class Initialized
INFO - 2025-02-14 23:21:32 --> URI Class Initialized
DEBUG - 2025-02-14 23:21:32 --> No URI present. Default controller set.
INFO - 2025-02-14 23:21:32 --> Router Class Initialized
INFO - 2025-02-14 23:21:32 --> Output Class Initialized
INFO - 2025-02-14 23:21:32 --> Security Class Initialized
DEBUG - 2025-02-14 23:21:32 --> Global POST, GET and COOKIE data sanitized
INFO - 2025-02-14 23:21:32 --> Input Class Initialized
INFO - 2025-02-14 23:21:32 --> Language Class Initialized
INFO - 2025-02-14 23:21:32 --> Language Class Initialized
INFO - 2025-02-14 23:21:32 --> Config Class Initialized
INFO - 2025-02-14 23:21:32 --> Loader Class Initialized
INFO - 2025-02-14 23:21:32 --> Helper loaded: url_helper
INFO - 2025-02-14 23:21:32 --> Helper loaded: easyui_helper
INFO - 2025-02-14 23:21:32 --> Helper loaded: param_helper
INFO - 2025-02-14 23:21:32 --> Helper loaded: credential_helper
INFO - 2025-02-14 23:21:32 --> Helper loaded: template_helper
INFO - 2025-02-14 23:21:32 --> Helper loaded: rest_helper
INFO - 2025-02-14 23:21:32 --> Database Driver Class Initialized
DEBUG - 2025-02-14 23:21:32 --> Idgenerator class already loaded. Second attempt ignored.
INFO - 2025-02-14 23:21:32 --> Controller Class Initialized
DEBUG - 2025-02-14 23:21:32 --> File loaded: /apps/web-drc/application/modules/app_auth/views/login_lte_template.php
DEBUG - 2025-02-14 23:21:32 --> File loaded: /apps/web-drc/application/views/template_login_lte/header.php
DEBUG - 2025-02-14 23:21:32 --> File loaded: /apps/web-drc/application/views/template_login_lte/contents.php
DEBUG - 2025-02-14 23:21:32 --> File loaded: /apps/web-drc/application/views/template_login_lte/default.php
INFO - 2025-02-14 23:21:32 --> Final output sent to browser
DEBUG - 2025-02-14 23:21:32 --> Total execution time: 0.0094
INFO - 2025-02-14 23:22:23 --> Config Class Initialized
INFO - 2025-02-14 23:22:23 --> Hooks Class Initialized
DEBUG - 2025-02-14 23:22:23 --> UTF-8 Support Enabled
INFO - 2025-02-14 23:22:23 --> Utf8 Class Initialized
INFO - 2025-02-14 23:22:23 --> URI Class Initialized
INFO - 2025-02-14 23:22:23 --> Router Class Initialized
INFO - 2025-02-14 23:22:23 --> Output Class Initialized
INFO - 2025-02-14 23:22:23 --> Security Class Initialized
DEBUG - 2025-02-14 23:22:23 --> Global POST, GET and COOKIE data sanitized
INFO - 2025-02-14 23:22:23 --> Input Class Initialized
INFO - 2025-02-14 23:22:23 --> Language Class Initialized
ERROR - 2025-02-14 23:22:23 --> 404 Page Not Found: /index
