INFO - 2025-05-23 00:01:27 --> Config Class Initialized
INFO - 2025-05-23 00:01:27 --> Hooks Class Initialized
DEBUG - 2025-05-23 00:01:27 --> UTF-8 Support Enabled
INFO - 2025-05-23 00:01:27 --> Utf8 Class Initialized
INFO - 2025-05-23 00:01:27 --> URI Class Initialized
DEBUG - 2025-05-23 00:01:27 --> No URI present. Default controller set.
INFO - 2025-05-23 00:01:27 --> Router Class Initialized
INFO - 2025-05-23 00:01:27 --> Output Class Initialized
INFO - 2025-05-23 00:01:27 --> Security Class Initialized
DEBUG - 2025-05-23 00:01:27 --> Global POST, GET and COOKIE data sanitized
INFO - 2025-05-23 00:01:27 --> Input Class Initialized
INFO - 2025-05-23 00:01:27 --> Language Class Initialized
INFO - 2025-05-23 00:01:27 --> Language Class Initialized
INFO - 2025-05-23 00:01:27 --> Config Class Initialized
INFO - 2025-05-23 00:01:27 --> Loader Class Initialized
INFO - 2025-05-23 00:01:27 --> Helper loaded: url_helper
INFO - 2025-05-23 00:01:27 --> Helper loaded: easyui_helper
INFO - 2025-05-23 00:01:27 --> Helper loaded: param_helper
INFO - 2025-05-23 00:01:27 --> Helper loaded: credential_helper
INFO - 2025-05-23 00:01:27 --> Helper loaded: template_helper
INFO - 2025-05-23 00:01:27 --> Helper loaded: rest_helper
INFO - 2025-05-23 00:01:27 --> Database Driver Class Initialized
ERROR - 2025-05-23 00:01:27 --> Severity: error --> Exception: Access denied for user 'useradmin'@'localhost' (using password: YES) /Library/WebServer/Documents/web-drc/system/database/drivers/mysqli/mysqli_driver.php 201
INFO - 2025-05-23 00:01:27 --> Config Class Initialized
INFO - 2025-05-23 00:01:27 --> Hooks Class Initialized
DEBUG - 2025-05-23 00:01:27 --> UTF-8 Support Enabled
INFO - 2025-05-23 00:01:27 --> Utf8 Class Initialized
INFO - 2025-05-23 00:01:27 --> URI Class Initialized
DEBUG - 2025-05-23 00:01:27 --> No URI present. Default controller set.
INFO - 2025-05-23 00:01:27 --> Router Class Initialized
INFO - 2025-05-23 00:01:27 --> Output Class Initialized
INFO - 2025-05-23 00:01:27 --> Security Class Initialized
DEBUG - 2025-05-23 00:01:27 --> Global POST, GET and COOKIE data sanitized
INFO - 2025-05-23 00:01:27 --> Input Class Initialized
INFO - 2025-05-23 00:01:27 --> Language Class Initialized
INFO - 2025-05-23 00:01:27 --> Language Class Initialized
INFO - 2025-05-23 00:01:27 --> Config Class Initialized
INFO - 2025-05-23 00:01:27 --> Loader Class Initialized
INFO - 2025-05-23 00:01:27 --> Helper loaded: url_helper
INFO - 2025-05-23 00:01:27 --> Helper loaded: easyui_helper
INFO - 2025-05-23 00:01:27 --> Helper loaded: param_helper
INFO - 2025-05-23 00:01:27 --> Helper loaded: credential_helper
INFO - 2025-05-23 00:01:27 --> Helper loaded: template_helper
INFO - 2025-05-23 00:01:27 --> Helper loaded: rest_helper
INFO - 2025-05-23 00:01:27 --> Database Driver Class Initialized
ERROR - 2025-05-23 00:01:27 --> Severity: error --> Exception: Access denied for user 'useradmin'@'localhost' (using password: YES) /Library/WebServer/Documents/web-drc/system/database/drivers/mysqli/mysqli_driver.php 201
INFO - 2025-05-23 00:01:35 --> Config Class Initialized
INFO - 2025-05-23 00:01:35 --> Hooks Class Initialized
DEBUG - 2025-05-23 00:01:35 --> UTF-8 Support Enabled
INFO - 2025-05-23 00:01:35 --> Utf8 Class Initialized
INFO - 2025-05-23 00:01:35 --> URI Class Initialized
DEBUG - 2025-05-23 00:01:35 --> No URI present. Default controller set.
INFO - 2025-05-23 00:01:35 --> Router Class Initialized
INFO - 2025-05-23 00:01:35 --> Output Class Initialized
INFO - 2025-05-23 00:01:35 --> Security Class Initialized
DEBUG - 2025-05-23 00:01:35 --> Global POST, GET and COOKIE data sanitized
INFO - 2025-05-23 00:01:35 --> Input Class Initialized
INFO - 2025-05-23 00:01:35 --> Language Class Initialized
INFO - 2025-05-23 00:01:35 --> Language Class Initialized
INFO - 2025-05-23 00:01:35 --> Config Class Initialized
INFO - 2025-05-23 00:01:35 --> Loader Class Initialized
INFO - 2025-05-23 00:01:35 --> Helper loaded: url_helper
INFO - 2025-05-23 00:01:35 --> Helper loaded: easyui_helper
INFO - 2025-05-23 00:01:35 --> Helper loaded: param_helper
INFO - 2025-05-23 00:01:35 --> Helper loaded: credential_helper
INFO - 2025-05-23 00:01:35 --> Helper loaded: template_helper
INFO - 2025-05-23 00:01:35 --> Helper loaded: rest_helper
INFO - 2025-05-23 00:01:35 --> Database Driver Class Initialized
ERROR - 2025-05-23 00:01:35 --> Severity: error --> Exception: Access denied for user 'useradmin'@'localhost' (using password: YES) /Library/WebServer/Documents/web-drc/system/database/drivers/mysqli/mysqli_driver.php 201
INFO - 2025-05-23 00:14:30 --> Config Class Initialized
INFO - 2025-05-23 00:14:30 --> Hooks Class Initialized
DEBUG - 2025-05-23 00:14:30 --> UTF-8 Support Enabled
INFO - 2025-05-23 00:14:30 --> Utf8 Class Initialized
INFO - 2025-05-23 00:14:30 --> URI Class Initialized
DEBUG - 2025-05-23 00:14:30 --> No URI present. Default controller set.
INFO - 2025-05-23 00:14:30 --> Router Class Initialized
INFO - 2025-05-23 00:14:30 --> Output Class Initialized
INFO - 2025-05-23 00:14:30 --> Security Class Initialized
DEBUG - 2025-05-23 00:14:30 --> Global POST, GET and COOKIE data sanitized
INFO - 2025-05-23 00:14:30 --> Input Class Initialized
INFO - 2025-05-23 00:14:30 --> Language Class Initialized
INFO - 2025-05-23 00:14:30 --> Language Class Initialized
INFO - 2025-05-23 00:14:30 --> Config Class Initialized
INFO - 2025-05-23 00:14:30 --> Loader Class Initialized
INFO - 2025-05-23 00:14:30 --> Helper loaded: url_helper
INFO - 2025-05-23 00:14:30 --> Helper loaded: easyui_helper
INFO - 2025-05-23 00:14:30 --> Helper loaded: param_helper
INFO - 2025-05-23 00:14:30 --> Helper loaded: credential_helper
INFO - 2025-05-23 00:14:30 --> Helper loaded: template_helper
INFO - 2025-05-23 00:14:30 --> Helper loaded: rest_helper
INFO - 2025-05-23 00:14:30 --> Database Driver Class Initialized
ERROR - 2025-05-23 00:14:30 --> Severity: error --> Exception: Access denied for user 'useradmin'@'localhost' (using password: YES) /Library/WebServer/Documents/web-drc/system/database/drivers/mysqli/mysqli_driver.php 201
INFO - 2025-05-23 00:14:31 --> Config Class Initialized
INFO - 2025-05-23 00:14:31 --> Hooks Class Initialized
DEBUG - 2025-05-23 00:14:31 --> UTF-8 Support Enabled
INFO - 2025-05-23 00:14:31 --> Utf8 Class Initialized
INFO - 2025-05-23 00:14:31 --> URI Class Initialized
DEBUG - 2025-05-23 00:14:31 --> No URI present. Default controller set.
INFO - 2025-05-23 00:14:31 --> Router Class Initialized
INFO - 2025-05-23 00:14:31 --> Output Class Initialized
INFO - 2025-05-23 00:14:31 --> Security Class Initialized
DEBUG - 2025-05-23 00:14:31 --> Global POST, GET and COOKIE data sanitized
INFO - 2025-05-23 00:14:31 --> Input Class Initialized
INFO - 2025-05-23 00:14:31 --> Language Class Initialized
INFO - 2025-05-23 00:14:31 --> Language Class Initialized
INFO - 2025-05-23 00:14:31 --> Config Class Initialized
INFO - 2025-05-23 00:14:31 --> Loader Class Initialized
INFO - 2025-05-23 00:14:31 --> Helper loaded: url_helper
INFO - 2025-05-23 00:14:31 --> Helper loaded: easyui_helper
INFO - 2025-05-23 00:14:31 --> Helper loaded: param_helper
INFO - 2025-05-23 00:14:31 --> Helper loaded: credential_helper
INFO - 2025-05-23 00:14:31 --> Helper loaded: template_helper
INFO - 2025-05-23 00:14:31 --> Helper loaded: rest_helper
INFO - 2025-05-23 00:14:31 --> Database Driver Class Initialized
ERROR - 2025-05-23 00:14:31 --> Severity: error --> Exception: Access denied for user 'useradmin'@'localhost' (using password: YES) /Library/WebServer/Documents/web-drc/system/database/drivers/mysqli/mysqli_driver.php 201
INFO - 2025-05-23 00:14:32 --> Config Class Initialized
INFO - 2025-05-23 00:14:32 --> Hooks Class Initialized
DEBUG - 2025-05-23 00:14:32 --> UTF-8 Support Enabled
INFO - 2025-05-23 00:14:32 --> Utf8 Class Initialized
INFO - 2025-05-23 00:14:32 --> URI Class Initialized
DEBUG - 2025-05-23 00:14:32 --> No URI present. Default controller set.
INFO - 2025-05-23 00:14:32 --> Router Class Initialized
INFO - 2025-05-23 00:14:32 --> Output Class Initialized
INFO - 2025-05-23 00:14:32 --> Security Class Initialized
DEBUG - 2025-05-23 00:14:32 --> Global POST, GET and COOKIE data sanitized
INFO - 2025-05-23 00:14:32 --> Input Class Initialized
INFO - 2025-05-23 00:14:32 --> Language Class Initialized
INFO - 2025-05-23 00:14:32 --> Language Class Initialized
INFO - 2025-05-23 00:14:32 --> Config Class Initialized
INFO - 2025-05-23 00:14:32 --> Loader Class Initialized
INFO - 2025-05-23 00:14:32 --> Helper loaded: url_helper
INFO - 2025-05-23 00:14:32 --> Helper loaded: easyui_helper
INFO - 2025-05-23 00:14:32 --> Helper loaded: param_helper
INFO - 2025-05-23 00:14:32 --> Helper loaded: credential_helper
INFO - 2025-05-23 00:14:32 --> Helper loaded: template_helper
INFO - 2025-05-23 00:14:32 --> Helper loaded: rest_helper
INFO - 2025-05-23 00:14:32 --> Database Driver Class Initialized
ERROR - 2025-05-23 00:14:32 --> Severity: error --> Exception: Access denied for user 'useradmin'@'localhost' (using password: YES) /Library/WebServer/Documents/web-drc/system/database/drivers/mysqli/mysqli_driver.php 201
INFO - 2025-05-23 00:14:48 --> Config Class Initialized
INFO - 2025-05-23 00:14:48 --> Hooks Class Initialized
DEBUG - 2025-05-23 00:14:48 --> UTF-8 Support Enabled
INFO - 2025-05-23 00:14:48 --> Utf8 Class Initialized
INFO - 2025-05-23 00:14:48 --> URI Class Initialized
DEBUG - 2025-05-23 00:14:48 --> No URI present. Default controller set.
INFO - 2025-05-23 00:14:48 --> Router Class Initialized
INFO - 2025-05-23 00:14:48 --> Output Class Initialized
INFO - 2025-05-23 00:14:48 --> Security Class Initialized
DEBUG - 2025-05-23 00:14:48 --> Global POST, GET and COOKIE data sanitized
INFO - 2025-05-23 00:14:48 --> Input Class Initialized
INFO - 2025-05-23 00:14:48 --> Language Class Initialized
INFO - 2025-05-23 00:14:48 --> Language Class Initialized
INFO - 2025-05-23 00:14:48 --> Config Class Initialized
INFO - 2025-05-23 00:14:48 --> Loader Class Initialized
INFO - 2025-05-23 00:14:48 --> Helper loaded: url_helper
INFO - 2025-05-23 00:14:48 --> Helper loaded: easyui_helper
INFO - 2025-05-23 00:14:48 --> Helper loaded: param_helper
INFO - 2025-05-23 00:14:48 --> Helper loaded: credential_helper
INFO - 2025-05-23 00:14:48 --> Helper loaded: template_helper
INFO - 2025-05-23 00:14:48 --> Helper loaded: rest_helper
INFO - 2025-05-23 00:14:48 --> Database Driver Class Initialized
ERROR - 2025-05-23 00:14:48 --> Severity: error --> Exception: Access denied for user 'useradmin'@'localhost' (using password: YES) /Library/WebServer/Documents/web-drc/system/database/drivers/mysqli/mysqli_driver.php 201
INFO - 2025-05-23 00:15:06 --> Config Class Initialized
INFO - 2025-05-23 00:15:06 --> Hooks Class Initialized
DEBUG - 2025-05-23 00:15:06 --> UTF-8 Support Enabled
INFO - 2025-05-23 00:15:06 --> Utf8 Class Initialized
INFO - 2025-05-23 00:15:06 --> URI Class Initialized
DEBUG - 2025-05-23 00:15:06 --> No URI present. Default controller set.
INFO - 2025-05-23 00:15:06 --> Router Class Initialized
INFO - 2025-05-23 00:15:06 --> Output Class Initialized
INFO - 2025-05-23 00:15:06 --> Security Class Initialized
DEBUG - 2025-05-23 00:15:06 --> Global POST, GET and COOKIE data sanitized
INFO - 2025-05-23 00:15:06 --> Input Class Initialized
INFO - 2025-05-23 00:15:06 --> Language Class Initialized
INFO - 2025-05-23 00:15:06 --> Language Class Initialized
INFO - 2025-05-23 00:15:06 --> Config Class Initialized
INFO - 2025-05-23 00:15:06 --> Loader Class Initialized
INFO - 2025-05-23 00:15:06 --> Helper loaded: url_helper
INFO - 2025-05-23 00:15:06 --> Helper loaded: easyui_helper
INFO - 2025-05-23 00:15:06 --> Helper loaded: param_helper
INFO - 2025-05-23 00:15:06 --> Helper loaded: credential_helper
INFO - 2025-05-23 00:15:06 --> Helper loaded: template_helper
INFO - 2025-05-23 00:15:06 --> Helper loaded: rest_helper
INFO - 2025-05-23 00:15:06 --> Database Driver Class Initialized
ERROR - 2025-05-23 00:15:06 --> Severity: error --> Exception: Access denied for user 'useradmin'@'localhost' (using password: YES) /Library/WebServer/Documents/web-drc/system/database/drivers/mysqli/mysqli_driver.php 201
INFO - 2025-05-23 00:15:14 --> Config Class Initialized
INFO - 2025-05-23 00:15:14 --> Hooks Class Initialized
DEBUG - 2025-05-23 00:15:14 --> UTF-8 Support Enabled
INFO - 2025-05-23 00:15:14 --> Utf8 Class Initialized
INFO - 2025-05-23 00:15:14 --> URI Class Initialized
DEBUG - 2025-05-23 00:15:14 --> No URI present. Default controller set.
INFO - 2025-05-23 00:15:14 --> Router Class Initialized
INFO - 2025-05-23 00:15:14 --> Output Class Initialized
INFO - 2025-05-23 00:15:14 --> Security Class Initialized
DEBUG - 2025-05-23 00:15:14 --> Global POST, GET and COOKIE data sanitized
INFO - 2025-05-23 00:15:14 --> Input Class Initialized
INFO - 2025-05-23 00:15:14 --> Language Class Initialized
INFO - 2025-05-23 00:15:14 --> Language Class Initialized
INFO - 2025-05-23 00:15:14 --> Config Class Initialized
INFO - 2025-05-23 00:15:14 --> Loader Class Initialized
INFO - 2025-05-23 00:15:14 --> Helper loaded: url_helper
INFO - 2025-05-23 00:15:14 --> Helper loaded: easyui_helper
INFO - 2025-05-23 00:15:14 --> Helper loaded: param_helper
INFO - 2025-05-23 00:15:14 --> Helper loaded: credential_helper
INFO - 2025-05-23 00:15:14 --> Helper loaded: template_helper
INFO - 2025-05-23 00:15:14 --> Helper loaded: rest_helper
INFO - 2025-05-23 00:15:14 --> Database Driver Class Initialized
ERROR - 2025-05-23 00:15:14 --> Severity: error --> Exception: Access denied for user 'useradmin'@'localhost' (using password: YES) /Library/WebServer/Documents/web-drc/system/database/drivers/mysqli/mysqli_driver.php 201
INFO - 2025-05-23 00:15:14 --> Config Class Initialized
INFO - 2025-05-23 00:15:14 --> Hooks Class Initialized
DEBUG - 2025-05-23 00:15:14 --> UTF-8 Support Enabled
INFO - 2025-05-23 00:15:14 --> Utf8 Class Initialized
INFO - 2025-05-23 00:15:14 --> URI Class Initialized
DEBUG - 2025-05-23 00:15:14 --> No URI present. Default controller set.
INFO - 2025-05-23 00:15:14 --> Router Class Initialized
INFO - 2025-05-23 00:15:14 --> Output Class Initialized
INFO - 2025-05-23 00:15:14 --> Security Class Initialized
DEBUG - 2025-05-23 00:15:14 --> Global POST, GET and COOKIE data sanitized
INFO - 2025-05-23 00:15:14 --> Input Class Initialized
INFO - 2025-05-23 00:15:14 --> Language Class Initialized
INFO - 2025-05-23 00:15:14 --> Language Class Initialized
INFO - 2025-05-23 00:15:14 --> Config Class Initialized
INFO - 2025-05-23 00:15:14 --> Loader Class Initialized
INFO - 2025-05-23 00:15:14 --> Helper loaded: url_helper
INFO - 2025-05-23 00:15:14 --> Helper loaded: easyui_helper
INFO - 2025-05-23 00:15:14 --> Helper loaded: param_helper
INFO - 2025-05-23 00:15:14 --> Helper loaded: credential_helper
INFO - 2025-05-23 00:15:14 --> Helper loaded: template_helper
INFO - 2025-05-23 00:15:14 --> Helper loaded: rest_helper
INFO - 2025-05-23 00:15:14 --> Database Driver Class Initialized
ERROR - 2025-05-23 00:15:14 --> Severity: error --> Exception: Access denied for user 'useradmin'@'localhost' (using password: YES) /Library/WebServer/Documents/web-drc/system/database/drivers/mysqli/mysqli_driver.php 201
INFO - 2025-05-23 00:17:05 --> Config Class Initialized
INFO - 2025-05-23 00:17:05 --> Hooks Class Initialized
DEBUG - 2025-05-23 00:17:05 --> UTF-8 Support Enabled
INFO - 2025-05-23 00:17:05 --> Utf8 Class Initialized
INFO - 2025-05-23 00:17:05 --> URI Class Initialized
DEBUG - 2025-05-23 00:17:05 --> No URI present. Default controller set.
INFO - 2025-05-23 00:17:05 --> Router Class Initialized
INFO - 2025-05-23 00:17:05 --> Output Class Initialized
INFO - 2025-05-23 00:17:05 --> Security Class Initialized
DEBUG - 2025-05-23 00:17:05 --> Global POST, GET and COOKIE data sanitized
INFO - 2025-05-23 00:17:05 --> Input Class Initialized
INFO - 2025-05-23 00:17:05 --> Language Class Initialized
INFO - 2025-05-23 00:17:05 --> Language Class Initialized
INFO - 2025-05-23 00:17:05 --> Config Class Initialized
INFO - 2025-05-23 00:17:05 --> Loader Class Initialized
INFO - 2025-05-23 00:17:05 --> Helper loaded: url_helper
INFO - 2025-05-23 00:17:05 --> Helper loaded: easyui_helper
INFO - 2025-05-23 00:17:05 --> Helper loaded: param_helper
INFO - 2025-05-23 00:17:05 --> Helper loaded: credential_helper
INFO - 2025-05-23 00:17:05 --> Helper loaded: template_helper
INFO - 2025-05-23 00:17:05 --> Helper loaded: rest_helper
INFO - 2025-05-23 00:17:05 --> Database Driver Class Initialized
ERROR - 2025-05-23 00:17:05 --> Severity: error --> Exception: Access denied for user 'useradmin'@'localhost' (using password: YES) /Library/WebServer/Documents/web-drc/system/database/drivers/mysqli/mysqli_driver.php 201
INFO - 2025-05-23 00:17:06 --> Config Class Initialized
INFO - 2025-05-23 00:17:06 --> Hooks Class Initialized
DEBUG - 2025-05-23 00:17:06 --> UTF-8 Support Enabled
INFO - 2025-05-23 00:17:06 --> Utf8 Class Initialized
INFO - 2025-05-23 00:17:06 --> URI Class Initialized
DEBUG - 2025-05-23 00:17:06 --> No URI present. Default controller set.
INFO - 2025-05-23 00:17:06 --> Router Class Initialized
INFO - 2025-05-23 00:17:06 --> Output Class Initialized
INFO - 2025-05-23 00:17:06 --> Security Class Initialized
DEBUG - 2025-05-23 00:17:06 --> Global POST, GET and COOKIE data sanitized
INFO - 2025-05-23 00:17:06 --> Input Class Initialized
INFO - 2025-05-23 00:17:06 --> Language Class Initialized
INFO - 2025-05-23 00:17:06 --> Language Class Initialized
INFO - 2025-05-23 00:17:06 --> Config Class Initialized
INFO - 2025-05-23 00:17:06 --> Loader Class Initialized
INFO - 2025-05-23 00:17:06 --> Helper loaded: url_helper
INFO - 2025-05-23 00:17:06 --> Helper loaded: easyui_helper
INFO - 2025-05-23 00:17:06 --> Helper loaded: param_helper
INFO - 2025-05-23 00:17:06 --> Helper loaded: credential_helper
INFO - 2025-05-23 00:17:06 --> Helper loaded: template_helper
INFO - 2025-05-23 00:17:06 --> Helper loaded: rest_helper
INFO - 2025-05-23 00:17:06 --> Database Driver Class Initialized
ERROR - 2025-05-23 00:17:06 --> Severity: error --> Exception: Access denied for user 'useradmin'@'localhost' (using password: YES) /Library/WebServer/Documents/web-drc/system/database/drivers/mysqli/mysqli_driver.php 201
INFO - 2025-05-23 00:18:47 --> Config Class Initialized
INFO - 2025-05-23 00:18:47 --> Hooks Class Initialized
DEBUG - 2025-05-23 00:18:47 --> UTF-8 Support Enabled
INFO - 2025-05-23 00:18:47 --> Utf8 Class Initialized
INFO - 2025-05-23 00:18:47 --> URI Class Initialized
DEBUG - 2025-05-23 00:18:47 --> No URI present. Default controller set.
INFO - 2025-05-23 00:18:47 --> Router Class Initialized
INFO - 2025-05-23 00:18:47 --> Output Class Initialized
INFO - 2025-05-23 00:18:47 --> Security Class Initialized
DEBUG - 2025-05-23 00:18:47 --> Global POST, GET and COOKIE data sanitized
INFO - 2025-05-23 00:18:47 --> Input Class Initialized
INFO - 2025-05-23 00:18:47 --> Language Class Initialized
INFO - 2025-05-23 00:18:47 --> Language Class Initialized
INFO - 2025-05-23 00:18:47 --> Config Class Initialized
INFO - 2025-05-23 00:18:47 --> Loader Class Initialized
INFO - 2025-05-23 00:18:47 --> Helper loaded: url_helper
INFO - 2025-05-23 00:18:47 --> Helper loaded: easyui_helper
INFO - 2025-05-23 00:18:47 --> Helper loaded: param_helper
INFO - 2025-05-23 00:18:47 --> Helper loaded: credential_helper
INFO - 2025-05-23 00:18:47 --> Helper loaded: template_helper
INFO - 2025-05-23 00:18:47 --> Helper loaded: rest_helper
INFO - 2025-05-23 00:18:47 --> Database Driver Class Initialized
ERROR - 2025-05-23 00:18:47 --> Severity: error --> Exception: Access denied for user 'useradmin'@'localhost' (using password: YES) /Library/WebServer/Documents/web-drc/system/database/drivers/mysqli/mysqli_driver.php 201
INFO - 2025-05-23 00:19:00 --> Config Class Initialized
INFO - 2025-05-23 00:19:00 --> Hooks Class Initialized
DEBUG - 2025-05-23 00:19:00 --> UTF-8 Support Enabled
INFO - 2025-05-23 00:19:00 --> Utf8 Class Initialized
INFO - 2025-05-23 00:19:00 --> URI Class Initialized
DEBUG - 2025-05-23 00:19:00 --> No URI present. Default controller set.
INFO - 2025-05-23 00:19:00 --> Router Class Initialized
INFO - 2025-05-23 00:19:00 --> Output Class Initialized
INFO - 2025-05-23 00:19:00 --> Security Class Initialized
DEBUG - 2025-05-23 00:19:00 --> Global POST, GET and COOKIE data sanitized
INFO - 2025-05-23 00:19:00 --> Input Class Initialized
INFO - 2025-05-23 00:19:00 --> Language Class Initialized
INFO - 2025-05-23 00:19:00 --> Language Class Initialized
INFO - 2025-05-23 00:19:00 --> Config Class Initialized
INFO - 2025-05-23 00:19:00 --> Loader Class Initialized
INFO - 2025-05-23 00:19:00 --> Helper loaded: url_helper
INFO - 2025-05-23 00:19:00 --> Helper loaded: easyui_helper
INFO - 2025-05-23 00:19:00 --> Helper loaded: param_helper
INFO - 2025-05-23 00:19:00 --> Helper loaded: credential_helper
INFO - 2025-05-23 00:19:00 --> Helper loaded: template_helper
INFO - 2025-05-23 00:19:00 --> Helper loaded: rest_helper
INFO - 2025-05-23 00:19:00 --> Database Driver Class Initialized
ERROR - 2025-05-23 00:19:00 --> Severity: error --> Exception: Access denied for user 'useradmin'@'localhost' (using password: YES) /Library/WebServer/Documents/web-drc/system/database/drivers/mysqli/mysqli_driver.php 201
INFO - 2025-05-23 00:20:08 --> Config Class Initialized
INFO - 2025-05-23 00:20:08 --> Hooks Class Initialized
DEBUG - 2025-05-23 00:20:08 --> UTF-8 Support Enabled
INFO - 2025-05-23 00:20:08 --> Utf8 Class Initialized
INFO - 2025-05-23 00:20:08 --> URI Class Initialized
DEBUG - 2025-05-23 00:20:08 --> No URI present. Default controller set.
INFO - 2025-05-23 00:20:08 --> Router Class Initialized
INFO - 2025-05-23 00:20:08 --> Output Class Initialized
INFO - 2025-05-23 00:20:08 --> Security Class Initialized
DEBUG - 2025-05-23 00:20:08 --> Global POST, GET and COOKIE data sanitized
INFO - 2025-05-23 00:20:08 --> Input Class Initialized
INFO - 2025-05-23 00:20:08 --> Language Class Initialized
INFO - 2025-05-23 00:20:08 --> Language Class Initialized
INFO - 2025-05-23 00:20:08 --> Config Class Initialized
INFO - 2025-05-23 00:20:08 --> Loader Class Initialized
INFO - 2025-05-23 00:20:08 --> Helper loaded: url_helper
INFO - 2025-05-23 00:20:08 --> Helper loaded: easyui_helper
INFO - 2025-05-23 00:20:08 --> Helper loaded: param_helper
INFO - 2025-05-23 00:20:08 --> Helper loaded: credential_helper
INFO - 2025-05-23 00:20:08 --> Helper loaded: template_helper
INFO - 2025-05-23 00:20:08 --> Helper loaded: rest_helper
INFO - 2025-05-23 00:20:08 --> Database Driver Class Initialized
DEBUG - 2025-05-23 00:20:08 --> Idgenerator class already loaded. Second attempt ignored.
INFO - 2025-05-23 00:20:08 --> Controller Class Initialized
DEBUG - 2025-05-23 00:20:08 --> File loaded: /Library/WebServer/Documents/web-drc/application/modules/app_auth/views/login_lte_template.php
DEBUG - 2025-05-23 00:20:08 --> File loaded: /Library/WebServer/Documents/web-drc/application/views/template_login_lte/header.php
DEBUG - 2025-05-23 00:20:08 --> File loaded: /Library/WebServer/Documents/web-drc/application/views/template_login_lte/contents.php
DEBUG - 2025-05-23 00:20:08 --> File loaded: /Library/WebServer/Documents/web-drc/application/views/template_login_lte/default.php
INFO - 2025-05-23 00:20:08 --> Final output sent to browser
DEBUG - 2025-05-23 00:20:08 --> Total execution time: 0.0135
INFO - 2025-05-23 00:20:14 --> Config Class Initialized
INFO - 2025-05-23 00:20:14 --> Hooks Class Initialized
DEBUG - 2025-05-23 00:20:14 --> UTF-8 Support Enabled
INFO - 2025-05-23 00:20:14 --> Utf8 Class Initialized
INFO - 2025-05-23 00:20:14 --> URI Class Initialized
INFO - 2025-05-23 00:20:14 --> Router Class Initialized
INFO - 2025-05-23 00:20:14 --> Output Class Initialized
INFO - 2025-05-23 00:20:14 --> Security Class Initialized
DEBUG - 2025-05-23 00:20:14 --> Global POST, GET and COOKIE data sanitized
INFO - 2025-05-23 00:20:14 --> Input Class Initialized
INFO - 2025-05-23 00:20:14 --> Language Class Initialized
INFO - 2025-05-23 00:20:14 --> Language Class Initialized
INFO - 2025-05-23 00:20:14 --> Config Class Initialized
INFO - 2025-05-23 00:20:14 --> Loader Class Initialized
INFO - 2025-05-23 00:20:14 --> Helper loaded: url_helper
INFO - 2025-05-23 00:20:14 --> Helper loaded: easyui_helper
INFO - 2025-05-23 00:20:14 --> Helper loaded: param_helper
INFO - 2025-05-23 00:20:14 --> Helper loaded: credential_helper
INFO - 2025-05-23 00:20:14 --> Helper loaded: template_helper
INFO - 2025-05-23 00:20:14 --> Helper loaded: rest_helper
INFO - 2025-05-23 00:20:14 --> Database Driver Class Initialized
DEBUG - 2025-05-23 00:20:14 --> Idgenerator class already loaded. Second attempt ignored.
INFO - 2025-05-23 00:20:14 --> Controller Class Initialized
INFO - 2025-05-23 00:20:14 --> Final output sent to browser
DEBUG - 2025-05-23 00:20:14 --> Total execution time: 0.0111
INFO - 2025-05-23 00:21:16 --> Config Class Initialized
INFO - 2025-05-23 00:21:16 --> Hooks Class Initialized
DEBUG - 2025-05-23 00:21:16 --> UTF-8 Support Enabled
INFO - 2025-05-23 00:21:16 --> Utf8 Class Initialized
INFO - 2025-05-23 00:21:16 --> URI Class Initialized
INFO - 2025-05-23 00:21:16 --> Router Class Initialized
INFO - 2025-05-23 00:21:16 --> Output Class Initialized
INFO - 2025-05-23 00:21:16 --> Security Class Initialized
DEBUG - 2025-05-23 00:21:16 --> Global POST, GET and COOKIE data sanitized
INFO - 2025-05-23 00:21:16 --> Input Class Initialized
INFO - 2025-05-23 00:21:16 --> Language Class Initialized
INFO - 2025-05-23 00:21:16 --> Language Class Initialized
INFO - 2025-05-23 00:21:16 --> Config Class Initialized
INFO - 2025-05-23 00:21:16 --> Loader Class Initialized
INFO - 2025-05-23 00:21:16 --> Helper loaded: url_helper
INFO - 2025-05-23 00:21:16 --> Helper loaded: easyui_helper
INFO - 2025-05-23 00:21:16 --> Helper loaded: param_helper
INFO - 2025-05-23 00:21:16 --> Helper loaded: credential_helper
INFO - 2025-05-23 00:21:16 --> Helper loaded: template_helper
INFO - 2025-05-23 00:21:16 --> Helper loaded: rest_helper
INFO - 2025-05-23 00:21:16 --> Database Driver Class Initialized
DEBUG - 2025-05-23 00:21:16 --> Idgenerator class already loaded. Second attempt ignored.
INFO - 2025-05-23 00:21:16 --> Controller Class Initialized
INFO - 2025-05-23 00:21:16 --> Final output sent to browser
DEBUG - 2025-05-23 00:21:16 --> Total execution time: 0.0106
INFO - 2025-05-23 00:21:16 --> Config Class Initialized
INFO - 2025-05-23 00:21:16 --> Hooks Class Initialized
DEBUG - 2025-05-23 00:21:16 --> UTF-8 Support Enabled
INFO - 2025-05-23 00:21:16 --> Utf8 Class Initialized
INFO - 2025-05-23 00:21:16 --> URI Class Initialized
INFO - 2025-05-23 00:21:16 --> Router Class Initialized
INFO - 2025-05-23 00:21:16 --> Output Class Initialized
INFO - 2025-05-23 00:21:16 --> Security Class Initialized
DEBUG - 2025-05-23 00:21:16 --> Global POST, GET and COOKIE data sanitized
INFO - 2025-05-23 00:21:16 --> Input Class Initialized
INFO - 2025-05-23 00:21:16 --> Language Class Initialized
INFO - 2025-05-23 00:21:16 --> Language Class Initialized
INFO - 2025-05-23 00:21:16 --> Config Class Initialized
INFO - 2025-05-23 00:21:16 --> Loader Class Initialized
INFO - 2025-05-23 00:21:16 --> Helper loaded: url_helper
INFO - 2025-05-23 00:21:16 --> Helper loaded: easyui_helper
INFO - 2025-05-23 00:21:16 --> Helper loaded: param_helper
INFO - 2025-05-23 00:21:16 --> Helper loaded: credential_helper
INFO - 2025-05-23 00:21:16 --> Helper loaded: template_helper
INFO - 2025-05-23 00:21:16 --> Helper loaded: rest_helper
INFO - 2025-05-23 00:21:16 --> Database Driver Class Initialized
DEBUG - 2025-05-23 00:21:16 --> Idgenerator class already loaded. Second attempt ignored.
INFO - 2025-05-23 00:21:16 --> Controller Class Initialized
INFO - 2025-05-23 00:21:16 --> Model Class Initialized
DEBUG - 2025-05-23 00:21:16 --> File loaded: /Library/WebServer/Documents/web-drc/application/modules/app_dashboard/models/App_dashboard_model.php
INFO - 2025-05-23 00:21:16 --> Model Class Initialized
DEBUG - 2025-05-23 00:21:16 --> File loaded: /Library/WebServer/Documents/web-drc/application/modules/app_dashboard/views/content.php
DEBUG - 2025-05-23 00:21:16 --> File loaded: /Library/WebServer/Documents/web-drc/application/views/templates/header.php
DEBUG - 2025-05-23 00:21:16 --> File loaded: /Library/WebServer/Documents/web-drc/application/views/templates/toolbar.php
DEBUG - 2025-05-23 00:21:16 --> File loaded: /Library/WebServer/Documents/web-drc/application/views/templates/sidebar.php
DEBUG - 2025-05-23 00:21:16 --> File loaded: /Library/WebServer/Documents/web-drc/application/views/templates/contents.php
DEBUG - 2025-05-23 00:21:16 --> File loaded: /Library/WebServer/Documents/web-drc/application/views/templates/content_footer.php
DEBUG - 2025-05-23 00:21:16 --> File loaded: /Library/WebServer/Documents/web-drc/application/views/templates/footer.php
DEBUG - 2025-05-23 00:21:16 --> File loaded: /Library/WebServer/Documents/web-drc/application/views/templates/default.php
INFO - 2025-05-23 00:21:16 --> Final output sent to browser
DEBUG - 2025-05-23 00:21:16 --> Total execution time: 0.0213
INFO - 2025-05-23 00:21:16 --> Config Class Initialized
INFO - 2025-05-23 00:21:16 --> Hooks Class Initialized
DEBUG - 2025-05-23 00:21:16 --> UTF-8 Support Enabled
INFO - 2025-05-23 00:21:16 --> Utf8 Class Initialized
INFO - 2025-05-23 00:21:16 --> URI Class Initialized
INFO - 2025-05-23 00:21:16 --> Router Class Initialized
INFO - 2025-05-23 00:21:16 --> Output Class Initialized
INFO - 2025-05-23 00:21:16 --> Security Class Initialized
DEBUG - 2025-05-23 00:21:16 --> Global POST, GET and COOKIE data sanitized
INFO - 2025-05-23 00:21:16 --> Input Class Initialized
INFO - 2025-05-23 00:21:16 --> Language Class Initialized
INFO - 2025-05-23 00:21:16 --> Language Class Initialized
INFO - 2025-05-23 00:21:16 --> Config Class Initialized
INFO - 2025-05-23 00:21:16 --> Loader Class Initialized
INFO - 2025-05-23 00:21:16 --> Helper loaded: url_helper
INFO - 2025-05-23 00:21:16 --> Helper loaded: easyui_helper
INFO - 2025-05-23 00:21:16 --> Helper loaded: param_helper
INFO - 2025-05-23 00:21:16 --> Helper loaded: credential_helper
INFO - 2025-05-23 00:21:16 --> Helper loaded: template_helper
INFO - 2025-05-23 00:21:16 --> Helper loaded: rest_helper
INFO - 2025-05-23 00:21:16 --> Database Driver Class Initialized
DEBUG - 2025-05-23 00:21:16 --> Idgenerator class already loaded. Second attempt ignored.
INFO - 2025-05-23 00:21:16 --> Controller Class Initialized
INFO - 2025-05-23 00:21:16 --> Model Class Initialized
DEBUG - 2025-05-23 00:21:16 --> File loaded: /Library/WebServer/Documents/web-drc/application/modules/app_dashboard/models/App_dashboard_model.php
INFO - 2025-05-23 00:21:16 --> Model Class Initialized
ERROR - 2025-05-23 00:21:16 --> Severity: Warning --> Undefined array key "get_date" /Library/WebServer/Documents/web-drc/application/modules/app_dashboard/models/App_dashboard_model.php 120
INFO - 2025-05-23 00:21:16 --> Final output sent to browser
DEBUG - 2025-05-23 00:21:16 --> Total execution time: 0.0591
INFO - 2025-05-23 00:21:16 --> Config Class Initialized
INFO - 2025-05-23 00:21:16 --> Hooks Class Initialized
DEBUG - 2025-05-23 00:21:16 --> UTF-8 Support Enabled
INFO - 2025-05-23 00:21:16 --> Utf8 Class Initialized
INFO - 2025-05-23 00:21:16 --> URI Class Initialized
INFO - 2025-05-23 00:21:16 --> Router Class Initialized
INFO - 2025-05-23 00:21:16 --> Output Class Initialized
INFO - 2025-05-23 00:21:16 --> Security Class Initialized
DEBUG - 2025-05-23 00:21:16 --> Global POST, GET and COOKIE data sanitized
INFO - 2025-05-23 00:21:16 --> Input Class Initialized
INFO - 2025-05-23 00:21:16 --> Language Class Initialized
INFO - 2025-05-23 00:21:16 --> Language Class Initialized
INFO - 2025-05-23 00:21:16 --> Config Class Initialized
INFO - 2025-05-23 00:21:16 --> Loader Class Initialized
INFO - 2025-05-23 00:21:16 --> Helper loaded: url_helper
INFO - 2025-05-23 00:21:16 --> Helper loaded: easyui_helper
INFO - 2025-05-23 00:21:16 --> Helper loaded: param_helper
INFO - 2025-05-23 00:21:16 --> Helper loaded: credential_helper
INFO - 2025-05-23 00:21:16 --> Helper loaded: template_helper
INFO - 2025-05-23 00:21:16 --> Helper loaded: rest_helper
INFO - 2025-05-23 00:21:16 --> Database Driver Class Initialized
DEBUG - 2025-05-23 00:21:16 --> Idgenerator class already loaded. Second attempt ignored.
INFO - 2025-05-23 00:21:16 --> Controller Class Initialized
INFO - 2025-05-23 00:21:16 --> Model Class Initialized
DEBUG - 2025-05-23 00:21:16 --> File loaded: /Library/WebServer/Documents/web-drc/application/modules/api_v1/models/Api_v1_model.php
INFO - 2025-05-23 00:21:16 --> Model Class Initialized
INFO - 2025-05-23 00:21:16 --> Final output sent to browser
DEBUG - 2025-05-23 00:21:16 --> Total execution time: 0.0109
INFO - 2025-05-23 00:21:20 --> Config Class Initialized
INFO - 2025-05-23 00:21:20 --> Hooks Class Initialized
DEBUG - 2025-05-23 00:21:20 --> UTF-8 Support Enabled
INFO - 2025-05-23 00:21:20 --> Utf8 Class Initialized
INFO - 2025-05-23 00:21:20 --> URI Class Initialized
INFO - 2025-05-23 00:21:20 --> Router Class Initialized
INFO - 2025-05-23 00:21:20 --> Output Class Initialized
INFO - 2025-05-23 00:21:20 --> Security Class Initialized
DEBUG - 2025-05-23 00:21:20 --> Global POST, GET and COOKIE data sanitized
INFO - 2025-05-23 00:21:20 --> Input Class Initialized
INFO - 2025-05-23 00:21:20 --> Language Class Initialized
INFO - 2025-05-23 00:21:20 --> Language Class Initialized
INFO - 2025-05-23 00:21:20 --> Config Class Initialized
INFO - 2025-05-23 00:21:20 --> Loader Class Initialized
INFO - 2025-05-23 00:21:20 --> Helper loaded: url_helper
INFO - 2025-05-23 00:21:20 --> Helper loaded: easyui_helper
INFO - 2025-05-23 00:21:20 --> Helper loaded: param_helper
INFO - 2025-05-23 00:21:20 --> Helper loaded: credential_helper
INFO - 2025-05-23 00:21:20 --> Helper loaded: template_helper
INFO - 2025-05-23 00:21:20 --> Helper loaded: rest_helper
INFO - 2025-05-23 00:21:20 --> Database Driver Class Initialized
DEBUG - 2025-05-23 00:21:20 --> Idgenerator class already loaded. Second attempt ignored.
INFO - 2025-05-23 00:21:20 --> Controller Class Initialized
INFO - 2025-05-23 00:21:20 --> Model Class Initialized
DEBUG - 2025-05-23 00:21:20 --> File loaded: /Library/WebServer/Documents/web-drc/application/modules/drc_dashboard/models/Drc_dashboard_model.php
INFO - 2025-05-23 00:21:20 --> Model Class Initialized
DEBUG - 2025-05-23 00:21:20 --> File loaded: /Library/WebServer/Documents/web-drc/application/modules/drc_dashboard/views/form.php
DEBUG - 2025-05-23 00:21:20 --> File loaded: /Library/WebServer/Documents/web-drc/application/views/templates/header.php
DEBUG - 2025-05-23 00:21:20 --> File loaded: /Library/WebServer/Documents/web-drc/application/views/templates/toolbar.php
DEBUG - 2025-05-23 00:21:20 --> File loaded: /Library/WebServer/Documents/web-drc/application/views/templates/sidebar.php
DEBUG - 2025-05-23 00:21:20 --> File loaded: /Library/WebServer/Documents/web-drc/application/views/templates/contents.php
DEBUG - 2025-05-23 00:21:20 --> File loaded: /Library/WebServer/Documents/web-drc/application/views/templates/content_footer.php
DEBUG - 2025-05-23 00:21:20 --> File loaded: /Library/WebServer/Documents/web-drc/application/views/templates/footer.php
DEBUG - 2025-05-23 00:21:20 --> File loaded: /Library/WebServer/Documents/web-drc/application/views/templates/default.php
INFO - 2025-05-23 00:21:20 --> Final output sent to browser
DEBUG - 2025-05-23 00:21:20 --> Total execution time: 0.0325
INFO - 2025-05-23 00:21:21 --> Config Class Initialized
INFO - 2025-05-23 00:21:21 --> Hooks Class Initialized
DEBUG - 2025-05-23 00:21:21 --> UTF-8 Support Enabled
INFO - 2025-05-23 00:21:21 --> Utf8 Class Initialized
INFO - 2025-05-23 00:21:21 --> URI Class Initialized
INFO - 2025-05-23 00:21:21 --> Router Class Initialized
INFO - 2025-05-23 00:21:21 --> Output Class Initialized
INFO - 2025-05-23 00:21:21 --> Security Class Initialized
DEBUG - 2025-05-23 00:21:21 --> Global POST, GET and COOKIE data sanitized
INFO - 2025-05-23 00:21:21 --> Input Class Initialized
INFO - 2025-05-23 00:21:21 --> Language Class Initialized
INFO - 2025-05-23 00:21:21 --> Language Class Initialized
INFO - 2025-05-23 00:21:21 --> Config Class Initialized
INFO - 2025-05-23 00:21:21 --> Loader Class Initialized
INFO - 2025-05-23 00:21:21 --> Helper loaded: url_helper
INFO - 2025-05-23 00:21:21 --> Helper loaded: easyui_helper
INFO - 2025-05-23 00:21:21 --> Helper loaded: param_helper
INFO - 2025-05-23 00:21:21 --> Helper loaded: credential_helper
INFO - 2025-05-23 00:21:21 --> Helper loaded: template_helper
INFO - 2025-05-23 00:21:21 --> Helper loaded: rest_helper
INFO - 2025-05-23 00:21:21 --> Database Driver Class Initialized
DEBUG - 2025-05-23 00:21:21 --> Idgenerator class already loaded. Second attempt ignored.
INFO - 2025-05-23 00:21:21 --> Controller Class Initialized
INFO - 2025-05-23 00:21:21 --> Model Class Initialized
DEBUG - 2025-05-23 00:21:21 --> File loaded: /Library/WebServer/Documents/web-drc/application/modules/rep_return_detector/models/Rep_return_detector_model.php
INFO - 2025-05-23 00:21:21 --> Model Class Initialized
DEBUG - 2025-05-23 00:21:21 --> File loaded: /Library/WebServer/Documents/web-drc/application/modules/rep_return_detector/views/form.php
DEBUG - 2025-05-23 00:21:21 --> File loaded: /Library/WebServer/Documents/web-drc/application/views/templates/header.php
DEBUG - 2025-05-23 00:21:21 --> File loaded: /Library/WebServer/Documents/web-drc/application/views/templates/toolbar.php
DEBUG - 2025-05-23 00:21:21 --> File loaded: /Library/WebServer/Documents/web-drc/application/views/templates/sidebar.php
DEBUG - 2025-05-23 00:21:21 --> File loaded: /Library/WebServer/Documents/web-drc/application/views/templates/contents.php
DEBUG - 2025-05-23 00:21:21 --> File loaded: /Library/WebServer/Documents/web-drc/application/views/templates/content_footer.php
DEBUG - 2025-05-23 00:21:21 --> File loaded: /Library/WebServer/Documents/web-drc/application/views/templates/footer.php
DEBUG - 2025-05-23 00:21:21 --> File loaded: /Library/WebServer/Documents/web-drc/application/views/templates/default.php
INFO - 2025-05-23 00:21:21 --> Final output sent to browser
DEBUG - 2025-05-23 00:21:21 --> Total execution time: 0.0202
INFO - 2025-05-23 00:21:21 --> Config Class Initialized
INFO - 2025-05-23 00:21:21 --> Hooks Class Initialized
DEBUG - 2025-05-23 00:21:21 --> UTF-8 Support Enabled
INFO - 2025-05-23 00:21:21 --> Utf8 Class Initialized
INFO - 2025-05-23 00:21:21 --> URI Class Initialized
INFO - 2025-05-23 00:21:21 --> Router Class Initialized
INFO - 2025-05-23 00:21:21 --> Output Class Initialized
INFO - 2025-05-23 00:21:21 --> Security Class Initialized
DEBUG - 2025-05-23 00:21:21 --> Global POST, GET and COOKIE data sanitized
INFO - 2025-05-23 00:21:21 --> Input Class Initialized
INFO - 2025-05-23 00:21:21 --> Language Class Initialized
INFO - 2025-05-23 00:21:21 --> Language Class Initialized
INFO - 2025-05-23 00:21:21 --> Config Class Initialized
INFO - 2025-05-23 00:21:21 --> Loader Class Initialized
INFO - 2025-05-23 00:21:21 --> Helper loaded: url_helper
INFO - 2025-05-23 00:21:21 --> Helper loaded: easyui_helper
INFO - 2025-05-23 00:21:21 --> Helper loaded: param_helper
INFO - 2025-05-23 00:21:21 --> Helper loaded: credential_helper
INFO - 2025-05-23 00:21:21 --> Helper loaded: template_helper
INFO - 2025-05-23 00:21:21 --> Helper loaded: rest_helper
INFO - 2025-05-23 00:21:21 --> Database Driver Class Initialized
DEBUG - 2025-05-23 00:21:21 --> Idgenerator class already loaded. Second attempt ignored.
INFO - 2025-05-23 00:21:21 --> Controller Class Initialized
INFO - 2025-05-23 00:21:21 --> Model Class Initialized
DEBUG - 2025-05-23 00:21:21 --> File loaded: /Library/WebServer/Documents/web-drc/application/modules/api_v1/models/Api_v1_model.php
INFO - 2025-05-23 00:21:21 --> Model Class Initialized
INFO - 2025-05-23 00:21:21 --> Final output sent to browser
DEBUG - 2025-05-23 00:21:21 --> Total execution time: 0.0061
INFO - 2025-05-23 00:21:24 --> Config Class Initialized
INFO - 2025-05-23 00:21:24 --> Hooks Class Initialized
DEBUG - 2025-05-23 00:21:24 --> UTF-8 Support Enabled
INFO - 2025-05-23 00:21:24 --> Utf8 Class Initialized
INFO - 2025-05-23 00:21:24 --> URI Class Initialized
INFO - 2025-05-23 00:21:24 --> Router Class Initialized
INFO - 2025-05-23 00:21:24 --> Output Class Initialized
INFO - 2025-05-23 00:21:24 --> Security Class Initialized
DEBUG - 2025-05-23 00:21:24 --> Global POST, GET and COOKIE data sanitized
INFO - 2025-05-23 00:21:24 --> Input Class Initialized
INFO - 2025-05-23 00:21:24 --> Language Class Initialized
INFO - 2025-05-23 00:21:24 --> Language Class Initialized
INFO - 2025-05-23 00:21:24 --> Config Class Initialized
INFO - 2025-05-23 00:21:24 --> Loader Class Initialized
INFO - 2025-05-23 00:21:24 --> Helper loaded: url_helper
INFO - 2025-05-23 00:21:24 --> Helper loaded: easyui_helper
INFO - 2025-05-23 00:21:24 --> Helper loaded: param_helper
INFO - 2025-05-23 00:21:24 --> Helper loaded: credential_helper
INFO - 2025-05-23 00:21:24 --> Helper loaded: template_helper
INFO - 2025-05-23 00:21:24 --> Helper loaded: rest_helper
INFO - 2025-05-23 00:21:24 --> Database Driver Class Initialized
DEBUG - 2025-05-23 00:21:24 --> Idgenerator class already loaded. Second attempt ignored.
INFO - 2025-05-23 00:21:24 --> Controller Class Initialized
INFO - 2025-05-23 00:21:24 --> Model Class Initialized
DEBUG - 2025-05-23 00:21:24 --> File loaded: /Library/WebServer/Documents/web-drc/application/modules/app_menu/models/Menu_model.php
INFO - 2025-05-23 00:21:24 --> Model Class Initialized
DEBUG - 2025-05-23 00:21:24 --> File loaded: /Library/WebServer/Documents/web-drc/application/modules/app_menu/views/content.php
DEBUG - 2025-05-23 00:21:24 --> File loaded: /Library/WebServer/Documents/web-drc/application/views/templates/header.php
DEBUG - 2025-05-23 00:21:24 --> File loaded: /Library/WebServer/Documents/web-drc/application/views/templates/toolbar.php
DEBUG - 2025-05-23 00:21:24 --> File loaded: /Library/WebServer/Documents/web-drc/application/views/templates/sidebar.php
DEBUG - 2025-05-23 00:21:24 --> File loaded: /Library/WebServer/Documents/web-drc/application/views/templates/contents.php
DEBUG - 2025-05-23 00:21:24 --> File loaded: /Library/WebServer/Documents/web-drc/application/views/templates/content_footer.php
DEBUG - 2025-05-23 00:21:24 --> File loaded: /Library/WebServer/Documents/web-drc/application/views/templates/footer.php
DEBUG - 2025-05-23 00:21:24 --> File loaded: /Library/WebServer/Documents/web-drc/application/views/templates/default.php
INFO - 2025-05-23 00:21:24 --> Final output sent to browser
DEBUG - 2025-05-23 00:21:24 --> Total execution time: 0.0120
INFO - 2025-05-23 00:21:24 --> Config Class Initialized
INFO - 2025-05-23 00:21:24 --> Hooks Class Initialized
DEBUG - 2025-05-23 00:21:24 --> UTF-8 Support Enabled
INFO - 2025-05-23 00:21:24 --> Utf8 Class Initialized
INFO - 2025-05-23 00:21:24 --> URI Class Initialized
INFO - 2025-05-23 00:21:24 --> Router Class Initialized
INFO - 2025-05-23 00:21:24 --> Output Class Initialized
INFO - 2025-05-23 00:21:24 --> Security Class Initialized
DEBUG - 2025-05-23 00:21:24 --> Global POST, GET and COOKIE data sanitized
INFO - 2025-05-23 00:21:24 --> Input Class Initialized
INFO - 2025-05-23 00:21:24 --> Language Class Initialized
INFO - 2025-05-23 00:21:24 --> Language Class Initialized
INFO - 2025-05-23 00:21:24 --> Config Class Initialized
INFO - 2025-05-23 00:21:24 --> Loader Class Initialized
INFO - 2025-05-23 00:21:24 --> Helper loaded: url_helper
INFO - 2025-05-23 00:21:24 --> Helper loaded: easyui_helper
INFO - 2025-05-23 00:21:24 --> Helper loaded: param_helper
INFO - 2025-05-23 00:21:24 --> Helper loaded: credential_helper
INFO - 2025-05-23 00:21:24 --> Helper loaded: template_helper
INFO - 2025-05-23 00:21:24 --> Helper loaded: rest_helper
INFO - 2025-05-23 00:21:24 --> Database Driver Class Initialized
DEBUG - 2025-05-23 00:21:24 --> Idgenerator class already loaded. Second attempt ignored.
INFO - 2025-05-23 00:21:24 --> Controller Class Initialized
INFO - 2025-05-23 00:21:24 --> Model Class Initialized
DEBUG - 2025-05-23 00:21:24 --> File loaded: /Library/WebServer/Documents/web-drc/application/modules/app_menu/models/Menu_model.php
INFO - 2025-05-23 00:21:24 --> Model Class Initialized
INFO - 2025-05-23 00:21:24 --> Final output sent to browser
DEBUG - 2025-05-23 00:21:24 --> Total execution time: 0.0060
INFO - 2025-05-23 00:21:27 --> Config Class Initialized
INFO - 2025-05-23 00:21:27 --> Hooks Class Initialized
DEBUG - 2025-05-23 00:21:27 --> UTF-8 Support Enabled
INFO - 2025-05-23 00:21:27 --> Utf8 Class Initialized
INFO - 2025-05-23 00:21:27 --> URI Class Initialized
INFO - 2025-05-23 00:21:27 --> Router Class Initialized
INFO - 2025-05-23 00:21:27 --> Output Class Initialized
INFO - 2025-05-23 00:21:27 --> Security Class Initialized
DEBUG - 2025-05-23 00:21:27 --> Global POST, GET and COOKIE data sanitized
INFO - 2025-05-23 00:21:27 --> Input Class Initialized
INFO - 2025-05-23 00:21:27 --> Language Class Initialized
INFO - 2025-05-23 00:21:27 --> Language Class Initialized
INFO - 2025-05-23 00:21:27 --> Config Class Initialized
INFO - 2025-05-23 00:21:27 --> Loader Class Initialized
INFO - 2025-05-23 00:21:27 --> Helper loaded: url_helper
INFO - 2025-05-23 00:21:27 --> Helper loaded: easyui_helper
INFO - 2025-05-23 00:21:27 --> Helper loaded: param_helper
INFO - 2025-05-23 00:21:27 --> Helper loaded: credential_helper
INFO - 2025-05-23 00:21:27 --> Helper loaded: template_helper
INFO - 2025-05-23 00:21:27 --> Helper loaded: rest_helper
INFO - 2025-05-23 00:21:27 --> Database Driver Class Initialized
DEBUG - 2025-05-23 00:21:27 --> Idgenerator class already loaded. Second attempt ignored.
INFO - 2025-05-23 00:21:27 --> Controller Class Initialized
INFO - 2025-05-23 00:21:27 --> Model Class Initialized
DEBUG - 2025-05-23 00:21:27 --> File loaded: /Library/WebServer/Documents/web-drc/application/modules/ref_customer/models/Customer_model.php
INFO - 2025-05-23 00:21:27 --> Model Class Initialized
DEBUG - 2025-05-23 00:21:27 --> File loaded: /Library/WebServer/Documents/web-drc/application/modules/ref_customer/views/content.php
DEBUG - 2025-05-23 00:21:27 --> File loaded: /Library/WebServer/Documents/web-drc/application/views/templates/header.php
DEBUG - 2025-05-23 00:21:27 --> File loaded: /Library/WebServer/Documents/web-drc/application/views/templates/toolbar.php
DEBUG - 2025-05-23 00:21:27 --> File loaded: /Library/WebServer/Documents/web-drc/application/views/templates/sidebar.php
DEBUG - 2025-05-23 00:21:27 --> File loaded: /Library/WebServer/Documents/web-drc/application/views/templates/contents.php
DEBUG - 2025-05-23 00:21:27 --> File loaded: /Library/WebServer/Documents/web-drc/application/views/templates/content_footer.php
DEBUG - 2025-05-23 00:21:27 --> File loaded: /Library/WebServer/Documents/web-drc/application/views/templates/footer.php
DEBUG - 2025-05-23 00:21:27 --> File loaded: /Library/WebServer/Documents/web-drc/application/views/templates/default.php
INFO - 2025-05-23 00:21:27 --> Final output sent to browser
DEBUG - 2025-05-23 00:21:27 --> Total execution time: 0.0174
INFO - 2025-05-23 00:21:27 --> Config Class Initialized
INFO - 2025-05-23 00:21:27 --> Hooks Class Initialized
DEBUG - 2025-05-23 00:21:27 --> UTF-8 Support Enabled
INFO - 2025-05-23 00:21:27 --> Utf8 Class Initialized
INFO - 2025-05-23 00:21:27 --> URI Class Initialized
INFO - 2025-05-23 00:21:27 --> Router Class Initialized
INFO - 2025-05-23 00:21:27 --> Output Class Initialized
INFO - 2025-05-23 00:21:27 --> Security Class Initialized
DEBUG - 2025-05-23 00:21:27 --> Global POST, GET and COOKIE data sanitized
INFO - 2025-05-23 00:21:27 --> Input Class Initialized
INFO - 2025-05-23 00:21:27 --> Language Class Initialized
INFO - 2025-05-23 00:21:27 --> Language Class Initialized
INFO - 2025-05-23 00:21:27 --> Config Class Initialized
INFO - 2025-05-23 00:21:27 --> Loader Class Initialized
INFO - 2025-05-23 00:21:27 --> Helper loaded: url_helper
INFO - 2025-05-23 00:21:27 --> Helper loaded: easyui_helper
INFO - 2025-05-23 00:21:27 --> Helper loaded: param_helper
INFO - 2025-05-23 00:21:27 --> Helper loaded: credential_helper
INFO - 2025-05-23 00:21:27 --> Helper loaded: template_helper
INFO - 2025-05-23 00:21:27 --> Helper loaded: rest_helper
INFO - 2025-05-23 00:21:27 --> Database Driver Class Initialized
DEBUG - 2025-05-23 00:21:27 --> Idgenerator class already loaded. Second attempt ignored.
INFO - 2025-05-23 00:21:27 --> Controller Class Initialized
INFO - 2025-05-23 00:21:27 --> Model Class Initialized
DEBUG - 2025-05-23 00:21:27 --> File loaded: /Library/WebServer/Documents/web-drc/application/modules/ref_customer/models/Customer_model.php
INFO - 2025-05-23 00:21:27 --> Model Class Initialized
INFO - 2025-05-23 09:00:07 --> Config Class Initialized
INFO - 2025-05-23 09:00:07 --> Hooks Class Initialized
DEBUG - 2025-05-23 09:00:07 --> UTF-8 Support Enabled
INFO - 2025-05-23 09:00:07 --> Utf8 Class Initialized
INFO - 2025-05-23 09:00:07 --> URI Class Initialized
INFO - 2025-05-23 09:00:07 --> Router Class Initialized
INFO - 2025-05-23 09:00:07 --> Output Class Initialized
INFO - 2025-05-23 09:00:07 --> Security Class Initialized
DEBUG - 2025-05-23 09:00:07 --> Global POST, GET and COOKIE data sanitized
INFO - 2025-05-23 09:00:07 --> Input Class Initialized
INFO - 2025-05-23 09:00:07 --> Language Class Initialized
INFO - 2025-05-23 09:00:07 --> Language Class Initialized
INFO - 2025-05-23 09:00:07 --> Config Class Initialized
INFO - 2025-05-23 09:00:07 --> Loader Class Initialized
INFO - 2025-05-23 09:00:07 --> Helper loaded: url_helper
INFO - 2025-05-23 09:00:07 --> Helper loaded: easyui_helper
INFO - 2025-05-23 09:00:07 --> Helper loaded: param_helper
INFO - 2025-05-23 09:00:07 --> Helper loaded: credential_helper
INFO - 2025-05-23 09:00:07 --> Helper loaded: template_helper
INFO - 2025-05-23 09:00:07 --> Helper loaded: rest_helper
INFO - 2025-05-23 09:00:07 --> Database Driver Class Initialized
DEBUG - 2025-05-23 09:00:07 --> Idgenerator class already loaded. Second attempt ignored.
INFO - 2025-05-23 09:00:07 --> Controller Class Initialized
INFO - 2025-05-23 09:00:07 --> Model Class Initialized
DEBUG - 2025-05-23 09:00:07 --> File loaded: /Library/WebServer/Documents/web-drc/application/modules/conf_setup_pjp/models/Setup_pjp_model.php
INFO - 2025-05-23 09:00:07 --> Model Class Initialized
DEBUG - 2025-05-23 09:00:07 --> File loaded: /Library/WebServer/Documents/web-drc/application/modules/conf_setup_pjp/views/content.php
DEBUG - 2025-05-23 09:00:07 --> File loaded: /Library/WebServer/Documents/web-drc/application/views/templates/header.php
DEBUG - 2025-05-23 09:00:07 --> File loaded: /Library/WebServer/Documents/web-drc/application/views/templates/toolbar.php
DEBUG - 2025-05-23 09:00:07 --> File loaded: /Library/WebServer/Documents/web-drc/application/views/templates/sidebar.php
DEBUG - 2025-05-23 09:00:07 --> File loaded: /Library/WebServer/Documents/web-drc/application/views/templates/contents.php
DEBUG - 2025-05-23 09:00:07 --> File loaded: /Library/WebServer/Documents/web-drc/application/views/templates/content_footer.php
DEBUG - 2025-05-23 09:00:07 --> File loaded: /Library/WebServer/Documents/web-drc/application/views/templates/footer.php
INFO - 2025-05-23 09:00:07 --> Config Class Initialized
INFO - 2025-05-23 09:00:07 --> Hooks Class Initialized
DEBUG - 2025-05-23 09:00:07 --> UTF-8 Support Enabled
INFO - 2025-05-23 09:00:07 --> Utf8 Class Initialized
INFO - 2025-05-23 09:00:07 --> URI Class Initialized
DEBUG - 2025-05-23 09:00:07 --> No URI present. Default controller set.
INFO - 2025-05-23 09:00:07 --> Router Class Initialized
INFO - 2025-05-23 09:00:07 --> Output Class Initialized
INFO - 2025-05-23 09:00:07 --> Security Class Initialized
DEBUG - 2025-05-23 09:00:07 --> Global POST, GET and COOKIE data sanitized
INFO - 2025-05-23 09:00:07 --> Input Class Initialized
INFO - 2025-05-23 09:00:07 --> Language Class Initialized
INFO - 2025-05-23 09:00:07 --> Language Class Initialized
INFO - 2025-05-23 09:00:07 --> Config Class Initialized
INFO - 2025-05-23 09:00:07 --> Loader Class Initialized
INFO - 2025-05-23 09:00:07 --> Helper loaded: url_helper
INFO - 2025-05-23 09:00:07 --> Helper loaded: easyui_helper
INFO - 2025-05-23 09:00:07 --> Helper loaded: param_helper
INFO - 2025-05-23 09:00:07 --> Helper loaded: credential_helper
INFO - 2025-05-23 09:00:07 --> Helper loaded: template_helper
INFO - 2025-05-23 09:00:07 --> Helper loaded: rest_helper
INFO - 2025-05-23 09:00:07 --> Database Driver Class Initialized
DEBUG - 2025-05-23 09:00:07 --> Idgenerator class already loaded. Second attempt ignored.
INFO - 2025-05-23 09:00:07 --> Controller Class Initialized
DEBUG - 2025-05-23 09:00:07 --> File loaded: /Library/WebServer/Documents/web-drc/application/modules/app_auth/views/login_lte_template.php
DEBUG - 2025-05-23 09:00:07 --> File loaded: /Library/WebServer/Documents/web-drc/application/views/template_login_lte/header.php
DEBUG - 2025-05-23 09:00:07 --> File loaded: /Library/WebServer/Documents/web-drc/application/views/template_login_lte/contents.php
DEBUG - 2025-05-23 09:00:07 --> File loaded: /Library/WebServer/Documents/web-drc/application/views/template_login_lte/default.php
INFO - 2025-05-23 09:00:07 --> Final output sent to browser
DEBUG - 2025-05-23 09:00:07 --> Total execution time: 0.0037
INFO - 2025-05-23 09:00:09 --> Config Class Initialized
INFO - 2025-05-23 09:00:09 --> Hooks Class Initialized
DEBUG - 2025-05-23 09:00:09 --> UTF-8 Support Enabled
INFO - 2025-05-23 09:00:09 --> Utf8 Class Initialized
INFO - 2025-05-23 09:00:09 --> URI Class Initialized
INFO - 2025-05-23 09:00:09 --> Router Class Initialized
INFO - 2025-05-23 09:00:09 --> Output Class Initialized
INFO - 2025-05-23 09:00:09 --> Security Class Initialized
DEBUG - 2025-05-23 09:00:09 --> Global POST, GET and COOKIE data sanitized
INFO - 2025-05-23 09:00:09 --> Input Class Initialized
INFO - 2025-05-23 09:00:09 --> Language Class Initialized
INFO - 2025-05-23 09:00:09 --> Language Class Initialized
INFO - 2025-05-23 09:00:09 --> Config Class Initialized
INFO - 2025-05-23 09:00:09 --> Loader Class Initialized
INFO - 2025-05-23 09:00:09 --> Helper loaded: url_helper
INFO - 2025-05-23 09:00:09 --> Helper loaded: easyui_helper
INFO - 2025-05-23 09:00:09 --> Helper loaded: param_helper
INFO - 2025-05-23 09:00:09 --> Helper loaded: credential_helper
INFO - 2025-05-23 09:00:09 --> Helper loaded: template_helper
INFO - 2025-05-23 09:00:09 --> Helper loaded: rest_helper
INFO - 2025-05-23 09:00:09 --> Database Driver Class Initialized
DEBUG - 2025-05-23 09:00:09 --> Idgenerator class already loaded. Second attempt ignored.
INFO - 2025-05-23 09:00:09 --> Controller Class Initialized
INFO - 2025-05-23 09:00:09 --> Final output sent to browser
DEBUG - 2025-05-23 09:00:09 --> Total execution time: 0.0168
INFO - 2025-05-23 09:00:09 --> Config Class Initialized
INFO - 2025-05-23 09:00:09 --> Hooks Class Initialized
DEBUG - 2025-05-23 09:00:09 --> UTF-8 Support Enabled
INFO - 2025-05-23 09:00:09 --> Utf8 Class Initialized
INFO - 2025-05-23 09:00:09 --> URI Class Initialized
INFO - 2025-05-23 09:00:09 --> Router Class Initialized
INFO - 2025-05-23 09:00:09 --> Output Class Initialized
INFO - 2025-05-23 09:00:09 --> Security Class Initialized
DEBUG - 2025-05-23 09:00:09 --> Global POST, GET and COOKIE data sanitized
INFO - 2025-05-23 09:00:09 --> Input Class Initialized
INFO - 2025-05-23 09:00:09 --> Language Class Initialized
INFO - 2025-05-23 09:00:09 --> Language Class Initialized
INFO - 2025-05-23 09:00:09 --> Config Class Initialized
INFO - 2025-05-23 09:00:09 --> Loader Class Initialized
INFO - 2025-05-23 09:00:09 --> Helper loaded: url_helper
INFO - 2025-05-23 09:00:09 --> Helper loaded: easyui_helper
INFO - 2025-05-23 09:00:09 --> Helper loaded: param_helper
INFO - 2025-05-23 09:00:09 --> Helper loaded: credential_helper
INFO - 2025-05-23 09:00:09 --> Helper loaded: template_helper
INFO - 2025-05-23 09:00:09 --> Helper loaded: rest_helper
INFO - 2025-05-23 09:00:09 --> Database Driver Class Initialized
DEBUG - 2025-05-23 09:00:09 --> Idgenerator class already loaded. Second attempt ignored.
INFO - 2025-05-23 09:00:09 --> Controller Class Initialized
INFO - 2025-05-23 09:00:09 --> Model Class Initialized
DEBUG - 2025-05-23 09:00:09 --> File loaded: /Library/WebServer/Documents/web-drc/application/modules/app_dashboard/models/App_dashboard_model.php
INFO - 2025-05-23 09:00:09 --> Model Class Initialized
DEBUG - 2025-05-23 09:00:09 --> File loaded: /Library/WebServer/Documents/web-drc/application/modules/app_dashboard/views/content.php
DEBUG - 2025-05-23 09:00:09 --> File loaded: /Library/WebServer/Documents/web-drc/application/views/templates/header.php
DEBUG - 2025-05-23 09:00:09 --> File loaded: /Library/WebServer/Documents/web-drc/application/views/templates/toolbar.php
DEBUG - 2025-05-23 09:00:09 --> File loaded: /Library/WebServer/Documents/web-drc/application/views/templates/sidebar.php
DEBUG - 2025-05-23 09:00:09 --> File loaded: /Library/WebServer/Documents/web-drc/application/views/templates/contents.php
DEBUG - 2025-05-23 09:00:09 --> File loaded: /Library/WebServer/Documents/web-drc/application/views/templates/content_footer.php
DEBUG - 2025-05-23 09:00:09 --> File loaded: /Library/WebServer/Documents/web-drc/application/views/templates/footer.php
DEBUG - 2025-05-23 09:00:09 --> File loaded: /Library/WebServer/Documents/web-drc/application/views/templates/default.php
INFO - 2025-05-23 09:00:09 --> Final output sent to browser
DEBUG - 2025-05-23 09:00:09 --> Total execution time: 0.0169
INFO - 2025-05-23 09:00:09 --> Config Class Initialized
INFO - 2025-05-23 09:00:09 --> Hooks Class Initialized
DEBUG - 2025-05-23 09:00:09 --> UTF-8 Support Enabled
INFO - 2025-05-23 09:00:09 --> Utf8 Class Initialized
INFO - 2025-05-23 09:00:09 --> URI Class Initialized
INFO - 2025-05-23 09:00:09 --> Router Class Initialized
INFO - 2025-05-23 09:00:09 --> Output Class Initialized
INFO - 2025-05-23 09:00:09 --> Security Class Initialized
DEBUG - 2025-05-23 09:00:09 --> Global POST, GET and COOKIE data sanitized
INFO - 2025-05-23 09:00:09 --> Input Class Initialized
INFO - 2025-05-23 09:00:09 --> Language Class Initialized
INFO - 2025-05-23 09:00:09 --> Language Class Initialized
INFO - 2025-05-23 09:00:09 --> Config Class Initialized
INFO - 2025-05-23 09:00:09 --> Loader Class Initialized
INFO - 2025-05-23 09:00:09 --> Helper loaded: url_helper
INFO - 2025-05-23 09:00:09 --> Helper loaded: easyui_helper
INFO - 2025-05-23 09:00:09 --> Helper loaded: param_helper
INFO - 2025-05-23 09:00:09 --> Helper loaded: credential_helper
INFO - 2025-05-23 09:00:09 --> Helper loaded: template_helper
INFO - 2025-05-23 09:00:09 --> Helper loaded: rest_helper
INFO - 2025-05-23 09:00:09 --> Database Driver Class Initialized
DEBUG - 2025-05-23 09:00:09 --> Idgenerator class already loaded. Second attempt ignored.
INFO - 2025-05-23 09:00:09 --> Controller Class Initialized
INFO - 2025-05-23 09:00:09 --> Model Class Initialized
DEBUG - 2025-05-23 09:00:09 --> File loaded: /Library/WebServer/Documents/web-drc/application/modules/app_dashboard/models/App_dashboard_model.php
INFO - 2025-05-23 09:00:09 --> Model Class Initialized
ERROR - 2025-05-23 09:00:09 --> Severity: Warning --> Undefined array key "get_date" /Library/WebServer/Documents/web-drc/application/modules/app_dashboard/models/App_dashboard_model.php 120
INFO - 2025-05-23 09:00:09 --> Final output sent to browser
DEBUG - 2025-05-23 09:00:09 --> Total execution time: 0.0522
INFO - 2025-05-23 09:00:09 --> Config Class Initialized
INFO - 2025-05-23 09:00:09 --> Hooks Class Initialized
DEBUG - 2025-05-23 09:00:09 --> UTF-8 Support Enabled
INFO - 2025-05-23 09:00:09 --> Utf8 Class Initialized
INFO - 2025-05-23 09:00:09 --> URI Class Initialized
INFO - 2025-05-23 09:00:09 --> Router Class Initialized
INFO - 2025-05-23 09:00:09 --> Output Class Initialized
INFO - 2025-05-23 09:00:09 --> Security Class Initialized
DEBUG - 2025-05-23 09:00:09 --> Global POST, GET and COOKIE data sanitized
INFO - 2025-05-23 09:00:09 --> Input Class Initialized
INFO - 2025-05-23 09:00:09 --> Language Class Initialized
INFO - 2025-05-23 09:00:09 --> Language Class Initialized
INFO - 2025-05-23 09:00:09 --> Config Class Initialized
INFO - 2025-05-23 09:00:09 --> Loader Class Initialized
INFO - 2025-05-23 09:00:09 --> Helper loaded: url_helper
INFO - 2025-05-23 09:00:09 --> Helper loaded: easyui_helper
INFO - 2025-05-23 09:00:09 --> Helper loaded: param_helper
INFO - 2025-05-23 09:00:09 --> Helper loaded: credential_helper
INFO - 2025-05-23 09:00:09 --> Helper loaded: template_helper
INFO - 2025-05-23 09:00:09 --> Helper loaded: rest_helper
INFO - 2025-05-23 09:00:09 --> Database Driver Class Initialized
DEBUG - 2025-05-23 09:00:09 --> Idgenerator class already loaded. Second attempt ignored.
INFO - 2025-05-23 09:00:09 --> Controller Class Initialized
INFO - 2025-05-23 09:00:09 --> Model Class Initialized
DEBUG - 2025-05-23 09:00:09 --> File loaded: /Library/WebServer/Documents/web-drc/application/modules/api_v1/models/Api_v1_model.php
INFO - 2025-05-23 09:00:09 --> Model Class Initialized
INFO - 2025-05-23 09:00:09 --> Final output sent to browser
DEBUG - 2025-05-23 09:00:09 --> Total execution time: 0.0096
INFO - 2025-05-23 09:00:14 --> Config Class Initialized
INFO - 2025-05-23 09:00:14 --> Hooks Class Initialized
DEBUG - 2025-05-23 09:00:14 --> UTF-8 Support Enabled
INFO - 2025-05-23 09:00:14 --> Utf8 Class Initialized
INFO - 2025-05-23 09:00:14 --> URI Class Initialized
INFO - 2025-05-23 09:00:14 --> Router Class Initialized
INFO - 2025-05-23 09:00:14 --> Output Class Initialized
INFO - 2025-05-23 09:00:14 --> Security Class Initialized
DEBUG - 2025-05-23 09:00:14 --> Global POST, GET and COOKIE data sanitized
INFO - 2025-05-23 09:00:14 --> Input Class Initialized
INFO - 2025-05-23 09:00:14 --> Language Class Initialized
INFO - 2025-05-23 09:00:14 --> Language Class Initialized
INFO - 2025-05-23 09:00:14 --> Config Class Initialized
INFO - 2025-05-23 09:00:14 --> Loader Class Initialized
INFO - 2025-05-23 09:00:14 --> Helper loaded: url_helper
INFO - 2025-05-23 09:00:14 --> Helper loaded: easyui_helper
INFO - 2025-05-23 09:00:14 --> Helper loaded: param_helper
INFO - 2025-05-23 09:00:14 --> Helper loaded: credential_helper
INFO - 2025-05-23 09:00:14 --> Helper loaded: template_helper
INFO - 2025-05-23 09:00:14 --> Helper loaded: rest_helper
INFO - 2025-05-23 09:00:14 --> Database Driver Class Initialized
DEBUG - 2025-05-23 09:00:14 --> Idgenerator class already loaded. Second attempt ignored.
INFO - 2025-05-23 09:00:14 --> Controller Class Initialized
INFO - 2025-05-23 09:00:14 --> Model Class Initialized
DEBUG - 2025-05-23 09:00:14 --> File loaded: /Library/WebServer/Documents/web-drc/application/modules/ref_customer_class/models/Customer_class_model.php
INFO - 2025-05-23 09:00:14 --> Model Class Initialized
DEBUG - 2025-05-23 09:00:14 --> File loaded: /Library/WebServer/Documents/web-drc/application/modules/ref_customer_class/views/content.php
DEBUG - 2025-05-23 09:00:14 --> File loaded: /Library/WebServer/Documents/web-drc/application/views/templates/header.php
DEBUG - 2025-05-23 09:00:14 --> File loaded: /Library/WebServer/Documents/web-drc/application/views/templates/toolbar.php
DEBUG - 2025-05-23 09:00:14 --> File loaded: /Library/WebServer/Documents/web-drc/application/views/templates/sidebar.php
DEBUG - 2025-05-23 09:00:14 --> File loaded: /Library/WebServer/Documents/web-drc/application/views/templates/contents.php
DEBUG - 2025-05-23 09:00:14 --> File loaded: /Library/WebServer/Documents/web-drc/application/views/templates/content_footer.php
DEBUG - 2025-05-23 09:00:14 --> File loaded: /Library/WebServer/Documents/web-drc/application/views/templates/footer.php
DEBUG - 2025-05-23 09:00:14 --> File loaded: /Library/WebServer/Documents/web-drc/application/views/templates/default.php
INFO - 2025-05-23 09:00:14 --> Final output sent to browser
DEBUG - 2025-05-23 09:00:14 --> Total execution time: 0.0123
INFO - 2025-05-23 09:00:14 --> Config Class Initialized
INFO - 2025-05-23 09:00:14 --> Hooks Class Initialized
DEBUG - 2025-05-23 09:00:14 --> UTF-8 Support Enabled
INFO - 2025-05-23 09:00:14 --> Utf8 Class Initialized
INFO - 2025-05-23 09:00:14 --> URI Class Initialized
INFO - 2025-05-23 09:00:14 --> Router Class Initialized
INFO - 2025-05-23 09:00:14 --> Output Class Initialized
INFO - 2025-05-23 09:00:14 --> Security Class Initialized
DEBUG - 2025-05-23 09:00:14 --> Global POST, GET and COOKIE data sanitized
INFO - 2025-05-23 09:00:14 --> Input Class Initialized
INFO - 2025-05-23 09:00:14 --> Language Class Initialized
INFO - 2025-05-23 09:00:14 --> Language Class Initialized
INFO - 2025-05-23 09:00:14 --> Config Class Initialized
INFO - 2025-05-23 09:00:14 --> Loader Class Initialized
INFO - 2025-05-23 09:00:14 --> Helper loaded: url_helper
INFO - 2025-05-23 09:00:14 --> Helper loaded: easyui_helper
INFO - 2025-05-23 09:00:14 --> Helper loaded: param_helper
INFO - 2025-05-23 09:00:14 --> Helper loaded: credential_helper
INFO - 2025-05-23 09:00:14 --> Helper loaded: template_helper
INFO - 2025-05-23 09:00:14 --> Helper loaded: rest_helper
INFO - 2025-05-23 09:00:14 --> Database Driver Class Initialized
DEBUG - 2025-05-23 09:00:14 --> Idgenerator class already loaded. Second attempt ignored.
INFO - 2025-05-23 09:00:14 --> Controller Class Initialized
INFO - 2025-05-23 09:00:14 --> Model Class Initialized
DEBUG - 2025-05-23 09:00:14 --> File loaded: /Library/WebServer/Documents/web-drc/application/modules/ref_customer_class/models/Customer_class_model.php
INFO - 2025-05-23 09:00:14 --> Model Class Initialized
INFO - 2025-05-23 09:00:14 --> Final output sent to browser
DEBUG - 2025-05-23 09:00:14 --> Total execution time: 0.0057
INFO - 2025-05-23 09:00:16 --> Config Class Initialized
INFO - 2025-05-23 09:00:16 --> Hooks Class Initialized
DEBUG - 2025-05-23 09:00:16 --> UTF-8 Support Enabled
INFO - 2025-05-23 09:00:16 --> Utf8 Class Initialized
INFO - 2025-05-23 09:00:16 --> URI Class Initialized
INFO - 2025-05-23 09:00:16 --> Router Class Initialized
INFO - 2025-05-23 09:00:16 --> Output Class Initialized
INFO - 2025-05-23 09:00:16 --> Security Class Initialized
DEBUG - 2025-05-23 09:00:16 --> Global POST, GET and COOKIE data sanitized
INFO - 2025-05-23 09:00:16 --> Input Class Initialized
INFO - 2025-05-23 09:00:16 --> Language Class Initialized
INFO - 2025-05-23 09:00:16 --> Language Class Initialized
INFO - 2025-05-23 09:00:16 --> Config Class Initialized
INFO - 2025-05-23 09:00:16 --> Loader Class Initialized
INFO - 2025-05-23 09:00:16 --> Helper loaded: url_helper
INFO - 2025-05-23 09:00:16 --> Helper loaded: easyui_helper
INFO - 2025-05-23 09:00:16 --> Helper loaded: param_helper
INFO - 2025-05-23 09:00:16 --> Helper loaded: credential_helper
INFO - 2025-05-23 09:00:16 --> Helper loaded: template_helper
INFO - 2025-05-23 09:00:16 --> Helper loaded: rest_helper
INFO - 2025-05-23 09:00:16 --> Database Driver Class Initialized
DEBUG - 2025-05-23 09:00:16 --> Idgenerator class already loaded. Second attempt ignored.
INFO - 2025-05-23 09:00:16 --> Controller Class Initialized
INFO - 2025-05-23 09:00:16 --> Model Class Initialized
DEBUG - 2025-05-23 09:00:16 --> File loaded: /Library/WebServer/Documents/web-drc/application/modules/ref_customer/models/Customer_model.php
INFO - 2025-05-23 09:00:16 --> Model Class Initialized
DEBUG - 2025-05-23 09:00:16 --> File loaded: /Library/WebServer/Documents/web-drc/application/modules/ref_customer/views/content.php
DEBUG - 2025-05-23 09:00:16 --> File loaded: /Library/WebServer/Documents/web-drc/application/views/templates/header.php
DEBUG - 2025-05-23 09:00:16 --> File loaded: /Library/WebServer/Documents/web-drc/application/views/templates/toolbar.php
DEBUG - 2025-05-23 09:00:16 --> File loaded: /Library/WebServer/Documents/web-drc/application/views/templates/sidebar.php
DEBUG - 2025-05-23 09:00:16 --> File loaded: /Library/WebServer/Documents/web-drc/application/views/templates/contents.php
DEBUG - 2025-05-23 09:00:16 --> File loaded: /Library/WebServer/Documents/web-drc/application/views/templates/content_footer.php
DEBUG - 2025-05-23 09:00:16 --> File loaded: /Library/WebServer/Documents/web-drc/application/views/templates/footer.php
DEBUG - 2025-05-23 09:00:16 --> File loaded: /Library/WebServer/Documents/web-drc/application/views/templates/default.php
INFO - 2025-05-23 09:00:16 --> Final output sent to browser
DEBUG - 2025-05-23 09:00:16 --> Total execution time: 0.0143
INFO - 2025-05-23 09:00:16 --> Config Class Initialized
INFO - 2025-05-23 09:00:16 --> Hooks Class Initialized
DEBUG - 2025-05-23 09:00:16 --> UTF-8 Support Enabled
INFO - 2025-05-23 09:00:16 --> Utf8 Class Initialized
INFO - 2025-05-23 09:00:16 --> URI Class Initialized
INFO - 2025-05-23 09:00:16 --> Router Class Initialized
INFO - 2025-05-23 09:00:16 --> Output Class Initialized
INFO - 2025-05-23 09:00:16 --> Security Class Initialized
DEBUG - 2025-05-23 09:00:16 --> Global POST, GET and COOKIE data sanitized
INFO - 2025-05-23 09:00:16 --> Input Class Initialized
INFO - 2025-05-23 09:00:16 --> Language Class Initialized
INFO - 2025-05-23 09:00:16 --> Language Class Initialized
INFO - 2025-05-23 09:00:16 --> Config Class Initialized
INFO - 2025-05-23 09:00:16 --> Loader Class Initialized
INFO - 2025-05-23 09:00:16 --> Helper loaded: url_helper
INFO - 2025-05-23 09:00:16 --> Helper loaded: easyui_helper
INFO - 2025-05-23 09:00:16 --> Helper loaded: param_helper
INFO - 2025-05-23 09:00:16 --> Helper loaded: credential_helper
INFO - 2025-05-23 09:00:16 --> Helper loaded: template_helper
INFO - 2025-05-23 09:00:16 --> Helper loaded: rest_helper
INFO - 2025-05-23 09:00:16 --> Database Driver Class Initialized
DEBUG - 2025-05-23 09:00:16 --> Idgenerator class already loaded. Second attempt ignored.
INFO - 2025-05-23 09:00:16 --> Controller Class Initialized
INFO - 2025-05-23 09:00:16 --> Model Class Initialized
DEBUG - 2025-05-23 09:00:16 --> File loaded: /Library/WebServer/Documents/web-drc/application/modules/ref_customer/models/Customer_model.php
INFO - 2025-05-23 09:00:16 --> Model Class Initialized
INFO - 2025-05-23 09:07:43 --> Config Class Initialized
INFO - 2025-05-23 09:07:43 --> Hooks Class Initialized
DEBUG - 2025-05-23 09:07:43 --> UTF-8 Support Enabled
INFO - 2025-05-23 09:07:43 --> Utf8 Class Initialized
INFO - 2025-05-23 09:07:43 --> URI Class Initialized
INFO - 2025-05-23 09:07:43 --> Router Class Initialized
INFO - 2025-05-23 09:07:43 --> Output Class Initialized
INFO - 2025-05-23 09:07:43 --> Security Class Initialized
DEBUG - 2025-05-23 09:07:43 --> Global POST, GET and COOKIE data sanitized
INFO - 2025-05-23 09:07:43 --> Input Class Initialized
INFO - 2025-05-23 09:07:43 --> Language Class Initialized
INFO - 2025-05-23 09:07:43 --> Language Class Initialized
INFO - 2025-05-23 09:07:43 --> Config Class Initialized
INFO - 2025-05-23 09:07:43 --> Loader Class Initialized
INFO - 2025-05-23 09:07:43 --> Helper loaded: url_helper
INFO - 2025-05-23 09:07:43 --> Helper loaded: easyui_helper
INFO - 2025-05-23 09:07:43 --> Helper loaded: param_helper
INFO - 2025-05-23 09:07:43 --> Helper loaded: credential_helper
INFO - 2025-05-23 09:07:43 --> Helper loaded: template_helper
INFO - 2025-05-23 09:07:43 --> Helper loaded: rest_helper
INFO - 2025-05-23 09:07:43 --> Database Driver Class Initialized
DEBUG - 2025-05-23 09:07:43 --> Idgenerator class already loaded. Second attempt ignored.
INFO - 2025-05-23 09:07:43 --> Controller Class Initialized
INFO - 2025-05-23 09:07:43 --> Model Class Initialized
DEBUG - 2025-05-23 09:07:43 --> File loaded: /Library/WebServer/Documents/web-drc/application/modules/ref_area_regional/models/Area_regional_model.php
INFO - 2025-05-23 09:07:43 --> Model Class Initialized
DEBUG - 2025-05-23 09:07:43 --> File loaded: /Library/WebServer/Documents/web-drc/application/modules/ref_area_regional/views/content.php
DEBUG - 2025-05-23 09:07:43 --> File loaded: /Library/WebServer/Documents/web-drc/application/views/templates/header.php
DEBUG - 2025-05-23 09:07:43 --> File loaded: /Library/WebServer/Documents/web-drc/application/views/templates/toolbar.php
DEBUG - 2025-05-23 09:07:43 --> File loaded: /Library/WebServer/Documents/web-drc/application/views/templates/sidebar.php
DEBUG - 2025-05-23 09:07:43 --> File loaded: /Library/WebServer/Documents/web-drc/application/views/templates/contents.php
DEBUG - 2025-05-23 09:07:43 --> File loaded: /Library/WebServer/Documents/web-drc/application/views/templates/content_footer.php
DEBUG - 2025-05-23 09:07:43 --> File loaded: /Library/WebServer/Documents/web-drc/application/views/templates/footer.php
DEBUG - 2025-05-23 09:07:43 --> File loaded: /Library/WebServer/Documents/web-drc/application/views/templates/default.php
INFO - 2025-05-23 09:07:43 --> Final output sent to browser
DEBUG - 2025-05-23 09:07:43 --> Total execution time: 0.0505
INFO - 2025-05-23 09:07:43 --> Config Class Initialized
INFO - 2025-05-23 09:07:43 --> Hooks Class Initialized
DEBUG - 2025-05-23 09:07:43 --> UTF-8 Support Enabled
INFO - 2025-05-23 09:07:43 --> Utf8 Class Initialized
INFO - 2025-05-23 09:07:43 --> URI Class Initialized
INFO - 2025-05-23 09:07:43 --> Router Class Initialized
INFO - 2025-05-23 09:07:43 --> Output Class Initialized
INFO - 2025-05-23 09:07:43 --> Security Class Initialized
DEBUG - 2025-05-23 09:07:43 --> Global POST, GET and COOKIE data sanitized
INFO - 2025-05-23 09:07:43 --> Input Class Initialized
INFO - 2025-05-23 09:07:43 --> Language Class Initialized
INFO - 2025-05-23 09:07:43 --> Language Class Initialized
INFO - 2025-05-23 09:07:43 --> Config Class Initialized
INFO - 2025-05-23 09:07:43 --> Loader Class Initialized
INFO - 2025-05-23 09:07:43 --> Helper loaded: url_helper
INFO - 2025-05-23 09:07:43 --> Helper loaded: easyui_helper
INFO - 2025-05-23 09:07:43 --> Helper loaded: param_helper
INFO - 2025-05-23 09:07:43 --> Helper loaded: credential_helper
INFO - 2025-05-23 09:07:43 --> Helper loaded: template_helper
INFO - 2025-05-23 09:07:43 --> Helper loaded: rest_helper
INFO - 2025-05-23 09:07:43 --> Database Driver Class Initialized
DEBUG - 2025-05-23 09:07:43 --> Idgenerator class already loaded. Second attempt ignored.
INFO - 2025-05-23 09:07:43 --> Controller Class Initialized
INFO - 2025-05-23 09:07:43 --> Model Class Initialized
DEBUG - 2025-05-23 09:07:43 --> File loaded: /Library/WebServer/Documents/web-drc/application/modules/ref_area_regional/models/Area_regional_model.php
INFO - 2025-05-23 09:07:43 --> Model Class Initialized
INFO - 2025-05-23 09:07:43 --> Final output sent to browser
DEBUG - 2025-05-23 09:07:43 --> Total execution time: 0.0097
INFO - 2025-05-23 09:07:46 --> Config Class Initialized
INFO - 2025-05-23 09:07:46 --> Hooks Class Initialized
DEBUG - 2025-05-23 09:07:46 --> UTF-8 Support Enabled
INFO - 2025-05-23 09:07:46 --> Utf8 Class Initialized
INFO - 2025-05-23 09:07:46 --> URI Class Initialized
INFO - 2025-05-23 09:07:46 --> Router Class Initialized
INFO - 2025-05-23 09:07:46 --> Output Class Initialized
INFO - 2025-05-23 09:07:46 --> Security Class Initialized
DEBUG - 2025-05-23 09:07:46 --> Global POST, GET and COOKIE data sanitized
INFO - 2025-05-23 09:07:46 --> Input Class Initialized
INFO - 2025-05-23 09:07:46 --> Language Class Initialized
INFO - 2025-05-23 09:07:46 --> Language Class Initialized
INFO - 2025-05-23 09:07:46 --> Config Class Initialized
INFO - 2025-05-23 09:07:46 --> Loader Class Initialized
INFO - 2025-05-23 09:07:46 --> Helper loaded: url_helper
INFO - 2025-05-23 09:07:46 --> Helper loaded: easyui_helper
INFO - 2025-05-23 09:07:46 --> Helper loaded: param_helper
INFO - 2025-05-23 09:07:46 --> Helper loaded: credential_helper
INFO - 2025-05-23 09:07:46 --> Helper loaded: template_helper
INFO - 2025-05-23 09:07:46 --> Helper loaded: rest_helper
INFO - 2025-05-23 09:07:46 --> Database Driver Class Initialized
DEBUG - 2025-05-23 09:07:46 --> Idgenerator class already loaded. Second attempt ignored.
INFO - 2025-05-23 09:07:46 --> Controller Class Initialized
INFO - 2025-05-23 09:07:46 --> Model Class Initialized
DEBUG - 2025-05-23 09:07:46 --> File loaded: /Library/WebServer/Documents/web-drc/application/modules/ref_area_areasite/models/Area_areasite_model.php
INFO - 2025-05-23 09:07:46 --> Model Class Initialized
DEBUG - 2025-05-23 09:07:46 --> File loaded: /Library/WebServer/Documents/web-drc/application/modules/ref_area_areasite/views/content.php
DEBUG - 2025-05-23 09:07:46 --> File loaded: /Library/WebServer/Documents/web-drc/application/views/templates/header.php
DEBUG - 2025-05-23 09:07:46 --> File loaded: /Library/WebServer/Documents/web-drc/application/views/templates/toolbar.php
DEBUG - 2025-05-23 09:07:46 --> File loaded: /Library/WebServer/Documents/web-drc/application/views/templates/sidebar.php
DEBUG - 2025-05-23 09:07:46 --> File loaded: /Library/WebServer/Documents/web-drc/application/views/templates/contents.php
DEBUG - 2025-05-23 09:07:46 --> File loaded: /Library/WebServer/Documents/web-drc/application/views/templates/content_footer.php
DEBUG - 2025-05-23 09:07:46 --> File loaded: /Library/WebServer/Documents/web-drc/application/views/templates/footer.php
DEBUG - 2025-05-23 09:07:46 --> File loaded: /Library/WebServer/Documents/web-drc/application/views/templates/default.php
INFO - 2025-05-23 09:07:46 --> Final output sent to browser
DEBUG - 2025-05-23 09:07:46 --> Total execution time: 0.0124
INFO - 2025-05-23 09:07:46 --> Config Class Initialized
INFO - 2025-05-23 09:07:46 --> Hooks Class Initialized
DEBUG - 2025-05-23 09:07:46 --> UTF-8 Support Enabled
INFO - 2025-05-23 09:07:46 --> Utf8 Class Initialized
INFO - 2025-05-23 09:07:46 --> URI Class Initialized
INFO - 2025-05-23 09:07:46 --> Router Class Initialized
INFO - 2025-05-23 09:07:46 --> Output Class Initialized
INFO - 2025-05-23 09:07:46 --> Security Class Initialized
DEBUG - 2025-05-23 09:07:46 --> Global POST, GET and COOKIE data sanitized
INFO - 2025-05-23 09:07:46 --> Input Class Initialized
INFO - 2025-05-23 09:07:46 --> Language Class Initialized
INFO - 2025-05-23 09:07:46 --> Language Class Initialized
INFO - 2025-05-23 09:07:46 --> Config Class Initialized
INFO - 2025-05-23 09:07:46 --> Loader Class Initialized
INFO - 2025-05-23 09:07:46 --> Helper loaded: url_helper
INFO - 2025-05-23 09:07:46 --> Helper loaded: easyui_helper
INFO - 2025-05-23 09:07:46 --> Helper loaded: param_helper
INFO - 2025-05-23 09:07:46 --> Helper loaded: credential_helper
INFO - 2025-05-23 09:07:46 --> Helper loaded: template_helper
INFO - 2025-05-23 09:07:46 --> Helper loaded: rest_helper
INFO - 2025-05-23 09:07:46 --> Database Driver Class Initialized
DEBUG - 2025-05-23 09:07:46 --> Idgenerator class already loaded. Second attempt ignored.
INFO - 2025-05-23 09:07:46 --> Controller Class Initialized
INFO - 2025-05-23 09:07:46 --> Model Class Initialized
DEBUG - 2025-05-23 09:07:46 --> File loaded: /Library/WebServer/Documents/web-drc/application/modules/ref_area_areasite/models/Area_areasite_model.php
INFO - 2025-05-23 09:07:46 --> Model Class Initialized
INFO - 2025-05-23 09:07:46 --> Final output sent to browser
DEBUG - 2025-05-23 09:07:46 --> Total execution time: 0.0025
INFO - 2025-05-23 09:07:49 --> Config Class Initialized
INFO - 2025-05-23 09:07:49 --> Hooks Class Initialized
DEBUG - 2025-05-23 09:07:49 --> UTF-8 Support Enabled
INFO - 2025-05-23 09:07:49 --> Utf8 Class Initialized
INFO - 2025-05-23 09:07:49 --> URI Class Initialized
INFO - 2025-05-23 09:07:49 --> Router Class Initialized
INFO - 2025-05-23 09:07:49 --> Output Class Initialized
INFO - 2025-05-23 09:07:49 --> Security Class Initialized
DEBUG - 2025-05-23 09:07:49 --> Global POST, GET and COOKIE data sanitized
INFO - 2025-05-23 09:07:49 --> Input Class Initialized
INFO - 2025-05-23 09:07:49 --> Language Class Initialized
INFO - 2025-05-23 09:07:49 --> Language Class Initialized
INFO - 2025-05-23 09:07:49 --> Config Class Initialized
INFO - 2025-05-23 09:07:49 --> Loader Class Initialized
INFO - 2025-05-23 09:07:49 --> Helper loaded: url_helper
INFO - 2025-05-23 09:07:49 --> Helper loaded: easyui_helper
INFO - 2025-05-23 09:07:49 --> Helper loaded: param_helper
INFO - 2025-05-23 09:07:49 --> Helper loaded: credential_helper
INFO - 2025-05-23 09:07:49 --> Helper loaded: template_helper
INFO - 2025-05-23 09:07:49 --> Helper loaded: rest_helper
INFO - 2025-05-23 09:07:49 --> Database Driver Class Initialized
DEBUG - 2025-05-23 09:07:49 --> Idgenerator class already loaded. Second attempt ignored.
INFO - 2025-05-23 09:07:49 --> Controller Class Initialized
INFO - 2025-05-23 09:07:49 --> Model Class Initialized
DEBUG - 2025-05-23 09:07:49 --> File loaded: /Library/WebServer/Documents/web-drc/application/modules/ref_area_kota/models/Area_kota_model.php
INFO - 2025-05-23 09:07:49 --> Model Class Initialized
DEBUG - 2025-05-23 09:07:49 --> File loaded: /Library/WebServer/Documents/web-drc/application/modules/ref_area_kota/views/content.php
DEBUG - 2025-05-23 09:07:49 --> File loaded: /Library/WebServer/Documents/web-drc/application/views/templates/header.php
DEBUG - 2025-05-23 09:07:49 --> File loaded: /Library/WebServer/Documents/web-drc/application/views/templates/toolbar.php
DEBUG - 2025-05-23 09:07:49 --> File loaded: /Library/WebServer/Documents/web-drc/application/views/templates/sidebar.php
DEBUG - 2025-05-23 09:07:49 --> File loaded: /Library/WebServer/Documents/web-drc/application/views/templates/contents.php
DEBUG - 2025-05-23 09:07:49 --> File loaded: /Library/WebServer/Documents/web-drc/application/views/templates/content_footer.php
DEBUG - 2025-05-23 09:07:49 --> File loaded: /Library/WebServer/Documents/web-drc/application/views/templates/footer.php
DEBUG - 2025-05-23 09:07:49 --> File loaded: /Library/WebServer/Documents/web-drc/application/views/templates/default.php
INFO - 2025-05-23 09:07:49 --> Final output sent to browser
DEBUG - 2025-05-23 09:07:49 --> Total execution time: 0.0144
INFO - 2025-05-23 09:07:49 --> Config Class Initialized
INFO - 2025-05-23 09:07:49 --> Hooks Class Initialized
DEBUG - 2025-05-23 09:07:49 --> UTF-8 Support Enabled
INFO - 2025-05-23 09:07:49 --> Utf8 Class Initialized
INFO - 2025-05-23 09:07:49 --> URI Class Initialized
INFO - 2025-05-23 09:07:49 --> Router Class Initialized
INFO - 2025-05-23 09:07:49 --> Output Class Initialized
INFO - 2025-05-23 09:07:49 --> Security Class Initialized
DEBUG - 2025-05-23 09:07:49 --> Global POST, GET and COOKIE data sanitized
INFO - 2025-05-23 09:07:49 --> Input Class Initialized
INFO - 2025-05-23 09:07:49 --> Language Class Initialized
INFO - 2025-05-23 09:07:49 --> Language Class Initialized
INFO - 2025-05-23 09:07:49 --> Config Class Initialized
INFO - 2025-05-23 09:07:49 --> Loader Class Initialized
INFO - 2025-05-23 09:07:49 --> Helper loaded: url_helper
INFO - 2025-05-23 09:07:49 --> Helper loaded: easyui_helper
INFO - 2025-05-23 09:07:49 --> Helper loaded: param_helper
INFO - 2025-05-23 09:07:49 --> Helper loaded: credential_helper
INFO - 2025-05-23 09:07:49 --> Helper loaded: template_helper
INFO - 2025-05-23 09:07:49 --> Helper loaded: rest_helper
INFO - 2025-05-23 09:07:49 --> Database Driver Class Initialized
DEBUG - 2025-05-23 09:07:49 --> Idgenerator class already loaded. Second attempt ignored.
INFO - 2025-05-23 09:07:49 --> Controller Class Initialized
INFO - 2025-05-23 09:07:49 --> Model Class Initialized
DEBUG - 2025-05-23 09:07:49 --> File loaded: /Library/WebServer/Documents/web-drc/application/modules/ref_area_kota/models/Area_kota_model.php
INFO - 2025-05-23 09:07:49 --> Model Class Initialized
INFO - 2025-05-23 09:07:49 --> Final output sent to browser
DEBUG - 2025-05-23 09:07:49 --> Total execution time: 0.0101
INFO - 2025-05-23 09:07:59 --> Config Class Initialized
INFO - 2025-05-23 09:07:59 --> Hooks Class Initialized
DEBUG - 2025-05-23 09:07:59 --> UTF-8 Support Enabled
INFO - 2025-05-23 09:07:59 --> Utf8 Class Initialized
INFO - 2025-05-23 09:07:59 --> URI Class Initialized
INFO - 2025-05-23 09:07:59 --> Router Class Initialized
INFO - 2025-05-23 09:07:59 --> Output Class Initialized
INFO - 2025-05-23 09:07:59 --> Security Class Initialized
DEBUG - 2025-05-23 09:07:59 --> Global POST, GET and COOKIE data sanitized
INFO - 2025-05-23 09:07:59 --> Input Class Initialized
INFO - 2025-05-23 09:07:59 --> Language Class Initialized
INFO - 2025-05-23 09:07:59 --> Language Class Initialized
INFO - 2025-05-23 09:07:59 --> Config Class Initialized
INFO - 2025-05-23 09:07:59 --> Loader Class Initialized
INFO - 2025-05-23 09:07:59 --> Helper loaded: url_helper
INFO - 2025-05-23 09:07:59 --> Helper loaded: easyui_helper
INFO - 2025-05-23 09:07:59 --> Helper loaded: param_helper
INFO - 2025-05-23 09:07:59 --> Helper loaded: credential_helper
INFO - 2025-05-23 09:07:59 --> Helper loaded: template_helper
INFO - 2025-05-23 09:07:59 --> Helper loaded: rest_helper
INFO - 2025-05-23 09:07:59 --> Database Driver Class Initialized
DEBUG - 2025-05-23 09:07:59 --> Idgenerator class already loaded. Second attempt ignored.
INFO - 2025-05-23 09:07:59 --> Controller Class Initialized
INFO - 2025-05-23 09:07:59 --> Model Class Initialized
DEBUG - 2025-05-23 09:07:59 --> File loaded: /Library/WebServer/Documents/web-drc/application/modules/ref_customer/models/Customer_model.php
INFO - 2025-05-23 09:07:59 --> Model Class Initialized
DEBUG - 2025-05-23 09:07:59 --> File loaded: /Library/WebServer/Documents/web-drc/application/modules/ref_customer/views/content.php
DEBUG - 2025-05-23 09:07:59 --> File loaded: /Library/WebServer/Documents/web-drc/application/views/templates/header.php
DEBUG - 2025-05-23 09:07:59 --> File loaded: /Library/WebServer/Documents/web-drc/application/views/templates/toolbar.php
DEBUG - 2025-05-23 09:07:59 --> File loaded: /Library/WebServer/Documents/web-drc/application/views/templates/sidebar.php
DEBUG - 2025-05-23 09:07:59 --> File loaded: /Library/WebServer/Documents/web-drc/application/views/templates/contents.php
DEBUG - 2025-05-23 09:07:59 --> File loaded: /Library/WebServer/Documents/web-drc/application/views/templates/content_footer.php
DEBUG - 2025-05-23 09:07:59 --> File loaded: /Library/WebServer/Documents/web-drc/application/views/templates/footer.php
DEBUG - 2025-05-23 09:07:59 --> File loaded: /Library/WebServer/Documents/web-drc/application/views/templates/default.php
INFO - 2025-05-23 09:07:59 --> Final output sent to browser
DEBUG - 2025-05-23 09:07:59 --> Total execution time: 0.0130
INFO - 2025-05-23 09:08:00 --> Config Class Initialized
INFO - 2025-05-23 09:08:00 --> Hooks Class Initialized
DEBUG - 2025-05-23 09:08:00 --> UTF-8 Support Enabled
INFO - 2025-05-23 09:08:00 --> Utf8 Class Initialized
INFO - 2025-05-23 09:08:00 --> URI Class Initialized
INFO - 2025-05-23 09:08:00 --> Router Class Initialized
INFO - 2025-05-23 09:08:00 --> Output Class Initialized
INFO - 2025-05-23 09:08:00 --> Security Class Initialized
DEBUG - 2025-05-23 09:08:00 --> Global POST, GET and COOKIE data sanitized
INFO - 2025-05-23 09:08:00 --> Input Class Initialized
INFO - 2025-05-23 09:08:00 --> Language Class Initialized
INFO - 2025-05-23 09:08:00 --> Language Class Initialized
INFO - 2025-05-23 09:08:00 --> Config Class Initialized
INFO - 2025-05-23 09:08:00 --> Loader Class Initialized
INFO - 2025-05-23 09:08:00 --> Helper loaded: url_helper
INFO - 2025-05-23 09:08:00 --> Helper loaded: easyui_helper
INFO - 2025-05-23 09:08:00 --> Helper loaded: param_helper
INFO - 2025-05-23 09:08:00 --> Helper loaded: credential_helper
INFO - 2025-05-23 09:08:00 --> Helper loaded: template_helper
INFO - 2025-05-23 09:08:00 --> Helper loaded: rest_helper
INFO - 2025-05-23 09:08:00 --> Database Driver Class Initialized
DEBUG - 2025-05-23 09:08:00 --> Idgenerator class already loaded. Second attempt ignored.
INFO - 2025-05-23 09:08:00 --> Controller Class Initialized
INFO - 2025-05-23 09:08:00 --> Model Class Initialized
DEBUG - 2025-05-23 09:08:00 --> File loaded: /Library/WebServer/Documents/web-drc/application/modules/ref_customer/models/Customer_model.php
INFO - 2025-05-23 09:08:00 --> Model Class Initialized
INFO - 2025-05-23 09:09:05 --> Final output sent to browser
DEBUG - 2025-05-23 09:09:05 --> Total execution time: 65.3619
INFO - 2025-05-23 09:09:16 --> Config Class Initialized
INFO - 2025-05-23 09:09:16 --> Hooks Class Initialized
DEBUG - 2025-05-23 09:09:16 --> UTF-8 Support Enabled
INFO - 2025-05-23 09:09:16 --> Utf8 Class Initialized
INFO - 2025-05-23 09:09:16 --> URI Class Initialized
INFO - 2025-05-23 09:09:16 --> Router Class Initialized
INFO - 2025-05-23 09:09:16 --> Output Class Initialized
INFO - 2025-05-23 09:09:16 --> Security Class Initialized
DEBUG - 2025-05-23 09:09:16 --> Global POST, GET and COOKIE data sanitized
INFO - 2025-05-23 09:09:16 --> Input Class Initialized
INFO - 2025-05-23 09:09:16 --> Language Class Initialized
INFO - 2025-05-23 09:09:16 --> Language Class Initialized
INFO - 2025-05-23 09:09:16 --> Config Class Initialized
INFO - 2025-05-23 09:09:16 --> Loader Class Initialized
INFO - 2025-05-23 09:09:16 --> Helper loaded: url_helper
INFO - 2025-05-23 09:09:16 --> Helper loaded: easyui_helper
INFO - 2025-05-23 09:09:16 --> Helper loaded: param_helper
INFO - 2025-05-23 09:09:16 --> Helper loaded: credential_helper
INFO - 2025-05-23 09:09:16 --> Helper loaded: template_helper
INFO - 2025-05-23 09:09:16 --> Helper loaded: rest_helper
INFO - 2025-05-23 09:09:16 --> Database Driver Class Initialized
DEBUG - 2025-05-23 09:09:16 --> Idgenerator class already loaded. Second attempt ignored.
INFO - 2025-05-23 09:09:16 --> Controller Class Initialized
INFO - 2025-05-23 09:09:16 --> Model Class Initialized
DEBUG - 2025-05-23 09:09:16 --> File loaded: /Library/WebServer/Documents/web-drc/application/modules/ref_customer/models/Customer_model.php
INFO - 2025-05-23 09:09:16 --> Model Class Initialized
INFO - 2025-05-23 09:10:22 --> Final output sent to browser
DEBUG - 2025-05-23 09:10:22 --> Total execution time: 65.8269
INFO - 2025-05-23 09:12:20 --> Config Class Initialized
INFO - 2025-05-23 09:12:20 --> Hooks Class Initialized
DEBUG - 2025-05-23 09:12:20 --> UTF-8 Support Enabled
INFO - 2025-05-23 09:12:20 --> Utf8 Class Initialized
INFO - 2025-05-23 09:12:20 --> URI Class Initialized
INFO - 2025-05-23 09:12:20 --> Router Class Initialized
INFO - 2025-05-23 09:12:20 --> Output Class Initialized
INFO - 2025-05-23 09:12:20 --> Security Class Initialized
DEBUG - 2025-05-23 09:12:20 --> Global POST, GET and COOKIE data sanitized
INFO - 2025-05-23 09:12:20 --> Input Class Initialized
INFO - 2025-05-23 09:12:20 --> Language Class Initialized
INFO - 2025-05-23 09:12:20 --> Language Class Initialized
INFO - 2025-05-23 09:12:20 --> Config Class Initialized
INFO - 2025-05-23 09:12:20 --> Loader Class Initialized
INFO - 2025-05-23 09:12:20 --> Helper loaded: url_helper
INFO - 2025-05-23 09:12:20 --> Helper loaded: easyui_helper
INFO - 2025-05-23 09:12:20 --> Helper loaded: param_helper
INFO - 2025-05-23 09:12:20 --> Helper loaded: credential_helper
INFO - 2025-05-23 09:12:20 --> Helper loaded: template_helper
INFO - 2025-05-23 09:12:20 --> Helper loaded: rest_helper
INFO - 2025-05-23 09:12:20 --> Database Driver Class Initialized
DEBUG - 2025-05-23 09:12:20 --> Idgenerator class already loaded. Second attempt ignored.
INFO - 2025-05-23 09:12:20 --> Controller Class Initialized
INFO - 2025-05-23 09:12:20 --> Model Class Initialized
DEBUG - 2025-05-23 09:12:20 --> File loaded: /Library/WebServer/Documents/web-drc/application/modules/ref_customer/models/Customer_model.php
INFO - 2025-05-23 09:12:20 --> Model Class Initialized
DEBUG - 2025-05-23 09:12:20 --> File loaded: /Library/WebServer/Documents/web-drc/application/modules/ref_customer/views/content.php
DEBUG - 2025-05-23 09:12:20 --> File loaded: /Library/WebServer/Documents/web-drc/application/views/templates/header.php
DEBUG - 2025-05-23 09:12:20 --> File loaded: /Library/WebServer/Documents/web-drc/application/views/templates/toolbar.php
DEBUG - 2025-05-23 09:12:20 --> File loaded: /Library/WebServer/Documents/web-drc/application/views/templates/sidebar.php
DEBUG - 2025-05-23 09:12:20 --> File loaded: /Library/WebServer/Documents/web-drc/application/views/templates/contents.php
DEBUG - 2025-05-23 09:12:20 --> File loaded: /Library/WebServer/Documents/web-drc/application/views/templates/content_footer.php
DEBUG - 2025-05-23 09:12:20 --> File loaded: /Library/WebServer/Documents/web-drc/application/views/templates/footer.php
DEBUG - 2025-05-23 09:12:20 --> File loaded: /Library/WebServer/Documents/web-drc/application/views/templates/default.php
INFO - 2025-05-23 09:12:20 --> Final output sent to browser
DEBUG - 2025-05-23 09:12:20 --> Total execution time: 0.0124
INFO - 2025-05-23 09:12:20 --> Config Class Initialized
INFO - 2025-05-23 09:12:20 --> Hooks Class Initialized
DEBUG - 2025-05-23 09:12:20 --> UTF-8 Support Enabled
INFO - 2025-05-23 09:12:20 --> Utf8 Class Initialized
INFO - 2025-05-23 09:12:20 --> URI Class Initialized
INFO - 2025-05-23 09:12:20 --> Router Class Initialized
INFO - 2025-05-23 09:12:20 --> Output Class Initialized
INFO - 2025-05-23 09:12:20 --> Security Class Initialized
DEBUG - 2025-05-23 09:12:20 --> Global POST, GET and COOKIE data sanitized
INFO - 2025-05-23 09:12:20 --> Input Class Initialized
INFO - 2025-05-23 09:12:20 --> Language Class Initialized
INFO - 2025-05-23 09:12:20 --> Language Class Initialized
INFO - 2025-05-23 09:12:20 --> Config Class Initialized
INFO - 2025-05-23 09:12:20 --> Loader Class Initialized
INFO - 2025-05-23 09:12:20 --> Helper loaded: url_helper
INFO - 2025-05-23 09:12:20 --> Helper loaded: easyui_helper
INFO - 2025-05-23 09:12:20 --> Helper loaded: param_helper
INFO - 2025-05-23 09:12:20 --> Helper loaded: credential_helper
INFO - 2025-05-23 09:12:20 --> Helper loaded: template_helper
INFO - 2025-05-23 09:12:20 --> Helper loaded: rest_helper
INFO - 2025-05-23 09:12:20 --> Database Driver Class Initialized
DEBUG - 2025-05-23 09:12:20 --> Idgenerator class already loaded. Second attempt ignored.
INFO - 2025-05-23 09:12:20 --> Controller Class Initialized
INFO - 2025-05-23 09:12:20 --> Model Class Initialized
DEBUG - 2025-05-23 09:12:20 --> File loaded: /Library/WebServer/Documents/web-drc/application/modules/ref_customer/models/Customer_model.php
INFO - 2025-05-23 09:12:20 --> Model Class Initialized
INFO - 2025-05-23 09:13:26 --> Final output sent to browser
DEBUG - 2025-05-23 09:13:26 --> Total execution time: 65.9434
INFO - 2025-05-23 09:13:41 --> Config Class Initialized
INFO - 2025-05-23 09:13:41 --> Hooks Class Initialized
DEBUG - 2025-05-23 09:13:41 --> UTF-8 Support Enabled
INFO - 2025-05-23 09:13:41 --> Utf8 Class Initialized
INFO - 2025-05-23 09:13:41 --> URI Class Initialized
INFO - 2025-05-23 09:13:41 --> Router Class Initialized
INFO - 2025-05-23 09:13:41 --> Output Class Initialized
INFO - 2025-05-23 09:13:41 --> Security Class Initialized
DEBUG - 2025-05-23 09:13:41 --> Global POST, GET and COOKIE data sanitized
INFO - 2025-05-23 09:13:41 --> Input Class Initialized
INFO - 2025-05-23 09:13:41 --> Language Class Initialized
INFO - 2025-05-23 09:13:41 --> Language Class Initialized
INFO - 2025-05-23 09:13:41 --> Config Class Initialized
INFO - 2025-05-23 09:13:41 --> Loader Class Initialized
INFO - 2025-05-23 09:13:41 --> Helper loaded: url_helper
INFO - 2025-05-23 09:13:41 --> Helper loaded: easyui_helper
INFO - 2025-05-23 09:13:41 --> Helper loaded: param_helper
INFO - 2025-05-23 09:13:41 --> Helper loaded: credential_helper
INFO - 2025-05-23 09:13:41 --> Helper loaded: template_helper
INFO - 2025-05-23 09:13:41 --> Helper loaded: rest_helper
INFO - 2025-05-23 09:13:41 --> Database Driver Class Initialized
DEBUG - 2025-05-23 09:13:41 --> Idgenerator class already loaded. Second attempt ignored.
INFO - 2025-05-23 09:13:41 --> Controller Class Initialized
INFO - 2025-05-23 09:13:41 --> Model Class Initialized
DEBUG - 2025-05-23 09:13:41 --> File loaded: /Library/WebServer/Documents/web-drc/application/modules/ref_customer/models/Customer_model.php
INFO - 2025-05-23 09:13:41 --> Model Class Initialized
INFO - 2025-05-23 09:13:43 --> Final output sent to browser
DEBUG - 2025-05-23 09:13:43 --> Total execution time: 2.1040
INFO - 2025-05-23 09:13:46 --> Config Class Initialized
INFO - 2025-05-23 09:13:46 --> Hooks Class Initialized
DEBUG - 2025-05-23 09:13:46 --> UTF-8 Support Enabled
INFO - 2025-05-23 09:13:46 --> Utf8 Class Initialized
INFO - 2025-05-23 09:13:46 --> URI Class Initialized
INFO - 2025-05-23 09:13:46 --> Router Class Initialized
INFO - 2025-05-23 09:13:46 --> Output Class Initialized
INFO - 2025-05-23 09:13:46 --> Security Class Initialized
DEBUG - 2025-05-23 09:13:46 --> Global POST, GET and COOKIE data sanitized
INFO - 2025-05-23 09:13:46 --> Input Class Initialized
INFO - 2025-05-23 09:13:46 --> Language Class Initialized
INFO - 2025-05-23 09:13:46 --> Language Class Initialized
INFO - 2025-05-23 09:13:46 --> Config Class Initialized
INFO - 2025-05-23 09:13:46 --> Loader Class Initialized
INFO - 2025-05-23 09:13:46 --> Helper loaded: url_helper
INFO - 2025-05-23 09:13:46 --> Helper loaded: easyui_helper
INFO - 2025-05-23 09:13:46 --> Helper loaded: param_helper
INFO - 2025-05-23 09:13:46 --> Helper loaded: credential_helper
INFO - 2025-05-23 09:13:46 --> Helper loaded: template_helper
INFO - 2025-05-23 09:13:46 --> Helper loaded: rest_helper
INFO - 2025-05-23 09:13:46 --> Database Driver Class Initialized
DEBUG - 2025-05-23 09:13:46 --> Idgenerator class already loaded. Second attempt ignored.
INFO - 2025-05-23 09:13:46 --> Controller Class Initialized
INFO - 2025-05-23 09:13:46 --> Model Class Initialized
DEBUG - 2025-05-23 09:13:46 --> File loaded: /Library/WebServer/Documents/web-drc/application/modules/ref_customer/models/Customer_model.php
INFO - 2025-05-23 09:13:46 --> Model Class Initialized
INFO - 2025-05-23 09:14:53 --> Final output sent to browser
DEBUG - 2025-05-23 09:14:53 --> Total execution time: 66.9491
INFO - 2025-05-23 09:27:13 --> Config Class Initialized
INFO - 2025-05-23 09:27:13 --> Hooks Class Initialized
DEBUG - 2025-05-23 09:27:13 --> UTF-8 Support Enabled
INFO - 2025-05-23 09:27:13 --> Utf8 Class Initialized
INFO - 2025-05-23 09:27:13 --> URI Class Initialized
INFO - 2025-05-23 09:27:13 --> Router Class Initialized
INFO - 2025-05-23 09:27:13 --> Output Class Initialized
INFO - 2025-05-23 09:27:13 --> Security Class Initialized
DEBUG - 2025-05-23 09:27:13 --> Global POST, GET and COOKIE data sanitized
INFO - 2025-05-23 09:27:13 --> Input Class Initialized
INFO - 2025-05-23 09:27:13 --> Language Class Initialized
INFO - 2025-05-23 09:27:13 --> Language Class Initialized
INFO - 2025-05-23 09:27:13 --> Config Class Initialized
INFO - 2025-05-23 09:27:13 --> Loader Class Initialized
INFO - 2025-05-23 09:27:13 --> Helper loaded: url_helper
INFO - 2025-05-23 09:27:13 --> Helper loaded: easyui_helper
INFO - 2025-05-23 09:27:13 --> Helper loaded: param_helper
INFO - 2025-05-23 09:27:13 --> Helper loaded: credential_helper
INFO - 2025-05-23 09:27:13 --> Helper loaded: template_helper
INFO - 2025-05-23 09:27:13 --> Helper loaded: rest_helper
INFO - 2025-05-23 09:27:13 --> Database Driver Class Initialized
DEBUG - 2025-05-23 09:27:13 --> Idgenerator class already loaded. Second attempt ignored.
INFO - 2025-05-23 09:27:13 --> Controller Class Initialized
INFO - 2025-05-23 09:27:13 --> Model Class Initialized
DEBUG - 2025-05-23 09:27:13 --> File loaded: /Library/WebServer/Documents/web-drc/application/modules/ref_customer/models/Customer_model.php
INFO - 2025-05-23 09:27:13 --> Model Class Initialized
DEBUG - 2025-05-23 09:27:13 --> File loaded: /Library/WebServer/Documents/web-drc/application/modules/ref_customer/views/content.php
DEBUG - 2025-05-23 09:27:13 --> File loaded: /Library/WebServer/Documents/web-drc/application/views/templates/header.php
DEBUG - 2025-05-23 09:27:13 --> File loaded: /Library/WebServer/Documents/web-drc/application/views/templates/toolbar.php
DEBUG - 2025-05-23 09:27:13 --> File loaded: /Library/WebServer/Documents/web-drc/application/views/templates/sidebar.php
DEBUG - 2025-05-23 09:27:13 --> File loaded: /Library/WebServer/Documents/web-drc/application/views/templates/contents.php
DEBUG - 2025-05-23 09:27:13 --> File loaded: /Library/WebServer/Documents/web-drc/application/views/templates/content_footer.php
DEBUG - 2025-05-23 09:27:13 --> File loaded: /Library/WebServer/Documents/web-drc/application/views/templates/footer.php
DEBUG - 2025-05-23 09:27:13 --> File loaded: /Library/WebServer/Documents/web-drc/application/views/templates/default.php
INFO - 2025-05-23 09:27:13 --> Final output sent to browser
DEBUG - 2025-05-23 09:27:13 --> Total execution time: 0.0167
INFO - 2025-05-23 09:27:13 --> Config Class Initialized
INFO - 2025-05-23 09:27:13 --> Hooks Class Initialized
DEBUG - 2025-05-23 09:27:13 --> UTF-8 Support Enabled
INFO - 2025-05-23 09:27:13 --> Utf8 Class Initialized
INFO - 2025-05-23 09:27:13 --> URI Class Initialized
INFO - 2025-05-23 09:27:13 --> Router Class Initialized
INFO - 2025-05-23 09:27:13 --> Output Class Initialized
INFO - 2025-05-23 09:27:13 --> Security Class Initialized
DEBUG - 2025-05-23 09:27:13 --> Global POST, GET and COOKIE data sanitized
INFO - 2025-05-23 09:27:13 --> Input Class Initialized
INFO - 2025-05-23 09:27:13 --> Language Class Initialized
INFO - 2025-05-23 09:27:13 --> Language Class Initialized
INFO - 2025-05-23 09:27:13 --> Config Class Initialized
INFO - 2025-05-23 09:27:13 --> Loader Class Initialized
INFO - 2025-05-23 09:27:13 --> Helper loaded: url_helper
INFO - 2025-05-23 09:27:13 --> Helper loaded: easyui_helper
INFO - 2025-05-23 09:27:13 --> Helper loaded: param_helper
INFO - 2025-05-23 09:27:13 --> Helper loaded: credential_helper
INFO - 2025-05-23 09:27:13 --> Helper loaded: template_helper
INFO - 2025-05-23 09:27:13 --> Helper loaded: rest_helper
INFO - 2025-05-23 09:27:13 --> Database Driver Class Initialized
DEBUG - 2025-05-23 09:27:13 --> Idgenerator class already loaded. Second attempt ignored.
INFO - 2025-05-23 09:27:13 --> Controller Class Initialized
INFO - 2025-05-23 09:27:13 --> Model Class Initialized
DEBUG - 2025-05-23 09:27:13 --> File loaded: /Library/WebServer/Documents/web-drc/application/modules/ref_customer/models/Customer_model.php
INFO - 2025-05-23 09:27:13 --> Model Class Initialized
INFO - 2025-05-23 09:28:19 --> Final output sent to browser
DEBUG - 2025-05-23 09:28:19 --> Total execution time: 66.1101
INFO - 2025-05-23 09:38:40 --> Config Class Initialized
INFO - 2025-05-23 09:38:40 --> Hooks Class Initialized
DEBUG - 2025-05-23 09:38:40 --> UTF-8 Support Enabled
INFO - 2025-05-23 09:38:40 --> Utf8 Class Initialized
INFO - 2025-05-23 09:38:40 --> URI Class Initialized
INFO - 2025-05-23 09:38:40 --> Router Class Initialized
INFO - 2025-05-23 09:38:40 --> Output Class Initialized
INFO - 2025-05-23 09:38:40 --> Security Class Initialized
DEBUG - 2025-05-23 09:38:40 --> Global POST, GET and COOKIE data sanitized
INFO - 2025-05-23 09:38:40 --> Input Class Initialized
INFO - 2025-05-23 09:38:40 --> Language Class Initialized
ERROR - 2025-05-23 09:38:40 --> 404 Page Not Found: /index
INFO - 2025-05-23 09:38:44 --> Config Class Initialized
INFO - 2025-05-23 09:38:44 --> Hooks Class Initialized
DEBUG - 2025-05-23 09:38:44 --> UTF-8 Support Enabled
INFO - 2025-05-23 09:38:44 --> Utf8 Class Initialized
INFO - 2025-05-23 09:38:44 --> URI Class Initialized
INFO - 2025-05-23 09:38:44 --> Router Class Initialized
INFO - 2025-05-23 09:38:44 --> Output Class Initialized
INFO - 2025-05-23 09:38:44 --> Security Class Initialized
DEBUG - 2025-05-23 09:38:44 --> Global POST, GET and COOKIE data sanitized
INFO - 2025-05-23 09:38:44 --> Input Class Initialized
INFO - 2025-05-23 09:38:44 --> Language Class Initialized
INFO - 2025-05-23 09:38:44 --> Language Class Initialized
INFO - 2025-05-23 09:38:44 --> Config Class Initialized
INFO - 2025-05-23 09:38:44 --> Loader Class Initialized
INFO - 2025-05-23 09:38:44 --> Helper loaded: url_helper
INFO - 2025-05-23 09:38:44 --> Helper loaded: easyui_helper
INFO - 2025-05-23 09:38:44 --> Helper loaded: param_helper
INFO - 2025-05-23 09:38:44 --> Helper loaded: credential_helper
INFO - 2025-05-23 09:38:44 --> Helper loaded: template_helper
INFO - 2025-05-23 09:38:44 --> Helper loaded: rest_helper
INFO - 2025-05-23 09:38:44 --> Database Driver Class Initialized
DEBUG - 2025-05-23 09:38:44 --> Idgenerator class already loaded. Second attempt ignored.
INFO - 2025-05-23 09:38:44 --> Controller Class Initialized
INFO - 2025-05-23 09:38:44 --> Model Class Initialized
DEBUG - 2025-05-23 09:38:44 --> File loaded: /Library/WebServer/Documents/web-drc/application/modules/ref_customer/models/Customer_model.php
INFO - 2025-05-23 09:38:44 --> Model Class Initialized
INFO - 2025-05-23 09:39:50 --> Final output sent to browser
DEBUG - 2025-05-23 09:39:50 --> Total execution time: 66.0697
INFO - 2025-05-23 09:51:33 --> Config Class Initialized
INFO - 2025-05-23 09:51:33 --> Hooks Class Initialized
DEBUG - 2025-05-23 09:51:33 --> UTF-8 Support Enabled
INFO - 2025-05-23 09:51:33 --> Utf8 Class Initialized
INFO - 2025-05-23 09:51:33 --> URI Class Initialized
INFO - 2025-05-23 09:51:33 --> Router Class Initialized
INFO - 2025-05-23 09:51:33 --> Output Class Initialized
INFO - 2025-05-23 09:51:33 --> Security Class Initialized
DEBUG - 2025-05-23 09:51:33 --> Global POST, GET and COOKIE data sanitized
INFO - 2025-05-23 09:51:33 --> Input Class Initialized
INFO - 2025-05-23 09:51:33 --> Language Class Initialized
INFO - 2025-05-23 09:51:33 --> Language Class Initialized
INFO - 2025-05-23 09:51:33 --> Config Class Initialized
INFO - 2025-05-23 09:51:33 --> Loader Class Initialized
INFO - 2025-05-23 09:51:33 --> Helper loaded: url_helper
INFO - 2025-05-23 09:51:33 --> Helper loaded: easyui_helper
INFO - 2025-05-23 09:51:33 --> Helper loaded: param_helper
INFO - 2025-05-23 09:51:33 --> Helper loaded: credential_helper
INFO - 2025-05-23 09:51:33 --> Helper loaded: template_helper
INFO - 2025-05-23 09:51:33 --> Helper loaded: rest_helper
INFO - 2025-05-23 09:51:33 --> Database Driver Class Initialized
DEBUG - 2025-05-23 09:51:33 --> Idgenerator class already loaded. Second attempt ignored.
INFO - 2025-05-23 09:51:33 --> Controller Class Initialized
INFO - 2025-05-23 09:51:33 --> Model Class Initialized
DEBUG - 2025-05-23 09:51:33 --> File loaded: /Library/WebServer/Documents/web-drc/application/modules/ref_customer/models/Customer_model.php
INFO - 2025-05-23 09:51:33 --> Model Class Initialized
INFO - 2025-05-23 09:51:36 --> Final output sent to browser
DEBUG - 2025-05-23 09:51:36 --> Total execution time: 3.0261
INFO - 2025-05-23 13:00:19 --> Config Class Initialized
INFO - 2025-05-23 13:00:19 --> Hooks Class Initialized
DEBUG - 2025-05-23 13:00:19 --> UTF-8 Support Enabled
INFO - 2025-05-23 13:00:19 --> Utf8 Class Initialized
INFO - 2025-05-23 13:00:19 --> URI Class Initialized
INFO - 2025-05-23 13:00:19 --> Router Class Initialized
INFO - 2025-05-23 13:00:19 --> Output Class Initialized
INFO - 2025-05-23 13:00:19 --> Security Class Initialized
DEBUG - 2025-05-23 13:00:19 --> Global POST, GET and COOKIE data sanitized
INFO - 2025-05-23 13:00:19 --> Input Class Initialized
INFO - 2025-05-23 13:00:19 --> Language Class Initialized
INFO - 2025-05-23 13:00:19 --> Language Class Initialized
INFO - 2025-05-23 13:00:19 --> Config Class Initialized
INFO - 2025-05-23 13:00:19 --> Loader Class Initialized
INFO - 2025-05-23 13:00:19 --> Helper loaded: url_helper
INFO - 2025-05-23 13:00:19 --> Helper loaded: easyui_helper
INFO - 2025-05-23 13:00:19 --> Helper loaded: param_helper
INFO - 2025-05-23 13:00:19 --> Helper loaded: credential_helper
INFO - 2025-05-23 13:00:19 --> Helper loaded: template_helper
INFO - 2025-05-23 13:00:19 --> Helper loaded: rest_helper
INFO - 2025-05-23 13:00:19 --> Database Driver Class Initialized
DEBUG - 2025-05-23 13:00:19 --> Idgenerator class already loaded. Second attempt ignored.
INFO - 2025-05-23 13:00:19 --> Controller Class Initialized
INFO - 2025-05-23 13:00:19 --> Model Class Initialized
DEBUG - 2025-05-23 13:00:19 --> File loaded: /Library/WebServer/Documents/web-drc/application/modules/ref_sales_salesman/models/Sales_salesman_model.php
INFO - 2025-05-23 13:00:19 --> Model Class Initialized
DEBUG - 2025-05-23 13:00:19 --> File loaded: /Library/WebServer/Documents/web-drc/application/modules/ref_sales_salesman/views/content.php
DEBUG - 2025-05-23 13:00:19 --> File loaded: /Library/WebServer/Documents/web-drc/application/views/templates/header.php
DEBUG - 2025-05-23 13:00:19 --> File loaded: /Library/WebServer/Documents/web-drc/application/views/templates/toolbar.php
DEBUG - 2025-05-23 13:00:19 --> File loaded: /Library/WebServer/Documents/web-drc/application/views/templates/sidebar.php
DEBUG - 2025-05-23 13:00:19 --> File loaded: /Library/WebServer/Documents/web-drc/application/views/templates/contents.php
DEBUG - 2025-05-23 13:00:19 --> File loaded: /Library/WebServer/Documents/web-drc/application/views/templates/content_footer.php
DEBUG - 2025-05-23 13:00:19 --> File loaded: /Library/WebServer/Documents/web-drc/application/views/templates/footer.php
INFO - 2025-05-23 13:00:19 --> Config Class Initialized
INFO - 2025-05-23 13:00:19 --> Hooks Class Initialized
DEBUG - 2025-05-23 13:00:19 --> UTF-8 Support Enabled
INFO - 2025-05-23 13:00:19 --> Utf8 Class Initialized
INFO - 2025-05-23 13:00:19 --> URI Class Initialized
DEBUG - 2025-05-23 13:00:19 --> No URI present. Default controller set.
INFO - 2025-05-23 13:00:19 --> Router Class Initialized
INFO - 2025-05-23 13:00:19 --> Output Class Initialized
INFO - 2025-05-23 13:00:19 --> Security Class Initialized
DEBUG - 2025-05-23 13:00:19 --> Global POST, GET and COOKIE data sanitized
INFO - 2025-05-23 13:00:19 --> Input Class Initialized
INFO - 2025-05-23 13:00:19 --> Language Class Initialized
INFO - 2025-05-23 13:00:19 --> Language Class Initialized
INFO - 2025-05-23 13:00:19 --> Config Class Initialized
INFO - 2025-05-23 13:00:19 --> Loader Class Initialized
INFO - 2025-05-23 13:00:19 --> Helper loaded: url_helper
INFO - 2025-05-23 13:00:19 --> Helper loaded: easyui_helper
INFO - 2025-05-23 13:00:19 --> Helper loaded: param_helper
INFO - 2025-05-23 13:00:19 --> Helper loaded: credential_helper
INFO - 2025-05-23 13:00:19 --> Helper loaded: template_helper
INFO - 2025-05-23 13:00:19 --> Helper loaded: rest_helper
INFO - 2025-05-23 13:00:19 --> Database Driver Class Initialized
DEBUG - 2025-05-23 13:00:19 --> Idgenerator class already loaded. Second attempt ignored.
INFO - 2025-05-23 13:00:19 --> Controller Class Initialized
DEBUG - 2025-05-23 13:00:19 --> File loaded: /Library/WebServer/Documents/web-drc/application/modules/app_auth/views/login_lte_template.php
DEBUG - 2025-05-23 13:00:19 --> File loaded: /Library/WebServer/Documents/web-drc/application/views/template_login_lte/header.php
DEBUG - 2025-05-23 13:00:19 --> File loaded: /Library/WebServer/Documents/web-drc/application/views/template_login_lte/contents.php
DEBUG - 2025-05-23 13:00:19 --> File loaded: /Library/WebServer/Documents/web-drc/application/views/template_login_lte/default.php
INFO - 2025-05-23 13:00:19 --> Final output sent to browser
DEBUG - 2025-05-23 13:00:19 --> Total execution time: 0.0070
INFO - 2025-05-23 13:00:19 --> Config Class Initialized
INFO - 2025-05-23 13:00:19 --> Hooks Class Initialized
DEBUG - 2025-05-23 13:00:19 --> UTF-8 Support Enabled
INFO - 2025-05-23 13:00:19 --> Utf8 Class Initialized
INFO - 2025-05-23 13:00:19 --> URI Class Initialized
INFO - 2025-05-23 13:00:19 --> Router Class Initialized
INFO - 2025-05-23 13:00:19 --> Output Class Initialized
INFO - 2025-05-23 13:00:19 --> Security Class Initialized
DEBUG - 2025-05-23 13:00:19 --> Global POST, GET and COOKIE data sanitized
INFO - 2025-05-23 13:00:19 --> Input Class Initialized
INFO - 2025-05-23 13:00:19 --> Language Class Initialized
ERROR - 2025-05-23 13:00:19 --> 404 Page Not Found: /index
INFO - 2025-05-23 13:00:21 --> Config Class Initialized
INFO - 2025-05-23 13:00:21 --> Hooks Class Initialized
DEBUG - 2025-05-23 13:00:21 --> UTF-8 Support Enabled
INFO - 2025-05-23 13:00:21 --> Utf8 Class Initialized
INFO - 2025-05-23 13:00:21 --> URI Class Initialized
INFO - 2025-05-23 13:00:21 --> Router Class Initialized
INFO - 2025-05-23 13:00:21 --> Output Class Initialized
INFO - 2025-05-23 13:00:21 --> Security Class Initialized
DEBUG - 2025-05-23 13:00:21 --> Global POST, GET and COOKIE data sanitized
INFO - 2025-05-23 13:00:21 --> Input Class Initialized
INFO - 2025-05-23 13:00:21 --> Language Class Initialized
INFO - 2025-05-23 13:00:21 --> Language Class Initialized
INFO - 2025-05-23 13:00:21 --> Config Class Initialized
INFO - 2025-05-23 13:00:21 --> Loader Class Initialized
INFO - 2025-05-23 13:00:21 --> Helper loaded: url_helper
INFO - 2025-05-23 13:00:21 --> Helper loaded: easyui_helper
INFO - 2025-05-23 13:00:21 --> Helper loaded: param_helper
INFO - 2025-05-23 13:00:21 --> Helper loaded: credential_helper
INFO - 2025-05-23 13:00:21 --> Helper loaded: template_helper
INFO - 2025-05-23 13:00:21 --> Helper loaded: rest_helper
INFO - 2025-05-23 13:00:21 --> Database Driver Class Initialized
DEBUG - 2025-05-23 13:00:21 --> Idgenerator class already loaded. Second attempt ignored.
INFO - 2025-05-23 13:00:21 --> Controller Class Initialized
INFO - 2025-05-23 13:00:21 --> Final output sent to browser
DEBUG - 2025-05-23 13:00:21 --> Total execution time: 0.0096
INFO - 2025-05-23 13:00:21 --> Config Class Initialized
INFO - 2025-05-23 13:00:21 --> Hooks Class Initialized
DEBUG - 2025-05-23 13:00:21 --> UTF-8 Support Enabled
INFO - 2025-05-23 13:00:21 --> Utf8 Class Initialized
INFO - 2025-05-23 13:00:21 --> URI Class Initialized
INFO - 2025-05-23 13:00:21 --> Router Class Initialized
INFO - 2025-05-23 13:00:21 --> Output Class Initialized
INFO - 2025-05-23 13:00:21 --> Security Class Initialized
DEBUG - 2025-05-23 13:00:21 --> Global POST, GET and COOKIE data sanitized
INFO - 2025-05-23 13:00:21 --> Input Class Initialized
INFO - 2025-05-23 13:00:21 --> Language Class Initialized
INFO - 2025-05-23 13:00:21 --> Language Class Initialized
INFO - 2025-05-23 13:00:21 --> Config Class Initialized
INFO - 2025-05-23 13:00:21 --> Loader Class Initialized
INFO - 2025-05-23 13:00:21 --> Helper loaded: url_helper
INFO - 2025-05-23 13:00:21 --> Helper loaded: easyui_helper
INFO - 2025-05-23 13:00:21 --> Helper loaded: param_helper
INFO - 2025-05-23 13:00:21 --> Helper loaded: credential_helper
INFO - 2025-05-23 13:00:21 --> Helper loaded: template_helper
INFO - 2025-05-23 13:00:21 --> Helper loaded: rest_helper
INFO - 2025-05-23 13:00:21 --> Database Driver Class Initialized
DEBUG - 2025-05-23 13:00:21 --> Idgenerator class already loaded. Second attempt ignored.
INFO - 2025-05-23 13:00:21 --> Controller Class Initialized
INFO - 2025-05-23 13:00:21 --> Model Class Initialized
DEBUG - 2025-05-23 13:00:21 --> File loaded: /Library/WebServer/Documents/web-drc/application/modules/app_dashboard/models/App_dashboard_model.php
INFO - 2025-05-23 13:00:21 --> Model Class Initialized
DEBUG - 2025-05-23 13:00:21 --> File loaded: /Library/WebServer/Documents/web-drc/application/modules/app_dashboard/views/content.php
DEBUG - 2025-05-23 13:00:21 --> File loaded: /Library/WebServer/Documents/web-drc/application/views/templates/header.php
DEBUG - 2025-05-23 13:00:21 --> File loaded: /Library/WebServer/Documents/web-drc/application/views/templates/toolbar.php
DEBUG - 2025-05-23 13:00:21 --> File loaded: /Library/WebServer/Documents/web-drc/application/views/templates/sidebar.php
DEBUG - 2025-05-23 13:00:21 --> File loaded: /Library/WebServer/Documents/web-drc/application/views/templates/contents.php
DEBUG - 2025-05-23 13:00:21 --> File loaded: /Library/WebServer/Documents/web-drc/application/views/templates/content_footer.php
DEBUG - 2025-05-23 13:00:21 --> File loaded: /Library/WebServer/Documents/web-drc/application/views/templates/footer.php
DEBUG - 2025-05-23 13:00:21 --> File loaded: /Library/WebServer/Documents/web-drc/application/views/templates/default.php
INFO - 2025-05-23 13:00:21 --> Final output sent to browser
DEBUG - 2025-05-23 13:00:21 --> Total execution time: 0.0160
INFO - 2025-05-23 13:00:21 --> Config Class Initialized
INFO - 2025-05-23 13:00:21 --> Hooks Class Initialized
DEBUG - 2025-05-23 13:00:21 --> UTF-8 Support Enabled
INFO - 2025-05-23 13:00:21 --> Utf8 Class Initialized
INFO - 2025-05-23 13:00:21 --> URI Class Initialized
INFO - 2025-05-23 13:00:21 --> Router Class Initialized
INFO - 2025-05-23 13:00:21 --> Output Class Initialized
INFO - 2025-05-23 13:00:21 --> Security Class Initialized
DEBUG - 2025-05-23 13:00:21 --> Global POST, GET and COOKIE data sanitized
INFO - 2025-05-23 13:00:21 --> Input Class Initialized
INFO - 2025-05-23 13:00:21 --> Language Class Initialized
ERROR - 2025-05-23 13:00:21 --> 404 Page Not Found: /index
INFO - 2025-05-23 13:00:21 --> Config Class Initialized
INFO - 2025-05-23 13:00:21 --> Hooks Class Initialized
DEBUG - 2025-05-23 13:00:21 --> UTF-8 Support Enabled
INFO - 2025-05-23 13:00:21 --> Utf8 Class Initialized
INFO - 2025-05-23 13:00:21 --> URI Class Initialized
INFO - 2025-05-23 13:00:21 --> Router Class Initialized
INFO - 2025-05-23 13:00:21 --> Output Class Initialized
INFO - 2025-05-23 13:00:21 --> Security Class Initialized
DEBUG - 2025-05-23 13:00:21 --> Global POST, GET and COOKIE data sanitized
INFO - 2025-05-23 13:00:21 --> Input Class Initialized
INFO - 2025-05-23 13:00:21 --> Language Class Initialized
INFO - 2025-05-23 13:00:21 --> Language Class Initialized
INFO - 2025-05-23 13:00:21 --> Config Class Initialized
INFO - 2025-05-23 13:00:21 --> Loader Class Initialized
INFO - 2025-05-23 13:00:21 --> Helper loaded: url_helper
INFO - 2025-05-23 13:00:21 --> Helper loaded: easyui_helper
INFO - 2025-05-23 13:00:21 --> Helper loaded: param_helper
INFO - 2025-05-23 13:00:21 --> Helper loaded: credential_helper
INFO - 2025-05-23 13:00:21 --> Helper loaded: template_helper
INFO - 2025-05-23 13:00:21 --> Helper loaded: rest_helper
INFO - 2025-05-23 13:00:21 --> Database Driver Class Initialized
DEBUG - 2025-05-23 13:00:21 --> Idgenerator class already loaded. Second attempt ignored.
INFO - 2025-05-23 13:00:21 --> Controller Class Initialized
INFO - 2025-05-23 13:00:21 --> Model Class Initialized
DEBUG - 2025-05-23 13:00:21 --> File loaded: /Library/WebServer/Documents/web-drc/application/modules/app_dashboard/models/App_dashboard_model.php
INFO - 2025-05-23 13:00:21 --> Model Class Initialized
ERROR - 2025-05-23 13:00:21 --> Severity: Warning --> Undefined array key "get_date" /Library/WebServer/Documents/web-drc/application/modules/app_dashboard/models/App_dashboard_model.php 120
INFO - 2025-05-23 13:00:21 --> Final output sent to browser
DEBUG - 2025-05-23 13:00:21 --> Total execution time: 0.0495
INFO - 2025-05-23 13:00:21 --> Config Class Initialized
INFO - 2025-05-23 13:00:21 --> Hooks Class Initialized
DEBUG - 2025-05-23 13:00:21 --> UTF-8 Support Enabled
INFO - 2025-05-23 13:00:21 --> Utf8 Class Initialized
INFO - 2025-05-23 13:00:21 --> URI Class Initialized
INFO - 2025-05-23 13:00:21 --> Router Class Initialized
INFO - 2025-05-23 13:00:21 --> Output Class Initialized
INFO - 2025-05-23 13:00:21 --> Security Class Initialized
DEBUG - 2025-05-23 13:00:21 --> Global POST, GET and COOKIE data sanitized
INFO - 2025-05-23 13:00:21 --> Input Class Initialized
INFO - 2025-05-23 13:00:21 --> Language Class Initialized
INFO - 2025-05-23 13:00:21 --> Language Class Initialized
INFO - 2025-05-23 13:00:21 --> Config Class Initialized
INFO - 2025-05-23 13:00:21 --> Loader Class Initialized
INFO - 2025-05-23 13:00:21 --> Helper loaded: url_helper
INFO - 2025-05-23 13:00:21 --> Helper loaded: easyui_helper
INFO - 2025-05-23 13:00:21 --> Helper loaded: param_helper
INFO - 2025-05-23 13:00:21 --> Helper loaded: credential_helper
INFO - 2025-05-23 13:00:21 --> Helper loaded: template_helper
INFO - 2025-05-23 13:00:21 --> Helper loaded: rest_helper
INFO - 2025-05-23 13:00:21 --> Database Driver Class Initialized
DEBUG - 2025-05-23 13:00:21 --> Idgenerator class already loaded. Second attempt ignored.
INFO - 2025-05-23 13:00:21 --> Controller Class Initialized
INFO - 2025-05-23 13:00:21 --> Model Class Initialized
DEBUG - 2025-05-23 13:00:21 --> File loaded: /Library/WebServer/Documents/web-drc/application/modules/api_v1/models/Api_v1_model.php
INFO - 2025-05-23 13:00:21 --> Model Class Initialized
INFO - 2025-05-23 13:00:21 --> Final output sent to browser
DEBUG - 2025-05-23 13:00:21 --> Total execution time: 0.0094
INFO - 2025-05-23 13:00:24 --> Config Class Initialized
INFO - 2025-05-23 13:00:24 --> Hooks Class Initialized
DEBUG - 2025-05-23 13:00:24 --> UTF-8 Support Enabled
INFO - 2025-05-23 13:00:24 --> Utf8 Class Initialized
INFO - 2025-05-23 13:00:24 --> URI Class Initialized
INFO - 2025-05-23 13:00:24 --> Router Class Initialized
INFO - 2025-05-23 13:00:24 --> Output Class Initialized
INFO - 2025-05-23 13:00:24 --> Security Class Initialized
DEBUG - 2025-05-23 13:00:24 --> Global POST, GET and COOKIE data sanitized
INFO - 2025-05-23 13:00:24 --> Input Class Initialized
INFO - 2025-05-23 13:00:24 --> Language Class Initialized
INFO - 2025-05-23 13:00:24 --> Language Class Initialized
INFO - 2025-05-23 13:00:24 --> Config Class Initialized
INFO - 2025-05-23 13:00:24 --> Loader Class Initialized
INFO - 2025-05-23 13:00:24 --> Helper loaded: url_helper
INFO - 2025-05-23 13:00:24 --> Helper loaded: easyui_helper
INFO - 2025-05-23 13:00:24 --> Helper loaded: param_helper
INFO - 2025-05-23 13:00:24 --> Helper loaded: credential_helper
INFO - 2025-05-23 13:00:24 --> Helper loaded: template_helper
INFO - 2025-05-23 13:00:24 --> Helper loaded: rest_helper
INFO - 2025-05-23 13:00:24 --> Database Driver Class Initialized
DEBUG - 2025-05-23 13:00:24 --> Idgenerator class already loaded. Second attempt ignored.
INFO - 2025-05-23 13:00:24 --> Controller Class Initialized
INFO - 2025-05-23 13:00:24 --> Model Class Initialized
DEBUG - 2025-05-23 13:00:24 --> File loaded: /Library/WebServer/Documents/web-drc/application/modules/ref_sales_salesman/models/Sales_salesman_model.php
INFO - 2025-05-23 13:00:24 --> Model Class Initialized
DEBUG - 2025-05-23 13:00:24 --> File loaded: /Library/WebServer/Documents/web-drc/application/modules/ref_sales_salesman/views/content.php
DEBUG - 2025-05-23 13:00:24 --> File loaded: /Library/WebServer/Documents/web-drc/application/views/templates/header.php
DEBUG - 2025-05-23 13:00:24 --> File loaded: /Library/WebServer/Documents/web-drc/application/views/templates/toolbar.php
DEBUG - 2025-05-23 13:00:24 --> File loaded: /Library/WebServer/Documents/web-drc/application/views/templates/sidebar.php
DEBUG - 2025-05-23 13:00:24 --> File loaded: /Library/WebServer/Documents/web-drc/application/views/templates/contents.php
DEBUG - 2025-05-23 13:00:24 --> File loaded: /Library/WebServer/Documents/web-drc/application/views/templates/content_footer.php
DEBUG - 2025-05-23 13:00:24 --> File loaded: /Library/WebServer/Documents/web-drc/application/views/templates/footer.php
DEBUG - 2025-05-23 13:00:24 --> File loaded: /Library/WebServer/Documents/web-drc/application/views/templates/default.php
INFO - 2025-05-23 13:00:24 --> Final output sent to browser
DEBUG - 2025-05-23 13:00:24 --> Total execution time: 0.0109
INFO - 2025-05-23 13:00:24 --> Config Class Initialized
INFO - 2025-05-23 13:00:24 --> Hooks Class Initialized
DEBUG - 2025-05-23 13:00:24 --> UTF-8 Support Enabled
INFO - 2025-05-23 13:00:24 --> Utf8 Class Initialized
INFO - 2025-05-23 13:00:24 --> URI Class Initialized
INFO - 2025-05-23 13:00:24 --> Router Class Initialized
INFO - 2025-05-23 13:00:24 --> Output Class Initialized
INFO - 2025-05-23 13:00:24 --> Security Class Initialized
DEBUG - 2025-05-23 13:00:24 --> Global POST, GET and COOKIE data sanitized
INFO - 2025-05-23 13:00:24 --> Input Class Initialized
INFO - 2025-05-23 13:00:24 --> Language Class Initialized
ERROR - 2025-05-23 13:00:24 --> 404 Page Not Found: /index
INFO - 2025-05-23 13:00:24 --> Config Class Initialized
INFO - 2025-05-23 13:00:24 --> Hooks Class Initialized
DEBUG - 2025-05-23 13:00:24 --> UTF-8 Support Enabled
INFO - 2025-05-23 13:00:24 --> Utf8 Class Initialized
INFO - 2025-05-23 13:00:24 --> URI Class Initialized
INFO - 2025-05-23 13:00:24 --> Router Class Initialized
INFO - 2025-05-23 13:00:24 --> Output Class Initialized
INFO - 2025-05-23 13:00:24 --> Security Class Initialized
DEBUG - 2025-05-23 13:00:24 --> Global POST, GET and COOKIE data sanitized
INFO - 2025-05-23 13:00:24 --> Input Class Initialized
INFO - 2025-05-23 13:00:24 --> Language Class Initialized
INFO - 2025-05-23 13:00:24 --> Language Class Initialized
INFO - 2025-05-23 13:00:24 --> Config Class Initialized
INFO - 2025-05-23 13:00:24 --> Loader Class Initialized
INFO - 2025-05-23 13:00:24 --> Helper loaded: url_helper
INFO - 2025-05-23 13:00:24 --> Helper loaded: easyui_helper
INFO - 2025-05-23 13:00:24 --> Helper loaded: param_helper
INFO - 2025-05-23 13:00:24 --> Helper loaded: credential_helper
INFO - 2025-05-23 13:00:24 --> Helper loaded: template_helper
INFO - 2025-05-23 13:00:24 --> Helper loaded: rest_helper
INFO - 2025-05-23 13:00:24 --> Database Driver Class Initialized
DEBUG - 2025-05-23 13:00:24 --> Idgenerator class already loaded. Second attempt ignored.
INFO - 2025-05-23 13:00:24 --> Controller Class Initialized
INFO - 2025-05-23 13:00:24 --> Model Class Initialized
DEBUG - 2025-05-23 13:00:24 --> File loaded: /Library/WebServer/Documents/web-drc/application/modules/ref_sales_salesman/models/Sales_salesman_model.php
INFO - 2025-05-23 13:00:24 --> Model Class Initialized
INFO - 2025-05-23 13:00:24 --> Final output sent to browser
DEBUG - 2025-05-23 13:00:24 --> Total execution time: 0.0239
INFO - 2025-05-23 13:00:27 --> Config Class Initialized
INFO - 2025-05-23 13:00:27 --> Hooks Class Initialized
DEBUG - 2025-05-23 13:00:27 --> UTF-8 Support Enabled
INFO - 2025-05-23 13:00:27 --> Utf8 Class Initialized
INFO - 2025-05-23 13:00:27 --> URI Class Initialized
INFO - 2025-05-23 13:00:27 --> Router Class Initialized
INFO - 2025-05-23 13:00:27 --> Output Class Initialized
INFO - 2025-05-23 13:00:27 --> Security Class Initialized
DEBUG - 2025-05-23 13:00:27 --> Global POST, GET and COOKIE data sanitized
INFO - 2025-05-23 13:00:27 --> Input Class Initialized
INFO - 2025-05-23 13:00:27 --> Language Class Initialized
INFO - 2025-05-23 13:00:27 --> Language Class Initialized
INFO - 2025-05-23 13:00:27 --> Config Class Initialized
INFO - 2025-05-23 13:00:27 --> Loader Class Initialized
INFO - 2025-05-23 13:00:27 --> Helper loaded: url_helper
INFO - 2025-05-23 13:00:27 --> Helper loaded: easyui_helper
INFO - 2025-05-23 13:00:27 --> Helper loaded: param_helper
INFO - 2025-05-23 13:00:27 --> Helper loaded: credential_helper
INFO - 2025-05-23 13:00:27 --> Helper loaded: template_helper
INFO - 2025-05-23 13:00:27 --> Helper loaded: rest_helper
INFO - 2025-05-23 13:00:27 --> Database Driver Class Initialized
DEBUG - 2025-05-23 13:00:27 --> Idgenerator class already loaded. Second attempt ignored.
INFO - 2025-05-23 13:00:27 --> Controller Class Initialized
INFO - 2025-05-23 13:00:27 --> Model Class Initialized
DEBUG - 2025-05-23 13:00:27 --> File loaded: /Library/WebServer/Documents/web-drc/application/modules/ref_sales_salesman/models/Sales_salesman_model.php
INFO - 2025-05-23 13:00:27 --> Model Class Initialized
INFO - 2025-05-23 13:00:27 --> Final output sent to browser
DEBUG - 2025-05-23 13:00:27 --> Total execution time: 0.0073
INFO - 2025-05-23 13:05:39 --> Config Class Initialized
INFO - 2025-05-23 13:05:39 --> Hooks Class Initialized
DEBUG - 2025-05-23 13:05:39 --> UTF-8 Support Enabled
INFO - 2025-05-23 13:05:39 --> Utf8 Class Initialized
INFO - 2025-05-23 13:05:39 --> URI Class Initialized
INFO - 2025-05-23 13:05:39 --> Router Class Initialized
INFO - 2025-05-23 13:05:39 --> Output Class Initialized
INFO - 2025-05-23 13:05:39 --> Security Class Initialized
DEBUG - 2025-05-23 13:05:39 --> Global POST, GET and COOKIE data sanitized
INFO - 2025-05-23 13:05:39 --> Input Class Initialized
INFO - 2025-05-23 13:05:39 --> Language Class Initialized
INFO - 2025-05-23 13:05:39 --> Language Class Initialized
INFO - 2025-05-23 13:05:39 --> Config Class Initialized
INFO - 2025-05-23 13:05:39 --> Loader Class Initialized
INFO - 2025-05-23 13:05:39 --> Helper loaded: url_helper
INFO - 2025-05-23 13:05:39 --> Helper loaded: easyui_helper
INFO - 2025-05-23 13:05:39 --> Helper loaded: param_helper
INFO - 2025-05-23 13:05:39 --> Helper loaded: credential_helper
INFO - 2025-05-23 13:05:39 --> Helper loaded: template_helper
INFO - 2025-05-23 13:05:39 --> Helper loaded: rest_helper
INFO - 2025-05-23 13:05:39 --> Database Driver Class Initialized
DEBUG - 2025-05-23 13:05:39 --> Idgenerator class already loaded. Second attempt ignored.
INFO - 2025-05-23 13:05:39 --> Controller Class Initialized
INFO - 2025-05-23 13:05:39 --> Model Class Initialized
DEBUG - 2025-05-23 13:05:39 --> File loaded: /Library/WebServer/Documents/web-drc/application/modules/ref_customer/models/Customer_model.php
INFO - 2025-05-23 13:05:39 --> Model Class Initialized
DEBUG - 2025-05-23 13:05:39 --> File loaded: /Library/WebServer/Documents/web-drc/application/modules/ref_customer/views/content.php
DEBUG - 2025-05-23 13:05:39 --> File loaded: /Library/WebServer/Documents/web-drc/application/views/templates/header.php
DEBUG - 2025-05-23 13:05:39 --> File loaded: /Library/WebServer/Documents/web-drc/application/views/templates/toolbar.php
DEBUG - 2025-05-23 13:05:39 --> File loaded: /Library/WebServer/Documents/web-drc/application/views/templates/sidebar.php
DEBUG - 2025-05-23 13:05:39 --> File loaded: /Library/WebServer/Documents/web-drc/application/views/templates/contents.php
DEBUG - 2025-05-23 13:05:39 --> File loaded: /Library/WebServer/Documents/web-drc/application/views/templates/content_footer.php
DEBUG - 2025-05-23 13:05:39 --> File loaded: /Library/WebServer/Documents/web-drc/application/views/templates/footer.php
DEBUG - 2025-05-23 13:05:39 --> File loaded: /Library/WebServer/Documents/web-drc/application/views/templates/default.php
INFO - 2025-05-23 13:05:39 --> Final output sent to browser
DEBUG - 2025-05-23 13:05:39 --> Total execution time: 0.0193
INFO - 2025-05-23 13:05:39 --> Config Class Initialized
INFO - 2025-05-23 13:05:39 --> Hooks Class Initialized
DEBUG - 2025-05-23 13:05:39 --> UTF-8 Support Enabled
INFO - 2025-05-23 13:05:39 --> Utf8 Class Initialized
INFO - 2025-05-23 13:05:39 --> URI Class Initialized
INFO - 2025-05-23 13:05:39 --> Router Class Initialized
INFO - 2025-05-23 13:05:39 --> Output Class Initialized
INFO - 2025-05-23 13:05:39 --> Security Class Initialized
DEBUG - 2025-05-23 13:05:39 --> Global POST, GET and COOKIE data sanitized
INFO - 2025-05-23 13:05:39 --> Input Class Initialized
INFO - 2025-05-23 13:05:39 --> Language Class Initialized
ERROR - 2025-05-23 13:05:39 --> 404 Page Not Found: /index
INFO - 2025-05-23 13:05:39 --> Config Class Initialized
INFO - 2025-05-23 13:05:39 --> Hooks Class Initialized
DEBUG - 2025-05-23 13:05:39 --> UTF-8 Support Enabled
INFO - 2025-05-23 13:05:39 --> Utf8 Class Initialized
INFO - 2025-05-23 13:05:39 --> URI Class Initialized
INFO - 2025-05-23 13:05:39 --> Router Class Initialized
INFO - 2025-05-23 13:05:39 --> Output Class Initialized
INFO - 2025-05-23 13:05:39 --> Security Class Initialized
DEBUG - 2025-05-23 13:05:39 --> Global POST, GET and COOKIE data sanitized
INFO - 2025-05-23 13:05:39 --> Input Class Initialized
INFO - 2025-05-23 13:05:39 --> Language Class Initialized
INFO - 2025-05-23 13:05:39 --> Language Class Initialized
INFO - 2025-05-23 13:05:39 --> Config Class Initialized
INFO - 2025-05-23 13:05:39 --> Loader Class Initialized
INFO - 2025-05-23 13:05:39 --> Helper loaded: url_helper
INFO - 2025-05-23 13:05:39 --> Helper loaded: easyui_helper
INFO - 2025-05-23 13:05:39 --> Helper loaded: param_helper
INFO - 2025-05-23 13:05:39 --> Helper loaded: credential_helper
INFO - 2025-05-23 13:05:39 --> Helper loaded: template_helper
INFO - 2025-05-23 13:05:39 --> Helper loaded: rest_helper
INFO - 2025-05-23 13:05:39 --> Database Driver Class Initialized
DEBUG - 2025-05-23 13:05:39 --> Idgenerator class already loaded. Second attempt ignored.
INFO - 2025-05-23 13:05:39 --> Controller Class Initialized
INFO - 2025-05-23 13:05:39 --> Model Class Initialized
DEBUG - 2025-05-23 13:05:39 --> File loaded: /Library/WebServer/Documents/web-drc/application/modules/ref_customer/models/Customer_model.php
INFO - 2025-05-23 13:05:39 --> Model Class Initialized
INFO - 2025-05-23 13:06:45 --> Final output sent to browser
DEBUG - 2025-05-23 13:06:45 --> Total execution time: 66.0909
INFO - 2025-05-23 15:53:05 --> Config Class Initialized
INFO - 2025-05-23 15:53:05 --> Hooks Class Initialized
DEBUG - 2025-05-23 15:53:05 --> UTF-8 Support Enabled
INFO - 2025-05-23 15:53:05 --> Utf8 Class Initialized
INFO - 2025-05-23 15:53:05 --> URI Class Initialized
INFO - 2025-05-23 15:53:05 --> Router Class Initialized
INFO - 2025-05-23 15:53:05 --> Output Class Initialized
INFO - 2025-05-23 15:53:05 --> Security Class Initialized
DEBUG - 2025-05-23 15:53:05 --> Global POST, GET and COOKIE data sanitized
INFO - 2025-05-23 15:53:05 --> Input Class Initialized
INFO - 2025-05-23 15:53:05 --> Language Class Initialized
INFO - 2025-05-23 15:53:05 --> Language Class Initialized
INFO - 2025-05-23 15:53:05 --> Config Class Initialized
INFO - 2025-05-23 15:53:05 --> Loader Class Initialized
INFO - 2025-05-23 15:53:05 --> Helper loaded: url_helper
INFO - 2025-05-23 15:53:05 --> Helper loaded: easyui_helper
INFO - 2025-05-23 15:53:05 --> Helper loaded: param_helper
INFO - 2025-05-23 15:53:05 --> Helper loaded: credential_helper
INFO - 2025-05-23 15:53:05 --> Helper loaded: template_helper
INFO - 2025-05-23 15:53:05 --> Helper loaded: rest_helper
INFO - 2025-05-23 15:53:05 --> Database Driver Class Initialized
DEBUG - 2025-05-23 15:53:05 --> Idgenerator class already loaded. Second attempt ignored.
INFO - 2025-05-23 15:53:05 --> Controller Class Initialized
INFO - 2025-05-23 15:53:05 --> Model Class Initialized
DEBUG - 2025-05-23 15:53:05 --> File loaded: /Library/WebServer/Documents/web-drc/application/modules/ref_customer/models/Customer_model.php
INFO - 2025-05-23 15:53:05 --> Model Class Initialized
INFO - 2025-05-23 15:53:05 --> Final output sent to browser
DEBUG - 2025-05-23 15:53:05 --> Total execution time: 0.2136
INFO - 2025-05-23 15:53:15 --> Config Class Initialized
INFO - 2025-05-23 15:53:15 --> Hooks Class Initialized
DEBUG - 2025-05-23 15:53:15 --> UTF-8 Support Enabled
INFO - 2025-05-23 15:53:15 --> Utf8 Class Initialized
INFO - 2025-05-23 15:53:15 --> URI Class Initialized
INFO - 2025-05-23 15:53:15 --> Router Class Initialized
INFO - 2025-05-23 15:53:15 --> Output Class Initialized
INFO - 2025-05-23 15:53:15 --> Security Class Initialized
DEBUG - 2025-05-23 15:53:15 --> Global POST, GET and COOKIE data sanitized
INFO - 2025-05-23 15:53:15 --> Input Class Initialized
INFO - 2025-05-23 15:53:15 --> Language Class Initialized
INFO - 2025-05-23 15:53:15 --> Language Class Initialized
INFO - 2025-05-23 15:53:15 --> Config Class Initialized
INFO - 2025-05-23 15:53:15 --> Loader Class Initialized
INFO - 2025-05-23 15:53:15 --> Helper loaded: url_helper
INFO - 2025-05-23 15:53:15 --> Helper loaded: easyui_helper
INFO - 2025-05-23 15:53:15 --> Helper loaded: param_helper
INFO - 2025-05-23 15:53:15 --> Helper loaded: credential_helper
INFO - 2025-05-23 15:53:15 --> Helper loaded: template_helper
INFO - 2025-05-23 15:53:15 --> Helper loaded: rest_helper
INFO - 2025-05-23 15:53:15 --> Database Driver Class Initialized
DEBUG - 2025-05-23 15:53:15 --> Idgenerator class already loaded. Second attempt ignored.
INFO - 2025-05-23 15:53:15 --> Controller Class Initialized
INFO - 2025-05-23 15:53:15 --> Model Class Initialized
DEBUG - 2025-05-23 15:53:15 --> File loaded: /Library/WebServer/Documents/web-drc/application/modules/ref_customer/models/Customer_model.php
INFO - 2025-05-23 15:53:15 --> Model Class Initialized
INFO - 2025-05-23 15:53:21 --> Final output sent to browser
DEBUG - 2025-05-23 15:53:21 --> Total execution time: 6.1039
INFO - 2025-05-23 17:06:54 --> Config Class Initialized
INFO - 2025-05-23 17:06:54 --> Hooks Class Initialized
DEBUG - 2025-05-23 17:06:54 --> UTF-8 Support Enabled
INFO - 2025-05-23 17:06:54 --> Utf8 Class Initialized
INFO - 2025-05-23 17:06:54 --> URI Class Initialized
INFO - 2025-05-23 17:06:54 --> Router Class Initialized
INFO - 2025-05-23 17:06:54 --> Output Class Initialized
INFO - 2025-05-23 17:06:54 --> Security Class Initialized
DEBUG - 2025-05-23 17:06:54 --> Global POST, GET and COOKIE data sanitized
INFO - 2025-05-23 17:06:54 --> Input Class Initialized
INFO - 2025-05-23 17:06:54 --> Language Class Initialized
INFO - 2025-05-23 17:06:54 --> Language Class Initialized
INFO - 2025-05-23 17:06:54 --> Config Class Initialized
INFO - 2025-05-23 17:06:54 --> Loader Class Initialized
INFO - 2025-05-23 17:06:54 --> Helper loaded: url_helper
INFO - 2025-05-23 17:06:54 --> Helper loaded: easyui_helper
INFO - 2025-05-23 17:06:54 --> Helper loaded: param_helper
INFO - 2025-05-23 17:06:54 --> Helper loaded: credential_helper
INFO - 2025-05-23 17:06:54 --> Helper loaded: template_helper
INFO - 2025-05-23 17:06:54 --> Helper loaded: rest_helper
INFO - 2025-05-23 17:06:54 --> Database Driver Class Initialized
DEBUG - 2025-05-23 17:06:54 --> Idgenerator class already loaded. Second attempt ignored.
INFO - 2025-05-23 17:06:54 --> Controller Class Initialized
INFO - 2025-05-23 17:06:54 --> Model Class Initialized
DEBUG - 2025-05-23 17:06:54 --> File loaded: /Library/WebServer/Documents/web-drc/application/modules/ref_customer/models/Customer_model.php
INFO - 2025-05-23 17:06:54 --> Model Class Initialized
DEBUG - 2025-05-23 17:06:54 --> File loaded: /Library/WebServer/Documents/web-drc/application/modules/ref_customer/views/content.php
DEBUG - 2025-05-23 17:06:54 --> File loaded: /Library/WebServer/Documents/web-drc/application/views/templates/header.php
DEBUG - 2025-05-23 17:06:54 --> File loaded: /Library/WebServer/Documents/web-drc/application/views/templates/toolbar.php
DEBUG - 2025-05-23 17:06:54 --> File loaded: /Library/WebServer/Documents/web-drc/application/views/templates/sidebar.php
DEBUG - 2025-05-23 17:06:54 --> File loaded: /Library/WebServer/Documents/web-drc/application/views/templates/contents.php
DEBUG - 2025-05-23 17:06:54 --> File loaded: /Library/WebServer/Documents/web-drc/application/views/templates/content_footer.php
DEBUG - 2025-05-23 17:06:54 --> File loaded: /Library/WebServer/Documents/web-drc/application/views/templates/footer.php
INFO - 2025-05-23 17:06:54 --> Config Class Initialized
INFO - 2025-05-23 17:06:54 --> Hooks Class Initialized
DEBUG - 2025-05-23 17:06:54 --> UTF-8 Support Enabled
INFO - 2025-05-23 17:06:54 --> Utf8 Class Initialized
INFO - 2025-05-23 17:06:54 --> URI Class Initialized
DEBUG - 2025-05-23 17:06:54 --> No URI present. Default controller set.
INFO - 2025-05-23 17:06:54 --> Router Class Initialized
INFO - 2025-05-23 17:06:54 --> Output Class Initialized
INFO - 2025-05-23 17:06:54 --> Security Class Initialized
DEBUG - 2025-05-23 17:06:54 --> Global POST, GET and COOKIE data sanitized
INFO - 2025-05-23 17:06:54 --> Input Class Initialized
INFO - 2025-05-23 17:06:54 --> Language Class Initialized
INFO - 2025-05-23 17:06:54 --> Language Class Initialized
INFO - 2025-05-23 17:06:54 --> Config Class Initialized
INFO - 2025-05-23 17:06:54 --> Loader Class Initialized
INFO - 2025-05-23 17:06:54 --> Helper loaded: url_helper
INFO - 2025-05-23 17:06:54 --> Helper loaded: easyui_helper
INFO - 2025-05-23 17:06:54 --> Helper loaded: param_helper
INFO - 2025-05-23 17:06:54 --> Helper loaded: credential_helper
INFO - 2025-05-23 17:06:54 --> Helper loaded: template_helper
INFO - 2025-05-23 17:06:54 --> Helper loaded: rest_helper
INFO - 2025-05-23 17:06:54 --> Database Driver Class Initialized
DEBUG - 2025-05-23 17:06:54 --> Idgenerator class already loaded. Second attempt ignored.
INFO - 2025-05-23 17:06:54 --> Controller Class Initialized
DEBUG - 2025-05-23 17:06:54 --> File loaded: /Library/WebServer/Documents/web-drc/application/modules/app_auth/views/login_lte_template.php
DEBUG - 2025-05-23 17:06:54 --> File loaded: /Library/WebServer/Documents/web-drc/application/views/template_login_lte/header.php
DEBUG - 2025-05-23 17:06:54 --> File loaded: /Library/WebServer/Documents/web-drc/application/views/template_login_lte/contents.php
DEBUG - 2025-05-23 17:06:54 --> File loaded: /Library/WebServer/Documents/web-drc/application/views/template_login_lte/default.php
INFO - 2025-05-23 17:06:54 --> Final output sent to browser
DEBUG - 2025-05-23 17:06:54 --> Total execution time: 0.0053
INFO - 2025-05-23 17:06:55 --> Config Class Initialized
INFO - 2025-05-23 17:06:55 --> Hooks Class Initialized
DEBUG - 2025-05-23 17:06:55 --> UTF-8 Support Enabled
INFO - 2025-05-23 17:06:55 --> Utf8 Class Initialized
INFO - 2025-05-23 17:06:55 --> URI Class Initialized
INFO - 2025-05-23 17:06:55 --> Router Class Initialized
INFO - 2025-05-23 17:06:55 --> Output Class Initialized
INFO - 2025-05-23 17:06:55 --> Security Class Initialized
DEBUG - 2025-05-23 17:06:55 --> Global POST, GET and COOKIE data sanitized
INFO - 2025-05-23 17:06:55 --> Input Class Initialized
INFO - 2025-05-23 17:06:55 --> Language Class Initialized
ERROR - 2025-05-23 17:06:55 --> 404 Page Not Found: /index
INFO - 2025-05-23 17:06:56 --> Config Class Initialized
INFO - 2025-05-23 17:06:56 --> Hooks Class Initialized
DEBUG - 2025-05-23 17:06:56 --> UTF-8 Support Enabled
INFO - 2025-05-23 17:06:56 --> Utf8 Class Initialized
INFO - 2025-05-23 17:06:56 --> URI Class Initialized
INFO - 2025-05-23 17:06:56 --> Router Class Initialized
INFO - 2025-05-23 17:06:56 --> Output Class Initialized
INFO - 2025-05-23 17:06:56 --> Security Class Initialized
DEBUG - 2025-05-23 17:06:56 --> Global POST, GET and COOKIE data sanitized
INFO - 2025-05-23 17:06:56 --> Input Class Initialized
INFO - 2025-05-23 17:06:56 --> Language Class Initialized
INFO - 2025-05-23 17:06:56 --> Language Class Initialized
INFO - 2025-05-23 17:06:56 --> Config Class Initialized
INFO - 2025-05-23 17:06:56 --> Loader Class Initialized
INFO - 2025-05-23 17:06:56 --> Helper loaded: url_helper
INFO - 2025-05-23 17:06:56 --> Helper loaded: easyui_helper
INFO - 2025-05-23 17:06:56 --> Helper loaded: param_helper
INFO - 2025-05-23 17:06:56 --> Helper loaded: credential_helper
INFO - 2025-05-23 17:06:56 --> Helper loaded: template_helper
INFO - 2025-05-23 17:06:56 --> Helper loaded: rest_helper
INFO - 2025-05-23 17:06:56 --> Database Driver Class Initialized
DEBUG - 2025-05-23 17:06:56 --> Idgenerator class already loaded. Second attempt ignored.
INFO - 2025-05-23 17:06:56 --> Controller Class Initialized
INFO - 2025-05-23 17:06:56 --> Final output sent to browser
DEBUG - 2025-05-23 17:06:56 --> Total execution time: 0.0150
INFO - 2025-05-23 17:06:56 --> Config Class Initialized
INFO - 2025-05-23 17:06:56 --> Hooks Class Initialized
DEBUG - 2025-05-23 17:06:56 --> UTF-8 Support Enabled
INFO - 2025-05-23 17:06:56 --> Utf8 Class Initialized
INFO - 2025-05-23 17:06:56 --> URI Class Initialized
INFO - 2025-05-23 17:06:56 --> Router Class Initialized
INFO - 2025-05-23 17:06:56 --> Output Class Initialized
INFO - 2025-05-23 17:06:56 --> Security Class Initialized
DEBUG - 2025-05-23 17:06:56 --> Global POST, GET and COOKIE data sanitized
INFO - 2025-05-23 17:06:56 --> Input Class Initialized
INFO - 2025-05-23 17:06:56 --> Language Class Initialized
INFO - 2025-05-23 17:06:56 --> Language Class Initialized
INFO - 2025-05-23 17:06:56 --> Config Class Initialized
INFO - 2025-05-23 17:06:56 --> Loader Class Initialized
INFO - 2025-05-23 17:06:56 --> Helper loaded: url_helper
INFO - 2025-05-23 17:06:56 --> Helper loaded: easyui_helper
INFO - 2025-05-23 17:06:56 --> Helper loaded: param_helper
INFO - 2025-05-23 17:06:56 --> Helper loaded: credential_helper
INFO - 2025-05-23 17:06:56 --> Helper loaded: template_helper
INFO - 2025-05-23 17:06:56 --> Helper loaded: rest_helper
INFO - 2025-05-23 17:06:56 --> Database Driver Class Initialized
DEBUG - 2025-05-23 17:06:56 --> Idgenerator class already loaded. Second attempt ignored.
INFO - 2025-05-23 17:06:56 --> Controller Class Initialized
INFO - 2025-05-23 17:06:56 --> Model Class Initialized
DEBUG - 2025-05-23 17:06:56 --> File loaded: /Library/WebServer/Documents/web-drc/application/modules/app_dashboard/models/App_dashboard_model.php
INFO - 2025-05-23 17:06:56 --> Model Class Initialized
DEBUG - 2025-05-23 17:06:56 --> File loaded: /Library/WebServer/Documents/web-drc/application/modules/app_dashboard/views/content.php
DEBUG - 2025-05-23 17:06:56 --> File loaded: /Library/WebServer/Documents/web-drc/application/views/templates/header.php
DEBUG - 2025-05-23 17:06:56 --> File loaded: /Library/WebServer/Documents/web-drc/application/views/templates/toolbar.php
DEBUG - 2025-05-23 17:06:56 --> File loaded: /Library/WebServer/Documents/web-drc/application/views/templates/sidebar.php
DEBUG - 2025-05-23 17:06:56 --> File loaded: /Library/WebServer/Documents/web-drc/application/views/templates/contents.php
DEBUG - 2025-05-23 17:06:56 --> File loaded: /Library/WebServer/Documents/web-drc/application/views/templates/content_footer.php
DEBUG - 2025-05-23 17:06:56 --> File loaded: /Library/WebServer/Documents/web-drc/application/views/templates/footer.php
DEBUG - 2025-05-23 17:06:56 --> File loaded: /Library/WebServer/Documents/web-drc/application/views/templates/default.php
INFO - 2025-05-23 17:06:56 --> Final output sent to browser
DEBUG - 2025-05-23 17:06:56 --> Total execution time: 0.0116
INFO - 2025-05-23 17:06:57 --> Config Class Initialized
INFO - 2025-05-23 17:06:57 --> Hooks Class Initialized
DEBUG - 2025-05-23 17:06:57 --> UTF-8 Support Enabled
INFO - 2025-05-23 17:06:57 --> Utf8 Class Initialized
INFO - 2025-05-23 17:06:57 --> URI Class Initialized
INFO - 2025-05-23 17:06:57 --> Router Class Initialized
INFO - 2025-05-23 17:06:57 --> Output Class Initialized
INFO - 2025-05-23 17:06:57 --> Security Class Initialized
DEBUG - 2025-05-23 17:06:57 --> Global POST, GET and COOKIE data sanitized
INFO - 2025-05-23 17:06:57 --> Input Class Initialized
INFO - 2025-05-23 17:06:57 --> Language Class Initialized
ERROR - 2025-05-23 17:06:57 --> 404 Page Not Found: /index
INFO - 2025-05-23 17:06:57 --> Config Class Initialized
INFO - 2025-05-23 17:06:57 --> Hooks Class Initialized
DEBUG - 2025-05-23 17:06:57 --> UTF-8 Support Enabled
INFO - 2025-05-23 17:06:57 --> Utf8 Class Initialized
INFO - 2025-05-23 17:06:57 --> URI Class Initialized
INFO - 2025-05-23 17:06:57 --> Router Class Initialized
INFO - 2025-05-23 17:06:57 --> Output Class Initialized
INFO - 2025-05-23 17:06:57 --> Security Class Initialized
DEBUG - 2025-05-23 17:06:57 --> Global POST, GET and COOKIE data sanitized
INFO - 2025-05-23 17:06:57 --> Input Class Initialized
INFO - 2025-05-23 17:06:57 --> Language Class Initialized
INFO - 2025-05-23 17:06:57 --> Language Class Initialized
INFO - 2025-05-23 17:06:57 --> Config Class Initialized
INFO - 2025-05-23 17:06:57 --> Loader Class Initialized
INFO - 2025-05-23 17:06:57 --> Helper loaded: url_helper
INFO - 2025-05-23 17:06:57 --> Helper loaded: easyui_helper
INFO - 2025-05-23 17:06:57 --> Helper loaded: param_helper
INFO - 2025-05-23 17:06:57 --> Helper loaded: credential_helper
INFO - 2025-05-23 17:06:57 --> Helper loaded: template_helper
INFO - 2025-05-23 17:06:57 --> Helper loaded: rest_helper
INFO - 2025-05-23 17:06:57 --> Database Driver Class Initialized
DEBUG - 2025-05-23 17:06:57 --> Idgenerator class already loaded. Second attempt ignored.
INFO - 2025-05-23 17:06:57 --> Controller Class Initialized
INFO - 2025-05-23 17:06:57 --> Model Class Initialized
DEBUG - 2025-05-23 17:06:57 --> File loaded: /Library/WebServer/Documents/web-drc/application/modules/app_dashboard/models/App_dashboard_model.php
INFO - 2025-05-23 17:06:57 --> Model Class Initialized
ERROR - 2025-05-23 17:06:57 --> Severity: Warning --> Undefined array key "get_date" /Library/WebServer/Documents/web-drc/application/modules/app_dashboard/models/App_dashboard_model.php 120
INFO - 2025-05-23 17:06:57 --> Final output sent to browser
DEBUG - 2025-05-23 17:06:57 --> Total execution time: 0.0552
INFO - 2025-05-23 17:06:57 --> Config Class Initialized
INFO - 2025-05-23 17:06:57 --> Hooks Class Initialized
DEBUG - 2025-05-23 17:06:57 --> UTF-8 Support Enabled
INFO - 2025-05-23 17:06:57 --> Utf8 Class Initialized
INFO - 2025-05-23 17:06:57 --> URI Class Initialized
INFO - 2025-05-23 17:06:57 --> Router Class Initialized
INFO - 2025-05-23 17:06:57 --> Output Class Initialized
INFO - 2025-05-23 17:06:57 --> Security Class Initialized
DEBUG - 2025-05-23 17:06:57 --> Global POST, GET and COOKIE data sanitized
INFO - 2025-05-23 17:06:57 --> Input Class Initialized
INFO - 2025-05-23 17:06:57 --> Language Class Initialized
INFO - 2025-05-23 17:06:57 --> Language Class Initialized
INFO - 2025-05-23 17:06:57 --> Config Class Initialized
INFO - 2025-05-23 17:06:57 --> Loader Class Initialized
INFO - 2025-05-23 17:06:57 --> Helper loaded: url_helper
INFO - 2025-05-23 17:06:57 --> Helper loaded: easyui_helper
INFO - 2025-05-23 17:06:57 --> Helper loaded: param_helper
INFO - 2025-05-23 17:06:57 --> Helper loaded: credential_helper
INFO - 2025-05-23 17:06:57 --> Helper loaded: template_helper
INFO - 2025-05-23 17:06:57 --> Helper loaded: rest_helper
INFO - 2025-05-23 17:06:57 --> Database Driver Class Initialized
DEBUG - 2025-05-23 17:06:57 --> Idgenerator class already loaded. Second attempt ignored.
INFO - 2025-05-23 17:06:57 --> Controller Class Initialized
INFO - 2025-05-23 17:06:57 --> Model Class Initialized
DEBUG - 2025-05-23 17:06:57 --> File loaded: /Library/WebServer/Documents/web-drc/application/modules/api_v1/models/Api_v1_model.php
INFO - 2025-05-23 17:06:57 --> Model Class Initialized
INFO - 2025-05-23 17:06:57 --> Final output sent to browser
DEBUG - 2025-05-23 17:06:57 --> Total execution time: 0.0046
INFO - 2025-05-23 17:07:00 --> Config Class Initialized
INFO - 2025-05-23 17:07:00 --> Hooks Class Initialized
DEBUG - 2025-05-23 17:07:00 --> UTF-8 Support Enabled
INFO - 2025-05-23 17:07:00 --> Utf8 Class Initialized
INFO - 2025-05-23 17:07:00 --> URI Class Initialized
INFO - 2025-05-23 17:07:00 --> Router Class Initialized
INFO - 2025-05-23 17:07:00 --> Output Class Initialized
INFO - 2025-05-23 17:07:00 --> Security Class Initialized
DEBUG - 2025-05-23 17:07:00 --> Global POST, GET and COOKIE data sanitized
INFO - 2025-05-23 17:07:00 --> Input Class Initialized
INFO - 2025-05-23 17:07:00 --> Language Class Initialized
INFO - 2025-05-23 17:07:00 --> Language Class Initialized
INFO - 2025-05-23 17:07:00 --> Config Class Initialized
INFO - 2025-05-23 17:07:00 --> Loader Class Initialized
INFO - 2025-05-23 17:07:00 --> Helper loaded: url_helper
INFO - 2025-05-23 17:07:00 --> Helper loaded: easyui_helper
INFO - 2025-05-23 17:07:00 --> Helper loaded: param_helper
INFO - 2025-05-23 17:07:00 --> Helper loaded: credential_helper
INFO - 2025-05-23 17:07:00 --> Helper loaded: template_helper
INFO - 2025-05-23 17:07:00 --> Helper loaded: rest_helper
INFO - 2025-05-23 17:07:00 --> Database Driver Class Initialized
DEBUG - 2025-05-23 17:07:00 --> Idgenerator class already loaded. Second attempt ignored.
INFO - 2025-05-23 17:07:00 --> Controller Class Initialized
INFO - 2025-05-23 17:07:00 --> Model Class Initialized
DEBUG - 2025-05-23 17:07:00 --> File loaded: /Library/WebServer/Documents/web-drc/application/modules/ref_customer/models/Customer_model.php
INFO - 2025-05-23 17:07:00 --> Model Class Initialized
DEBUG - 2025-05-23 17:07:00 --> File loaded: /Library/WebServer/Documents/web-drc/application/modules/ref_customer/views/content.php
DEBUG - 2025-05-23 17:07:00 --> File loaded: /Library/WebServer/Documents/web-drc/application/views/templates/header.php
DEBUG - 2025-05-23 17:07:00 --> File loaded: /Library/WebServer/Documents/web-drc/application/views/templates/toolbar.php
DEBUG - 2025-05-23 17:07:00 --> File loaded: /Library/WebServer/Documents/web-drc/application/views/templates/sidebar.php
DEBUG - 2025-05-23 17:07:00 --> File loaded: /Library/WebServer/Documents/web-drc/application/views/templates/contents.php
DEBUG - 2025-05-23 17:07:00 --> File loaded: /Library/WebServer/Documents/web-drc/application/views/templates/content_footer.php
DEBUG - 2025-05-23 17:07:00 --> File loaded: /Library/WebServer/Documents/web-drc/application/views/templates/footer.php
DEBUG - 2025-05-23 17:07:00 --> File loaded: /Library/WebServer/Documents/web-drc/application/views/templates/default.php
INFO - 2025-05-23 17:07:00 --> Final output sent to browser
DEBUG - 2025-05-23 17:07:00 --> Total execution time: 0.0169
INFO - 2025-05-23 17:07:00 --> Config Class Initialized
INFO - 2025-05-23 17:07:00 --> Hooks Class Initialized
DEBUG - 2025-05-23 17:07:00 --> UTF-8 Support Enabled
INFO - 2025-05-23 17:07:00 --> Utf8 Class Initialized
INFO - 2025-05-23 17:07:00 --> URI Class Initialized
INFO - 2025-05-23 17:07:00 --> Router Class Initialized
INFO - 2025-05-23 17:07:00 --> Output Class Initialized
INFO - 2025-05-23 17:07:00 --> Security Class Initialized
DEBUG - 2025-05-23 17:07:00 --> Global POST, GET and COOKIE data sanitized
INFO - 2025-05-23 17:07:00 --> Input Class Initialized
INFO - 2025-05-23 17:07:00 --> Language Class Initialized
ERROR - 2025-05-23 17:07:00 --> 404 Page Not Found: /index
INFO - 2025-05-23 17:07:00 --> Config Class Initialized
INFO - 2025-05-23 17:07:00 --> Hooks Class Initialized
DEBUG - 2025-05-23 17:07:00 --> UTF-8 Support Enabled
INFO - 2025-05-23 17:07:00 --> Utf8 Class Initialized
INFO - 2025-05-23 17:07:00 --> URI Class Initialized
INFO - 2025-05-23 17:07:00 --> Router Class Initialized
INFO - 2025-05-23 17:07:00 --> Output Class Initialized
INFO - 2025-05-23 17:07:00 --> Security Class Initialized
DEBUG - 2025-05-23 17:07:00 --> Global POST, GET and COOKIE data sanitized
INFO - 2025-05-23 17:07:00 --> Input Class Initialized
INFO - 2025-05-23 17:07:00 --> Language Class Initialized
INFO - 2025-05-23 17:07:00 --> Language Class Initialized
INFO - 2025-05-23 17:07:00 --> Config Class Initialized
INFO - 2025-05-23 17:07:00 --> Loader Class Initialized
INFO - 2025-05-23 17:07:00 --> Helper loaded: url_helper
INFO - 2025-05-23 17:07:00 --> Helper loaded: easyui_helper
INFO - 2025-05-23 17:07:00 --> Helper loaded: param_helper
INFO - 2025-05-23 17:07:00 --> Helper loaded: credential_helper
INFO - 2025-05-23 17:07:00 --> Helper loaded: template_helper
INFO - 2025-05-23 17:07:00 --> Helper loaded: rest_helper
INFO - 2025-05-23 17:07:00 --> Database Driver Class Initialized
DEBUG - 2025-05-23 17:07:00 --> Idgenerator class already loaded. Second attempt ignored.
INFO - 2025-05-23 17:07:00 --> Controller Class Initialized
INFO - 2025-05-23 17:07:00 --> Model Class Initialized
DEBUG - 2025-05-23 17:07:00 --> File loaded: /Library/WebServer/Documents/web-drc/application/modules/ref_customer/models/Customer_model.php
INFO - 2025-05-23 17:07:00 --> Model Class Initialized
INFO - 2025-05-23 17:07:06 --> Final output sent to browser
DEBUG - 2025-05-23 17:07:06 --> Total execution time: 6.0620
INFO - 2025-05-23 17:08:36 --> Config Class Initialized
INFO - 2025-05-23 17:08:36 --> Hooks Class Initialized
DEBUG - 2025-05-23 17:08:36 --> UTF-8 Support Enabled
INFO - 2025-05-23 17:08:36 --> Utf8 Class Initialized
INFO - 2025-05-23 17:08:36 --> URI Class Initialized
INFO - 2025-05-23 17:08:36 --> Router Class Initialized
INFO - 2025-05-23 17:08:36 --> Output Class Initialized
INFO - 2025-05-23 17:08:36 --> Security Class Initialized
DEBUG - 2025-05-23 17:08:36 --> Global POST, GET and COOKIE data sanitized
INFO - 2025-05-23 17:08:36 --> Input Class Initialized
INFO - 2025-05-23 17:08:36 --> Language Class Initialized
INFO - 2025-05-23 17:08:36 --> Language Class Initialized
INFO - 2025-05-23 17:08:36 --> Config Class Initialized
INFO - 2025-05-23 17:08:36 --> Loader Class Initialized
INFO - 2025-05-23 17:08:36 --> Helper loaded: url_helper
INFO - 2025-05-23 17:08:36 --> Helper loaded: easyui_helper
INFO - 2025-05-23 17:08:36 --> Helper loaded: param_helper
INFO - 2025-05-23 17:08:36 --> Helper loaded: credential_helper
INFO - 2025-05-23 17:08:36 --> Helper loaded: template_helper
INFO - 2025-05-23 17:08:36 --> Helper loaded: rest_helper
INFO - 2025-05-23 17:08:36 --> Database Driver Class Initialized
DEBUG - 2025-05-23 17:08:36 --> Idgenerator class already loaded. Second attempt ignored.
INFO - 2025-05-23 17:08:36 --> Controller Class Initialized
INFO - 2025-05-23 17:08:36 --> Model Class Initialized
DEBUG - 2025-05-23 17:08:36 --> File loaded: /Library/WebServer/Documents/web-drc/application/modules/ref_customer/models/Customer_model.php
INFO - 2025-05-23 17:08:36 --> Model Class Initialized
DEBUG - 2025-05-23 17:08:36 --> File loaded: /Library/WebServer/Documents/web-drc/application/modules/ref_customer/views/content.php
DEBUG - 2025-05-23 17:08:36 --> File loaded: /Library/WebServer/Documents/web-drc/application/views/templates/header.php
DEBUG - 2025-05-23 17:08:36 --> File loaded: /Library/WebServer/Documents/web-drc/application/views/templates/toolbar.php
DEBUG - 2025-05-23 17:08:36 --> File loaded: /Library/WebServer/Documents/web-drc/application/views/templates/sidebar.php
DEBUG - 2025-05-23 17:08:36 --> File loaded: /Library/WebServer/Documents/web-drc/application/views/templates/contents.php
DEBUG - 2025-05-23 17:08:36 --> File loaded: /Library/WebServer/Documents/web-drc/application/views/templates/content_footer.php
DEBUG - 2025-05-23 17:08:36 --> File loaded: /Library/WebServer/Documents/web-drc/application/views/templates/footer.php
DEBUG - 2025-05-23 17:08:36 --> File loaded: /Library/WebServer/Documents/web-drc/application/views/templates/default.php
INFO - 2025-05-23 17:08:36 --> Final output sent to browser
DEBUG - 2025-05-23 17:08:36 --> Total execution time: 0.0095
INFO - 2025-05-23 17:08:36 --> Config Class Initialized
INFO - 2025-05-23 17:08:36 --> Hooks Class Initialized
DEBUG - 2025-05-23 17:08:36 --> UTF-8 Support Enabled
INFO - 2025-05-23 17:08:36 --> Utf8 Class Initialized
INFO - 2025-05-23 17:08:36 --> URI Class Initialized
INFO - 2025-05-23 17:08:36 --> Router Class Initialized
INFO - 2025-05-23 17:08:36 --> Output Class Initialized
INFO - 2025-05-23 17:08:36 --> Security Class Initialized
DEBUG - 2025-05-23 17:08:36 --> Global POST, GET and COOKIE data sanitized
INFO - 2025-05-23 17:08:36 --> Input Class Initialized
INFO - 2025-05-23 17:08:36 --> Language Class Initialized
ERROR - 2025-05-23 17:08:36 --> 404 Page Not Found: /index
INFO - 2025-05-23 17:08:36 --> Config Class Initialized
INFO - 2025-05-23 17:08:36 --> Hooks Class Initialized
DEBUG - 2025-05-23 17:08:36 --> UTF-8 Support Enabled
INFO - 2025-05-23 17:08:36 --> Utf8 Class Initialized
INFO - 2025-05-23 17:08:36 --> URI Class Initialized
INFO - 2025-05-23 17:08:36 --> Router Class Initialized
INFO - 2025-05-23 17:08:36 --> Output Class Initialized
INFO - 2025-05-23 17:08:36 --> Security Class Initialized
DEBUG - 2025-05-23 17:08:36 --> Global POST, GET and COOKIE data sanitized
INFO - 2025-05-23 17:08:36 --> Input Class Initialized
INFO - 2025-05-23 17:08:36 --> Language Class Initialized
INFO - 2025-05-23 17:08:36 --> Language Class Initialized
INFO - 2025-05-23 17:08:36 --> Config Class Initialized
INFO - 2025-05-23 17:08:36 --> Loader Class Initialized
INFO - 2025-05-23 17:08:36 --> Helper loaded: url_helper
INFO - 2025-05-23 17:08:36 --> Helper loaded: easyui_helper
INFO - 2025-05-23 17:08:36 --> Helper loaded: param_helper
INFO - 2025-05-23 17:08:36 --> Helper loaded: credential_helper
INFO - 2025-05-23 17:08:36 --> Helper loaded: template_helper
INFO - 2025-05-23 17:08:36 --> Helper loaded: rest_helper
INFO - 2025-05-23 17:08:36 --> Database Driver Class Initialized
DEBUG - 2025-05-23 17:08:36 --> Idgenerator class already loaded. Second attempt ignored.
INFO - 2025-05-23 17:08:36 --> Controller Class Initialized
INFO - 2025-05-23 17:08:36 --> Model Class Initialized
DEBUG - 2025-05-23 17:08:36 --> File loaded: /Library/WebServer/Documents/web-drc/application/modules/ref_customer/models/Customer_model.php
INFO - 2025-05-23 17:08:36 --> Model Class Initialized
INFO - 2025-05-23 17:08:42 --> Final output sent to browser
DEBUG - 2025-05-23 17:08:42 --> Total execution time: 6.0589
INFO - 2025-05-23 17:08:47 --> Config Class Initialized
INFO - 2025-05-23 17:08:47 --> Hooks Class Initialized
DEBUG - 2025-05-23 17:08:47 --> UTF-8 Support Enabled
INFO - 2025-05-23 17:08:47 --> Utf8 Class Initialized
INFO - 2025-05-23 17:08:47 --> URI Class Initialized
INFO - 2025-05-23 17:08:47 --> Router Class Initialized
INFO - 2025-05-23 17:08:47 --> Output Class Initialized
INFO - 2025-05-23 17:08:47 --> Security Class Initialized
DEBUG - 2025-05-23 17:08:47 --> Global POST, GET and COOKIE data sanitized
INFO - 2025-05-23 17:08:47 --> Input Class Initialized
INFO - 2025-05-23 17:08:47 --> Language Class Initialized
INFO - 2025-05-23 17:08:47 --> Language Class Initialized
INFO - 2025-05-23 17:08:47 --> Config Class Initialized
INFO - 2025-05-23 17:08:47 --> Loader Class Initialized
INFO - 2025-05-23 17:08:47 --> Helper loaded: url_helper
INFO - 2025-05-23 17:08:47 --> Helper loaded: easyui_helper
INFO - 2025-05-23 17:08:47 --> Helper loaded: param_helper
INFO - 2025-05-23 17:08:47 --> Helper loaded: credential_helper
INFO - 2025-05-23 17:08:47 --> Helper loaded: template_helper
INFO - 2025-05-23 17:08:47 --> Helper loaded: rest_helper
INFO - 2025-05-23 17:08:47 --> Database Driver Class Initialized
DEBUG - 2025-05-23 17:08:47 --> Idgenerator class already loaded. Second attempt ignored.
INFO - 2025-05-23 17:08:47 --> Controller Class Initialized
INFO - 2025-05-23 17:08:47 --> Model Class Initialized
DEBUG - 2025-05-23 17:08:47 --> File loaded: /Library/WebServer/Documents/web-drc/application/modules/ref_customer/models/Customer_model.php
INFO - 2025-05-23 17:08:47 --> Model Class Initialized
INFO - 2025-05-23 17:08:53 --> Final output sent to browser
DEBUG - 2025-05-23 17:08:53 --> Total execution time: 6.0141
INFO - 2025-05-23 17:09:51 --> Config Class Initialized
INFO - 2025-05-23 17:09:51 --> Hooks Class Initialized
DEBUG - 2025-05-23 17:09:51 --> UTF-8 Support Enabled
INFO - 2025-05-23 17:09:51 --> Utf8 Class Initialized
INFO - 2025-05-23 17:09:51 --> URI Class Initialized
INFO - 2025-05-23 17:09:51 --> Router Class Initialized
INFO - 2025-05-23 17:09:51 --> Output Class Initialized
INFO - 2025-05-23 17:09:51 --> Security Class Initialized
DEBUG - 2025-05-23 17:09:51 --> Global POST, GET and COOKIE data sanitized
INFO - 2025-05-23 17:09:51 --> Input Class Initialized
INFO - 2025-05-23 17:09:51 --> Language Class Initialized
INFO - 2025-05-23 17:09:51 --> Language Class Initialized
INFO - 2025-05-23 17:09:51 --> Config Class Initialized
INFO - 2025-05-23 17:09:51 --> Loader Class Initialized
INFO - 2025-05-23 17:09:51 --> Helper loaded: url_helper
INFO - 2025-05-23 17:09:51 --> Helper loaded: easyui_helper
INFO - 2025-05-23 17:09:51 --> Helper loaded: param_helper
INFO - 2025-05-23 17:09:51 --> Helper loaded: credential_helper
INFO - 2025-05-23 17:09:51 --> Helper loaded: template_helper
INFO - 2025-05-23 17:09:51 --> Helper loaded: rest_helper
INFO - 2025-05-23 17:09:51 --> Database Driver Class Initialized
DEBUG - 2025-05-23 17:09:51 --> Idgenerator class already loaded. Second attempt ignored.
INFO - 2025-05-23 17:09:51 --> Controller Class Initialized
INFO - 2025-05-23 17:09:51 --> Model Class Initialized
DEBUG - 2025-05-23 17:09:51 --> File loaded: /Library/WebServer/Documents/web-drc/application/modules/ref_customer/models/Customer_model.php
INFO - 2025-05-23 17:09:51 --> Model Class Initialized
INFO - 2025-05-23 17:09:57 --> Final output sent to browser
DEBUG - 2025-05-23 17:09:57 --> Total execution time: 6.0407
INFO - 2025-05-23 17:10:08 --> Config Class Initialized
INFO - 2025-05-23 17:10:08 --> Hooks Class Initialized
DEBUG - 2025-05-23 17:10:08 --> UTF-8 Support Enabled
INFO - 2025-05-23 17:10:08 --> Utf8 Class Initialized
INFO - 2025-05-23 17:10:08 --> URI Class Initialized
INFO - 2025-05-23 17:10:08 --> Router Class Initialized
INFO - 2025-05-23 17:10:08 --> Output Class Initialized
INFO - 2025-05-23 17:10:08 --> Security Class Initialized
DEBUG - 2025-05-23 17:10:08 --> Global POST, GET and COOKIE data sanitized
INFO - 2025-05-23 17:10:08 --> Input Class Initialized
INFO - 2025-05-23 17:10:08 --> Language Class Initialized
INFO - 2025-05-23 17:10:08 --> Language Class Initialized
INFO - 2025-05-23 17:10:08 --> Config Class Initialized
INFO - 2025-05-23 17:10:08 --> Loader Class Initialized
INFO - 2025-05-23 17:10:08 --> Helper loaded: url_helper
INFO - 2025-05-23 17:10:08 --> Helper loaded: easyui_helper
INFO - 2025-05-23 17:10:08 --> Helper loaded: param_helper
INFO - 2025-05-23 17:10:08 --> Helper loaded: credential_helper
INFO - 2025-05-23 17:10:08 --> Helper loaded: template_helper
INFO - 2025-05-23 17:10:08 --> Helper loaded: rest_helper
INFO - 2025-05-23 17:10:08 --> Database Driver Class Initialized
DEBUG - 2025-05-23 17:10:08 --> Idgenerator class already loaded. Second attempt ignored.
INFO - 2025-05-23 17:10:08 --> Controller Class Initialized
INFO - 2025-05-23 17:10:08 --> Model Class Initialized
DEBUG - 2025-05-23 17:10:08 --> File loaded: /Library/WebServer/Documents/web-drc/application/modules/ref_customer/models/Customer_model.php
INFO - 2025-05-23 17:10:08 --> Model Class Initialized
DEBUG - 2025-05-23 17:10:08 --> File loaded: /Library/WebServer/Documents/web-drc/application/modules/ref_customer/views/content.php
DEBUG - 2025-05-23 17:10:08 --> File loaded: /Library/WebServer/Documents/web-drc/application/views/templates/header.php
DEBUG - 2025-05-23 17:10:08 --> File loaded: /Library/WebServer/Documents/web-drc/application/views/templates/toolbar.php
DEBUG - 2025-05-23 17:10:08 --> File loaded: /Library/WebServer/Documents/web-drc/application/views/templates/sidebar.php
DEBUG - 2025-05-23 17:10:08 --> File loaded: /Library/WebServer/Documents/web-drc/application/views/templates/contents.php
DEBUG - 2025-05-23 17:10:08 --> File loaded: /Library/WebServer/Documents/web-drc/application/views/templates/content_footer.php
DEBUG - 2025-05-23 17:10:08 --> File loaded: /Library/WebServer/Documents/web-drc/application/views/templates/footer.php
DEBUG - 2025-05-23 17:10:08 --> File loaded: /Library/WebServer/Documents/web-drc/application/views/templates/default.php
INFO - 2025-05-23 17:10:08 --> Final output sent to browser
DEBUG - 2025-05-23 17:10:08 --> Total execution time: 0.0197
INFO - 2025-05-23 17:10:08 --> Config Class Initialized
INFO - 2025-05-23 17:10:08 --> Hooks Class Initialized
DEBUG - 2025-05-23 17:10:08 --> UTF-8 Support Enabled
INFO - 2025-05-23 17:10:08 --> Utf8 Class Initialized
INFO - 2025-05-23 17:10:08 --> URI Class Initialized
INFO - 2025-05-23 17:10:08 --> Router Class Initialized
INFO - 2025-05-23 17:10:08 --> Output Class Initialized
INFO - 2025-05-23 17:10:08 --> Security Class Initialized
DEBUG - 2025-05-23 17:10:08 --> Global POST, GET and COOKIE data sanitized
INFO - 2025-05-23 17:10:08 --> Input Class Initialized
INFO - 2025-05-23 17:10:08 --> Language Class Initialized
ERROR - 2025-05-23 17:10:08 --> 404 Page Not Found: /index
INFO - 2025-05-23 17:10:08 --> Config Class Initialized
INFO - 2025-05-23 17:10:08 --> Hooks Class Initialized
DEBUG - 2025-05-23 17:10:08 --> UTF-8 Support Enabled
INFO - 2025-05-23 17:10:08 --> Utf8 Class Initialized
INFO - 2025-05-23 17:10:08 --> URI Class Initialized
INFO - 2025-05-23 17:10:08 --> Router Class Initialized
INFO - 2025-05-23 17:10:08 --> Output Class Initialized
INFO - 2025-05-23 17:10:08 --> Security Class Initialized
DEBUG - 2025-05-23 17:10:08 --> Global POST, GET and COOKIE data sanitized
INFO - 2025-05-23 17:10:08 --> Input Class Initialized
INFO - 2025-05-23 17:10:08 --> Language Class Initialized
INFO - 2025-05-23 17:10:08 --> Language Class Initialized
INFO - 2025-05-23 17:10:08 --> Config Class Initialized
INFO - 2025-05-23 17:10:08 --> Loader Class Initialized
INFO - 2025-05-23 17:10:08 --> Helper loaded: url_helper
INFO - 2025-05-23 17:10:08 --> Helper loaded: easyui_helper
INFO - 2025-05-23 17:10:08 --> Helper loaded: param_helper
INFO - 2025-05-23 17:10:08 --> Helper loaded: credential_helper
INFO - 2025-05-23 17:10:08 --> Helper loaded: template_helper
INFO - 2025-05-23 17:10:08 --> Helper loaded: rest_helper
INFO - 2025-05-23 17:10:08 --> Database Driver Class Initialized
DEBUG - 2025-05-23 17:10:08 --> Idgenerator class already loaded. Second attempt ignored.
INFO - 2025-05-23 17:10:08 --> Controller Class Initialized
INFO - 2025-05-23 17:10:08 --> Model Class Initialized
DEBUG - 2025-05-23 17:10:08 --> File loaded: /Library/WebServer/Documents/web-drc/application/modules/ref_customer/models/Customer_model.php
INFO - 2025-05-23 17:10:08 --> Model Class Initialized
INFO - 2025-05-23 17:10:14 --> Final output sent to browser
DEBUG - 2025-05-23 17:10:14 --> Total execution time: 6.1277
INFO - 2025-05-23 17:10:23 --> Config Class Initialized
INFO - 2025-05-23 17:10:23 --> Hooks Class Initialized
DEBUG - 2025-05-23 17:10:23 --> UTF-8 Support Enabled
INFO - 2025-05-23 17:10:23 --> Utf8 Class Initialized
INFO - 2025-05-23 17:10:23 --> URI Class Initialized
INFO - 2025-05-23 17:10:23 --> Router Class Initialized
INFO - 2025-05-23 17:10:23 --> Output Class Initialized
INFO - 2025-05-23 17:10:23 --> Security Class Initialized
DEBUG - 2025-05-23 17:10:23 --> Global POST, GET and COOKIE data sanitized
INFO - 2025-05-23 17:10:23 --> Input Class Initialized
INFO - 2025-05-23 17:10:23 --> Language Class Initialized
INFO - 2025-05-23 17:10:23 --> Language Class Initialized
INFO - 2025-05-23 17:10:23 --> Config Class Initialized
INFO - 2025-05-23 17:10:23 --> Loader Class Initialized
INFO - 2025-05-23 17:10:23 --> Helper loaded: url_helper
INFO - 2025-05-23 17:10:23 --> Helper loaded: easyui_helper
INFO - 2025-05-23 17:10:23 --> Helper loaded: param_helper
INFO - 2025-05-23 17:10:23 --> Helper loaded: credential_helper
INFO - 2025-05-23 17:10:23 --> Helper loaded: template_helper
INFO - 2025-05-23 17:10:23 --> Helper loaded: rest_helper
INFO - 2025-05-23 17:10:23 --> Database Driver Class Initialized
DEBUG - 2025-05-23 17:10:23 --> Idgenerator class already loaded. Second attempt ignored.
INFO - 2025-05-23 17:10:23 --> Controller Class Initialized
INFO - 2025-05-23 17:10:23 --> Model Class Initialized
DEBUG - 2025-05-23 17:10:23 --> File loaded: /Library/WebServer/Documents/web-drc/application/modules/ref_customer/models/Customer_model.php
INFO - 2025-05-23 17:10:23 --> Model Class Initialized
INFO - 2025-05-23 17:10:23 --> Final output sent to browser
DEBUG - 2025-05-23 17:10:23 --> Total execution time: 0.1039
INFO - 2025-05-23 17:10:26 --> Config Class Initialized
INFO - 2025-05-23 17:10:26 --> Hooks Class Initialized
DEBUG - 2025-05-23 17:10:26 --> UTF-8 Support Enabled
INFO - 2025-05-23 17:10:26 --> Utf8 Class Initialized
INFO - 2025-05-23 17:10:26 --> URI Class Initialized
INFO - 2025-05-23 17:10:26 --> Router Class Initialized
INFO - 2025-05-23 17:10:26 --> Output Class Initialized
INFO - 2025-05-23 17:10:26 --> Security Class Initialized
DEBUG - 2025-05-23 17:10:26 --> Global POST, GET and COOKIE data sanitized
INFO - 2025-05-23 17:10:26 --> Input Class Initialized
INFO - 2025-05-23 17:10:26 --> Language Class Initialized
INFO - 2025-05-23 17:10:26 --> Language Class Initialized
INFO - 2025-05-23 17:10:26 --> Config Class Initialized
INFO - 2025-05-23 17:10:26 --> Loader Class Initialized
INFO - 2025-05-23 17:10:26 --> Helper loaded: url_helper
INFO - 2025-05-23 17:10:26 --> Helper loaded: easyui_helper
INFO - 2025-05-23 17:10:26 --> Helper loaded: param_helper
INFO - 2025-05-23 17:10:26 --> Helper loaded: credential_helper
INFO - 2025-05-23 17:10:26 --> Helper loaded: template_helper
INFO - 2025-05-23 17:10:26 --> Helper loaded: rest_helper
INFO - 2025-05-23 17:10:26 --> Database Driver Class Initialized
DEBUG - 2025-05-23 17:10:26 --> Idgenerator class already loaded. Second attempt ignored.
INFO - 2025-05-23 17:10:26 --> Controller Class Initialized
INFO - 2025-05-23 17:10:26 --> Model Class Initialized
DEBUG - 2025-05-23 17:10:26 --> File loaded: /Library/WebServer/Documents/web-drc/application/modules/ref_customer/models/Customer_model.php
INFO - 2025-05-23 17:10:26 --> Model Class Initialized
INFO - 2025-05-23 17:10:32 --> Final output sent to browser
DEBUG - 2025-05-23 17:10:32 --> Total execution time: 6.0094
INFO - 2025-05-23 17:10:43 --> Config Class Initialized
INFO - 2025-05-23 17:10:43 --> Hooks Class Initialized
DEBUG - 2025-05-23 17:10:43 --> UTF-8 Support Enabled
INFO - 2025-05-23 17:10:43 --> Utf8 Class Initialized
INFO - 2025-05-23 17:10:43 --> URI Class Initialized
INFO - 2025-05-23 17:10:43 --> Router Class Initialized
INFO - 2025-05-23 17:10:43 --> Output Class Initialized
INFO - 2025-05-23 17:10:43 --> Security Class Initialized
DEBUG - 2025-05-23 17:10:43 --> Global POST, GET and COOKIE data sanitized
INFO - 2025-05-23 17:10:43 --> Input Class Initialized
INFO - 2025-05-23 17:10:43 --> Language Class Initialized
INFO - 2025-05-23 17:10:43 --> Language Class Initialized
INFO - 2025-05-23 17:10:43 --> Config Class Initialized
INFO - 2025-05-23 17:10:43 --> Loader Class Initialized
INFO - 2025-05-23 17:10:43 --> Helper loaded: url_helper
INFO - 2025-05-23 17:10:43 --> Helper loaded: easyui_helper
INFO - 2025-05-23 17:10:43 --> Helper loaded: param_helper
INFO - 2025-05-23 17:10:43 --> Helper loaded: credential_helper
INFO - 2025-05-23 17:10:43 --> Helper loaded: template_helper
INFO - 2025-05-23 17:10:43 --> Helper loaded: rest_helper
INFO - 2025-05-23 17:10:43 --> Database Driver Class Initialized
DEBUG - 2025-05-23 17:10:43 --> Idgenerator class already loaded. Second attempt ignored.
INFO - 2025-05-23 17:10:43 --> Controller Class Initialized
INFO - 2025-05-23 17:10:43 --> Model Class Initialized
DEBUG - 2025-05-23 17:10:43 --> File loaded: /Library/WebServer/Documents/web-drc/application/modules/ref_customer/models/Customer_model.php
INFO - 2025-05-23 17:10:43 --> Model Class Initialized
INFO - 2025-05-23 17:10:43 --> Final output sent to browser
DEBUG - 2025-05-23 17:10:43 --> Total execution time: 0.0991
INFO - 2025-05-23 17:10:44 --> Config Class Initialized
INFO - 2025-05-23 17:10:44 --> Hooks Class Initialized
DEBUG - 2025-05-23 17:10:44 --> UTF-8 Support Enabled
INFO - 2025-05-23 17:10:44 --> Utf8 Class Initialized
INFO - 2025-05-23 17:10:44 --> URI Class Initialized
INFO - 2025-05-23 17:10:44 --> Router Class Initialized
INFO - 2025-05-23 17:10:44 --> Output Class Initialized
INFO - 2025-05-23 17:10:44 --> Security Class Initialized
DEBUG - 2025-05-23 17:10:44 --> Global POST, GET and COOKIE data sanitized
INFO - 2025-05-23 17:10:44 --> Input Class Initialized
INFO - 2025-05-23 17:10:44 --> Language Class Initialized
INFO - 2025-05-23 17:10:44 --> Language Class Initialized
INFO - 2025-05-23 17:10:44 --> Config Class Initialized
INFO - 2025-05-23 17:10:44 --> Loader Class Initialized
INFO - 2025-05-23 17:10:44 --> Helper loaded: url_helper
INFO - 2025-05-23 17:10:44 --> Helper loaded: easyui_helper
INFO - 2025-05-23 17:10:44 --> Helper loaded: param_helper
INFO - 2025-05-23 17:10:44 --> Helper loaded: credential_helper
INFO - 2025-05-23 17:10:44 --> Helper loaded: template_helper
INFO - 2025-05-23 17:10:44 --> Helper loaded: rest_helper
INFO - 2025-05-23 17:10:44 --> Database Driver Class Initialized
DEBUG - 2025-05-23 17:10:44 --> Idgenerator class already loaded. Second attempt ignored.
INFO - 2025-05-23 17:10:44 --> Controller Class Initialized
INFO - 2025-05-23 17:10:44 --> Model Class Initialized
DEBUG - 2025-05-23 17:10:44 --> File loaded: /Library/WebServer/Documents/web-drc/application/modules/ref_customer/models/Customer_model.php
INFO - 2025-05-23 17:10:44 --> Model Class Initialized
INFO - 2025-05-23 17:10:44 --> Final output sent to browser
DEBUG - 2025-05-23 17:10:44 --> Total execution time: 0.0987
INFO - 2025-05-23 17:10:46 --> Config Class Initialized
INFO - 2025-05-23 17:10:46 --> Hooks Class Initialized
DEBUG - 2025-05-23 17:10:46 --> UTF-8 Support Enabled
INFO - 2025-05-23 17:10:46 --> Utf8 Class Initialized
INFO - 2025-05-23 17:10:46 --> URI Class Initialized
INFO - 2025-05-23 17:10:46 --> Router Class Initialized
INFO - 2025-05-23 17:10:46 --> Output Class Initialized
INFO - 2025-05-23 17:10:46 --> Security Class Initialized
DEBUG - 2025-05-23 17:10:46 --> Global POST, GET and COOKIE data sanitized
INFO - 2025-05-23 17:10:46 --> Input Class Initialized
INFO - 2025-05-23 17:10:46 --> Language Class Initialized
INFO - 2025-05-23 17:10:46 --> Language Class Initialized
INFO - 2025-05-23 17:10:46 --> Config Class Initialized
INFO - 2025-05-23 17:10:46 --> Loader Class Initialized
INFO - 2025-05-23 17:10:46 --> Helper loaded: url_helper
INFO - 2025-05-23 17:10:46 --> Helper loaded: easyui_helper
INFO - 2025-05-23 17:10:46 --> Helper loaded: param_helper
INFO - 2025-05-23 17:10:46 --> Helper loaded: credential_helper
INFO - 2025-05-23 17:10:46 --> Helper loaded: template_helper
INFO - 2025-05-23 17:10:46 --> Helper loaded: rest_helper
INFO - 2025-05-23 17:10:46 --> Database Driver Class Initialized
DEBUG - 2025-05-23 17:10:46 --> Idgenerator class already loaded. Second attempt ignored.
INFO - 2025-05-23 17:10:46 --> Controller Class Initialized
INFO - 2025-05-23 17:10:46 --> Model Class Initialized
DEBUG - 2025-05-23 17:10:46 --> File loaded: /Library/WebServer/Documents/web-drc/application/modules/ref_customer/models/Customer_model.php
INFO - 2025-05-23 17:10:46 --> Model Class Initialized
INFO - 2025-05-23 17:10:46 --> Final output sent to browser
DEBUG - 2025-05-23 17:10:46 --> Total execution time: 0.0967
INFO - 2025-05-23 17:21:29 --> Config Class Initialized
INFO - 2025-05-23 17:21:29 --> Hooks Class Initialized
DEBUG - 2025-05-23 17:21:29 --> UTF-8 Support Enabled
INFO - 2025-05-23 17:21:29 --> Utf8 Class Initialized
INFO - 2025-05-23 17:21:29 --> URI Class Initialized
INFO - 2025-05-23 17:21:29 --> Router Class Initialized
INFO - 2025-05-23 17:21:29 --> Output Class Initialized
INFO - 2025-05-23 17:21:29 --> Security Class Initialized
DEBUG - 2025-05-23 17:21:29 --> Global POST, GET and COOKIE data sanitized
INFO - 2025-05-23 17:21:29 --> Input Class Initialized
INFO - 2025-05-23 17:21:29 --> Language Class Initialized
INFO - 2025-05-23 17:21:29 --> Language Class Initialized
INFO - 2025-05-23 17:21:29 --> Config Class Initialized
INFO - 2025-05-23 17:21:29 --> Loader Class Initialized
INFO - 2025-05-23 17:21:29 --> Helper loaded: url_helper
INFO - 2025-05-23 17:21:29 --> Helper loaded: easyui_helper
INFO - 2025-05-23 17:21:29 --> Helper loaded: param_helper
INFO - 2025-05-23 17:21:29 --> Helper loaded: credential_helper
INFO - 2025-05-23 17:21:29 --> Helper loaded: template_helper
INFO - 2025-05-23 17:21:29 --> Helper loaded: rest_helper
INFO - 2025-05-23 17:21:29 --> Database Driver Class Initialized
DEBUG - 2025-05-23 17:21:29 --> Idgenerator class already loaded. Second attempt ignored.
INFO - 2025-05-23 17:21:29 --> Controller Class Initialized
INFO - 2025-05-23 17:21:29 --> Model Class Initialized
DEBUG - 2025-05-23 17:21:29 --> File loaded: /Library/WebServer/Documents/web-drc/application/modules/app_dashboard/models/App_dashboard_model.php
INFO - 2025-05-23 17:21:29 --> Model Class Initialized
DEBUG - 2025-05-23 17:21:29 --> File loaded: /Library/WebServer/Documents/web-drc/application/modules/app_dashboard/views/content.php
DEBUG - 2025-05-23 17:21:29 --> File loaded: /Library/WebServer/Documents/web-drc/application/views/templates/header.php
DEBUG - 2025-05-23 17:21:29 --> File loaded: /Library/WebServer/Documents/web-drc/application/views/templates/toolbar.php
DEBUG - 2025-05-23 17:21:29 --> File loaded: /Library/WebServer/Documents/web-drc/application/views/templates/sidebar.php
DEBUG - 2025-05-23 17:21:29 --> File loaded: /Library/WebServer/Documents/web-drc/application/views/templates/contents.php
DEBUG - 2025-05-23 17:21:29 --> File loaded: /Library/WebServer/Documents/web-drc/application/views/templates/content_footer.php
DEBUG - 2025-05-23 17:21:29 --> File loaded: /Library/WebServer/Documents/web-drc/application/views/templates/footer.php
DEBUG - 2025-05-23 17:21:29 --> File loaded: /Library/WebServer/Documents/web-drc/application/views/templates/default.php
INFO - 2025-05-23 17:21:29 --> Final output sent to browser
DEBUG - 2025-05-23 17:21:29 --> Total execution time: 0.0430
INFO - 2025-05-23 17:21:29 --> Config Class Initialized
INFO - 2025-05-23 17:21:29 --> Hooks Class Initialized
DEBUG - 2025-05-23 17:21:29 --> UTF-8 Support Enabled
INFO - 2025-05-23 17:21:29 --> Utf8 Class Initialized
INFO - 2025-05-23 17:21:29 --> URI Class Initialized
INFO - 2025-05-23 17:21:29 --> Router Class Initialized
INFO - 2025-05-23 17:21:29 --> Output Class Initialized
INFO - 2025-05-23 17:21:29 --> Security Class Initialized
DEBUG - 2025-05-23 17:21:29 --> Global POST, GET and COOKIE data sanitized
INFO - 2025-05-23 17:21:29 --> Input Class Initialized
INFO - 2025-05-23 17:21:29 --> Language Class Initialized
INFO - 2025-05-23 17:21:29 --> Language Class Initialized
INFO - 2025-05-23 17:21:29 --> Config Class Initialized
INFO - 2025-05-23 17:21:29 --> Loader Class Initialized
INFO - 2025-05-23 17:21:29 --> Helper loaded: url_helper
INFO - 2025-05-23 17:21:29 --> Helper loaded: easyui_helper
INFO - 2025-05-23 17:21:29 --> Helper loaded: param_helper
INFO - 2025-05-23 17:21:29 --> Helper loaded: credential_helper
INFO - 2025-05-23 17:21:29 --> Helper loaded: template_helper
INFO - 2025-05-23 17:21:29 --> Helper loaded: rest_helper
INFO - 2025-05-23 17:21:29 --> Database Driver Class Initialized
DEBUG - 2025-05-23 17:21:29 --> Idgenerator class already loaded. Second attempt ignored.
INFO - 2025-05-23 17:21:29 --> Controller Class Initialized
INFO - 2025-05-23 17:21:29 --> Model Class Initialized
DEBUG - 2025-05-23 17:21:29 --> File loaded: /Library/WebServer/Documents/web-drc/application/modules/app_dashboard/models/App_dashboard_model.php
INFO - 2025-05-23 17:21:29 --> Model Class Initialized
ERROR - 2025-05-23 17:21:29 --> Severity: Warning --> Undefined array key "get_date" /Library/WebServer/Documents/web-drc/application/modules/app_dashboard/models/App_dashboard_model.php 120
INFO - 2025-05-23 17:21:29 --> Final output sent to browser
DEBUG - 2025-05-23 17:21:29 --> Total execution time: 0.0571
INFO - 2025-05-23 17:21:29 --> Config Class Initialized
INFO - 2025-05-23 17:21:29 --> Hooks Class Initialized
DEBUG - 2025-05-23 17:21:29 --> UTF-8 Support Enabled
INFO - 2025-05-23 17:21:29 --> Utf8 Class Initialized
INFO - 2025-05-23 17:21:29 --> URI Class Initialized
INFO - 2025-05-23 17:21:29 --> Router Class Initialized
INFO - 2025-05-23 17:21:29 --> Output Class Initialized
INFO - 2025-05-23 17:21:29 --> Security Class Initialized
DEBUG - 2025-05-23 17:21:29 --> Global POST, GET and COOKIE data sanitized
INFO - 2025-05-23 17:21:29 --> Input Class Initialized
INFO - 2025-05-23 17:21:29 --> Language Class Initialized
INFO - 2025-05-23 17:21:29 --> Language Class Initialized
INFO - 2025-05-23 17:21:29 --> Config Class Initialized
INFO - 2025-05-23 17:21:29 --> Loader Class Initialized
INFO - 2025-05-23 17:21:29 --> Helper loaded: url_helper
INFO - 2025-05-23 17:21:29 --> Helper loaded: easyui_helper
INFO - 2025-05-23 17:21:29 --> Helper loaded: param_helper
INFO - 2025-05-23 17:21:29 --> Helper loaded: credential_helper
INFO - 2025-05-23 17:21:29 --> Helper loaded: template_helper
INFO - 2025-05-23 17:21:29 --> Helper loaded: rest_helper
INFO - 2025-05-23 17:21:29 --> Database Driver Class Initialized
DEBUG - 2025-05-23 17:21:29 --> Idgenerator class already loaded. Second attempt ignored.
INFO - 2025-05-23 17:21:29 --> Controller Class Initialized
INFO - 2025-05-23 17:21:29 --> Model Class Initialized
DEBUG - 2025-05-23 17:21:29 --> File loaded: /Library/WebServer/Documents/web-drc/application/modules/api_v1/models/Api_v1_model.php
INFO - 2025-05-23 17:21:29 --> Model Class Initialized
INFO - 2025-05-23 17:21:29 --> Final output sent to browser
DEBUG - 2025-05-23 17:21:29 --> Total execution time: 0.0030
INFO - 2025-05-23 17:21:37 --> Config Class Initialized
INFO - 2025-05-23 17:21:37 --> Hooks Class Initialized
DEBUG - 2025-05-23 17:21:37 --> UTF-8 Support Enabled
INFO - 2025-05-23 17:21:37 --> Utf8 Class Initialized
INFO - 2025-05-23 17:21:37 --> URI Class Initialized
INFO - 2025-05-23 17:21:37 --> Router Class Initialized
INFO - 2025-05-23 17:21:37 --> Output Class Initialized
INFO - 2025-05-23 17:21:37 --> Security Class Initialized
DEBUG - 2025-05-23 17:21:37 --> Global POST, GET and COOKIE data sanitized
INFO - 2025-05-23 17:21:37 --> Input Class Initialized
INFO - 2025-05-23 17:21:37 --> Language Class Initialized
INFO - 2025-05-23 17:21:37 --> Language Class Initialized
INFO - 2025-05-23 17:21:37 --> Config Class Initialized
INFO - 2025-05-23 17:21:37 --> Loader Class Initialized
INFO - 2025-05-23 17:21:37 --> Helper loaded: url_helper
INFO - 2025-05-23 17:21:37 --> Helper loaded: easyui_helper
INFO - 2025-05-23 17:21:37 --> Helper loaded: param_helper
INFO - 2025-05-23 17:21:37 --> Helper loaded: credential_helper
INFO - 2025-05-23 17:21:37 --> Helper loaded: template_helper
INFO - 2025-05-23 17:21:37 --> Helper loaded: rest_helper
INFO - 2025-05-23 17:21:37 --> Database Driver Class Initialized
DEBUG - 2025-05-23 17:21:37 --> Idgenerator class already loaded. Second attempt ignored.
INFO - 2025-05-23 17:21:37 --> Controller Class Initialized
INFO - 2025-05-23 17:21:37 --> Model Class Initialized
DEBUG - 2025-05-23 17:21:37 --> File loaded: /Library/WebServer/Documents/web-drc/application/modules/rep_productivity/models/Rep_productivity_model.php
INFO - 2025-05-23 17:21:37 --> Model Class Initialized
DEBUG - 2025-05-23 17:21:37 --> File loaded: /Library/WebServer/Documents/web-drc/application/modules/rep_productivity/views/form.php
DEBUG - 2025-05-23 17:21:37 --> File loaded: /Library/WebServer/Documents/web-drc/application/views/templates/header.php
DEBUG - 2025-05-23 17:21:37 --> File loaded: /Library/WebServer/Documents/web-drc/application/views/templates/toolbar.php
DEBUG - 2025-05-23 17:21:37 --> File loaded: /Library/WebServer/Documents/web-drc/application/views/templates/sidebar.php
DEBUG - 2025-05-23 17:21:37 --> File loaded: /Library/WebServer/Documents/web-drc/application/views/templates/contents.php
DEBUG - 2025-05-23 17:21:37 --> File loaded: /Library/WebServer/Documents/web-drc/application/views/templates/content_footer.php
DEBUG - 2025-05-23 17:21:37 --> File loaded: /Library/WebServer/Documents/web-drc/application/views/templates/footer.php
DEBUG - 2025-05-23 17:21:37 --> File loaded: /Library/WebServer/Documents/web-drc/application/views/templates/default.php
INFO - 2025-05-23 17:21:37 --> Final output sent to browser
DEBUG - 2025-05-23 17:21:37 --> Total execution time: 0.0168
INFO - 2025-05-23 17:21:37 --> Config Class Initialized
INFO - 2025-05-23 17:21:37 --> Hooks Class Initialized
DEBUG - 2025-05-23 17:21:37 --> UTF-8 Support Enabled
INFO - 2025-05-23 17:21:37 --> Utf8 Class Initialized
INFO - 2025-05-23 17:21:37 --> URI Class Initialized
INFO - 2025-05-23 17:21:37 --> Router Class Initialized
INFO - 2025-05-23 17:21:37 --> Output Class Initialized
INFO - 2025-05-23 17:21:37 --> Security Class Initialized
DEBUG - 2025-05-23 17:21:37 --> Global POST, GET and COOKIE data sanitized
INFO - 2025-05-23 17:21:37 --> Input Class Initialized
INFO - 2025-05-23 17:21:37 --> Language Class Initialized
INFO - 2025-05-23 17:21:37 --> Language Class Initialized
INFO - 2025-05-23 17:21:37 --> Config Class Initialized
INFO - 2025-05-23 17:21:37 --> Loader Class Initialized
INFO - 2025-05-23 17:21:37 --> Helper loaded: url_helper
INFO - 2025-05-23 17:21:37 --> Helper loaded: easyui_helper
INFO - 2025-05-23 17:21:37 --> Helper loaded: param_helper
INFO - 2025-05-23 17:21:37 --> Helper loaded: credential_helper
INFO - 2025-05-23 17:21:37 --> Helper loaded: template_helper
INFO - 2025-05-23 17:21:37 --> Helper loaded: rest_helper
INFO - 2025-05-23 17:21:37 --> Database Driver Class Initialized
DEBUG - 2025-05-23 17:21:37 --> Idgenerator class already loaded. Second attempt ignored.
INFO - 2025-05-23 17:21:37 --> Controller Class Initialized
INFO - 2025-05-23 17:21:37 --> Model Class Initialized
DEBUG - 2025-05-23 17:21:37 --> File loaded: /Library/WebServer/Documents/web-drc/application/modules/rep_productivity/models/Rep_productivity_model.php
INFO - 2025-05-23 17:21:37 --> Model Class Initialized
INFO - 2025-05-23 17:21:37 --> Final output sent to browser
DEBUG - 2025-05-23 17:21:37 --> Total execution time: 0.0060
INFO - 2025-05-23 17:21:37 --> Config Class Initialized
INFO - 2025-05-23 17:21:37 --> Hooks Class Initialized
DEBUG - 2025-05-23 17:21:37 --> UTF-8 Support Enabled
INFO - 2025-05-23 17:21:37 --> Utf8 Class Initialized
INFO - 2025-05-23 17:21:37 --> URI Class Initialized
INFO - 2025-05-23 17:21:37 --> Router Class Initialized
INFO - 2025-05-23 17:21:37 --> Output Class Initialized
INFO - 2025-05-23 17:21:37 --> Security Class Initialized
DEBUG - 2025-05-23 17:21:37 --> Global POST, GET and COOKIE data sanitized
INFO - 2025-05-23 17:21:37 --> Input Class Initialized
INFO - 2025-05-23 17:21:37 --> Language Class Initialized
INFO - 2025-05-23 17:21:37 --> Language Class Initialized
INFO - 2025-05-23 17:21:37 --> Config Class Initialized
INFO - 2025-05-23 17:21:37 --> Loader Class Initialized
INFO - 2025-05-23 17:21:37 --> Helper loaded: url_helper
INFO - 2025-05-23 17:21:37 --> Helper loaded: easyui_helper
INFO - 2025-05-23 17:21:37 --> Helper loaded: param_helper
INFO - 2025-05-23 17:21:37 --> Helper loaded: credential_helper
INFO - 2025-05-23 17:21:37 --> Helper loaded: template_helper
INFO - 2025-05-23 17:21:37 --> Helper loaded: rest_helper
INFO - 2025-05-23 17:21:37 --> Database Driver Class Initialized
DEBUG - 2025-05-23 17:21:37 --> Idgenerator class already loaded. Second attempt ignored.
INFO - 2025-05-23 17:21:37 --> Controller Class Initialized
INFO - 2025-05-23 17:21:37 --> Model Class Initialized
DEBUG - 2025-05-23 17:21:37 --> File loaded: /Library/WebServer/Documents/web-drc/application/modules/api_v1/models/Api_v1_model.php
INFO - 2025-05-23 17:21:37 --> Model Class Initialized
INFO - 2025-05-23 17:21:37 --> Final output sent to browser
DEBUG - 2025-05-23 17:21:37 --> Total execution time: 0.0096
INFO - 2025-05-23 17:21:44 --> Config Class Initialized
INFO - 2025-05-23 17:21:44 --> Hooks Class Initialized
DEBUG - 2025-05-23 17:21:44 --> UTF-8 Support Enabled
INFO - 2025-05-23 17:21:44 --> Utf8 Class Initialized
INFO - 2025-05-23 17:21:44 --> URI Class Initialized
INFO - 2025-05-23 17:21:44 --> Router Class Initialized
INFO - 2025-05-23 17:21:44 --> Output Class Initialized
INFO - 2025-05-23 17:21:44 --> Security Class Initialized
DEBUG - 2025-05-23 17:21:44 --> Global POST, GET and COOKIE data sanitized
INFO - 2025-05-23 17:21:44 --> Input Class Initialized
INFO - 2025-05-23 17:21:44 --> Language Class Initialized
INFO - 2025-05-23 17:21:44 --> Language Class Initialized
INFO - 2025-05-23 17:21:44 --> Config Class Initialized
INFO - 2025-05-23 17:21:44 --> Loader Class Initialized
INFO - 2025-05-23 17:21:44 --> Helper loaded: url_helper
INFO - 2025-05-23 17:21:44 --> Helper loaded: easyui_helper
INFO - 2025-05-23 17:21:44 --> Helper loaded: param_helper
INFO - 2025-05-23 17:21:44 --> Helper loaded: credential_helper
INFO - 2025-05-23 17:21:44 --> Helper loaded: template_helper
INFO - 2025-05-23 17:21:44 --> Helper loaded: rest_helper
INFO - 2025-05-23 17:21:44 --> Database Driver Class Initialized
DEBUG - 2025-05-23 17:21:44 --> Idgenerator class already loaded. Second attempt ignored.
INFO - 2025-05-23 17:21:44 --> Controller Class Initialized
INFO - 2025-05-23 17:21:44 --> Model Class Initialized
DEBUG - 2025-05-23 17:21:44 --> File loaded: /Library/WebServer/Documents/web-drc/application/modules/rep_productivity/models/Rep_productivity_model.php
INFO - 2025-05-23 17:21:44 --> Model Class Initialized
INFO - 2025-05-23 17:21:44 --> Final output sent to browser
DEBUG - 2025-05-23 17:21:44 --> Total execution time: 0.0045
INFO - 2025-05-23 17:21:54 --> Config Class Initialized
INFO - 2025-05-23 17:21:54 --> Hooks Class Initialized
DEBUG - 2025-05-23 17:21:54 --> UTF-8 Support Enabled
INFO - 2025-05-23 17:21:54 --> Utf8 Class Initialized
INFO - 2025-05-23 17:21:54 --> URI Class Initialized
INFO - 2025-05-23 17:21:54 --> Router Class Initialized
INFO - 2025-05-23 17:21:54 --> Output Class Initialized
INFO - 2025-05-23 17:21:54 --> Security Class Initialized
DEBUG - 2025-05-23 17:21:54 --> Global POST, GET and COOKIE data sanitized
INFO - 2025-05-23 17:21:54 --> Input Class Initialized
INFO - 2025-05-23 17:21:54 --> Language Class Initialized
INFO - 2025-05-23 17:21:54 --> Language Class Initialized
INFO - 2025-05-23 17:21:54 --> Config Class Initialized
INFO - 2025-05-23 17:21:54 --> Loader Class Initialized
INFO - 2025-05-23 17:21:54 --> Helper loaded: url_helper
INFO - 2025-05-23 17:21:54 --> Helper loaded: easyui_helper
INFO - 2025-05-23 17:21:54 --> Helper loaded: param_helper
INFO - 2025-05-23 17:21:54 --> Helper loaded: credential_helper
INFO - 2025-05-23 17:21:54 --> Helper loaded: template_helper
INFO - 2025-05-23 17:21:54 --> Helper loaded: rest_helper
INFO - 2025-05-23 17:21:54 --> Database Driver Class Initialized
DEBUG - 2025-05-23 17:21:54 --> Idgenerator class already loaded. Second attempt ignored.
INFO - 2025-05-23 17:21:54 --> Controller Class Initialized
INFO - 2025-05-23 17:21:54 --> Model Class Initialized
DEBUG - 2025-05-23 17:21:54 --> File loaded: /Library/WebServer/Documents/web-drc/application/modules/rep_join_visit_outlet/models/Rep_join_visit_outlet_model.php
INFO - 2025-05-23 17:21:54 --> Model Class Initialized
DEBUG - 2025-05-23 17:21:54 --> File loaded: /Library/WebServer/Documents/web-drc/application/modules/rep_join_visit_outlet/views/content.php
DEBUG - 2025-05-23 17:21:54 --> File loaded: /Library/WebServer/Documents/web-drc/application/views/templates/header.php
DEBUG - 2025-05-23 17:21:54 --> File loaded: /Library/WebServer/Documents/web-drc/application/views/templates/toolbar.php
DEBUG - 2025-05-23 17:21:54 --> File loaded: /Library/WebServer/Documents/web-drc/application/views/templates/sidebar.php
DEBUG - 2025-05-23 17:21:54 --> File loaded: /Library/WebServer/Documents/web-drc/application/views/templates/contents.php
DEBUG - 2025-05-23 17:21:54 --> File loaded: /Library/WebServer/Documents/web-drc/application/views/templates/content_footer.php
DEBUG - 2025-05-23 17:21:54 --> File loaded: /Library/WebServer/Documents/web-drc/application/views/templates/footer.php
DEBUG - 2025-05-23 17:21:54 --> File loaded: /Library/WebServer/Documents/web-drc/application/views/templates/default.php
INFO - 2025-05-23 17:21:54 --> Final output sent to browser
DEBUG - 2025-05-23 17:21:54 --> Total execution time: 0.0183
INFO - 2025-05-23 17:21:54 --> Config Class Initialized
INFO - 2025-05-23 17:21:54 --> Hooks Class Initialized
DEBUG - 2025-05-23 17:21:54 --> UTF-8 Support Enabled
INFO - 2025-05-23 17:21:54 --> Utf8 Class Initialized
INFO - 2025-05-23 17:21:54 --> URI Class Initialized
INFO - 2025-05-23 17:21:54 --> Router Class Initialized
INFO - 2025-05-23 17:21:54 --> Output Class Initialized
INFO - 2025-05-23 17:21:54 --> Security Class Initialized
DEBUG - 2025-05-23 17:21:54 --> Global POST, GET and COOKIE data sanitized
INFO - 2025-05-23 17:21:54 --> Input Class Initialized
INFO - 2025-05-23 17:21:54 --> Language Class Initialized
INFO - 2025-05-23 17:21:54 --> Language Class Initialized
INFO - 2025-05-23 17:21:54 --> Config Class Initialized
INFO - 2025-05-23 17:21:54 --> Loader Class Initialized
INFO - 2025-05-23 17:21:54 --> Helper loaded: url_helper
INFO - 2025-05-23 17:21:54 --> Helper loaded: easyui_helper
INFO - 2025-05-23 17:21:54 --> Helper loaded: param_helper
INFO - 2025-05-23 17:21:54 --> Helper loaded: credential_helper
INFO - 2025-05-23 17:21:54 --> Helper loaded: template_helper
INFO - 2025-05-23 17:21:54 --> Helper loaded: rest_helper
INFO - 2025-05-23 17:21:54 --> Database Driver Class Initialized
DEBUG - 2025-05-23 17:21:54 --> Idgenerator class already loaded. Second attempt ignored.
INFO - 2025-05-23 17:21:54 --> Controller Class Initialized
INFO - 2025-05-23 17:21:54 --> Model Class Initialized
DEBUG - 2025-05-23 17:21:54 --> File loaded: /Library/WebServer/Documents/web-drc/application/modules/rep_join_visit_outlet/models/Rep_join_visit_outlet_model.php
INFO - 2025-05-23 17:21:54 --> Model Class Initialized
ERROR - 2025-05-23 17:21:54 --> Severity: Warning --> Undefined array key "restrict_level" /Library/WebServer/Documents/web-drc/application/modules/rep_join_visit_outlet/models/Rep_join_visit_outlet_model.php 10
ERROR - 2025-05-23 17:21:54 --> Severity: Warning --> Undefined array key "restrict_level" /Library/WebServer/Documents/web-drc/application/modules/rep_join_visit_outlet/models/Rep_join_visit_outlet_model.php 15
ERROR - 2025-05-23 17:21:54 --> Severity: Warning --> Undefined array key "restrict_level" /Library/WebServer/Documents/web-drc/application/modules/rep_join_visit_outlet/models/Rep_join_visit_outlet_model.php 20
ERROR - 2025-05-23 17:21:54 --> Severity: Warning --> Undefined array key "start_date" /Library/WebServer/Documents/web-drc/application/modules/rep_join_visit_outlet/models/Rep_join_visit_outlet_model.php 29
ERROR - 2025-05-23 17:21:54 --> Severity: Warning --> Undefined array key "end_date" /Library/WebServer/Documents/web-drc/application/modules/rep_join_visit_outlet/models/Rep_join_visit_outlet_model.php 30
INFO - 2025-05-23 17:21:54 --> Final output sent to browser
DEBUG - 2025-05-23 17:21:54 --> Total execution time: 0.0067
INFO - 2025-05-23 17:21:54 --> Config Class Initialized
INFO - 2025-05-23 17:21:54 --> Hooks Class Initialized
DEBUG - 2025-05-23 17:21:54 --> UTF-8 Support Enabled
INFO - 2025-05-23 17:21:54 --> Utf8 Class Initialized
INFO - 2025-05-23 17:21:54 --> URI Class Initialized
INFO - 2025-05-23 17:21:54 --> Router Class Initialized
INFO - 2025-05-23 17:21:54 --> Output Class Initialized
INFO - 2025-05-23 17:21:54 --> Security Class Initialized
DEBUG - 2025-05-23 17:21:54 --> Global POST, GET and COOKIE data sanitized
INFO - 2025-05-23 17:21:54 --> Input Class Initialized
INFO - 2025-05-23 17:21:54 --> Language Class Initialized
INFO - 2025-05-23 17:21:54 --> Language Class Initialized
INFO - 2025-05-23 17:21:54 --> Config Class Initialized
INFO - 2025-05-23 17:21:54 --> Loader Class Initialized
INFO - 2025-05-23 17:21:54 --> Helper loaded: url_helper
INFO - 2025-05-23 17:21:54 --> Helper loaded: easyui_helper
INFO - 2025-05-23 17:21:54 --> Helper loaded: param_helper
INFO - 2025-05-23 17:21:54 --> Helper loaded: credential_helper
INFO - 2025-05-23 17:21:54 --> Helper loaded: template_helper
INFO - 2025-05-23 17:21:54 --> Helper loaded: rest_helper
INFO - 2025-05-23 17:21:54 --> Database Driver Class Initialized
DEBUG - 2025-05-23 17:21:54 --> Idgenerator class already loaded. Second attempt ignored.
INFO - 2025-05-23 17:21:54 --> Controller Class Initialized
INFO - 2025-05-23 17:21:54 --> Model Class Initialized
DEBUG - 2025-05-23 17:21:54 --> File loaded: /Library/WebServer/Documents/web-drc/application/modules/rep_join_visit_outlet/models/Rep_join_visit_outlet_model.php
INFO - 2025-05-23 17:21:54 --> Model Class Initialized
INFO - 2025-05-23 17:21:54 --> Final output sent to browser
DEBUG - 2025-05-23 17:21:54 --> Total execution time: 0.0041
INFO - 2025-05-23 17:21:58 --> Config Class Initialized
INFO - 2025-05-23 17:21:58 --> Hooks Class Initialized
DEBUG - 2025-05-23 17:21:58 --> UTF-8 Support Enabled
INFO - 2025-05-23 17:21:58 --> Utf8 Class Initialized
INFO - 2025-05-23 17:21:58 --> URI Class Initialized
INFO - 2025-05-23 17:21:58 --> Router Class Initialized
INFO - 2025-05-23 17:21:58 --> Output Class Initialized
INFO - 2025-05-23 17:21:58 --> Security Class Initialized
DEBUG - 2025-05-23 17:21:58 --> Global POST, GET and COOKIE data sanitized
INFO - 2025-05-23 17:21:58 --> Input Class Initialized
INFO - 2025-05-23 17:21:58 --> Language Class Initialized
INFO - 2025-05-23 17:21:58 --> Language Class Initialized
INFO - 2025-05-23 17:21:58 --> Config Class Initialized
INFO - 2025-05-23 17:21:58 --> Loader Class Initialized
INFO - 2025-05-23 17:21:58 --> Helper loaded: url_helper
INFO - 2025-05-23 17:21:58 --> Helper loaded: easyui_helper
INFO - 2025-05-23 17:21:58 --> Helper loaded: param_helper
INFO - 2025-05-23 17:21:58 --> Helper loaded: credential_helper
INFO - 2025-05-23 17:21:58 --> Helper loaded: template_helper
INFO - 2025-05-23 17:21:58 --> Helper loaded: rest_helper
INFO - 2025-05-23 17:21:58 --> Database Driver Class Initialized
DEBUG - 2025-05-23 17:21:58 --> Idgenerator class already loaded. Second attempt ignored.
INFO - 2025-05-23 17:21:58 --> Controller Class Initialized
INFO - 2025-05-23 17:21:58 --> Model Class Initialized
DEBUG - 2025-05-23 17:21:58 --> File loaded: /Library/WebServer/Documents/web-drc/application/modules/rep_crc/models/Rep_crc_model.php
INFO - 2025-05-23 17:21:58 --> Model Class Initialized
DEBUG - 2025-05-23 17:21:58 --> File loaded: /Library/WebServer/Documents/web-drc/application/modules/rep_crc/views/form.php
DEBUG - 2025-05-23 17:21:58 --> File loaded: /Library/WebServer/Documents/web-drc/application/views/templates/header.php
DEBUG - 2025-05-23 17:21:58 --> File loaded: /Library/WebServer/Documents/web-drc/application/views/templates/toolbar.php
DEBUG - 2025-05-23 17:21:58 --> File loaded: /Library/WebServer/Documents/web-drc/application/views/templates/sidebar.php
DEBUG - 2025-05-23 17:21:58 --> File loaded: /Library/WebServer/Documents/web-drc/application/views/templates/contents.php
DEBUG - 2025-05-23 17:21:58 --> File loaded: /Library/WebServer/Documents/web-drc/application/views/templates/content_footer.php
DEBUG - 2025-05-23 17:21:58 --> File loaded: /Library/WebServer/Documents/web-drc/application/views/templates/footer.php
DEBUG - 2025-05-23 17:21:58 --> File loaded: /Library/WebServer/Documents/web-drc/application/views/templates/default.php
INFO - 2025-05-23 17:21:58 --> Final output sent to browser
DEBUG - 2025-05-23 17:21:58 --> Total execution time: 0.0171
INFO - 2025-05-23 17:21:58 --> Config Class Initialized
INFO - 2025-05-23 17:21:58 --> Hooks Class Initialized
DEBUG - 2025-05-23 17:21:58 --> UTF-8 Support Enabled
INFO - 2025-05-23 17:21:58 --> Utf8 Class Initialized
INFO - 2025-05-23 17:21:58 --> URI Class Initialized
INFO - 2025-05-23 17:21:58 --> Router Class Initialized
INFO - 2025-05-23 17:21:58 --> Output Class Initialized
INFO - 2025-05-23 17:21:58 --> Security Class Initialized
DEBUG - 2025-05-23 17:21:58 --> Global POST, GET and COOKIE data sanitized
INFO - 2025-05-23 17:21:58 --> Input Class Initialized
INFO - 2025-05-23 17:21:58 --> Language Class Initialized
INFO - 2025-05-23 17:21:58 --> Language Class Initialized
INFO - 2025-05-23 17:21:58 --> Config Class Initialized
INFO - 2025-05-23 17:21:58 --> Loader Class Initialized
INFO - 2025-05-23 17:21:58 --> Helper loaded: url_helper
INFO - 2025-05-23 17:21:58 --> Helper loaded: easyui_helper
INFO - 2025-05-23 17:21:58 --> Helper loaded: param_helper
INFO - 2025-05-23 17:21:58 --> Helper loaded: credential_helper
INFO - 2025-05-23 17:21:58 --> Helper loaded: template_helper
INFO - 2025-05-23 17:21:58 --> Helper loaded: rest_helper
INFO - 2025-05-23 17:21:58 --> Database Driver Class Initialized
DEBUG - 2025-05-23 17:21:58 --> Idgenerator class already loaded. Second attempt ignored.
INFO - 2025-05-23 17:21:58 --> Controller Class Initialized
INFO - 2025-05-23 17:21:58 --> Model Class Initialized
DEBUG - 2025-05-23 17:21:58 --> File loaded: /Library/WebServer/Documents/web-drc/application/modules/rep_crc/models/Rep_crc_model.php
INFO - 2025-05-23 17:21:58 --> Model Class Initialized
INFO - 2025-05-23 17:21:58 --> Final output sent to browser
DEBUG - 2025-05-23 17:21:58 --> Total execution time: 0.0056
INFO - 2025-05-23 17:22:08 --> Config Class Initialized
INFO - 2025-05-23 17:22:08 --> Hooks Class Initialized
DEBUG - 2025-05-23 17:22:08 --> UTF-8 Support Enabled
INFO - 2025-05-23 17:22:08 --> Utf8 Class Initialized
INFO - 2025-05-23 17:22:08 --> URI Class Initialized
INFO - 2025-05-23 17:22:08 --> Router Class Initialized
INFO - 2025-05-23 17:22:08 --> Output Class Initialized
INFO - 2025-05-23 17:22:08 --> Security Class Initialized
DEBUG - 2025-05-23 17:22:08 --> Global POST, GET and COOKIE data sanitized
INFO - 2025-05-23 17:22:08 --> Input Class Initialized
INFO - 2025-05-23 17:22:08 --> Language Class Initialized
INFO - 2025-05-23 17:22:08 --> Language Class Initialized
INFO - 2025-05-23 17:22:08 --> Config Class Initialized
INFO - 2025-05-23 17:22:08 --> Loader Class Initialized
INFO - 2025-05-23 17:22:08 --> Helper loaded: url_helper
INFO - 2025-05-23 17:22:08 --> Helper loaded: easyui_helper
INFO - 2025-05-23 17:22:08 --> Helper loaded: param_helper
INFO - 2025-05-23 17:22:08 --> Helper loaded: credential_helper
INFO - 2025-05-23 17:22:08 --> Helper loaded: template_helper
INFO - 2025-05-23 17:22:08 --> Helper loaded: rest_helper
INFO - 2025-05-23 17:22:08 --> Database Driver Class Initialized
DEBUG - 2025-05-23 17:22:08 --> Idgenerator class already loaded. Second attempt ignored.
INFO - 2025-05-23 17:22:08 --> Controller Class Initialized
INFO - 2025-05-23 17:22:08 --> Model Class Initialized
DEBUG - 2025-05-23 17:22:08 --> File loaded: /Library/WebServer/Documents/web-drc/application/modules/rep_available_mcs/models/Rep_available_mcs_model.php
INFO - 2025-05-23 17:22:08 --> Model Class Initialized
DEBUG - 2025-05-23 17:22:08 --> File loaded: /Library/WebServer/Documents/web-drc/application/modules/rep_available_mcs/views/content.php
DEBUG - 2025-05-23 17:22:08 --> File loaded: /Library/WebServer/Documents/web-drc/application/views/templates/header.php
DEBUG - 2025-05-23 17:22:08 --> File loaded: /Library/WebServer/Documents/web-drc/application/views/templates/toolbar.php
DEBUG - 2025-05-23 17:22:08 --> File loaded: /Library/WebServer/Documents/web-drc/application/views/templates/sidebar.php
DEBUG - 2025-05-23 17:22:08 --> File loaded: /Library/WebServer/Documents/web-drc/application/views/templates/contents.php
DEBUG - 2025-05-23 17:22:08 --> File loaded: /Library/WebServer/Documents/web-drc/application/views/templates/content_footer.php
DEBUG - 2025-05-23 17:22:08 --> File loaded: /Library/WebServer/Documents/web-drc/application/views/templates/footer.php
DEBUG - 2025-05-23 17:22:08 --> File loaded: /Library/WebServer/Documents/web-drc/application/views/templates/default.php
INFO - 2025-05-23 17:22:08 --> Final output sent to browser
DEBUG - 2025-05-23 17:22:08 --> Total execution time: 0.0138
INFO - 2025-05-23 17:22:08 --> Config Class Initialized
INFO - 2025-05-23 17:22:08 --> Hooks Class Initialized
DEBUG - 2025-05-23 17:22:08 --> UTF-8 Support Enabled
INFO - 2025-05-23 17:22:08 --> Utf8 Class Initialized
INFO - 2025-05-23 17:22:08 --> URI Class Initialized
INFO - 2025-05-23 17:22:08 --> Router Class Initialized
INFO - 2025-05-23 17:22:08 --> Output Class Initialized
INFO - 2025-05-23 17:22:08 --> Security Class Initialized
DEBUG - 2025-05-23 17:22:08 --> Global POST, GET and COOKIE data sanitized
INFO - 2025-05-23 17:22:08 --> Input Class Initialized
INFO - 2025-05-23 17:22:08 --> Language Class Initialized
INFO - 2025-05-23 17:22:08 --> Language Class Initialized
INFO - 2025-05-23 17:22:08 --> Config Class Initialized
INFO - 2025-05-23 17:22:08 --> Loader Class Initialized
INFO - 2025-05-23 17:22:08 --> Helper loaded: url_helper
INFO - 2025-05-23 17:22:08 --> Helper loaded: easyui_helper
INFO - 2025-05-23 17:22:08 --> Helper loaded: param_helper
INFO - 2025-05-23 17:22:08 --> Helper loaded: credential_helper
INFO - 2025-05-23 17:22:08 --> Helper loaded: template_helper
INFO - 2025-05-23 17:22:08 --> Helper loaded: rest_helper
INFO - 2025-05-23 17:22:08 --> Database Driver Class Initialized
DEBUG - 2025-05-23 17:22:08 --> Idgenerator class already loaded. Second attempt ignored.
INFO - 2025-05-23 17:22:08 --> Controller Class Initialized
INFO - 2025-05-23 17:22:08 --> Model Class Initialized
DEBUG - 2025-05-23 17:22:08 --> File loaded: /Library/WebServer/Documents/web-drc/application/modules/rep_available_mcs/models/Rep_available_mcs_model.php
INFO - 2025-05-23 17:22:08 --> Model Class Initialized
ERROR - 2025-05-23 17:22:08 --> Severity: Warning --> Undefined array key "restrict_level" /Library/WebServer/Documents/web-drc/application/modules/rep_available_mcs/models/Rep_available_mcs_model.php 10
ERROR - 2025-05-23 17:22:08 --> Severity: Warning --> Undefined array key "restrict_level" /Library/WebServer/Documents/web-drc/application/modules/rep_available_mcs/models/Rep_available_mcs_model.php 15
ERROR - 2025-05-23 17:22:08 --> Severity: Warning --> Undefined array key "restrict_level" /Library/WebServer/Documents/web-drc/application/modules/rep_available_mcs/models/Rep_available_mcs_model.php 20
ERROR - 2025-05-23 17:22:08 --> Severity: Warning --> Undefined array key "regionalid" /Library/WebServer/Documents/web-drc/application/modules/rep_available_mcs/models/Rep_available_mcs_model.php 29
ERROR - 2025-05-23 17:22:08 --> Severity: Warning --> Undefined array key "areaid" /Library/WebServer/Documents/web-drc/application/modules/rep_available_mcs/models/Rep_available_mcs_model.php 30
ERROR - 2025-05-23 17:22:08 --> Severity: Warning --> Undefined array key "subareaid" /Library/WebServer/Documents/web-drc/application/modules/rep_available_mcs/models/Rep_available_mcs_model.php 31
ERROR - 2025-05-23 17:22:08 --> Severity: Warning --> Undefined array key "classid" /Library/WebServer/Documents/web-drc/application/modules/rep_available_mcs/models/Rep_available_mcs_model.php 32
INFO - 2025-05-23 17:22:09 --> Final output sent to browser
DEBUG - 2025-05-23 17:22:09 --> Total execution time: 0.0735
INFO - 2025-05-23 17:22:09 --> Config Class Initialized
INFO - 2025-05-23 17:22:09 --> Hooks Class Initialized
DEBUG - 2025-05-23 17:22:09 --> UTF-8 Support Enabled
INFO - 2025-05-23 17:22:09 --> Utf8 Class Initialized
INFO - 2025-05-23 17:22:09 --> URI Class Initialized
INFO - 2025-05-23 17:22:09 --> Router Class Initialized
INFO - 2025-05-23 17:22:09 --> Output Class Initialized
INFO - 2025-05-23 17:22:09 --> Security Class Initialized
DEBUG - 2025-05-23 17:22:09 --> Global POST, GET and COOKIE data sanitized
INFO - 2025-05-23 17:22:09 --> Input Class Initialized
INFO - 2025-05-23 17:22:09 --> Language Class Initialized
INFO - 2025-05-23 17:22:09 --> Language Class Initialized
INFO - 2025-05-23 17:22:09 --> Config Class Initialized
INFO - 2025-05-23 17:22:09 --> Loader Class Initialized
INFO - 2025-05-23 17:22:09 --> Helper loaded: url_helper
INFO - 2025-05-23 17:22:09 --> Helper loaded: easyui_helper
INFO - 2025-05-23 17:22:09 --> Helper loaded: param_helper
INFO - 2025-05-23 17:22:09 --> Helper loaded: credential_helper
INFO - 2025-05-23 17:22:09 --> Helper loaded: template_helper
INFO - 2025-05-23 17:22:09 --> Helper loaded: rest_helper
INFO - 2025-05-23 17:22:09 --> Database Driver Class Initialized
DEBUG - 2025-05-23 17:22:09 --> Idgenerator class already loaded. Second attempt ignored.
INFO - 2025-05-23 17:22:09 --> Controller Class Initialized
INFO - 2025-05-23 17:22:09 --> Model Class Initialized
DEBUG - 2025-05-23 17:22:09 --> File loaded: /Library/WebServer/Documents/web-drc/application/modules/rep_available_mcs/models/Rep_available_mcs_model.php
INFO - 2025-05-23 17:22:09 --> Model Class Initialized
INFO - 2025-05-23 17:22:09 --> Final output sent to browser
DEBUG - 2025-05-23 17:22:09 --> Total execution time: 0.0043
INFO - 2025-05-23 17:22:09 --> Config Class Initialized
INFO - 2025-05-23 17:22:09 --> Hooks Class Initialized
DEBUG - 2025-05-23 17:22:09 --> UTF-8 Support Enabled
INFO - 2025-05-23 17:22:09 --> Utf8 Class Initialized
INFO - 2025-05-23 17:22:09 --> URI Class Initialized
INFO - 2025-05-23 17:22:09 --> Router Class Initialized
INFO - 2025-05-23 17:22:09 --> Output Class Initialized
INFO - 2025-05-23 17:22:09 --> Security Class Initialized
DEBUG - 2025-05-23 17:22:09 --> Global POST, GET and COOKIE data sanitized
INFO - 2025-05-23 17:22:09 --> Input Class Initialized
INFO - 2025-05-23 17:22:09 --> Language Class Initialized
INFO - 2025-05-23 17:22:09 --> Language Class Initialized
INFO - 2025-05-23 17:22:09 --> Config Class Initialized
INFO - 2025-05-23 17:22:09 --> Loader Class Initialized
INFO - 2025-05-23 17:22:09 --> Helper loaded: url_helper
INFO - 2025-05-23 17:22:09 --> Helper loaded: easyui_helper
INFO - 2025-05-23 17:22:09 --> Helper loaded: param_helper
INFO - 2025-05-23 17:22:09 --> Helper loaded: credential_helper
INFO - 2025-05-23 17:22:09 --> Helper loaded: template_helper
INFO - 2025-05-23 17:22:09 --> Helper loaded: rest_helper
INFO - 2025-05-23 17:22:09 --> Database Driver Class Initialized
DEBUG - 2025-05-23 17:22:09 --> Idgenerator class already loaded. Second attempt ignored.
INFO - 2025-05-23 17:22:09 --> Controller Class Initialized
INFO - 2025-05-23 17:22:09 --> Model Class Initialized
DEBUG - 2025-05-23 17:22:09 --> File loaded: /Library/WebServer/Documents/web-drc/application/modules/rep_available_mcs/models/Rep_available_mcs_model.php
INFO - 2025-05-23 17:22:09 --> Model Class Initialized
INFO - 2025-05-23 17:22:09 --> Final output sent to browser
DEBUG - 2025-05-23 17:22:09 --> Total execution time: 0.0049
INFO - 2025-05-23 17:22:25 --> Config Class Initialized
INFO - 2025-05-23 17:22:25 --> Hooks Class Initialized
DEBUG - 2025-05-23 17:22:25 --> UTF-8 Support Enabled
INFO - 2025-05-23 17:22:25 --> Utf8 Class Initialized
INFO - 2025-05-23 17:22:25 --> URI Class Initialized
INFO - 2025-05-23 17:22:25 --> Router Class Initialized
INFO - 2025-05-23 17:22:25 --> Output Class Initialized
INFO - 2025-05-23 17:22:25 --> Security Class Initialized
DEBUG - 2025-05-23 17:22:25 --> Global POST, GET and COOKIE data sanitized
INFO - 2025-05-23 17:22:25 --> Input Class Initialized
INFO - 2025-05-23 17:22:25 --> Language Class Initialized
INFO - 2025-05-23 17:22:25 --> Language Class Initialized
INFO - 2025-05-23 17:22:25 --> Config Class Initialized
INFO - 2025-05-23 17:22:25 --> Loader Class Initialized
INFO - 2025-05-23 17:22:25 --> Helper loaded: url_helper
INFO - 2025-05-23 17:22:25 --> Helper loaded: easyui_helper
INFO - 2025-05-23 17:22:25 --> Helper loaded: param_helper
INFO - 2025-05-23 17:22:25 --> Helper loaded: credential_helper
INFO - 2025-05-23 17:22:25 --> Helper loaded: template_helper
INFO - 2025-05-23 17:22:25 --> Helper loaded: rest_helper
INFO - 2025-05-23 17:22:25 --> Database Driver Class Initialized
DEBUG - 2025-05-23 17:22:25 --> Idgenerator class already loaded. Second attempt ignored.
INFO - 2025-05-23 17:22:25 --> Controller Class Initialized
INFO - 2025-05-23 17:22:25 --> Model Class Initialized
DEBUG - 2025-05-23 17:22:25 --> File loaded: /Library/WebServer/Documents/web-drc/application/modules/rep_order/models/Rep_order_model.php
INFO - 2025-05-23 17:22:25 --> Model Class Initialized
DEBUG - 2025-05-23 17:22:25 --> File loaded: /Library/WebServer/Documents/web-drc/application/modules/rep_order/views/content.php
DEBUG - 2025-05-23 17:22:25 --> File loaded: /Library/WebServer/Documents/web-drc/application/views/templates/header.php
DEBUG - 2025-05-23 17:22:25 --> File loaded: /Library/WebServer/Documents/web-drc/application/views/templates/toolbar.php
DEBUG - 2025-05-23 17:22:25 --> File loaded: /Library/WebServer/Documents/web-drc/application/views/templates/sidebar.php
DEBUG - 2025-05-23 17:22:25 --> File loaded: /Library/WebServer/Documents/web-drc/application/views/templates/contents.php
DEBUG - 2025-05-23 17:22:25 --> File loaded: /Library/WebServer/Documents/web-drc/application/views/templates/content_footer.php
DEBUG - 2025-05-23 17:22:25 --> File loaded: /Library/WebServer/Documents/web-drc/application/views/templates/footer.php
DEBUG - 2025-05-23 17:22:25 --> File loaded: /Library/WebServer/Documents/web-drc/application/views/templates/default.php
INFO - 2025-05-23 17:22:25 --> Final output sent to browser
DEBUG - 2025-05-23 17:22:25 --> Total execution time: 0.0126
INFO - 2025-05-23 17:22:25 --> Config Class Initialized
INFO - 2025-05-23 17:22:25 --> Hooks Class Initialized
DEBUG - 2025-05-23 17:22:25 --> UTF-8 Support Enabled
INFO - 2025-05-23 17:22:25 --> Utf8 Class Initialized
INFO - 2025-05-23 17:22:25 --> URI Class Initialized
INFO - 2025-05-23 17:22:25 --> Router Class Initialized
INFO - 2025-05-23 17:22:25 --> Output Class Initialized
INFO - 2025-05-23 17:22:25 --> Security Class Initialized
DEBUG - 2025-05-23 17:22:25 --> Global POST, GET and COOKIE data sanitized
INFO - 2025-05-23 17:22:25 --> Input Class Initialized
INFO - 2025-05-23 17:22:25 --> Language Class Initialized
INFO - 2025-05-23 17:22:25 --> Language Class Initialized
INFO - 2025-05-23 17:22:25 --> Config Class Initialized
INFO - 2025-05-23 17:22:25 --> Loader Class Initialized
INFO - 2025-05-23 17:22:25 --> Helper loaded: url_helper
INFO - 2025-05-23 17:22:25 --> Helper loaded: easyui_helper
INFO - 2025-05-23 17:22:25 --> Helper loaded: param_helper
INFO - 2025-05-23 17:22:25 --> Helper loaded: credential_helper
INFO - 2025-05-23 17:22:25 --> Helper loaded: template_helper
INFO - 2025-05-23 17:22:25 --> Helper loaded: rest_helper
INFO - 2025-05-23 17:22:25 --> Database Driver Class Initialized
DEBUG - 2025-05-23 17:22:25 --> Idgenerator class already loaded. Second attempt ignored.
INFO - 2025-05-23 17:22:25 --> Controller Class Initialized
INFO - 2025-05-23 17:22:25 --> Model Class Initialized
DEBUG - 2025-05-23 17:22:25 --> File loaded: /Library/WebServer/Documents/web-drc/application/modules/rep_order/models/Rep_order_model.php
INFO - 2025-05-23 17:22:25 --> Model Class Initialized
ERROR - 2025-05-23 17:22:25 --> Severity: Warning --> Undefined array key "restrict_level" /Library/WebServer/Documents/web-drc/application/modules/rep_order/models/Rep_order_model.php 10
ERROR - 2025-05-23 17:22:25 --> Severity: Warning --> Undefined array key "restrict_level" /Library/WebServer/Documents/web-drc/application/modules/rep_order/models/Rep_order_model.php 16
ERROR - 2025-05-23 17:22:25 --> Severity: Warning --> Undefined array key "restrict_level" /Library/WebServer/Documents/web-drc/application/modules/rep_order/models/Rep_order_model.php 22
ERROR - 2025-05-23 17:22:25 --> Severity: Warning --> Undefined array key "regionalid" /Library/WebServer/Documents/web-drc/application/modules/rep_order/models/Rep_order_model.php 32
ERROR - 2025-05-23 17:22:25 --> Severity: Warning --> Undefined array key "areaid" /Library/WebServer/Documents/web-drc/application/modules/rep_order/models/Rep_order_model.php 33
ERROR - 2025-05-23 17:22:25 --> Severity: Warning --> Undefined array key "subareaid" /Library/WebServer/Documents/web-drc/application/modules/rep_order/models/Rep_order_model.php 34
INFO - 2025-05-23 17:22:25 --> Final output sent to browser
DEBUG - 2025-05-23 17:22:25 --> Total execution time: 0.0046
INFO - 2025-05-23 17:22:25 --> Config Class Initialized
INFO - 2025-05-23 17:22:25 --> Hooks Class Initialized
DEBUG - 2025-05-23 17:22:25 --> UTF-8 Support Enabled
INFO - 2025-05-23 17:22:25 --> Utf8 Class Initialized
INFO - 2025-05-23 17:22:25 --> URI Class Initialized
INFO - 2025-05-23 17:22:25 --> Router Class Initialized
INFO - 2025-05-23 17:22:25 --> Output Class Initialized
INFO - 2025-05-23 17:22:25 --> Security Class Initialized
DEBUG - 2025-05-23 17:22:25 --> Global POST, GET and COOKIE data sanitized
INFO - 2025-05-23 17:22:25 --> Input Class Initialized
INFO - 2025-05-23 17:22:25 --> Language Class Initialized
INFO - 2025-05-23 17:22:25 --> Language Class Initialized
INFO - 2025-05-23 17:22:25 --> Config Class Initialized
INFO - 2025-05-23 17:22:25 --> Loader Class Initialized
INFO - 2025-05-23 17:22:25 --> Helper loaded: url_helper
INFO - 2025-05-23 17:22:25 --> Helper loaded: easyui_helper
INFO - 2025-05-23 17:22:25 --> Helper loaded: param_helper
INFO - 2025-05-23 17:22:25 --> Helper loaded: credential_helper
INFO - 2025-05-23 17:22:25 --> Helper loaded: template_helper
INFO - 2025-05-23 17:22:25 --> Helper loaded: rest_helper
INFO - 2025-05-23 17:22:25 --> Database Driver Class Initialized
DEBUG - 2025-05-23 17:22:25 --> Idgenerator class already loaded. Second attempt ignored.
INFO - 2025-05-23 17:22:25 --> Controller Class Initialized
INFO - 2025-05-23 17:22:25 --> Model Class Initialized
DEBUG - 2025-05-23 17:22:25 --> File loaded: /Library/WebServer/Documents/web-drc/application/modules/rep_order/models/Rep_order_model.php
INFO - 2025-05-23 17:22:25 --> Model Class Initialized
INFO - 2025-05-23 17:22:25 --> Final output sent to browser
DEBUG - 2025-05-23 17:22:25 --> Total execution time: 0.0049
INFO - 2025-05-23 17:22:30 --> Config Class Initialized
INFO - 2025-05-23 17:22:30 --> Hooks Class Initialized
DEBUG - 2025-05-23 17:22:30 --> UTF-8 Support Enabled
INFO - 2025-05-23 17:22:30 --> Utf8 Class Initialized
INFO - 2025-05-23 17:22:30 --> URI Class Initialized
INFO - 2025-05-23 17:22:30 --> Router Class Initialized
INFO - 2025-05-23 17:22:30 --> Output Class Initialized
INFO - 2025-05-23 17:22:30 --> Security Class Initialized
DEBUG - 2025-05-23 17:22:30 --> Global POST, GET and COOKIE data sanitized
INFO - 2025-05-23 17:22:30 --> Input Class Initialized
INFO - 2025-05-23 17:22:30 --> Language Class Initialized
INFO - 2025-05-23 17:22:30 --> Language Class Initialized
INFO - 2025-05-23 17:22:30 --> Config Class Initialized
INFO - 2025-05-23 17:22:30 --> Loader Class Initialized
INFO - 2025-05-23 17:22:30 --> Helper loaded: url_helper
INFO - 2025-05-23 17:22:30 --> Helper loaded: easyui_helper
INFO - 2025-05-23 17:22:30 --> Helper loaded: param_helper
INFO - 2025-05-23 17:22:30 --> Helper loaded: credential_helper
INFO - 2025-05-23 17:22:30 --> Helper loaded: template_helper
INFO - 2025-05-23 17:22:30 --> Helper loaded: rest_helper
INFO - 2025-05-23 17:22:30 --> Database Driver Class Initialized
DEBUG - 2025-05-23 17:22:30 --> Idgenerator class already loaded. Second attempt ignored.
INFO - 2025-05-23 17:22:30 --> Controller Class Initialized
INFO - 2025-05-23 17:22:30 --> Model Class Initialized
DEBUG - 2025-05-23 17:22:30 --> File loaded: /Library/WebServer/Documents/web-drc/application/modules/rep_promo/models/Rep_promo_model.php
INFO - 2025-05-23 17:22:30 --> Model Class Initialized
DEBUG - 2025-05-23 17:22:30 --> File loaded: /Library/WebServer/Documents/web-drc/application/modules/rep_promo/views/form.php
DEBUG - 2025-05-23 17:22:30 --> File loaded: /Library/WebServer/Documents/web-drc/application/views/templates/header.php
DEBUG - 2025-05-23 17:22:30 --> File loaded: /Library/WebServer/Documents/web-drc/application/views/templates/toolbar.php
DEBUG - 2025-05-23 17:22:30 --> File loaded: /Library/WebServer/Documents/web-drc/application/views/templates/sidebar.php
DEBUG - 2025-05-23 17:22:30 --> File loaded: /Library/WebServer/Documents/web-drc/application/views/templates/contents.php
DEBUG - 2025-05-23 17:22:30 --> File loaded: /Library/WebServer/Documents/web-drc/application/views/templates/content_footer.php
DEBUG - 2025-05-23 17:22:30 --> File loaded: /Library/WebServer/Documents/web-drc/application/views/templates/footer.php
DEBUG - 2025-05-23 17:22:30 --> File loaded: /Library/WebServer/Documents/web-drc/application/views/templates/default.php
INFO - 2025-05-23 17:22:30 --> Final output sent to browser
DEBUG - 2025-05-23 17:22:30 --> Total execution time: 0.0223
INFO - 2025-05-23 17:22:30 --> Config Class Initialized
INFO - 2025-05-23 17:22:30 --> Hooks Class Initialized
DEBUG - 2025-05-23 17:22:30 --> UTF-8 Support Enabled
INFO - 2025-05-23 17:22:30 --> Utf8 Class Initialized
INFO - 2025-05-23 17:22:30 --> URI Class Initialized
INFO - 2025-05-23 17:22:30 --> Router Class Initialized
INFO - 2025-05-23 17:22:30 --> Output Class Initialized
INFO - 2025-05-23 17:22:30 --> Security Class Initialized
DEBUG - 2025-05-23 17:22:30 --> Global POST, GET and COOKIE data sanitized
INFO - 2025-05-23 17:22:30 --> Input Class Initialized
INFO - 2025-05-23 17:22:30 --> Language Class Initialized
INFO - 2025-05-23 17:22:30 --> Language Class Initialized
INFO - 2025-05-23 17:22:30 --> Config Class Initialized
INFO - 2025-05-23 17:22:30 --> Loader Class Initialized
INFO - 2025-05-23 17:22:30 --> Helper loaded: url_helper
INFO - 2025-05-23 17:22:30 --> Helper loaded: easyui_helper
INFO - 2025-05-23 17:22:30 --> Helper loaded: param_helper
INFO - 2025-05-23 17:22:30 --> Helper loaded: credential_helper
INFO - 2025-05-23 17:22:30 --> Helper loaded: template_helper
INFO - 2025-05-23 17:22:30 --> Helper loaded: rest_helper
INFO - 2025-05-23 17:22:30 --> Database Driver Class Initialized
DEBUG - 2025-05-23 17:22:30 --> Idgenerator class already loaded. Second attempt ignored.
INFO - 2025-05-23 17:22:30 --> Controller Class Initialized
INFO - 2025-05-23 17:22:30 --> Model Class Initialized
DEBUG - 2025-05-23 17:22:30 --> File loaded: /Library/WebServer/Documents/web-drc/application/modules/rep_promo/models/Rep_promo_model.php
INFO - 2025-05-23 17:22:30 --> Model Class Initialized
INFO - 2025-05-23 17:22:30 --> Final output sent to browser
DEBUG - 2025-05-23 17:22:30 --> Total execution time: 0.0032
INFO - 2025-05-23 17:22:30 --> Config Class Initialized
INFO - 2025-05-23 17:22:30 --> Hooks Class Initialized
DEBUG - 2025-05-23 17:22:30 --> UTF-8 Support Enabled
INFO - 2025-05-23 17:22:30 --> Utf8 Class Initialized
INFO - 2025-05-23 17:22:30 --> URI Class Initialized
INFO - 2025-05-23 17:22:30 --> Router Class Initialized
INFO - 2025-05-23 17:22:30 --> Output Class Initialized
INFO - 2025-05-23 17:22:30 --> Security Class Initialized
DEBUG - 2025-05-23 17:22:30 --> Global POST, GET and COOKIE data sanitized
INFO - 2025-05-23 17:22:30 --> Input Class Initialized
INFO - 2025-05-23 17:22:30 --> Language Class Initialized
INFO - 2025-05-23 17:22:30 --> Language Class Initialized
INFO - 2025-05-23 17:22:30 --> Config Class Initialized
INFO - 2025-05-23 17:22:30 --> Loader Class Initialized
INFO - 2025-05-23 17:22:30 --> Helper loaded: url_helper
INFO - 2025-05-23 17:22:30 --> Helper loaded: easyui_helper
INFO - 2025-05-23 17:22:30 --> Helper loaded: param_helper
INFO - 2025-05-23 17:22:30 --> Helper loaded: credential_helper
INFO - 2025-05-23 17:22:30 --> Helper loaded: template_helper
INFO - 2025-05-23 17:22:30 --> Helper loaded: rest_helper
INFO - 2025-05-23 17:22:30 --> Database Driver Class Initialized
DEBUG - 2025-05-23 17:22:30 --> Idgenerator class already loaded. Second attempt ignored.
INFO - 2025-05-23 17:22:30 --> Controller Class Initialized
INFO - 2025-05-23 17:22:30 --> Model Class Initialized
DEBUG - 2025-05-23 17:22:30 --> File loaded: /Library/WebServer/Documents/web-drc/application/modules/rep_promo/models/Rep_promo_model.php
INFO - 2025-05-23 17:22:30 --> Model Class Initialized
INFO - 2025-05-23 17:22:30 --> Final output sent to browser
DEBUG - 2025-05-23 17:22:30 --> Total execution time: 0.0038
INFO - 2025-05-23 17:22:30 --> Config Class Initialized
INFO - 2025-05-23 17:22:30 --> Hooks Class Initialized
DEBUG - 2025-05-23 17:22:30 --> UTF-8 Support Enabled
INFO - 2025-05-23 17:22:30 --> Utf8 Class Initialized
INFO - 2025-05-23 17:22:30 --> URI Class Initialized
INFO - 2025-05-23 17:22:30 --> Router Class Initialized
INFO - 2025-05-23 17:22:30 --> Output Class Initialized
INFO - 2025-05-23 17:22:30 --> Security Class Initialized
DEBUG - 2025-05-23 17:22:30 --> Global POST, GET and COOKIE data sanitized
INFO - 2025-05-23 17:22:30 --> Input Class Initialized
INFO - 2025-05-23 17:22:30 --> Language Class Initialized
INFO - 2025-05-23 17:22:30 --> Language Class Initialized
INFO - 2025-05-23 17:22:30 --> Config Class Initialized
INFO - 2025-05-23 17:22:30 --> Loader Class Initialized
INFO - 2025-05-23 17:22:30 --> Helper loaded: url_helper
INFO - 2025-05-23 17:22:30 --> Helper loaded: easyui_helper
INFO - 2025-05-23 17:22:30 --> Helper loaded: param_helper
INFO - 2025-05-23 17:22:30 --> Helper loaded: credential_helper
INFO - 2025-05-23 17:22:30 --> Helper loaded: template_helper
INFO - 2025-05-23 17:22:30 --> Helper loaded: rest_helper
INFO - 2025-05-23 17:22:30 --> Database Driver Class Initialized
DEBUG - 2025-05-23 17:22:30 --> Idgenerator class already loaded. Second attempt ignored.
INFO - 2025-05-23 17:22:30 --> Controller Class Initialized
INFO - 2025-05-23 17:22:30 --> Model Class Initialized
DEBUG - 2025-05-23 17:22:30 --> File loaded: /Library/WebServer/Documents/web-drc/application/modules/api_v1/models/Api_v1_model.php
INFO - 2025-05-23 17:22:30 --> Model Class Initialized
INFO - 2025-05-23 17:22:30 --> Final output sent to browser
DEBUG - 2025-05-23 17:22:30 --> Total execution time: 0.0047
INFO - 2025-05-23 17:22:35 --> Config Class Initialized
INFO - 2025-05-23 17:22:35 --> Hooks Class Initialized
DEBUG - 2025-05-23 17:22:35 --> UTF-8 Support Enabled
INFO - 2025-05-23 17:22:35 --> Utf8 Class Initialized
INFO - 2025-05-23 17:22:35 --> URI Class Initialized
INFO - 2025-05-23 17:22:35 --> Router Class Initialized
INFO - 2025-05-23 17:22:35 --> Output Class Initialized
INFO - 2025-05-23 17:22:35 --> Security Class Initialized
DEBUG - 2025-05-23 17:22:35 --> Global POST, GET and COOKIE data sanitized
INFO - 2025-05-23 17:22:35 --> Input Class Initialized
INFO - 2025-05-23 17:22:35 --> Language Class Initialized
INFO - 2025-05-23 17:22:35 --> Language Class Initialized
INFO - 2025-05-23 17:22:35 --> Config Class Initialized
INFO - 2025-05-23 17:22:35 --> Loader Class Initialized
INFO - 2025-05-23 17:22:35 --> Helper loaded: url_helper
INFO - 2025-05-23 17:22:35 --> Helper loaded: easyui_helper
INFO - 2025-05-23 17:22:35 --> Helper loaded: param_helper
INFO - 2025-05-23 17:22:35 --> Helper loaded: credential_helper
INFO - 2025-05-23 17:22:35 --> Helper loaded: template_helper
INFO - 2025-05-23 17:22:35 --> Helper loaded: rest_helper
INFO - 2025-05-23 17:22:35 --> Database Driver Class Initialized
DEBUG - 2025-05-23 17:22:35 --> Idgenerator class already loaded. Second attempt ignored.
INFO - 2025-05-23 17:22:35 --> Controller Class Initialized
INFO - 2025-05-23 17:22:35 --> Model Class Initialized
DEBUG - 2025-05-23 17:22:35 --> File loaded: /Library/WebServer/Documents/web-drc/application/modules/rep_gffaktif/models/Rep_gffaktif_model.php
INFO - 2025-05-23 17:22:35 --> Model Class Initialized
DEBUG - 2025-05-23 17:22:35 --> File loaded: /Library/WebServer/Documents/web-drc/application/modules/rep_gffaktif/views/form.php
DEBUG - 2025-05-23 17:22:35 --> File loaded: /Library/WebServer/Documents/web-drc/application/views/templates/header.php
DEBUG - 2025-05-23 17:22:35 --> File loaded: /Library/WebServer/Documents/web-drc/application/views/templates/toolbar.php
DEBUG - 2025-05-23 17:22:35 --> File loaded: /Library/WebServer/Documents/web-drc/application/views/templates/sidebar.php
DEBUG - 2025-05-23 17:22:35 --> File loaded: /Library/WebServer/Documents/web-drc/application/views/templates/contents.php
DEBUG - 2025-05-23 17:22:35 --> File loaded: /Library/WebServer/Documents/web-drc/application/views/templates/content_footer.php
DEBUG - 2025-05-23 17:22:35 --> File loaded: /Library/WebServer/Documents/web-drc/application/views/templates/footer.php
DEBUG - 2025-05-23 17:22:35 --> File loaded: /Library/WebServer/Documents/web-drc/application/views/templates/default.php
INFO - 2025-05-23 17:22:35 --> Final output sent to browser
DEBUG - 2025-05-23 17:22:35 --> Total execution time: 0.0171
INFO - 2025-05-23 17:22:35 --> Config Class Initialized
INFO - 2025-05-23 17:22:35 --> Hooks Class Initialized
DEBUG - 2025-05-23 17:22:35 --> UTF-8 Support Enabled
INFO - 2025-05-23 17:22:35 --> Utf8 Class Initialized
INFO - 2025-05-23 17:22:35 --> URI Class Initialized
INFO - 2025-05-23 17:22:35 --> Router Class Initialized
INFO - 2025-05-23 17:22:35 --> Output Class Initialized
INFO - 2025-05-23 17:22:35 --> Security Class Initialized
DEBUG - 2025-05-23 17:22:35 --> Global POST, GET and COOKIE data sanitized
INFO - 2025-05-23 17:22:35 --> Input Class Initialized
INFO - 2025-05-23 17:22:35 --> Language Class Initialized
INFO - 2025-05-23 17:22:35 --> Language Class Initialized
INFO - 2025-05-23 17:22:35 --> Config Class Initialized
INFO - 2025-05-23 17:22:35 --> Loader Class Initialized
INFO - 2025-05-23 17:22:35 --> Helper loaded: url_helper
INFO - 2025-05-23 17:22:35 --> Helper loaded: easyui_helper
INFO - 2025-05-23 17:22:35 --> Helper loaded: param_helper
INFO - 2025-05-23 17:22:35 --> Helper loaded: credential_helper
INFO - 2025-05-23 17:22:35 --> Helper loaded: template_helper
INFO - 2025-05-23 17:22:35 --> Helper loaded: rest_helper
INFO - 2025-05-23 17:22:35 --> Database Driver Class Initialized
DEBUG - 2025-05-23 17:22:35 --> Idgenerator class already loaded. Second attempt ignored.
INFO - 2025-05-23 17:22:35 --> Controller Class Initialized
INFO - 2025-05-23 17:22:35 --> Model Class Initialized
DEBUG - 2025-05-23 17:22:35 --> File loaded: /Library/WebServer/Documents/web-drc/application/modules/rep_gffaktif/models/Rep_gffaktif_model.php
INFO - 2025-05-23 17:22:35 --> Model Class Initialized
INFO - 2025-05-23 17:22:35 --> Final output sent to browser
DEBUG - 2025-05-23 17:22:35 --> Total execution time: 0.0035
INFO - 2025-05-23 17:22:35 --> Config Class Initialized
INFO - 2025-05-23 17:22:35 --> Hooks Class Initialized
DEBUG - 2025-05-23 17:22:35 --> UTF-8 Support Enabled
INFO - 2025-05-23 17:22:35 --> Utf8 Class Initialized
INFO - 2025-05-23 17:22:35 --> URI Class Initialized
INFO - 2025-05-23 17:22:35 --> Router Class Initialized
INFO - 2025-05-23 17:22:35 --> Output Class Initialized
INFO - 2025-05-23 17:22:35 --> Security Class Initialized
DEBUG - 2025-05-23 17:22:35 --> Global POST, GET and COOKIE data sanitized
INFO - 2025-05-23 17:22:35 --> Input Class Initialized
INFO - 2025-05-23 17:22:35 --> Language Class Initialized
INFO - 2025-05-23 17:22:35 --> Language Class Initialized
INFO - 2025-05-23 17:22:35 --> Config Class Initialized
INFO - 2025-05-23 17:22:35 --> Loader Class Initialized
INFO - 2025-05-23 17:22:35 --> Helper loaded: url_helper
INFO - 2025-05-23 17:22:35 --> Helper loaded: easyui_helper
INFO - 2025-05-23 17:22:35 --> Helper loaded: param_helper
INFO - 2025-05-23 17:22:35 --> Helper loaded: credential_helper
INFO - 2025-05-23 17:22:35 --> Helper loaded: template_helper
INFO - 2025-05-23 17:22:35 --> Helper loaded: rest_helper
INFO - 2025-05-23 17:22:35 --> Database Driver Class Initialized
DEBUG - 2025-05-23 17:22:35 --> Idgenerator class already loaded. Second attempt ignored.
INFO - 2025-05-23 17:22:35 --> Controller Class Initialized
INFO - 2025-05-23 17:22:35 --> Model Class Initialized
DEBUG - 2025-05-23 17:22:35 --> File loaded: /Library/WebServer/Documents/web-drc/application/modules/api_v1/models/Api_v1_model.php
INFO - 2025-05-23 17:22:35 --> Model Class Initialized
INFO - 2025-05-23 17:22:35 --> Final output sent to browser
DEBUG - 2025-05-23 17:22:35 --> Total execution time: 0.0054
INFO - 2025-05-23 17:22:41 --> Config Class Initialized
INFO - 2025-05-23 17:22:41 --> Hooks Class Initialized
DEBUG - 2025-05-23 17:22:41 --> UTF-8 Support Enabled
INFO - 2025-05-23 17:22:41 --> Utf8 Class Initialized
INFO - 2025-05-23 17:22:41 --> URI Class Initialized
INFO - 2025-05-23 17:22:41 --> Router Class Initialized
INFO - 2025-05-23 17:22:41 --> Output Class Initialized
INFO - 2025-05-23 17:22:41 --> Security Class Initialized
DEBUG - 2025-05-23 17:22:41 --> Global POST, GET and COOKIE data sanitized
INFO - 2025-05-23 17:22:41 --> Input Class Initialized
INFO - 2025-05-23 17:22:41 --> Language Class Initialized
INFO - 2025-05-23 17:22:41 --> Language Class Initialized
INFO - 2025-05-23 17:22:41 --> Config Class Initialized
INFO - 2025-05-23 17:22:41 --> Loader Class Initialized
INFO - 2025-05-23 17:22:41 --> Helper loaded: url_helper
INFO - 2025-05-23 17:22:41 --> Helper loaded: easyui_helper
INFO - 2025-05-23 17:22:41 --> Helper loaded: param_helper
INFO - 2025-05-23 17:22:41 --> Helper loaded: credential_helper
INFO - 2025-05-23 17:22:41 --> Helper loaded: template_helper
INFO - 2025-05-23 17:22:41 --> Helper loaded: rest_helper
INFO - 2025-05-23 17:22:41 --> Database Driver Class Initialized
DEBUG - 2025-05-23 17:22:41 --> Idgenerator class already loaded. Second attempt ignored.
INFO - 2025-05-23 17:22:41 --> Controller Class Initialized
INFO - 2025-05-23 17:22:41 --> Model Class Initialized
DEBUG - 2025-05-23 17:22:41 --> File loaded: /Library/WebServer/Documents/web-drc/application/modules/rep_competitor/models/Rep_competitor_model.php
INFO - 2025-05-23 17:22:41 --> Model Class Initialized
DEBUG - 2025-05-23 17:22:41 --> File loaded: /Library/WebServer/Documents/web-drc/application/modules/rep_competitor/views/form.php
DEBUG - 2025-05-23 17:22:41 --> File loaded: /Library/WebServer/Documents/web-drc/application/views/templates/header.php
DEBUG - 2025-05-23 17:22:41 --> File loaded: /Library/WebServer/Documents/web-drc/application/views/templates/toolbar.php
DEBUG - 2025-05-23 17:22:41 --> File loaded: /Library/WebServer/Documents/web-drc/application/views/templates/sidebar.php
DEBUG - 2025-05-23 17:22:41 --> File loaded: /Library/WebServer/Documents/web-drc/application/views/templates/contents.php
DEBUG - 2025-05-23 17:22:41 --> File loaded: /Library/WebServer/Documents/web-drc/application/views/templates/content_footer.php
DEBUG - 2025-05-23 17:22:41 --> File loaded: /Library/WebServer/Documents/web-drc/application/views/templates/footer.php
DEBUG - 2025-05-23 17:22:41 --> File loaded: /Library/WebServer/Documents/web-drc/application/views/templates/default.php
INFO - 2025-05-23 17:22:41 --> Final output sent to browser
DEBUG - 2025-05-23 17:22:41 --> Total execution time: 0.0131
INFO - 2025-05-23 17:22:45 --> Config Class Initialized
INFO - 2025-05-23 17:22:45 --> Hooks Class Initialized
DEBUG - 2025-05-23 17:22:45 --> UTF-8 Support Enabled
INFO - 2025-05-23 17:22:45 --> Utf8 Class Initialized
INFO - 2025-05-23 17:22:45 --> URI Class Initialized
INFO - 2025-05-23 17:22:45 --> Router Class Initialized
INFO - 2025-05-23 17:22:45 --> Output Class Initialized
INFO - 2025-05-23 17:22:45 --> Security Class Initialized
DEBUG - 2025-05-23 17:22:45 --> Global POST, GET and COOKIE data sanitized
INFO - 2025-05-23 17:22:45 --> Input Class Initialized
INFO - 2025-05-23 17:22:45 --> Language Class Initialized
INFO - 2025-05-23 17:22:45 --> Language Class Initialized
INFO - 2025-05-23 17:22:45 --> Config Class Initialized
INFO - 2025-05-23 17:22:45 --> Loader Class Initialized
INFO - 2025-05-23 17:22:45 --> Helper loaded: url_helper
INFO - 2025-05-23 17:22:45 --> Helper loaded: easyui_helper
INFO - 2025-05-23 17:22:45 --> Helper loaded: param_helper
INFO - 2025-05-23 17:22:45 --> Helper loaded: credential_helper
INFO - 2025-05-23 17:22:45 --> Helper loaded: template_helper
INFO - 2025-05-23 17:22:45 --> Helper loaded: rest_helper
INFO - 2025-05-23 17:22:45 --> Database Driver Class Initialized
DEBUG - 2025-05-23 17:22:45 --> Idgenerator class already loaded. Second attempt ignored.
INFO - 2025-05-23 17:22:45 --> Controller Class Initialized
INFO - 2025-05-23 17:22:45 --> Model Class Initialized
DEBUG - 2025-05-23 17:22:45 --> File loaded: /Library/WebServer/Documents/web-drc/application/modules/rep_sos/models/Rep_sos_model.php
INFO - 2025-05-23 17:22:45 --> Model Class Initialized
DEBUG - 2025-05-23 17:22:45 --> File loaded: /Library/WebServer/Documents/web-drc/application/modules/rep_sos/views/form.php
DEBUG - 2025-05-23 17:22:45 --> File loaded: /Library/WebServer/Documents/web-drc/application/views/templates/header.php
DEBUG - 2025-05-23 17:22:45 --> File loaded: /Library/WebServer/Documents/web-drc/application/views/templates/toolbar.php
DEBUG - 2025-05-23 17:22:45 --> File loaded: /Library/WebServer/Documents/web-drc/application/views/templates/sidebar.php
DEBUG - 2025-05-23 17:22:45 --> File loaded: /Library/WebServer/Documents/web-drc/application/views/templates/contents.php
DEBUG - 2025-05-23 17:22:45 --> File loaded: /Library/WebServer/Documents/web-drc/application/views/templates/content_footer.php
DEBUG - 2025-05-23 17:22:45 --> File loaded: /Library/WebServer/Documents/web-drc/application/views/templates/footer.php
DEBUG - 2025-05-23 17:22:45 --> File loaded: /Library/WebServer/Documents/web-drc/application/views/templates/default.php
INFO - 2025-05-23 17:22:45 --> Final output sent to browser
DEBUG - 2025-05-23 17:22:45 --> Total execution time: 0.0122
INFO - 2025-05-23 17:22:45 --> Config Class Initialized
INFO - 2025-05-23 17:22:45 --> Hooks Class Initialized
DEBUG - 2025-05-23 17:22:45 --> UTF-8 Support Enabled
INFO - 2025-05-23 17:22:45 --> Utf8 Class Initialized
INFO - 2025-05-23 17:22:45 --> URI Class Initialized
INFO - 2025-05-23 17:22:45 --> Router Class Initialized
INFO - 2025-05-23 17:22:45 --> Output Class Initialized
INFO - 2025-05-23 17:22:45 --> Security Class Initialized
DEBUG - 2025-05-23 17:22:45 --> Global POST, GET and COOKIE data sanitized
INFO - 2025-05-23 17:22:45 --> Input Class Initialized
INFO - 2025-05-23 17:22:45 --> Language Class Initialized
INFO - 2025-05-23 17:22:45 --> Language Class Initialized
INFO - 2025-05-23 17:22:45 --> Config Class Initialized
INFO - 2025-05-23 17:22:45 --> Loader Class Initialized
INFO - 2025-05-23 17:22:45 --> Helper loaded: url_helper
INFO - 2025-05-23 17:22:45 --> Helper loaded: easyui_helper
INFO - 2025-05-23 17:22:45 --> Helper loaded: param_helper
INFO - 2025-05-23 17:22:45 --> Helper loaded: credential_helper
INFO - 2025-05-23 17:22:45 --> Helper loaded: template_helper
INFO - 2025-05-23 17:22:45 --> Helper loaded: rest_helper
INFO - 2025-05-23 17:22:45 --> Database Driver Class Initialized
DEBUG - 2025-05-23 17:22:45 --> Idgenerator class already loaded. Second attempt ignored.
INFO - 2025-05-23 17:22:45 --> Controller Class Initialized
INFO - 2025-05-23 17:22:45 --> Model Class Initialized
DEBUG - 2025-05-23 17:22:45 --> File loaded: /Library/WebServer/Documents/web-drc/application/modules/rep_promo/models/Rep_promo_model.php
INFO - 2025-05-23 17:22:45 --> Model Class Initialized
INFO - 2025-05-23 17:22:45 --> Final output sent to browser
DEBUG - 2025-05-23 17:22:45 --> Total execution time: 0.0079
INFO - 2025-05-23 17:22:48 --> Config Class Initialized
INFO - 2025-05-23 17:22:48 --> Hooks Class Initialized
DEBUG - 2025-05-23 17:22:48 --> UTF-8 Support Enabled
INFO - 2025-05-23 17:22:48 --> Utf8 Class Initialized
INFO - 2025-05-23 17:22:48 --> URI Class Initialized
INFO - 2025-05-23 17:22:48 --> Router Class Initialized
INFO - 2025-05-23 17:22:48 --> Output Class Initialized
INFO - 2025-05-23 17:22:48 --> Security Class Initialized
DEBUG - 2025-05-23 17:22:48 --> Global POST, GET and COOKIE data sanitized
INFO - 2025-05-23 17:22:48 --> Input Class Initialized
INFO - 2025-05-23 17:22:48 --> Language Class Initialized
INFO - 2025-05-23 17:22:48 --> Language Class Initialized
INFO - 2025-05-23 17:22:48 --> Config Class Initialized
INFO - 2025-05-23 17:22:48 --> Loader Class Initialized
INFO - 2025-05-23 17:22:48 --> Helper loaded: url_helper
INFO - 2025-05-23 17:22:48 --> Helper loaded: easyui_helper
INFO - 2025-05-23 17:22:48 --> Helper loaded: param_helper
INFO - 2025-05-23 17:22:48 --> Helper loaded: credential_helper
INFO - 2025-05-23 17:22:48 --> Helper loaded: template_helper
INFO - 2025-05-23 17:22:48 --> Helper loaded: rest_helper
INFO - 2025-05-23 17:22:48 --> Database Driver Class Initialized
DEBUG - 2025-05-23 17:22:48 --> Idgenerator class already loaded. Second attempt ignored.
INFO - 2025-05-23 17:22:48 --> Controller Class Initialized
INFO - 2025-05-23 17:22:48 --> Model Class Initialized
DEBUG - 2025-05-23 17:22:48 --> File loaded: /Library/WebServer/Documents/web-drc/application/modules/rep_dokumentasi/models/Rep_dokumentasi_model.php
INFO - 2025-05-23 17:22:48 --> Model Class Initialized
DEBUG - 2025-05-23 17:22:48 --> File loaded: /Library/WebServer/Documents/web-drc/application/modules/rep_dokumentasi/views/form.php
DEBUG - 2025-05-23 17:22:48 --> File loaded: /Library/WebServer/Documents/web-drc/application/views/templates/header.php
DEBUG - 2025-05-23 17:22:48 --> File loaded: /Library/WebServer/Documents/web-drc/application/views/templates/toolbar.php
DEBUG - 2025-05-23 17:22:48 --> File loaded: /Library/WebServer/Documents/web-drc/application/views/templates/sidebar.php
DEBUG - 2025-05-23 17:22:48 --> File loaded: /Library/WebServer/Documents/web-drc/application/views/templates/contents.php
DEBUG - 2025-05-23 17:22:48 --> File loaded: /Library/WebServer/Documents/web-drc/application/views/templates/content_footer.php
DEBUG - 2025-05-23 17:22:48 --> File loaded: /Library/WebServer/Documents/web-drc/application/views/templates/footer.php
DEBUG - 2025-05-23 17:22:48 --> File loaded: /Library/WebServer/Documents/web-drc/application/views/templates/default.php
INFO - 2025-05-23 17:22:48 --> Final output sent to browser
DEBUG - 2025-05-23 17:22:48 --> Total execution time: 0.0142
INFO - 2025-05-23 17:22:48 --> Config Class Initialized
INFO - 2025-05-23 17:22:48 --> Hooks Class Initialized
DEBUG - 2025-05-23 17:22:48 --> UTF-8 Support Enabled
INFO - 2025-05-23 17:22:48 --> Utf8 Class Initialized
INFO - 2025-05-23 17:22:48 --> URI Class Initialized
INFO - 2025-05-23 17:22:48 --> Router Class Initialized
INFO - 2025-05-23 17:22:48 --> Output Class Initialized
INFO - 2025-05-23 17:22:48 --> Security Class Initialized
DEBUG - 2025-05-23 17:22:48 --> Global POST, GET and COOKIE data sanitized
INFO - 2025-05-23 17:22:48 --> Input Class Initialized
INFO - 2025-05-23 17:22:48 --> Language Class Initialized
INFO - 2025-05-23 17:22:48 --> Language Class Initialized
INFO - 2025-05-23 17:22:48 --> Config Class Initialized
INFO - 2025-05-23 17:22:48 --> Loader Class Initialized
INFO - 2025-05-23 17:22:48 --> Helper loaded: url_helper
INFO - 2025-05-23 17:22:48 --> Helper loaded: easyui_helper
INFO - 2025-05-23 17:22:48 --> Helper loaded: param_helper
INFO - 2025-05-23 17:22:48 --> Helper loaded: credential_helper
INFO - 2025-05-23 17:22:48 --> Helper loaded: template_helper
INFO - 2025-05-23 17:22:48 --> Helper loaded: rest_helper
INFO - 2025-05-23 17:22:48 --> Database Driver Class Initialized
DEBUG - 2025-05-23 17:22:48 --> Idgenerator class already loaded. Second attempt ignored.
INFO - 2025-05-23 17:22:48 --> Controller Class Initialized
INFO - 2025-05-23 17:22:48 --> Model Class Initialized
DEBUG - 2025-05-23 17:22:48 --> File loaded: /Library/WebServer/Documents/web-drc/application/modules/rep_crc/models/Rep_crc_model.php
INFO - 2025-05-23 17:22:48 --> Model Class Initialized
INFO - 2025-05-23 17:22:48 --> Final output sent to browser
DEBUG - 2025-05-23 17:22:48 --> Total execution time: 0.0077
INFO - 2025-05-23 17:22:51 --> Config Class Initialized
INFO - 2025-05-23 17:22:51 --> Hooks Class Initialized
DEBUG - 2025-05-23 17:22:51 --> UTF-8 Support Enabled
INFO - 2025-05-23 17:22:51 --> Utf8 Class Initialized
INFO - 2025-05-23 17:22:51 --> URI Class Initialized
INFO - 2025-05-23 17:22:51 --> Router Class Initialized
INFO - 2025-05-23 17:22:51 --> Output Class Initialized
INFO - 2025-05-23 17:22:51 --> Security Class Initialized
DEBUG - 2025-05-23 17:22:51 --> Global POST, GET and COOKIE data sanitized
INFO - 2025-05-23 17:22:51 --> Input Class Initialized
INFO - 2025-05-23 17:22:51 --> Language Class Initialized
INFO - 2025-05-23 17:22:51 --> Language Class Initialized
INFO - 2025-05-23 17:22:51 --> Config Class Initialized
INFO - 2025-05-23 17:22:51 --> Loader Class Initialized
INFO - 2025-05-23 17:22:51 --> Helper loaded: url_helper
INFO - 2025-05-23 17:22:51 --> Helper loaded: easyui_helper
INFO - 2025-05-23 17:22:51 --> Helper loaded: param_helper
INFO - 2025-05-23 17:22:51 --> Helper loaded: credential_helper
INFO - 2025-05-23 17:22:51 --> Helper loaded: template_helper
INFO - 2025-05-23 17:22:51 --> Helper loaded: rest_helper
INFO - 2025-05-23 17:22:51 --> Database Driver Class Initialized
DEBUG - 2025-05-23 17:22:51 --> Idgenerator class already loaded. Second attempt ignored.
INFO - 2025-05-23 17:22:51 --> Controller Class Initialized
INFO - 2025-05-23 17:22:51 --> Model Class Initialized
DEBUG - 2025-05-23 17:22:51 --> File loaded: /Library/WebServer/Documents/web-drc/application/modules/rep_log/models/Rep_log_model.php
INFO - 2025-05-23 17:22:51 --> Model Class Initialized
DEBUG - 2025-05-23 17:22:51 --> File loaded: /Library/WebServer/Documents/web-drc/application/modules/rep_log/views/form.php
DEBUG - 2025-05-23 17:22:51 --> File loaded: /Library/WebServer/Documents/web-drc/application/views/templates/header.php
DEBUG - 2025-05-23 17:22:51 --> File loaded: /Library/WebServer/Documents/web-drc/application/views/templates/toolbar.php
DEBUG - 2025-05-23 17:22:51 --> File loaded: /Library/WebServer/Documents/web-drc/application/views/templates/sidebar.php
DEBUG - 2025-05-23 17:22:51 --> File loaded: /Library/WebServer/Documents/web-drc/application/views/templates/contents.php
DEBUG - 2025-05-23 17:22:51 --> File loaded: /Library/WebServer/Documents/web-drc/application/views/templates/content_footer.php
DEBUG - 2025-05-23 17:22:51 --> File loaded: /Library/WebServer/Documents/web-drc/application/views/templates/footer.php
DEBUG - 2025-05-23 17:22:51 --> File loaded: /Library/WebServer/Documents/web-drc/application/views/templates/default.php
INFO - 2025-05-23 17:22:51 --> Final output sent to browser
DEBUG - 2025-05-23 17:22:51 --> Total execution time: 0.0136
INFO - 2025-05-23 17:22:56 --> Config Class Initialized
INFO - 2025-05-23 17:22:56 --> Hooks Class Initialized
DEBUG - 2025-05-23 17:22:56 --> UTF-8 Support Enabled
INFO - 2025-05-23 17:22:56 --> Utf8 Class Initialized
INFO - 2025-05-23 17:22:56 --> URI Class Initialized
INFO - 2025-05-23 17:22:56 --> Router Class Initialized
INFO - 2025-05-23 17:22:56 --> Output Class Initialized
INFO - 2025-05-23 17:22:56 --> Security Class Initialized
DEBUG - 2025-05-23 17:22:56 --> Global POST, GET and COOKIE data sanitized
INFO - 2025-05-23 17:22:56 --> Input Class Initialized
INFO - 2025-05-23 17:22:56 --> Language Class Initialized
INFO - 2025-05-23 17:22:56 --> Language Class Initialized
INFO - 2025-05-23 17:22:56 --> Config Class Initialized
INFO - 2025-05-23 17:22:56 --> Loader Class Initialized
INFO - 2025-05-23 17:22:56 --> Helper loaded: url_helper
INFO - 2025-05-23 17:22:56 --> Helper loaded: easyui_helper
INFO - 2025-05-23 17:22:56 --> Helper loaded: param_helper
INFO - 2025-05-23 17:22:56 --> Helper loaded: credential_helper
INFO - 2025-05-23 17:22:56 --> Helper loaded: template_helper
INFO - 2025-05-23 17:22:56 --> Helper loaded: rest_helper
INFO - 2025-05-23 17:22:56 --> Database Driver Class Initialized
DEBUG - 2025-05-23 17:22:56 --> Idgenerator class already loaded. Second attempt ignored.
INFO - 2025-05-23 17:22:56 --> Controller Class Initialized
INFO - 2025-05-23 17:22:56 --> Model Class Initialized
DEBUG - 2025-05-23 17:22:56 --> File loaded: /Library/WebServer/Documents/web-drc/application/modules/rep_doi/models/Rep_doi_model.php
INFO - 2025-05-23 17:22:56 --> Model Class Initialized
DEBUG - 2025-05-23 17:22:56 --> File loaded: /Library/WebServer/Documents/web-drc/application/modules/rep_doi/views/form.php
DEBUG - 2025-05-23 17:22:56 --> File loaded: /Library/WebServer/Documents/web-drc/application/views/templates/header.php
DEBUG - 2025-05-23 17:22:56 --> File loaded: /Library/WebServer/Documents/web-drc/application/views/templates/toolbar.php
DEBUG - 2025-05-23 17:22:56 --> File loaded: /Library/WebServer/Documents/web-drc/application/views/templates/sidebar.php
DEBUG - 2025-05-23 17:22:56 --> File loaded: /Library/WebServer/Documents/web-drc/application/views/templates/contents.php
DEBUG - 2025-05-23 17:22:56 --> File loaded: /Library/WebServer/Documents/web-drc/application/views/templates/content_footer.php
DEBUG - 2025-05-23 17:22:56 --> File loaded: /Library/WebServer/Documents/web-drc/application/views/templates/footer.php
DEBUG - 2025-05-23 17:22:56 --> File loaded: /Library/WebServer/Documents/web-drc/application/views/templates/default.php
INFO - 2025-05-23 17:22:56 --> Final output sent to browser
DEBUG - 2025-05-23 17:22:56 --> Total execution time: 0.0134
INFO - 2025-05-23 17:22:56 --> Config Class Initialized
INFO - 2025-05-23 17:22:56 --> Hooks Class Initialized
DEBUG - 2025-05-23 17:22:56 --> UTF-8 Support Enabled
INFO - 2025-05-23 17:22:56 --> Utf8 Class Initialized
INFO - 2025-05-23 17:22:56 --> URI Class Initialized
INFO - 2025-05-23 17:22:56 --> Router Class Initialized
INFO - 2025-05-23 17:22:56 --> Output Class Initialized
INFO - 2025-05-23 17:22:56 --> Security Class Initialized
DEBUG - 2025-05-23 17:22:56 --> Global POST, GET and COOKIE data sanitized
INFO - 2025-05-23 17:22:56 --> Input Class Initialized
INFO - 2025-05-23 17:22:56 --> Language Class Initialized
INFO - 2025-05-23 17:22:56 --> Language Class Initialized
INFO - 2025-05-23 17:22:56 --> Config Class Initialized
INFO - 2025-05-23 17:22:56 --> Loader Class Initialized
INFO - 2025-05-23 17:22:56 --> Helper loaded: url_helper
INFO - 2025-05-23 17:22:56 --> Helper loaded: easyui_helper
INFO - 2025-05-23 17:22:56 --> Helper loaded: param_helper
INFO - 2025-05-23 17:22:56 --> Helper loaded: credential_helper
INFO - 2025-05-23 17:22:56 --> Helper loaded: template_helper
INFO - 2025-05-23 17:22:56 --> Helper loaded: rest_helper
INFO - 2025-05-23 17:22:56 --> Database Driver Class Initialized
DEBUG - 2025-05-23 17:22:56 --> Idgenerator class already loaded. Second attempt ignored.
INFO - 2025-05-23 17:22:56 --> Controller Class Initialized
INFO - 2025-05-23 17:22:56 --> Model Class Initialized
DEBUG - 2025-05-23 17:22:56 --> File loaded: /Library/WebServer/Documents/web-drc/application/modules/api_v1/models/Api_v1_model.php
INFO - 2025-05-23 17:22:56 --> Model Class Initialized
INFO - 2025-05-23 17:22:56 --> Final output sent to browser
DEBUG - 2025-05-23 17:22:56 --> Total execution time: 0.0056
INFO - 2025-05-23 17:22:56 --> Config Class Initialized
INFO - 2025-05-23 17:22:56 --> Hooks Class Initialized
DEBUG - 2025-05-23 17:22:56 --> UTF-8 Support Enabled
INFO - 2025-05-23 17:22:56 --> Utf8 Class Initialized
INFO - 2025-05-23 17:22:56 --> URI Class Initialized
INFO - 2025-05-23 17:22:56 --> Router Class Initialized
INFO - 2025-05-23 17:22:56 --> Output Class Initialized
INFO - 2025-05-23 17:22:56 --> Security Class Initialized
DEBUG - 2025-05-23 17:22:56 --> Global POST, GET and COOKIE data sanitized
INFO - 2025-05-23 17:22:56 --> Input Class Initialized
INFO - 2025-05-23 17:22:56 --> Language Class Initialized
INFO - 2025-05-23 17:22:56 --> Language Class Initialized
INFO - 2025-05-23 17:22:56 --> Config Class Initialized
INFO - 2025-05-23 17:22:56 --> Loader Class Initialized
INFO - 2025-05-23 17:22:56 --> Helper loaded: url_helper
INFO - 2025-05-23 17:22:56 --> Helper loaded: easyui_helper
INFO - 2025-05-23 17:22:56 --> Helper loaded: param_helper
INFO - 2025-05-23 17:22:56 --> Helper loaded: credential_helper
INFO - 2025-05-23 17:22:56 --> Helper loaded: template_helper
INFO - 2025-05-23 17:22:56 --> Helper loaded: rest_helper
INFO - 2025-05-23 17:22:56 --> Database Driver Class Initialized
DEBUG - 2025-05-23 17:22:56 --> Idgenerator class already loaded. Second attempt ignored.
INFO - 2025-05-23 17:22:56 --> Controller Class Initialized
INFO - 2025-05-23 17:22:56 --> Model Class Initialized
DEBUG - 2025-05-23 17:22:56 --> File loaded: /Library/WebServer/Documents/web-drc/application/modules/rep_doi/models/Rep_doi_model.php
INFO - 2025-05-23 17:22:56 --> Model Class Initialized
INFO - 2025-05-23 17:22:56 --> Final output sent to browser
DEBUG - 2025-05-23 17:22:56 --> Total execution time: 0.0028
INFO - 2025-05-23 17:23:10 --> Config Class Initialized
INFO - 2025-05-23 17:23:10 --> Hooks Class Initialized
DEBUG - 2025-05-23 17:23:10 --> UTF-8 Support Enabled
INFO - 2025-05-23 17:23:10 --> Utf8 Class Initialized
INFO - 2025-05-23 17:23:10 --> URI Class Initialized
INFO - 2025-05-23 17:23:10 --> Router Class Initialized
INFO - 2025-05-23 17:23:10 --> Output Class Initialized
INFO - 2025-05-23 17:23:10 --> Security Class Initialized
DEBUG - 2025-05-23 17:23:10 --> Global POST, GET and COOKIE data sanitized
INFO - 2025-05-23 17:23:10 --> Input Class Initialized
INFO - 2025-05-23 17:23:10 --> Language Class Initialized
INFO - 2025-05-23 17:23:10 --> Language Class Initialized
INFO - 2025-05-23 17:23:10 --> Config Class Initialized
INFO - 2025-05-23 17:23:10 --> Loader Class Initialized
INFO - 2025-05-23 17:23:10 --> Helper loaded: url_helper
INFO - 2025-05-23 17:23:10 --> Helper loaded: easyui_helper
INFO - 2025-05-23 17:23:10 --> Helper loaded: param_helper
INFO - 2025-05-23 17:23:10 --> Helper loaded: credential_helper
INFO - 2025-05-23 17:23:10 --> Helper loaded: template_helper
INFO - 2025-05-23 17:23:10 --> Helper loaded: rest_helper
INFO - 2025-05-23 17:23:10 --> Database Driver Class Initialized
DEBUG - 2025-05-23 17:23:10 --> Idgenerator class already loaded. Second attempt ignored.
INFO - 2025-05-23 17:23:10 --> Controller Class Initialized
INFO - 2025-05-23 17:23:10 --> Model Class Initialized
DEBUG - 2025-05-23 17:23:10 --> File loaded: /Library/WebServer/Documents/web-drc/application/modules/rep_doi/models/Rep_doi_model.php
INFO - 2025-05-23 17:23:10 --> Model Class Initialized
INFO - 2025-05-23 17:23:10 --> Final output sent to browser
DEBUG - 2025-05-23 17:23:10 --> Total execution time: 0.0051
INFO - 2025-05-23 17:23:24 --> Config Class Initialized
INFO - 2025-05-23 17:23:24 --> Hooks Class Initialized
DEBUG - 2025-05-23 17:23:24 --> UTF-8 Support Enabled
INFO - 2025-05-23 17:23:24 --> Utf8 Class Initialized
INFO - 2025-05-23 17:23:24 --> URI Class Initialized
INFO - 2025-05-23 17:23:24 --> Router Class Initialized
INFO - 2025-05-23 17:23:24 --> Output Class Initialized
INFO - 2025-05-23 17:23:24 --> Security Class Initialized
DEBUG - 2025-05-23 17:23:24 --> Global POST, GET and COOKIE data sanitized
INFO - 2025-05-23 17:23:24 --> Input Class Initialized
INFO - 2025-05-23 17:23:24 --> Language Class Initialized
INFO - 2025-05-23 17:23:24 --> Language Class Initialized
INFO - 2025-05-23 17:23:24 --> Config Class Initialized
INFO - 2025-05-23 17:23:24 --> Loader Class Initialized
INFO - 2025-05-23 17:23:24 --> Helper loaded: url_helper
INFO - 2025-05-23 17:23:24 --> Helper loaded: easyui_helper
INFO - 2025-05-23 17:23:24 --> Helper loaded: param_helper
INFO - 2025-05-23 17:23:24 --> Helper loaded: credential_helper
INFO - 2025-05-23 17:23:24 --> Helper loaded: template_helper
INFO - 2025-05-23 17:23:24 --> Helper loaded: rest_helper
INFO - 2025-05-23 17:23:24 --> Database Driver Class Initialized
DEBUG - 2025-05-23 17:23:24 --> Idgenerator class already loaded. Second attempt ignored.
INFO - 2025-05-23 17:23:24 --> Controller Class Initialized
INFO - 2025-05-23 17:23:24 --> Model Class Initialized
DEBUG - 2025-05-23 17:23:24 --> File loaded: /Library/WebServer/Documents/web-drc/application/modules/rep_doi/models/Rep_doi_model.php
INFO - 2025-05-23 17:23:24 --> Model Class Initialized
INFO - 2025-05-23 17:23:24 --> Final output sent to browser
DEBUG - 2025-05-23 17:23:24 --> Total execution time: 0.0052
INFO - 2025-05-23 17:23:30 --> Config Class Initialized
INFO - 2025-05-23 17:23:30 --> Hooks Class Initialized
DEBUG - 2025-05-23 17:23:30 --> UTF-8 Support Enabled
INFO - 2025-05-23 17:23:30 --> Utf8 Class Initialized
INFO - 2025-05-23 17:23:30 --> URI Class Initialized
INFO - 2025-05-23 17:23:30 --> Router Class Initialized
INFO - 2025-05-23 17:23:30 --> Output Class Initialized
INFO - 2025-05-23 17:23:30 --> Security Class Initialized
DEBUG - 2025-05-23 17:23:30 --> Global POST, GET and COOKIE data sanitized
INFO - 2025-05-23 17:23:30 --> Input Class Initialized
INFO - 2025-05-23 17:23:30 --> Language Class Initialized
INFO - 2025-05-23 17:23:30 --> Language Class Initialized
INFO - 2025-05-23 17:23:30 --> Config Class Initialized
INFO - 2025-05-23 17:23:30 --> Loader Class Initialized
INFO - 2025-05-23 17:23:30 --> Helper loaded: url_helper
INFO - 2025-05-23 17:23:30 --> Helper loaded: easyui_helper
INFO - 2025-05-23 17:23:30 --> Helper loaded: param_helper
INFO - 2025-05-23 17:23:30 --> Helper loaded: credential_helper
INFO - 2025-05-23 17:23:30 --> Helper loaded: template_helper
INFO - 2025-05-23 17:23:30 --> Helper loaded: rest_helper
INFO - 2025-05-23 17:23:30 --> Database Driver Class Initialized
DEBUG - 2025-05-23 17:23:30 --> Idgenerator class already loaded. Second attempt ignored.
INFO - 2025-05-23 17:23:30 --> Controller Class Initialized
INFO - 2025-05-23 17:23:30 --> Model Class Initialized
DEBUG - 2025-05-23 17:23:30 --> File loaded: /Library/WebServer/Documents/web-drc/application/modules/api_v1/models/Api_v1_model.php
INFO - 2025-05-23 17:23:30 --> Model Class Initialized
INFO - 2025-05-23 17:23:30 --> Final output sent to browser
DEBUG - 2025-05-23 17:23:30 --> Total execution time: 0.0063
INFO - 2025-05-23 17:24:09 --> Config Class Initialized
INFO - 2025-05-23 17:24:09 --> Hooks Class Initialized
DEBUG - 2025-05-23 17:24:09 --> UTF-8 Support Enabled
INFO - 2025-05-23 17:24:09 --> Utf8 Class Initialized
INFO - 2025-05-23 17:24:09 --> URI Class Initialized
INFO - 2025-05-23 17:24:09 --> Router Class Initialized
INFO - 2025-05-23 17:24:09 --> Output Class Initialized
INFO - 2025-05-23 17:24:09 --> Security Class Initialized
DEBUG - 2025-05-23 17:24:09 --> Global POST, GET and COOKIE data sanitized
INFO - 2025-05-23 17:24:09 --> Input Class Initialized
INFO - 2025-05-23 17:24:09 --> Language Class Initialized
INFO - 2025-05-23 17:24:09 --> Language Class Initialized
INFO - 2025-05-23 17:24:09 --> Config Class Initialized
INFO - 2025-05-23 17:24:09 --> Loader Class Initialized
INFO - 2025-05-23 17:24:09 --> Helper loaded: url_helper
INFO - 2025-05-23 17:24:09 --> Helper loaded: easyui_helper
INFO - 2025-05-23 17:24:09 --> Helper loaded: param_helper
INFO - 2025-05-23 17:24:09 --> Helper loaded: credential_helper
INFO - 2025-05-23 17:24:09 --> Helper loaded: template_helper
INFO - 2025-05-23 17:24:09 --> Helper loaded: rest_helper
INFO - 2025-05-23 17:24:09 --> Database Driver Class Initialized
DEBUG - 2025-05-23 17:24:09 --> Idgenerator class already loaded. Second attempt ignored.
INFO - 2025-05-23 17:24:09 --> Controller Class Initialized
INFO - 2025-05-23 17:24:09 --> Model Class Initialized
DEBUG - 2025-05-23 17:24:09 --> File loaded: /Library/WebServer/Documents/web-drc/application/modules/rep_doi/models/Rep_doi_model.php
INFO - 2025-05-23 17:24:09 --> Model Class Initialized
DEBUG - 2025-05-23 17:24:09 --> File loaded: /Library/WebServer/Documents/web-drc/application/modules/rep_doi/views/form.php
DEBUG - 2025-05-23 17:24:09 --> File loaded: /Library/WebServer/Documents/web-drc/application/views/templates/header.php
DEBUG - 2025-05-23 17:24:09 --> File loaded: /Library/WebServer/Documents/web-drc/application/views/templates/toolbar.php
DEBUG - 2025-05-23 17:24:09 --> File loaded: /Library/WebServer/Documents/web-drc/application/views/templates/sidebar.php
DEBUG - 2025-05-23 17:24:09 --> File loaded: /Library/WebServer/Documents/web-drc/application/views/templates/contents.php
DEBUG - 2025-05-23 17:24:09 --> File loaded: /Library/WebServer/Documents/web-drc/application/views/templates/content_footer.php
DEBUG - 2025-05-23 17:24:09 --> File loaded: /Library/WebServer/Documents/web-drc/application/views/templates/footer.php
DEBUG - 2025-05-23 17:24:09 --> File loaded: /Library/WebServer/Documents/web-drc/application/views/templates/default.php
INFO - 2025-05-23 17:24:09 --> Final output sent to browser
DEBUG - 2025-05-23 17:24:09 --> Total execution time: 0.0104
INFO - 2025-05-23 17:24:09 --> Config Class Initialized
INFO - 2025-05-23 17:24:09 --> Hooks Class Initialized
DEBUG - 2025-05-23 17:24:09 --> UTF-8 Support Enabled
INFO - 2025-05-23 17:24:09 --> Utf8 Class Initialized
INFO - 2025-05-23 17:24:09 --> URI Class Initialized
INFO - 2025-05-23 17:24:09 --> Router Class Initialized
INFO - 2025-05-23 17:24:09 --> Output Class Initialized
INFO - 2025-05-23 17:24:09 --> Security Class Initialized
DEBUG - 2025-05-23 17:24:09 --> Global POST, GET and COOKIE data sanitized
INFO - 2025-05-23 17:24:09 --> Input Class Initialized
INFO - 2025-05-23 17:24:09 --> Language Class Initialized
INFO - 2025-05-23 17:24:09 --> Language Class Initialized
INFO - 2025-05-23 17:24:09 --> Config Class Initialized
INFO - 2025-05-23 17:24:09 --> Loader Class Initialized
INFO - 2025-05-23 17:24:09 --> Helper loaded: url_helper
INFO - 2025-05-23 17:24:09 --> Helper loaded: easyui_helper
INFO - 2025-05-23 17:24:09 --> Helper loaded: param_helper
INFO - 2025-05-23 17:24:09 --> Helper loaded: credential_helper
INFO - 2025-05-23 17:24:09 --> Helper loaded: template_helper
INFO - 2025-05-23 17:24:09 --> Helper loaded: rest_helper
INFO - 2025-05-23 17:24:09 --> Database Driver Class Initialized
DEBUG - 2025-05-23 17:24:09 --> Idgenerator class already loaded. Second attempt ignored.
INFO - 2025-05-23 17:24:09 --> Controller Class Initialized
INFO - 2025-05-23 17:24:09 --> Model Class Initialized
DEBUG - 2025-05-23 17:24:09 --> File loaded: /Library/WebServer/Documents/web-drc/application/modules/api_v1/models/Api_v1_model.php
INFO - 2025-05-23 17:24:09 --> Model Class Initialized
INFO - 2025-05-23 17:24:09 --> Final output sent to browser
DEBUG - 2025-05-23 17:24:09 --> Total execution time: 0.0053
INFO - 2025-05-23 17:24:09 --> Config Class Initialized
INFO - 2025-05-23 17:24:09 --> Hooks Class Initialized
DEBUG - 2025-05-23 17:24:09 --> UTF-8 Support Enabled
INFO - 2025-05-23 17:24:09 --> Utf8 Class Initialized
INFO - 2025-05-23 17:24:09 --> URI Class Initialized
INFO - 2025-05-23 17:24:09 --> Router Class Initialized
INFO - 2025-05-23 17:24:09 --> Output Class Initialized
INFO - 2025-05-23 17:24:09 --> Security Class Initialized
DEBUG - 2025-05-23 17:24:09 --> Global POST, GET and COOKIE data sanitized
INFO - 2025-05-23 17:24:09 --> Input Class Initialized
INFO - 2025-05-23 17:24:09 --> Language Class Initialized
INFO - 2025-05-23 17:24:09 --> Language Class Initialized
INFO - 2025-05-23 17:24:09 --> Config Class Initialized
INFO - 2025-05-23 17:24:09 --> Loader Class Initialized
INFO - 2025-05-23 17:24:09 --> Helper loaded: url_helper
INFO - 2025-05-23 17:24:09 --> Helper loaded: easyui_helper
INFO - 2025-05-23 17:24:09 --> Helper loaded: param_helper
INFO - 2025-05-23 17:24:09 --> Helper loaded: credential_helper
INFO - 2025-05-23 17:24:09 --> Helper loaded: template_helper
INFO - 2025-05-23 17:24:09 --> Helper loaded: rest_helper
INFO - 2025-05-23 17:24:09 --> Database Driver Class Initialized
DEBUG - 2025-05-23 17:24:09 --> Idgenerator class already loaded. Second attempt ignored.
INFO - 2025-05-23 17:24:09 --> Controller Class Initialized
INFO - 2025-05-23 17:24:09 --> Model Class Initialized
DEBUG - 2025-05-23 17:24:09 --> File loaded: /Library/WebServer/Documents/web-drc/application/modules/rep_doi/models/Rep_doi_model.php
INFO - 2025-05-23 17:24:09 --> Model Class Initialized
INFO - 2025-05-23 17:24:09 --> Final output sent to browser
DEBUG - 2025-05-23 17:24:09 --> Total execution time: 0.0036
INFO - 2025-05-23 17:29:31 --> Config Class Initialized
INFO - 2025-05-23 17:29:31 --> Hooks Class Initialized
DEBUG - 2025-05-23 17:29:31 --> UTF-8 Support Enabled
INFO - 2025-05-23 17:29:31 --> Utf8 Class Initialized
INFO - 2025-05-23 17:29:31 --> URI Class Initialized
INFO - 2025-05-23 17:29:31 --> Router Class Initialized
INFO - 2025-05-23 17:29:31 --> Output Class Initialized
INFO - 2025-05-23 17:29:31 --> Security Class Initialized
DEBUG - 2025-05-23 17:29:31 --> Global POST, GET and COOKIE data sanitized
INFO - 2025-05-23 17:29:31 --> Input Class Initialized
INFO - 2025-05-23 17:29:31 --> Language Class Initialized
INFO - 2025-05-23 17:29:31 --> Language Class Initialized
INFO - 2025-05-23 17:29:31 --> Config Class Initialized
INFO - 2025-05-23 17:29:31 --> Loader Class Initialized
INFO - 2025-05-23 17:29:31 --> Helper loaded: url_helper
INFO - 2025-05-23 17:29:31 --> Helper loaded: easyui_helper
INFO - 2025-05-23 17:29:31 --> Helper loaded: param_helper
INFO - 2025-05-23 17:29:31 --> Helper loaded: credential_helper
INFO - 2025-05-23 17:29:31 --> Helper loaded: template_helper
INFO - 2025-05-23 17:29:31 --> Helper loaded: rest_helper
INFO - 2025-05-23 17:29:31 --> Database Driver Class Initialized
DEBUG - 2025-05-23 17:29:31 --> Idgenerator class already loaded. Second attempt ignored.
INFO - 2025-05-23 17:29:31 --> Controller Class Initialized
INFO - 2025-05-23 17:29:31 --> Model Class Initialized
DEBUG - 2025-05-23 17:29:31 --> File loaded: /Library/WebServer/Documents/web-drc/application/modules/app_menu/models/Menu_model.php
INFO - 2025-05-23 17:29:31 --> Model Class Initialized
DEBUG - 2025-05-23 17:29:31 --> File loaded: /Library/WebServer/Documents/web-drc/application/modules/app_menu/views/content.php
DEBUG - 2025-05-23 17:29:31 --> File loaded: /Library/WebServer/Documents/web-drc/application/views/templates/header.php
DEBUG - 2025-05-23 17:29:31 --> File loaded: /Library/WebServer/Documents/web-drc/application/views/templates/toolbar.php
DEBUG - 2025-05-23 17:29:31 --> File loaded: /Library/WebServer/Documents/web-drc/application/views/templates/sidebar.php
DEBUG - 2025-05-23 17:29:31 --> File loaded: /Library/WebServer/Documents/web-drc/application/views/templates/contents.php
DEBUG - 2025-05-23 17:29:31 --> File loaded: /Library/WebServer/Documents/web-drc/application/views/templates/content_footer.php
DEBUG - 2025-05-23 17:29:31 --> File loaded: /Library/WebServer/Documents/web-drc/application/views/templates/footer.php
DEBUG - 2025-05-23 17:29:31 --> File loaded: /Library/WebServer/Documents/web-drc/application/views/templates/default.php
INFO - 2025-05-23 17:29:31 --> Final output sent to browser
DEBUG - 2025-05-23 17:29:31 --> Total execution time: 0.0164
INFO - 2025-05-23 17:29:31 --> Config Class Initialized
INFO - 2025-05-23 17:29:31 --> Hooks Class Initialized
DEBUG - 2025-05-23 17:29:31 --> UTF-8 Support Enabled
INFO - 2025-05-23 17:29:31 --> Utf8 Class Initialized
INFO - 2025-05-23 17:29:31 --> URI Class Initialized
INFO - 2025-05-23 17:29:31 --> Router Class Initialized
INFO - 2025-05-23 17:29:31 --> Output Class Initialized
INFO - 2025-05-23 17:29:31 --> Security Class Initialized
DEBUG - 2025-05-23 17:29:31 --> Global POST, GET and COOKIE data sanitized
INFO - 2025-05-23 17:29:31 --> Input Class Initialized
INFO - 2025-05-23 17:29:31 --> Language Class Initialized
INFO - 2025-05-23 17:29:31 --> Language Class Initialized
INFO - 2025-05-23 17:29:31 --> Config Class Initialized
INFO - 2025-05-23 17:29:31 --> Loader Class Initialized
INFO - 2025-05-23 17:29:31 --> Helper loaded: url_helper
INFO - 2025-05-23 17:29:31 --> Helper loaded: easyui_helper
INFO - 2025-05-23 17:29:31 --> Helper loaded: param_helper
INFO - 2025-05-23 17:29:31 --> Helper loaded: credential_helper
INFO - 2025-05-23 17:29:31 --> Helper loaded: template_helper
INFO - 2025-05-23 17:29:31 --> Helper loaded: rest_helper
INFO - 2025-05-23 17:29:31 --> Database Driver Class Initialized
DEBUG - 2025-05-23 17:29:31 --> Idgenerator class already loaded. Second attempt ignored.
INFO - 2025-05-23 17:29:31 --> Controller Class Initialized
INFO - 2025-05-23 17:29:31 --> Model Class Initialized
DEBUG - 2025-05-23 17:29:31 --> File loaded: /Library/WebServer/Documents/web-drc/application/modules/app_menu/models/Menu_model.php
INFO - 2025-05-23 17:29:31 --> Model Class Initialized
INFO - 2025-05-23 17:29:31 --> Final output sent to browser
DEBUG - 2025-05-23 17:29:31 --> Total execution time: 0.0047
INFO - 2025-05-23 17:29:33 --> Config Class Initialized
INFO - 2025-05-23 17:29:33 --> Hooks Class Initialized
DEBUG - 2025-05-23 17:29:33 --> UTF-8 Support Enabled
INFO - 2025-05-23 17:29:33 --> Utf8 Class Initialized
INFO - 2025-05-23 17:29:33 --> URI Class Initialized
INFO - 2025-05-23 17:29:33 --> Router Class Initialized
INFO - 2025-05-23 17:29:33 --> Output Class Initialized
INFO - 2025-05-23 17:29:33 --> Security Class Initialized
DEBUG - 2025-05-23 17:29:33 --> Global POST, GET and COOKIE data sanitized
INFO - 2025-05-23 17:29:33 --> Input Class Initialized
INFO - 2025-05-23 17:29:33 --> Language Class Initialized
INFO - 2025-05-23 17:29:33 --> Language Class Initialized
INFO - 2025-05-23 17:29:33 --> Config Class Initialized
INFO - 2025-05-23 17:29:33 --> Loader Class Initialized
INFO - 2025-05-23 17:29:33 --> Helper loaded: url_helper
INFO - 2025-05-23 17:29:33 --> Helper loaded: easyui_helper
INFO - 2025-05-23 17:29:33 --> Helper loaded: param_helper
INFO - 2025-05-23 17:29:33 --> Helper loaded: credential_helper
INFO - 2025-05-23 17:29:33 --> Helper loaded: template_helper
INFO - 2025-05-23 17:29:33 --> Helper loaded: rest_helper
INFO - 2025-05-23 17:29:33 --> Database Driver Class Initialized
DEBUG - 2025-05-23 17:29:33 --> Idgenerator class already loaded. Second attempt ignored.
INFO - 2025-05-23 17:29:33 --> Controller Class Initialized
INFO - 2025-05-23 17:29:33 --> Model Class Initialized
DEBUG - 2025-05-23 17:29:33 --> File loaded: /Library/WebServer/Documents/web-drc/application/modules/app_menu/models/Menu_model.php
INFO - 2025-05-23 17:29:33 --> Model Class Initialized
DEBUG - 2025-05-23 17:29:33 --> File loaded: /Library/WebServer/Documents/web-drc/application/modules/app_menu/views/form.php
DEBUG - 2025-05-23 17:29:33 --> File loaded: /Library/WebServer/Documents/web-drc/application/views/templates/header.php
DEBUG - 2025-05-23 17:29:33 --> File loaded: /Library/WebServer/Documents/web-drc/application/views/templates/toolbar.php
DEBUG - 2025-05-23 17:29:33 --> File loaded: /Library/WebServer/Documents/web-drc/application/views/templates/sidebar.php
DEBUG - 2025-05-23 17:29:33 --> File loaded: /Library/WebServer/Documents/web-drc/application/views/templates/contents.php
DEBUG - 2025-05-23 17:29:33 --> File loaded: /Library/WebServer/Documents/web-drc/application/views/templates/content_footer.php
DEBUG - 2025-05-23 17:29:33 --> File loaded: /Library/WebServer/Documents/web-drc/application/views/templates/footer.php
DEBUG - 2025-05-23 17:29:33 --> File loaded: /Library/WebServer/Documents/web-drc/application/views/templates/default.php
INFO - 2025-05-23 17:29:33 --> Final output sent to browser
DEBUG - 2025-05-23 17:29:33 --> Total execution time: 0.0100
INFO - 2025-05-23 17:29:33 --> Config Class Initialized
INFO - 2025-05-23 17:29:33 --> Hooks Class Initialized
DEBUG - 2025-05-23 17:29:33 --> UTF-8 Support Enabled
INFO - 2025-05-23 17:29:33 --> Utf8 Class Initialized
INFO - 2025-05-23 17:29:33 --> URI Class Initialized
INFO - 2025-05-23 17:29:33 --> Router Class Initialized
INFO - 2025-05-23 17:29:33 --> Output Class Initialized
INFO - 2025-05-23 17:29:33 --> Security Class Initialized
DEBUG - 2025-05-23 17:29:33 --> Global POST, GET and COOKIE data sanitized
INFO - 2025-05-23 17:29:33 --> Input Class Initialized
INFO - 2025-05-23 17:29:33 --> Language Class Initialized
INFO - 2025-05-23 17:29:34 --> Language Class Initialized
INFO - 2025-05-23 17:29:34 --> Config Class Initialized
INFO - 2025-05-23 17:29:34 --> Loader Class Initialized
INFO - 2025-05-23 17:29:34 --> Helper loaded: url_helper
INFO - 2025-05-23 17:29:34 --> Helper loaded: easyui_helper
INFO - 2025-05-23 17:29:34 --> Helper loaded: param_helper
INFO - 2025-05-23 17:29:34 --> Helper loaded: credential_helper
INFO - 2025-05-23 17:29:34 --> Helper loaded: template_helper
INFO - 2025-05-23 17:29:34 --> Helper loaded: rest_helper
INFO - 2025-05-23 17:29:34 --> Database Driver Class Initialized
DEBUG - 2025-05-23 17:29:34 --> Idgenerator class already loaded. Second attempt ignored.
INFO - 2025-05-23 17:29:34 --> Controller Class Initialized
INFO - 2025-05-23 17:29:34 --> Model Class Initialized
DEBUG - 2025-05-23 17:29:34 --> File loaded: /Library/WebServer/Documents/web-drc/application/modules/app_menu/models/Menu_model.php
INFO - 2025-05-23 17:29:34 --> Model Class Initialized
INFO - 2025-05-23 17:29:34 --> Final output sent to browser
DEBUG - 2025-05-23 17:29:34 --> Total execution time: 0.0052
INFO - 2025-05-23 17:30:08 --> Config Class Initialized
INFO - 2025-05-23 17:30:08 --> Hooks Class Initialized
DEBUG - 2025-05-23 17:30:08 --> UTF-8 Support Enabled
INFO - 2025-05-23 17:30:08 --> Utf8 Class Initialized
INFO - 2025-05-23 17:30:08 --> URI Class Initialized
INFO - 2025-05-23 17:30:08 --> Router Class Initialized
INFO - 2025-05-23 17:30:08 --> Output Class Initialized
INFO - 2025-05-23 17:30:08 --> Security Class Initialized
DEBUG - 2025-05-23 17:30:08 --> Global POST, GET and COOKIE data sanitized
INFO - 2025-05-23 17:30:08 --> Input Class Initialized
INFO - 2025-05-23 17:30:08 --> Language Class Initialized
INFO - 2025-05-23 17:30:08 --> Language Class Initialized
INFO - 2025-05-23 17:30:08 --> Config Class Initialized
INFO - 2025-05-23 17:30:08 --> Loader Class Initialized
INFO - 2025-05-23 17:30:08 --> Helper loaded: url_helper
INFO - 2025-05-23 17:30:08 --> Helper loaded: easyui_helper
INFO - 2025-05-23 17:30:08 --> Helper loaded: param_helper
INFO - 2025-05-23 17:30:08 --> Helper loaded: credential_helper
INFO - 2025-05-23 17:30:08 --> Helper loaded: template_helper
INFO - 2025-05-23 17:30:08 --> Helper loaded: rest_helper
INFO - 2025-05-23 17:30:08 --> Database Driver Class Initialized
DEBUG - 2025-05-23 17:30:08 --> Idgenerator class already loaded. Second attempt ignored.
INFO - 2025-05-23 17:30:08 --> Controller Class Initialized
INFO - 2025-05-23 17:30:08 --> Model Class Initialized
DEBUG - 2025-05-23 17:30:08 --> File loaded: /Library/WebServer/Documents/web-drc/application/modules/app_menu/models/Menu_model.php
INFO - 2025-05-23 17:30:08 --> Model Class Initialized
ERROR - 2025-05-23 17:30:08 --> Cache: Failed to initialize APC; extension not loaded/enabled?
INFO - 2025-05-23 17:30:08 --> Helper loaded: file_helper
DEBUG - 2025-05-23 17:30:08 --> Cache adapter "apc" is unavailable. Falling back to "file" backup adapter.
INFO - 2025-05-23 17:30:08 --> Final output sent to browser
DEBUG - 2025-05-23 17:30:08 --> Total execution time: 0.0179
INFO - 2025-05-23 17:30:08 --> Config Class Initialized
INFO - 2025-05-23 17:30:08 --> Hooks Class Initialized
DEBUG - 2025-05-23 17:30:08 --> UTF-8 Support Enabled
INFO - 2025-05-23 17:30:08 --> Utf8 Class Initialized
INFO - 2025-05-23 17:30:08 --> URI Class Initialized
INFO - 2025-05-23 17:30:08 --> Router Class Initialized
INFO - 2025-05-23 17:30:08 --> Output Class Initialized
INFO - 2025-05-23 17:30:08 --> Security Class Initialized
DEBUG - 2025-05-23 17:30:08 --> Global POST, GET and COOKIE data sanitized
INFO - 2025-05-23 17:30:08 --> Input Class Initialized
INFO - 2025-05-23 17:30:08 --> Language Class Initialized
INFO - 2025-05-23 17:30:08 --> Language Class Initialized
INFO - 2025-05-23 17:30:08 --> Config Class Initialized
INFO - 2025-05-23 17:30:08 --> Loader Class Initialized
INFO - 2025-05-23 17:30:08 --> Helper loaded: url_helper
INFO - 2025-05-23 17:30:08 --> Helper loaded: easyui_helper
INFO - 2025-05-23 17:30:08 --> Helper loaded: param_helper
INFO - 2025-05-23 17:30:08 --> Helper loaded: credential_helper
INFO - 2025-05-23 17:30:08 --> Helper loaded: template_helper
INFO - 2025-05-23 17:30:08 --> Helper loaded: rest_helper
INFO - 2025-05-23 17:30:08 --> Database Driver Class Initialized
DEBUG - 2025-05-23 17:30:08 --> Idgenerator class already loaded. Second attempt ignored.
INFO - 2025-05-23 17:30:08 --> Controller Class Initialized
INFO - 2025-05-23 17:30:08 --> Model Class Initialized
DEBUG - 2025-05-23 17:30:08 --> File loaded: /Library/WebServer/Documents/web-drc/application/modules/app_menu/models/Menu_model.php
INFO - 2025-05-23 17:30:08 --> Model Class Initialized
DEBUG - 2025-05-23 17:30:08 --> File loaded: /Library/WebServer/Documents/web-drc/application/modules/app_menu/views/content.php
DEBUG - 2025-05-23 17:30:08 --> File loaded: /Library/WebServer/Documents/web-drc/application/views/templates/header.php
DEBUG - 2025-05-23 17:30:08 --> File loaded: /Library/WebServer/Documents/web-drc/application/views/templates/toolbar.php
DEBUG - 2025-05-23 17:30:08 --> File loaded: /Library/WebServer/Documents/web-drc/application/views/templates/sidebar.php
DEBUG - 2025-05-23 17:30:08 --> File loaded: /Library/WebServer/Documents/web-drc/application/views/templates/contents.php
DEBUG - 2025-05-23 17:30:08 --> File loaded: /Library/WebServer/Documents/web-drc/application/views/templates/content_footer.php
DEBUG - 2025-05-23 17:30:08 --> File loaded: /Library/WebServer/Documents/web-drc/application/views/templates/footer.php
DEBUG - 2025-05-23 17:30:08 --> File loaded: /Library/WebServer/Documents/web-drc/application/views/templates/default.php
INFO - 2025-05-23 17:30:08 --> Final output sent to browser
DEBUG - 2025-05-23 17:30:08 --> Total execution time: 0.0098
INFO - 2025-05-23 17:30:08 --> Config Class Initialized
INFO - 2025-05-23 17:30:08 --> Hooks Class Initialized
DEBUG - 2025-05-23 17:30:08 --> UTF-8 Support Enabled
INFO - 2025-05-23 17:30:08 --> Utf8 Class Initialized
INFO - 2025-05-23 17:30:08 --> URI Class Initialized
INFO - 2025-05-23 17:30:08 --> Router Class Initialized
INFO - 2025-05-23 17:30:08 --> Output Class Initialized
INFO - 2025-05-23 17:30:08 --> Security Class Initialized
DEBUG - 2025-05-23 17:30:08 --> Global POST, GET and COOKIE data sanitized
INFO - 2025-05-23 17:30:08 --> Input Class Initialized
INFO - 2025-05-23 17:30:08 --> Language Class Initialized
INFO - 2025-05-23 17:30:08 --> Language Class Initialized
INFO - 2025-05-23 17:30:08 --> Config Class Initialized
INFO - 2025-05-23 17:30:08 --> Loader Class Initialized
INFO - 2025-05-23 17:30:08 --> Helper loaded: url_helper
INFO - 2025-05-23 17:30:08 --> Helper loaded: easyui_helper
INFO - 2025-05-23 17:30:08 --> Helper loaded: param_helper
INFO - 2025-05-23 17:30:08 --> Helper loaded: credential_helper
INFO - 2025-05-23 17:30:08 --> Helper loaded: template_helper
INFO - 2025-05-23 17:30:08 --> Helper loaded: rest_helper
INFO - 2025-05-23 17:30:08 --> Database Driver Class Initialized
DEBUG - 2025-05-23 17:30:08 --> Idgenerator class already loaded. Second attempt ignored.
INFO - 2025-05-23 17:30:08 --> Controller Class Initialized
INFO - 2025-05-23 17:30:08 --> Model Class Initialized
DEBUG - 2025-05-23 17:30:08 --> File loaded: /Library/WebServer/Documents/web-drc/application/modules/app_menu/models/Menu_model.php
INFO - 2025-05-23 17:30:08 --> Model Class Initialized
INFO - 2025-05-23 17:30:08 --> Final output sent to browser
DEBUG - 2025-05-23 17:30:08 --> Total execution time: 0.0046
INFO - 2025-05-23 17:30:11 --> Config Class Initialized
INFO - 2025-05-23 17:30:11 --> Hooks Class Initialized
DEBUG - 2025-05-23 17:30:11 --> UTF-8 Support Enabled
INFO - 2025-05-23 17:30:11 --> Utf8 Class Initialized
INFO - 2025-05-23 17:30:11 --> URI Class Initialized
INFO - 2025-05-23 17:30:11 --> Router Class Initialized
INFO - 2025-05-23 17:30:11 --> Output Class Initialized
INFO - 2025-05-23 17:30:11 --> Security Class Initialized
DEBUG - 2025-05-23 17:30:11 --> Global POST, GET and COOKIE data sanitized
INFO - 2025-05-23 17:30:11 --> Input Class Initialized
INFO - 2025-05-23 17:30:11 --> Language Class Initialized
INFO - 2025-05-23 17:30:11 --> Language Class Initialized
INFO - 2025-05-23 17:30:11 --> Config Class Initialized
INFO - 2025-05-23 17:30:11 --> Loader Class Initialized
INFO - 2025-05-23 17:30:11 --> Helper loaded: url_helper
INFO - 2025-05-23 17:30:11 --> Helper loaded: easyui_helper
INFO - 2025-05-23 17:30:11 --> Helper loaded: param_helper
INFO - 2025-05-23 17:30:11 --> Helper loaded: credential_helper
INFO - 2025-05-23 17:30:11 --> Helper loaded: template_helper
INFO - 2025-05-23 17:30:11 --> Helper loaded: rest_helper
INFO - 2025-05-23 17:30:11 --> Database Driver Class Initialized
DEBUG - 2025-05-23 17:30:11 --> Idgenerator class already loaded. Second attempt ignored.
INFO - 2025-05-23 17:30:11 --> Controller Class Initialized
INFO - 2025-05-23 17:30:11 --> Model Class Initialized
DEBUG - 2025-05-23 17:30:11 --> File loaded: /Library/WebServer/Documents/web-drc/application/modules/app_role_menu/models/Role_menu_model.php
INFO - 2025-05-23 17:30:11 --> Model Class Initialized
DEBUG - 2025-05-23 17:30:11 --> File loaded: /Library/WebServer/Documents/web-drc/application/modules/app_role_menu/views/content.php
DEBUG - 2025-05-23 17:30:11 --> File loaded: /Library/WebServer/Documents/web-drc/application/views/templates/header.php
DEBUG - 2025-05-23 17:30:11 --> File loaded: /Library/WebServer/Documents/web-drc/application/views/templates/toolbar.php
DEBUG - 2025-05-23 17:30:11 --> File loaded: /Library/WebServer/Documents/web-drc/application/views/templates/sidebar.php
DEBUG - 2025-05-23 17:30:11 --> File loaded: /Library/WebServer/Documents/web-drc/application/views/templates/contents.php
DEBUG - 2025-05-23 17:30:11 --> File loaded: /Library/WebServer/Documents/web-drc/application/views/templates/content_footer.php
DEBUG - 2025-05-23 17:30:11 --> File loaded: /Library/WebServer/Documents/web-drc/application/views/templates/footer.php
DEBUG - 2025-05-23 17:30:11 --> File loaded: /Library/WebServer/Documents/web-drc/application/views/templates/default.php
INFO - 2025-05-23 17:30:11 --> Final output sent to browser
DEBUG - 2025-05-23 17:30:11 --> Total execution time: 0.0113
INFO - 2025-05-23 17:30:11 --> Config Class Initialized
INFO - 2025-05-23 17:30:11 --> Hooks Class Initialized
DEBUG - 2025-05-23 17:30:11 --> UTF-8 Support Enabled
INFO - 2025-05-23 17:30:11 --> Utf8 Class Initialized
INFO - 2025-05-23 17:30:11 --> URI Class Initialized
INFO - 2025-05-23 17:30:11 --> Router Class Initialized
INFO - 2025-05-23 17:30:11 --> Output Class Initialized
INFO - 2025-05-23 17:30:11 --> Security Class Initialized
DEBUG - 2025-05-23 17:30:11 --> Global POST, GET and COOKIE data sanitized
INFO - 2025-05-23 17:30:11 --> Input Class Initialized
INFO - 2025-05-23 17:30:11 --> Language Class Initialized
INFO - 2025-05-23 17:30:11 --> Language Class Initialized
INFO - 2025-05-23 17:30:11 --> Config Class Initialized
INFO - 2025-05-23 17:30:11 --> Loader Class Initialized
INFO - 2025-05-23 17:30:11 --> Helper loaded: url_helper
INFO - 2025-05-23 17:30:11 --> Helper loaded: easyui_helper
INFO - 2025-05-23 17:30:11 --> Helper loaded: param_helper
INFO - 2025-05-23 17:30:11 --> Helper loaded: credential_helper
INFO - 2025-05-23 17:30:11 --> Helper loaded: template_helper
INFO - 2025-05-23 17:30:11 --> Helper loaded: rest_helper
INFO - 2025-05-23 17:30:11 --> Database Driver Class Initialized
DEBUG - 2025-05-23 17:30:11 --> Idgenerator class already loaded. Second attempt ignored.
INFO - 2025-05-23 17:30:11 --> Controller Class Initialized
INFO - 2025-05-23 17:30:11 --> Model Class Initialized
DEBUG - 2025-05-23 17:30:11 --> File loaded: /Library/WebServer/Documents/web-drc/application/modules/app_role_menu/models/Role_menu_model.php
INFO - 2025-05-23 17:30:11 --> Model Class Initialized
INFO - 2025-05-23 17:30:11 --> Final output sent to browser
DEBUG - 2025-05-23 17:30:11 --> Total execution time: 0.0095
INFO - 2025-05-23 17:30:12 --> Config Class Initialized
INFO - 2025-05-23 17:30:12 --> Hooks Class Initialized
DEBUG - 2025-05-23 17:30:12 --> UTF-8 Support Enabled
INFO - 2025-05-23 17:30:12 --> Utf8 Class Initialized
INFO - 2025-05-23 17:30:12 --> URI Class Initialized
INFO - 2025-05-23 17:30:12 --> Router Class Initialized
INFO - 2025-05-23 17:30:12 --> Output Class Initialized
INFO - 2025-05-23 17:30:12 --> Security Class Initialized
DEBUG - 2025-05-23 17:30:12 --> Global POST, GET and COOKIE data sanitized
INFO - 2025-05-23 17:30:12 --> Input Class Initialized
INFO - 2025-05-23 17:30:12 --> Language Class Initialized
INFO - 2025-05-23 17:30:12 --> Language Class Initialized
INFO - 2025-05-23 17:30:12 --> Config Class Initialized
INFO - 2025-05-23 17:30:12 --> Loader Class Initialized
INFO - 2025-05-23 17:30:12 --> Helper loaded: url_helper
INFO - 2025-05-23 17:30:12 --> Helper loaded: easyui_helper
INFO - 2025-05-23 17:30:12 --> Helper loaded: param_helper
INFO - 2025-05-23 17:30:12 --> Helper loaded: credential_helper
INFO - 2025-05-23 17:30:12 --> Helper loaded: template_helper
INFO - 2025-05-23 17:30:12 --> Helper loaded: rest_helper
INFO - 2025-05-23 17:30:12 --> Database Driver Class Initialized
DEBUG - 2025-05-23 17:30:12 --> Idgenerator class already loaded. Second attempt ignored.
INFO - 2025-05-23 17:30:12 --> Controller Class Initialized
INFO - 2025-05-23 17:30:12 --> Model Class Initialized
DEBUG - 2025-05-23 17:30:12 --> File loaded: /Library/WebServer/Documents/web-drc/application/modules/app_role_menu/models/Role_menu_model.php
INFO - 2025-05-23 17:30:12 --> Model Class Initialized
DEBUG - 2025-05-23 17:30:12 --> File loaded: /Library/WebServer/Documents/web-drc/application/modules/app_role_menu/views/form.php
DEBUG - 2025-05-23 17:30:12 --> File loaded: /Library/WebServer/Documents/web-drc/application/views/templates/header.php
DEBUG - 2025-05-23 17:30:12 --> File loaded: /Library/WebServer/Documents/web-drc/application/views/templates/toolbar.php
DEBUG - 2025-05-23 17:30:12 --> File loaded: /Library/WebServer/Documents/web-drc/application/views/templates/sidebar.php
DEBUG - 2025-05-23 17:30:12 --> File loaded: /Library/WebServer/Documents/web-drc/application/views/templates/contents.php
DEBUG - 2025-05-23 17:30:12 --> File loaded: /Library/WebServer/Documents/web-drc/application/views/templates/content_footer.php
DEBUG - 2025-05-23 17:30:12 --> File loaded: /Library/WebServer/Documents/web-drc/application/views/templates/footer.php
DEBUG - 2025-05-23 17:30:12 --> File loaded: /Library/WebServer/Documents/web-drc/application/views/templates/default.php
INFO - 2025-05-23 17:30:12 --> Final output sent to browser
DEBUG - 2025-05-23 17:30:12 --> Total execution time: 0.0093
INFO - 2025-05-23 17:30:12 --> Config Class Initialized
INFO - 2025-05-23 17:30:12 --> Hooks Class Initialized
DEBUG - 2025-05-23 17:30:12 --> UTF-8 Support Enabled
INFO - 2025-05-23 17:30:12 --> Utf8 Class Initialized
INFO - 2025-05-23 17:30:12 --> URI Class Initialized
INFO - 2025-05-23 17:30:12 --> Router Class Initialized
INFO - 2025-05-23 17:30:12 --> Output Class Initialized
INFO - 2025-05-23 17:30:12 --> Security Class Initialized
DEBUG - 2025-05-23 17:30:12 --> Global POST, GET and COOKIE data sanitized
INFO - 2025-05-23 17:30:12 --> Input Class Initialized
INFO - 2025-05-23 17:30:12 --> Language Class Initialized
INFO - 2025-05-23 17:30:12 --> Language Class Initialized
INFO - 2025-05-23 17:30:12 --> Config Class Initialized
INFO - 2025-05-23 17:30:12 --> Loader Class Initialized
INFO - 2025-05-23 17:30:12 --> Helper loaded: url_helper
INFO - 2025-05-23 17:30:12 --> Helper loaded: easyui_helper
INFO - 2025-05-23 17:30:12 --> Helper loaded: param_helper
INFO - 2025-05-23 17:30:12 --> Helper loaded: credential_helper
INFO - 2025-05-23 17:30:12 --> Helper loaded: template_helper
INFO - 2025-05-23 17:30:12 --> Helper loaded: rest_helper
INFO - 2025-05-23 17:30:12 --> Database Driver Class Initialized
DEBUG - 2025-05-23 17:30:12 --> Idgenerator class already loaded. Second attempt ignored.
INFO - 2025-05-23 17:30:12 --> Controller Class Initialized
INFO - 2025-05-23 17:30:12 --> Model Class Initialized
DEBUG - 2025-05-23 17:30:12 --> File loaded: /Library/WebServer/Documents/web-drc/application/modules/app_menu/models/Menu_model.php
INFO - 2025-05-23 17:30:12 --> Model Class Initialized
INFO - 2025-05-23 17:30:12 --> Final output sent to browser
DEBUG - 2025-05-23 17:30:12 --> Total execution time: 0.0069
INFO - 2025-05-23 17:30:12 --> Config Class Initialized
INFO - 2025-05-23 17:30:12 --> Hooks Class Initialized
DEBUG - 2025-05-23 17:30:12 --> UTF-8 Support Enabled
INFO - 2025-05-23 17:30:12 --> Utf8 Class Initialized
INFO - 2025-05-23 17:30:12 --> URI Class Initialized
INFO - 2025-05-23 17:30:12 --> Router Class Initialized
INFO - 2025-05-23 17:30:12 --> Output Class Initialized
INFO - 2025-05-23 17:30:12 --> Security Class Initialized
DEBUG - 2025-05-23 17:30:12 --> Global POST, GET and COOKIE data sanitized
INFO - 2025-05-23 17:30:12 --> Input Class Initialized
INFO - 2025-05-23 17:30:12 --> Language Class Initialized
INFO - 2025-05-23 17:30:12 --> Language Class Initialized
INFO - 2025-05-23 17:30:12 --> Config Class Initialized
INFO - 2025-05-23 17:30:12 --> Loader Class Initialized
INFO - 2025-05-23 17:30:12 --> Helper loaded: url_helper
INFO - 2025-05-23 17:30:12 --> Helper loaded: easyui_helper
INFO - 2025-05-23 17:30:12 --> Helper loaded: param_helper
INFO - 2025-05-23 17:30:12 --> Helper loaded: credential_helper
INFO - 2025-05-23 17:30:12 --> Helper loaded: template_helper
INFO - 2025-05-23 17:30:12 --> Helper loaded: rest_helper
INFO - 2025-05-23 17:30:12 --> Database Driver Class Initialized
DEBUG - 2025-05-23 17:30:12 --> Idgenerator class already loaded. Second attempt ignored.
INFO - 2025-05-23 17:30:12 --> Controller Class Initialized
INFO - 2025-05-23 17:30:12 --> Model Class Initialized
DEBUG - 2025-05-23 17:30:12 --> File loaded: /Library/WebServer/Documents/web-drc/application/modules/app_role/models/Role_model.php
INFO - 2025-05-23 17:30:12 --> Model Class Initialized
INFO - 2025-05-23 17:30:12 --> Final output sent to browser
DEBUG - 2025-05-23 17:30:12 --> Total execution time: 0.0027
INFO - 2025-05-23 17:31:09 --> Config Class Initialized
INFO - 2025-05-23 17:31:09 --> Hooks Class Initialized
DEBUG - 2025-05-23 17:31:09 --> UTF-8 Support Enabled
INFO - 2025-05-23 17:31:09 --> Utf8 Class Initialized
INFO - 2025-05-23 17:31:09 --> URI Class Initialized
INFO - 2025-05-23 17:31:09 --> Router Class Initialized
INFO - 2025-05-23 17:31:09 --> Output Class Initialized
INFO - 2025-05-23 17:31:09 --> Security Class Initialized
DEBUG - 2025-05-23 17:31:09 --> Global POST, GET and COOKIE data sanitized
INFO - 2025-05-23 17:31:09 --> Input Class Initialized
INFO - 2025-05-23 17:31:09 --> Language Class Initialized
INFO - 2025-05-23 17:31:09 --> Language Class Initialized
INFO - 2025-05-23 17:31:09 --> Config Class Initialized
INFO - 2025-05-23 17:31:09 --> Loader Class Initialized
INFO - 2025-05-23 17:31:09 --> Helper loaded: url_helper
INFO - 2025-05-23 17:31:09 --> Helper loaded: easyui_helper
INFO - 2025-05-23 17:31:09 --> Helper loaded: param_helper
INFO - 2025-05-23 17:31:09 --> Helper loaded: credential_helper
INFO - 2025-05-23 17:31:09 --> Helper loaded: template_helper
INFO - 2025-05-23 17:31:09 --> Helper loaded: rest_helper
INFO - 2025-05-23 17:31:09 --> Database Driver Class Initialized
DEBUG - 2025-05-23 17:31:09 --> Idgenerator class already loaded. Second attempt ignored.
INFO - 2025-05-23 17:31:09 --> Controller Class Initialized
INFO - 2025-05-23 17:31:09 --> Model Class Initialized
DEBUG - 2025-05-23 17:31:09 --> File loaded: /Library/WebServer/Documents/web-drc/application/modules/app_role_menu/models/Role_menu_model.php
INFO - 2025-05-23 17:31:09 --> Model Class Initialized
DEBUG - 2025-05-23 17:31:09 --> File loaded: /Library/WebServer/Documents/web-drc/application/modules/app_role_menu/views/content.php
DEBUG - 2025-05-23 17:31:09 --> File loaded: /Library/WebServer/Documents/web-drc/application/views/templates/header.php
DEBUG - 2025-05-23 17:31:09 --> File loaded: /Library/WebServer/Documents/web-drc/application/views/templates/toolbar.php
DEBUG - 2025-05-23 17:31:09 --> File loaded: /Library/WebServer/Documents/web-drc/application/views/templates/sidebar.php
DEBUG - 2025-05-23 17:31:09 --> File loaded: /Library/WebServer/Documents/web-drc/application/views/templates/contents.php
DEBUG - 2025-05-23 17:31:09 --> File loaded: /Library/WebServer/Documents/web-drc/application/views/templates/content_footer.php
DEBUG - 2025-05-23 17:31:09 --> File loaded: /Library/WebServer/Documents/web-drc/application/views/templates/footer.php
DEBUG - 2025-05-23 17:31:09 --> File loaded: /Library/WebServer/Documents/web-drc/application/views/templates/default.php
INFO - 2025-05-23 17:31:09 --> Final output sent to browser
DEBUG - 2025-05-23 17:31:09 --> Total execution time: 0.0119
INFO - 2025-05-23 17:31:09 --> Config Class Initialized
INFO - 2025-05-23 17:31:09 --> Hooks Class Initialized
DEBUG - 2025-05-23 17:31:09 --> UTF-8 Support Enabled
INFO - 2025-05-23 17:31:09 --> Utf8 Class Initialized
INFO - 2025-05-23 17:31:09 --> URI Class Initialized
INFO - 2025-05-23 17:31:09 --> Router Class Initialized
INFO - 2025-05-23 17:31:09 --> Output Class Initialized
INFO - 2025-05-23 17:31:09 --> Security Class Initialized
DEBUG - 2025-05-23 17:31:09 --> Global POST, GET and COOKIE data sanitized
INFO - 2025-05-23 17:31:09 --> Input Class Initialized
INFO - 2025-05-23 17:31:09 --> Language Class Initialized
INFO - 2025-05-23 17:31:09 --> Language Class Initialized
INFO - 2025-05-23 17:31:09 --> Config Class Initialized
INFO - 2025-05-23 17:31:09 --> Loader Class Initialized
INFO - 2025-05-23 17:31:09 --> Helper loaded: url_helper
INFO - 2025-05-23 17:31:09 --> Helper loaded: easyui_helper
INFO - 2025-05-23 17:31:09 --> Helper loaded: param_helper
INFO - 2025-05-23 17:31:09 --> Helper loaded: credential_helper
INFO - 2025-05-23 17:31:09 --> Helper loaded: template_helper
INFO - 2025-05-23 17:31:09 --> Helper loaded: rest_helper
INFO - 2025-05-23 17:31:09 --> Database Driver Class Initialized
DEBUG - 2025-05-23 17:31:09 --> Idgenerator class already loaded. Second attempt ignored.
INFO - 2025-05-23 17:31:09 --> Controller Class Initialized
INFO - 2025-05-23 17:31:09 --> Model Class Initialized
DEBUG - 2025-05-23 17:31:09 --> File loaded: /Library/WebServer/Documents/web-drc/application/modules/app_role_menu/models/Role_menu_model.php
INFO - 2025-05-23 17:31:09 --> Model Class Initialized
INFO - 2025-05-23 17:31:09 --> Final output sent to browser
DEBUG - 2025-05-23 17:31:09 --> Total execution time: 0.0065
INFO - 2025-05-23 17:31:13 --> Config Class Initialized
INFO - 2025-05-23 17:31:13 --> Hooks Class Initialized
DEBUG - 2025-05-23 17:31:13 --> UTF-8 Support Enabled
INFO - 2025-05-23 17:31:13 --> Utf8 Class Initialized
INFO - 2025-05-23 17:31:13 --> URI Class Initialized
INFO - 2025-05-23 17:31:13 --> Router Class Initialized
INFO - 2025-05-23 17:31:13 --> Output Class Initialized
INFO - 2025-05-23 17:31:13 --> Security Class Initialized
DEBUG - 2025-05-23 17:31:13 --> Global POST, GET and COOKIE data sanitized
INFO - 2025-05-23 17:31:13 --> Input Class Initialized
INFO - 2025-05-23 17:31:13 --> Language Class Initialized
INFO - 2025-05-23 17:31:13 --> Language Class Initialized
INFO - 2025-05-23 17:31:13 --> Config Class Initialized
INFO - 2025-05-23 17:31:13 --> Loader Class Initialized
INFO - 2025-05-23 17:31:13 --> Helper loaded: url_helper
INFO - 2025-05-23 17:31:13 --> Helper loaded: easyui_helper
INFO - 2025-05-23 17:31:13 --> Helper loaded: param_helper
INFO - 2025-05-23 17:31:13 --> Helper loaded: credential_helper
INFO - 2025-05-23 17:31:13 --> Helper loaded: template_helper
INFO - 2025-05-23 17:31:13 --> Helper loaded: rest_helper
INFO - 2025-05-23 17:31:13 --> Database Driver Class Initialized
DEBUG - 2025-05-23 17:31:13 --> Idgenerator class already loaded. Second attempt ignored.
INFO - 2025-05-23 17:31:13 --> Controller Class Initialized
INFO - 2025-05-23 17:31:13 --> Model Class Initialized
DEBUG - 2025-05-23 17:31:13 --> File loaded: /Library/WebServer/Documents/web-drc/application/modules/app_menu/models/Menu_model.php
INFO - 2025-05-23 17:31:13 --> Model Class Initialized
DEBUG - 2025-05-23 17:31:13 --> File loaded: /Library/WebServer/Documents/web-drc/application/modules/app_menu/views/content.php
DEBUG - 2025-05-23 17:31:13 --> File loaded: /Library/WebServer/Documents/web-drc/application/views/templates/header.php
DEBUG - 2025-05-23 17:31:13 --> File loaded: /Library/WebServer/Documents/web-drc/application/views/templates/toolbar.php
DEBUG - 2025-05-23 17:31:13 --> File loaded: /Library/WebServer/Documents/web-drc/application/views/templates/sidebar.php
DEBUG - 2025-05-23 17:31:13 --> File loaded: /Library/WebServer/Documents/web-drc/application/views/templates/contents.php
DEBUG - 2025-05-23 17:31:13 --> File loaded: /Library/WebServer/Documents/web-drc/application/views/templates/content_footer.php
DEBUG - 2025-05-23 17:31:13 --> File loaded: /Library/WebServer/Documents/web-drc/application/views/templates/footer.php
DEBUG - 2025-05-23 17:31:13 --> File loaded: /Library/WebServer/Documents/web-drc/application/views/templates/default.php
INFO - 2025-05-23 17:31:13 --> Final output sent to browser
DEBUG - 2025-05-23 17:31:13 --> Total execution time: 0.0092
INFO - 2025-05-23 17:31:13 --> Config Class Initialized
INFO - 2025-05-23 17:31:13 --> Hooks Class Initialized
DEBUG - 2025-05-23 17:31:13 --> UTF-8 Support Enabled
INFO - 2025-05-23 17:31:13 --> Utf8 Class Initialized
INFO - 2025-05-23 17:31:13 --> URI Class Initialized
INFO - 2025-05-23 17:31:13 --> Router Class Initialized
INFO - 2025-05-23 17:31:13 --> Output Class Initialized
INFO - 2025-05-23 17:31:13 --> Security Class Initialized
DEBUG - 2025-05-23 17:31:13 --> Global POST, GET and COOKIE data sanitized
INFO - 2025-05-23 17:31:13 --> Input Class Initialized
INFO - 2025-05-23 17:31:13 --> Language Class Initialized
INFO - 2025-05-23 17:31:13 --> Language Class Initialized
INFO - 2025-05-23 17:31:13 --> Config Class Initialized
INFO - 2025-05-23 17:31:13 --> Loader Class Initialized
INFO - 2025-05-23 17:31:13 --> Helper loaded: url_helper
INFO - 2025-05-23 17:31:13 --> Helper loaded: easyui_helper
INFO - 2025-05-23 17:31:13 --> Helper loaded: param_helper
INFO - 2025-05-23 17:31:13 --> Helper loaded: credential_helper
INFO - 2025-05-23 17:31:13 --> Helper loaded: template_helper
INFO - 2025-05-23 17:31:13 --> Helper loaded: rest_helper
INFO - 2025-05-23 17:31:13 --> Database Driver Class Initialized
DEBUG - 2025-05-23 17:31:13 --> Idgenerator class already loaded. Second attempt ignored.
INFO - 2025-05-23 17:31:13 --> Controller Class Initialized
INFO - 2025-05-23 17:31:13 --> Model Class Initialized
DEBUG - 2025-05-23 17:31:13 --> File loaded: /Library/WebServer/Documents/web-drc/application/modules/app_menu/models/Menu_model.php
INFO - 2025-05-23 17:31:13 --> Model Class Initialized
INFO - 2025-05-23 17:31:13 --> Final output sent to browser
DEBUG - 2025-05-23 17:31:13 --> Total execution time: 0.0054
INFO - 2025-05-23 17:31:17 --> Config Class Initialized
INFO - 2025-05-23 17:31:17 --> Hooks Class Initialized
DEBUG - 2025-05-23 17:31:17 --> UTF-8 Support Enabled
INFO - 2025-05-23 17:31:17 --> Utf8 Class Initialized
INFO - 2025-05-23 17:31:17 --> URI Class Initialized
INFO - 2025-05-23 17:31:17 --> Router Class Initialized
INFO - 2025-05-23 17:31:17 --> Output Class Initialized
INFO - 2025-05-23 17:31:17 --> Security Class Initialized
DEBUG - 2025-05-23 17:31:17 --> Global POST, GET and COOKIE data sanitized
INFO - 2025-05-23 17:31:17 --> Input Class Initialized
INFO - 2025-05-23 17:31:17 --> Language Class Initialized
INFO - 2025-05-23 17:31:17 --> Language Class Initialized
INFO - 2025-05-23 17:31:17 --> Config Class Initialized
INFO - 2025-05-23 17:31:17 --> Loader Class Initialized
INFO - 2025-05-23 17:31:17 --> Helper loaded: url_helper
INFO - 2025-05-23 17:31:17 --> Helper loaded: easyui_helper
INFO - 2025-05-23 17:31:17 --> Helper loaded: param_helper
INFO - 2025-05-23 17:31:17 --> Helper loaded: credential_helper
INFO - 2025-05-23 17:31:17 --> Helper loaded: template_helper
INFO - 2025-05-23 17:31:17 --> Helper loaded: rest_helper
INFO - 2025-05-23 17:31:17 --> Database Driver Class Initialized
DEBUG - 2025-05-23 17:31:17 --> Idgenerator class already loaded. Second attempt ignored.
INFO - 2025-05-23 17:31:17 --> Controller Class Initialized
INFO - 2025-05-23 17:31:17 --> Model Class Initialized
DEBUG - 2025-05-23 17:31:17 --> File loaded: /Library/WebServer/Documents/web-drc/application/modules/app_menu/models/Menu_model.php
INFO - 2025-05-23 17:31:17 --> Model Class Initialized
INFO - 2025-05-23 17:31:17 --> Final output sent to browser
DEBUG - 2025-05-23 17:31:17 --> Total execution time: 0.0058
INFO - 2025-05-23 17:31:25 --> Config Class Initialized
INFO - 2025-05-23 17:31:25 --> Hooks Class Initialized
DEBUG - 2025-05-23 17:31:25 --> UTF-8 Support Enabled
INFO - 2025-05-23 17:31:25 --> Utf8 Class Initialized
INFO - 2025-05-23 17:31:25 --> URI Class Initialized
INFO - 2025-05-23 17:31:25 --> Router Class Initialized
INFO - 2025-05-23 17:31:25 --> Output Class Initialized
INFO - 2025-05-23 17:31:25 --> Security Class Initialized
DEBUG - 2025-05-23 17:31:25 --> Global POST, GET and COOKIE data sanitized
INFO - 2025-05-23 17:31:25 --> Input Class Initialized
INFO - 2025-05-23 17:31:25 --> Language Class Initialized
INFO - 2025-05-23 17:31:25 --> Language Class Initialized
INFO - 2025-05-23 17:31:25 --> Config Class Initialized
INFO - 2025-05-23 17:31:25 --> Loader Class Initialized
INFO - 2025-05-23 17:31:25 --> Helper loaded: url_helper
INFO - 2025-05-23 17:31:25 --> Helper loaded: easyui_helper
INFO - 2025-05-23 17:31:25 --> Helper loaded: param_helper
INFO - 2025-05-23 17:31:25 --> Helper loaded: credential_helper
INFO - 2025-05-23 17:31:25 --> Helper loaded: template_helper
INFO - 2025-05-23 17:31:25 --> Helper loaded: rest_helper
INFO - 2025-05-23 17:31:25 --> Database Driver Class Initialized
DEBUG - 2025-05-23 17:31:25 --> Idgenerator class already loaded. Second attempt ignored.
INFO - 2025-05-23 17:31:25 --> Controller Class Initialized
INFO - 2025-05-23 17:31:25 --> Model Class Initialized
DEBUG - 2025-05-23 17:31:25 --> File loaded: /Library/WebServer/Documents/web-drc/application/modules/app_menu/models/Menu_model.php
INFO - 2025-05-23 17:31:25 --> Model Class Initialized
DEBUG - 2025-05-23 17:31:25 --> File loaded: /Library/WebServer/Documents/web-drc/application/modules/app_menu/views/form.php
DEBUG - 2025-05-23 17:31:25 --> File loaded: /Library/WebServer/Documents/web-drc/application/views/templates/header.php
DEBUG - 2025-05-23 17:31:25 --> File loaded: /Library/WebServer/Documents/web-drc/application/views/templates/toolbar.php
DEBUG - 2025-05-23 17:31:25 --> File loaded: /Library/WebServer/Documents/web-drc/application/views/templates/sidebar.php
DEBUG - 2025-05-23 17:31:25 --> File loaded: /Library/WebServer/Documents/web-drc/application/views/templates/contents.php
DEBUG - 2025-05-23 17:31:25 --> File loaded: /Library/WebServer/Documents/web-drc/application/views/templates/content_footer.php
DEBUG - 2025-05-23 17:31:25 --> File loaded: /Library/WebServer/Documents/web-drc/application/views/templates/footer.php
DEBUG - 2025-05-23 17:31:25 --> File loaded: /Library/WebServer/Documents/web-drc/application/views/templates/default.php
INFO - 2025-05-23 17:31:25 --> Final output sent to browser
DEBUG - 2025-05-23 17:31:25 --> Total execution time: 0.0099
INFO - 2025-05-23 17:31:25 --> Config Class Initialized
INFO - 2025-05-23 17:31:25 --> Hooks Class Initialized
DEBUG - 2025-05-23 17:31:25 --> UTF-8 Support Enabled
INFO - 2025-05-23 17:31:25 --> Utf8 Class Initialized
INFO - 2025-05-23 17:31:25 --> URI Class Initialized
INFO - 2025-05-23 17:31:25 --> Router Class Initialized
INFO - 2025-05-23 17:31:25 --> Output Class Initialized
INFO - 2025-05-23 17:31:25 --> Security Class Initialized
DEBUG - 2025-05-23 17:31:25 --> Global POST, GET and COOKIE data sanitized
INFO - 2025-05-23 17:31:25 --> Input Class Initialized
INFO - 2025-05-23 17:31:25 --> Language Class Initialized
INFO - 2025-05-23 17:31:25 --> Language Class Initialized
INFO - 2025-05-23 17:31:25 --> Config Class Initialized
INFO - 2025-05-23 17:31:25 --> Loader Class Initialized
INFO - 2025-05-23 17:31:25 --> Helper loaded: url_helper
INFO - 2025-05-23 17:31:25 --> Helper loaded: easyui_helper
INFO - 2025-05-23 17:31:25 --> Helper loaded: param_helper
INFO - 2025-05-23 17:31:25 --> Helper loaded: credential_helper
INFO - 2025-05-23 17:31:25 --> Helper loaded: template_helper
INFO - 2025-05-23 17:31:25 --> Helper loaded: rest_helper
INFO - 2025-05-23 17:31:25 --> Database Driver Class Initialized
DEBUG - 2025-05-23 17:31:25 --> Idgenerator class already loaded. Second attempt ignored.
INFO - 2025-05-23 17:31:25 --> Controller Class Initialized
INFO - 2025-05-23 17:31:25 --> Model Class Initialized
DEBUG - 2025-05-23 17:31:25 --> File loaded: /Library/WebServer/Documents/web-drc/application/modules/app_menu/models/Menu_model.php
INFO - 2025-05-23 17:31:25 --> Model Class Initialized
INFO - 2025-05-23 17:31:25 --> Final output sent to browser
DEBUG - 2025-05-23 17:31:25 --> Total execution time: 0.0061
INFO - 2025-05-23 17:31:32 --> Config Class Initialized
INFO - 2025-05-23 17:31:32 --> Hooks Class Initialized
DEBUG - 2025-05-23 17:31:32 --> UTF-8 Support Enabled
INFO - 2025-05-23 17:31:32 --> Utf8 Class Initialized
INFO - 2025-05-23 17:31:32 --> URI Class Initialized
INFO - 2025-05-23 17:31:32 --> Router Class Initialized
INFO - 2025-05-23 17:31:32 --> Output Class Initialized
INFO - 2025-05-23 17:31:32 --> Security Class Initialized
DEBUG - 2025-05-23 17:31:32 --> Global POST, GET and COOKIE data sanitized
INFO - 2025-05-23 17:31:32 --> Input Class Initialized
INFO - 2025-05-23 17:31:32 --> Language Class Initialized
INFO - 2025-05-23 17:31:32 --> Language Class Initialized
INFO - 2025-05-23 17:31:32 --> Config Class Initialized
INFO - 2025-05-23 17:31:32 --> Loader Class Initialized
INFO - 2025-05-23 17:31:32 --> Helper loaded: url_helper
INFO - 2025-05-23 17:31:32 --> Helper loaded: easyui_helper
INFO - 2025-05-23 17:31:32 --> Helper loaded: param_helper
INFO - 2025-05-23 17:31:32 --> Helper loaded: credential_helper
INFO - 2025-05-23 17:31:32 --> Helper loaded: template_helper
INFO - 2025-05-23 17:31:32 --> Helper loaded: rest_helper
INFO - 2025-05-23 17:31:32 --> Database Driver Class Initialized
DEBUG - 2025-05-23 17:31:32 --> Idgenerator class already loaded. Second attempt ignored.
INFO - 2025-05-23 17:31:32 --> Controller Class Initialized
INFO - 2025-05-23 17:31:32 --> Model Class Initialized
DEBUG - 2025-05-23 17:31:32 --> File loaded: /Library/WebServer/Documents/web-drc/application/modules/app_menu/models/Menu_model.php
INFO - 2025-05-23 17:31:32 --> Model Class Initialized
INFO - 2025-05-23 17:31:32 --> Final output sent to browser
DEBUG - 2025-05-23 17:31:32 --> Total execution time: 0.0109
INFO - 2025-05-23 17:31:32 --> Config Class Initialized
INFO - 2025-05-23 17:31:32 --> Hooks Class Initialized
DEBUG - 2025-05-23 17:31:32 --> UTF-8 Support Enabled
INFO - 2025-05-23 17:31:32 --> Utf8 Class Initialized
INFO - 2025-05-23 17:31:32 --> URI Class Initialized
INFO - 2025-05-23 17:31:32 --> Router Class Initialized
INFO - 2025-05-23 17:31:32 --> Output Class Initialized
INFO - 2025-05-23 17:31:32 --> Security Class Initialized
DEBUG - 2025-05-23 17:31:32 --> Global POST, GET and COOKIE data sanitized
INFO - 2025-05-23 17:31:32 --> Input Class Initialized
INFO - 2025-05-23 17:31:32 --> Language Class Initialized
INFO - 2025-05-23 17:31:32 --> Language Class Initialized
INFO - 2025-05-23 17:31:32 --> Config Class Initialized
INFO - 2025-05-23 17:31:32 --> Loader Class Initialized
INFO - 2025-05-23 17:31:32 --> Helper loaded: url_helper
INFO - 2025-05-23 17:31:32 --> Helper loaded: easyui_helper
INFO - 2025-05-23 17:31:32 --> Helper loaded: param_helper
INFO - 2025-05-23 17:31:32 --> Helper loaded: credential_helper
INFO - 2025-05-23 17:31:32 --> Helper loaded: template_helper
INFO - 2025-05-23 17:31:32 --> Helper loaded: rest_helper
INFO - 2025-05-23 17:31:32 --> Database Driver Class Initialized
DEBUG - 2025-05-23 17:31:32 --> Idgenerator class already loaded. Second attempt ignored.
INFO - 2025-05-23 17:31:32 --> Controller Class Initialized
INFO - 2025-05-23 17:31:32 --> Model Class Initialized
DEBUG - 2025-05-23 17:31:32 --> File loaded: /Library/WebServer/Documents/web-drc/application/modules/app_menu/models/Menu_model.php
INFO - 2025-05-23 17:31:32 --> Model Class Initialized
DEBUG - 2025-05-23 17:31:32 --> File loaded: /Library/WebServer/Documents/web-drc/application/modules/app_menu/views/content.php
DEBUG - 2025-05-23 17:31:32 --> File loaded: /Library/WebServer/Documents/web-drc/application/views/templates/header.php
DEBUG - 2025-05-23 17:31:32 --> File loaded: /Library/WebServer/Documents/web-drc/application/views/templates/toolbar.php
DEBUG - 2025-05-23 17:31:32 --> File loaded: /Library/WebServer/Documents/web-drc/application/views/templates/sidebar.php
DEBUG - 2025-05-23 17:31:32 --> File loaded: /Library/WebServer/Documents/web-drc/application/views/templates/contents.php
DEBUG - 2025-05-23 17:31:32 --> File loaded: /Library/WebServer/Documents/web-drc/application/views/templates/content_footer.php
DEBUG - 2025-05-23 17:31:32 --> File loaded: /Library/WebServer/Documents/web-drc/application/views/templates/footer.php
DEBUG - 2025-05-23 17:31:32 --> File loaded: /Library/WebServer/Documents/web-drc/application/views/templates/default.php
INFO - 2025-05-23 17:31:32 --> Final output sent to browser
DEBUG - 2025-05-23 17:31:32 --> Total execution time: 0.0102
INFO - 2025-05-23 17:31:32 --> Config Class Initialized
INFO - 2025-05-23 17:31:32 --> Hooks Class Initialized
DEBUG - 2025-05-23 17:31:32 --> UTF-8 Support Enabled
INFO - 2025-05-23 17:31:32 --> Utf8 Class Initialized
INFO - 2025-05-23 17:31:32 --> URI Class Initialized
INFO - 2025-05-23 17:31:32 --> Router Class Initialized
INFO - 2025-05-23 17:31:32 --> Output Class Initialized
INFO - 2025-05-23 17:31:32 --> Security Class Initialized
DEBUG - 2025-05-23 17:31:32 --> Global POST, GET and COOKIE data sanitized
INFO - 2025-05-23 17:31:32 --> Input Class Initialized
INFO - 2025-05-23 17:31:32 --> Language Class Initialized
INFO - 2025-05-23 17:31:32 --> Language Class Initialized
INFO - 2025-05-23 17:31:32 --> Config Class Initialized
INFO - 2025-05-23 17:31:32 --> Loader Class Initialized
INFO - 2025-05-23 17:31:32 --> Helper loaded: url_helper
INFO - 2025-05-23 17:31:32 --> Helper loaded: easyui_helper
INFO - 2025-05-23 17:31:32 --> Helper loaded: param_helper
INFO - 2025-05-23 17:31:32 --> Helper loaded: credential_helper
INFO - 2025-05-23 17:31:32 --> Helper loaded: template_helper
INFO - 2025-05-23 17:31:32 --> Helper loaded: rest_helper
INFO - 2025-05-23 17:31:32 --> Database Driver Class Initialized
DEBUG - 2025-05-23 17:31:32 --> Idgenerator class already loaded. Second attempt ignored.
INFO - 2025-05-23 17:31:32 --> Controller Class Initialized
INFO - 2025-05-23 17:31:32 --> Model Class Initialized
DEBUG - 2025-05-23 17:31:32 --> File loaded: /Library/WebServer/Documents/web-drc/application/modules/app_menu/models/Menu_model.php
INFO - 2025-05-23 17:31:32 --> Model Class Initialized
INFO - 2025-05-23 17:31:32 --> Final output sent to browser
DEBUG - 2025-05-23 17:31:32 --> Total execution time: 0.0200
INFO - 2025-05-23 17:31:36 --> Config Class Initialized
INFO - 2025-05-23 17:31:36 --> Hooks Class Initialized
DEBUG - 2025-05-23 17:31:36 --> UTF-8 Support Enabled
INFO - 2025-05-23 17:31:36 --> Utf8 Class Initialized
INFO - 2025-05-23 17:31:36 --> URI Class Initialized
INFO - 2025-05-23 17:31:36 --> Router Class Initialized
INFO - 2025-05-23 17:31:36 --> Output Class Initialized
INFO - 2025-05-23 17:31:36 --> Security Class Initialized
DEBUG - 2025-05-23 17:31:36 --> Global POST, GET and COOKIE data sanitized
INFO - 2025-05-23 17:31:36 --> Input Class Initialized
INFO - 2025-05-23 17:31:36 --> Language Class Initialized
INFO - 2025-05-23 17:31:36 --> Language Class Initialized
INFO - 2025-05-23 17:31:36 --> Config Class Initialized
INFO - 2025-05-23 17:31:36 --> Loader Class Initialized
INFO - 2025-05-23 17:31:36 --> Helper loaded: url_helper
INFO - 2025-05-23 17:31:36 --> Helper loaded: easyui_helper
INFO - 2025-05-23 17:31:36 --> Helper loaded: param_helper
INFO - 2025-05-23 17:31:36 --> Helper loaded: credential_helper
INFO - 2025-05-23 17:31:36 --> Helper loaded: template_helper
INFO - 2025-05-23 17:31:36 --> Helper loaded: rest_helper
INFO - 2025-05-23 17:31:36 --> Database Driver Class Initialized
DEBUG - 2025-05-23 17:31:36 --> Idgenerator class already loaded. Second attempt ignored.
INFO - 2025-05-23 17:31:36 --> Controller Class Initialized
INFO - 2025-05-23 17:31:36 --> Model Class Initialized
DEBUG - 2025-05-23 17:31:36 --> File loaded: /Library/WebServer/Documents/web-drc/application/modules/app_role_menu/models/Role_menu_model.php
INFO - 2025-05-23 17:31:36 --> Model Class Initialized
DEBUG - 2025-05-23 17:31:36 --> File loaded: /Library/WebServer/Documents/web-drc/application/modules/app_role_menu/views/content.php
DEBUG - 2025-05-23 17:31:36 --> File loaded: /Library/WebServer/Documents/web-drc/application/views/templates/header.php
DEBUG - 2025-05-23 17:31:36 --> File loaded: /Library/WebServer/Documents/web-drc/application/views/templates/toolbar.php
DEBUG - 2025-05-23 17:31:36 --> File loaded: /Library/WebServer/Documents/web-drc/application/views/templates/sidebar.php
DEBUG - 2025-05-23 17:31:36 --> File loaded: /Library/WebServer/Documents/web-drc/application/views/templates/contents.php
DEBUG - 2025-05-23 17:31:36 --> File loaded: /Library/WebServer/Documents/web-drc/application/views/templates/content_footer.php
DEBUG - 2025-05-23 17:31:36 --> File loaded: /Library/WebServer/Documents/web-drc/application/views/templates/footer.php
DEBUG - 2025-05-23 17:31:36 --> File loaded: /Library/WebServer/Documents/web-drc/application/views/templates/default.php
INFO - 2025-05-23 17:31:36 --> Final output sent to browser
DEBUG - 2025-05-23 17:31:36 --> Total execution time: 0.0098
INFO - 2025-05-23 17:31:36 --> Config Class Initialized
INFO - 2025-05-23 17:31:36 --> Hooks Class Initialized
DEBUG - 2025-05-23 17:31:36 --> UTF-8 Support Enabled
INFO - 2025-05-23 17:31:36 --> Utf8 Class Initialized
INFO - 2025-05-23 17:31:36 --> URI Class Initialized
INFO - 2025-05-23 17:31:36 --> Router Class Initialized
INFO - 2025-05-23 17:31:36 --> Output Class Initialized
INFO - 2025-05-23 17:31:36 --> Security Class Initialized
DEBUG - 2025-05-23 17:31:36 --> Global POST, GET and COOKIE data sanitized
INFO - 2025-05-23 17:31:36 --> Input Class Initialized
INFO - 2025-05-23 17:31:36 --> Language Class Initialized
INFO - 2025-05-23 17:31:36 --> Language Class Initialized
INFO - 2025-05-23 17:31:36 --> Config Class Initialized
INFO - 2025-05-23 17:31:36 --> Loader Class Initialized
INFO - 2025-05-23 17:31:36 --> Helper loaded: url_helper
INFO - 2025-05-23 17:31:36 --> Helper loaded: easyui_helper
INFO - 2025-05-23 17:31:36 --> Helper loaded: param_helper
INFO - 2025-05-23 17:31:36 --> Helper loaded: credential_helper
INFO - 2025-05-23 17:31:36 --> Helper loaded: template_helper
INFO - 2025-05-23 17:31:36 --> Helper loaded: rest_helper
INFO - 2025-05-23 17:31:36 --> Database Driver Class Initialized
DEBUG - 2025-05-23 17:31:36 --> Idgenerator class already loaded. Second attempt ignored.
INFO - 2025-05-23 17:31:36 --> Controller Class Initialized
INFO - 2025-05-23 17:31:36 --> Model Class Initialized
DEBUG - 2025-05-23 17:31:36 --> File loaded: /Library/WebServer/Documents/web-drc/application/modules/app_role_menu/models/Role_menu_model.php
INFO - 2025-05-23 17:31:36 --> Model Class Initialized
INFO - 2025-05-23 17:31:36 --> Final output sent to browser
DEBUG - 2025-05-23 17:31:36 --> Total execution time: 0.0092
INFO - 2025-05-23 17:31:38 --> Config Class Initialized
INFO - 2025-05-23 17:31:38 --> Hooks Class Initialized
DEBUG - 2025-05-23 17:31:38 --> UTF-8 Support Enabled
INFO - 2025-05-23 17:31:38 --> Utf8 Class Initialized
INFO - 2025-05-23 17:31:38 --> URI Class Initialized
INFO - 2025-05-23 17:31:38 --> Router Class Initialized
INFO - 2025-05-23 17:31:38 --> Output Class Initialized
INFO - 2025-05-23 17:31:38 --> Security Class Initialized
DEBUG - 2025-05-23 17:31:38 --> Global POST, GET and COOKIE data sanitized
INFO - 2025-05-23 17:31:38 --> Input Class Initialized
INFO - 2025-05-23 17:31:38 --> Language Class Initialized
INFO - 2025-05-23 17:31:38 --> Language Class Initialized
INFO - 2025-05-23 17:31:38 --> Config Class Initialized
INFO - 2025-05-23 17:31:38 --> Loader Class Initialized
INFO - 2025-05-23 17:31:38 --> Helper loaded: url_helper
INFO - 2025-05-23 17:31:38 --> Helper loaded: easyui_helper
INFO - 2025-05-23 17:31:38 --> Helper loaded: param_helper
INFO - 2025-05-23 17:31:38 --> Helper loaded: credential_helper
INFO - 2025-05-23 17:31:38 --> Helper loaded: template_helper
INFO - 2025-05-23 17:31:38 --> Helper loaded: rest_helper
INFO - 2025-05-23 17:31:38 --> Database Driver Class Initialized
DEBUG - 2025-05-23 17:31:38 --> Idgenerator class already loaded. Second attempt ignored.
INFO - 2025-05-23 17:31:38 --> Controller Class Initialized
INFO - 2025-05-23 17:31:38 --> Model Class Initialized
DEBUG - 2025-05-23 17:31:38 --> File loaded: /Library/WebServer/Documents/web-drc/application/modules/app_role_menu/models/Role_menu_model.php
INFO - 2025-05-23 17:31:38 --> Model Class Initialized
DEBUG - 2025-05-23 17:31:38 --> File loaded: /Library/WebServer/Documents/web-drc/application/modules/app_role_menu/views/form.php
DEBUG - 2025-05-23 17:31:38 --> File loaded: /Library/WebServer/Documents/web-drc/application/views/templates/header.php
DEBUG - 2025-05-23 17:31:38 --> File loaded: /Library/WebServer/Documents/web-drc/application/views/templates/toolbar.php
DEBUG - 2025-05-23 17:31:38 --> File loaded: /Library/WebServer/Documents/web-drc/application/views/templates/sidebar.php
DEBUG - 2025-05-23 17:31:38 --> File loaded: /Library/WebServer/Documents/web-drc/application/views/templates/contents.php
DEBUG - 2025-05-23 17:31:38 --> File loaded: /Library/WebServer/Documents/web-drc/application/views/templates/content_footer.php
DEBUG - 2025-05-23 17:31:38 --> File loaded: /Library/WebServer/Documents/web-drc/application/views/templates/footer.php
DEBUG - 2025-05-23 17:31:38 --> File loaded: /Library/WebServer/Documents/web-drc/application/views/templates/default.php
INFO - 2025-05-23 17:31:38 --> Final output sent to browser
DEBUG - 2025-05-23 17:31:38 --> Total execution time: 0.0098
INFO - 2025-05-23 17:31:38 --> Config Class Initialized
INFO - 2025-05-23 17:31:38 --> Hooks Class Initialized
DEBUG - 2025-05-23 17:31:38 --> UTF-8 Support Enabled
INFO - 2025-05-23 17:31:38 --> Utf8 Class Initialized
INFO - 2025-05-23 17:31:38 --> URI Class Initialized
INFO - 2025-05-23 17:31:38 --> Router Class Initialized
INFO - 2025-05-23 17:31:38 --> Output Class Initialized
INFO - 2025-05-23 17:31:38 --> Security Class Initialized
DEBUG - 2025-05-23 17:31:38 --> Global POST, GET and COOKIE data sanitized
INFO - 2025-05-23 17:31:38 --> Input Class Initialized
INFO - 2025-05-23 17:31:38 --> Language Class Initialized
INFO - 2025-05-23 17:31:38 --> Language Class Initialized
INFO - 2025-05-23 17:31:38 --> Config Class Initialized
INFO - 2025-05-23 17:31:38 --> Loader Class Initialized
INFO - 2025-05-23 17:31:38 --> Helper loaded: url_helper
INFO - 2025-05-23 17:31:38 --> Helper loaded: easyui_helper
INFO - 2025-05-23 17:31:38 --> Helper loaded: param_helper
INFO - 2025-05-23 17:31:38 --> Helper loaded: credential_helper
INFO - 2025-05-23 17:31:38 --> Helper loaded: template_helper
INFO - 2025-05-23 17:31:38 --> Helper loaded: rest_helper
INFO - 2025-05-23 17:31:38 --> Database Driver Class Initialized
DEBUG - 2025-05-23 17:31:38 --> Idgenerator class already loaded. Second attempt ignored.
INFO - 2025-05-23 17:31:38 --> Controller Class Initialized
INFO - 2025-05-23 17:31:38 --> Model Class Initialized
DEBUG - 2025-05-23 17:31:38 --> File loaded: /Library/WebServer/Documents/web-drc/application/modules/app_menu/models/Menu_model.php
INFO - 2025-05-23 17:31:38 --> Model Class Initialized
INFO - 2025-05-23 17:31:38 --> Final output sent to browser
DEBUG - 2025-05-23 17:31:38 --> Total execution time: 0.0065
INFO - 2025-05-23 17:31:38 --> Config Class Initialized
INFO - 2025-05-23 17:31:38 --> Hooks Class Initialized
DEBUG - 2025-05-23 17:31:38 --> UTF-8 Support Enabled
INFO - 2025-05-23 17:31:38 --> Utf8 Class Initialized
INFO - 2025-05-23 17:31:38 --> URI Class Initialized
INFO - 2025-05-23 17:31:38 --> Router Class Initialized
INFO - 2025-05-23 17:31:38 --> Output Class Initialized
INFO - 2025-05-23 17:31:38 --> Security Class Initialized
DEBUG - 2025-05-23 17:31:38 --> Global POST, GET and COOKIE data sanitized
INFO - 2025-05-23 17:31:38 --> Input Class Initialized
INFO - 2025-05-23 17:31:38 --> Language Class Initialized
INFO - 2025-05-23 17:31:38 --> Language Class Initialized
INFO - 2025-05-23 17:31:38 --> Config Class Initialized
INFO - 2025-05-23 17:31:38 --> Loader Class Initialized
INFO - 2025-05-23 17:31:38 --> Helper loaded: url_helper
INFO - 2025-05-23 17:31:38 --> Helper loaded: easyui_helper
INFO - 2025-05-23 17:31:38 --> Helper loaded: param_helper
INFO - 2025-05-23 17:31:38 --> Helper loaded: credential_helper
INFO - 2025-05-23 17:31:38 --> Helper loaded: template_helper
INFO - 2025-05-23 17:31:38 --> Helper loaded: rest_helper
INFO - 2025-05-23 17:31:38 --> Database Driver Class Initialized
DEBUG - 2025-05-23 17:31:38 --> Idgenerator class already loaded. Second attempt ignored.
INFO - 2025-05-23 17:31:38 --> Controller Class Initialized
INFO - 2025-05-23 17:31:38 --> Model Class Initialized
DEBUG - 2025-05-23 17:31:38 --> File loaded: /Library/WebServer/Documents/web-drc/application/modules/app_role/models/Role_model.php
INFO - 2025-05-23 17:31:38 --> Model Class Initialized
INFO - 2025-05-23 17:31:38 --> Final output sent to browser
DEBUG - 2025-05-23 17:31:38 --> Total execution time: 0.0046
INFO - 2025-05-23 17:31:43 --> Config Class Initialized
INFO - 2025-05-23 17:31:43 --> Hooks Class Initialized
DEBUG - 2025-05-23 17:31:43 --> UTF-8 Support Enabled
INFO - 2025-05-23 17:31:43 --> Utf8 Class Initialized
INFO - 2025-05-23 17:31:43 --> URI Class Initialized
INFO - 2025-05-23 17:31:43 --> Router Class Initialized
INFO - 2025-05-23 17:31:43 --> Output Class Initialized
INFO - 2025-05-23 17:31:43 --> Security Class Initialized
DEBUG - 2025-05-23 17:31:43 --> Global POST, GET and COOKIE data sanitized
INFO - 2025-05-23 17:31:43 --> Input Class Initialized
INFO - 2025-05-23 17:31:43 --> Language Class Initialized
INFO - 2025-05-23 17:31:43 --> Language Class Initialized
INFO - 2025-05-23 17:31:43 --> Config Class Initialized
INFO - 2025-05-23 17:31:43 --> Loader Class Initialized
INFO - 2025-05-23 17:31:43 --> Helper loaded: url_helper
INFO - 2025-05-23 17:31:43 --> Helper loaded: easyui_helper
INFO - 2025-05-23 17:31:43 --> Helper loaded: param_helper
INFO - 2025-05-23 17:31:43 --> Helper loaded: credential_helper
INFO - 2025-05-23 17:31:43 --> Helper loaded: template_helper
INFO - 2025-05-23 17:31:43 --> Helper loaded: rest_helper
INFO - 2025-05-23 17:31:43 --> Database Driver Class Initialized
DEBUG - 2025-05-23 17:31:43 --> Idgenerator class already loaded. Second attempt ignored.
INFO - 2025-05-23 17:31:43 --> Controller Class Initialized
INFO - 2025-05-23 17:31:43 --> Model Class Initialized
DEBUG - 2025-05-23 17:31:43 --> File loaded: /Library/WebServer/Documents/web-drc/application/modules/app_role_menu/models/Role_menu_model.php
INFO - 2025-05-23 17:31:43 --> Model Class Initialized
DEBUG - 2025-05-23 17:31:43 --> File loaded: /Library/WebServer/Documents/web-drc/application/modules/app_role_menu/views/form.php
DEBUG - 2025-05-23 17:31:43 --> File loaded: /Library/WebServer/Documents/web-drc/application/views/templates/header.php
DEBUG - 2025-05-23 17:31:43 --> File loaded: /Library/WebServer/Documents/web-drc/application/views/templates/toolbar.php
DEBUG - 2025-05-23 17:31:43 --> File loaded: /Library/WebServer/Documents/web-drc/application/views/templates/sidebar.php
DEBUG - 2025-05-23 17:31:43 --> File loaded: /Library/WebServer/Documents/web-drc/application/views/templates/contents.php
DEBUG - 2025-05-23 17:31:43 --> File loaded: /Library/WebServer/Documents/web-drc/application/views/templates/content_footer.php
DEBUG - 2025-05-23 17:31:43 --> File loaded: /Library/WebServer/Documents/web-drc/application/views/templates/footer.php
DEBUG - 2025-05-23 17:31:43 --> File loaded: /Library/WebServer/Documents/web-drc/application/views/templates/default.php
INFO - 2025-05-23 17:31:43 --> Final output sent to browser
DEBUG - 2025-05-23 17:31:43 --> Total execution time: 0.0098
INFO - 2025-05-23 17:31:43 --> Config Class Initialized
INFO - 2025-05-23 17:31:43 --> Hooks Class Initialized
DEBUG - 2025-05-23 17:31:43 --> UTF-8 Support Enabled
INFO - 2025-05-23 17:31:43 --> Utf8 Class Initialized
INFO - 2025-05-23 17:31:43 --> URI Class Initialized
INFO - 2025-05-23 17:31:43 --> Router Class Initialized
INFO - 2025-05-23 17:31:43 --> Output Class Initialized
INFO - 2025-05-23 17:31:43 --> Security Class Initialized
DEBUG - 2025-05-23 17:31:43 --> Global POST, GET and COOKIE data sanitized
INFO - 2025-05-23 17:31:43 --> Input Class Initialized
INFO - 2025-05-23 17:31:43 --> Language Class Initialized
INFO - 2025-05-23 17:31:43 --> Language Class Initialized
INFO - 2025-05-23 17:31:43 --> Config Class Initialized
INFO - 2025-05-23 17:31:43 --> Loader Class Initialized
INFO - 2025-05-23 17:31:43 --> Helper loaded: url_helper
INFO - 2025-05-23 17:31:43 --> Helper loaded: easyui_helper
INFO - 2025-05-23 17:31:43 --> Helper loaded: param_helper
INFO - 2025-05-23 17:31:43 --> Helper loaded: credential_helper
INFO - 2025-05-23 17:31:43 --> Helper loaded: template_helper
INFO - 2025-05-23 17:31:43 --> Helper loaded: rest_helper
INFO - 2025-05-23 17:31:43 --> Database Driver Class Initialized
DEBUG - 2025-05-23 17:31:43 --> Idgenerator class already loaded. Second attempt ignored.
INFO - 2025-05-23 17:31:43 --> Controller Class Initialized
INFO - 2025-05-23 17:31:43 --> Model Class Initialized
DEBUG - 2025-05-23 17:31:43 --> File loaded: /Library/WebServer/Documents/web-drc/application/modules/app_menu/models/Menu_model.php
INFO - 2025-05-23 17:31:43 --> Model Class Initialized
INFO - 2025-05-23 17:31:43 --> Final output sent to browser
DEBUG - 2025-05-23 17:31:43 --> Total execution time: 0.0065
INFO - 2025-05-23 17:31:43 --> Config Class Initialized
INFO - 2025-05-23 17:31:43 --> Hooks Class Initialized
DEBUG - 2025-05-23 17:31:43 --> UTF-8 Support Enabled
INFO - 2025-05-23 17:31:43 --> Utf8 Class Initialized
INFO - 2025-05-23 17:31:43 --> URI Class Initialized
INFO - 2025-05-23 17:31:43 --> Router Class Initialized
INFO - 2025-05-23 17:31:43 --> Output Class Initialized
INFO - 2025-05-23 17:31:43 --> Security Class Initialized
DEBUG - 2025-05-23 17:31:43 --> Global POST, GET and COOKIE data sanitized
INFO - 2025-05-23 17:31:43 --> Input Class Initialized
INFO - 2025-05-23 17:31:43 --> Language Class Initialized
INFO - 2025-05-23 17:31:43 --> Language Class Initialized
INFO - 2025-05-23 17:31:43 --> Config Class Initialized
INFO - 2025-05-23 17:31:43 --> Loader Class Initialized
INFO - 2025-05-23 17:31:43 --> Helper loaded: url_helper
INFO - 2025-05-23 17:31:43 --> Helper loaded: easyui_helper
INFO - 2025-05-23 17:31:43 --> Helper loaded: param_helper
INFO - 2025-05-23 17:31:43 --> Helper loaded: credential_helper
INFO - 2025-05-23 17:31:43 --> Helper loaded: template_helper
INFO - 2025-05-23 17:31:43 --> Helper loaded: rest_helper
INFO - 2025-05-23 17:31:43 --> Database Driver Class Initialized
DEBUG - 2025-05-23 17:31:43 --> Idgenerator class already loaded. Second attempt ignored.
INFO - 2025-05-23 17:31:43 --> Controller Class Initialized
INFO - 2025-05-23 17:31:43 --> Model Class Initialized
DEBUG - 2025-05-23 17:31:43 --> File loaded: /Library/WebServer/Documents/web-drc/application/modules/app_role/models/Role_model.php
INFO - 2025-05-23 17:31:43 --> Model Class Initialized
INFO - 2025-05-23 17:31:43 --> Final output sent to browser
DEBUG - 2025-05-23 17:31:43 --> Total execution time: 0.0038
INFO - 2025-05-23 17:32:04 --> Config Class Initialized
INFO - 2025-05-23 17:32:04 --> Hooks Class Initialized
DEBUG - 2025-05-23 17:32:04 --> UTF-8 Support Enabled
INFO - 2025-05-23 17:32:04 --> Utf8 Class Initialized
INFO - 2025-05-23 17:32:04 --> URI Class Initialized
INFO - 2025-05-23 17:32:04 --> Router Class Initialized
INFO - 2025-05-23 17:32:04 --> Output Class Initialized
INFO - 2025-05-23 17:32:04 --> Security Class Initialized
DEBUG - 2025-05-23 17:32:04 --> Global POST, GET and COOKIE data sanitized
INFO - 2025-05-23 17:32:04 --> Input Class Initialized
INFO - 2025-05-23 17:32:04 --> Language Class Initialized
INFO - 2025-05-23 17:32:04 --> Language Class Initialized
INFO - 2025-05-23 17:32:04 --> Config Class Initialized
INFO - 2025-05-23 17:32:04 --> Loader Class Initialized
INFO - 2025-05-23 17:32:04 --> Helper loaded: url_helper
INFO - 2025-05-23 17:32:04 --> Helper loaded: easyui_helper
INFO - 2025-05-23 17:32:04 --> Helper loaded: param_helper
INFO - 2025-05-23 17:32:04 --> Helper loaded: credential_helper
INFO - 2025-05-23 17:32:04 --> Helper loaded: template_helper
INFO - 2025-05-23 17:32:04 --> Helper loaded: rest_helper
INFO - 2025-05-23 17:32:04 --> Database Driver Class Initialized
DEBUG - 2025-05-23 17:32:04 --> Idgenerator class already loaded. Second attempt ignored.
INFO - 2025-05-23 17:32:04 --> Controller Class Initialized
INFO - 2025-05-23 17:32:04 --> Model Class Initialized
DEBUG - 2025-05-23 17:32:04 --> File loaded: /Library/WebServer/Documents/web-drc/application/modules/app_menu/models/Menu_model.php
INFO - 2025-05-23 17:32:04 --> Model Class Initialized
DEBUG - 2025-05-23 17:32:04 --> File loaded: /Library/WebServer/Documents/web-drc/application/modules/app_menu/views/content.php
DEBUG - 2025-05-23 17:32:04 --> File loaded: /Library/WebServer/Documents/web-drc/application/views/templates/header.php
DEBUG - 2025-05-23 17:32:04 --> File loaded: /Library/WebServer/Documents/web-drc/application/views/templates/toolbar.php
DEBUG - 2025-05-23 17:32:04 --> File loaded: /Library/WebServer/Documents/web-drc/application/views/templates/sidebar.php
DEBUG - 2025-05-23 17:32:04 --> File loaded: /Library/WebServer/Documents/web-drc/application/views/templates/contents.php
DEBUG - 2025-05-23 17:32:04 --> File loaded: /Library/WebServer/Documents/web-drc/application/views/templates/content_footer.php
DEBUG - 2025-05-23 17:32:04 --> File loaded: /Library/WebServer/Documents/web-drc/application/views/templates/footer.php
DEBUG - 2025-05-23 17:32:04 --> File loaded: /Library/WebServer/Documents/web-drc/application/views/templates/default.php
INFO - 2025-05-23 17:32:04 --> Final output sent to browser
DEBUG - 2025-05-23 17:32:04 --> Total execution time: 0.0112
INFO - 2025-05-23 17:32:04 --> Config Class Initialized
INFO - 2025-05-23 17:32:04 --> Hooks Class Initialized
DEBUG - 2025-05-23 17:32:04 --> UTF-8 Support Enabled
INFO - 2025-05-23 17:32:04 --> Utf8 Class Initialized
INFO - 2025-05-23 17:32:04 --> URI Class Initialized
INFO - 2025-05-23 17:32:04 --> Router Class Initialized
INFO - 2025-05-23 17:32:04 --> Output Class Initialized
INFO - 2025-05-23 17:32:04 --> Security Class Initialized
DEBUG - 2025-05-23 17:32:04 --> Global POST, GET and COOKIE data sanitized
INFO - 2025-05-23 17:32:04 --> Input Class Initialized
INFO - 2025-05-23 17:32:04 --> Language Class Initialized
INFO - 2025-05-23 17:32:04 --> Language Class Initialized
INFO - 2025-05-23 17:32:04 --> Config Class Initialized
INFO - 2025-05-23 17:32:04 --> Loader Class Initialized
INFO - 2025-05-23 17:32:04 --> Helper loaded: url_helper
INFO - 2025-05-23 17:32:04 --> Helper loaded: easyui_helper
INFO - 2025-05-23 17:32:04 --> Helper loaded: param_helper
INFO - 2025-05-23 17:32:04 --> Helper loaded: credential_helper
INFO - 2025-05-23 17:32:04 --> Helper loaded: template_helper
INFO - 2025-05-23 17:32:04 --> Helper loaded: rest_helper
INFO - 2025-05-23 17:32:04 --> Database Driver Class Initialized
DEBUG - 2025-05-23 17:32:04 --> Idgenerator class already loaded. Second attempt ignored.
INFO - 2025-05-23 17:32:04 --> Controller Class Initialized
INFO - 2025-05-23 17:32:04 --> Model Class Initialized
DEBUG - 2025-05-23 17:32:04 --> File loaded: /Library/WebServer/Documents/web-drc/application/modules/app_menu/models/Menu_model.php
INFO - 2025-05-23 17:32:04 --> Model Class Initialized
INFO - 2025-05-23 17:32:04 --> Final output sent to browser
DEBUG - 2025-05-23 17:32:04 --> Total execution time: 0.0030
INFO - 2025-05-23 17:32:07 --> Config Class Initialized
INFO - 2025-05-23 17:32:07 --> Hooks Class Initialized
DEBUG - 2025-05-23 17:32:07 --> UTF-8 Support Enabled
INFO - 2025-05-23 17:32:07 --> Utf8 Class Initialized
INFO - 2025-05-23 17:32:07 --> URI Class Initialized
INFO - 2025-05-23 17:32:07 --> Router Class Initialized
INFO - 2025-05-23 17:32:07 --> Output Class Initialized
INFO - 2025-05-23 17:32:07 --> Security Class Initialized
DEBUG - 2025-05-23 17:32:07 --> Global POST, GET and COOKIE data sanitized
INFO - 2025-05-23 17:32:07 --> Input Class Initialized
INFO - 2025-05-23 17:32:07 --> Language Class Initialized
INFO - 2025-05-23 17:32:07 --> Language Class Initialized
INFO - 2025-05-23 17:32:07 --> Config Class Initialized
INFO - 2025-05-23 17:32:07 --> Loader Class Initialized
INFO - 2025-05-23 17:32:07 --> Helper loaded: url_helper
INFO - 2025-05-23 17:32:07 --> Helper loaded: easyui_helper
INFO - 2025-05-23 17:32:07 --> Helper loaded: param_helper
INFO - 2025-05-23 17:32:07 --> Helper loaded: credential_helper
INFO - 2025-05-23 17:32:07 --> Helper loaded: template_helper
INFO - 2025-05-23 17:32:07 --> Helper loaded: rest_helper
INFO - 2025-05-23 17:32:07 --> Database Driver Class Initialized
DEBUG - 2025-05-23 17:32:07 --> Idgenerator class already loaded. Second attempt ignored.
INFO - 2025-05-23 17:32:07 --> Controller Class Initialized
INFO - 2025-05-23 17:32:07 --> Model Class Initialized
DEBUG - 2025-05-23 17:32:07 --> File loaded: /Library/WebServer/Documents/web-drc/application/modules/app_menu/models/Menu_model.php
INFO - 2025-05-23 17:32:07 --> Model Class Initialized
INFO - 2025-05-23 17:32:07 --> Final output sent to browser
DEBUG - 2025-05-23 17:32:07 --> Total execution time: 0.0051
INFO - 2025-05-23 17:32:13 --> Config Class Initialized
INFO - 2025-05-23 17:32:13 --> Hooks Class Initialized
DEBUG - 2025-05-23 17:32:13 --> UTF-8 Support Enabled
INFO - 2025-05-23 17:32:13 --> Utf8 Class Initialized
INFO - 2025-05-23 17:32:13 --> URI Class Initialized
INFO - 2025-05-23 17:32:13 --> Router Class Initialized
INFO - 2025-05-23 17:32:13 --> Output Class Initialized
INFO - 2025-05-23 17:32:13 --> Security Class Initialized
DEBUG - 2025-05-23 17:32:13 --> Global POST, GET and COOKIE data sanitized
INFO - 2025-05-23 17:32:13 --> Input Class Initialized
INFO - 2025-05-23 17:32:13 --> Language Class Initialized
INFO - 2025-05-23 17:32:13 --> Language Class Initialized
INFO - 2025-05-23 17:32:13 --> Config Class Initialized
INFO - 2025-05-23 17:32:13 --> Loader Class Initialized
INFO - 2025-05-23 17:32:13 --> Helper loaded: url_helper
INFO - 2025-05-23 17:32:13 --> Helper loaded: easyui_helper
INFO - 2025-05-23 17:32:13 --> Helper loaded: param_helper
INFO - 2025-05-23 17:32:13 --> Helper loaded: credential_helper
INFO - 2025-05-23 17:32:13 --> Helper loaded: template_helper
INFO - 2025-05-23 17:32:13 --> Helper loaded: rest_helper
INFO - 2025-05-23 17:32:13 --> Database Driver Class Initialized
DEBUG - 2025-05-23 17:32:13 --> Idgenerator class already loaded. Second attempt ignored.
INFO - 2025-05-23 17:32:13 --> Controller Class Initialized
INFO - 2025-05-23 17:32:13 --> Model Class Initialized
DEBUG - 2025-05-23 17:32:13 --> File loaded: /Library/WebServer/Documents/web-drc/application/modules/app_menu/models/Menu_model.php
INFO - 2025-05-23 17:32:13 --> Model Class Initialized
DEBUG - 2025-05-23 17:32:13 --> File loaded: /Library/WebServer/Documents/web-drc/application/modules/app_menu/views/form.php
DEBUG - 2025-05-23 17:32:13 --> File loaded: /Library/WebServer/Documents/web-drc/application/views/templates/header.php
DEBUG - 2025-05-23 17:32:13 --> File loaded: /Library/WebServer/Documents/web-drc/application/views/templates/toolbar.php
DEBUG - 2025-05-23 17:32:13 --> File loaded: /Library/WebServer/Documents/web-drc/application/views/templates/sidebar.php
DEBUG - 2025-05-23 17:32:13 --> File loaded: /Library/WebServer/Documents/web-drc/application/views/templates/contents.php
DEBUG - 2025-05-23 17:32:13 --> File loaded: /Library/WebServer/Documents/web-drc/application/views/templates/content_footer.php
DEBUG - 2025-05-23 17:32:13 --> File loaded: /Library/WebServer/Documents/web-drc/application/views/templates/footer.php
DEBUG - 2025-05-23 17:32:13 --> File loaded: /Library/WebServer/Documents/web-drc/application/views/templates/default.php
INFO - 2025-05-23 17:32:13 --> Final output sent to browser
DEBUG - 2025-05-23 17:32:13 --> Total execution time: 0.0105
INFO - 2025-05-23 17:32:13 --> Config Class Initialized
INFO - 2025-05-23 17:32:13 --> Hooks Class Initialized
DEBUG - 2025-05-23 17:32:13 --> UTF-8 Support Enabled
INFO - 2025-05-23 17:32:13 --> Utf8 Class Initialized
INFO - 2025-05-23 17:32:13 --> URI Class Initialized
INFO - 2025-05-23 17:32:13 --> Router Class Initialized
INFO - 2025-05-23 17:32:13 --> Output Class Initialized
INFO - 2025-05-23 17:32:13 --> Security Class Initialized
DEBUG - 2025-05-23 17:32:13 --> Global POST, GET and COOKIE data sanitized
INFO - 2025-05-23 17:32:13 --> Input Class Initialized
INFO - 2025-05-23 17:32:13 --> Language Class Initialized
INFO - 2025-05-23 17:32:13 --> Language Class Initialized
INFO - 2025-05-23 17:32:13 --> Config Class Initialized
INFO - 2025-05-23 17:32:13 --> Loader Class Initialized
INFO - 2025-05-23 17:32:13 --> Helper loaded: url_helper
INFO - 2025-05-23 17:32:13 --> Helper loaded: easyui_helper
INFO - 2025-05-23 17:32:13 --> Helper loaded: param_helper
INFO - 2025-05-23 17:32:13 --> Helper loaded: credential_helper
INFO - 2025-05-23 17:32:13 --> Helper loaded: template_helper
INFO - 2025-05-23 17:32:13 --> Helper loaded: rest_helper
INFO - 2025-05-23 17:32:13 --> Database Driver Class Initialized
DEBUG - 2025-05-23 17:32:13 --> Idgenerator class already loaded. Second attempt ignored.
INFO - 2025-05-23 17:32:13 --> Controller Class Initialized
INFO - 2025-05-23 17:32:13 --> Model Class Initialized
DEBUG - 2025-05-23 17:32:13 --> File loaded: /Library/WebServer/Documents/web-drc/application/modules/app_menu/models/Menu_model.php
INFO - 2025-05-23 17:32:13 --> Model Class Initialized
INFO - 2025-05-23 17:32:13 --> Final output sent to browser
DEBUG - 2025-05-23 17:32:13 --> Total execution time: 0.0065
INFO - 2025-05-23 17:32:36 --> Config Class Initialized
INFO - 2025-05-23 17:32:36 --> Hooks Class Initialized
DEBUG - 2025-05-23 17:32:36 --> UTF-8 Support Enabled
INFO - 2025-05-23 17:32:36 --> Utf8 Class Initialized
INFO - 2025-05-23 17:32:36 --> URI Class Initialized
INFO - 2025-05-23 17:32:36 --> Router Class Initialized
INFO - 2025-05-23 17:32:36 --> Output Class Initialized
INFO - 2025-05-23 17:32:36 --> Security Class Initialized
DEBUG - 2025-05-23 17:32:36 --> Global POST, GET and COOKIE data sanitized
INFO - 2025-05-23 17:32:36 --> Input Class Initialized
INFO - 2025-05-23 17:32:36 --> Language Class Initialized
INFO - 2025-05-23 17:32:36 --> Language Class Initialized
INFO - 2025-05-23 17:32:36 --> Config Class Initialized
INFO - 2025-05-23 17:32:36 --> Loader Class Initialized
INFO - 2025-05-23 17:32:36 --> Helper loaded: url_helper
INFO - 2025-05-23 17:32:36 --> Helper loaded: easyui_helper
INFO - 2025-05-23 17:32:36 --> Helper loaded: param_helper
INFO - 2025-05-23 17:32:36 --> Helper loaded: credential_helper
INFO - 2025-05-23 17:32:36 --> Helper loaded: template_helper
INFO - 2025-05-23 17:32:36 --> Helper loaded: rest_helper
INFO - 2025-05-23 17:32:36 --> Database Driver Class Initialized
DEBUG - 2025-05-23 17:32:36 --> Idgenerator class already loaded. Second attempt ignored.
INFO - 2025-05-23 17:32:36 --> Controller Class Initialized
INFO - 2025-05-23 17:32:36 --> Model Class Initialized
DEBUG - 2025-05-23 17:32:36 --> File loaded: /Library/WebServer/Documents/web-drc/application/modules/app_menu/models/Menu_model.php
INFO - 2025-05-23 17:32:36 --> Model Class Initialized
INFO - 2025-05-23 17:32:36 --> Final output sent to browser
DEBUG - 2025-05-23 17:32:36 --> Total execution time: 0.0049
INFO - 2025-05-23 17:32:36 --> Config Class Initialized
INFO - 2025-05-23 17:32:36 --> Hooks Class Initialized
DEBUG - 2025-05-23 17:32:36 --> UTF-8 Support Enabled
INFO - 2025-05-23 17:32:36 --> Utf8 Class Initialized
INFO - 2025-05-23 17:32:36 --> URI Class Initialized
INFO - 2025-05-23 17:32:36 --> Router Class Initialized
INFO - 2025-05-23 17:32:36 --> Output Class Initialized
INFO - 2025-05-23 17:32:36 --> Security Class Initialized
DEBUG - 2025-05-23 17:32:36 --> Global POST, GET and COOKIE data sanitized
INFO - 2025-05-23 17:32:36 --> Input Class Initialized
INFO - 2025-05-23 17:32:36 --> Language Class Initialized
INFO - 2025-05-23 17:32:36 --> Language Class Initialized
INFO - 2025-05-23 17:32:36 --> Config Class Initialized
INFO - 2025-05-23 17:32:36 --> Loader Class Initialized
INFO - 2025-05-23 17:32:36 --> Helper loaded: url_helper
INFO - 2025-05-23 17:32:36 --> Helper loaded: easyui_helper
INFO - 2025-05-23 17:32:36 --> Helper loaded: param_helper
INFO - 2025-05-23 17:32:36 --> Helper loaded: credential_helper
INFO - 2025-05-23 17:32:36 --> Helper loaded: template_helper
INFO - 2025-05-23 17:32:36 --> Helper loaded: rest_helper
INFO - 2025-05-23 17:32:36 --> Database Driver Class Initialized
DEBUG - 2025-05-23 17:32:36 --> Idgenerator class already loaded. Second attempt ignored.
INFO - 2025-05-23 17:32:36 --> Controller Class Initialized
INFO - 2025-05-23 17:32:36 --> Model Class Initialized
DEBUG - 2025-05-23 17:32:36 --> File loaded: /Library/WebServer/Documents/web-drc/application/modules/app_menu/models/Menu_model.php
INFO - 2025-05-23 17:32:36 --> Model Class Initialized
DEBUG - 2025-05-23 17:32:36 --> File loaded: /Library/WebServer/Documents/web-drc/application/modules/app_menu/views/content.php
DEBUG - 2025-05-23 17:32:36 --> File loaded: /Library/WebServer/Documents/web-drc/application/views/templates/header.php
DEBUG - 2025-05-23 17:32:36 --> File loaded: /Library/WebServer/Documents/web-drc/application/views/templates/toolbar.php
DEBUG - 2025-05-23 17:32:36 --> File loaded: /Library/WebServer/Documents/web-drc/application/views/templates/sidebar.php
DEBUG - 2025-05-23 17:32:36 --> File loaded: /Library/WebServer/Documents/web-drc/application/views/templates/contents.php
DEBUG - 2025-05-23 17:32:36 --> File loaded: /Library/WebServer/Documents/web-drc/application/views/templates/content_footer.php
DEBUG - 2025-05-23 17:32:36 --> File loaded: /Library/WebServer/Documents/web-drc/application/views/templates/footer.php
DEBUG - 2025-05-23 17:32:36 --> File loaded: /Library/WebServer/Documents/web-drc/application/views/templates/default.php
INFO - 2025-05-23 17:32:36 --> Final output sent to browser
DEBUG - 2025-05-23 17:32:36 --> Total execution time: 0.0095
INFO - 2025-05-23 17:32:36 --> Config Class Initialized
INFO - 2025-05-23 17:32:36 --> Hooks Class Initialized
DEBUG - 2025-05-23 17:32:36 --> UTF-8 Support Enabled
INFO - 2025-05-23 17:32:36 --> Utf8 Class Initialized
INFO - 2025-05-23 17:32:36 --> URI Class Initialized
INFO - 2025-05-23 17:32:36 --> Router Class Initialized
INFO - 2025-05-23 17:32:36 --> Output Class Initialized
INFO - 2025-05-23 17:32:36 --> Security Class Initialized
DEBUG - 2025-05-23 17:32:36 --> Global POST, GET and COOKIE data sanitized
INFO - 2025-05-23 17:32:36 --> Input Class Initialized
INFO - 2025-05-23 17:32:36 --> Language Class Initialized
INFO - 2025-05-23 17:32:36 --> Language Class Initialized
INFO - 2025-05-23 17:32:36 --> Config Class Initialized
INFO - 2025-05-23 17:32:36 --> Loader Class Initialized
INFO - 2025-05-23 17:32:36 --> Helper loaded: url_helper
INFO - 2025-05-23 17:32:36 --> Helper loaded: easyui_helper
INFO - 2025-05-23 17:32:36 --> Helper loaded: param_helper
INFO - 2025-05-23 17:32:36 --> Helper loaded: credential_helper
INFO - 2025-05-23 17:32:36 --> Helper loaded: template_helper
INFO - 2025-05-23 17:32:36 --> Helper loaded: rest_helper
INFO - 2025-05-23 17:32:36 --> Database Driver Class Initialized
DEBUG - 2025-05-23 17:32:36 --> Idgenerator class already loaded. Second attempt ignored.
INFO - 2025-05-23 17:32:36 --> Controller Class Initialized
INFO - 2025-05-23 17:32:36 --> Model Class Initialized
DEBUG - 2025-05-23 17:32:36 --> File loaded: /Library/WebServer/Documents/web-drc/application/modules/app_menu/models/Menu_model.php
INFO - 2025-05-23 17:32:36 --> Model Class Initialized
INFO - 2025-05-23 17:32:36 --> Final output sent to browser
DEBUG - 2025-05-23 17:32:36 --> Total execution time: 0.0032
INFO - 2025-05-23 17:32:39 --> Config Class Initialized
INFO - 2025-05-23 17:32:39 --> Hooks Class Initialized
DEBUG - 2025-05-23 17:32:39 --> UTF-8 Support Enabled
INFO - 2025-05-23 17:32:39 --> Utf8 Class Initialized
INFO - 2025-05-23 17:32:39 --> URI Class Initialized
INFO - 2025-05-23 17:32:39 --> Router Class Initialized
INFO - 2025-05-23 17:32:39 --> Output Class Initialized
INFO - 2025-05-23 17:32:39 --> Security Class Initialized
DEBUG - 2025-05-23 17:32:39 --> Global POST, GET and COOKIE data sanitized
INFO - 2025-05-23 17:32:39 --> Input Class Initialized
INFO - 2025-05-23 17:32:39 --> Language Class Initialized
INFO - 2025-05-23 17:32:39 --> Language Class Initialized
INFO - 2025-05-23 17:32:39 --> Config Class Initialized
INFO - 2025-05-23 17:32:39 --> Loader Class Initialized
INFO - 2025-05-23 17:32:39 --> Helper loaded: url_helper
INFO - 2025-05-23 17:32:39 --> Helper loaded: easyui_helper
INFO - 2025-05-23 17:32:39 --> Helper loaded: param_helper
INFO - 2025-05-23 17:32:39 --> Helper loaded: credential_helper
INFO - 2025-05-23 17:32:39 --> Helper loaded: template_helper
INFO - 2025-05-23 17:32:39 --> Helper loaded: rest_helper
INFO - 2025-05-23 17:32:39 --> Database Driver Class Initialized
DEBUG - 2025-05-23 17:32:39 --> Idgenerator class already loaded. Second attempt ignored.
INFO - 2025-05-23 17:32:39 --> Controller Class Initialized
INFO - 2025-05-23 17:32:39 --> Model Class Initialized
DEBUG - 2025-05-23 17:32:39 --> File loaded: /Library/WebServer/Documents/web-drc/application/modules/app_menu/models/Menu_model.php
INFO - 2025-05-23 17:32:39 --> Model Class Initialized
INFO - 2025-05-23 17:32:39 --> Final output sent to browser
DEBUG - 2025-05-23 17:32:39 --> Total execution time: 0.0054
INFO - 2025-05-23 17:34:19 --> Config Class Initialized
INFO - 2025-05-23 17:34:19 --> Hooks Class Initialized
DEBUG - 2025-05-23 17:34:19 --> UTF-8 Support Enabled
INFO - 2025-05-23 17:34:19 --> Utf8 Class Initialized
INFO - 2025-05-23 17:34:19 --> URI Class Initialized
INFO - 2025-05-23 17:34:19 --> Router Class Initialized
INFO - 2025-05-23 17:34:19 --> Output Class Initialized
INFO - 2025-05-23 17:34:19 --> Security Class Initialized
DEBUG - 2025-05-23 17:34:19 --> Global POST, GET and COOKIE data sanitized
INFO - 2025-05-23 17:34:19 --> Input Class Initialized
INFO - 2025-05-23 17:34:19 --> Language Class Initialized
INFO - 2025-05-23 17:34:19 --> Language Class Initialized
INFO - 2025-05-23 17:34:19 --> Config Class Initialized
INFO - 2025-05-23 17:34:19 --> Loader Class Initialized
INFO - 2025-05-23 17:34:19 --> Helper loaded: url_helper
INFO - 2025-05-23 17:34:19 --> Helper loaded: easyui_helper
INFO - 2025-05-23 17:34:19 --> Helper loaded: param_helper
INFO - 2025-05-23 17:34:19 --> Helper loaded: credential_helper
INFO - 2025-05-23 17:34:19 --> Helper loaded: template_helper
INFO - 2025-05-23 17:34:19 --> Helper loaded: rest_helper
INFO - 2025-05-23 17:34:19 --> Database Driver Class Initialized
DEBUG - 2025-05-23 17:34:19 --> Idgenerator class already loaded. Second attempt ignored.
INFO - 2025-05-23 17:34:19 --> Controller Class Initialized
INFO - 2025-05-23 17:34:19 --> Model Class Initialized
DEBUG - 2025-05-23 17:34:19 --> File loaded: /Library/WebServer/Documents/web-drc/application/modules/app_role_menu/models/Role_menu_model.php
INFO - 2025-05-23 17:34:19 --> Model Class Initialized
DEBUG - 2025-05-23 17:34:19 --> File loaded: /Library/WebServer/Documents/web-drc/application/modules/app_role_menu/views/content.php
DEBUG - 2025-05-23 17:34:19 --> File loaded: /Library/WebServer/Documents/web-drc/application/views/templates/header.php
DEBUG - 2025-05-23 17:34:19 --> File loaded: /Library/WebServer/Documents/web-drc/application/views/templates/toolbar.php
DEBUG - 2025-05-23 17:34:19 --> File loaded: /Library/WebServer/Documents/web-drc/application/views/templates/sidebar.php
DEBUG - 2025-05-23 17:34:19 --> File loaded: /Library/WebServer/Documents/web-drc/application/views/templates/contents.php
DEBUG - 2025-05-23 17:34:19 --> File loaded: /Library/WebServer/Documents/web-drc/application/views/templates/content_footer.php
DEBUG - 2025-05-23 17:34:19 --> File loaded: /Library/WebServer/Documents/web-drc/application/views/templates/footer.php
DEBUG - 2025-05-23 17:34:19 --> File loaded: /Library/WebServer/Documents/web-drc/application/views/templates/default.php
INFO - 2025-05-23 17:34:19 --> Final output sent to browser
DEBUG - 2025-05-23 17:34:19 --> Total execution time: 0.0102
INFO - 2025-05-23 17:34:19 --> Config Class Initialized
INFO - 2025-05-23 17:34:19 --> Hooks Class Initialized
DEBUG - 2025-05-23 17:34:19 --> UTF-8 Support Enabled
INFO - 2025-05-23 17:34:19 --> Utf8 Class Initialized
INFO - 2025-05-23 17:34:19 --> URI Class Initialized
INFO - 2025-05-23 17:34:19 --> Router Class Initialized
INFO - 2025-05-23 17:34:19 --> Output Class Initialized
INFO - 2025-05-23 17:34:19 --> Security Class Initialized
DEBUG - 2025-05-23 17:34:19 --> Global POST, GET and COOKIE data sanitized
INFO - 2025-05-23 17:34:19 --> Input Class Initialized
INFO - 2025-05-23 17:34:19 --> Language Class Initialized
INFO - 2025-05-23 17:34:19 --> Language Class Initialized
INFO - 2025-05-23 17:34:19 --> Config Class Initialized
INFO - 2025-05-23 17:34:19 --> Loader Class Initialized
INFO - 2025-05-23 17:34:19 --> Helper loaded: url_helper
INFO - 2025-05-23 17:34:19 --> Helper loaded: easyui_helper
INFO - 2025-05-23 17:34:19 --> Helper loaded: param_helper
INFO - 2025-05-23 17:34:19 --> Helper loaded: credential_helper
INFO - 2025-05-23 17:34:19 --> Helper loaded: template_helper
INFO - 2025-05-23 17:34:19 --> Helper loaded: rest_helper
INFO - 2025-05-23 17:34:19 --> Database Driver Class Initialized
DEBUG - 2025-05-23 17:34:19 --> Idgenerator class already loaded. Second attempt ignored.
INFO - 2025-05-23 17:34:19 --> Controller Class Initialized
INFO - 2025-05-23 17:34:19 --> Model Class Initialized
DEBUG - 2025-05-23 17:34:19 --> File loaded: /Library/WebServer/Documents/web-drc/application/modules/app_role_menu/models/Role_menu_model.php
INFO - 2025-05-23 17:34:19 --> Model Class Initialized
INFO - 2025-05-23 17:34:19 --> Final output sent to browser
DEBUG - 2025-05-23 17:34:19 --> Total execution time: 0.0076
INFO - 2025-05-23 17:34:21 --> Config Class Initialized
INFO - 2025-05-23 17:34:21 --> Hooks Class Initialized
DEBUG - 2025-05-23 17:34:21 --> UTF-8 Support Enabled
INFO - 2025-05-23 17:34:21 --> Utf8 Class Initialized
INFO - 2025-05-23 17:34:21 --> URI Class Initialized
INFO - 2025-05-23 17:34:21 --> Router Class Initialized
INFO - 2025-05-23 17:34:21 --> Output Class Initialized
INFO - 2025-05-23 17:34:21 --> Security Class Initialized
DEBUG - 2025-05-23 17:34:21 --> Global POST, GET and COOKIE data sanitized
INFO - 2025-05-23 17:34:21 --> Input Class Initialized
INFO - 2025-05-23 17:34:21 --> Language Class Initialized
INFO - 2025-05-23 17:34:21 --> Language Class Initialized
INFO - 2025-05-23 17:34:21 --> Config Class Initialized
INFO - 2025-05-23 17:34:21 --> Loader Class Initialized
INFO - 2025-05-23 17:34:21 --> Helper loaded: url_helper
INFO - 2025-05-23 17:34:21 --> Helper loaded: easyui_helper
INFO - 2025-05-23 17:34:21 --> Helper loaded: param_helper
INFO - 2025-05-23 17:34:21 --> Helper loaded: credential_helper
INFO - 2025-05-23 17:34:21 --> Helper loaded: template_helper
INFO - 2025-05-23 17:34:21 --> Helper loaded: rest_helper
INFO - 2025-05-23 17:34:21 --> Database Driver Class Initialized
DEBUG - 2025-05-23 17:34:21 --> Idgenerator class already loaded. Second attempt ignored.
INFO - 2025-05-23 17:34:21 --> Controller Class Initialized
INFO - 2025-05-23 17:34:21 --> Model Class Initialized
DEBUG - 2025-05-23 17:34:21 --> File loaded: /Library/WebServer/Documents/web-drc/application/modules/app_role_menu/models/Role_menu_model.php
INFO - 2025-05-23 17:34:21 --> Model Class Initialized
DEBUG - 2025-05-23 17:34:21 --> File loaded: /Library/WebServer/Documents/web-drc/application/modules/app_role_menu/views/form.php
DEBUG - 2025-05-23 17:34:21 --> File loaded: /Library/WebServer/Documents/web-drc/application/views/templates/header.php
DEBUG - 2025-05-23 17:34:21 --> File loaded: /Library/WebServer/Documents/web-drc/application/views/templates/toolbar.php
DEBUG - 2025-05-23 17:34:21 --> File loaded: /Library/WebServer/Documents/web-drc/application/views/templates/sidebar.php
DEBUG - 2025-05-23 17:34:21 --> File loaded: /Library/WebServer/Documents/web-drc/application/views/templates/contents.php
DEBUG - 2025-05-23 17:34:21 --> File loaded: /Library/WebServer/Documents/web-drc/application/views/templates/content_footer.php
DEBUG - 2025-05-23 17:34:21 --> File loaded: /Library/WebServer/Documents/web-drc/application/views/templates/footer.php
DEBUG - 2025-05-23 17:34:21 --> File loaded: /Library/WebServer/Documents/web-drc/application/views/templates/default.php
INFO - 2025-05-23 17:34:21 --> Final output sent to browser
DEBUG - 2025-05-23 17:34:21 --> Total execution time: 0.0090
INFO - 2025-05-23 17:34:21 --> Config Class Initialized
INFO - 2025-05-23 17:34:21 --> Hooks Class Initialized
DEBUG - 2025-05-23 17:34:21 --> UTF-8 Support Enabled
INFO - 2025-05-23 17:34:21 --> Utf8 Class Initialized
INFO - 2025-05-23 17:34:21 --> URI Class Initialized
INFO - 2025-05-23 17:34:21 --> Router Class Initialized
INFO - 2025-05-23 17:34:21 --> Output Class Initialized
INFO - 2025-05-23 17:34:21 --> Security Class Initialized
DEBUG - 2025-05-23 17:34:21 --> Global POST, GET and COOKIE data sanitized
INFO - 2025-05-23 17:34:21 --> Input Class Initialized
INFO - 2025-05-23 17:34:21 --> Language Class Initialized
INFO - 2025-05-23 17:34:21 --> Language Class Initialized
INFO - 2025-05-23 17:34:21 --> Config Class Initialized
INFO - 2025-05-23 17:34:21 --> Loader Class Initialized
INFO - 2025-05-23 17:34:21 --> Helper loaded: url_helper
INFO - 2025-05-23 17:34:21 --> Helper loaded: easyui_helper
INFO - 2025-05-23 17:34:21 --> Helper loaded: param_helper
INFO - 2025-05-23 17:34:21 --> Helper loaded: credential_helper
INFO - 2025-05-23 17:34:21 --> Helper loaded: template_helper
INFO - 2025-05-23 17:34:21 --> Helper loaded: rest_helper
INFO - 2025-05-23 17:34:21 --> Database Driver Class Initialized
DEBUG - 2025-05-23 17:34:21 --> Idgenerator class already loaded. Second attempt ignored.
INFO - 2025-05-23 17:34:21 --> Controller Class Initialized
INFO - 2025-05-23 17:34:21 --> Model Class Initialized
DEBUG - 2025-05-23 17:34:21 --> File loaded: /Library/WebServer/Documents/web-drc/application/modules/app_menu/models/Menu_model.php
INFO - 2025-05-23 17:34:21 --> Model Class Initialized
INFO - 2025-05-23 17:34:21 --> Final output sent to browser
DEBUG - 2025-05-23 17:34:21 --> Total execution time: 0.0057
INFO - 2025-05-23 17:34:21 --> Config Class Initialized
INFO - 2025-05-23 17:34:21 --> Hooks Class Initialized
DEBUG - 2025-05-23 17:34:21 --> UTF-8 Support Enabled
INFO - 2025-05-23 17:34:21 --> Utf8 Class Initialized
INFO - 2025-05-23 17:34:21 --> URI Class Initialized
INFO - 2025-05-23 17:34:21 --> Router Class Initialized
INFO - 2025-05-23 17:34:21 --> Output Class Initialized
INFO - 2025-05-23 17:34:21 --> Security Class Initialized
DEBUG - 2025-05-23 17:34:21 --> Global POST, GET and COOKIE data sanitized
INFO - 2025-05-23 17:34:21 --> Input Class Initialized
INFO - 2025-05-23 17:34:21 --> Language Class Initialized
INFO - 2025-05-23 17:34:21 --> Language Class Initialized
INFO - 2025-05-23 17:34:21 --> Config Class Initialized
INFO - 2025-05-23 17:34:21 --> Loader Class Initialized
INFO - 2025-05-23 17:34:21 --> Helper loaded: url_helper
INFO - 2025-05-23 17:34:21 --> Helper loaded: easyui_helper
INFO - 2025-05-23 17:34:21 --> Helper loaded: param_helper
INFO - 2025-05-23 17:34:21 --> Helper loaded: credential_helper
INFO - 2025-05-23 17:34:21 --> Helper loaded: template_helper
INFO - 2025-05-23 17:34:21 --> Helper loaded: rest_helper
INFO - 2025-05-23 17:34:21 --> Database Driver Class Initialized
DEBUG - 2025-05-23 17:34:21 --> Idgenerator class already loaded. Second attempt ignored.
INFO - 2025-05-23 17:34:21 --> Controller Class Initialized
INFO - 2025-05-23 17:34:21 --> Model Class Initialized
DEBUG - 2025-05-23 17:34:21 --> File loaded: /Library/WebServer/Documents/web-drc/application/modules/app_role/models/Role_model.php
INFO - 2025-05-23 17:34:21 --> Model Class Initialized
INFO - 2025-05-23 17:34:21 --> Final output sent to browser
DEBUG - 2025-05-23 17:34:21 --> Total execution time: 0.0056
INFO - 2025-05-23 17:34:27 --> Config Class Initialized
INFO - 2025-05-23 17:34:27 --> Hooks Class Initialized
DEBUG - 2025-05-23 17:34:27 --> UTF-8 Support Enabled
INFO - 2025-05-23 17:34:27 --> Utf8 Class Initialized
INFO - 2025-05-23 17:34:27 --> URI Class Initialized
INFO - 2025-05-23 17:34:27 --> Router Class Initialized
INFO - 2025-05-23 17:34:27 --> Output Class Initialized
INFO - 2025-05-23 17:34:27 --> Security Class Initialized
DEBUG - 2025-05-23 17:34:27 --> Global POST, GET and COOKIE data sanitized
INFO - 2025-05-23 17:34:27 --> Input Class Initialized
INFO - 2025-05-23 17:34:27 --> Language Class Initialized
INFO - 2025-05-23 17:34:27 --> Language Class Initialized
INFO - 2025-05-23 17:34:27 --> Config Class Initialized
INFO - 2025-05-23 17:34:27 --> Loader Class Initialized
INFO - 2025-05-23 17:34:27 --> Helper loaded: url_helper
INFO - 2025-05-23 17:34:27 --> Helper loaded: easyui_helper
INFO - 2025-05-23 17:34:27 --> Helper loaded: param_helper
INFO - 2025-05-23 17:34:27 --> Helper loaded: credential_helper
INFO - 2025-05-23 17:34:27 --> Helper loaded: template_helper
INFO - 2025-05-23 17:34:27 --> Helper loaded: rest_helper
INFO - 2025-05-23 17:34:27 --> Database Driver Class Initialized
DEBUG - 2025-05-23 17:34:27 --> Idgenerator class already loaded. Second attempt ignored.
INFO - 2025-05-23 17:34:27 --> Controller Class Initialized
INFO - 2025-05-23 17:34:27 --> Model Class Initialized
DEBUG - 2025-05-23 17:34:27 --> File loaded: /Library/WebServer/Documents/web-drc/application/modules/app_role_menu/models/Role_menu_model.php
INFO - 2025-05-23 17:34:27 --> Model Class Initialized
ERROR - 2025-05-23 17:34:27 --> Cache: Failed to initialize APC; extension not loaded/enabled?
INFO - 2025-05-23 17:34:27 --> Helper loaded: file_helper
DEBUG - 2025-05-23 17:34:27 --> Cache adapter "apc" is unavailable. Falling back to "file" backup adapter.
INFO - 2025-05-23 17:34:27 --> Final output sent to browser
DEBUG - 2025-05-23 17:34:27 --> Total execution time: 0.0079
INFO - 2025-05-23 17:34:27 --> Config Class Initialized
INFO - 2025-05-23 17:34:27 --> Hooks Class Initialized
DEBUG - 2025-05-23 17:34:27 --> UTF-8 Support Enabled
INFO - 2025-05-23 17:34:27 --> Utf8 Class Initialized
INFO - 2025-05-23 17:34:27 --> URI Class Initialized
INFO - 2025-05-23 17:34:27 --> Router Class Initialized
INFO - 2025-05-23 17:34:27 --> Output Class Initialized
INFO - 2025-05-23 17:34:27 --> Security Class Initialized
DEBUG - 2025-05-23 17:34:27 --> Global POST, GET and COOKIE data sanitized
INFO - 2025-05-23 17:34:27 --> Input Class Initialized
INFO - 2025-05-23 17:34:27 --> Language Class Initialized
INFO - 2025-05-23 17:34:27 --> Language Class Initialized
INFO - 2025-05-23 17:34:27 --> Config Class Initialized
INFO - 2025-05-23 17:34:27 --> Loader Class Initialized
INFO - 2025-05-23 17:34:27 --> Helper loaded: url_helper
INFO - 2025-05-23 17:34:27 --> Helper loaded: easyui_helper
INFO - 2025-05-23 17:34:27 --> Helper loaded: param_helper
INFO - 2025-05-23 17:34:27 --> Helper loaded: credential_helper
INFO - 2025-05-23 17:34:27 --> Helper loaded: template_helper
INFO - 2025-05-23 17:34:27 --> Helper loaded: rest_helper
INFO - 2025-05-23 17:34:27 --> Database Driver Class Initialized
DEBUG - 2025-05-23 17:34:27 --> Idgenerator class already loaded. Second attempt ignored.
INFO - 2025-05-23 17:34:27 --> Controller Class Initialized
INFO - 2025-05-23 17:34:27 --> Model Class Initialized
DEBUG - 2025-05-23 17:34:27 --> File loaded: /Library/WebServer/Documents/web-drc/application/modules/app_role_menu/models/Role_menu_model.php
INFO - 2025-05-23 17:34:27 --> Model Class Initialized
DEBUG - 2025-05-23 17:34:27 --> File loaded: /Library/WebServer/Documents/web-drc/application/modules/app_role_menu/views/content.php
DEBUG - 2025-05-23 17:34:27 --> File loaded: /Library/WebServer/Documents/web-drc/application/views/templates/header.php
DEBUG - 2025-05-23 17:34:27 --> File loaded: /Library/WebServer/Documents/web-drc/application/views/templates/toolbar.php
DEBUG - 2025-05-23 17:34:27 --> File loaded: /Library/WebServer/Documents/web-drc/application/views/templates/sidebar.php
DEBUG - 2025-05-23 17:34:27 --> File loaded: /Library/WebServer/Documents/web-drc/application/views/templates/contents.php
DEBUG - 2025-05-23 17:34:27 --> File loaded: /Library/WebServer/Documents/web-drc/application/views/templates/content_footer.php
DEBUG - 2025-05-23 17:34:27 --> File loaded: /Library/WebServer/Documents/web-drc/application/views/templates/footer.php
DEBUG - 2025-05-23 17:34:27 --> File loaded: /Library/WebServer/Documents/web-drc/application/views/templates/default.php
INFO - 2025-05-23 17:34:27 --> Final output sent to browser
DEBUG - 2025-05-23 17:34:27 --> Total execution time: 0.0087
INFO - 2025-05-23 17:34:27 --> Config Class Initialized
INFO - 2025-05-23 17:34:27 --> Hooks Class Initialized
DEBUG - 2025-05-23 17:34:27 --> UTF-8 Support Enabled
INFO - 2025-05-23 17:34:27 --> Utf8 Class Initialized
INFO - 2025-05-23 17:34:27 --> URI Class Initialized
INFO - 2025-05-23 17:34:27 --> Router Class Initialized
INFO - 2025-05-23 17:34:27 --> Output Class Initialized
INFO - 2025-05-23 17:34:27 --> Security Class Initialized
DEBUG - 2025-05-23 17:34:27 --> Global POST, GET and COOKIE data sanitized
INFO - 2025-05-23 17:34:27 --> Input Class Initialized
INFO - 2025-05-23 17:34:27 --> Language Class Initialized
INFO - 2025-05-23 17:34:27 --> Language Class Initialized
INFO - 2025-05-23 17:34:27 --> Config Class Initialized
INFO - 2025-05-23 17:34:27 --> Loader Class Initialized
INFO - 2025-05-23 17:34:27 --> Helper loaded: url_helper
INFO - 2025-05-23 17:34:27 --> Helper loaded: easyui_helper
INFO - 2025-05-23 17:34:27 --> Helper loaded: param_helper
INFO - 2025-05-23 17:34:27 --> Helper loaded: credential_helper
INFO - 2025-05-23 17:34:27 --> Helper loaded: template_helper
INFO - 2025-05-23 17:34:27 --> Helper loaded: rest_helper
INFO - 2025-05-23 17:34:27 --> Database Driver Class Initialized
DEBUG - 2025-05-23 17:34:27 --> Idgenerator class already loaded. Second attempt ignored.
INFO - 2025-05-23 17:34:27 --> Controller Class Initialized
INFO - 2025-05-23 17:34:27 --> Model Class Initialized
DEBUG - 2025-05-23 17:34:27 --> File loaded: /Library/WebServer/Documents/web-drc/application/modules/app_role_menu/models/Role_menu_model.php
INFO - 2025-05-23 17:34:27 --> Model Class Initialized
INFO - 2025-05-23 17:34:27 --> Final output sent to browser
DEBUG - 2025-05-23 17:34:27 --> Total execution time: 0.0079
INFO - 2025-05-23 17:34:31 --> Config Class Initialized
INFO - 2025-05-23 17:34:31 --> Hooks Class Initialized
DEBUG - 2025-05-23 17:34:31 --> UTF-8 Support Enabled
INFO - 2025-05-23 17:34:31 --> Utf8 Class Initialized
INFO - 2025-05-23 17:34:31 --> URI Class Initialized
INFO - 2025-05-23 17:34:31 --> Router Class Initialized
INFO - 2025-05-23 17:34:31 --> Output Class Initialized
INFO - 2025-05-23 17:34:31 --> Security Class Initialized
DEBUG - 2025-05-23 17:34:31 --> Global POST, GET and COOKIE data sanitized
INFO - 2025-05-23 17:34:31 --> Input Class Initialized
INFO - 2025-05-23 17:34:31 --> Language Class Initialized
ERROR - 2025-05-23 17:34:31 --> 404 Page Not Found: /index
INFO - 2025-05-23 17:34:35 --> Config Class Initialized
INFO - 2025-05-23 17:34:35 --> Hooks Class Initialized
DEBUG - 2025-05-23 17:34:35 --> UTF-8 Support Enabled
INFO - 2025-05-23 17:34:35 --> Utf8 Class Initialized
INFO - 2025-05-23 17:34:35 --> URI Class Initialized
INFO - 2025-05-23 17:34:35 --> Router Class Initialized
INFO - 2025-05-23 17:34:35 --> Output Class Initialized
INFO - 2025-05-23 17:34:35 --> Security Class Initialized
DEBUG - 2025-05-23 17:34:35 --> Global POST, GET and COOKIE data sanitized
INFO - 2025-05-23 17:34:35 --> Input Class Initialized
INFO - 2025-05-23 17:34:35 --> Language Class Initialized
INFO - 2025-05-23 17:34:35 --> Language Class Initialized
INFO - 2025-05-23 17:34:35 --> Config Class Initialized
INFO - 2025-05-23 17:34:35 --> Loader Class Initialized
INFO - 2025-05-23 17:34:35 --> Helper loaded: url_helper
INFO - 2025-05-23 17:34:35 --> Helper loaded: easyui_helper
INFO - 2025-05-23 17:34:35 --> Helper loaded: param_helper
INFO - 2025-05-23 17:34:35 --> Helper loaded: credential_helper
INFO - 2025-05-23 17:34:35 --> Helper loaded: template_helper
INFO - 2025-05-23 17:34:35 --> Helper loaded: rest_helper
INFO - 2025-05-23 17:34:35 --> Database Driver Class Initialized
DEBUG - 2025-05-23 17:34:35 --> Idgenerator class already loaded. Second attempt ignored.
INFO - 2025-05-23 17:34:35 --> Controller Class Initialized
INFO - 2025-05-23 17:34:35 --> Model Class Initialized
DEBUG - 2025-05-23 17:34:35 --> File loaded: /Library/WebServer/Documents/web-drc/application/modules/app_role_menu/models/Role_menu_model.php
INFO - 2025-05-23 17:34:35 --> Model Class Initialized
DEBUG - 2025-05-23 17:34:35 --> File loaded: /Library/WebServer/Documents/web-drc/application/modules/app_role_menu/views/content.php
DEBUG - 2025-05-23 17:34:35 --> File loaded: /Library/WebServer/Documents/web-drc/application/views/templates/header.php
DEBUG - 2025-05-23 17:34:35 --> File loaded: /Library/WebServer/Documents/web-drc/application/views/templates/toolbar.php
DEBUG - 2025-05-23 17:34:35 --> File loaded: /Library/WebServer/Documents/web-drc/application/views/templates/sidebar.php
DEBUG - 2025-05-23 17:34:35 --> File loaded: /Library/WebServer/Documents/web-drc/application/views/templates/contents.php
DEBUG - 2025-05-23 17:34:35 --> File loaded: /Library/WebServer/Documents/web-drc/application/views/templates/content_footer.php
DEBUG - 2025-05-23 17:34:35 --> File loaded: /Library/WebServer/Documents/web-drc/application/views/templates/footer.php
DEBUG - 2025-05-23 17:34:35 --> File loaded: /Library/WebServer/Documents/web-drc/application/views/templates/default.php
INFO - 2025-05-23 17:34:35 --> Final output sent to browser
DEBUG - 2025-05-23 17:34:35 --> Total execution time: 0.0097
INFO - 2025-05-23 17:34:35 --> Config Class Initialized
INFO - 2025-05-23 17:34:35 --> Hooks Class Initialized
DEBUG - 2025-05-23 17:34:35 --> UTF-8 Support Enabled
INFO - 2025-05-23 17:34:35 --> Utf8 Class Initialized
INFO - 2025-05-23 17:34:35 --> URI Class Initialized
INFO - 2025-05-23 17:34:35 --> Router Class Initialized
INFO - 2025-05-23 17:34:35 --> Output Class Initialized
INFO - 2025-05-23 17:34:35 --> Security Class Initialized
DEBUG - 2025-05-23 17:34:35 --> Global POST, GET and COOKIE data sanitized
INFO - 2025-05-23 17:34:35 --> Input Class Initialized
INFO - 2025-05-23 17:34:35 --> Language Class Initialized
INFO - 2025-05-23 17:34:35 --> Language Class Initialized
INFO - 2025-05-23 17:34:35 --> Config Class Initialized
INFO - 2025-05-23 17:34:35 --> Loader Class Initialized
INFO - 2025-05-23 17:34:35 --> Helper loaded: url_helper
INFO - 2025-05-23 17:34:35 --> Helper loaded: easyui_helper
INFO - 2025-05-23 17:34:35 --> Helper loaded: param_helper
INFO - 2025-05-23 17:34:35 --> Helper loaded: credential_helper
INFO - 2025-05-23 17:34:35 --> Helper loaded: template_helper
INFO - 2025-05-23 17:34:35 --> Helper loaded: rest_helper
INFO - 2025-05-23 17:34:35 --> Database Driver Class Initialized
DEBUG - 2025-05-23 17:34:35 --> Idgenerator class already loaded. Second attempt ignored.
INFO - 2025-05-23 17:34:35 --> Controller Class Initialized
INFO - 2025-05-23 17:34:35 --> Model Class Initialized
DEBUG - 2025-05-23 17:34:35 --> File loaded: /Library/WebServer/Documents/web-drc/application/modules/app_role_menu/models/Role_menu_model.php
INFO - 2025-05-23 17:34:35 --> Model Class Initialized
INFO - 2025-05-23 17:34:35 --> Final output sent to browser
DEBUG - 2025-05-23 17:34:35 --> Total execution time: 0.0053
INFO - 2025-05-23 17:34:51 --> Config Class Initialized
INFO - 2025-05-23 17:34:51 --> Hooks Class Initialized
DEBUG - 2025-05-23 17:34:51 --> UTF-8 Support Enabled
INFO - 2025-05-23 17:34:51 --> Utf8 Class Initialized
INFO - 2025-05-23 17:34:51 --> URI Class Initialized
INFO - 2025-05-23 17:34:51 --> Router Class Initialized
INFO - 2025-05-23 17:34:51 --> Output Class Initialized
INFO - 2025-05-23 17:34:51 --> Security Class Initialized
DEBUG - 2025-05-23 17:34:51 --> Global POST, GET and COOKIE data sanitized
INFO - 2025-05-23 17:34:51 --> Input Class Initialized
INFO - 2025-05-23 17:34:51 --> Language Class Initialized
INFO - 2025-05-23 17:34:51 --> Language Class Initialized
INFO - 2025-05-23 17:34:51 --> Config Class Initialized
INFO - 2025-05-23 17:34:51 --> Loader Class Initialized
INFO - 2025-05-23 17:34:51 --> Helper loaded: url_helper
INFO - 2025-05-23 17:34:51 --> Helper loaded: easyui_helper
INFO - 2025-05-23 17:34:51 --> Helper loaded: param_helper
INFO - 2025-05-23 17:34:51 --> Helper loaded: credential_helper
INFO - 2025-05-23 17:34:51 --> Helper loaded: template_helper
INFO - 2025-05-23 17:34:51 --> Helper loaded: rest_helper
INFO - 2025-05-23 17:34:51 --> Database Driver Class Initialized
DEBUG - 2025-05-23 17:34:51 --> Idgenerator class already loaded. Second attempt ignored.
INFO - 2025-05-23 17:34:51 --> Controller Class Initialized
INFO - 2025-05-23 17:34:51 --> Model Class Initialized
DEBUG - 2025-05-23 17:34:51 --> File loaded: /Library/WebServer/Documents/web-drc/application/modules/app_role_menu/models/Role_menu_model.php
INFO - 2025-05-23 17:34:51 --> Model Class Initialized
DEBUG - 2025-05-23 17:34:51 --> File loaded: /Library/WebServer/Documents/web-drc/application/modules/app_role_menu/views/content.php
DEBUG - 2025-05-23 17:34:51 --> File loaded: /Library/WebServer/Documents/web-drc/application/views/templates/header.php
DEBUG - 2025-05-23 17:34:51 --> File loaded: /Library/WebServer/Documents/web-drc/application/views/templates/toolbar.php
DEBUG - 2025-05-23 17:34:51 --> File loaded: /Library/WebServer/Documents/web-drc/application/views/templates/sidebar.php
DEBUG - 2025-05-23 17:34:51 --> File loaded: /Library/WebServer/Documents/web-drc/application/views/templates/contents.php
DEBUG - 2025-05-23 17:34:51 --> File loaded: /Library/WebServer/Documents/web-drc/application/views/templates/content_footer.php
DEBUG - 2025-05-23 17:34:51 --> File loaded: /Library/WebServer/Documents/web-drc/application/views/templates/footer.php
DEBUG - 2025-05-23 17:34:51 --> File loaded: /Library/WebServer/Documents/web-drc/application/views/templates/default.php
INFO - 2025-05-23 17:34:51 --> Final output sent to browser
DEBUG - 2025-05-23 17:34:51 --> Total execution time: 0.0093
INFO - 2025-05-23 17:34:51 --> Config Class Initialized
INFO - 2025-05-23 17:34:51 --> Hooks Class Initialized
DEBUG - 2025-05-23 17:34:51 --> UTF-8 Support Enabled
INFO - 2025-05-23 17:34:51 --> Utf8 Class Initialized
INFO - 2025-05-23 17:34:51 --> URI Class Initialized
INFO - 2025-05-23 17:34:51 --> Router Class Initialized
INFO - 2025-05-23 17:34:51 --> Output Class Initialized
INFO - 2025-05-23 17:34:51 --> Security Class Initialized
DEBUG - 2025-05-23 17:34:51 --> Global POST, GET and COOKIE data sanitized
INFO - 2025-05-23 17:34:51 --> Input Class Initialized
INFO - 2025-05-23 17:34:51 --> Language Class Initialized
INFO - 2025-05-23 17:34:51 --> Language Class Initialized
INFO - 2025-05-23 17:34:51 --> Config Class Initialized
INFO - 2025-05-23 17:34:51 --> Loader Class Initialized
INFO - 2025-05-23 17:34:51 --> Helper loaded: url_helper
INFO - 2025-05-23 17:34:51 --> Helper loaded: easyui_helper
INFO - 2025-05-23 17:34:51 --> Helper loaded: param_helper
INFO - 2025-05-23 17:34:51 --> Helper loaded: credential_helper
INFO - 2025-05-23 17:34:51 --> Helper loaded: template_helper
INFO - 2025-05-23 17:34:51 --> Helper loaded: rest_helper
INFO - 2025-05-23 17:34:51 --> Database Driver Class Initialized
DEBUG - 2025-05-23 17:34:51 --> Idgenerator class already loaded. Second attempt ignored.
INFO - 2025-05-23 17:34:51 --> Controller Class Initialized
INFO - 2025-05-23 17:34:51 --> Model Class Initialized
DEBUG - 2025-05-23 17:34:51 --> File loaded: /Library/WebServer/Documents/web-drc/application/modules/app_role_menu/models/Role_menu_model.php
INFO - 2025-05-23 17:34:51 --> Model Class Initialized
INFO - 2025-05-23 17:34:51 --> Final output sent to browser
DEBUG - 2025-05-23 17:34:51 --> Total execution time: 0.0036
INFO - 2025-05-23 17:34:57 --> Config Class Initialized
INFO - 2025-05-23 17:34:57 --> Hooks Class Initialized
DEBUG - 2025-05-23 17:34:57 --> UTF-8 Support Enabled
INFO - 2025-05-23 17:34:57 --> Utf8 Class Initialized
INFO - 2025-05-23 17:34:57 --> URI Class Initialized
INFO - 2025-05-23 17:34:57 --> Router Class Initialized
INFO - 2025-05-23 17:34:57 --> Output Class Initialized
INFO - 2025-05-23 17:34:57 --> Security Class Initialized
DEBUG - 2025-05-23 17:34:57 --> Global POST, GET and COOKIE data sanitized
INFO - 2025-05-23 17:34:57 --> Input Class Initialized
INFO - 2025-05-23 17:34:57 --> Language Class Initialized
ERROR - 2025-05-23 17:34:57 --> 404 Page Not Found: /index
INFO - 2025-05-23 17:35:00 --> Config Class Initialized
INFO - 2025-05-23 17:35:00 --> Hooks Class Initialized
DEBUG - 2025-05-23 17:35:00 --> UTF-8 Support Enabled
INFO - 2025-05-23 17:35:00 --> Utf8 Class Initialized
INFO - 2025-05-23 17:35:00 --> URI Class Initialized
INFO - 2025-05-23 17:35:00 --> Router Class Initialized
INFO - 2025-05-23 17:35:00 --> Output Class Initialized
INFO - 2025-05-23 17:35:00 --> Security Class Initialized
DEBUG - 2025-05-23 17:35:00 --> Global POST, GET and COOKIE data sanitized
INFO - 2025-05-23 17:35:00 --> Input Class Initialized
INFO - 2025-05-23 17:35:00 --> Language Class Initialized
ERROR - 2025-05-23 17:35:00 --> 404 Page Not Found: /index
INFO - 2025-05-23 17:35:03 --> Config Class Initialized
INFO - 2025-05-23 17:35:03 --> Hooks Class Initialized
DEBUG - 2025-05-23 17:35:03 --> UTF-8 Support Enabled
INFO - 2025-05-23 17:35:03 --> Utf8 Class Initialized
INFO - 2025-05-23 17:35:03 --> URI Class Initialized
INFO - 2025-05-23 17:35:03 --> Router Class Initialized
INFO - 2025-05-23 17:35:03 --> Output Class Initialized
INFO - 2025-05-23 17:35:03 --> Security Class Initialized
DEBUG - 2025-05-23 17:35:03 --> Global POST, GET and COOKIE data sanitized
INFO - 2025-05-23 17:35:03 --> Input Class Initialized
INFO - 2025-05-23 17:35:03 --> Language Class Initialized
INFO - 2025-05-23 17:35:03 --> Language Class Initialized
INFO - 2025-05-23 17:35:03 --> Config Class Initialized
INFO - 2025-05-23 17:35:03 --> Loader Class Initialized
INFO - 2025-05-23 17:35:03 --> Helper loaded: url_helper
INFO - 2025-05-23 17:35:03 --> Helper loaded: easyui_helper
INFO - 2025-05-23 17:35:03 --> Helper loaded: param_helper
INFO - 2025-05-23 17:35:03 --> Helper loaded: credential_helper
INFO - 2025-05-23 17:35:03 --> Helper loaded: template_helper
INFO - 2025-05-23 17:35:03 --> Helper loaded: rest_helper
INFO - 2025-05-23 17:35:03 --> Database Driver Class Initialized
DEBUG - 2025-05-23 17:35:03 --> Idgenerator class already loaded. Second attempt ignored.
INFO - 2025-05-23 17:35:03 --> Controller Class Initialized
INFO - 2025-05-23 17:35:03 --> Model Class Initialized
DEBUG - 2025-05-23 17:35:03 --> File loaded: /Library/WebServer/Documents/web-drc/application/modules/app_role_menu/models/Role_menu_model.php
INFO - 2025-05-23 17:35:03 --> Model Class Initialized
DEBUG - 2025-05-23 17:35:03 --> File loaded: /Library/WebServer/Documents/web-drc/application/modules/app_role_menu/views/content.php
DEBUG - 2025-05-23 17:35:03 --> File loaded: /Library/WebServer/Documents/web-drc/application/views/templates/header.php
DEBUG - 2025-05-23 17:35:03 --> File loaded: /Library/WebServer/Documents/web-drc/application/views/templates/toolbar.php
DEBUG - 2025-05-23 17:35:03 --> File loaded: /Library/WebServer/Documents/web-drc/application/views/templates/sidebar.php
DEBUG - 2025-05-23 17:35:03 --> File loaded: /Library/WebServer/Documents/web-drc/application/views/templates/contents.php
DEBUG - 2025-05-23 17:35:03 --> File loaded: /Library/WebServer/Documents/web-drc/application/views/templates/content_footer.php
DEBUG - 2025-05-23 17:35:03 --> File loaded: /Library/WebServer/Documents/web-drc/application/views/templates/footer.php
DEBUG - 2025-05-23 17:35:03 --> File loaded: /Library/WebServer/Documents/web-drc/application/views/templates/default.php
INFO - 2025-05-23 17:35:03 --> Final output sent to browser
DEBUG - 2025-05-23 17:35:03 --> Total execution time: 0.0085
INFO - 2025-05-23 17:35:03 --> Config Class Initialized
INFO - 2025-05-23 17:35:03 --> Hooks Class Initialized
DEBUG - 2025-05-23 17:35:03 --> UTF-8 Support Enabled
INFO - 2025-05-23 17:35:03 --> Utf8 Class Initialized
INFO - 2025-05-23 17:35:03 --> URI Class Initialized
INFO - 2025-05-23 17:35:03 --> Router Class Initialized
INFO - 2025-05-23 17:35:03 --> Output Class Initialized
INFO - 2025-05-23 17:35:03 --> Security Class Initialized
DEBUG - 2025-05-23 17:35:03 --> Global POST, GET and COOKIE data sanitized
INFO - 2025-05-23 17:35:03 --> Input Class Initialized
INFO - 2025-05-23 17:35:03 --> Language Class Initialized
INFO - 2025-05-23 17:35:03 --> Language Class Initialized
INFO - 2025-05-23 17:35:03 --> Config Class Initialized
INFO - 2025-05-23 17:35:03 --> Loader Class Initialized
INFO - 2025-05-23 17:35:03 --> Helper loaded: url_helper
INFO - 2025-05-23 17:35:03 --> Helper loaded: easyui_helper
INFO - 2025-05-23 17:35:03 --> Helper loaded: param_helper
INFO - 2025-05-23 17:35:03 --> Helper loaded: credential_helper
INFO - 2025-05-23 17:35:03 --> Helper loaded: template_helper
INFO - 2025-05-23 17:35:03 --> Helper loaded: rest_helper
INFO - 2025-05-23 17:35:03 --> Database Driver Class Initialized
DEBUG - 2025-05-23 17:35:03 --> Idgenerator class already loaded. Second attempt ignored.
INFO - 2025-05-23 17:35:03 --> Controller Class Initialized
INFO - 2025-05-23 17:35:03 --> Model Class Initialized
DEBUG - 2025-05-23 17:35:03 --> File loaded: /Library/WebServer/Documents/web-drc/application/modules/app_role_menu/models/Role_menu_model.php
INFO - 2025-05-23 17:35:03 --> Model Class Initialized
INFO - 2025-05-23 17:35:03 --> Final output sent to browser
DEBUG - 2025-05-23 17:35:03 --> Total execution time: 0.0051
INFO - 2025-05-23 17:35:10 --> Config Class Initialized
INFO - 2025-05-23 17:35:10 --> Hooks Class Initialized
DEBUG - 2025-05-23 17:35:10 --> UTF-8 Support Enabled
INFO - 2025-05-23 17:35:10 --> Utf8 Class Initialized
INFO - 2025-05-23 17:35:10 --> URI Class Initialized
INFO - 2025-05-23 17:35:10 --> Router Class Initialized
INFO - 2025-05-23 17:35:10 --> Output Class Initialized
INFO - 2025-05-23 17:35:10 --> Security Class Initialized
DEBUG - 2025-05-23 17:35:10 --> Global POST, GET and COOKIE data sanitized
INFO - 2025-05-23 17:35:10 --> Input Class Initialized
INFO - 2025-05-23 17:35:10 --> Language Class Initialized
INFO - 2025-05-23 17:35:10 --> Language Class Initialized
INFO - 2025-05-23 17:35:10 --> Config Class Initialized
INFO - 2025-05-23 17:35:10 --> Loader Class Initialized
INFO - 2025-05-23 17:35:10 --> Helper loaded: url_helper
INFO - 2025-05-23 17:35:10 --> Helper loaded: easyui_helper
INFO - 2025-05-23 17:35:10 --> Helper loaded: param_helper
INFO - 2025-05-23 17:35:10 --> Helper loaded: credential_helper
INFO - 2025-05-23 17:35:10 --> Helper loaded: template_helper
INFO - 2025-05-23 17:35:10 --> Helper loaded: rest_helper
INFO - 2025-05-23 17:35:10 --> Database Driver Class Initialized
DEBUG - 2025-05-23 17:35:11 --> Idgenerator class already loaded. Second attempt ignored.
INFO - 2025-05-23 17:35:11 --> Controller Class Initialized
INFO - 2025-05-23 17:35:11 --> Model Class Initialized
DEBUG - 2025-05-23 17:35:11 --> File loaded: /Library/WebServer/Documents/web-drc/application/modules/app_menu/models/Menu_model.php
INFO - 2025-05-23 17:35:11 --> Model Class Initialized
DEBUG - 2025-05-23 17:35:11 --> File loaded: /Library/WebServer/Documents/web-drc/application/modules/app_menu/views/content.php
DEBUG - 2025-05-23 17:35:11 --> File loaded: /Library/WebServer/Documents/web-drc/application/views/templates/header.php
DEBUG - 2025-05-23 17:35:11 --> File loaded: /Library/WebServer/Documents/web-drc/application/views/templates/toolbar.php
DEBUG - 2025-05-23 17:35:11 --> File loaded: /Library/WebServer/Documents/web-drc/application/views/templates/sidebar.php
DEBUG - 2025-05-23 17:35:11 --> File loaded: /Library/WebServer/Documents/web-drc/application/views/templates/contents.php
DEBUG - 2025-05-23 17:35:11 --> File loaded: /Library/WebServer/Documents/web-drc/application/views/templates/content_footer.php
DEBUG - 2025-05-23 17:35:11 --> File loaded: /Library/WebServer/Documents/web-drc/application/views/templates/footer.php
DEBUG - 2025-05-23 17:35:11 --> File loaded: /Library/WebServer/Documents/web-drc/application/views/templates/default.php
INFO - 2025-05-23 17:35:11 --> Final output sent to browser
DEBUG - 2025-05-23 17:35:11 --> Total execution time: 0.0088
INFO - 2025-05-23 17:35:11 --> Config Class Initialized
INFO - 2025-05-23 17:35:11 --> Hooks Class Initialized
DEBUG - 2025-05-23 17:35:11 --> UTF-8 Support Enabled
INFO - 2025-05-23 17:35:11 --> Utf8 Class Initialized
INFO - 2025-05-23 17:35:11 --> URI Class Initialized
INFO - 2025-05-23 17:35:11 --> Router Class Initialized
INFO - 2025-05-23 17:35:11 --> Output Class Initialized
INFO - 2025-05-23 17:35:11 --> Security Class Initialized
DEBUG - 2025-05-23 17:35:11 --> Global POST, GET and COOKIE data sanitized
INFO - 2025-05-23 17:35:11 --> Input Class Initialized
INFO - 2025-05-23 17:35:11 --> Language Class Initialized
INFO - 2025-05-23 17:35:11 --> Language Class Initialized
INFO - 2025-05-23 17:35:11 --> Config Class Initialized
INFO - 2025-05-23 17:35:11 --> Loader Class Initialized
INFO - 2025-05-23 17:35:11 --> Helper loaded: url_helper
INFO - 2025-05-23 17:35:11 --> Helper loaded: easyui_helper
INFO - 2025-05-23 17:35:11 --> Helper loaded: param_helper
INFO - 2025-05-23 17:35:11 --> Helper loaded: credential_helper
INFO - 2025-05-23 17:35:11 --> Helper loaded: template_helper
INFO - 2025-05-23 17:35:11 --> Helper loaded: rest_helper
INFO - 2025-05-23 17:35:11 --> Database Driver Class Initialized
DEBUG - 2025-05-23 17:35:11 --> Idgenerator class already loaded. Second attempt ignored.
INFO - 2025-05-23 17:35:11 --> Controller Class Initialized
INFO - 2025-05-23 17:35:11 --> Model Class Initialized
DEBUG - 2025-05-23 17:35:11 --> File loaded: /Library/WebServer/Documents/web-drc/application/modules/app_menu/models/Menu_model.php
INFO - 2025-05-23 17:35:11 --> Model Class Initialized
INFO - 2025-05-23 17:35:11 --> Final output sent to browser
DEBUG - 2025-05-23 17:35:11 --> Total execution time: 0.0030
INFO - 2025-05-23 17:36:05 --> Config Class Initialized
INFO - 2025-05-23 17:36:05 --> Hooks Class Initialized
DEBUG - 2025-05-23 17:36:05 --> UTF-8 Support Enabled
INFO - 2025-05-23 17:36:05 --> Utf8 Class Initialized
INFO - 2025-05-23 17:36:05 --> URI Class Initialized
INFO - 2025-05-23 17:36:05 --> Router Class Initialized
INFO - 2025-05-23 17:36:05 --> Output Class Initialized
INFO - 2025-05-23 17:36:05 --> Security Class Initialized
DEBUG - 2025-05-23 17:36:05 --> Global POST, GET and COOKIE data sanitized
INFO - 2025-05-23 17:36:05 --> Input Class Initialized
INFO - 2025-05-23 17:36:05 --> Language Class Initialized
INFO - 2025-05-23 17:36:05 --> Language Class Initialized
INFO - 2025-05-23 17:36:05 --> Config Class Initialized
INFO - 2025-05-23 17:36:05 --> Loader Class Initialized
INFO - 2025-05-23 17:36:05 --> Helper loaded: url_helper
INFO - 2025-05-23 17:36:05 --> Helper loaded: easyui_helper
INFO - 2025-05-23 17:36:05 --> Helper loaded: param_helper
INFO - 2025-05-23 17:36:05 --> Helper loaded: credential_helper
INFO - 2025-05-23 17:36:05 --> Helper loaded: template_helper
INFO - 2025-05-23 17:36:05 --> Helper loaded: rest_helper
INFO - 2025-05-23 17:36:05 --> Database Driver Class Initialized
DEBUG - 2025-05-23 17:36:05 --> Idgenerator class already loaded. Second attempt ignored.
INFO - 2025-05-23 17:36:05 --> Controller Class Initialized
INFO - 2025-05-23 17:36:05 --> Model Class Initialized
DEBUG - 2025-05-23 17:36:05 --> File loaded: /Library/WebServer/Documents/web-drc/application/modules/app_menu/models/Menu_model.php
INFO - 2025-05-23 17:36:05 --> Model Class Initialized
INFO - 2025-05-23 17:36:05 --> Final output sent to browser
DEBUG - 2025-05-23 17:36:05 --> Total execution time: 0.0067
INFO - 2025-05-23 17:37:12 --> Config Class Initialized
INFO - 2025-05-23 17:37:12 --> Hooks Class Initialized
DEBUG - 2025-05-23 17:37:12 --> UTF-8 Support Enabled
INFO - 2025-05-23 17:37:12 --> Utf8 Class Initialized
INFO - 2025-05-23 17:37:12 --> URI Class Initialized
INFO - 2025-05-23 17:37:12 --> Router Class Initialized
INFO - 2025-05-23 17:37:12 --> Output Class Initialized
INFO - 2025-05-23 17:37:12 --> Security Class Initialized
DEBUG - 2025-05-23 17:37:12 --> Global POST, GET and COOKIE data sanitized
INFO - 2025-05-23 17:37:12 --> Input Class Initialized
INFO - 2025-05-23 17:37:12 --> Language Class Initialized
INFO - 2025-05-23 17:37:12 --> Language Class Initialized
INFO - 2025-05-23 17:37:12 --> Config Class Initialized
INFO - 2025-05-23 17:37:12 --> Loader Class Initialized
INFO - 2025-05-23 17:37:12 --> Helper loaded: url_helper
INFO - 2025-05-23 17:37:12 --> Helper loaded: easyui_helper
INFO - 2025-05-23 17:37:12 --> Helper loaded: param_helper
INFO - 2025-05-23 17:37:12 --> Helper loaded: credential_helper
INFO - 2025-05-23 17:37:12 --> Helper loaded: template_helper
INFO - 2025-05-23 17:37:12 --> Helper loaded: rest_helper
INFO - 2025-05-23 17:37:12 --> Database Driver Class Initialized
DEBUG - 2025-05-23 17:37:12 --> Idgenerator class already loaded. Second attempt ignored.
INFO - 2025-05-23 17:37:12 --> Controller Class Initialized
INFO - 2025-05-23 17:37:12 --> Final output sent to browser
DEBUG - 2025-05-23 17:37:12 --> Total execution time: 0.0057
INFO - 2025-05-23 17:37:12 --> Config Class Initialized
INFO - 2025-05-23 17:37:12 --> Hooks Class Initialized
DEBUG - 2025-05-23 17:37:12 --> UTF-8 Support Enabled
INFO - 2025-05-23 17:37:12 --> Utf8 Class Initialized
INFO - 2025-05-23 17:37:12 --> URI Class Initialized
DEBUG - 2025-05-23 17:37:12 --> No URI present. Default controller set.
INFO - 2025-05-23 17:37:12 --> Router Class Initialized
INFO - 2025-05-23 17:37:12 --> Output Class Initialized
INFO - 2025-05-23 17:37:12 --> Security Class Initialized
DEBUG - 2025-05-23 17:37:12 --> Global POST, GET and COOKIE data sanitized
INFO - 2025-05-23 17:37:12 --> Input Class Initialized
INFO - 2025-05-23 17:37:12 --> Language Class Initialized
INFO - 2025-05-23 17:37:12 --> Language Class Initialized
INFO - 2025-05-23 17:37:12 --> Config Class Initialized
INFO - 2025-05-23 17:37:12 --> Loader Class Initialized
INFO - 2025-05-23 17:37:12 --> Helper loaded: url_helper
INFO - 2025-05-23 17:37:12 --> Helper loaded: easyui_helper
INFO - 2025-05-23 17:37:12 --> Helper loaded: param_helper
INFO - 2025-05-23 17:37:12 --> Helper loaded: credential_helper
INFO - 2025-05-23 17:37:12 --> Helper loaded: template_helper
INFO - 2025-05-23 17:37:12 --> Helper loaded: rest_helper
INFO - 2025-05-23 17:37:12 --> Database Driver Class Initialized
DEBUG - 2025-05-23 17:37:12 --> Idgenerator class already loaded. Second attempt ignored.
INFO - 2025-05-23 17:37:12 --> Controller Class Initialized
DEBUG - 2025-05-23 17:37:12 --> File loaded: /Library/WebServer/Documents/web-drc/application/modules/app_auth/views/login_lte_template.php
DEBUG - 2025-05-23 17:37:12 --> File loaded: /Library/WebServer/Documents/web-drc/application/views/template_login_lte/header.php
DEBUG - 2025-05-23 17:37:12 --> File loaded: /Library/WebServer/Documents/web-drc/application/views/template_login_lte/contents.php
DEBUG - 2025-05-23 17:37:12 --> File loaded: /Library/WebServer/Documents/web-drc/application/views/template_login_lte/default.php
INFO - 2025-05-23 17:37:12 --> Final output sent to browser
DEBUG - 2025-05-23 17:37:12 --> Total execution time: 0.0054
INFO - 2025-05-23 17:37:13 --> Config Class Initialized
INFO - 2025-05-23 17:37:13 --> Hooks Class Initialized
DEBUG - 2025-05-23 17:37:13 --> UTF-8 Support Enabled
INFO - 2025-05-23 17:37:13 --> Utf8 Class Initialized
INFO - 2025-05-23 17:37:13 --> URI Class Initialized
INFO - 2025-05-23 17:37:13 --> Router Class Initialized
INFO - 2025-05-23 17:37:13 --> Output Class Initialized
INFO - 2025-05-23 17:37:13 --> Security Class Initialized
DEBUG - 2025-05-23 17:37:13 --> Global POST, GET and COOKIE data sanitized
INFO - 2025-05-23 17:37:13 --> Input Class Initialized
INFO - 2025-05-23 17:37:13 --> Language Class Initialized
INFO - 2025-05-23 17:37:13 --> Language Class Initialized
INFO - 2025-05-23 17:37:13 --> Config Class Initialized
INFO - 2025-05-23 17:37:13 --> Loader Class Initialized
INFO - 2025-05-23 17:37:13 --> Helper loaded: url_helper
INFO - 2025-05-23 17:37:13 --> Helper loaded: easyui_helper
INFO - 2025-05-23 17:37:13 --> Helper loaded: param_helper
INFO - 2025-05-23 17:37:13 --> Helper loaded: credential_helper
INFO - 2025-05-23 17:37:13 --> Helper loaded: template_helper
INFO - 2025-05-23 17:37:13 --> Helper loaded: rest_helper
INFO - 2025-05-23 17:37:13 --> Database Driver Class Initialized
DEBUG - 2025-05-23 17:37:13 --> Idgenerator class already loaded. Second attempt ignored.
INFO - 2025-05-23 17:37:13 --> Controller Class Initialized
INFO - 2025-05-23 17:37:13 --> Final output sent to browser
DEBUG - 2025-05-23 17:37:13 --> Total execution time: 0.0054
INFO - 2025-05-23 17:37:13 --> Config Class Initialized
INFO - 2025-05-23 17:37:13 --> Hooks Class Initialized
DEBUG - 2025-05-23 17:37:13 --> UTF-8 Support Enabled
INFO - 2025-05-23 17:37:13 --> Utf8 Class Initialized
INFO - 2025-05-23 17:37:13 --> URI Class Initialized
INFO - 2025-05-23 17:37:13 --> Router Class Initialized
INFO - 2025-05-23 17:37:13 --> Output Class Initialized
INFO - 2025-05-23 17:37:13 --> Security Class Initialized
DEBUG - 2025-05-23 17:37:13 --> Global POST, GET and COOKIE data sanitized
INFO - 2025-05-23 17:37:13 --> Input Class Initialized
INFO - 2025-05-23 17:37:13 --> Language Class Initialized
INFO - 2025-05-23 17:37:13 --> Language Class Initialized
INFO - 2025-05-23 17:37:13 --> Config Class Initialized
INFO - 2025-05-23 17:37:13 --> Loader Class Initialized
INFO - 2025-05-23 17:37:13 --> Helper loaded: url_helper
INFO - 2025-05-23 17:37:13 --> Helper loaded: easyui_helper
INFO - 2025-05-23 17:37:13 --> Helper loaded: param_helper
INFO - 2025-05-23 17:37:13 --> Helper loaded: credential_helper
INFO - 2025-05-23 17:37:13 --> Helper loaded: template_helper
INFO - 2025-05-23 17:37:13 --> Helper loaded: rest_helper
INFO - 2025-05-23 17:37:13 --> Database Driver Class Initialized
DEBUG - 2025-05-23 17:37:13 --> Idgenerator class already loaded. Second attempt ignored.
INFO - 2025-05-23 17:37:13 --> Controller Class Initialized
INFO - 2025-05-23 17:37:13 --> Model Class Initialized
DEBUG - 2025-05-23 17:37:13 --> File loaded: /Library/WebServer/Documents/web-drc/application/modules/app_dashboard/models/App_dashboard_model.php
INFO - 2025-05-23 17:37:13 --> Model Class Initialized
DEBUG - 2025-05-23 17:37:13 --> File loaded: /Library/WebServer/Documents/web-drc/application/modules/app_dashboard/views/content.php
DEBUG - 2025-05-23 17:37:13 --> File loaded: /Library/WebServer/Documents/web-drc/application/views/templates/header.php
DEBUG - 2025-05-23 17:37:13 --> File loaded: /Library/WebServer/Documents/web-drc/application/views/templates/toolbar.php
DEBUG - 2025-05-23 17:37:13 --> File loaded: /Library/WebServer/Documents/web-drc/application/views/templates/sidebar.php
DEBUG - 2025-05-23 17:37:13 --> File loaded: /Library/WebServer/Documents/web-drc/application/views/templates/contents.php
DEBUG - 2025-05-23 17:37:13 --> File loaded: /Library/WebServer/Documents/web-drc/application/views/templates/content_footer.php
DEBUG - 2025-05-23 17:37:13 --> File loaded: /Library/WebServer/Documents/web-drc/application/views/templates/footer.php
DEBUG - 2025-05-23 17:37:13 --> File loaded: /Library/WebServer/Documents/web-drc/application/views/templates/default.php
INFO - 2025-05-23 17:37:13 --> Final output sent to browser
DEBUG - 2025-05-23 17:37:13 --> Total execution time: 0.0127
INFO - 2025-05-23 17:37:13 --> Config Class Initialized
INFO - 2025-05-23 17:37:13 --> Hooks Class Initialized
DEBUG - 2025-05-23 17:37:13 --> UTF-8 Support Enabled
INFO - 2025-05-23 17:37:13 --> Utf8 Class Initialized
INFO - 2025-05-23 17:37:13 --> URI Class Initialized
INFO - 2025-05-23 17:37:13 --> Router Class Initialized
INFO - 2025-05-23 17:37:13 --> Output Class Initialized
INFO - 2025-05-23 17:37:13 --> Security Class Initialized
DEBUG - 2025-05-23 17:37:13 --> Global POST, GET and COOKIE data sanitized
INFO - 2025-05-23 17:37:13 --> Input Class Initialized
INFO - 2025-05-23 17:37:13 --> Language Class Initialized
INFO - 2025-05-23 17:37:13 --> Language Class Initialized
INFO - 2025-05-23 17:37:13 --> Config Class Initialized
INFO - 2025-05-23 17:37:13 --> Loader Class Initialized
INFO - 2025-05-23 17:37:13 --> Helper loaded: url_helper
INFO - 2025-05-23 17:37:13 --> Helper loaded: easyui_helper
INFO - 2025-05-23 17:37:13 --> Helper loaded: param_helper
INFO - 2025-05-23 17:37:13 --> Helper loaded: credential_helper
INFO - 2025-05-23 17:37:13 --> Helper loaded: template_helper
INFO - 2025-05-23 17:37:13 --> Helper loaded: rest_helper
INFO - 2025-05-23 17:37:13 --> Database Driver Class Initialized
DEBUG - 2025-05-23 17:37:13 --> Idgenerator class already loaded. Second attempt ignored.
INFO - 2025-05-23 17:37:13 --> Controller Class Initialized
INFO - 2025-05-23 17:37:13 --> Model Class Initialized
DEBUG - 2025-05-23 17:37:13 --> File loaded: /Library/WebServer/Documents/web-drc/application/modules/app_dashboard/models/App_dashboard_model.php
INFO - 2025-05-23 17:37:13 --> Model Class Initialized
ERROR - 2025-05-23 17:37:13 --> Severity: Warning --> Undefined array key "get_date" /Library/WebServer/Documents/web-drc/application/modules/app_dashboard/models/App_dashboard_model.php 120
INFO - 2025-05-23 17:37:13 --> Final output sent to browser
DEBUG - 2025-05-23 17:37:13 --> Total execution time: 0.0493
INFO - 2025-05-23 17:37:13 --> Config Class Initialized
INFO - 2025-05-23 17:37:13 --> Hooks Class Initialized
DEBUG - 2025-05-23 17:37:13 --> UTF-8 Support Enabled
INFO - 2025-05-23 17:37:13 --> Utf8 Class Initialized
INFO - 2025-05-23 17:37:13 --> URI Class Initialized
INFO - 2025-05-23 17:37:13 --> Router Class Initialized
INFO - 2025-05-23 17:37:13 --> Output Class Initialized
INFO - 2025-05-23 17:37:13 --> Security Class Initialized
DEBUG - 2025-05-23 17:37:13 --> Global POST, GET and COOKIE data sanitized
INFO - 2025-05-23 17:37:13 --> Input Class Initialized
INFO - 2025-05-23 17:37:13 --> Language Class Initialized
INFO - 2025-05-23 17:37:13 --> Language Class Initialized
INFO - 2025-05-23 17:37:13 --> Config Class Initialized
INFO - 2025-05-23 17:37:13 --> Loader Class Initialized
INFO - 2025-05-23 17:37:13 --> Helper loaded: url_helper
INFO - 2025-05-23 17:37:13 --> Helper loaded: easyui_helper
INFO - 2025-05-23 17:37:13 --> Helper loaded: param_helper
INFO - 2025-05-23 17:37:13 --> Helper loaded: credential_helper
INFO - 2025-05-23 17:37:13 --> Helper loaded: template_helper
INFO - 2025-05-23 17:37:13 --> Helper loaded: rest_helper
INFO - 2025-05-23 17:37:13 --> Database Driver Class Initialized
DEBUG - 2025-05-23 17:37:13 --> Idgenerator class already loaded. Second attempt ignored.
INFO - 2025-05-23 17:37:13 --> Controller Class Initialized
INFO - 2025-05-23 17:37:13 --> Model Class Initialized
DEBUG - 2025-05-23 17:37:13 --> File loaded: /Library/WebServer/Documents/web-drc/application/modules/api_v1/models/Api_v1_model.php
INFO - 2025-05-23 17:37:13 --> Model Class Initialized
INFO - 2025-05-23 17:37:13 --> Final output sent to browser
DEBUG - 2025-05-23 17:37:13 --> Total execution time: 0.0023
INFO - 2025-05-23 17:37:18 --> Config Class Initialized
INFO - 2025-05-23 17:37:18 --> Hooks Class Initialized
DEBUG - 2025-05-23 17:37:18 --> UTF-8 Support Enabled
INFO - 2025-05-23 17:37:18 --> Utf8 Class Initialized
INFO - 2025-05-23 17:37:18 --> URI Class Initialized
INFO - 2025-05-23 17:37:18 --> Router Class Initialized
INFO - 2025-05-23 17:37:18 --> Output Class Initialized
INFO - 2025-05-23 17:37:18 --> Security Class Initialized
DEBUG - 2025-05-23 17:37:18 --> Global POST, GET and COOKIE data sanitized
INFO - 2025-05-23 17:37:18 --> Input Class Initialized
INFO - 2025-05-23 17:37:18 --> Language Class Initialized
ERROR - 2025-05-23 17:37:18 --> 404 Page Not Found: /index
INFO - 2025-05-23 17:37:23 --> Config Class Initialized
INFO - 2025-05-23 17:37:23 --> Hooks Class Initialized
DEBUG - 2025-05-23 17:37:23 --> UTF-8 Support Enabled
INFO - 2025-05-23 17:37:23 --> Utf8 Class Initialized
INFO - 2025-05-23 17:37:23 --> URI Class Initialized
INFO - 2025-05-23 17:37:23 --> Router Class Initialized
INFO - 2025-05-23 17:37:23 --> Output Class Initialized
INFO - 2025-05-23 17:37:23 --> Security Class Initialized
DEBUG - 2025-05-23 17:37:23 --> Global POST, GET and COOKIE data sanitized
INFO - 2025-05-23 17:37:23 --> Input Class Initialized
INFO - 2025-05-23 17:37:23 --> Language Class Initialized
INFO - 2025-05-23 17:37:23 --> Language Class Initialized
INFO - 2025-05-23 17:37:23 --> Config Class Initialized
INFO - 2025-05-23 17:37:23 --> Loader Class Initialized
INFO - 2025-05-23 17:37:23 --> Helper loaded: url_helper
INFO - 2025-05-23 17:37:23 --> Helper loaded: easyui_helper
INFO - 2025-05-23 17:37:23 --> Helper loaded: param_helper
INFO - 2025-05-23 17:37:23 --> Helper loaded: credential_helper
INFO - 2025-05-23 17:37:23 --> Helper loaded: template_helper
INFO - 2025-05-23 17:37:23 --> Helper loaded: rest_helper
INFO - 2025-05-23 17:37:23 --> Database Driver Class Initialized
DEBUG - 2025-05-23 17:37:23 --> Idgenerator class already loaded. Second attempt ignored.
INFO - 2025-05-23 17:37:23 --> Controller Class Initialized
INFO - 2025-05-23 17:37:23 --> Model Class Initialized
DEBUG - 2025-05-23 17:37:23 --> File loaded: /Library/WebServer/Documents/web-drc/application/modules/app_dashboard/models/App_dashboard_model.php
INFO - 2025-05-23 17:37:23 --> Model Class Initialized
DEBUG - 2025-05-23 17:37:23 --> File loaded: /Library/WebServer/Documents/web-drc/application/modules/app_dashboard/views/content.php
DEBUG - 2025-05-23 17:37:23 --> File loaded: /Library/WebServer/Documents/web-drc/application/views/templates/header.php
DEBUG - 2025-05-23 17:37:23 --> File loaded: /Library/WebServer/Documents/web-drc/application/views/templates/toolbar.php
DEBUG - 2025-05-23 17:37:23 --> File loaded: /Library/WebServer/Documents/web-drc/application/views/templates/sidebar.php
DEBUG - 2025-05-23 17:37:23 --> File loaded: /Library/WebServer/Documents/web-drc/application/views/templates/contents.php
DEBUG - 2025-05-23 17:37:23 --> File loaded: /Library/WebServer/Documents/web-drc/application/views/templates/content_footer.php
DEBUG - 2025-05-23 17:37:23 --> File loaded: /Library/WebServer/Documents/web-drc/application/views/templates/footer.php
DEBUG - 2025-05-23 17:37:23 --> File loaded: /Library/WebServer/Documents/web-drc/application/views/templates/default.php
INFO - 2025-05-23 17:37:23 --> Final output sent to browser
DEBUG - 2025-05-23 17:37:23 --> Total execution time: 0.0113
INFO - 2025-05-23 17:37:23 --> Config Class Initialized
INFO - 2025-05-23 17:37:23 --> Hooks Class Initialized
DEBUG - 2025-05-23 17:37:23 --> UTF-8 Support Enabled
INFO - 2025-05-23 17:37:23 --> Utf8 Class Initialized
INFO - 2025-05-23 17:37:23 --> URI Class Initialized
INFO - 2025-05-23 17:37:23 --> Router Class Initialized
INFO - 2025-05-23 17:37:23 --> Output Class Initialized
INFO - 2025-05-23 17:37:23 --> Security Class Initialized
DEBUG - 2025-05-23 17:37:23 --> Global POST, GET and COOKIE data sanitized
INFO - 2025-05-23 17:37:23 --> Input Class Initialized
INFO - 2025-05-23 17:37:23 --> Language Class Initialized
INFO - 2025-05-23 17:37:23 --> Language Class Initialized
INFO - 2025-05-23 17:37:23 --> Config Class Initialized
INFO - 2025-05-23 17:37:23 --> Loader Class Initialized
INFO - 2025-05-23 17:37:23 --> Helper loaded: url_helper
INFO - 2025-05-23 17:37:23 --> Helper loaded: easyui_helper
INFO - 2025-05-23 17:37:23 --> Helper loaded: param_helper
INFO - 2025-05-23 17:37:23 --> Helper loaded: credential_helper
INFO - 2025-05-23 17:37:23 --> Helper loaded: template_helper
INFO - 2025-05-23 17:37:23 --> Helper loaded: rest_helper
INFO - 2025-05-23 17:37:23 --> Database Driver Class Initialized
DEBUG - 2025-05-23 17:37:23 --> Idgenerator class already loaded. Second attempt ignored.
INFO - 2025-05-23 17:37:23 --> Controller Class Initialized
INFO - 2025-05-23 17:37:23 --> Model Class Initialized
DEBUG - 2025-05-23 17:37:23 --> File loaded: /Library/WebServer/Documents/web-drc/application/modules/app_dashboard/models/App_dashboard_model.php
INFO - 2025-05-23 17:37:23 --> Model Class Initialized
ERROR - 2025-05-23 17:37:23 --> Severity: Warning --> Undefined array key "get_date" /Library/WebServer/Documents/web-drc/application/modules/app_dashboard/models/App_dashboard_model.php 120
INFO - 2025-05-23 17:37:23 --> Final output sent to browser
DEBUG - 2025-05-23 17:37:23 --> Total execution time: 0.0497
INFO - 2025-05-23 17:37:23 --> Config Class Initialized
INFO - 2025-05-23 17:37:23 --> Hooks Class Initialized
DEBUG - 2025-05-23 17:37:23 --> UTF-8 Support Enabled
INFO - 2025-05-23 17:37:23 --> Utf8 Class Initialized
INFO - 2025-05-23 17:37:23 --> URI Class Initialized
INFO - 2025-05-23 17:37:23 --> Router Class Initialized
INFO - 2025-05-23 17:37:23 --> Output Class Initialized
INFO - 2025-05-23 17:37:23 --> Security Class Initialized
DEBUG - 2025-05-23 17:37:23 --> Global POST, GET and COOKIE data sanitized
INFO - 2025-05-23 17:37:23 --> Input Class Initialized
INFO - 2025-05-23 17:37:23 --> Language Class Initialized
INFO - 2025-05-23 17:37:23 --> Language Class Initialized
INFO - 2025-05-23 17:37:23 --> Config Class Initialized
INFO - 2025-05-23 17:37:23 --> Loader Class Initialized
INFO - 2025-05-23 17:37:24 --> Helper loaded: url_helper
INFO - 2025-05-23 17:37:24 --> Helper loaded: easyui_helper
INFO - 2025-05-23 17:37:24 --> Helper loaded: param_helper
INFO - 2025-05-23 17:37:24 --> Helper loaded: credential_helper
INFO - 2025-05-23 17:37:24 --> Helper loaded: template_helper
INFO - 2025-05-23 17:37:24 --> Helper loaded: rest_helper
INFO - 2025-05-23 17:37:24 --> Database Driver Class Initialized
DEBUG - 2025-05-23 17:37:24 --> Idgenerator class already loaded. Second attempt ignored.
INFO - 2025-05-23 17:37:24 --> Controller Class Initialized
INFO - 2025-05-23 17:37:24 --> Model Class Initialized
DEBUG - 2025-05-23 17:37:24 --> File loaded: /Library/WebServer/Documents/web-drc/application/modules/api_v1/models/Api_v1_model.php
INFO - 2025-05-23 17:37:24 --> Model Class Initialized
INFO - 2025-05-23 17:37:24 --> Final output sent to browser
DEBUG - 2025-05-23 17:37:24 --> Total execution time: 0.0055
INFO - 2025-05-23 17:37:29 --> Config Class Initialized
INFO - 2025-05-23 17:37:29 --> Hooks Class Initialized
DEBUG - 2025-05-23 17:37:29 --> UTF-8 Support Enabled
INFO - 2025-05-23 17:37:29 --> Utf8 Class Initialized
INFO - 2025-05-23 17:37:29 --> URI Class Initialized
INFO - 2025-05-23 17:37:29 --> Router Class Initialized
INFO - 2025-05-23 17:37:29 --> Output Class Initialized
INFO - 2025-05-23 17:37:29 --> Security Class Initialized
DEBUG - 2025-05-23 17:37:29 --> Global POST, GET and COOKIE data sanitized
INFO - 2025-05-23 17:37:29 --> Input Class Initialized
INFO - 2025-05-23 17:37:29 --> Language Class Initialized
INFO - 2025-05-23 17:37:29 --> Language Class Initialized
INFO - 2025-05-23 17:37:29 --> Config Class Initialized
INFO - 2025-05-23 17:37:29 --> Loader Class Initialized
INFO - 2025-05-23 17:37:29 --> Helper loaded: url_helper
INFO - 2025-05-23 17:37:29 --> Helper loaded: easyui_helper
INFO - 2025-05-23 17:37:29 --> Helper loaded: param_helper
INFO - 2025-05-23 17:37:29 --> Helper loaded: credential_helper
INFO - 2025-05-23 17:37:29 --> Helper loaded: template_helper
INFO - 2025-05-23 17:37:29 --> Helper loaded: rest_helper
INFO - 2025-05-23 17:37:29 --> Database Driver Class Initialized
DEBUG - 2025-05-23 17:37:29 --> Idgenerator class already loaded. Second attempt ignored.
INFO - 2025-05-23 17:37:29 --> Controller Class Initialized
INFO - 2025-05-23 17:37:29 --> Model Class Initialized
DEBUG - 2025-05-23 17:37:29 --> File loaded: /Library/WebServer/Documents/web-drc/application/modules/rep_available_mcs/models/Rep_available_mcs_model.php
INFO - 2025-05-23 17:37:29 --> Model Class Initialized
DEBUG - 2025-05-23 17:37:29 --> File loaded: /Library/WebServer/Documents/web-drc/application/modules/rep_available_mcs/views/content.php
DEBUG - 2025-05-23 17:37:29 --> File loaded: /Library/WebServer/Documents/web-drc/application/views/templates/header.php
DEBUG - 2025-05-23 17:37:29 --> File loaded: /Library/WebServer/Documents/web-drc/application/views/templates/toolbar.php
DEBUG - 2025-05-23 17:37:29 --> File loaded: /Library/WebServer/Documents/web-drc/application/views/templates/sidebar.php
DEBUG - 2025-05-23 17:37:29 --> File loaded: /Library/WebServer/Documents/web-drc/application/views/templates/contents.php
DEBUG - 2025-05-23 17:37:29 --> File loaded: /Library/WebServer/Documents/web-drc/application/views/templates/content_footer.php
DEBUG - 2025-05-23 17:37:29 --> File loaded: /Library/WebServer/Documents/web-drc/application/views/templates/footer.php
DEBUG - 2025-05-23 17:37:29 --> File loaded: /Library/WebServer/Documents/web-drc/application/views/templates/default.php
INFO - 2025-05-23 17:37:29 --> Final output sent to browser
DEBUG - 2025-05-23 17:37:29 --> Total execution time: 0.0224
INFO - 2025-05-23 17:37:29 --> Config Class Initialized
INFO - 2025-05-23 17:37:29 --> Hooks Class Initialized
DEBUG - 2025-05-23 17:37:29 --> UTF-8 Support Enabled
INFO - 2025-05-23 17:37:29 --> Utf8 Class Initialized
INFO - 2025-05-23 17:37:29 --> URI Class Initialized
INFO - 2025-05-23 17:37:29 --> Router Class Initialized
INFO - 2025-05-23 17:37:29 --> Output Class Initialized
INFO - 2025-05-23 17:37:29 --> Security Class Initialized
DEBUG - 2025-05-23 17:37:29 --> Global POST, GET and COOKIE data sanitized
INFO - 2025-05-23 17:37:29 --> Input Class Initialized
INFO - 2025-05-23 17:37:29 --> Language Class Initialized
INFO - 2025-05-23 17:37:29 --> Language Class Initialized
INFO - 2025-05-23 17:37:29 --> Config Class Initialized
INFO - 2025-05-23 17:37:29 --> Loader Class Initialized
INFO - 2025-05-23 17:37:29 --> Helper loaded: url_helper
INFO - 2025-05-23 17:37:29 --> Helper loaded: easyui_helper
INFO - 2025-05-23 17:37:29 --> Helper loaded: param_helper
INFO - 2025-05-23 17:37:29 --> Helper loaded: credential_helper
INFO - 2025-05-23 17:37:29 --> Helper loaded: template_helper
INFO - 2025-05-23 17:37:29 --> Helper loaded: rest_helper
INFO - 2025-05-23 17:37:29 --> Database Driver Class Initialized
DEBUG - 2025-05-23 17:37:29 --> Idgenerator class already loaded. Second attempt ignored.
INFO - 2025-05-23 17:37:29 --> Controller Class Initialized
INFO - 2025-05-23 17:37:29 --> Model Class Initialized
DEBUG - 2025-05-23 17:37:29 --> File loaded: /Library/WebServer/Documents/web-drc/application/modules/rep_available_mcs/models/Rep_available_mcs_model.php
INFO - 2025-05-23 17:37:29 --> Model Class Initialized
ERROR - 2025-05-23 17:37:29 --> Severity: Warning --> Undefined array key "restrict_level" /Library/WebServer/Documents/web-drc/application/modules/rep_available_mcs/models/Rep_available_mcs_model.php 10
ERROR - 2025-05-23 17:37:29 --> Severity: Warning --> Undefined array key "restrict_level" /Library/WebServer/Documents/web-drc/application/modules/rep_available_mcs/models/Rep_available_mcs_model.php 15
ERROR - 2025-05-23 17:37:29 --> Severity: Warning --> Undefined array key "restrict_level" /Library/WebServer/Documents/web-drc/application/modules/rep_available_mcs/models/Rep_available_mcs_model.php 20
ERROR - 2025-05-23 17:37:29 --> Severity: Warning --> Undefined array key "regionalid" /Library/WebServer/Documents/web-drc/application/modules/rep_available_mcs/models/Rep_available_mcs_model.php 29
ERROR - 2025-05-23 17:37:29 --> Severity: Warning --> Undefined array key "areaid" /Library/WebServer/Documents/web-drc/application/modules/rep_available_mcs/models/Rep_available_mcs_model.php 30
ERROR - 2025-05-23 17:37:29 --> Severity: Warning --> Undefined array key "subareaid" /Library/WebServer/Documents/web-drc/application/modules/rep_available_mcs/models/Rep_available_mcs_model.php 31
ERROR - 2025-05-23 17:37:29 --> Severity: Warning --> Undefined array key "classid" /Library/WebServer/Documents/web-drc/application/modules/rep_available_mcs/models/Rep_available_mcs_model.php 32
INFO - 2025-05-23 17:37:29 --> Final output sent to browser
DEBUG - 2025-05-23 17:37:29 --> Total execution time: 0.0718
INFO - 2025-05-23 17:37:29 --> Config Class Initialized
INFO - 2025-05-23 17:37:29 --> Hooks Class Initialized
DEBUG - 2025-05-23 17:37:29 --> UTF-8 Support Enabled
INFO - 2025-05-23 17:37:29 --> Utf8 Class Initialized
INFO - 2025-05-23 17:37:29 --> URI Class Initialized
INFO - 2025-05-23 17:37:29 --> Router Class Initialized
INFO - 2025-05-23 17:37:29 --> Output Class Initialized
INFO - 2025-05-23 17:37:29 --> Security Class Initialized
DEBUG - 2025-05-23 17:37:29 --> Global POST, GET and COOKIE data sanitized
INFO - 2025-05-23 17:37:29 --> Input Class Initialized
INFO - 2025-05-23 17:37:29 --> Language Class Initialized
INFO - 2025-05-23 17:37:29 --> Language Class Initialized
INFO - 2025-05-23 17:37:29 --> Config Class Initialized
INFO - 2025-05-23 17:37:29 --> Loader Class Initialized
INFO - 2025-05-23 17:37:29 --> Helper loaded: url_helper
INFO - 2025-05-23 17:37:29 --> Helper loaded: easyui_helper
INFO - 2025-05-23 17:37:29 --> Helper loaded: param_helper
INFO - 2025-05-23 17:37:29 --> Helper loaded: credential_helper
INFO - 2025-05-23 17:37:29 --> Helper loaded: template_helper
INFO - 2025-05-23 17:37:29 --> Helper loaded: rest_helper
INFO - 2025-05-23 17:37:29 --> Database Driver Class Initialized
DEBUG - 2025-05-23 17:37:29 --> Idgenerator class already loaded. Second attempt ignored.
INFO - 2025-05-23 17:37:29 --> Controller Class Initialized
INFO - 2025-05-23 17:37:29 --> Model Class Initialized
DEBUG - 2025-05-23 17:37:29 --> File loaded: /Library/WebServer/Documents/web-drc/application/modules/rep_available_mcs/models/Rep_available_mcs_model.php
INFO - 2025-05-23 17:37:29 --> Model Class Initialized
INFO - 2025-05-23 17:37:29 --> Final output sent to browser
DEBUG - 2025-05-23 17:37:29 --> Total execution time: 0.0041
INFO - 2025-05-23 17:37:29 --> Config Class Initialized
INFO - 2025-05-23 17:37:29 --> Hooks Class Initialized
DEBUG - 2025-05-23 17:37:29 --> UTF-8 Support Enabled
INFO - 2025-05-23 17:37:29 --> Utf8 Class Initialized
INFO - 2025-05-23 17:37:29 --> URI Class Initialized
INFO - 2025-05-23 17:37:29 --> Router Class Initialized
INFO - 2025-05-23 17:37:29 --> Output Class Initialized
INFO - 2025-05-23 17:37:29 --> Security Class Initialized
DEBUG - 2025-05-23 17:37:29 --> Global POST, GET and COOKIE data sanitized
INFO - 2025-05-23 17:37:29 --> Input Class Initialized
INFO - 2025-05-23 17:37:29 --> Language Class Initialized
INFO - 2025-05-23 17:37:29 --> Language Class Initialized
INFO - 2025-05-23 17:37:29 --> Config Class Initialized
INFO - 2025-05-23 17:37:29 --> Loader Class Initialized
INFO - 2025-05-23 17:37:29 --> Helper loaded: url_helper
INFO - 2025-05-23 17:37:29 --> Helper loaded: easyui_helper
INFO - 2025-05-23 17:37:29 --> Helper loaded: param_helper
INFO - 2025-05-23 17:37:29 --> Helper loaded: credential_helper
INFO - 2025-05-23 17:37:29 --> Helper loaded: template_helper
INFO - 2025-05-23 17:37:29 --> Helper loaded: rest_helper
INFO - 2025-05-23 17:37:29 --> Database Driver Class Initialized
DEBUG - 2025-05-23 17:37:29 --> Idgenerator class already loaded. Second attempt ignored.
INFO - 2025-05-23 17:37:29 --> Controller Class Initialized
INFO - 2025-05-23 17:37:29 --> Model Class Initialized
DEBUG - 2025-05-23 17:37:29 --> File loaded: /Library/WebServer/Documents/web-drc/application/modules/rep_available_mcs/models/Rep_available_mcs_model.php
INFO - 2025-05-23 17:37:29 --> Model Class Initialized
INFO - 2025-05-23 17:37:29 --> Final output sent to browser
DEBUG - 2025-05-23 17:37:29 --> Total execution time: 0.0048
INFO - 2025-05-23 17:37:37 --> Config Class Initialized
INFO - 2025-05-23 17:37:37 --> Hooks Class Initialized
DEBUG - 2025-05-23 17:37:37 --> UTF-8 Support Enabled
INFO - 2025-05-23 17:37:37 --> Utf8 Class Initialized
INFO - 2025-05-23 17:37:37 --> URI Class Initialized
INFO - 2025-05-23 17:37:37 --> Router Class Initialized
INFO - 2025-05-23 17:37:37 --> Output Class Initialized
INFO - 2025-05-23 17:37:37 --> Security Class Initialized
DEBUG - 2025-05-23 17:37:37 --> Global POST, GET and COOKIE data sanitized
INFO - 2025-05-23 17:37:37 --> Input Class Initialized
INFO - 2025-05-23 17:37:37 --> Language Class Initialized
ERROR - 2025-05-23 17:37:37 --> 404 Page Not Found: /index
INFO - 2025-05-23 17:38:04 --> Config Class Initialized
INFO - 2025-05-23 17:38:04 --> Hooks Class Initialized
DEBUG - 2025-05-23 17:38:04 --> UTF-8 Support Enabled
INFO - 2025-05-23 17:38:04 --> Utf8 Class Initialized
INFO - 2025-05-23 17:38:04 --> URI Class Initialized
INFO - 2025-05-23 17:38:04 --> Router Class Initialized
INFO - 2025-05-23 17:38:04 --> Output Class Initialized
INFO - 2025-05-23 17:38:04 --> Security Class Initialized
DEBUG - 2025-05-23 17:38:04 --> Global POST, GET and COOKIE data sanitized
INFO - 2025-05-23 17:38:04 --> Input Class Initialized
INFO - 2025-05-23 17:38:04 --> Language Class Initialized
INFO - 2025-05-23 17:38:04 --> Language Class Initialized
INFO - 2025-05-23 17:38:04 --> Config Class Initialized
INFO - 2025-05-23 17:38:04 --> Loader Class Initialized
INFO - 2025-05-23 17:38:04 --> Helper loaded: url_helper
INFO - 2025-05-23 17:38:04 --> Helper loaded: easyui_helper
INFO - 2025-05-23 17:38:04 --> Helper loaded: param_helper
INFO - 2025-05-23 17:38:04 --> Helper loaded: credential_helper
INFO - 2025-05-23 17:38:04 --> Helper loaded: template_helper
INFO - 2025-05-23 17:38:04 --> Helper loaded: rest_helper
INFO - 2025-05-23 17:38:04 --> Database Driver Class Initialized
DEBUG - 2025-05-23 17:38:04 --> Idgenerator class already loaded. Second attempt ignored.
INFO - 2025-05-23 17:38:04 --> Controller Class Initialized
INFO - 2025-05-23 17:38:04 --> Model Class Initialized
DEBUG - 2025-05-23 17:38:04 --> File loaded: /Library/WebServer/Documents/web-drc/application/modules/tracking_product/models/Tracking_product_model.php
INFO - 2025-05-23 17:38:04 --> Model Class Initialized
DEBUG - 2025-05-23 17:38:04 --> File loaded: /Library/WebServer/Documents/web-drc/application/modules/tracking_product/views/form.php
DEBUG - 2025-05-23 17:38:04 --> File loaded: /Library/WebServer/Documents/web-drc/application/views/templates/header.php
DEBUG - 2025-05-23 17:38:04 --> File loaded: /Library/WebServer/Documents/web-drc/application/views/templates/toolbar.php
DEBUG - 2025-05-23 17:38:04 --> File loaded: /Library/WebServer/Documents/web-drc/application/views/templates/sidebar.php
DEBUG - 2025-05-23 17:38:04 --> File loaded: /Library/WebServer/Documents/web-drc/application/views/templates/contents.php
DEBUG - 2025-05-23 17:38:04 --> File loaded: /Library/WebServer/Documents/web-drc/application/views/templates/content_footer.php
DEBUG - 2025-05-23 17:38:04 --> File loaded: /Library/WebServer/Documents/web-drc/application/views/templates/footer.php
DEBUG - 2025-05-23 17:38:04 --> File loaded: /Library/WebServer/Documents/web-drc/application/views/templates/default.php
INFO - 2025-05-23 17:38:04 --> Final output sent to browser
DEBUG - 2025-05-23 17:38:04 --> Total execution time: 0.0112
INFO - 2025-05-23 17:38:04 --> Config Class Initialized
INFO - 2025-05-23 17:38:04 --> Hooks Class Initialized
DEBUG - 2025-05-23 17:38:04 --> UTF-8 Support Enabled
INFO - 2025-05-23 17:38:04 --> Utf8 Class Initialized
INFO - 2025-05-23 17:38:04 --> URI Class Initialized
INFO - 2025-05-23 17:38:04 --> Router Class Initialized
INFO - 2025-05-23 17:38:04 --> Output Class Initialized
INFO - 2025-05-23 17:38:04 --> Security Class Initialized
DEBUG - 2025-05-23 17:38:04 --> Global POST, GET and COOKIE data sanitized
INFO - 2025-05-23 17:38:04 --> Input Class Initialized
INFO - 2025-05-23 17:38:04 --> Language Class Initialized
INFO - 2025-05-23 17:38:04 --> Language Class Initialized
INFO - 2025-05-23 17:38:04 --> Config Class Initialized
INFO - 2025-05-23 17:38:04 --> Loader Class Initialized
INFO - 2025-05-23 17:38:04 --> Helper loaded: url_helper
INFO - 2025-05-23 17:38:04 --> Helper loaded: easyui_helper
INFO - 2025-05-23 17:38:04 --> Helper loaded: param_helper
INFO - 2025-05-23 17:38:04 --> Helper loaded: credential_helper
INFO - 2025-05-23 17:38:04 --> Helper loaded: template_helper
INFO - 2025-05-23 17:38:04 --> Helper loaded: rest_helper
INFO - 2025-05-23 17:38:04 --> Database Driver Class Initialized
DEBUG - 2025-05-23 17:38:04 --> Idgenerator class already loaded. Second attempt ignored.
INFO - 2025-05-23 17:38:04 --> Controller Class Initialized
INFO - 2025-05-23 17:38:04 --> Model Class Initialized
DEBUG - 2025-05-23 17:38:04 --> File loaded: /Library/WebServer/Documents/web-drc/application/modules/api_v1/models/Api_v1_model.php
INFO - 2025-05-23 17:38:04 --> Model Class Initialized
INFO - 2025-05-23 17:38:04 --> Final output sent to browser
DEBUG - 2025-05-23 17:38:04 --> Total execution time: 0.0025
INFO - 2025-05-23 17:38:04 --> Config Class Initialized
INFO - 2025-05-23 17:38:04 --> Hooks Class Initialized
DEBUG - 2025-05-23 17:38:04 --> UTF-8 Support Enabled
INFO - 2025-05-23 17:38:04 --> Utf8 Class Initialized
INFO - 2025-05-23 17:38:04 --> URI Class Initialized
INFO - 2025-05-23 17:38:04 --> Router Class Initialized
INFO - 2025-05-23 17:38:04 --> Output Class Initialized
INFO - 2025-05-23 17:38:04 --> Security Class Initialized
DEBUG - 2025-05-23 17:38:04 --> Global POST, GET and COOKIE data sanitized
INFO - 2025-05-23 17:38:04 --> Input Class Initialized
INFO - 2025-05-23 17:38:04 --> Language Class Initialized
INFO - 2025-05-23 17:38:04 --> Language Class Initialized
INFO - 2025-05-23 17:38:04 --> Config Class Initialized
INFO - 2025-05-23 17:38:04 --> Loader Class Initialized
INFO - 2025-05-23 17:38:04 --> Helper loaded: url_helper
INFO - 2025-05-23 17:38:04 --> Helper loaded: easyui_helper
INFO - 2025-05-23 17:38:04 --> Helper loaded: param_helper
INFO - 2025-05-23 17:38:04 --> Helper loaded: credential_helper
INFO - 2025-05-23 17:38:04 --> Helper loaded: template_helper
INFO - 2025-05-23 17:38:04 --> Helper loaded: rest_helper
INFO - 2025-05-23 17:38:04 --> Database Driver Class Initialized
DEBUG - 2025-05-23 17:38:04 --> Idgenerator class already loaded. Second attempt ignored.
INFO - 2025-05-23 17:38:04 --> Controller Class Initialized
INFO - 2025-05-23 17:38:04 --> Model Class Initialized
DEBUG - 2025-05-23 17:38:04 --> File loaded: /Library/WebServer/Documents/web-drc/application/modules/rep_doi/models/Rep_doi_model.php
INFO - 2025-05-23 17:38:04 --> Model Class Initialized
INFO - 2025-05-23 17:38:04 --> Final output sent to browser
DEBUG - 2025-05-23 17:38:04 --> Total execution time: 0.0036
INFO - 2025-05-23 21:47:23 --> Config Class Initialized
INFO - 2025-05-23 21:47:23 --> Hooks Class Initialized
DEBUG - 2025-05-23 21:47:23 --> UTF-8 Support Enabled
INFO - 2025-05-23 21:47:23 --> Utf8 Class Initialized
INFO - 2025-05-23 21:47:23 --> URI Class Initialized
INFO - 2025-05-23 21:47:23 --> Router Class Initialized
INFO - 2025-05-23 21:47:23 --> Output Class Initialized
INFO - 2025-05-23 21:47:23 --> Security Class Initialized
DEBUG - 2025-05-23 21:47:23 --> Global POST, GET and COOKIE data sanitized
INFO - 2025-05-23 21:47:23 --> Input Class Initialized
INFO - 2025-05-23 21:47:23 --> Language Class Initialized
INFO - 2025-05-23 21:47:23 --> Language Class Initialized
INFO - 2025-05-23 21:47:23 --> Config Class Initialized
INFO - 2025-05-23 21:47:23 --> Loader Class Initialized
INFO - 2025-05-23 21:47:23 --> Helper loaded: url_helper
INFO - 2025-05-23 21:47:23 --> Helper loaded: easyui_helper
INFO - 2025-05-23 21:47:23 --> Helper loaded: param_helper
INFO - 2025-05-23 21:47:23 --> Helper loaded: credential_helper
INFO - 2025-05-23 21:47:23 --> Helper loaded: template_helper
INFO - 2025-05-23 21:47:23 --> Helper loaded: rest_helper
INFO - 2025-05-23 21:47:23 --> Database Driver Class Initialized
DEBUG - 2025-05-23 21:47:23 --> Idgenerator class already loaded. Second attempt ignored.
INFO - 2025-05-23 21:47:23 --> Controller Class Initialized
INFO - 2025-05-23 21:47:23 --> Model Class Initialized
DEBUG - 2025-05-23 21:47:23 --> File loaded: /Library/WebServer/Documents/web-drc/application/modules/tracking_product/models/Tracking_product_model.php
INFO - 2025-05-23 21:47:23 --> Model Class Initialized
DEBUG - 2025-05-23 21:47:23 --> File loaded: /Library/WebServer/Documents/web-drc/application/modules/tracking_product/views/form.php
DEBUG - 2025-05-23 21:47:23 --> File loaded: /Library/WebServer/Documents/web-drc/application/views/templates/header.php
ERROR - 2025-05-23 21:47:23 --> Severity: Warning --> Undefined array key "user" /Library/WebServer/Documents/web-drc/application/views/templates/toolbar.php 18
ERROR - 2025-05-23 21:47:23 --> Severity: Warning --> Undefined array key "user" /Library/WebServer/Documents/web-drc/application/views/templates/toolbar.php 25
ERROR - 2025-05-23 21:47:23 --> Severity: Warning --> Undefined array key "user_credential" /Library/WebServer/Documents/web-drc/application/views/templates/toolbar.php 26
DEBUG - 2025-05-23 21:47:23 --> File loaded: /Library/WebServer/Documents/web-drc/application/views/templates/toolbar.php
ERROR - 2025-05-23 21:47:23 --> Severity: Warning --> Undefined array key "role_id" /Library/WebServer/Documents/web-drc/application/helpers/credential_helper.php 158
DEBUG - 2025-05-23 21:47:23 --> File loaded: /Library/WebServer/Documents/web-drc/application/views/templates/sidebar.php
DEBUG - 2025-05-23 21:47:23 --> File loaded: /Library/WebServer/Documents/web-drc/application/views/templates/contents.php
DEBUG - 2025-05-23 21:47:23 --> File loaded: /Library/WebServer/Documents/web-drc/application/views/templates/content_footer.php
DEBUG - 2025-05-23 21:47:23 --> File loaded: /Library/WebServer/Documents/web-drc/application/views/templates/footer.php
ERROR - 2025-05-23 21:47:23 --> Severity: Warning --> Undefined array key "expired_at" /Library/WebServer/Documents/web-drc/application/helpers/credential_helper.php 25
INFO - 2025-05-23 21:47:23 --> Config Class Initialized
INFO - 2025-05-23 21:47:23 --> Hooks Class Initialized
DEBUG - 2025-05-23 21:47:23 --> UTF-8 Support Enabled
INFO - 2025-05-23 21:47:23 --> Utf8 Class Initialized
INFO - 2025-05-23 21:47:23 --> URI Class Initialized
DEBUG - 2025-05-23 21:47:23 --> No URI present. Default controller set.
INFO - 2025-05-23 21:47:23 --> Router Class Initialized
INFO - 2025-05-23 21:47:23 --> Output Class Initialized
INFO - 2025-05-23 21:47:23 --> Security Class Initialized
DEBUG - 2025-05-23 21:47:23 --> Global POST, GET and COOKIE data sanitized
INFO - 2025-05-23 21:47:23 --> Input Class Initialized
INFO - 2025-05-23 21:47:23 --> Language Class Initialized
INFO - 2025-05-23 21:47:23 --> Language Class Initialized
INFO - 2025-05-23 21:47:23 --> Config Class Initialized
INFO - 2025-05-23 21:47:23 --> Loader Class Initialized
INFO - 2025-05-23 21:47:23 --> Helper loaded: url_helper
INFO - 2025-05-23 21:47:23 --> Helper loaded: easyui_helper
INFO - 2025-05-23 21:47:23 --> Helper loaded: param_helper
INFO - 2025-05-23 21:47:23 --> Helper loaded: credential_helper
INFO - 2025-05-23 21:47:23 --> Helper loaded: template_helper
INFO - 2025-05-23 21:47:23 --> Helper loaded: rest_helper
INFO - 2025-05-23 21:47:23 --> Database Driver Class Initialized
DEBUG - 2025-05-23 21:47:23 --> Idgenerator class already loaded. Second attempt ignored.
INFO - 2025-05-23 21:47:23 --> Controller Class Initialized
DEBUG - 2025-05-23 21:47:23 --> File loaded: /Library/WebServer/Documents/web-drc/application/modules/app_auth/views/login_lte_template.php
DEBUG - 2025-05-23 21:47:23 --> File loaded: /Library/WebServer/Documents/web-drc/application/views/template_login_lte/header.php
DEBUG - 2025-05-23 21:47:23 --> File loaded: /Library/WebServer/Documents/web-drc/application/views/template_login_lte/contents.php
DEBUG - 2025-05-23 21:47:23 --> File loaded: /Library/WebServer/Documents/web-drc/application/views/template_login_lte/default.php
INFO - 2025-05-23 21:47:23 --> Final output sent to browser
DEBUG - 2025-05-23 21:47:23 --> Total execution time: 0.0040
INFO - 2025-05-23 21:47:24 --> Config Class Initialized
INFO - 2025-05-23 21:47:24 --> Hooks Class Initialized
DEBUG - 2025-05-23 21:47:24 --> UTF-8 Support Enabled
INFO - 2025-05-23 21:47:24 --> Utf8 Class Initialized
INFO - 2025-05-23 21:47:24 --> URI Class Initialized
INFO - 2025-05-23 21:47:24 --> Router Class Initialized
INFO - 2025-05-23 21:47:24 --> Output Class Initialized
INFO - 2025-05-23 21:47:24 --> Security Class Initialized
DEBUG - 2025-05-23 21:47:24 --> Global POST, GET and COOKIE data sanitized
INFO - 2025-05-23 21:47:24 --> Input Class Initialized
INFO - 2025-05-23 21:47:24 --> Language Class Initialized
ERROR - 2025-05-23 21:47:24 --> 404 Page Not Found: /index
INFO - 2025-05-23 21:47:25 --> Config Class Initialized
INFO - 2025-05-23 21:47:25 --> Hooks Class Initialized
DEBUG - 2025-05-23 21:47:25 --> UTF-8 Support Enabled
INFO - 2025-05-23 21:47:25 --> Utf8 Class Initialized
INFO - 2025-05-23 21:47:25 --> URI Class Initialized
INFO - 2025-05-23 21:47:25 --> Router Class Initialized
INFO - 2025-05-23 21:47:25 --> Output Class Initialized
INFO - 2025-05-23 21:47:25 --> Security Class Initialized
DEBUG - 2025-05-23 21:47:25 --> Global POST, GET and COOKIE data sanitized
INFO - 2025-05-23 21:47:25 --> Input Class Initialized
INFO - 2025-05-23 21:47:25 --> Language Class Initialized
INFO - 2025-05-23 21:47:25 --> Language Class Initialized
INFO - 2025-05-23 21:47:25 --> Config Class Initialized
INFO - 2025-05-23 21:47:25 --> Loader Class Initialized
INFO - 2025-05-23 21:47:25 --> Helper loaded: url_helper
INFO - 2025-05-23 21:47:25 --> Helper loaded: easyui_helper
INFO - 2025-05-23 21:47:25 --> Helper loaded: param_helper
INFO - 2025-05-23 21:47:25 --> Helper loaded: credential_helper
INFO - 2025-05-23 21:47:25 --> Helper loaded: template_helper
INFO - 2025-05-23 21:47:25 --> Helper loaded: rest_helper
INFO - 2025-05-23 21:47:25 --> Database Driver Class Initialized
DEBUG - 2025-05-23 21:47:25 --> Idgenerator class already loaded. Second attempt ignored.
INFO - 2025-05-23 21:47:25 --> Controller Class Initialized
INFO - 2025-05-23 21:47:25 --> Final output sent to browser
DEBUG - 2025-05-23 21:47:25 --> Total execution time: 0.0121
INFO - 2025-05-23 21:47:25 --> Config Class Initialized
INFO - 2025-05-23 21:47:25 --> Hooks Class Initialized
DEBUG - 2025-05-23 21:47:25 --> UTF-8 Support Enabled
INFO - 2025-05-23 21:47:25 --> Utf8 Class Initialized
INFO - 2025-05-23 21:47:25 --> URI Class Initialized
INFO - 2025-05-23 21:47:25 --> Router Class Initialized
INFO - 2025-05-23 21:47:25 --> Output Class Initialized
INFO - 2025-05-23 21:47:25 --> Security Class Initialized
DEBUG - 2025-05-23 21:47:25 --> Global POST, GET and COOKIE data sanitized
INFO - 2025-05-23 21:47:25 --> Input Class Initialized
INFO - 2025-05-23 21:47:25 --> Language Class Initialized
INFO - 2025-05-23 21:47:25 --> Language Class Initialized
INFO - 2025-05-23 21:47:25 --> Config Class Initialized
INFO - 2025-05-23 21:47:25 --> Loader Class Initialized
INFO - 2025-05-23 21:47:25 --> Helper loaded: url_helper
INFO - 2025-05-23 21:47:25 --> Helper loaded: easyui_helper
INFO - 2025-05-23 21:47:25 --> Helper loaded: param_helper
INFO - 2025-05-23 21:47:25 --> Helper loaded: credential_helper
INFO - 2025-05-23 21:47:25 --> Helper loaded: template_helper
INFO - 2025-05-23 21:47:25 --> Helper loaded: rest_helper
INFO - 2025-05-23 21:47:25 --> Database Driver Class Initialized
DEBUG - 2025-05-23 21:47:25 --> Idgenerator class already loaded. Second attempt ignored.
INFO - 2025-05-23 21:47:25 --> Controller Class Initialized
INFO - 2025-05-23 21:47:25 --> Model Class Initialized
DEBUG - 2025-05-23 21:47:25 --> File loaded: /Library/WebServer/Documents/web-drc/application/modules/app_dashboard/models/App_dashboard_model.php
INFO - 2025-05-23 21:47:25 --> Model Class Initialized
DEBUG - 2025-05-23 21:47:25 --> File loaded: /Library/WebServer/Documents/web-drc/application/modules/app_dashboard/views/content.php
DEBUG - 2025-05-23 21:47:25 --> File loaded: /Library/WebServer/Documents/web-drc/application/views/templates/header.php
DEBUG - 2025-05-23 21:47:25 --> File loaded: /Library/WebServer/Documents/web-drc/application/views/templates/toolbar.php
DEBUG - 2025-05-23 21:47:25 --> File loaded: /Library/WebServer/Documents/web-drc/application/views/templates/sidebar.php
DEBUG - 2025-05-23 21:47:25 --> File loaded: /Library/WebServer/Documents/web-drc/application/views/templates/contents.php
DEBUG - 2025-05-23 21:47:25 --> File loaded: /Library/WebServer/Documents/web-drc/application/views/templates/content_footer.php
DEBUG - 2025-05-23 21:47:25 --> File loaded: /Library/WebServer/Documents/web-drc/application/views/templates/footer.php
DEBUG - 2025-05-23 21:47:25 --> File loaded: /Library/WebServer/Documents/web-drc/application/views/templates/default.php
INFO - 2025-05-23 21:47:25 --> Final output sent to browser
DEBUG - 2025-05-23 21:47:25 --> Total execution time: 0.0179
INFO - 2025-05-23 21:47:26 --> Config Class Initialized
INFO - 2025-05-23 21:47:26 --> Hooks Class Initialized
DEBUG - 2025-05-23 21:47:26 --> UTF-8 Support Enabled
INFO - 2025-05-23 21:47:26 --> Utf8 Class Initialized
INFO - 2025-05-23 21:47:26 --> URI Class Initialized
INFO - 2025-05-23 21:47:26 --> Router Class Initialized
INFO - 2025-05-23 21:47:26 --> Output Class Initialized
INFO - 2025-05-23 21:47:26 --> Security Class Initialized
DEBUG - 2025-05-23 21:47:26 --> Global POST, GET and COOKIE data sanitized
INFO - 2025-05-23 21:47:26 --> Input Class Initialized
INFO - 2025-05-23 21:47:26 --> Language Class Initialized
INFO - 2025-05-23 21:47:26 --> Language Class Initialized
INFO - 2025-05-23 21:47:26 --> Config Class Initialized
INFO - 2025-05-23 21:47:26 --> Loader Class Initialized
INFO - 2025-05-23 21:47:26 --> Helper loaded: url_helper
INFO - 2025-05-23 21:47:26 --> Helper loaded: easyui_helper
INFO - 2025-05-23 21:47:26 --> Helper loaded: param_helper
INFO - 2025-05-23 21:47:26 --> Helper loaded: credential_helper
INFO - 2025-05-23 21:47:26 --> Helper loaded: template_helper
INFO - 2025-05-23 21:47:26 --> Helper loaded: rest_helper
INFO - 2025-05-23 21:47:26 --> Database Driver Class Initialized
DEBUG - 2025-05-23 21:47:26 --> Idgenerator class already loaded. Second attempt ignored.
INFO - 2025-05-23 21:47:26 --> Controller Class Initialized
INFO - 2025-05-23 21:47:26 --> Model Class Initialized
DEBUG - 2025-05-23 21:47:26 --> File loaded: /Library/WebServer/Documents/web-drc/application/modules/app_dashboard/models/App_dashboard_model.php
INFO - 2025-05-23 21:47:26 --> Model Class Initialized
ERROR - 2025-05-23 21:47:26 --> Severity: Warning --> Undefined array key "get_date" /Library/WebServer/Documents/web-drc/application/modules/app_dashboard/models/App_dashboard_model.php 120
INFO - 2025-05-23 21:47:26 --> Final output sent to browser
DEBUG - 2025-05-23 21:47:26 --> Total execution time: 0.0568
INFO - 2025-05-23 21:47:26 --> Config Class Initialized
INFO - 2025-05-23 21:47:26 --> Hooks Class Initialized
DEBUG - 2025-05-23 21:47:26 --> UTF-8 Support Enabled
INFO - 2025-05-23 21:47:26 --> Utf8 Class Initialized
INFO - 2025-05-23 21:47:26 --> URI Class Initialized
INFO - 2025-05-23 21:47:26 --> Router Class Initialized
INFO - 2025-05-23 21:47:26 --> Output Class Initialized
INFO - 2025-05-23 21:47:26 --> Security Class Initialized
DEBUG - 2025-05-23 21:47:26 --> Global POST, GET and COOKIE data sanitized
INFO - 2025-05-23 21:47:26 --> Input Class Initialized
INFO - 2025-05-23 21:47:26 --> Language Class Initialized
INFO - 2025-05-23 21:47:26 --> Language Class Initialized
INFO - 2025-05-23 21:47:26 --> Config Class Initialized
INFO - 2025-05-23 21:47:26 --> Loader Class Initialized
INFO - 2025-05-23 21:47:26 --> Helper loaded: url_helper
INFO - 2025-05-23 21:47:26 --> Helper loaded: easyui_helper
INFO - 2025-05-23 21:47:26 --> Helper loaded: param_helper
INFO - 2025-05-23 21:47:26 --> Helper loaded: credential_helper
INFO - 2025-05-23 21:47:26 --> Helper loaded: template_helper
INFO - 2025-05-23 21:47:26 --> Helper loaded: rest_helper
INFO - 2025-05-23 21:47:26 --> Database Driver Class Initialized
DEBUG - 2025-05-23 21:47:26 --> Idgenerator class already loaded. Second attempt ignored.
INFO - 2025-05-23 21:47:26 --> Controller Class Initialized
INFO - 2025-05-23 21:47:26 --> Model Class Initialized
DEBUG - 2025-05-23 21:47:26 --> File loaded: /Library/WebServer/Documents/web-drc/application/modules/api_v1/models/Api_v1_model.php
INFO - 2025-05-23 21:47:26 --> Model Class Initialized
INFO - 2025-05-23 21:47:26 --> Final output sent to browser
DEBUG - 2025-05-23 21:47:26 --> Total execution time: 0.0103
INFO - 2025-05-23 21:47:47 --> Config Class Initialized
INFO - 2025-05-23 21:47:47 --> Hooks Class Initialized
DEBUG - 2025-05-23 21:47:47 --> UTF-8 Support Enabled
INFO - 2025-05-23 21:47:47 --> Utf8 Class Initialized
INFO - 2025-05-23 21:47:47 --> URI Class Initialized
INFO - 2025-05-23 21:47:47 --> Router Class Initialized
INFO - 2025-05-23 21:47:47 --> Output Class Initialized
INFO - 2025-05-23 21:47:47 --> Security Class Initialized
DEBUG - 2025-05-23 21:47:47 --> Global POST, GET and COOKIE data sanitized
INFO - 2025-05-23 21:47:47 --> Input Class Initialized
INFO - 2025-05-23 21:47:47 --> Language Class Initialized
INFO - 2025-05-23 21:47:47 --> Language Class Initialized
INFO - 2025-05-23 21:47:47 --> Config Class Initialized
INFO - 2025-05-23 21:47:47 --> Loader Class Initialized
INFO - 2025-05-23 21:47:47 --> Helper loaded: url_helper
INFO - 2025-05-23 21:47:47 --> Helper loaded: easyui_helper
INFO - 2025-05-23 21:47:47 --> Helper loaded: param_helper
INFO - 2025-05-23 21:47:47 --> Helper loaded: credential_helper
INFO - 2025-05-23 21:47:47 --> Helper loaded: template_helper
INFO - 2025-05-23 21:47:47 --> Helper loaded: rest_helper
INFO - 2025-05-23 21:47:47 --> Database Driver Class Initialized
DEBUG - 2025-05-23 21:47:47 --> Idgenerator class already loaded. Second attempt ignored.
INFO - 2025-05-23 21:47:47 --> Controller Class Initialized
INFO - 2025-05-23 21:47:47 --> Model Class Initialized
DEBUG - 2025-05-23 21:47:47 --> File loaded: /Library/WebServer/Documents/web-drc/application/modules/mapping_promo_active/models/Promo_active_model.php
INFO - 2025-05-23 21:47:47 --> Model Class Initialized
DEBUG - 2025-05-23 21:47:47 --> File loaded: /Library/WebServer/Documents/web-drc/application/modules/mapping_promo_active/views/content.php
DEBUG - 2025-05-23 21:47:47 --> File loaded: /Library/WebServer/Documents/web-drc/application/views/templates/header.php
DEBUG - 2025-05-23 21:47:47 --> File loaded: /Library/WebServer/Documents/web-drc/application/views/templates/toolbar.php
DEBUG - 2025-05-23 21:47:47 --> File loaded: /Library/WebServer/Documents/web-drc/application/views/templates/sidebar.php
DEBUG - 2025-05-23 21:47:47 --> File loaded: /Library/WebServer/Documents/web-drc/application/views/templates/contents.php
DEBUG - 2025-05-23 21:47:47 --> File loaded: /Library/WebServer/Documents/web-drc/application/views/templates/content_footer.php
DEBUG - 2025-05-23 21:47:47 --> File loaded: /Library/WebServer/Documents/web-drc/application/views/templates/footer.php
DEBUG - 2025-05-23 21:47:47 --> File loaded: /Library/WebServer/Documents/web-drc/application/views/templates/default.php
INFO - 2025-05-23 21:47:47 --> Final output sent to browser
DEBUG - 2025-05-23 21:47:47 --> Total execution time: 0.0129
INFO - 2025-05-23 21:47:47 --> Config Class Initialized
INFO - 2025-05-23 21:47:47 --> Hooks Class Initialized
DEBUG - 2025-05-23 21:47:47 --> UTF-8 Support Enabled
INFO - 2025-05-23 21:47:47 --> Utf8 Class Initialized
INFO - 2025-05-23 21:47:47 --> URI Class Initialized
INFO - 2025-05-23 21:47:47 --> Router Class Initialized
INFO - 2025-05-23 21:47:47 --> Output Class Initialized
INFO - 2025-05-23 21:47:47 --> Security Class Initialized
DEBUG - 2025-05-23 21:47:47 --> Global POST, GET and COOKIE data sanitized
INFO - 2025-05-23 21:47:47 --> Input Class Initialized
INFO - 2025-05-23 21:47:47 --> Language Class Initialized
INFO - 2025-05-23 21:47:47 --> Language Class Initialized
INFO - 2025-05-23 21:47:47 --> Config Class Initialized
INFO - 2025-05-23 21:47:47 --> Loader Class Initialized
INFO - 2025-05-23 21:47:47 --> Helper loaded: url_helper
INFO - 2025-05-23 21:47:47 --> Helper loaded: easyui_helper
INFO - 2025-05-23 21:47:47 --> Helper loaded: param_helper
INFO - 2025-05-23 21:47:47 --> Helper loaded: credential_helper
INFO - 2025-05-23 21:47:47 --> Helper loaded: template_helper
INFO - 2025-05-23 21:47:47 --> Helper loaded: rest_helper
INFO - 2025-05-23 21:47:47 --> Database Driver Class Initialized
DEBUG - 2025-05-23 21:47:47 --> Idgenerator class already loaded. Second attempt ignored.
INFO - 2025-05-23 21:47:47 --> Controller Class Initialized
INFO - 2025-05-23 21:47:47 --> Model Class Initialized
DEBUG - 2025-05-23 21:47:47 --> File loaded: /Library/WebServer/Documents/web-drc/application/modules/mapping_promo_active/models/Promo_active_model.php
INFO - 2025-05-23 21:47:47 --> Model Class Initialized
INFO - 2025-05-23 21:47:47 --> Final output sent to browser
DEBUG - 2025-05-23 21:47:47 --> Total execution time: 0.0362
INFO - 2025-05-23 22:12:53 --> Config Class Initialized
INFO - 2025-05-23 22:12:53 --> Hooks Class Initialized
DEBUG - 2025-05-23 22:12:53 --> UTF-8 Support Enabled
INFO - 2025-05-23 22:12:53 --> Utf8 Class Initialized
INFO - 2025-05-23 22:12:53 --> URI Class Initialized
INFO - 2025-05-23 22:12:53 --> Router Class Initialized
INFO - 2025-05-23 22:12:53 --> Output Class Initialized
INFO - 2025-05-23 22:12:53 --> Security Class Initialized
DEBUG - 2025-05-23 22:12:53 --> Global POST, GET and COOKIE data sanitized
INFO - 2025-05-23 22:12:53 --> Input Class Initialized
INFO - 2025-05-23 22:12:53 --> Language Class Initialized
INFO - 2025-05-23 22:12:53 --> Language Class Initialized
INFO - 2025-05-23 22:12:53 --> Config Class Initialized
INFO - 2025-05-23 22:12:53 --> Loader Class Initialized
INFO - 2025-05-23 22:12:53 --> Helper loaded: url_helper
INFO - 2025-05-23 22:12:53 --> Helper loaded: easyui_helper
INFO - 2025-05-23 22:12:53 --> Helper loaded: param_helper
INFO - 2025-05-23 22:12:53 --> Helper loaded: credential_helper
INFO - 2025-05-23 22:12:53 --> Helper loaded: template_helper
INFO - 2025-05-23 22:12:53 --> Helper loaded: rest_helper
INFO - 2025-05-23 22:12:53 --> Database Driver Class Initialized
DEBUG - 2025-05-23 22:12:53 --> Idgenerator class already loaded. Second attempt ignored.
INFO - 2025-05-23 22:12:53 --> Controller Class Initialized
INFO - 2025-05-23 22:12:53 --> Model Class Initialized
DEBUG - 2025-05-23 22:12:53 --> File loaded: /Library/WebServer/Documents/web-drc/application/modules/tracking_product/models/Tracking_product_model.php
INFO - 2025-05-23 22:12:53 --> Model Class Initialized
DEBUG - 2025-05-23 22:12:53 --> File loaded: /Library/WebServer/Documents/web-drc/application/modules/tracking_product/views/form.php
DEBUG - 2025-05-23 22:12:53 --> File loaded: /Library/WebServer/Documents/web-drc/application/views/templates/header.php
DEBUG - 2025-05-23 22:12:53 --> File loaded: /Library/WebServer/Documents/web-drc/application/views/templates/toolbar.php
DEBUG - 2025-05-23 22:12:53 --> File loaded: /Library/WebServer/Documents/web-drc/application/views/templates/sidebar.php
DEBUG - 2025-05-23 22:12:53 --> File loaded: /Library/WebServer/Documents/web-drc/application/views/templates/contents.php
DEBUG - 2025-05-23 22:12:53 --> File loaded: /Library/WebServer/Documents/web-drc/application/views/templates/content_footer.php
DEBUG - 2025-05-23 22:12:53 --> File loaded: /Library/WebServer/Documents/web-drc/application/views/templates/footer.php
DEBUG - 2025-05-23 22:12:53 --> File loaded: /Library/WebServer/Documents/web-drc/application/views/templates/default.php
INFO - 2025-05-23 22:12:53 --> Final output sent to browser
DEBUG - 2025-05-23 22:12:53 --> Total execution time: 0.0114
INFO - 2025-05-23 22:12:53 --> Config Class Initialized
INFO - 2025-05-23 22:12:53 --> Hooks Class Initialized
DEBUG - 2025-05-23 22:12:53 --> UTF-8 Support Enabled
INFO - 2025-05-23 22:12:53 --> Utf8 Class Initialized
INFO - 2025-05-23 22:12:53 --> URI Class Initialized
INFO - 2025-05-23 22:12:53 --> Router Class Initialized
INFO - 2025-05-23 22:12:53 --> Output Class Initialized
INFO - 2025-05-23 22:12:53 --> Security Class Initialized
DEBUG - 2025-05-23 22:12:53 --> Global POST, GET and COOKIE data sanitized
INFO - 2025-05-23 22:12:53 --> Input Class Initialized
INFO - 2025-05-23 22:12:53 --> Language Class Initialized
INFO - 2025-05-23 22:12:53 --> Language Class Initialized
INFO - 2025-05-23 22:12:53 --> Config Class Initialized
INFO - 2025-05-23 22:12:53 --> Loader Class Initialized
INFO - 2025-05-23 22:12:53 --> Helper loaded: url_helper
INFO - 2025-05-23 22:12:53 --> Helper loaded: easyui_helper
INFO - 2025-05-23 22:12:53 --> Helper loaded: param_helper
INFO - 2025-05-23 22:12:53 --> Helper loaded: credential_helper
INFO - 2025-05-23 22:12:53 --> Helper loaded: template_helper
INFO - 2025-05-23 22:12:53 --> Helper loaded: rest_helper
INFO - 2025-05-23 22:12:53 --> Database Driver Class Initialized
DEBUG - 2025-05-23 22:12:53 --> Idgenerator class already loaded. Second attempt ignored.
INFO - 2025-05-23 22:12:53 --> Controller Class Initialized
INFO - 2025-05-23 22:12:53 --> Model Class Initialized
DEBUG - 2025-05-23 22:12:53 --> File loaded: /Library/WebServer/Documents/web-drc/application/modules/api_v1/models/Api_v1_model.php
INFO - 2025-05-23 22:12:53 --> Model Class Initialized
INFO - 2025-05-23 22:12:53 --> Final output sent to browser
DEBUG - 2025-05-23 22:12:53 --> Total execution time: 0.0063
INFO - 2025-05-23 22:12:53 --> Config Class Initialized
INFO - 2025-05-23 22:12:53 --> Hooks Class Initialized
DEBUG - 2025-05-23 22:12:53 --> UTF-8 Support Enabled
INFO - 2025-05-23 22:12:53 --> Utf8 Class Initialized
INFO - 2025-05-23 22:12:53 --> URI Class Initialized
INFO - 2025-05-23 22:12:53 --> Router Class Initialized
INFO - 2025-05-23 22:12:53 --> Output Class Initialized
INFO - 2025-05-23 22:12:53 --> Security Class Initialized
DEBUG - 2025-05-23 22:12:53 --> Global POST, GET and COOKIE data sanitized
INFO - 2025-05-23 22:12:53 --> Input Class Initialized
INFO - 2025-05-23 22:12:53 --> Language Class Initialized
INFO - 2025-05-23 22:12:53 --> Language Class Initialized
INFO - 2025-05-23 22:12:53 --> Config Class Initialized
INFO - 2025-05-23 22:12:53 --> Loader Class Initialized
INFO - 2025-05-23 22:12:53 --> Helper loaded: url_helper
INFO - 2025-05-23 22:12:53 --> Helper loaded: easyui_helper
INFO - 2025-05-23 22:12:53 --> Helper loaded: param_helper
INFO - 2025-05-23 22:12:53 --> Helper loaded: credential_helper
INFO - 2025-05-23 22:12:53 --> Helper loaded: template_helper
INFO - 2025-05-23 22:12:53 --> Helper loaded: rest_helper
INFO - 2025-05-23 22:12:53 --> Database Driver Class Initialized
DEBUG - 2025-05-23 22:12:53 --> Idgenerator class already loaded. Second attempt ignored.
INFO - 2025-05-23 22:12:53 --> Controller Class Initialized
INFO - 2025-05-23 22:12:53 --> Model Class Initialized
DEBUG - 2025-05-23 22:12:53 --> File loaded: /Library/WebServer/Documents/web-drc/application/modules/rep_doi/models/Rep_doi_model.php
INFO - 2025-05-23 22:12:53 --> Model Class Initialized
INFO - 2025-05-23 22:12:53 --> Final output sent to browser
DEBUG - 2025-05-23 22:12:53 --> Total execution time: 0.0068
