INFO - 2025-05-22 08:51:17 --> Config Class Initialized
INFO - 2025-05-22 08:51:17 --> Hooks Class Initialized
DEBUG - 2025-05-22 08:51:17 --> UTF-8 Support Enabled
INFO - 2025-05-22 08:51:17 --> Utf8 Class Initialized
INFO - 2025-05-22 08:51:17 --> URI Class Initialized
DEBUG - 2025-05-22 08:51:17 --> No URI present. Default controller set.
INFO - 2025-05-22 08:51:17 --> Router Class Initialized
INFO - 2025-05-22 08:51:17 --> Output Class Initialized
INFO - 2025-05-22 08:51:17 --> Security Class Initialized
DEBUG - 2025-05-22 08:51:17 --> Global POST, GET and COOKIE data sanitized
INFO - 2025-05-22 08:51:17 --> Input Class Initialized
INFO - 2025-05-22 08:51:17 --> Language Class Initialized
INFO - 2025-05-22 08:51:17 --> Language Class Initialized
INFO - 2025-05-22 08:51:17 --> Config Class Initialized
INFO - 2025-05-22 08:51:17 --> Loader Class Initialized
INFO - 2025-05-22 08:51:17 --> Helper loaded: url_helper
INFO - 2025-05-22 08:51:17 --> Helper loaded: easyui_helper
INFO - 2025-05-22 08:51:17 --> Helper loaded: param_helper
INFO - 2025-05-22 08:51:17 --> Helper loaded: credential_helper
INFO - 2025-05-22 08:51:17 --> Helper loaded: template_helper
INFO - 2025-05-22 08:51:17 --> Helper loaded: rest_helper
INFO - 2025-05-22 08:51:17 --> Database Driver Class Initialized
DEBUG - 2025-05-22 08:51:17 --> Idgenerator class already loaded. Second attempt ignored.
INFO - 2025-05-22 08:51:17 --> Controller Class Initialized
DEBUG - 2025-05-22 08:51:17 --> File loaded: /apps/web-drc/application/modules/app_auth/views/login_lte_template.php
DEBUG - 2025-05-22 08:51:17 --> File loaded: /apps/web-drc/application/views/template_login_lte/header.php
DEBUG - 2025-05-22 08:51:17 --> File loaded: /apps/web-drc/application/views/template_login_lte/contents.php
DEBUG - 2025-05-22 08:51:17 --> File loaded: /apps/web-drc/application/views/template_login_lte/default.php
INFO - 2025-05-22 08:51:17 --> Final output sent to browser
DEBUG - 2025-05-22 08:51:17 --> Total execution time: 0.0604
INFO - 2025-05-22 08:51:21 --> Config Class Initialized
INFO - 2025-05-22 08:51:21 --> Hooks Class Initialized
DEBUG - 2025-05-22 08:51:21 --> UTF-8 Support Enabled
INFO - 2025-05-22 08:51:21 --> Utf8 Class Initialized
INFO - 2025-05-22 08:51:21 --> URI Class Initialized
INFO - 2025-05-22 08:51:21 --> Router Class Initialized
INFO - 2025-05-22 08:51:21 --> Output Class Initialized
INFO - 2025-05-22 08:51:21 --> Security Class Initialized
DEBUG - 2025-05-22 08:51:21 --> Global POST, GET and COOKIE data sanitized
INFO - 2025-05-22 08:51:21 --> Input Class Initialized
INFO - 2025-05-22 08:51:21 --> Language Class Initialized
ERROR - 2025-05-22 08:51:21 --> 404 Page Not Found: /index
INFO - 2025-05-22 20:29:06 --> Config Class Initialized
INFO - 2025-05-22 20:29:06 --> Hooks Class Initialized
DEBUG - 2025-05-22 20:29:06 --> UTF-8 Support Enabled
INFO - 2025-05-22 20:29:06 --> Utf8 Class Initialized
INFO - 2025-05-22 20:29:06 --> URI Class Initialized
DEBUG - 2025-05-22 20:29:06 --> No URI present. Default controller set.
INFO - 2025-05-22 20:29:06 --> Router Class Initialized
INFO - 2025-05-22 20:29:06 --> Output Class Initialized
INFO - 2025-05-22 20:29:06 --> Security Class Initialized
DEBUG - 2025-05-22 20:29:06 --> Global POST, GET and COOKIE data sanitized
INFO - 2025-05-22 20:29:06 --> Input Class Initialized
INFO - 2025-05-22 20:29:06 --> Language Class Initialized
INFO - 2025-05-22 20:29:06 --> Language Class Initialized
INFO - 2025-05-22 20:29:06 --> Config Class Initialized
INFO - 2025-05-22 20:29:06 --> Loader Class Initialized
INFO - 2025-05-22 20:29:06 --> Helper loaded: url_helper
INFO - 2025-05-22 20:29:06 --> Helper loaded: easyui_helper
INFO - 2025-05-22 20:29:06 --> Helper loaded: param_helper
INFO - 2025-05-22 20:29:06 --> Helper loaded: credential_helper
INFO - 2025-05-22 20:29:06 --> Helper loaded: template_helper
INFO - 2025-05-22 20:29:06 --> Helper loaded: rest_helper
INFO - 2025-05-22 20:29:06 --> Database Driver Class Initialized
DEBUG - 2025-05-22 20:29:06 --> Idgenerator class already loaded. Second attempt ignored.
INFO - 2025-05-22 20:29:06 --> Controller Class Initialized
DEBUG - 2025-05-22 20:29:06 --> File loaded: /apps/web-drc/application/modules/app_auth/views/login_lte_template.php
DEBUG - 2025-05-22 20:29:06 --> File loaded: /apps/web-drc/application/views/template_login_lte/header.php
DEBUG - 2025-05-22 20:29:06 --> File loaded: /apps/web-drc/application/views/template_login_lte/contents.php
DEBUG - 2025-05-22 20:29:06 --> File loaded: /apps/web-drc/application/views/template_login_lte/default.php
INFO - 2025-05-22 20:29:06 --> Final output sent to browser
DEBUG - 2025-05-22 20:29:06 --> Total execution time: 0.0428
INFO - 2025-05-22 20:29:08 --> Config Class Initialized
INFO - 2025-05-22 20:29:08 --> Hooks Class Initialized
DEBUG - 2025-05-22 20:29:08 --> UTF-8 Support Enabled
INFO - 2025-05-22 20:29:08 --> Utf8 Class Initialized
INFO - 2025-05-22 20:29:08 --> URI Class Initialized
INFO - 2025-05-22 20:29:08 --> Router Class Initialized
INFO - 2025-05-22 20:29:08 --> Output Class Initialized
INFO - 2025-05-22 20:29:08 --> Security Class Initialized
DEBUG - 2025-05-22 20:29:08 --> Global POST, GET and COOKIE data sanitized
INFO - 2025-05-22 20:29:08 --> Input Class Initialized
INFO - 2025-05-22 20:29:08 --> Language Class Initialized
INFO - 2025-05-22 20:29:08 --> Language Class Initialized
INFO - 2025-05-22 20:29:08 --> Config Class Initialized
INFO - 2025-05-22 20:29:08 --> Loader Class Initialized
INFO - 2025-05-22 20:29:08 --> Helper loaded: url_helper
INFO - 2025-05-22 20:29:08 --> Helper loaded: easyui_helper
INFO - 2025-05-22 20:29:08 --> Helper loaded: param_helper
INFO - 2025-05-22 20:29:08 --> Helper loaded: credential_helper
INFO - 2025-05-22 20:29:08 --> Helper loaded: template_helper
INFO - 2025-05-22 20:29:08 --> Helper loaded: rest_helper
INFO - 2025-05-22 20:29:08 --> Database Driver Class Initialized
DEBUG - 2025-05-22 20:29:08 --> Idgenerator class already loaded. Second attempt ignored.
INFO - 2025-05-22 20:29:08 --> Controller Class Initialized
INFO - 2025-05-22 20:29:08 --> Final output sent to browser
DEBUG - 2025-05-22 20:29:08 --> Total execution time: 0.0750
INFO - 2025-05-22 20:29:08 --> Config Class Initialized
INFO - 2025-05-22 20:29:08 --> Hooks Class Initialized
DEBUG - 2025-05-22 20:29:08 --> UTF-8 Support Enabled
INFO - 2025-05-22 20:29:08 --> Utf8 Class Initialized
INFO - 2025-05-22 20:29:08 --> URI Class Initialized
INFO - 2025-05-22 20:29:08 --> Router Class Initialized
INFO - 2025-05-22 20:29:08 --> Output Class Initialized
INFO - 2025-05-22 20:29:08 --> Security Class Initialized
DEBUG - 2025-05-22 20:29:08 --> Global POST, GET and COOKIE data sanitized
INFO - 2025-05-22 20:29:08 --> Input Class Initialized
INFO - 2025-05-22 20:29:08 --> Language Class Initialized
INFO - 2025-05-22 20:29:08 --> Language Class Initialized
INFO - 2025-05-22 20:29:08 --> Config Class Initialized
INFO - 2025-05-22 20:29:08 --> Loader Class Initialized
INFO - 2025-05-22 20:29:08 --> Helper loaded: url_helper
INFO - 2025-05-22 20:29:08 --> Helper loaded: easyui_helper
INFO - 2025-05-22 20:29:08 --> Helper loaded: param_helper
INFO - 2025-05-22 20:29:08 --> Helper loaded: credential_helper
INFO - 2025-05-22 20:29:08 --> Helper loaded: template_helper
INFO - 2025-05-22 20:29:08 --> Helper loaded: rest_helper
INFO - 2025-05-22 20:29:08 --> Database Driver Class Initialized
DEBUG - 2025-05-22 20:29:08 --> Idgenerator class already loaded. Second attempt ignored.
INFO - 2025-05-22 20:29:08 --> Controller Class Initialized
INFO - 2025-05-22 20:29:08 --> Model Class Initialized
DEBUG - 2025-05-22 20:29:08 --> File loaded: /apps/web-drc/application/modules/app_dashboard/models/App_dashboard_model.php
INFO - 2025-05-22 20:29:08 --> Model Class Initialized
DEBUG - 2025-05-22 20:29:08 --> File loaded: /apps/web-drc/application/modules/app_dashboard/views/content.php
DEBUG - 2025-05-22 20:29:08 --> File loaded: /apps/web-drc/application/views/templates/header.php
DEBUG - 2025-05-22 20:29:08 --> File loaded: /apps/web-drc/application/views/templates/toolbar.php
DEBUG - 2025-05-22 20:29:08 --> File loaded: /apps/web-drc/application/views/templates/sidebar.php
DEBUG - 2025-05-22 20:29:08 --> File loaded: /apps/web-drc/application/views/templates/contents.php
DEBUG - 2025-05-22 20:29:08 --> File loaded: /apps/web-drc/application/views/templates/content_footer.php
DEBUG - 2025-05-22 20:29:08 --> File loaded: /apps/web-drc/application/views/templates/footer.php
DEBUG - 2025-05-22 20:29:08 --> File loaded: /apps/web-drc/application/views/templates/default.php
INFO - 2025-05-22 20:29:08 --> Final output sent to browser
DEBUG - 2025-05-22 20:29:08 --> Total execution time: 0.0930
INFO - 2025-05-22 20:29:08 --> Config Class Initialized
INFO - 2025-05-22 20:29:08 --> Hooks Class Initialized
DEBUG - 2025-05-22 20:29:08 --> UTF-8 Support Enabled
INFO - 2025-05-22 20:29:08 --> Utf8 Class Initialized
INFO - 2025-05-22 20:29:08 --> URI Class Initialized
INFO - 2025-05-22 20:29:08 --> Router Class Initialized
INFO - 2025-05-22 20:29:08 --> Output Class Initialized
INFO - 2025-05-22 20:29:08 --> Security Class Initialized
DEBUG - 2025-05-22 20:29:08 --> Global POST, GET and COOKIE data sanitized
INFO - 2025-05-22 20:29:08 --> Input Class Initialized
INFO - 2025-05-22 20:29:08 --> Language Class Initialized
INFO - 2025-05-22 20:29:08 --> Language Class Initialized
INFO - 2025-05-22 20:29:08 --> Config Class Initialized
INFO - 2025-05-22 20:29:08 --> Loader Class Initialized
INFO - 2025-05-22 20:29:08 --> Helper loaded: url_helper
INFO - 2025-05-22 20:29:08 --> Helper loaded: easyui_helper
INFO - 2025-05-22 20:29:08 --> Helper loaded: param_helper
INFO - 2025-05-22 20:29:08 --> Helper loaded: credential_helper
INFO - 2025-05-22 20:29:08 --> Helper loaded: template_helper
INFO - 2025-05-22 20:29:08 --> Helper loaded: rest_helper
INFO - 2025-05-22 20:29:08 --> Database Driver Class Initialized
DEBUG - 2025-05-22 20:29:08 --> Idgenerator class already loaded. Second attempt ignored.
INFO - 2025-05-22 20:29:08 --> Controller Class Initialized
INFO - 2025-05-22 20:29:08 --> Model Class Initialized
DEBUG - 2025-05-22 20:29:08 --> File loaded: /apps/web-drc/application/modules/app_dashboard/models/App_dashboard_model.php
INFO - 2025-05-22 20:29:08 --> Model Class Initialized
INFO - 2025-05-22 20:29:08 --> Final output sent to browser
DEBUG - 2025-05-22 20:29:08 --> Total execution time: 0.0497
INFO - 2025-05-22 20:29:08 --> Config Class Initialized
INFO - 2025-05-22 20:29:08 --> Hooks Class Initialized
DEBUG - 2025-05-22 20:29:08 --> UTF-8 Support Enabled
INFO - 2025-05-22 20:29:08 --> Utf8 Class Initialized
INFO - 2025-05-22 20:29:08 --> URI Class Initialized
INFO - 2025-05-22 20:29:08 --> Router Class Initialized
INFO - 2025-05-22 20:29:08 --> Output Class Initialized
INFO - 2025-05-22 20:29:08 --> Security Class Initialized
DEBUG - 2025-05-22 20:29:08 --> Global POST, GET and COOKIE data sanitized
INFO - 2025-05-22 20:29:08 --> Input Class Initialized
INFO - 2025-05-22 20:29:08 --> Language Class Initialized
INFO - 2025-05-22 20:29:08 --> Language Class Initialized
INFO - 2025-05-22 20:29:08 --> Config Class Initialized
INFO - 2025-05-22 20:29:08 --> Loader Class Initialized
INFO - 2025-05-22 20:29:08 --> Helper loaded: url_helper
INFO - 2025-05-22 20:29:08 --> Helper loaded: easyui_helper
INFO - 2025-05-22 20:29:08 --> Helper loaded: param_helper
INFO - 2025-05-22 20:29:08 --> Helper loaded: credential_helper
INFO - 2025-05-22 20:29:08 --> Helper loaded: template_helper
INFO - 2025-05-22 20:29:08 --> Helper loaded: rest_helper
INFO - 2025-05-22 20:29:08 --> Database Driver Class Initialized
DEBUG - 2025-05-22 20:29:08 --> Idgenerator class already loaded. Second attempt ignored.
INFO - 2025-05-22 20:29:08 --> Controller Class Initialized
INFO - 2025-05-22 20:29:08 --> Model Class Initialized
DEBUG - 2025-05-22 20:29:09 --> File loaded: /apps/web-drc/application/modules/api_v1/models/Api_v1_model.php
INFO - 2025-05-22 20:29:09 --> Model Class Initialized
INFO - 2025-05-22 20:29:09 --> Final output sent to browser
DEBUG - 2025-05-22 20:29:09 --> Total execution time: 0.0384
INFO - 2025-05-22 20:29:39 --> Config Class Initialized
INFO - 2025-05-22 20:29:39 --> Hooks Class Initialized
DEBUG - 2025-05-22 20:29:39 --> UTF-8 Support Enabled
INFO - 2025-05-22 20:29:39 --> Utf8 Class Initialized
INFO - 2025-05-22 20:29:39 --> URI Class Initialized
INFO - 2025-05-22 20:29:39 --> Router Class Initialized
INFO - 2025-05-22 20:29:39 --> Output Class Initialized
INFO - 2025-05-22 20:29:39 --> Security Class Initialized
DEBUG - 2025-05-22 20:29:39 --> Global POST, GET and COOKIE data sanitized
INFO - 2025-05-22 20:29:39 --> Input Class Initialized
INFO - 2025-05-22 20:29:39 --> Language Class Initialized
INFO - 2025-05-22 20:29:39 --> Language Class Initialized
INFO - 2025-05-22 20:29:39 --> Config Class Initialized
INFO - 2025-05-22 20:29:39 --> Loader Class Initialized
INFO - 2025-05-22 20:29:39 --> Helper loaded: url_helper
INFO - 2025-05-22 20:29:39 --> Helper loaded: easyui_helper
INFO - 2025-05-22 20:29:39 --> Helper loaded: param_helper
INFO - 2025-05-22 20:29:39 --> Helper loaded: credential_helper
INFO - 2025-05-22 20:29:39 --> Helper loaded: template_helper
INFO - 2025-05-22 20:29:39 --> Helper loaded: rest_helper
INFO - 2025-05-22 20:29:39 --> Database Driver Class Initialized
DEBUG - 2025-05-22 20:29:39 --> Idgenerator class already loaded. Second attempt ignored.
INFO - 2025-05-22 20:29:39 --> Controller Class Initialized
INFO - 2025-05-22 20:29:39 --> Model Class Initialized
DEBUG - 2025-05-22 20:29:39 --> File loaded: /apps/web-drc/application/modules/promo_product_sales/models/Promo_product_model.php
INFO - 2025-05-22 20:29:39 --> Model Class Initialized
DEBUG - 2025-05-22 20:29:39 --> File loaded: /apps/web-drc/application/modules/promo_product_sales/views/content.php
DEBUG - 2025-05-22 20:29:39 --> File loaded: /apps/web-drc/application/views/templates/header.php
DEBUG - 2025-05-22 20:29:39 --> File loaded: /apps/web-drc/application/views/templates/toolbar.php
DEBUG - 2025-05-22 20:29:39 --> File loaded: /apps/web-drc/application/views/templates/sidebar.php
DEBUG - 2025-05-22 20:29:39 --> File loaded: /apps/web-drc/application/views/templates/contents.php
DEBUG - 2025-05-22 20:29:39 --> File loaded: /apps/web-drc/application/views/templates/content_footer.php
DEBUG - 2025-05-22 20:29:39 --> File loaded: /apps/web-drc/application/views/templates/footer.php
DEBUG - 2025-05-22 20:29:39 --> File loaded: /apps/web-drc/application/views/templates/default.php
INFO - 2025-05-22 20:29:39 --> Final output sent to browser
DEBUG - 2025-05-22 20:29:39 --> Total execution time: 0.0139
INFO - 2025-05-22 20:29:39 --> Config Class Initialized
INFO - 2025-05-22 20:29:39 --> Hooks Class Initialized
DEBUG - 2025-05-22 20:29:39 --> UTF-8 Support Enabled
INFO - 2025-05-22 20:29:39 --> Utf8 Class Initialized
INFO - 2025-05-22 20:29:39 --> URI Class Initialized
INFO - 2025-05-22 20:29:39 --> Router Class Initialized
INFO - 2025-05-22 20:29:39 --> Output Class Initialized
INFO - 2025-05-22 20:29:39 --> Security Class Initialized
DEBUG - 2025-05-22 20:29:39 --> Global POST, GET and COOKIE data sanitized
INFO - 2025-05-22 20:29:39 --> Input Class Initialized
INFO - 2025-05-22 20:29:39 --> Language Class Initialized
INFO - 2025-05-22 20:29:39 --> Language Class Initialized
INFO - 2025-05-22 20:29:39 --> Config Class Initialized
INFO - 2025-05-22 20:29:39 --> Loader Class Initialized
INFO - 2025-05-22 20:29:39 --> Helper loaded: url_helper
INFO - 2025-05-22 20:29:39 --> Helper loaded: easyui_helper
INFO - 2025-05-22 20:29:39 --> Helper loaded: param_helper
INFO - 2025-05-22 20:29:39 --> Helper loaded: credential_helper
INFO - 2025-05-22 20:29:39 --> Helper loaded: template_helper
INFO - 2025-05-22 20:29:39 --> Helper loaded: rest_helper
INFO - 2025-05-22 20:29:39 --> Database Driver Class Initialized
DEBUG - 2025-05-22 20:29:39 --> Idgenerator class already loaded. Second attempt ignored.
INFO - 2025-05-22 20:29:39 --> Controller Class Initialized
INFO - 2025-05-22 20:29:39 --> Model Class Initialized
DEBUG - 2025-05-22 20:29:39 --> File loaded: /apps/web-drc/application/modules/promo_product_sales/models/Promo_product_model.php
INFO - 2025-05-22 20:29:39 --> Model Class Initialized
INFO - 2025-05-22 20:29:39 --> Final output sent to browser
DEBUG - 2025-05-22 20:29:39 --> Total execution time: 0.0118
INFO - 2025-05-22 20:29:50 --> Config Class Initialized
INFO - 2025-05-22 20:29:50 --> Hooks Class Initialized
DEBUG - 2025-05-22 20:29:50 --> UTF-8 Support Enabled
INFO - 2025-05-22 20:29:50 --> Utf8 Class Initialized
INFO - 2025-05-22 20:29:50 --> URI Class Initialized
INFO - 2025-05-22 20:29:50 --> Router Class Initialized
INFO - 2025-05-22 20:29:50 --> Output Class Initialized
INFO - 2025-05-22 20:29:50 --> Security Class Initialized
DEBUG - 2025-05-22 20:29:50 --> Global POST, GET and COOKIE data sanitized
INFO - 2025-05-22 20:29:50 --> Input Class Initialized
INFO - 2025-05-22 20:29:50 --> Language Class Initialized
INFO - 2025-05-22 20:29:50 --> Language Class Initialized
INFO - 2025-05-22 20:29:50 --> Config Class Initialized
INFO - 2025-05-22 20:29:50 --> Loader Class Initialized
INFO - 2025-05-22 20:29:50 --> Helper loaded: url_helper
INFO - 2025-05-22 20:29:50 --> Helper loaded: easyui_helper
INFO - 2025-05-22 20:29:50 --> Helper loaded: param_helper
INFO - 2025-05-22 20:29:50 --> Helper loaded: credential_helper
INFO - 2025-05-22 20:29:50 --> Helper loaded: template_helper
INFO - 2025-05-22 20:29:50 --> Helper loaded: rest_helper
INFO - 2025-05-22 20:29:50 --> Database Driver Class Initialized
DEBUG - 2025-05-22 20:29:50 --> Idgenerator class already loaded. Second attempt ignored.
INFO - 2025-05-22 20:29:50 --> Controller Class Initialized
INFO - 2025-05-22 20:29:50 --> Model Class Initialized
DEBUG - 2025-05-22 20:29:50 --> File loaded: /apps/web-drc/application/modules/ref_product_competitor/models/Product_competitor_model.php
INFO - 2025-05-22 20:29:50 --> Model Class Initialized
DEBUG - 2025-05-22 20:29:50 --> File loaded: /apps/web-drc/application/modules/ref_product_competitor/views/content.php
DEBUG - 2025-05-22 20:29:50 --> File loaded: /apps/web-drc/application/views/templates/header.php
DEBUG - 2025-05-22 20:29:50 --> File loaded: /apps/web-drc/application/views/templates/toolbar.php
DEBUG - 2025-05-22 20:29:50 --> File loaded: /apps/web-drc/application/views/templates/sidebar.php
DEBUG - 2025-05-22 20:29:50 --> File loaded: /apps/web-drc/application/views/templates/contents.php
DEBUG - 2025-05-22 20:29:50 --> File loaded: /apps/web-drc/application/views/templates/content_footer.php
DEBUG - 2025-05-22 20:29:50 --> File loaded: /apps/web-drc/application/views/templates/footer.php
DEBUG - 2025-05-22 20:29:50 --> File loaded: /apps/web-drc/application/views/templates/default.php
INFO - 2025-05-22 20:29:50 --> Final output sent to browser
DEBUG - 2025-05-22 20:29:50 --> Total execution time: 0.0403
INFO - 2025-05-22 20:29:51 --> Config Class Initialized
INFO - 2025-05-22 20:29:51 --> Hooks Class Initialized
DEBUG - 2025-05-22 20:29:51 --> UTF-8 Support Enabled
INFO - 2025-05-22 20:29:51 --> Utf8 Class Initialized
INFO - 2025-05-22 20:29:51 --> URI Class Initialized
INFO - 2025-05-22 20:29:51 --> Router Class Initialized
INFO - 2025-05-22 20:29:51 --> Output Class Initialized
INFO - 2025-05-22 20:29:51 --> Security Class Initialized
DEBUG - 2025-05-22 20:29:51 --> Global POST, GET and COOKIE data sanitized
INFO - 2025-05-22 20:29:51 --> Input Class Initialized
INFO - 2025-05-22 20:29:51 --> Language Class Initialized
INFO - 2025-05-22 20:29:51 --> Language Class Initialized
INFO - 2025-05-22 20:29:51 --> Config Class Initialized
INFO - 2025-05-22 20:29:51 --> Loader Class Initialized
INFO - 2025-05-22 20:29:51 --> Helper loaded: url_helper
INFO - 2025-05-22 20:29:51 --> Helper loaded: easyui_helper
INFO - 2025-05-22 20:29:51 --> Helper loaded: param_helper
INFO - 2025-05-22 20:29:51 --> Helper loaded: credential_helper
INFO - 2025-05-22 20:29:51 --> Helper loaded: template_helper
INFO - 2025-05-22 20:29:51 --> Helper loaded: rest_helper
INFO - 2025-05-22 20:29:51 --> Database Driver Class Initialized
DEBUG - 2025-05-22 20:29:51 --> Idgenerator class already loaded. Second attempt ignored.
INFO - 2025-05-22 20:29:51 --> Controller Class Initialized
INFO - 2025-05-22 20:29:51 --> Model Class Initialized
DEBUG - 2025-05-22 20:29:51 --> File loaded: /apps/web-drc/application/modules/ref_product_competitor/models/Product_competitor_model.php
INFO - 2025-05-22 20:29:51 --> Model Class Initialized
INFO - 2025-05-22 20:29:51 --> Final output sent to browser
DEBUG - 2025-05-22 20:29:51 --> Total execution time: 0.0116
INFO - 2025-05-22 20:34:16 --> Config Class Initialized
INFO - 2025-05-22 20:34:16 --> Hooks Class Initialized
DEBUG - 2025-05-22 20:34:16 --> UTF-8 Support Enabled
INFO - 2025-05-22 20:34:16 --> Utf8 Class Initialized
INFO - 2025-05-22 20:34:16 --> URI Class Initialized
INFO - 2025-05-22 20:34:16 --> Router Class Initialized
INFO - 2025-05-22 20:34:16 --> Output Class Initialized
INFO - 2025-05-22 20:34:16 --> Security Class Initialized
DEBUG - 2025-05-22 20:34:16 --> Global POST, GET and COOKIE data sanitized
INFO - 2025-05-22 20:34:16 --> Input Class Initialized
INFO - 2025-05-22 20:34:16 --> Language Class Initialized
INFO - 2025-05-22 20:34:16 --> Language Class Initialized
INFO - 2025-05-22 20:34:16 --> Config Class Initialized
INFO - 2025-05-22 20:34:16 --> Loader Class Initialized
INFO - 2025-05-22 20:34:16 --> Helper loaded: url_helper
INFO - 2025-05-22 20:34:16 --> Helper loaded: easyui_helper
INFO - 2025-05-22 20:34:16 --> Helper loaded: param_helper
INFO - 2025-05-22 20:34:16 --> Helper loaded: credential_helper
INFO - 2025-05-22 20:34:16 --> Helper loaded: template_helper
INFO - 2025-05-22 20:34:16 --> Helper loaded: rest_helper
INFO - 2025-05-22 20:34:16 --> Database Driver Class Initialized
DEBUG - 2025-05-22 20:34:16 --> Idgenerator class already loaded. Second attempt ignored.
INFO - 2025-05-22 20:34:16 --> Controller Class Initialized
INFO - 2025-05-22 20:34:16 --> Model Class Initialized
DEBUG - 2025-05-22 20:34:16 --> File loaded: /apps/web-drc/application/modules/rep_crc/models/Rep_crc_model.php
INFO - 2025-05-22 20:34:16 --> Model Class Initialized
DEBUG - 2025-05-22 20:34:16 --> File loaded: /apps/web-drc/application/modules/rep_crc/views/form.php
DEBUG - 2025-05-22 20:34:16 --> File loaded: /apps/web-drc/application/views/templates/header.php
DEBUG - 2025-05-22 20:34:16 --> File loaded: /apps/web-drc/application/views/templates/toolbar.php
DEBUG - 2025-05-22 20:34:16 --> File loaded: /apps/web-drc/application/views/templates/sidebar.php
DEBUG - 2025-05-22 20:34:16 --> File loaded: /apps/web-drc/application/views/templates/contents.php
DEBUG - 2025-05-22 20:34:16 --> File loaded: /apps/web-drc/application/views/templates/content_footer.php
DEBUG - 2025-05-22 20:34:16 --> File loaded: /apps/web-drc/application/views/templates/footer.php
DEBUG - 2025-05-22 20:34:16 --> File loaded: /apps/web-drc/application/views/templates/default.php
INFO - 2025-05-22 20:34:16 --> Final output sent to browser
DEBUG - 2025-05-22 20:34:16 --> Total execution time: 0.0164
INFO - 2025-05-22 20:34:16 --> Config Class Initialized
INFO - 2025-05-22 20:34:16 --> Hooks Class Initialized
DEBUG - 2025-05-22 20:34:16 --> UTF-8 Support Enabled
INFO - 2025-05-22 20:34:16 --> Utf8 Class Initialized
INFO - 2025-05-22 20:34:16 --> URI Class Initialized
INFO - 2025-05-22 20:34:16 --> Router Class Initialized
INFO - 2025-05-22 20:34:16 --> Output Class Initialized
INFO - 2025-05-22 20:34:16 --> Security Class Initialized
DEBUG - 2025-05-22 20:34:16 --> Global POST, GET and COOKIE data sanitized
INFO - 2025-05-22 20:34:16 --> Input Class Initialized
INFO - 2025-05-22 20:34:16 --> Language Class Initialized
INFO - 2025-05-22 20:34:16 --> Language Class Initialized
INFO - 2025-05-22 20:34:16 --> Config Class Initialized
INFO - 2025-05-22 20:34:16 --> Loader Class Initialized
INFO - 2025-05-22 20:34:16 --> Helper loaded: url_helper
INFO - 2025-05-22 20:34:16 --> Helper loaded: easyui_helper
INFO - 2025-05-22 20:34:16 --> Helper loaded: param_helper
INFO - 2025-05-22 20:34:16 --> Helper loaded: credential_helper
INFO - 2025-05-22 20:34:16 --> Helper loaded: template_helper
INFO - 2025-05-22 20:34:16 --> Helper loaded: rest_helper
INFO - 2025-05-22 20:34:16 --> Database Driver Class Initialized
DEBUG - 2025-05-22 20:34:16 --> Idgenerator class already loaded. Second attempt ignored.
INFO - 2025-05-22 20:34:16 --> Controller Class Initialized
INFO - 2025-05-22 20:34:16 --> Model Class Initialized
DEBUG - 2025-05-22 20:34:16 --> File loaded: /apps/web-drc/application/modules/rep_crc/models/Rep_crc_model.php
INFO - 2025-05-22 20:34:16 --> Model Class Initialized
INFO - 2025-05-22 20:34:16 --> Final output sent to browser
DEBUG - 2025-05-22 20:34:16 --> Total execution time: 0.0068
INFO - 2025-05-22 20:34:26 --> Config Class Initialized
INFO - 2025-05-22 20:34:26 --> Hooks Class Initialized
DEBUG - 2025-05-22 20:34:26 --> UTF-8 Support Enabled
INFO - 2025-05-22 20:34:26 --> Utf8 Class Initialized
INFO - 2025-05-22 20:34:26 --> URI Class Initialized
INFO - 2025-05-22 20:34:26 --> Router Class Initialized
INFO - 2025-05-22 20:34:26 --> Output Class Initialized
INFO - 2025-05-22 20:34:26 --> Security Class Initialized
DEBUG - 2025-05-22 20:34:26 --> Global POST, GET and COOKIE data sanitized
INFO - 2025-05-22 20:34:26 --> Input Class Initialized
INFO - 2025-05-22 20:34:26 --> Language Class Initialized
INFO - 2025-05-22 20:34:26 --> Language Class Initialized
INFO - 2025-05-22 20:34:26 --> Config Class Initialized
INFO - 2025-05-22 20:34:26 --> Loader Class Initialized
INFO - 2025-05-22 20:34:26 --> Helper loaded: url_helper
INFO - 2025-05-22 20:34:26 --> Helper loaded: easyui_helper
INFO - 2025-05-22 20:34:26 --> Helper loaded: param_helper
INFO - 2025-05-22 20:34:26 --> Helper loaded: credential_helper
INFO - 2025-05-22 20:34:26 --> Helper loaded: template_helper
INFO - 2025-05-22 20:34:26 --> Helper loaded: rest_helper
INFO - 2025-05-22 20:34:26 --> Database Driver Class Initialized
DEBUG - 2025-05-22 20:34:26 --> Idgenerator class already loaded. Second attempt ignored.
INFO - 2025-05-22 20:34:26 --> Controller Class Initialized
INFO - 2025-05-22 20:34:26 --> Model Class Initialized
DEBUG - 2025-05-22 20:34:26 --> File loaded: /apps/web-drc/application/modules/rep_order/models/Rep_order_model.php
INFO - 2025-05-22 20:34:26 --> Model Class Initialized
DEBUG - 2025-05-22 20:34:26 --> File loaded: /apps/web-drc/application/modules/rep_order/views/content.php
DEBUG - 2025-05-22 20:34:26 --> File loaded: /apps/web-drc/application/views/templates/header.php
DEBUG - 2025-05-22 20:34:26 --> File loaded: /apps/web-drc/application/views/templates/toolbar.php
DEBUG - 2025-05-22 20:34:26 --> File loaded: /apps/web-drc/application/views/templates/sidebar.php
DEBUG - 2025-05-22 20:34:26 --> File loaded: /apps/web-drc/application/views/templates/contents.php
DEBUG - 2025-05-22 20:34:26 --> File loaded: /apps/web-drc/application/views/templates/content_footer.php
DEBUG - 2025-05-22 20:34:26 --> File loaded: /apps/web-drc/application/views/templates/footer.php
DEBUG - 2025-05-22 20:34:26 --> File loaded: /apps/web-drc/application/views/templates/default.php
INFO - 2025-05-22 20:34:26 --> Final output sent to browser
DEBUG - 2025-05-22 20:34:26 --> Total execution time: 0.0145
INFO - 2025-05-22 20:34:27 --> Config Class Initialized
INFO - 2025-05-22 20:34:27 --> Hooks Class Initialized
DEBUG - 2025-05-22 20:34:27 --> UTF-8 Support Enabled
INFO - 2025-05-22 20:34:27 --> Utf8 Class Initialized
INFO - 2025-05-22 20:34:27 --> URI Class Initialized
INFO - 2025-05-22 20:34:27 --> Router Class Initialized
INFO - 2025-05-22 20:34:27 --> Output Class Initialized
INFO - 2025-05-22 20:34:27 --> Security Class Initialized
DEBUG - 2025-05-22 20:34:27 --> Global POST, GET and COOKIE data sanitized
INFO - 2025-05-22 20:34:27 --> Input Class Initialized
INFO - 2025-05-22 20:34:27 --> Language Class Initialized
INFO - 2025-05-22 20:34:27 --> Language Class Initialized
INFO - 2025-05-22 20:34:27 --> Config Class Initialized
INFO - 2025-05-22 20:34:27 --> Loader Class Initialized
INFO - 2025-05-22 20:34:27 --> Helper loaded: url_helper
INFO - 2025-05-22 20:34:27 --> Helper loaded: easyui_helper
INFO - 2025-05-22 20:34:27 --> Helper loaded: param_helper
INFO - 2025-05-22 20:34:27 --> Helper loaded: credential_helper
INFO - 2025-05-22 20:34:27 --> Helper loaded: template_helper
INFO - 2025-05-22 20:34:27 --> Helper loaded: rest_helper
INFO - 2025-05-22 20:34:27 --> Database Driver Class Initialized
DEBUG - 2025-05-22 20:34:27 --> Idgenerator class already loaded. Second attempt ignored.
INFO - 2025-05-22 20:34:27 --> Controller Class Initialized
INFO - 2025-05-22 20:34:27 --> Model Class Initialized
DEBUG - 2025-05-22 20:34:27 --> File loaded: /apps/web-drc/application/modules/rep_order/models/Rep_order_model.php
INFO - 2025-05-22 20:34:27 --> Model Class Initialized
INFO - 2025-05-22 20:34:27 --> Final output sent to browser
DEBUG - 2025-05-22 20:34:27 --> Total execution time: 0.0066
INFO - 2025-05-22 20:34:27 --> Config Class Initialized
INFO - 2025-05-22 20:34:27 --> Hooks Class Initialized
DEBUG - 2025-05-22 20:34:27 --> UTF-8 Support Enabled
INFO - 2025-05-22 20:34:27 --> Utf8 Class Initialized
INFO - 2025-05-22 20:34:27 --> URI Class Initialized
INFO - 2025-05-22 20:34:27 --> Router Class Initialized
INFO - 2025-05-22 20:34:27 --> Output Class Initialized
INFO - 2025-05-22 20:34:27 --> Security Class Initialized
DEBUG - 2025-05-22 20:34:27 --> Global POST, GET and COOKIE data sanitized
INFO - 2025-05-22 20:34:27 --> Input Class Initialized
INFO - 2025-05-22 20:34:27 --> Language Class Initialized
INFO - 2025-05-22 20:34:27 --> Language Class Initialized
INFO - 2025-05-22 20:34:27 --> Config Class Initialized
INFO - 2025-05-22 20:34:27 --> Loader Class Initialized
INFO - 2025-05-22 20:34:27 --> Helper loaded: url_helper
INFO - 2025-05-22 20:34:27 --> Helper loaded: easyui_helper
INFO - 2025-05-22 20:34:27 --> Helper loaded: param_helper
INFO - 2025-05-22 20:34:27 --> Helper loaded: credential_helper
INFO - 2025-05-22 20:34:27 --> Helper loaded: template_helper
INFO - 2025-05-22 20:34:27 --> Helper loaded: rest_helper
INFO - 2025-05-22 20:34:27 --> Database Driver Class Initialized
DEBUG - 2025-05-22 20:34:27 --> Idgenerator class already loaded. Second attempt ignored.
INFO - 2025-05-22 20:34:27 --> Controller Class Initialized
INFO - 2025-05-22 20:34:27 --> Model Class Initialized
DEBUG - 2025-05-22 20:34:27 --> File loaded: /apps/web-drc/application/modules/rep_order/models/Rep_order_model.php
INFO - 2025-05-22 20:34:27 --> Model Class Initialized
INFO - 2025-05-22 20:34:27 --> Final output sent to browser
DEBUG - 2025-05-22 20:34:27 --> Total execution time: 0.0051
INFO - 2025-05-22 20:34:43 --> Config Class Initialized
INFO - 2025-05-22 20:34:43 --> Hooks Class Initialized
DEBUG - 2025-05-22 20:34:43 --> UTF-8 Support Enabled
INFO - 2025-05-22 20:34:43 --> Utf8 Class Initialized
INFO - 2025-05-22 20:34:43 --> URI Class Initialized
INFO - 2025-05-22 20:34:43 --> Router Class Initialized
INFO - 2025-05-22 20:34:43 --> Output Class Initialized
INFO - 2025-05-22 20:34:43 --> Security Class Initialized
DEBUG - 2025-05-22 20:34:43 --> Global POST, GET and COOKIE data sanitized
INFO - 2025-05-22 20:34:43 --> Input Class Initialized
INFO - 2025-05-22 20:34:43 --> Language Class Initialized
INFO - 2025-05-22 20:34:43 --> Language Class Initialized
INFO - 2025-05-22 20:34:43 --> Config Class Initialized
INFO - 2025-05-22 20:34:43 --> Loader Class Initialized
INFO - 2025-05-22 20:34:43 --> Helper loaded: url_helper
INFO - 2025-05-22 20:34:43 --> Helper loaded: easyui_helper
INFO - 2025-05-22 20:34:43 --> Helper loaded: param_helper
INFO - 2025-05-22 20:34:43 --> Helper loaded: credential_helper
INFO - 2025-05-22 20:34:43 --> Helper loaded: template_helper
INFO - 2025-05-22 20:34:43 --> Helper loaded: rest_helper
INFO - 2025-05-22 20:34:43 --> Database Driver Class Initialized
DEBUG - 2025-05-22 20:34:43 --> Idgenerator class already loaded. Second attempt ignored.
INFO - 2025-05-22 20:34:43 --> Controller Class Initialized
INFO - 2025-05-22 20:34:43 --> Model Class Initialized
DEBUG - 2025-05-22 20:34:43 --> File loaded: /apps/web-drc/application/modules/rep_order/models/Rep_order_model.php
INFO - 2025-05-22 20:34:43 --> Model Class Initialized
INFO - 2025-05-22 20:34:43 --> Final output sent to browser
DEBUG - 2025-05-22 20:34:43 --> Total execution time: 0.0299
INFO - 2025-05-22 20:34:46 --> Config Class Initialized
INFO - 2025-05-22 20:34:46 --> Hooks Class Initialized
DEBUG - 2025-05-22 20:34:46 --> UTF-8 Support Enabled
INFO - 2025-05-22 20:34:46 --> Utf8 Class Initialized
INFO - 2025-05-22 20:34:46 --> URI Class Initialized
INFO - 2025-05-22 20:34:46 --> Router Class Initialized
INFO - 2025-05-22 20:34:46 --> Output Class Initialized
INFO - 2025-05-22 20:34:46 --> Security Class Initialized
DEBUG - 2025-05-22 20:34:46 --> Global POST, GET and COOKIE data sanitized
INFO - 2025-05-22 20:34:46 --> Input Class Initialized
INFO - 2025-05-22 20:34:46 --> Language Class Initialized
INFO - 2025-05-22 20:34:46 --> Language Class Initialized
INFO - 2025-05-22 20:34:46 --> Config Class Initialized
INFO - 2025-05-22 20:34:46 --> Loader Class Initialized
INFO - 2025-05-22 20:34:46 --> Helper loaded: url_helper
INFO - 2025-05-22 20:34:46 --> Helper loaded: easyui_helper
INFO - 2025-05-22 20:34:46 --> Helper loaded: param_helper
INFO - 2025-05-22 20:34:46 --> Helper loaded: credential_helper
INFO - 2025-05-22 20:34:46 --> Helper loaded: template_helper
INFO - 2025-05-22 20:34:46 --> Helper loaded: rest_helper
INFO - 2025-05-22 20:34:46 --> Database Driver Class Initialized
DEBUG - 2025-05-22 20:34:46 --> Idgenerator class already loaded. Second attempt ignored.
INFO - 2025-05-22 20:34:46 --> Controller Class Initialized
INFO - 2025-05-22 20:34:46 --> Model Class Initialized
DEBUG - 2025-05-22 20:34:46 --> File loaded: /apps/web-drc/application/modules/rep_order/models/Rep_order_model.php
INFO - 2025-05-22 20:34:46 --> Model Class Initialized
INFO - 2025-05-22 20:34:46 --> Final output sent to browser
DEBUG - 2025-05-22 20:34:46 --> Total execution time: 0.0458
INFO - 2025-05-22 20:35:48 --> Config Class Initialized
INFO - 2025-05-22 20:35:48 --> Hooks Class Initialized
DEBUG - 2025-05-22 20:35:48 --> UTF-8 Support Enabled
INFO - 2025-05-22 20:35:48 --> Utf8 Class Initialized
INFO - 2025-05-22 20:35:48 --> URI Class Initialized
INFO - 2025-05-22 20:35:48 --> Router Class Initialized
INFO - 2025-05-22 20:35:48 --> Output Class Initialized
INFO - 2025-05-22 20:35:48 --> Security Class Initialized
DEBUG - 2025-05-22 20:35:48 --> Global POST, GET and COOKIE data sanitized
INFO - 2025-05-22 20:35:48 --> Input Class Initialized
INFO - 2025-05-22 20:35:48 --> Language Class Initialized
INFO - 2025-05-22 20:35:48 --> Language Class Initialized
INFO - 2025-05-22 20:35:48 --> Config Class Initialized
INFO - 2025-05-22 20:35:48 --> Loader Class Initialized
INFO - 2025-05-22 20:35:48 --> Helper loaded: url_helper
INFO - 2025-05-22 20:35:48 --> Helper loaded: easyui_helper
INFO - 2025-05-22 20:35:48 --> Helper loaded: param_helper
INFO - 2025-05-22 20:35:48 --> Helper loaded: credential_helper
INFO - 2025-05-22 20:35:48 --> Helper loaded: template_helper
INFO - 2025-05-22 20:35:48 --> Helper loaded: rest_helper
INFO - 2025-05-22 20:35:48 --> Database Driver Class Initialized
DEBUG - 2025-05-22 20:35:48 --> Idgenerator class already loaded. Second attempt ignored.
INFO - 2025-05-22 20:35:48 --> Controller Class Initialized
INFO - 2025-05-22 20:35:48 --> Model Class Initialized
DEBUG - 2025-05-22 20:35:48 --> File loaded: /apps/web-drc/application/modules/rep_order/models/Rep_order_model.php
INFO - 2025-05-22 20:35:48 --> Model Class Initialized
INFO - 2025-05-22 20:35:48 --> Final output sent to browser
DEBUG - 2025-05-22 20:35:48 --> Total execution time: 0.0144
INFO - 2025-05-22 20:49:19 --> Config Class Initialized
INFO - 2025-05-22 20:49:19 --> Hooks Class Initialized
DEBUG - 2025-05-22 20:49:19 --> UTF-8 Support Enabled
INFO - 2025-05-22 20:49:19 --> Utf8 Class Initialized
INFO - 2025-05-22 20:49:19 --> URI Class Initialized
INFO - 2025-05-22 20:49:19 --> Router Class Initialized
INFO - 2025-05-22 20:49:19 --> Output Class Initialized
INFO - 2025-05-22 20:49:19 --> Security Class Initialized
DEBUG - 2025-05-22 20:49:19 --> Global POST, GET and COOKIE data sanitized
INFO - 2025-05-22 20:49:19 --> Input Class Initialized
INFO - 2025-05-22 20:49:19 --> Language Class Initialized
INFO - 2025-05-22 20:49:19 --> Language Class Initialized
INFO - 2025-05-22 20:49:19 --> Config Class Initialized
INFO - 2025-05-22 20:49:19 --> Loader Class Initialized
INFO - 2025-05-22 20:49:19 --> Helper loaded: url_helper
INFO - 2025-05-22 20:49:19 --> Helper loaded: easyui_helper
INFO - 2025-05-22 20:49:19 --> Helper loaded: param_helper
INFO - 2025-05-22 20:49:19 --> Helper loaded: credential_helper
INFO - 2025-05-22 20:49:19 --> Helper loaded: template_helper
INFO - 2025-05-22 20:49:19 --> Helper loaded: rest_helper
INFO - 2025-05-22 20:49:19 --> Database Driver Class Initialized
DEBUG - 2025-05-22 20:49:19 --> Idgenerator class already loaded. Second attempt ignored.
INFO - 2025-05-22 20:49:19 --> Controller Class Initialized
INFO - 2025-05-22 20:49:19 --> Model Class Initialized
DEBUG - 2025-05-22 20:49:19 --> File loaded: /apps/web-drc/application/modules/rep_sos/models/Rep_sos_model.php
INFO - 2025-05-22 20:49:19 --> Model Class Initialized
DEBUG - 2025-05-22 20:49:19 --> File loaded: /apps/web-drc/application/modules/rep_sos/views/form.php
DEBUG - 2025-05-22 20:49:19 --> File loaded: /apps/web-drc/application/views/templates/header.php
DEBUG - 2025-05-22 20:49:19 --> File loaded: /apps/web-drc/application/views/templates/toolbar.php
DEBUG - 2025-05-22 20:49:19 --> File loaded: /apps/web-drc/application/views/templates/sidebar.php
DEBUG - 2025-05-22 20:49:19 --> File loaded: /apps/web-drc/application/views/templates/contents.php
DEBUG - 2025-05-22 20:49:19 --> File loaded: /apps/web-drc/application/views/templates/content_footer.php
DEBUG - 2025-05-22 20:49:19 --> File loaded: /apps/web-drc/application/views/templates/footer.php
DEBUG - 2025-05-22 20:49:19 --> File loaded: /apps/web-drc/application/views/templates/default.php
INFO - 2025-05-22 20:49:19 --> Final output sent to browser
DEBUG - 2025-05-22 20:49:19 --> Total execution time: 0.0120
INFO - 2025-05-22 20:49:19 --> Config Class Initialized
INFO - 2025-05-22 20:49:19 --> Hooks Class Initialized
DEBUG - 2025-05-22 20:49:19 --> UTF-8 Support Enabled
INFO - 2025-05-22 20:49:19 --> Utf8 Class Initialized
INFO - 2025-05-22 20:49:19 --> URI Class Initialized
INFO - 2025-05-22 20:49:19 --> Router Class Initialized
INFO - 2025-05-22 20:49:19 --> Output Class Initialized
INFO - 2025-05-22 20:49:19 --> Security Class Initialized
DEBUG - 2025-05-22 20:49:19 --> Global POST, GET and COOKIE data sanitized
INFO - 2025-05-22 20:49:19 --> Input Class Initialized
INFO - 2025-05-22 20:49:19 --> Language Class Initialized
INFO - 2025-05-22 20:49:19 --> Language Class Initialized
INFO - 2025-05-22 20:49:19 --> Config Class Initialized
INFO - 2025-05-22 20:49:19 --> Loader Class Initialized
INFO - 2025-05-22 20:49:19 --> Helper loaded: url_helper
INFO - 2025-05-22 20:49:19 --> Helper loaded: easyui_helper
INFO - 2025-05-22 20:49:19 --> Helper loaded: param_helper
INFO - 2025-05-22 20:49:19 --> Helper loaded: credential_helper
INFO - 2025-05-22 20:49:19 --> Helper loaded: template_helper
INFO - 2025-05-22 20:49:19 --> Helper loaded: rest_helper
INFO - 2025-05-22 20:49:19 --> Database Driver Class Initialized
DEBUG - 2025-05-22 20:49:19 --> Idgenerator class already loaded. Second attempt ignored.
INFO - 2025-05-22 20:49:19 --> Controller Class Initialized
INFO - 2025-05-22 20:49:19 --> Model Class Initialized
DEBUG - 2025-05-22 20:49:19 --> File loaded: /apps/web-drc/application/modules/rep_promo/models/Rep_promo_model.php
INFO - 2025-05-22 20:49:19 --> Model Class Initialized
INFO - 2025-05-22 20:49:19 --> Final output sent to browser
DEBUG - 2025-05-22 20:49:19 --> Total execution time: 0.0094
INFO - 2025-05-22 20:49:40 --> Config Class Initialized
INFO - 2025-05-22 20:49:40 --> Hooks Class Initialized
DEBUG - 2025-05-22 20:49:40 --> UTF-8 Support Enabled
INFO - 2025-05-22 20:49:40 --> Utf8 Class Initialized
INFO - 2025-05-22 20:49:40 --> URI Class Initialized
INFO - 2025-05-22 20:49:40 --> Router Class Initialized
INFO - 2025-05-22 20:49:40 --> Output Class Initialized
INFO - 2025-05-22 20:49:40 --> Security Class Initialized
DEBUG - 2025-05-22 20:49:40 --> Global POST, GET and COOKIE data sanitized
INFO - 2025-05-22 20:49:40 --> Input Class Initialized
INFO - 2025-05-22 20:49:40 --> Language Class Initialized
INFO - 2025-05-22 20:49:40 --> Language Class Initialized
INFO - 2025-05-22 20:49:40 --> Config Class Initialized
INFO - 2025-05-22 20:49:40 --> Loader Class Initialized
INFO - 2025-05-22 20:49:40 --> Helper loaded: url_helper
INFO - 2025-05-22 20:49:40 --> Helper loaded: easyui_helper
INFO - 2025-05-22 20:49:40 --> Helper loaded: param_helper
INFO - 2025-05-22 20:49:40 --> Helper loaded: credential_helper
INFO - 2025-05-22 20:49:40 --> Helper loaded: template_helper
INFO - 2025-05-22 20:49:40 --> Helper loaded: rest_helper
INFO - 2025-05-22 20:49:40 --> Database Driver Class Initialized
DEBUG - 2025-05-22 20:49:40 --> Idgenerator class already loaded. Second attempt ignored.
INFO - 2025-05-22 20:49:40 --> Controller Class Initialized
INFO - 2025-05-22 20:49:40 --> Model Class Initialized
DEBUG - 2025-05-22 20:49:40 --> File loaded: /apps/web-drc/application/modules/rep_productivity/models/Rep_productivity_model.php
INFO - 2025-05-22 20:49:40 --> Model Class Initialized
DEBUG - 2025-05-22 20:49:40 --> File loaded: /apps/web-drc/application/modules/rep_productivity/views/form.php
DEBUG - 2025-05-22 20:49:40 --> File loaded: /apps/web-drc/application/views/templates/header.php
DEBUG - 2025-05-22 20:49:40 --> File loaded: /apps/web-drc/application/views/templates/toolbar.php
DEBUG - 2025-05-22 20:49:40 --> File loaded: /apps/web-drc/application/views/templates/sidebar.php
DEBUG - 2025-05-22 20:49:40 --> File loaded: /apps/web-drc/application/views/templates/contents.php
DEBUG - 2025-05-22 20:49:40 --> File loaded: /apps/web-drc/application/views/templates/content_footer.php
DEBUG - 2025-05-22 20:49:40 --> File loaded: /apps/web-drc/application/views/templates/footer.php
DEBUG - 2025-05-22 20:49:40 --> File loaded: /apps/web-drc/application/views/templates/default.php
INFO - 2025-05-22 20:49:40 --> Final output sent to browser
DEBUG - 2025-05-22 20:49:40 --> Total execution time: 0.0309
INFO - 2025-05-22 20:49:41 --> Config Class Initialized
INFO - 2025-05-22 20:49:41 --> Hooks Class Initialized
DEBUG - 2025-05-22 20:49:41 --> UTF-8 Support Enabled
INFO - 2025-05-22 20:49:41 --> Utf8 Class Initialized
INFO - 2025-05-22 20:49:41 --> URI Class Initialized
INFO - 2025-05-22 20:49:41 --> Router Class Initialized
INFO - 2025-05-22 20:49:41 --> Output Class Initialized
INFO - 2025-05-22 20:49:41 --> Security Class Initialized
DEBUG - 2025-05-22 20:49:41 --> Global POST, GET and COOKIE data sanitized
INFO - 2025-05-22 20:49:41 --> Input Class Initialized
INFO - 2025-05-22 20:49:41 --> Language Class Initialized
INFO - 2025-05-22 20:49:41 --> Language Class Initialized
INFO - 2025-05-22 20:49:41 --> Config Class Initialized
INFO - 2025-05-22 20:49:41 --> Loader Class Initialized
INFO - 2025-05-22 20:49:41 --> Helper loaded: url_helper
INFO - 2025-05-22 20:49:41 --> Helper loaded: easyui_helper
INFO - 2025-05-22 20:49:41 --> Helper loaded: param_helper
INFO - 2025-05-22 20:49:41 --> Helper loaded: credential_helper
INFO - 2025-05-22 20:49:41 --> Helper loaded: template_helper
INFO - 2025-05-22 20:49:41 --> Helper loaded: rest_helper
INFO - 2025-05-22 20:49:41 --> Database Driver Class Initialized
DEBUG - 2025-05-22 20:49:41 --> Idgenerator class already loaded. Second attempt ignored.
INFO - 2025-05-22 20:49:41 --> Controller Class Initialized
INFO - 2025-05-22 20:49:41 --> Model Class Initialized
DEBUG - 2025-05-22 20:49:41 --> File loaded: /apps/web-drc/application/modules/rep_productivity/models/Rep_productivity_model.php
INFO - 2025-05-22 20:49:41 --> Model Class Initialized
INFO - 2025-05-22 20:49:41 --> Final output sent to browser
DEBUG - 2025-05-22 20:49:41 --> Total execution time: 0.0037
INFO - 2025-05-22 20:49:41 --> Config Class Initialized
INFO - 2025-05-22 20:49:41 --> Hooks Class Initialized
DEBUG - 2025-05-22 20:49:41 --> UTF-8 Support Enabled
INFO - 2025-05-22 20:49:41 --> Utf8 Class Initialized
INFO - 2025-05-22 20:49:41 --> URI Class Initialized
INFO - 2025-05-22 20:49:41 --> Router Class Initialized
INFO - 2025-05-22 20:49:41 --> Output Class Initialized
INFO - 2025-05-22 20:49:41 --> Security Class Initialized
DEBUG - 2025-05-22 20:49:41 --> Global POST, GET and COOKIE data sanitized
INFO - 2025-05-22 20:49:41 --> Input Class Initialized
INFO - 2025-05-22 20:49:41 --> Language Class Initialized
INFO - 2025-05-22 20:49:41 --> Language Class Initialized
INFO - 2025-05-22 20:49:41 --> Config Class Initialized
INFO - 2025-05-22 20:49:41 --> Loader Class Initialized
INFO - 2025-05-22 20:49:41 --> Helper loaded: url_helper
INFO - 2025-05-22 20:49:41 --> Helper loaded: easyui_helper
INFO - 2025-05-22 20:49:41 --> Helper loaded: param_helper
INFO - 2025-05-22 20:49:41 --> Helper loaded: credential_helper
INFO - 2025-05-22 20:49:41 --> Helper loaded: template_helper
INFO - 2025-05-22 20:49:41 --> Helper loaded: rest_helper
INFO - 2025-05-22 20:49:41 --> Database Driver Class Initialized
DEBUG - 2025-05-22 20:49:41 --> Idgenerator class already loaded. Second attempt ignored.
INFO - 2025-05-22 20:49:41 --> Controller Class Initialized
INFO - 2025-05-22 20:49:41 --> Model Class Initialized
DEBUG - 2025-05-22 20:49:41 --> File loaded: /apps/web-drc/application/modules/api_v1/models/Api_v1_model.php
INFO - 2025-05-22 20:49:41 --> Model Class Initialized
INFO - 2025-05-22 20:49:41 --> Final output sent to browser
DEBUG - 2025-05-22 20:49:41 --> Total execution time: 0.0041
INFO - 2025-05-22 20:50:13 --> Config Class Initialized
INFO - 2025-05-22 20:50:13 --> Hooks Class Initialized
DEBUG - 2025-05-22 20:50:13 --> UTF-8 Support Enabled
INFO - 2025-05-22 20:50:13 --> Utf8 Class Initialized
INFO - 2025-05-22 20:50:13 --> URI Class Initialized
INFO - 2025-05-22 20:50:13 --> Router Class Initialized
INFO - 2025-05-22 20:50:13 --> Output Class Initialized
INFO - 2025-05-22 20:50:13 --> Security Class Initialized
DEBUG - 2025-05-22 20:50:13 --> Global POST, GET and COOKIE data sanitized
INFO - 2025-05-22 20:50:13 --> Input Class Initialized
INFO - 2025-05-22 20:50:13 --> Language Class Initialized
INFO - 2025-05-22 20:50:13 --> Language Class Initialized
INFO - 2025-05-22 20:50:13 --> Config Class Initialized
INFO - 2025-05-22 20:50:13 --> Loader Class Initialized
INFO - 2025-05-22 20:50:13 --> Helper loaded: url_helper
INFO - 2025-05-22 20:50:13 --> Helper loaded: easyui_helper
INFO - 2025-05-22 20:50:13 --> Helper loaded: param_helper
INFO - 2025-05-22 20:50:13 --> Helper loaded: credential_helper
INFO - 2025-05-22 20:50:13 --> Helper loaded: template_helper
INFO - 2025-05-22 20:50:13 --> Helper loaded: rest_helper
INFO - 2025-05-22 20:50:13 --> Database Driver Class Initialized
DEBUG - 2025-05-22 20:50:13 --> Idgenerator class already loaded. Second attempt ignored.
INFO - 2025-05-22 20:50:13 --> Controller Class Initialized
INFO - 2025-05-22 20:50:13 --> Model Class Initialized
DEBUG - 2025-05-22 20:50:13 --> File loaded: /apps/web-drc/application/modules/rep_available_mcs/models/Rep_available_mcs_model.php
INFO - 2025-05-22 20:50:13 --> Model Class Initialized
DEBUG - 2025-05-22 20:50:13 --> File loaded: /apps/web-drc/application/modules/rep_available_mcs/views/content.php
DEBUG - 2025-05-22 20:50:13 --> File loaded: /apps/web-drc/application/views/templates/header.php
DEBUG - 2025-05-22 20:50:13 --> File loaded: /apps/web-drc/application/views/templates/toolbar.php
DEBUG - 2025-05-22 20:50:13 --> File loaded: /apps/web-drc/application/views/templates/sidebar.php
DEBUG - 2025-05-22 20:50:13 --> File loaded: /apps/web-drc/application/views/templates/contents.php
DEBUG - 2025-05-22 20:50:13 --> File loaded: /apps/web-drc/application/views/templates/content_footer.php
DEBUG - 2025-05-22 20:50:13 --> File loaded: /apps/web-drc/application/views/templates/footer.php
DEBUG - 2025-05-22 20:50:13 --> File loaded: /apps/web-drc/application/views/templates/default.php
INFO - 2025-05-22 20:50:13 --> Final output sent to browser
DEBUG - 2025-05-22 20:50:13 --> Total execution time: 0.0120
INFO - 2025-05-22 20:50:14 --> Config Class Initialized
INFO - 2025-05-22 20:50:14 --> Hooks Class Initialized
DEBUG - 2025-05-22 20:50:14 --> UTF-8 Support Enabled
INFO - 2025-05-22 20:50:14 --> Utf8 Class Initialized
INFO - 2025-05-22 20:50:14 --> URI Class Initialized
INFO - 2025-05-22 20:50:14 --> Router Class Initialized
INFO - 2025-05-22 20:50:14 --> Output Class Initialized
INFO - 2025-05-22 20:50:14 --> Security Class Initialized
DEBUG - 2025-05-22 20:50:14 --> Global POST, GET and COOKIE data sanitized
INFO - 2025-05-22 20:50:14 --> Input Class Initialized
INFO - 2025-05-22 20:50:14 --> Language Class Initialized
INFO - 2025-05-22 20:50:14 --> Language Class Initialized
INFO - 2025-05-22 20:50:14 --> Config Class Initialized
INFO - 2025-05-22 20:50:14 --> Loader Class Initialized
INFO - 2025-05-22 20:50:14 --> Helper loaded: url_helper
INFO - 2025-05-22 20:50:14 --> Helper loaded: easyui_helper
INFO - 2025-05-22 20:50:14 --> Helper loaded: param_helper
INFO - 2025-05-22 20:50:14 --> Helper loaded: credential_helper
INFO - 2025-05-22 20:50:14 --> Helper loaded: template_helper
INFO - 2025-05-22 20:50:14 --> Helper loaded: rest_helper
INFO - 2025-05-22 20:50:14 --> Database Driver Class Initialized
DEBUG - 2025-05-22 20:50:14 --> Idgenerator class already loaded. Second attempt ignored.
INFO - 2025-05-22 20:50:14 --> Controller Class Initialized
INFO - 2025-05-22 20:50:14 --> Model Class Initialized
DEBUG - 2025-05-22 20:50:14 --> File loaded: /apps/web-drc/application/modules/rep_available_mcs/models/Rep_available_mcs_model.php
INFO - 2025-05-22 20:50:14 --> Model Class Initialized
INFO - 2025-05-22 20:50:14 --> Final output sent to browser
DEBUG - 2025-05-22 20:50:14 --> Total execution time: 0.0035
INFO - 2025-05-22 20:50:14 --> Config Class Initialized
INFO - 2025-05-22 20:50:14 --> Hooks Class Initialized
DEBUG - 2025-05-22 20:50:14 --> UTF-8 Support Enabled
INFO - 2025-05-22 20:50:14 --> Utf8 Class Initialized
INFO - 2025-05-22 20:50:14 --> URI Class Initialized
INFO - 2025-05-22 20:50:14 --> Router Class Initialized
INFO - 2025-05-22 20:50:14 --> Output Class Initialized
INFO - 2025-05-22 20:50:14 --> Security Class Initialized
DEBUG - 2025-05-22 20:50:14 --> Global POST, GET and COOKIE data sanitized
INFO - 2025-05-22 20:50:14 --> Input Class Initialized
INFO - 2025-05-22 20:50:14 --> Language Class Initialized
INFO - 2025-05-22 20:50:14 --> Language Class Initialized
INFO - 2025-05-22 20:50:14 --> Config Class Initialized
INFO - 2025-05-22 20:50:14 --> Loader Class Initialized
INFO - 2025-05-22 20:50:14 --> Helper loaded: url_helper
INFO - 2025-05-22 20:50:14 --> Helper loaded: easyui_helper
INFO - 2025-05-22 20:50:14 --> Helper loaded: param_helper
INFO - 2025-05-22 20:50:14 --> Helper loaded: credential_helper
INFO - 2025-05-22 20:50:14 --> Helper loaded: template_helper
INFO - 2025-05-22 20:50:14 --> Helper loaded: rest_helper
INFO - 2025-05-22 20:50:14 --> Database Driver Class Initialized
DEBUG - 2025-05-22 20:50:14 --> Idgenerator class already loaded. Second attempt ignored.
INFO - 2025-05-22 20:50:14 --> Controller Class Initialized
INFO - 2025-05-22 20:50:14 --> Model Class Initialized
DEBUG - 2025-05-22 20:50:14 --> File loaded: /apps/web-drc/application/modules/rep_available_mcs/models/Rep_available_mcs_model.php
INFO - 2025-05-22 20:50:14 --> Model Class Initialized
INFO - 2025-05-22 20:50:14 --> Final output sent to browser
DEBUG - 2025-05-22 20:50:14 --> Total execution time: 0.0364
INFO - 2025-05-22 20:50:14 --> Config Class Initialized
INFO - 2025-05-22 20:50:14 --> Hooks Class Initialized
DEBUG - 2025-05-22 20:50:14 --> UTF-8 Support Enabled
INFO - 2025-05-22 20:50:14 --> Utf8 Class Initialized
INFO - 2025-05-22 20:50:14 --> URI Class Initialized
INFO - 2025-05-22 20:50:14 --> Router Class Initialized
INFO - 2025-05-22 20:50:14 --> Output Class Initialized
INFO - 2025-05-22 20:50:14 --> Security Class Initialized
DEBUG - 2025-05-22 20:50:14 --> Global POST, GET and COOKIE data sanitized
INFO - 2025-05-22 20:50:14 --> Input Class Initialized
INFO - 2025-05-22 20:50:14 --> Language Class Initialized
INFO - 2025-05-22 20:50:14 --> Language Class Initialized
INFO - 2025-05-22 20:50:14 --> Config Class Initialized
INFO - 2025-05-22 20:50:14 --> Loader Class Initialized
INFO - 2025-05-22 20:50:14 --> Helper loaded: url_helper
INFO - 2025-05-22 20:50:14 --> Helper loaded: easyui_helper
INFO - 2025-05-22 20:50:14 --> Helper loaded: param_helper
INFO - 2025-05-22 20:50:14 --> Helper loaded: credential_helper
INFO - 2025-05-22 20:50:14 --> Helper loaded: template_helper
INFO - 2025-05-22 20:50:14 --> Helper loaded: rest_helper
INFO - 2025-05-22 20:50:14 --> Database Driver Class Initialized
DEBUG - 2025-05-22 20:50:14 --> Idgenerator class already loaded. Second attempt ignored.
INFO - 2025-05-22 20:50:14 --> Controller Class Initialized
INFO - 2025-05-22 20:50:14 --> Model Class Initialized
DEBUG - 2025-05-22 20:50:14 --> File loaded: /apps/web-drc/application/modules/rep_available_mcs/models/Rep_available_mcs_model.php
INFO - 2025-05-22 20:50:14 --> Model Class Initialized
INFO - 2025-05-22 20:50:14 --> Final output sent to browser
DEBUG - 2025-05-22 20:50:14 --> Total execution time: 0.0052
INFO - 2025-05-22 20:50:46 --> Config Class Initialized
INFO - 2025-05-22 20:50:46 --> Hooks Class Initialized
DEBUG - 2025-05-22 20:50:46 --> UTF-8 Support Enabled
INFO - 2025-05-22 20:50:46 --> Utf8 Class Initialized
INFO - 2025-05-22 20:50:46 --> URI Class Initialized
INFO - 2025-05-22 20:50:46 --> Router Class Initialized
INFO - 2025-05-22 20:50:46 --> Output Class Initialized
INFO - 2025-05-22 20:50:46 --> Security Class Initialized
DEBUG - 2025-05-22 20:50:46 --> Global POST, GET and COOKIE data sanitized
INFO - 2025-05-22 20:50:46 --> Input Class Initialized
INFO - 2025-05-22 20:50:46 --> Language Class Initialized
INFO - 2025-05-22 20:50:46 --> Language Class Initialized
INFO - 2025-05-22 20:50:46 --> Config Class Initialized
INFO - 2025-05-22 20:50:46 --> Loader Class Initialized
INFO - 2025-05-22 20:50:46 --> Helper loaded: url_helper
INFO - 2025-05-22 20:50:46 --> Helper loaded: easyui_helper
INFO - 2025-05-22 20:50:46 --> Helper loaded: param_helper
INFO - 2025-05-22 20:50:46 --> Helper loaded: credential_helper
INFO - 2025-05-22 20:50:46 --> Helper loaded: template_helper
INFO - 2025-05-22 20:50:46 --> Helper loaded: rest_helper
INFO - 2025-05-22 20:50:46 --> Database Driver Class Initialized
DEBUG - 2025-05-22 20:50:46 --> Idgenerator class already loaded. Second attempt ignored.
INFO - 2025-05-22 20:50:46 --> Controller Class Initialized
INFO - 2025-05-22 20:50:46 --> Model Class Initialized
DEBUG - 2025-05-22 20:50:46 --> File loaded: /apps/web-drc/application/modules/rep_doi/models/Rep_doi_model.php
INFO - 2025-05-22 20:50:46 --> Model Class Initialized
DEBUG - 2025-05-22 20:50:46 --> File loaded: /apps/web-drc/application/modules/rep_doi/views/form.php
DEBUG - 2025-05-22 20:50:46 --> File loaded: /apps/web-drc/application/views/templates/header.php
DEBUG - 2025-05-22 20:50:46 --> File loaded: /apps/web-drc/application/views/templates/toolbar.php
DEBUG - 2025-05-22 20:50:46 --> File loaded: /apps/web-drc/application/views/templates/sidebar.php
DEBUG - 2025-05-22 20:50:46 --> File loaded: /apps/web-drc/application/views/templates/contents.php
DEBUG - 2025-05-22 20:50:46 --> File loaded: /apps/web-drc/application/views/templates/content_footer.php
DEBUG - 2025-05-22 20:50:46 --> File loaded: /apps/web-drc/application/views/templates/footer.php
DEBUG - 2025-05-22 20:50:46 --> File loaded: /apps/web-drc/application/views/templates/default.php
INFO - 2025-05-22 20:50:46 --> Final output sent to browser
DEBUG - 2025-05-22 20:50:46 --> Total execution time: 0.0145
INFO - 2025-05-22 20:50:46 --> Config Class Initialized
INFO - 2025-05-22 20:50:46 --> Hooks Class Initialized
DEBUG - 2025-05-22 20:50:46 --> UTF-8 Support Enabled
INFO - 2025-05-22 20:50:46 --> Utf8 Class Initialized
INFO - 2025-05-22 20:50:46 --> URI Class Initialized
INFO - 2025-05-22 20:50:46 --> Router Class Initialized
INFO - 2025-05-22 20:50:46 --> Output Class Initialized
INFO - 2025-05-22 20:50:46 --> Security Class Initialized
DEBUG - 2025-05-22 20:50:46 --> Global POST, GET and COOKIE data sanitized
INFO - 2025-05-22 20:50:46 --> Input Class Initialized
INFO - 2025-05-22 20:50:46 --> Language Class Initialized
INFO - 2025-05-22 20:50:46 --> Language Class Initialized
INFO - 2025-05-22 20:50:46 --> Config Class Initialized
INFO - 2025-05-22 20:50:46 --> Loader Class Initialized
INFO - 2025-05-22 20:50:46 --> Helper loaded: url_helper
INFO - 2025-05-22 20:50:46 --> Helper loaded: easyui_helper
INFO - 2025-05-22 20:50:46 --> Helper loaded: param_helper
INFO - 2025-05-22 20:50:46 --> Helper loaded: credential_helper
INFO - 2025-05-22 20:50:46 --> Helper loaded: template_helper
INFO - 2025-05-22 20:50:46 --> Helper loaded: rest_helper
INFO - 2025-05-22 20:50:46 --> Database Driver Class Initialized
DEBUG - 2025-05-22 20:50:46 --> Idgenerator class already loaded. Second attempt ignored.
INFO - 2025-05-22 20:50:46 --> Controller Class Initialized
INFO - 2025-05-22 20:50:46 --> Model Class Initialized
DEBUG - 2025-05-22 20:50:46 --> File loaded: /apps/web-drc/application/modules/rep_doi/models/Rep_doi_model.php
INFO - 2025-05-22 20:50:46 --> Model Class Initialized
INFO - 2025-05-22 20:50:46 --> Final output sent to browser
DEBUG - 2025-05-22 20:50:46 --> Total execution time: 0.0039
INFO - 2025-05-22 20:50:47 --> Config Class Initialized
INFO - 2025-05-22 20:50:47 --> Hooks Class Initialized
DEBUG - 2025-05-22 20:50:47 --> UTF-8 Support Enabled
INFO - 2025-05-22 20:50:47 --> Utf8 Class Initialized
INFO - 2025-05-22 20:50:47 --> URI Class Initialized
INFO - 2025-05-22 20:50:47 --> Router Class Initialized
INFO - 2025-05-22 20:50:47 --> Output Class Initialized
INFO - 2025-05-22 20:50:47 --> Security Class Initialized
DEBUG - 2025-05-22 20:50:47 --> Global POST, GET and COOKIE data sanitized
INFO - 2025-05-22 20:50:47 --> Input Class Initialized
INFO - 2025-05-22 20:50:47 --> Language Class Initialized
INFO - 2025-05-22 20:50:47 --> Language Class Initialized
INFO - 2025-05-22 20:50:47 --> Config Class Initialized
INFO - 2025-05-22 20:50:47 --> Loader Class Initialized
INFO - 2025-05-22 20:50:47 --> Helper loaded: url_helper
INFO - 2025-05-22 20:50:47 --> Helper loaded: easyui_helper
INFO - 2025-05-22 20:50:47 --> Helper loaded: param_helper
INFO - 2025-05-22 20:50:47 --> Helper loaded: credential_helper
INFO - 2025-05-22 20:50:47 --> Helper loaded: template_helper
INFO - 2025-05-22 20:50:47 --> Helper loaded: rest_helper
INFO - 2025-05-22 20:50:47 --> Database Driver Class Initialized
DEBUG - 2025-05-22 20:50:47 --> Idgenerator class already loaded. Second attempt ignored.
INFO - 2025-05-22 20:50:47 --> Controller Class Initialized
INFO - 2025-05-22 20:50:47 --> Model Class Initialized
DEBUG - 2025-05-22 20:50:47 --> File loaded: /apps/web-drc/application/modules/api_v1/models/Api_v1_model.php
INFO - 2025-05-22 20:50:47 --> Model Class Initialized
INFO - 2025-05-22 20:50:47 --> Final output sent to browser
DEBUG - 2025-05-22 20:50:47 --> Total execution time: 0.0054
INFO - 2025-05-22 20:50:52 --> Config Class Initialized
INFO - 2025-05-22 20:50:52 --> Hooks Class Initialized
DEBUG - 2025-05-22 20:50:52 --> UTF-8 Support Enabled
INFO - 2025-05-22 20:50:52 --> Utf8 Class Initialized
INFO - 2025-05-22 20:50:52 --> URI Class Initialized
INFO - 2025-05-22 20:50:52 --> Router Class Initialized
INFO - 2025-05-22 20:50:52 --> Output Class Initialized
INFO - 2025-05-22 20:50:52 --> Security Class Initialized
DEBUG - 2025-05-22 20:50:52 --> Global POST, GET and COOKIE data sanitized
INFO - 2025-05-22 20:50:52 --> Input Class Initialized
INFO - 2025-05-22 20:50:52 --> Language Class Initialized
INFO - 2025-05-22 20:50:52 --> Language Class Initialized
INFO - 2025-05-22 20:50:52 --> Config Class Initialized
INFO - 2025-05-22 20:50:52 --> Loader Class Initialized
INFO - 2025-05-22 20:50:52 --> Helper loaded: url_helper
INFO - 2025-05-22 20:50:52 --> Helper loaded: easyui_helper
INFO - 2025-05-22 20:50:52 --> Helper loaded: param_helper
INFO - 2025-05-22 20:50:52 --> Helper loaded: credential_helper
INFO - 2025-05-22 20:50:52 --> Helper loaded: template_helper
INFO - 2025-05-22 20:50:52 --> Helper loaded: rest_helper
INFO - 2025-05-22 20:50:52 --> Database Driver Class Initialized
DEBUG - 2025-05-22 20:50:52 --> Idgenerator class already loaded. Second attempt ignored.
INFO - 2025-05-22 20:50:52 --> Controller Class Initialized
INFO - 2025-05-22 20:50:52 --> Model Class Initialized
DEBUG - 2025-05-22 20:50:52 --> File loaded: /apps/web-drc/application/modules/api_v1/models/Api_v1_model.php
INFO - 2025-05-22 20:50:52 --> Model Class Initialized
INFO - 2025-05-22 20:50:52 --> Final output sent to browser
DEBUG - 2025-05-22 20:50:52 --> Total execution time: 0.0051
INFO - 2025-05-22 20:50:58 --> Config Class Initialized
INFO - 2025-05-22 20:50:58 --> Hooks Class Initialized
DEBUG - 2025-05-22 20:50:58 --> UTF-8 Support Enabled
INFO - 2025-05-22 20:50:58 --> Utf8 Class Initialized
INFO - 2025-05-22 20:50:58 --> URI Class Initialized
INFO - 2025-05-22 20:50:58 --> Router Class Initialized
INFO - 2025-05-22 20:50:58 --> Output Class Initialized
INFO - 2025-05-22 20:50:58 --> Security Class Initialized
DEBUG - 2025-05-22 20:50:58 --> Global POST, GET and COOKIE data sanitized
INFO - 2025-05-22 20:50:58 --> Input Class Initialized
INFO - 2025-05-22 20:50:58 --> Language Class Initialized
INFO - 2025-05-22 20:50:58 --> Language Class Initialized
INFO - 2025-05-22 20:50:58 --> Config Class Initialized
INFO - 2025-05-22 20:50:58 --> Loader Class Initialized
INFO - 2025-05-22 20:50:58 --> Helper loaded: url_helper
INFO - 2025-05-22 20:50:58 --> Helper loaded: easyui_helper
INFO - 2025-05-22 20:50:58 --> Helper loaded: param_helper
INFO - 2025-05-22 20:50:58 --> Helper loaded: credential_helper
INFO - 2025-05-22 20:50:58 --> Helper loaded: template_helper
INFO - 2025-05-22 20:50:58 --> Helper loaded: rest_helper
INFO - 2025-05-22 20:50:58 --> Database Driver Class Initialized
DEBUG - 2025-05-22 20:50:58 --> Idgenerator class already loaded. Second attempt ignored.
INFO - 2025-05-22 20:50:58 --> Controller Class Initialized
INFO - 2025-05-22 20:50:58 --> Model Class Initialized
DEBUG - 2025-05-22 20:50:58 --> File loaded: /apps/web-drc/application/modules/api_v1/models/Api_v1_model.php
INFO - 2025-05-22 20:50:58 --> Model Class Initialized
INFO - 2025-05-22 20:50:58 --> Final output sent to browser
DEBUG - 2025-05-22 20:50:58 --> Total execution time: 0.0044
INFO - 2025-05-22 20:51:02 --> Config Class Initialized
INFO - 2025-05-22 20:51:02 --> Hooks Class Initialized
DEBUG - 2025-05-22 20:51:02 --> UTF-8 Support Enabled
INFO - 2025-05-22 20:51:02 --> Utf8 Class Initialized
INFO - 2025-05-22 20:51:02 --> URI Class Initialized
INFO - 2025-05-22 20:51:02 --> Router Class Initialized
INFO - 2025-05-22 20:51:02 --> Output Class Initialized
INFO - 2025-05-22 20:51:02 --> Security Class Initialized
DEBUG - 2025-05-22 20:51:02 --> Global POST, GET and COOKIE data sanitized
INFO - 2025-05-22 20:51:02 --> Input Class Initialized
INFO - 2025-05-22 20:51:02 --> Language Class Initialized
INFO - 2025-05-22 20:51:02 --> Language Class Initialized
INFO - 2025-05-22 20:51:02 --> Config Class Initialized
INFO - 2025-05-22 20:51:02 --> Loader Class Initialized
INFO - 2025-05-22 20:51:02 --> Helper loaded: url_helper
INFO - 2025-05-22 20:51:02 --> Helper loaded: easyui_helper
INFO - 2025-05-22 20:51:02 --> Helper loaded: param_helper
INFO - 2025-05-22 20:51:02 --> Helper loaded: credential_helper
INFO - 2025-05-22 20:51:02 --> Helper loaded: template_helper
INFO - 2025-05-22 20:51:02 --> Helper loaded: rest_helper
INFO - 2025-05-22 20:51:02 --> Database Driver Class Initialized
DEBUG - 2025-05-22 20:51:02 --> Idgenerator class already loaded. Second attempt ignored.
INFO - 2025-05-22 20:51:02 --> Controller Class Initialized
INFO - 2025-05-22 20:51:02 --> Model Class Initialized
DEBUG - 2025-05-22 20:51:02 --> File loaded: /apps/web-drc/application/modules/api_v1/models/Api_v1_model.php
INFO - 2025-05-22 20:51:02 --> Model Class Initialized
INFO - 2025-05-22 20:51:02 --> Final output sent to browser
DEBUG - 2025-05-22 20:51:02 --> Total execution time: 0.0107
INFO - 2025-05-22 20:51:25 --> Config Class Initialized
INFO - 2025-05-22 20:51:25 --> Hooks Class Initialized
DEBUG - 2025-05-22 20:51:25 --> UTF-8 Support Enabled
INFO - 2025-05-22 20:51:25 --> Utf8 Class Initialized
INFO - 2025-05-22 20:51:25 --> URI Class Initialized
INFO - 2025-05-22 20:51:25 --> Router Class Initialized
INFO - 2025-05-22 20:51:25 --> Output Class Initialized
INFO - 2025-05-22 20:51:25 --> Security Class Initialized
DEBUG - 2025-05-22 20:51:25 --> Global POST, GET and COOKIE data sanitized
INFO - 2025-05-22 20:51:25 --> Input Class Initialized
INFO - 2025-05-22 20:51:25 --> Language Class Initialized
INFO - 2025-05-22 20:51:25 --> Language Class Initialized
INFO - 2025-05-22 20:51:25 --> Config Class Initialized
INFO - 2025-05-22 20:51:25 --> Loader Class Initialized
INFO - 2025-05-22 20:51:25 --> Helper loaded: url_helper
INFO - 2025-05-22 20:51:25 --> Helper loaded: easyui_helper
INFO - 2025-05-22 20:51:25 --> Helper loaded: param_helper
INFO - 2025-05-22 20:51:25 --> Helper loaded: credential_helper
INFO - 2025-05-22 20:51:25 --> Helper loaded: template_helper
INFO - 2025-05-22 20:51:25 --> Helper loaded: rest_helper
INFO - 2025-05-22 20:51:25 --> Database Driver Class Initialized
DEBUG - 2025-05-22 20:51:25 --> Idgenerator class already loaded. Second attempt ignored.
INFO - 2025-05-22 20:51:25 --> Controller Class Initialized
INFO - 2025-05-22 20:51:25 --> Model Class Initialized
DEBUG - 2025-05-22 20:51:25 --> File loaded: /apps/web-drc/application/modules/rep_doi/models/Rep_doi_model.php
INFO - 2025-05-22 20:51:25 --> Model Class Initialized
INFO - 2025-05-22 20:51:25 --> Final output sent to browser
DEBUG - 2025-05-22 20:51:25 --> Total execution time: 0.0047
INFO - 2025-05-22 20:51:48 --> Config Class Initialized
INFO - 2025-05-22 20:51:48 --> Hooks Class Initialized
DEBUG - 2025-05-22 20:51:48 --> UTF-8 Support Enabled
INFO - 2025-05-22 20:51:48 --> Utf8 Class Initialized
INFO - 2025-05-22 20:51:48 --> URI Class Initialized
INFO - 2025-05-22 20:51:48 --> Router Class Initialized
INFO - 2025-05-22 20:51:48 --> Output Class Initialized
INFO - 2025-05-22 20:51:48 --> Security Class Initialized
DEBUG - 2025-05-22 20:51:48 --> Global POST, GET and COOKIE data sanitized
INFO - 2025-05-22 20:51:48 --> Input Class Initialized
INFO - 2025-05-22 20:51:48 --> Language Class Initialized
INFO - 2025-05-22 20:51:48 --> Language Class Initialized
INFO - 2025-05-22 20:51:48 --> Config Class Initialized
INFO - 2025-05-22 20:51:48 --> Loader Class Initialized
INFO - 2025-05-22 20:51:48 --> Helper loaded: url_helper
INFO - 2025-05-22 20:51:48 --> Helper loaded: easyui_helper
INFO - 2025-05-22 20:51:48 --> Helper loaded: param_helper
INFO - 2025-05-22 20:51:48 --> Helper loaded: credential_helper
INFO - 2025-05-22 20:51:48 --> Helper loaded: template_helper
INFO - 2025-05-22 20:51:48 --> Helper loaded: rest_helper
INFO - 2025-05-22 20:51:48 --> Database Driver Class Initialized
DEBUG - 2025-05-22 20:51:48 --> Idgenerator class already loaded. Second attempt ignored.
INFO - 2025-05-22 20:51:48 --> Controller Class Initialized
INFO - 2025-05-22 20:51:48 --> Model Class Initialized
DEBUG - 2025-05-22 20:51:48 --> File loaded: /apps/web-drc/application/modules/rep_promo/models/Rep_promo_model.php
INFO - 2025-05-22 20:51:48 --> Model Class Initialized
DEBUG - 2025-05-22 20:51:48 --> File loaded: /apps/web-drc/application/modules/rep_promo/views/form.php
DEBUG - 2025-05-22 20:51:48 --> File loaded: /apps/web-drc/application/views/templates/header.php
DEBUG - 2025-05-22 20:51:48 --> File loaded: /apps/web-drc/application/views/templates/toolbar.php
DEBUG - 2025-05-22 20:51:48 --> File loaded: /apps/web-drc/application/views/templates/sidebar.php
DEBUG - 2025-05-22 20:51:48 --> File loaded: /apps/web-drc/application/views/templates/contents.php
DEBUG - 2025-05-22 20:51:48 --> File loaded: /apps/web-drc/application/views/templates/content_footer.php
DEBUG - 2025-05-22 20:51:48 --> File loaded: /apps/web-drc/application/views/templates/footer.php
DEBUG - 2025-05-22 20:51:48 --> File loaded: /apps/web-drc/application/views/templates/default.php
INFO - 2025-05-22 20:51:48 --> Final output sent to browser
DEBUG - 2025-05-22 20:51:48 --> Total execution time: 0.0117
INFO - 2025-05-22 20:51:49 --> Config Class Initialized
INFO - 2025-05-22 20:51:49 --> Hooks Class Initialized
DEBUG - 2025-05-22 20:51:49 --> UTF-8 Support Enabled
INFO - 2025-05-22 20:51:49 --> Utf8 Class Initialized
INFO - 2025-05-22 20:51:49 --> URI Class Initialized
INFO - 2025-05-22 20:51:49 --> Router Class Initialized
INFO - 2025-05-22 20:51:49 --> Output Class Initialized
INFO - 2025-05-22 20:51:49 --> Security Class Initialized
DEBUG - 2025-05-22 20:51:49 --> Global POST, GET and COOKIE data sanitized
INFO - 2025-05-22 20:51:49 --> Input Class Initialized
INFO - 2025-05-22 20:51:49 --> Language Class Initialized
INFO - 2025-05-22 20:51:49 --> Language Class Initialized
INFO - 2025-05-22 20:51:49 --> Config Class Initialized
INFO - 2025-05-22 20:51:49 --> Loader Class Initialized
INFO - 2025-05-22 20:51:49 --> Helper loaded: url_helper
INFO - 2025-05-22 20:51:49 --> Helper loaded: easyui_helper
INFO - 2025-05-22 20:51:49 --> Helper loaded: param_helper
INFO - 2025-05-22 20:51:49 --> Helper loaded: credential_helper
INFO - 2025-05-22 20:51:49 --> Helper loaded: template_helper
INFO - 2025-05-22 20:51:49 --> Helper loaded: rest_helper
INFO - 2025-05-22 20:51:49 --> Database Driver Class Initialized
DEBUG - 2025-05-22 20:51:49 --> Idgenerator class already loaded. Second attempt ignored.
INFO - 2025-05-22 20:51:49 --> Controller Class Initialized
INFO - 2025-05-22 20:51:49 --> Model Class Initialized
DEBUG - 2025-05-22 20:51:49 --> File loaded: /apps/web-drc/application/modules/rep_promo/models/Rep_promo_model.php
INFO - 2025-05-22 20:51:49 --> Model Class Initialized
INFO - 2025-05-22 20:51:49 --> Final output sent to browser
DEBUG - 2025-05-22 20:51:49 --> Total execution time: 0.0038
INFO - 2025-05-22 20:51:49 --> Config Class Initialized
INFO - 2025-05-22 20:51:49 --> Hooks Class Initialized
DEBUG - 2025-05-22 20:51:49 --> UTF-8 Support Enabled
INFO - 2025-05-22 20:51:49 --> Utf8 Class Initialized
INFO - 2025-05-22 20:51:49 --> URI Class Initialized
INFO - 2025-05-22 20:51:49 --> Router Class Initialized
INFO - 2025-05-22 20:51:49 --> Output Class Initialized
INFO - 2025-05-22 20:51:49 --> Security Class Initialized
DEBUG - 2025-05-22 20:51:49 --> Global POST, GET and COOKIE data sanitized
INFO - 2025-05-22 20:51:49 --> Input Class Initialized
INFO - 2025-05-22 20:51:49 --> Language Class Initialized
INFO - 2025-05-22 20:51:49 --> Language Class Initialized
INFO - 2025-05-22 20:51:49 --> Config Class Initialized
INFO - 2025-05-22 20:51:49 --> Loader Class Initialized
INFO - 2025-05-22 20:51:49 --> Helper loaded: url_helper
INFO - 2025-05-22 20:51:49 --> Helper loaded: easyui_helper
INFO - 2025-05-22 20:51:49 --> Helper loaded: param_helper
INFO - 2025-05-22 20:51:49 --> Helper loaded: credential_helper
INFO - 2025-05-22 20:51:49 --> Helper loaded: template_helper
INFO - 2025-05-22 20:51:49 --> Helper loaded: rest_helper
INFO - 2025-05-22 20:51:49 --> Database Driver Class Initialized
DEBUG - 2025-05-22 20:51:49 --> Idgenerator class already loaded. Second attempt ignored.
INFO - 2025-05-22 20:51:49 --> Controller Class Initialized
INFO - 2025-05-22 20:51:49 --> Model Class Initialized
DEBUG - 2025-05-22 20:51:49 --> File loaded: /apps/web-drc/application/modules/rep_promo/models/Rep_promo_model.php
INFO - 2025-05-22 20:51:49 --> Model Class Initialized
INFO - 2025-05-22 20:51:49 --> Final output sent to browser
DEBUG - 2025-05-22 20:51:49 --> Total execution time: 0.0036
INFO - 2025-05-22 20:51:49 --> Config Class Initialized
INFO - 2025-05-22 20:51:49 --> Hooks Class Initialized
DEBUG - 2025-05-22 20:51:49 --> UTF-8 Support Enabled
INFO - 2025-05-22 20:51:49 --> Utf8 Class Initialized
INFO - 2025-05-22 20:51:49 --> URI Class Initialized
INFO - 2025-05-22 20:51:49 --> Router Class Initialized
INFO - 2025-05-22 20:51:49 --> Output Class Initialized
INFO - 2025-05-22 20:51:49 --> Security Class Initialized
DEBUG - 2025-05-22 20:51:49 --> Global POST, GET and COOKIE data sanitized
INFO - 2025-05-22 20:51:49 --> Input Class Initialized
INFO - 2025-05-22 20:51:49 --> Language Class Initialized
INFO - 2025-05-22 20:51:49 --> Language Class Initialized
INFO - 2025-05-22 20:51:49 --> Config Class Initialized
INFO - 2025-05-22 20:51:49 --> Loader Class Initialized
INFO - 2025-05-22 20:51:49 --> Helper loaded: url_helper
INFO - 2025-05-22 20:51:49 --> Helper loaded: easyui_helper
INFO - 2025-05-22 20:51:49 --> Helper loaded: param_helper
INFO - 2025-05-22 20:51:49 --> Helper loaded: credential_helper
INFO - 2025-05-22 20:51:49 --> Helper loaded: template_helper
INFO - 2025-05-22 20:51:49 --> Helper loaded: rest_helper
INFO - 2025-05-22 20:51:49 --> Database Driver Class Initialized
DEBUG - 2025-05-22 20:51:49 --> Idgenerator class already loaded. Second attempt ignored.
INFO - 2025-05-22 20:51:49 --> Controller Class Initialized
INFO - 2025-05-22 20:51:49 --> Model Class Initialized
DEBUG - 2025-05-22 20:51:49 --> File loaded: /apps/web-drc/application/modules/api_v1/models/Api_v1_model.php
INFO - 2025-05-22 20:51:49 --> Model Class Initialized
INFO - 2025-05-22 20:51:49 --> Final output sent to browser
DEBUG - 2025-05-22 20:51:49 --> Total execution time: 0.0069
INFO - 2025-05-22 20:52:04 --> Config Class Initialized
INFO - 2025-05-22 20:52:04 --> Hooks Class Initialized
DEBUG - 2025-05-22 20:52:04 --> UTF-8 Support Enabled
INFO - 2025-05-22 20:52:04 --> Utf8 Class Initialized
INFO - 2025-05-22 20:52:04 --> URI Class Initialized
INFO - 2025-05-22 20:52:04 --> Router Class Initialized
INFO - 2025-05-22 20:52:04 --> Output Class Initialized
INFO - 2025-05-22 20:52:04 --> Security Class Initialized
DEBUG - 2025-05-22 20:52:04 --> Global POST, GET and COOKIE data sanitized
INFO - 2025-05-22 20:52:04 --> Input Class Initialized
INFO - 2025-05-22 20:52:04 --> Language Class Initialized
INFO - 2025-05-22 20:52:04 --> Language Class Initialized
INFO - 2025-05-22 20:52:04 --> Config Class Initialized
INFO - 2025-05-22 20:52:04 --> Loader Class Initialized
INFO - 2025-05-22 20:52:04 --> Helper loaded: url_helper
INFO - 2025-05-22 20:52:04 --> Helper loaded: easyui_helper
INFO - 2025-05-22 20:52:04 --> Helper loaded: param_helper
INFO - 2025-05-22 20:52:04 --> Helper loaded: credential_helper
INFO - 2025-05-22 20:52:04 --> Helper loaded: template_helper
INFO - 2025-05-22 20:52:04 --> Helper loaded: rest_helper
INFO - 2025-05-22 20:52:04 --> Database Driver Class Initialized
DEBUG - 2025-05-22 20:52:04 --> Idgenerator class already loaded. Second attempt ignored.
INFO - 2025-05-22 20:52:04 --> Controller Class Initialized
INFO - 2025-05-22 20:52:04 --> Model Class Initialized
DEBUG - 2025-05-22 20:52:04 --> File loaded: /apps/web-drc/application/modules/rep_product_knowledge/models/Rep_product_knowledge_model.php
INFO - 2025-05-22 20:52:04 --> Model Class Initialized
DEBUG - 2025-05-22 20:52:04 --> File loaded: /apps/web-drc/application/modules/rep_product_knowledge/views/content.php
DEBUG - 2025-05-22 20:52:04 --> File loaded: /apps/web-drc/application/views/templates/header.php
DEBUG - 2025-05-22 20:52:04 --> File loaded: /apps/web-drc/application/views/templates/toolbar.php
DEBUG - 2025-05-22 20:52:04 --> File loaded: /apps/web-drc/application/views/templates/sidebar.php
DEBUG - 2025-05-22 20:52:04 --> File loaded: /apps/web-drc/application/views/templates/contents.php
DEBUG - 2025-05-22 20:52:04 --> File loaded: /apps/web-drc/application/views/templates/content_footer.php
DEBUG - 2025-05-22 20:52:04 --> File loaded: /apps/web-drc/application/views/templates/footer.php
DEBUG - 2025-05-22 20:52:04 --> File loaded: /apps/web-drc/application/views/templates/default.php
INFO - 2025-05-22 20:52:04 --> Final output sent to browser
DEBUG - 2025-05-22 20:52:04 --> Total execution time: 0.0120
INFO - 2025-05-22 20:52:05 --> Config Class Initialized
INFO - 2025-05-22 20:52:05 --> Hooks Class Initialized
DEBUG - 2025-05-22 20:52:05 --> UTF-8 Support Enabled
INFO - 2025-05-22 20:52:05 --> Utf8 Class Initialized
INFO - 2025-05-22 20:52:05 --> URI Class Initialized
INFO - 2025-05-22 20:52:05 --> Router Class Initialized
INFO - 2025-05-22 20:52:05 --> Output Class Initialized
INFO - 2025-05-22 20:52:05 --> Security Class Initialized
DEBUG - 2025-05-22 20:52:05 --> Global POST, GET and COOKIE data sanitized
INFO - 2025-05-22 20:52:05 --> Input Class Initialized
INFO - 2025-05-22 20:52:05 --> Language Class Initialized
INFO - 2025-05-22 20:52:05 --> Language Class Initialized
INFO - 2025-05-22 20:52:05 --> Config Class Initialized
INFO - 2025-05-22 20:52:05 --> Loader Class Initialized
INFO - 2025-05-22 20:52:05 --> Helper loaded: url_helper
INFO - 2025-05-22 20:52:05 --> Helper loaded: easyui_helper
INFO - 2025-05-22 20:52:05 --> Helper loaded: param_helper
INFO - 2025-05-22 20:52:05 --> Helper loaded: credential_helper
INFO - 2025-05-22 20:52:05 --> Helper loaded: template_helper
INFO - 2025-05-22 20:52:05 --> Helper loaded: rest_helper
INFO - 2025-05-22 20:52:05 --> Database Driver Class Initialized
DEBUG - 2025-05-22 20:52:05 --> Idgenerator class already loaded. Second attempt ignored.
INFO - 2025-05-22 20:52:05 --> Controller Class Initialized
INFO - 2025-05-22 20:52:05 --> Model Class Initialized
DEBUG - 2025-05-22 20:52:05 --> File loaded: /apps/web-drc/application/modules/rep_product_knowledge/models/Rep_product_knowledge_model.php
INFO - 2025-05-22 20:52:05 --> Model Class Initialized
INFO - 2025-05-22 20:52:05 --> Final output sent to browser
DEBUG - 2025-05-22 20:52:05 --> Total execution time: 0.0160
INFO - 2025-05-22 20:52:05 --> Config Class Initialized
INFO - 2025-05-22 20:52:05 --> Hooks Class Initialized
DEBUG - 2025-05-22 20:52:05 --> UTF-8 Support Enabled
INFO - 2025-05-22 20:52:05 --> Utf8 Class Initialized
INFO - 2025-05-22 20:52:05 --> URI Class Initialized
INFO - 2025-05-22 20:52:05 --> Router Class Initialized
INFO - 2025-05-22 20:52:05 --> Output Class Initialized
INFO - 2025-05-22 20:52:05 --> Security Class Initialized
DEBUG - 2025-05-22 20:52:05 --> Global POST, GET and COOKIE data sanitized
INFO - 2025-05-22 20:52:05 --> Input Class Initialized
INFO - 2025-05-22 20:52:05 --> Language Class Initialized
INFO - 2025-05-22 20:52:05 --> Language Class Initialized
INFO - 2025-05-22 20:52:05 --> Config Class Initialized
INFO - 2025-05-22 20:52:05 --> Loader Class Initialized
INFO - 2025-05-22 20:52:05 --> Helper loaded: url_helper
INFO - 2025-05-22 20:52:05 --> Helper loaded: easyui_helper
INFO - 2025-05-22 20:52:05 --> Helper loaded: param_helper
INFO - 2025-05-22 20:52:05 --> Helper loaded: credential_helper
INFO - 2025-05-22 20:52:05 --> Helper loaded: template_helper
INFO - 2025-05-22 20:52:05 --> Helper loaded: rest_helper
INFO - 2025-05-22 20:52:05 --> Database Driver Class Initialized
DEBUG - 2025-05-22 20:52:05 --> Idgenerator class already loaded. Second attempt ignored.
INFO - 2025-05-22 20:52:05 --> Controller Class Initialized
INFO - 2025-05-22 20:52:05 --> Model Class Initialized
DEBUG - 2025-05-22 20:52:05 --> File loaded: /apps/web-drc/application/modules/rep_product_knowledge/models/Rep_product_knowledge_model.php
INFO - 2025-05-22 20:52:05 --> Model Class Initialized
INFO - 2025-05-22 20:52:05 --> Final output sent to browser
DEBUG - 2025-05-22 20:52:05 --> Total execution time: 0.0049
INFO - 2025-05-22 20:52:12 --> Config Class Initialized
INFO - 2025-05-22 20:52:12 --> Hooks Class Initialized
DEBUG - 2025-05-22 20:52:12 --> UTF-8 Support Enabled
INFO - 2025-05-22 20:52:12 --> Utf8 Class Initialized
INFO - 2025-05-22 20:52:12 --> URI Class Initialized
INFO - 2025-05-22 20:52:12 --> Router Class Initialized
INFO - 2025-05-22 20:52:12 --> Output Class Initialized
INFO - 2025-05-22 20:52:12 --> Security Class Initialized
DEBUG - 2025-05-22 20:52:12 --> Global POST, GET and COOKIE data sanitized
INFO - 2025-05-22 20:52:12 --> Input Class Initialized
INFO - 2025-05-22 20:52:12 --> Language Class Initialized
INFO - 2025-05-22 20:52:12 --> Language Class Initialized
INFO - 2025-05-22 20:52:12 --> Config Class Initialized
INFO - 2025-05-22 20:52:12 --> Loader Class Initialized
INFO - 2025-05-22 20:52:12 --> Helper loaded: url_helper
INFO - 2025-05-22 20:52:12 --> Helper loaded: easyui_helper
INFO - 2025-05-22 20:52:12 --> Helper loaded: param_helper
INFO - 2025-05-22 20:52:12 --> Helper loaded: credential_helper
INFO - 2025-05-22 20:52:12 --> Helper loaded: template_helper
INFO - 2025-05-22 20:52:12 --> Helper loaded: rest_helper
INFO - 2025-05-22 20:52:12 --> Database Driver Class Initialized
DEBUG - 2025-05-22 20:52:12 --> Idgenerator class already loaded. Second attempt ignored.
INFO - 2025-05-22 20:52:12 --> Controller Class Initialized
INFO - 2025-05-22 20:52:12 --> Model Class Initialized
DEBUG - 2025-05-22 20:52:12 --> File loaded: /apps/web-drc/application/modules/rep_product_knowledge/models/Rep_product_knowledge_model.php
INFO - 2025-05-22 20:52:12 --> Model Class Initialized
INFO - 2025-05-22 20:52:13 --> Final output sent to browser
DEBUG - 2025-05-22 20:52:13 --> Total execution time: 0.5595
INFO - 2025-05-22 20:52:19 --> Config Class Initialized
INFO - 2025-05-22 20:52:19 --> Hooks Class Initialized
DEBUG - 2025-05-22 20:52:19 --> UTF-8 Support Enabled
INFO - 2025-05-22 20:52:19 --> Utf8 Class Initialized
INFO - 2025-05-22 20:52:19 --> URI Class Initialized
INFO - 2025-05-22 20:52:19 --> Router Class Initialized
INFO - 2025-05-22 20:52:19 --> Output Class Initialized
INFO - 2025-05-22 20:52:19 --> Security Class Initialized
DEBUG - 2025-05-22 20:52:19 --> Global POST, GET and COOKIE data sanitized
INFO - 2025-05-22 20:52:19 --> Input Class Initialized
INFO - 2025-05-22 20:52:19 --> Language Class Initialized
INFO - 2025-05-22 20:52:19 --> Language Class Initialized
INFO - 2025-05-22 20:52:19 --> Config Class Initialized
INFO - 2025-05-22 20:52:19 --> Loader Class Initialized
INFO - 2025-05-22 20:52:19 --> Helper loaded: url_helper
INFO - 2025-05-22 20:52:19 --> Helper loaded: easyui_helper
INFO - 2025-05-22 20:52:19 --> Helper loaded: param_helper
INFO - 2025-05-22 20:52:19 --> Helper loaded: credential_helper
INFO - 2025-05-22 20:52:19 --> Helper loaded: template_helper
INFO - 2025-05-22 20:52:19 --> Helper loaded: rest_helper
INFO - 2025-05-22 20:52:19 --> Database Driver Class Initialized
DEBUG - 2025-05-22 20:52:19 --> Idgenerator class already loaded. Second attempt ignored.
INFO - 2025-05-22 20:52:19 --> Controller Class Initialized
INFO - 2025-05-22 20:52:19 --> Model Class Initialized
DEBUG - 2025-05-22 20:52:19 --> File loaded: /apps/web-drc/application/modules/rep_join_visit/models/Rep_join_visit_model.php
INFO - 2025-05-22 20:52:19 --> Model Class Initialized
DEBUG - 2025-05-22 20:52:19 --> File loaded: /apps/web-drc/application/modules/rep_join_visit/views/content.php
DEBUG - 2025-05-22 20:52:19 --> File loaded: /apps/web-drc/application/views/templates/header.php
DEBUG - 2025-05-22 20:52:19 --> File loaded: /apps/web-drc/application/views/templates/toolbar.php
DEBUG - 2025-05-22 20:52:19 --> File loaded: /apps/web-drc/application/views/templates/sidebar.php
DEBUG - 2025-05-22 20:52:19 --> File loaded: /apps/web-drc/application/views/templates/contents.php
DEBUG - 2025-05-22 20:52:19 --> File loaded: /apps/web-drc/application/views/templates/content_footer.php
DEBUG - 2025-05-22 20:52:19 --> File loaded: /apps/web-drc/application/views/templates/footer.php
DEBUG - 2025-05-22 20:52:19 --> File loaded: /apps/web-drc/application/views/templates/default.php
INFO - 2025-05-22 20:52:19 --> Final output sent to browser
DEBUG - 2025-05-22 20:52:19 --> Total execution time: 0.0124
INFO - 2025-05-22 20:52:19 --> Config Class Initialized
INFO - 2025-05-22 20:52:19 --> Hooks Class Initialized
DEBUG - 2025-05-22 20:52:19 --> UTF-8 Support Enabled
INFO - 2025-05-22 20:52:19 --> Utf8 Class Initialized
INFO - 2025-05-22 20:52:19 --> URI Class Initialized
INFO - 2025-05-22 20:52:19 --> Router Class Initialized
INFO - 2025-05-22 20:52:19 --> Output Class Initialized
INFO - 2025-05-22 20:52:19 --> Security Class Initialized
DEBUG - 2025-05-22 20:52:19 --> Global POST, GET and COOKIE data sanitized
INFO - 2025-05-22 20:52:19 --> Input Class Initialized
INFO - 2025-05-22 20:52:19 --> Language Class Initialized
INFO - 2025-05-22 20:52:19 --> Language Class Initialized
INFO - 2025-05-22 20:52:19 --> Config Class Initialized
INFO - 2025-05-22 20:52:19 --> Loader Class Initialized
INFO - 2025-05-22 20:52:19 --> Helper loaded: url_helper
INFO - 2025-05-22 20:52:19 --> Helper loaded: easyui_helper
INFO - 2025-05-22 20:52:19 --> Helper loaded: param_helper
INFO - 2025-05-22 20:52:19 --> Helper loaded: credential_helper
INFO - 2025-05-22 20:52:19 --> Helper loaded: template_helper
INFO - 2025-05-22 20:52:19 --> Helper loaded: rest_helper
INFO - 2025-05-22 20:52:19 --> Database Driver Class Initialized
DEBUG - 2025-05-22 20:52:19 --> Idgenerator class already loaded. Second attempt ignored.
INFO - 2025-05-22 20:52:19 --> Controller Class Initialized
INFO - 2025-05-22 20:52:19 --> Model Class Initialized
DEBUG - 2025-05-22 20:52:19 --> File loaded: /apps/web-drc/application/modules/rep_join_visit/models/Rep_join_visit_model.php
INFO - 2025-05-22 20:52:19 --> Model Class Initialized
INFO - 2025-05-22 20:52:19 --> Final output sent to browser
DEBUG - 2025-05-22 20:52:19 --> Total execution time: 0.0120
INFO - 2025-05-22 20:52:22 --> Config Class Initialized
INFO - 2025-05-22 20:52:22 --> Hooks Class Initialized
DEBUG - 2025-05-22 20:52:22 --> UTF-8 Support Enabled
INFO - 2025-05-22 20:52:22 --> Utf8 Class Initialized
INFO - 2025-05-22 20:52:22 --> URI Class Initialized
INFO - 2025-05-22 20:52:22 --> Router Class Initialized
INFO - 2025-05-22 20:52:22 --> Output Class Initialized
INFO - 2025-05-22 20:52:22 --> Security Class Initialized
DEBUG - 2025-05-22 20:52:22 --> Global POST, GET and COOKIE data sanitized
INFO - 2025-05-22 20:52:22 --> Input Class Initialized
INFO - 2025-05-22 20:52:22 --> Language Class Initialized
INFO - 2025-05-22 20:52:22 --> Language Class Initialized
INFO - 2025-05-22 20:52:22 --> Config Class Initialized
INFO - 2025-05-22 20:52:22 --> Loader Class Initialized
INFO - 2025-05-22 20:52:22 --> Helper loaded: url_helper
INFO - 2025-05-22 20:52:22 --> Helper loaded: easyui_helper
INFO - 2025-05-22 20:52:22 --> Helper loaded: param_helper
INFO - 2025-05-22 20:52:22 --> Helper loaded: credential_helper
INFO - 2025-05-22 20:52:22 --> Helper loaded: template_helper
INFO - 2025-05-22 20:52:22 --> Helper loaded: rest_helper
INFO - 2025-05-22 20:52:22 --> Database Driver Class Initialized
DEBUG - 2025-05-22 20:52:22 --> Idgenerator class already loaded. Second attempt ignored.
INFO - 2025-05-22 20:52:22 --> Controller Class Initialized
INFO - 2025-05-22 20:52:22 --> Model Class Initialized
DEBUG - 2025-05-22 20:52:22 --> File loaded: /apps/web-drc/application/modules/rep_join_visit_outlet/models/Rep_join_visit_outlet_model.php
INFO - 2025-05-22 20:52:22 --> Model Class Initialized
DEBUG - 2025-05-22 20:52:22 --> File loaded: /apps/web-drc/application/modules/rep_join_visit_outlet/views/content.php
DEBUG - 2025-05-22 20:52:22 --> File loaded: /apps/web-drc/application/views/templates/header.php
DEBUG - 2025-05-22 20:52:22 --> File loaded: /apps/web-drc/application/views/templates/toolbar.php
DEBUG - 2025-05-22 20:52:22 --> File loaded: /apps/web-drc/application/views/templates/sidebar.php
DEBUG - 2025-05-22 20:52:22 --> File loaded: /apps/web-drc/application/views/templates/contents.php
DEBUG - 2025-05-22 20:52:22 --> File loaded: /apps/web-drc/application/views/templates/content_footer.php
DEBUG - 2025-05-22 20:52:22 --> File loaded: /apps/web-drc/application/views/templates/footer.php
DEBUG - 2025-05-22 20:52:22 --> File loaded: /apps/web-drc/application/views/templates/default.php
INFO - 2025-05-22 20:52:22 --> Final output sent to browser
DEBUG - 2025-05-22 20:52:22 --> Total execution time: 0.0129
INFO - 2025-05-22 20:52:22 --> Config Class Initialized
INFO - 2025-05-22 20:52:22 --> Hooks Class Initialized
DEBUG - 2025-05-22 20:52:22 --> UTF-8 Support Enabled
INFO - 2025-05-22 20:52:22 --> Utf8 Class Initialized
INFO - 2025-05-22 20:52:22 --> URI Class Initialized
INFO - 2025-05-22 20:52:22 --> Router Class Initialized
INFO - 2025-05-22 20:52:22 --> Output Class Initialized
INFO - 2025-05-22 20:52:22 --> Security Class Initialized
DEBUG - 2025-05-22 20:52:22 --> Global POST, GET and COOKIE data sanitized
INFO - 2025-05-22 20:52:22 --> Input Class Initialized
INFO - 2025-05-22 20:52:22 --> Language Class Initialized
INFO - 2025-05-22 20:52:22 --> Language Class Initialized
INFO - 2025-05-22 20:52:22 --> Config Class Initialized
INFO - 2025-05-22 20:52:22 --> Loader Class Initialized
INFO - 2025-05-22 20:52:22 --> Helper loaded: url_helper
INFO - 2025-05-22 20:52:22 --> Helper loaded: easyui_helper
INFO - 2025-05-22 20:52:22 --> Helper loaded: param_helper
INFO - 2025-05-22 20:52:22 --> Helper loaded: credential_helper
INFO - 2025-05-22 20:52:22 --> Helper loaded: template_helper
INFO - 2025-05-22 20:52:22 --> Helper loaded: rest_helper
INFO - 2025-05-22 20:52:22 --> Database Driver Class Initialized
DEBUG - 2025-05-22 20:52:22 --> Idgenerator class already loaded. Second attempt ignored.
INFO - 2025-05-22 20:52:22 --> Controller Class Initialized
INFO - 2025-05-22 20:52:22 --> Model Class Initialized
DEBUG - 2025-05-22 20:52:22 --> File loaded: /apps/web-drc/application/modules/rep_join_visit_outlet/models/Rep_join_visit_outlet_model.php
INFO - 2025-05-22 20:52:22 --> Model Class Initialized
INFO - 2025-05-22 20:52:22 --> Final output sent to browser
DEBUG - 2025-05-22 20:52:22 --> Total execution time: 0.0083
INFO - 2025-05-22 20:52:22 --> Config Class Initialized
INFO - 2025-05-22 20:52:22 --> Hooks Class Initialized
DEBUG - 2025-05-22 20:52:22 --> UTF-8 Support Enabled
INFO - 2025-05-22 20:52:22 --> Utf8 Class Initialized
INFO - 2025-05-22 20:52:22 --> URI Class Initialized
INFO - 2025-05-22 20:52:22 --> Router Class Initialized
INFO - 2025-05-22 20:52:22 --> Output Class Initialized
INFO - 2025-05-22 20:52:22 --> Security Class Initialized
DEBUG - 2025-05-22 20:52:22 --> Global POST, GET and COOKIE data sanitized
INFO - 2025-05-22 20:52:22 --> Input Class Initialized
INFO - 2025-05-22 20:52:22 --> Language Class Initialized
INFO - 2025-05-22 20:52:22 --> Language Class Initialized
INFO - 2025-05-22 20:52:22 --> Config Class Initialized
INFO - 2025-05-22 20:52:22 --> Loader Class Initialized
INFO - 2025-05-22 20:52:22 --> Helper loaded: url_helper
INFO - 2025-05-22 20:52:22 --> Helper loaded: easyui_helper
INFO - 2025-05-22 20:52:22 --> Helper loaded: param_helper
INFO - 2025-05-22 20:52:22 --> Helper loaded: credential_helper
INFO - 2025-05-22 20:52:22 --> Helper loaded: template_helper
INFO - 2025-05-22 20:52:22 --> Helper loaded: rest_helper
INFO - 2025-05-22 20:52:22 --> Database Driver Class Initialized
DEBUG - 2025-05-22 20:52:22 --> Idgenerator class already loaded. Second attempt ignored.
INFO - 2025-05-22 20:52:22 --> Controller Class Initialized
INFO - 2025-05-22 20:52:22 --> Model Class Initialized
DEBUG - 2025-05-22 20:52:22 --> File loaded: /apps/web-drc/application/modules/rep_join_visit_outlet/models/Rep_join_visit_outlet_model.php
INFO - 2025-05-22 20:52:22 --> Model Class Initialized
INFO - 2025-05-22 20:52:22 --> Final output sent to browser
DEBUG - 2025-05-22 20:52:22 --> Total execution time: 0.0063
INFO - 2025-05-22 20:53:27 --> Config Class Initialized
INFO - 2025-05-22 20:53:27 --> Hooks Class Initialized
DEBUG - 2025-05-22 20:53:27 --> UTF-8 Support Enabled
INFO - 2025-05-22 20:53:27 --> Utf8 Class Initialized
INFO - 2025-05-22 20:53:27 --> URI Class Initialized
INFO - 2025-05-22 20:53:27 --> Router Class Initialized
INFO - 2025-05-22 20:53:27 --> Output Class Initialized
INFO - 2025-05-22 20:53:27 --> Security Class Initialized
DEBUG - 2025-05-22 20:53:27 --> Global POST, GET and COOKIE data sanitized
INFO - 2025-05-22 20:53:27 --> Input Class Initialized
INFO - 2025-05-22 20:53:27 --> Language Class Initialized
INFO - 2025-05-22 20:53:27 --> Language Class Initialized
INFO - 2025-05-22 20:53:27 --> Config Class Initialized
INFO - 2025-05-22 20:53:27 --> Loader Class Initialized
INFO - 2025-05-22 20:53:27 --> Helper loaded: url_helper
INFO - 2025-05-22 20:53:27 --> Helper loaded: easyui_helper
INFO - 2025-05-22 20:53:27 --> Helper loaded: param_helper
INFO - 2025-05-22 20:53:27 --> Helper loaded: credential_helper
INFO - 2025-05-22 20:53:27 --> Helper loaded: template_helper
INFO - 2025-05-22 20:53:27 --> Helper loaded: rest_helper
INFO - 2025-05-22 20:53:27 --> Database Driver Class Initialized
DEBUG - 2025-05-22 20:53:27 --> Idgenerator class already loaded. Second attempt ignored.
INFO - 2025-05-22 20:53:27 --> Controller Class Initialized
INFO - 2025-05-22 20:53:27 --> Model Class Initialized
DEBUG - 2025-05-22 20:53:27 --> File loaded: /apps/web-drc/application/modules/rep_crc/models/Rep_crc_model.php
INFO - 2025-05-22 20:53:27 --> Model Class Initialized
DEBUG - 2025-05-22 20:53:27 --> File loaded: /apps/web-drc/application/modules/rep_crc/views/form.php
DEBUG - 2025-05-22 20:53:27 --> File loaded: /apps/web-drc/application/views/templates/header.php
DEBUG - 2025-05-22 20:53:27 --> File loaded: /apps/web-drc/application/views/templates/toolbar.php
DEBUG - 2025-05-22 20:53:27 --> File loaded: /apps/web-drc/application/views/templates/sidebar.php
DEBUG - 2025-05-22 20:53:27 --> File loaded: /apps/web-drc/application/views/templates/contents.php
DEBUG - 2025-05-22 20:53:27 --> File loaded: /apps/web-drc/application/views/templates/content_footer.php
DEBUG - 2025-05-22 20:53:27 --> File loaded: /apps/web-drc/application/views/templates/footer.php
DEBUG - 2025-05-22 20:53:27 --> File loaded: /apps/web-drc/application/views/templates/default.php
INFO - 2025-05-22 20:53:27 --> Final output sent to browser
DEBUG - 2025-05-22 20:53:27 --> Total execution time: 0.0099
INFO - 2025-05-22 20:53:27 --> Config Class Initialized
INFO - 2025-05-22 20:53:27 --> Hooks Class Initialized
DEBUG - 2025-05-22 20:53:27 --> UTF-8 Support Enabled
INFO - 2025-05-22 20:53:27 --> Utf8 Class Initialized
INFO - 2025-05-22 20:53:27 --> URI Class Initialized
INFO - 2025-05-22 20:53:27 --> Router Class Initialized
INFO - 2025-05-22 20:53:27 --> Output Class Initialized
INFO - 2025-05-22 20:53:27 --> Security Class Initialized
DEBUG - 2025-05-22 20:53:27 --> Global POST, GET and COOKIE data sanitized
INFO - 2025-05-22 20:53:27 --> Input Class Initialized
INFO - 2025-05-22 20:53:27 --> Language Class Initialized
INFO - 2025-05-22 20:53:27 --> Language Class Initialized
INFO - 2025-05-22 20:53:27 --> Config Class Initialized
INFO - 2025-05-22 20:53:27 --> Loader Class Initialized
INFO - 2025-05-22 20:53:27 --> Helper loaded: url_helper
INFO - 2025-05-22 20:53:27 --> Helper loaded: easyui_helper
INFO - 2025-05-22 20:53:27 --> Helper loaded: param_helper
INFO - 2025-05-22 20:53:27 --> Helper loaded: credential_helper
INFO - 2025-05-22 20:53:27 --> Helper loaded: template_helper
INFO - 2025-05-22 20:53:27 --> Helper loaded: rest_helper
INFO - 2025-05-22 20:53:27 --> Database Driver Class Initialized
DEBUG - 2025-05-22 20:53:27 --> Idgenerator class already loaded. Second attempt ignored.
INFO - 2025-05-22 20:53:27 --> Controller Class Initialized
INFO - 2025-05-22 20:53:27 --> Model Class Initialized
DEBUG - 2025-05-22 20:53:27 --> File loaded: /apps/web-drc/application/modules/rep_crc/models/Rep_crc_model.php
INFO - 2025-05-22 20:53:27 --> Model Class Initialized
INFO - 2025-05-22 20:53:27 --> Final output sent to browser
DEBUG - 2025-05-22 20:53:27 --> Total execution time: 0.0035
INFO - 2025-05-22 20:53:37 --> Config Class Initialized
INFO - 2025-05-22 20:53:37 --> Hooks Class Initialized
DEBUG - 2025-05-22 20:53:37 --> UTF-8 Support Enabled
INFO - 2025-05-22 20:53:37 --> Utf8 Class Initialized
INFO - 2025-05-22 20:53:37 --> URI Class Initialized
INFO - 2025-05-22 20:53:37 --> Router Class Initialized
INFO - 2025-05-22 20:53:37 --> Output Class Initialized
INFO - 2025-05-22 20:53:37 --> Security Class Initialized
DEBUG - 2025-05-22 20:53:37 --> Global POST, GET and COOKIE data sanitized
INFO - 2025-05-22 20:53:37 --> Input Class Initialized
INFO - 2025-05-22 20:53:37 --> Language Class Initialized
INFO - 2025-05-22 20:53:37 --> Language Class Initialized
INFO - 2025-05-22 20:53:37 --> Config Class Initialized
INFO - 2025-05-22 20:53:37 --> Loader Class Initialized
INFO - 2025-05-22 20:53:37 --> Helper loaded: url_helper
INFO - 2025-05-22 20:53:37 --> Helper loaded: easyui_helper
INFO - 2025-05-22 20:53:37 --> Helper loaded: param_helper
INFO - 2025-05-22 20:53:37 --> Helper loaded: credential_helper
INFO - 2025-05-22 20:53:37 --> Helper loaded: template_helper
INFO - 2025-05-22 20:53:37 --> Helper loaded: rest_helper
INFO - 2025-05-22 20:53:37 --> Database Driver Class Initialized
DEBUG - 2025-05-22 20:53:37 --> Idgenerator class already loaded. Second attempt ignored.
INFO - 2025-05-22 20:53:37 --> Controller Class Initialized
INFO - 2025-05-22 20:53:37 --> Model Class Initialized
DEBUG - 2025-05-22 20:53:37 --> File loaded: /apps/web-drc/application/modules/rep_competitor/models/Rep_competitor_model.php
INFO - 2025-05-22 20:53:37 --> Model Class Initialized
DEBUG - 2025-05-22 20:53:37 --> File loaded: /apps/web-drc/application/modules/rep_competitor/views/form.php
DEBUG - 2025-05-22 20:53:37 --> File loaded: /apps/web-drc/application/views/templates/header.php
DEBUG - 2025-05-22 20:53:37 --> File loaded: /apps/web-drc/application/views/templates/toolbar.php
DEBUG - 2025-05-22 20:53:37 --> File loaded: /apps/web-drc/application/views/templates/sidebar.php
DEBUG - 2025-05-22 20:53:37 --> File loaded: /apps/web-drc/application/views/templates/contents.php
DEBUG - 2025-05-22 20:53:37 --> File loaded: /apps/web-drc/application/views/templates/content_footer.php
DEBUG - 2025-05-22 20:53:37 --> File loaded: /apps/web-drc/application/views/templates/footer.php
DEBUG - 2025-05-22 20:53:37 --> File loaded: /apps/web-drc/application/views/templates/default.php
INFO - 2025-05-22 20:53:37 --> Final output sent to browser
DEBUG - 2025-05-22 20:53:37 --> Total execution time: 0.0144
INFO - 2025-05-22 20:53:42 --> Config Class Initialized
INFO - 2025-05-22 20:53:42 --> Hooks Class Initialized
DEBUG - 2025-05-22 20:53:42 --> UTF-8 Support Enabled
INFO - 2025-05-22 20:53:42 --> Utf8 Class Initialized
INFO - 2025-05-22 20:53:42 --> URI Class Initialized
INFO - 2025-05-22 20:53:42 --> Router Class Initialized
INFO - 2025-05-22 20:53:42 --> Output Class Initialized
INFO - 2025-05-22 20:53:42 --> Security Class Initialized
DEBUG - 2025-05-22 20:53:42 --> Global POST, GET and COOKIE data sanitized
INFO - 2025-05-22 20:53:42 --> Input Class Initialized
INFO - 2025-05-22 20:53:42 --> Language Class Initialized
INFO - 2025-05-22 20:53:42 --> Language Class Initialized
INFO - 2025-05-22 20:53:42 --> Config Class Initialized
INFO - 2025-05-22 20:53:42 --> Loader Class Initialized
INFO - 2025-05-22 20:53:42 --> Helper loaded: url_helper
INFO - 2025-05-22 20:53:42 --> Helper loaded: easyui_helper
INFO - 2025-05-22 20:53:42 --> Helper loaded: param_helper
INFO - 2025-05-22 20:53:42 --> Helper loaded: credential_helper
INFO - 2025-05-22 20:53:42 --> Helper loaded: template_helper
INFO - 2025-05-22 20:53:42 --> Helper loaded: rest_helper
INFO - 2025-05-22 20:53:42 --> Database Driver Class Initialized
DEBUG - 2025-05-22 20:53:42 --> Idgenerator class already loaded. Second attempt ignored.
INFO - 2025-05-22 20:53:42 --> Controller Class Initialized
INFO - 2025-05-22 20:53:42 --> Model Class Initialized
DEBUG - 2025-05-22 20:53:42 --> File loaded: /apps/web-drc/application/modules/drc_dashboard/models/Drc_dashboard_model.php
INFO - 2025-05-22 20:53:42 --> Model Class Initialized
DEBUG - 2025-05-22 20:53:42 --> File loaded: /apps/web-drc/application/modules/drc_dashboard/views/form.php
DEBUG - 2025-05-22 20:53:42 --> File loaded: /apps/web-drc/application/views/templates/header.php
DEBUG - 2025-05-22 20:53:42 --> File loaded: /apps/web-drc/application/views/templates/toolbar.php
DEBUG - 2025-05-22 20:53:42 --> File loaded: /apps/web-drc/application/views/templates/sidebar.php
DEBUG - 2025-05-22 20:53:42 --> File loaded: /apps/web-drc/application/views/templates/contents.php
DEBUG - 2025-05-22 20:53:42 --> File loaded: /apps/web-drc/application/views/templates/content_footer.php
DEBUG - 2025-05-22 20:53:42 --> File loaded: /apps/web-drc/application/views/templates/footer.php
DEBUG - 2025-05-22 20:53:42 --> File loaded: /apps/web-drc/application/views/templates/default.php
INFO - 2025-05-22 20:53:42 --> Final output sent to browser
DEBUG - 2025-05-22 20:53:42 --> Total execution time: 0.0557
INFO - 2025-05-22 20:53:44 --> Config Class Initialized
INFO - 2025-05-22 20:53:44 --> Hooks Class Initialized
DEBUG - 2025-05-22 20:53:44 --> UTF-8 Support Enabled
INFO - 2025-05-22 20:53:44 --> Utf8 Class Initialized
INFO - 2025-05-22 20:53:44 --> URI Class Initialized
INFO - 2025-05-22 20:53:44 --> Router Class Initialized
INFO - 2025-05-22 20:53:44 --> Output Class Initialized
INFO - 2025-05-22 20:53:44 --> Security Class Initialized
DEBUG - 2025-05-22 20:53:44 --> Global POST, GET and COOKIE data sanitized
INFO - 2025-05-22 20:53:44 --> Input Class Initialized
INFO - 2025-05-22 20:53:44 --> Language Class Initialized
INFO - 2025-05-22 20:53:44 --> Language Class Initialized
INFO - 2025-05-22 20:53:44 --> Config Class Initialized
INFO - 2025-05-22 20:53:44 --> Loader Class Initialized
INFO - 2025-05-22 20:53:44 --> Helper loaded: url_helper
INFO - 2025-05-22 20:53:44 --> Helper loaded: easyui_helper
INFO - 2025-05-22 20:53:44 --> Helper loaded: param_helper
INFO - 2025-05-22 20:53:44 --> Helper loaded: credential_helper
INFO - 2025-05-22 20:53:44 --> Helper loaded: template_helper
INFO - 2025-05-22 20:53:44 --> Helper loaded: rest_helper
INFO - 2025-05-22 20:53:44 --> Database Driver Class Initialized
DEBUG - 2025-05-22 20:53:44 --> Idgenerator class already loaded. Second attempt ignored.
INFO - 2025-05-22 20:53:44 --> Controller Class Initialized
INFO - 2025-05-22 20:53:44 --> Model Class Initialized
DEBUG - 2025-05-22 20:53:44 --> File loaded: /apps/web-drc/application/modules/api_v1/models/Api_v1_model.php
INFO - 2025-05-22 20:53:44 --> Model Class Initialized
INFO - 2025-05-22 20:53:44 --> Final output sent to browser
DEBUG - 2025-05-22 20:53:44 --> Total execution time: 0.0039
INFO - 2025-05-22 20:53:44 --> Config Class Initialized
INFO - 2025-05-22 20:53:44 --> Hooks Class Initialized
DEBUG - 2025-05-22 20:53:44 --> UTF-8 Support Enabled
INFO - 2025-05-22 20:53:44 --> Utf8 Class Initialized
INFO - 2025-05-22 20:53:44 --> URI Class Initialized
INFO - 2025-05-22 20:53:44 --> Router Class Initialized
INFO - 2025-05-22 20:53:44 --> Output Class Initialized
INFO - 2025-05-22 20:53:44 --> Security Class Initialized
DEBUG - 2025-05-22 20:53:44 --> Global POST, GET and COOKIE data sanitized
INFO - 2025-05-22 20:53:44 --> Input Class Initialized
INFO - 2025-05-22 20:53:44 --> Language Class Initialized
INFO - 2025-05-22 20:53:44 --> Language Class Initialized
INFO - 2025-05-22 20:53:44 --> Config Class Initialized
INFO - 2025-05-22 20:53:44 --> Loader Class Initialized
INFO - 2025-05-22 20:53:44 --> Helper loaded: url_helper
INFO - 2025-05-22 20:53:44 --> Helper loaded: easyui_helper
INFO - 2025-05-22 20:53:44 --> Helper loaded: param_helper
INFO - 2025-05-22 20:53:44 --> Helper loaded: credential_helper
INFO - 2025-05-22 20:53:44 --> Helper loaded: template_helper
INFO - 2025-05-22 20:53:44 --> Helper loaded: rest_helper
INFO - 2025-05-22 20:53:44 --> Database Driver Class Initialized
DEBUG - 2025-05-22 20:53:44 --> Idgenerator class already loaded. Second attempt ignored.
INFO - 2025-05-22 20:53:44 --> Controller Class Initialized
INFO - 2025-05-22 20:53:44 --> Model Class Initialized
DEBUG - 2025-05-22 20:53:44 --> File loaded: /apps/web-drc/application/modules/ref_customer_class/models/Customer_class_model.php
INFO - 2025-05-22 20:53:44 --> Model Class Initialized
INFO - 2025-05-22 20:53:44 --> Final output sent to browser
DEBUG - 2025-05-22 20:53:44 --> Total execution time: 0.0052
INFO - 2025-05-22 20:53:49 --> Config Class Initialized
INFO - 2025-05-22 20:53:49 --> Hooks Class Initialized
DEBUG - 2025-05-22 20:53:49 --> UTF-8 Support Enabled
INFO - 2025-05-22 20:53:49 --> Utf8 Class Initialized
INFO - 2025-05-22 20:53:49 --> URI Class Initialized
INFO - 2025-05-22 20:53:49 --> Router Class Initialized
INFO - 2025-05-22 20:53:49 --> Output Class Initialized
INFO - 2025-05-22 20:53:49 --> Security Class Initialized
DEBUG - 2025-05-22 20:53:49 --> Global POST, GET and COOKIE data sanitized
INFO - 2025-05-22 20:53:49 --> Input Class Initialized
INFO - 2025-05-22 20:53:49 --> Language Class Initialized
INFO - 2025-05-22 20:53:49 --> Language Class Initialized
INFO - 2025-05-22 20:53:49 --> Config Class Initialized
INFO - 2025-05-22 20:53:49 --> Loader Class Initialized
INFO - 2025-05-22 20:53:49 --> Helper loaded: url_helper
INFO - 2025-05-22 20:53:49 --> Helper loaded: easyui_helper
INFO - 2025-05-22 20:53:49 --> Helper loaded: param_helper
INFO - 2025-05-22 20:53:49 --> Helper loaded: credential_helper
INFO - 2025-05-22 20:53:49 --> Helper loaded: template_helper
INFO - 2025-05-22 20:53:49 --> Helper loaded: rest_helper
INFO - 2025-05-22 20:53:49 --> Database Driver Class Initialized
DEBUG - 2025-05-22 20:53:49 --> Idgenerator class already loaded. Second attempt ignored.
INFO - 2025-05-22 20:53:49 --> Controller Class Initialized
INFO - 2025-05-22 20:53:49 --> Model Class Initialized
DEBUG - 2025-05-22 20:53:49 --> File loaded: /apps/web-drc/application/modules/api_v1/models/Api_v1_model.php
INFO - 2025-05-22 20:53:49 --> Model Class Initialized
INFO - 2025-05-22 20:53:49 --> Final output sent to browser
DEBUG - 2025-05-22 20:53:49 --> Total execution time: 0.0041
INFO - 2025-05-22 20:53:54 --> Config Class Initialized
INFO - 2025-05-22 20:53:54 --> Hooks Class Initialized
DEBUG - 2025-05-22 20:53:54 --> UTF-8 Support Enabled
INFO - 2025-05-22 20:53:54 --> Utf8 Class Initialized
INFO - 2025-05-22 20:53:54 --> URI Class Initialized
INFO - 2025-05-22 20:53:54 --> Router Class Initialized
INFO - 2025-05-22 20:53:54 --> Output Class Initialized
INFO - 2025-05-22 20:53:54 --> Security Class Initialized
DEBUG - 2025-05-22 20:53:54 --> Global POST, GET and COOKIE data sanitized
INFO - 2025-05-22 20:53:54 --> Input Class Initialized
INFO - 2025-05-22 20:53:54 --> Language Class Initialized
INFO - 2025-05-22 20:53:54 --> Language Class Initialized
INFO - 2025-05-22 20:53:54 --> Config Class Initialized
INFO - 2025-05-22 20:53:54 --> Loader Class Initialized
INFO - 2025-05-22 20:53:54 --> Helper loaded: url_helper
INFO - 2025-05-22 20:53:54 --> Helper loaded: easyui_helper
INFO - 2025-05-22 20:53:54 --> Helper loaded: param_helper
INFO - 2025-05-22 20:53:54 --> Helper loaded: credential_helper
INFO - 2025-05-22 20:53:54 --> Helper loaded: template_helper
INFO - 2025-05-22 20:53:54 --> Helper loaded: rest_helper
INFO - 2025-05-22 20:53:54 --> Database Driver Class Initialized
DEBUG - 2025-05-22 20:53:54 --> Idgenerator class already loaded. Second attempt ignored.
INFO - 2025-05-22 20:53:54 --> Controller Class Initialized
INFO - 2025-05-22 20:53:54 --> Model Class Initialized
DEBUG - 2025-05-22 20:53:54 --> File loaded: /apps/web-drc/application/modules/ref_customer_class/models/Customer_class_model.php
INFO - 2025-05-22 20:53:54 --> Model Class Initialized
INFO - 2025-05-22 20:53:54 --> Final output sent to browser
DEBUG - 2025-05-22 20:53:54 --> Total execution time: 0.0045
INFO - 2025-05-22 20:54:00 --> Config Class Initialized
INFO - 2025-05-22 20:54:00 --> Hooks Class Initialized
DEBUG - 2025-05-22 20:54:00 --> UTF-8 Support Enabled
INFO - 2025-05-22 20:54:00 --> Utf8 Class Initialized
INFO - 2025-05-22 20:54:00 --> URI Class Initialized
INFO - 2025-05-22 20:54:00 --> Router Class Initialized
INFO - 2025-05-22 20:54:00 --> Output Class Initialized
INFO - 2025-05-22 20:54:00 --> Security Class Initialized
DEBUG - 2025-05-22 20:54:00 --> Global POST, GET and COOKIE data sanitized
INFO - 2025-05-22 20:54:00 --> Input Class Initialized
INFO - 2025-05-22 20:54:00 --> Language Class Initialized
INFO - 2025-05-22 20:54:00 --> Language Class Initialized
INFO - 2025-05-22 20:54:00 --> Config Class Initialized
INFO - 2025-05-22 20:54:00 --> Loader Class Initialized
INFO - 2025-05-22 20:54:00 --> Helper loaded: url_helper
INFO - 2025-05-22 20:54:00 --> Helper loaded: easyui_helper
INFO - 2025-05-22 20:54:00 --> Helper loaded: param_helper
INFO - 2025-05-22 20:54:00 --> Helper loaded: credential_helper
INFO - 2025-05-22 20:54:00 --> Helper loaded: template_helper
INFO - 2025-05-22 20:54:00 --> Helper loaded: rest_helper
INFO - 2025-05-22 20:54:00 --> Database Driver Class Initialized
DEBUG - 2025-05-22 20:54:00 --> Idgenerator class already loaded. Second attempt ignored.
INFO - 2025-05-22 20:54:00 --> Controller Class Initialized
INFO - 2025-05-22 20:54:00 --> Model Class Initialized
DEBUG - 2025-05-22 20:54:00 --> File loaded: /apps/web-drc/application/modules/ref_customer_class/models/Customer_class_model.php
INFO - 2025-05-22 20:54:00 --> Model Class Initialized
INFO - 2025-05-22 20:54:00 --> Final output sent to browser
DEBUG - 2025-05-22 20:54:00 --> Total execution time: 0.0042
INFO - 2025-05-22 20:54:00 --> Config Class Initialized
INFO - 2025-05-22 20:54:00 --> Hooks Class Initialized
DEBUG - 2025-05-22 20:54:00 --> UTF-8 Support Enabled
INFO - 2025-05-22 20:54:00 --> Utf8 Class Initialized
INFO - 2025-05-22 20:54:00 --> URI Class Initialized
INFO - 2025-05-22 20:54:00 --> Router Class Initialized
INFO - 2025-05-22 20:54:00 --> Output Class Initialized
INFO - 2025-05-22 20:54:00 --> Security Class Initialized
DEBUG - 2025-05-22 20:54:00 --> Global POST, GET and COOKIE data sanitized
INFO - 2025-05-22 20:54:00 --> Input Class Initialized
INFO - 2025-05-22 20:54:00 --> Language Class Initialized
INFO - 2025-05-22 20:54:00 --> Language Class Initialized
INFO - 2025-05-22 20:54:00 --> Config Class Initialized
INFO - 2025-05-22 20:54:00 --> Loader Class Initialized
INFO - 2025-05-22 20:54:00 --> Helper loaded: url_helper
INFO - 2025-05-22 20:54:00 --> Helper loaded: easyui_helper
INFO - 2025-05-22 20:54:00 --> Helper loaded: param_helper
INFO - 2025-05-22 20:54:00 --> Helper loaded: credential_helper
INFO - 2025-05-22 20:54:00 --> Helper loaded: template_helper
INFO - 2025-05-22 20:54:00 --> Helper loaded: rest_helper
INFO - 2025-05-22 20:54:00 --> Database Driver Class Initialized
DEBUG - 2025-05-22 20:54:00 --> Idgenerator class already loaded. Second attempt ignored.
INFO - 2025-05-22 20:54:00 --> Controller Class Initialized
INFO - 2025-05-22 20:54:00 --> Model Class Initialized
DEBUG - 2025-05-22 20:54:00 --> File loaded: /apps/web-drc/application/modules/api_v1/models/Api_v1_model.php
INFO - 2025-05-22 20:54:00 --> Model Class Initialized
INFO - 2025-05-22 20:54:00 --> Final output sent to browser
DEBUG - 2025-05-22 20:54:00 --> Total execution time: 0.0032
INFO - 2025-05-22 20:54:04 --> Config Class Initialized
INFO - 2025-05-22 20:54:04 --> Hooks Class Initialized
DEBUG - 2025-05-22 20:54:04 --> UTF-8 Support Enabled
INFO - 2025-05-22 20:54:04 --> Utf8 Class Initialized
INFO - 2025-05-22 20:54:04 --> URI Class Initialized
INFO - 2025-05-22 20:54:04 --> Router Class Initialized
INFO - 2025-05-22 20:54:04 --> Output Class Initialized
INFO - 2025-05-22 20:54:04 --> Security Class Initialized
DEBUG - 2025-05-22 20:54:04 --> Global POST, GET and COOKIE data sanitized
INFO - 2025-05-22 20:54:04 --> Input Class Initialized
INFO - 2025-05-22 20:54:04 --> Language Class Initialized
INFO - 2025-05-22 20:54:04 --> Language Class Initialized
INFO - 2025-05-22 20:54:04 --> Config Class Initialized
INFO - 2025-05-22 20:54:04 --> Loader Class Initialized
INFO - 2025-05-22 20:54:04 --> Helper loaded: url_helper
INFO - 2025-05-22 20:54:04 --> Helper loaded: easyui_helper
INFO - 2025-05-22 20:54:04 --> Helper loaded: param_helper
INFO - 2025-05-22 20:54:04 --> Helper loaded: credential_helper
INFO - 2025-05-22 20:54:04 --> Helper loaded: template_helper
INFO - 2025-05-22 20:54:04 --> Helper loaded: rest_helper
INFO - 2025-05-22 20:54:04 --> Database Driver Class Initialized
DEBUG - 2025-05-22 20:54:04 --> Idgenerator class already loaded. Second attempt ignored.
INFO - 2025-05-22 20:54:04 --> Controller Class Initialized
INFO - 2025-05-22 20:54:04 --> Model Class Initialized
DEBUG - 2025-05-22 20:54:04 --> File loaded: /apps/web-drc/application/modules/ref_customer_class/models/Customer_class_model.php
INFO - 2025-05-22 20:54:04 --> Model Class Initialized
INFO - 2025-05-22 20:54:04 --> Final output sent to browser
DEBUG - 2025-05-22 20:54:04 --> Total execution time: 0.0045
INFO - 2025-05-22 20:54:05 --> Config Class Initialized
INFO - 2025-05-22 20:54:05 --> Hooks Class Initialized
DEBUG - 2025-05-22 20:54:05 --> UTF-8 Support Enabled
INFO - 2025-05-22 20:54:05 --> Utf8 Class Initialized
INFO - 2025-05-22 20:54:05 --> URI Class Initialized
INFO - 2025-05-22 20:54:05 --> Router Class Initialized
INFO - 2025-05-22 20:54:05 --> Output Class Initialized
INFO - 2025-05-22 20:54:05 --> Security Class Initialized
DEBUG - 2025-05-22 20:54:05 --> Global POST, GET and COOKIE data sanitized
INFO - 2025-05-22 20:54:05 --> Input Class Initialized
INFO - 2025-05-22 20:54:05 --> Language Class Initialized
INFO - 2025-05-22 20:54:05 --> Language Class Initialized
INFO - 2025-05-22 20:54:05 --> Config Class Initialized
INFO - 2025-05-22 20:54:05 --> Loader Class Initialized
INFO - 2025-05-22 20:54:05 --> Helper loaded: url_helper
INFO - 2025-05-22 20:54:05 --> Helper loaded: easyui_helper
INFO - 2025-05-22 20:54:05 --> Helper loaded: param_helper
INFO - 2025-05-22 20:54:05 --> Helper loaded: credential_helper
INFO - 2025-05-22 20:54:05 --> Helper loaded: template_helper
INFO - 2025-05-22 20:54:05 --> Helper loaded: rest_helper
INFO - 2025-05-22 20:54:05 --> Database Driver Class Initialized
DEBUG - 2025-05-22 20:54:05 --> Idgenerator class already loaded. Second attempt ignored.
INFO - 2025-05-22 20:54:05 --> Controller Class Initialized
INFO - 2025-05-22 20:54:05 --> Model Class Initialized
DEBUG - 2025-05-22 20:54:05 --> File loaded: /apps/web-drc/application/modules/api_v1/models/Api_v1_model.php
INFO - 2025-05-22 20:54:05 --> Model Class Initialized
INFO - 2025-05-22 20:54:05 --> Final output sent to browser
DEBUG - 2025-05-22 20:54:05 --> Total execution time: 0.0042
INFO - 2025-05-22 20:54:25 --> Config Class Initialized
INFO - 2025-05-22 20:54:25 --> Hooks Class Initialized
DEBUG - 2025-05-22 20:54:25 --> UTF-8 Support Enabled
INFO - 2025-05-22 20:54:25 --> Utf8 Class Initialized
INFO - 2025-05-22 20:54:25 --> URI Class Initialized
INFO - 2025-05-22 20:54:25 --> Router Class Initialized
INFO - 2025-05-22 20:54:25 --> Output Class Initialized
INFO - 2025-05-22 20:54:25 --> Security Class Initialized
DEBUG - 2025-05-22 20:54:25 --> Global POST, GET and COOKIE data sanitized
INFO - 2025-05-22 20:54:25 --> Input Class Initialized
INFO - 2025-05-22 20:54:25 --> Language Class Initialized
INFO - 2025-05-22 20:54:25 --> Language Class Initialized
INFO - 2025-05-22 20:54:25 --> Config Class Initialized
INFO - 2025-05-22 20:54:25 --> Loader Class Initialized
INFO - 2025-05-22 20:54:25 --> Helper loaded: url_helper
INFO - 2025-05-22 20:54:25 --> Helper loaded: easyui_helper
INFO - 2025-05-22 20:54:25 --> Helper loaded: param_helper
INFO - 2025-05-22 20:54:25 --> Helper loaded: credential_helper
INFO - 2025-05-22 20:54:25 --> Helper loaded: template_helper
INFO - 2025-05-22 20:54:25 --> Helper loaded: rest_helper
INFO - 2025-05-22 20:54:25 --> Database Driver Class Initialized
DEBUG - 2025-05-22 20:54:25 --> Idgenerator class already loaded. Second attempt ignored.
INFO - 2025-05-22 20:54:25 --> Controller Class Initialized
INFO - 2025-05-22 20:54:25 --> Model Class Initialized
DEBUG - 2025-05-22 20:54:25 --> File loaded: /apps/web-drc/application/modules/api_v1/models/Api_v1_model.php
INFO - 2025-05-22 20:54:25 --> Model Class Initialized
INFO - 2025-05-22 20:54:25 --> Final output sent to browser
DEBUG - 2025-05-22 20:54:25 --> Total execution time: 0.0043
INFO - 2025-05-22 20:55:45 --> Config Class Initialized
INFO - 2025-05-22 20:55:45 --> Hooks Class Initialized
DEBUG - 2025-05-22 20:55:45 --> UTF-8 Support Enabled
INFO - 2025-05-22 20:55:45 --> Utf8 Class Initialized
INFO - 2025-05-22 20:55:45 --> URI Class Initialized
INFO - 2025-05-22 20:55:45 --> Router Class Initialized
INFO - 2025-05-22 20:55:45 --> Output Class Initialized
INFO - 2025-05-22 20:55:45 --> Security Class Initialized
DEBUG - 2025-05-22 20:55:45 --> Global POST, GET and COOKIE data sanitized
INFO - 2025-05-22 20:55:45 --> Input Class Initialized
INFO - 2025-05-22 20:55:45 --> Language Class Initialized
INFO - 2025-05-22 20:55:45 --> Language Class Initialized
INFO - 2025-05-22 20:55:45 --> Config Class Initialized
INFO - 2025-05-22 20:55:45 --> Loader Class Initialized
INFO - 2025-05-22 20:55:45 --> Helper loaded: url_helper
INFO - 2025-05-22 20:55:45 --> Helper loaded: easyui_helper
INFO - 2025-05-22 20:55:45 --> Helper loaded: param_helper
INFO - 2025-05-22 20:55:45 --> Helper loaded: credential_helper
INFO - 2025-05-22 20:55:45 --> Helper loaded: template_helper
INFO - 2025-05-22 20:55:45 --> Helper loaded: rest_helper
INFO - 2025-05-22 20:55:45 --> Database Driver Class Initialized
DEBUG - 2025-05-22 20:55:45 --> Idgenerator class already loaded. Second attempt ignored.
INFO - 2025-05-22 20:55:45 --> Controller Class Initialized
INFO - 2025-05-22 20:55:45 --> Model Class Initialized
DEBUG - 2025-05-22 20:55:45 --> File loaded: /apps/web-drc/application/modules/rep_top_rating/models/Rep_top_rating_model.php
INFO - 2025-05-22 20:55:45 --> Model Class Initialized
DEBUG - 2025-05-22 20:55:45 --> File loaded: /apps/web-drc/application/modules/rep_top_rating/views/form.php
DEBUG - 2025-05-22 20:55:45 --> File loaded: /apps/web-drc/application/views/templates/header.php
DEBUG - 2025-05-22 20:55:45 --> File loaded: /apps/web-drc/application/views/templates/toolbar.php
DEBUG - 2025-05-22 20:55:45 --> File loaded: /apps/web-drc/application/views/templates/sidebar.php
DEBUG - 2025-05-22 20:55:45 --> File loaded: /apps/web-drc/application/views/templates/contents.php
DEBUG - 2025-05-22 20:55:45 --> File loaded: /apps/web-drc/application/views/templates/content_footer.php
DEBUG - 2025-05-22 20:55:45 --> File loaded: /apps/web-drc/application/views/templates/footer.php
DEBUG - 2025-05-22 20:55:45 --> File loaded: /apps/web-drc/application/views/templates/default.php
INFO - 2025-05-22 20:55:45 --> Final output sent to browser
DEBUG - 2025-05-22 20:55:45 --> Total execution time: 0.0151
INFO - 2025-05-22 20:55:46 --> Config Class Initialized
INFO - 2025-05-22 20:55:46 --> Hooks Class Initialized
DEBUG - 2025-05-22 20:55:46 --> UTF-8 Support Enabled
INFO - 2025-05-22 20:55:46 --> Utf8 Class Initialized
INFO - 2025-05-22 20:55:46 --> URI Class Initialized
INFO - 2025-05-22 20:55:46 --> Router Class Initialized
INFO - 2025-05-22 20:55:46 --> Output Class Initialized
INFO - 2025-05-22 20:55:46 --> Security Class Initialized
DEBUG - 2025-05-22 20:55:46 --> Global POST, GET and COOKIE data sanitized
INFO - 2025-05-22 20:55:46 --> Input Class Initialized
INFO - 2025-05-22 20:55:46 --> Language Class Initialized
INFO - 2025-05-22 20:55:46 --> Language Class Initialized
INFO - 2025-05-22 20:55:46 --> Config Class Initialized
INFO - 2025-05-22 20:55:46 --> Loader Class Initialized
INFO - 2025-05-22 20:55:46 --> Helper loaded: url_helper
INFO - 2025-05-22 20:55:46 --> Helper loaded: easyui_helper
INFO - 2025-05-22 20:55:46 --> Helper loaded: param_helper
INFO - 2025-05-22 20:55:46 --> Helper loaded: credential_helper
INFO - 2025-05-22 20:55:46 --> Helper loaded: template_helper
INFO - 2025-05-22 20:55:46 --> Helper loaded: rest_helper
INFO - 2025-05-22 20:55:46 --> Database Driver Class Initialized
DEBUG - 2025-05-22 20:55:46 --> Idgenerator class already loaded. Second attempt ignored.
INFO - 2025-05-22 20:55:46 --> Controller Class Initialized
INFO - 2025-05-22 20:55:46 --> Model Class Initialized
DEBUG - 2025-05-22 20:55:46 --> File loaded: /apps/web-drc/application/modules/api_v1/models/Api_v1_model.php
INFO - 2025-05-22 20:55:46 --> Model Class Initialized
INFO - 2025-05-22 20:55:46 --> Final output sent to browser
DEBUG - 2025-05-22 20:55:46 --> Total execution time: 0.0069
INFO - 2025-05-22 20:55:46 --> Config Class Initialized
INFO - 2025-05-22 20:55:46 --> Hooks Class Initialized
DEBUG - 2025-05-22 20:55:46 --> UTF-8 Support Enabled
INFO - 2025-05-22 20:55:46 --> Utf8 Class Initialized
INFO - 2025-05-22 20:55:46 --> URI Class Initialized
INFO - 2025-05-22 20:55:46 --> Router Class Initialized
INFO - 2025-05-22 20:55:46 --> Output Class Initialized
INFO - 2025-05-22 20:55:46 --> Security Class Initialized
DEBUG - 2025-05-22 20:55:46 --> Global POST, GET and COOKIE data sanitized
INFO - 2025-05-22 20:55:46 --> Input Class Initialized
INFO - 2025-05-22 20:55:46 --> Language Class Initialized
INFO - 2025-05-22 20:55:46 --> Language Class Initialized
INFO - 2025-05-22 20:55:46 --> Config Class Initialized
INFO - 2025-05-22 20:55:46 --> Loader Class Initialized
INFO - 2025-05-22 20:55:46 --> Helper loaded: url_helper
INFO - 2025-05-22 20:55:46 --> Helper loaded: easyui_helper
INFO - 2025-05-22 20:55:46 --> Helper loaded: param_helper
INFO - 2025-05-22 20:55:46 --> Helper loaded: credential_helper
INFO - 2025-05-22 20:55:46 --> Helper loaded: template_helper
INFO - 2025-05-22 20:55:46 --> Helper loaded: rest_helper
INFO - 2025-05-22 20:55:46 --> Database Driver Class Initialized
DEBUG - 2025-05-22 20:55:46 --> Idgenerator class already loaded. Second attempt ignored.
INFO - 2025-05-22 20:55:46 --> Controller Class Initialized
INFO - 2025-05-22 20:55:46 --> Model Class Initialized
DEBUG - 2025-05-22 20:55:46 --> File loaded: /apps/web-drc/application/modules/rep_top_rating/models/Rep_top_rating_model.php
INFO - 2025-05-22 20:55:46 --> Model Class Initialized
INFO - 2025-05-22 20:55:46 --> Final output sent to browser
DEBUG - 2025-05-22 20:55:46 --> Total execution time: 0.0081
INFO - 2025-05-22 20:56:05 --> Config Class Initialized
INFO - 2025-05-22 20:56:05 --> Hooks Class Initialized
DEBUG - 2025-05-22 20:56:05 --> UTF-8 Support Enabled
INFO - 2025-05-22 20:56:05 --> Utf8 Class Initialized
INFO - 2025-05-22 20:56:05 --> URI Class Initialized
INFO - 2025-05-22 20:56:05 --> Router Class Initialized
INFO - 2025-05-22 20:56:05 --> Output Class Initialized
INFO - 2025-05-22 20:56:05 --> Security Class Initialized
DEBUG - 2025-05-22 20:56:05 --> Global POST, GET and COOKIE data sanitized
INFO - 2025-05-22 20:56:05 --> Input Class Initialized
INFO - 2025-05-22 20:56:05 --> Language Class Initialized
INFO - 2025-05-22 20:56:05 --> Language Class Initialized
INFO - 2025-05-22 20:56:05 --> Config Class Initialized
INFO - 2025-05-22 20:56:05 --> Loader Class Initialized
INFO - 2025-05-22 20:56:05 --> Helper loaded: url_helper
INFO - 2025-05-22 20:56:05 --> Helper loaded: easyui_helper
INFO - 2025-05-22 20:56:05 --> Helper loaded: param_helper
INFO - 2025-05-22 20:56:05 --> Helper loaded: credential_helper
INFO - 2025-05-22 20:56:05 --> Helper loaded: template_helper
INFO - 2025-05-22 20:56:05 --> Helper loaded: rest_helper
INFO - 2025-05-22 20:56:05 --> Database Driver Class Initialized
DEBUG - 2025-05-22 20:56:05 --> Idgenerator class already loaded. Second attempt ignored.
INFO - 2025-05-22 20:56:05 --> Controller Class Initialized
INFO - 2025-05-22 20:56:05 --> Model Class Initialized
DEBUG - 2025-05-22 20:56:05 --> File loaded: /apps/web-drc/application/modules/rep_top_rating/models/Rep_top_rating_model.php
INFO - 2025-05-22 20:56:05 --> Model Class Initialized
INFO - 2025-05-22 20:56:05 --> Final output sent to browser
DEBUG - 2025-05-22 20:56:05 --> Total execution time: 0.0043
INFO - 2025-05-22 20:56:29 --> Config Class Initialized
INFO - 2025-05-22 20:56:29 --> Hooks Class Initialized
DEBUG - 2025-05-22 20:56:29 --> UTF-8 Support Enabled
INFO - 2025-05-22 20:56:29 --> Utf8 Class Initialized
INFO - 2025-05-22 20:56:29 --> URI Class Initialized
INFO - 2025-05-22 20:56:29 --> Router Class Initialized
INFO - 2025-05-22 20:56:29 --> Output Class Initialized
INFO - 2025-05-22 20:56:29 --> Security Class Initialized
DEBUG - 2025-05-22 20:56:29 --> Global POST, GET and COOKIE data sanitized
INFO - 2025-05-22 20:56:29 --> Input Class Initialized
INFO - 2025-05-22 20:56:29 --> Language Class Initialized
INFO - 2025-05-22 20:56:29 --> Language Class Initialized
INFO - 2025-05-22 20:56:29 --> Config Class Initialized
INFO - 2025-05-22 20:56:29 --> Loader Class Initialized
INFO - 2025-05-22 20:56:29 --> Helper loaded: url_helper
INFO - 2025-05-22 20:56:29 --> Helper loaded: easyui_helper
INFO - 2025-05-22 20:56:29 --> Helper loaded: param_helper
INFO - 2025-05-22 20:56:29 --> Helper loaded: credential_helper
INFO - 2025-05-22 20:56:29 --> Helper loaded: template_helper
INFO - 2025-05-22 20:56:29 --> Helper loaded: rest_helper
INFO - 2025-05-22 20:56:29 --> Database Driver Class Initialized
DEBUG - 2025-05-22 20:56:29 --> Idgenerator class already loaded. Second attempt ignored.
INFO - 2025-05-22 20:56:29 --> Controller Class Initialized
INFO - 2025-05-22 20:56:29 --> Model Class Initialized
DEBUG - 2025-05-22 20:56:29 --> File loaded: /apps/web-drc/application/modules/app_menu/models/Menu_model.php
INFO - 2025-05-22 20:56:29 --> Model Class Initialized
DEBUG - 2025-05-22 20:56:29 --> File loaded: /apps/web-drc/application/modules/app_menu/views/content.php
DEBUG - 2025-05-22 20:56:29 --> File loaded: /apps/web-drc/application/views/templates/header.php
DEBUG - 2025-05-22 20:56:29 --> File loaded: /apps/web-drc/application/views/templates/toolbar.php
DEBUG - 2025-05-22 20:56:29 --> File loaded: /apps/web-drc/application/views/templates/sidebar.php
DEBUG - 2025-05-22 20:56:29 --> File loaded: /apps/web-drc/application/views/templates/contents.php
DEBUG - 2025-05-22 20:56:29 --> File loaded: /apps/web-drc/application/views/templates/content_footer.php
DEBUG - 2025-05-22 20:56:29 --> File loaded: /apps/web-drc/application/views/templates/footer.php
DEBUG - 2025-05-22 20:56:29 --> File loaded: /apps/web-drc/application/views/templates/default.php
INFO - 2025-05-22 20:56:29 --> Final output sent to browser
DEBUG - 2025-05-22 20:56:29 --> Total execution time: 0.0091
INFO - 2025-05-22 20:56:30 --> Config Class Initialized
INFO - 2025-05-22 20:56:30 --> Hooks Class Initialized
DEBUG - 2025-05-22 20:56:30 --> UTF-8 Support Enabled
INFO - 2025-05-22 20:56:30 --> Utf8 Class Initialized
INFO - 2025-05-22 20:56:30 --> URI Class Initialized
INFO - 2025-05-22 20:56:30 --> Router Class Initialized
INFO - 2025-05-22 20:56:30 --> Output Class Initialized
INFO - 2025-05-22 20:56:30 --> Security Class Initialized
DEBUG - 2025-05-22 20:56:30 --> Global POST, GET and COOKIE data sanitized
INFO - 2025-05-22 20:56:30 --> Input Class Initialized
INFO - 2025-05-22 20:56:30 --> Language Class Initialized
INFO - 2025-05-22 20:56:30 --> Language Class Initialized
INFO - 2025-05-22 20:56:30 --> Config Class Initialized
INFO - 2025-05-22 20:56:30 --> Loader Class Initialized
INFO - 2025-05-22 20:56:30 --> Helper loaded: url_helper
INFO - 2025-05-22 20:56:30 --> Helper loaded: easyui_helper
INFO - 2025-05-22 20:56:30 --> Helper loaded: param_helper
INFO - 2025-05-22 20:56:30 --> Helper loaded: credential_helper
INFO - 2025-05-22 20:56:30 --> Helper loaded: template_helper
INFO - 2025-05-22 20:56:30 --> Helper loaded: rest_helper
INFO - 2025-05-22 20:56:30 --> Database Driver Class Initialized
DEBUG - 2025-05-22 20:56:30 --> Idgenerator class already loaded. Second attempt ignored.
INFO - 2025-05-22 20:56:30 --> Controller Class Initialized
INFO - 2025-05-22 20:56:30 --> Model Class Initialized
DEBUG - 2025-05-22 20:56:30 --> File loaded: /apps/web-drc/application/modules/app_menu/models/Menu_model.php
INFO - 2025-05-22 20:56:30 --> Model Class Initialized
INFO - 2025-05-22 20:56:30 --> Final output sent to browser
DEBUG - 2025-05-22 20:56:30 --> Total execution time: 0.0035
INFO - 2025-05-22 20:56:32 --> Config Class Initialized
INFO - 2025-05-22 20:56:32 --> Hooks Class Initialized
DEBUG - 2025-05-22 20:56:32 --> UTF-8 Support Enabled
INFO - 2025-05-22 20:56:32 --> Utf8 Class Initialized
INFO - 2025-05-22 20:56:32 --> URI Class Initialized
INFO - 2025-05-22 20:56:32 --> Router Class Initialized
INFO - 2025-05-22 20:56:32 --> Output Class Initialized
INFO - 2025-05-22 20:56:32 --> Security Class Initialized
DEBUG - 2025-05-22 20:56:32 --> Global POST, GET and COOKIE data sanitized
INFO - 2025-05-22 20:56:32 --> Input Class Initialized
INFO - 2025-05-22 20:56:32 --> Language Class Initialized
INFO - 2025-05-22 20:56:32 --> Language Class Initialized
INFO - 2025-05-22 20:56:32 --> Config Class Initialized
INFO - 2025-05-22 20:56:32 --> Loader Class Initialized
INFO - 2025-05-22 20:56:32 --> Helper loaded: url_helper
INFO - 2025-05-22 20:56:32 --> Helper loaded: easyui_helper
INFO - 2025-05-22 20:56:32 --> Helper loaded: param_helper
INFO - 2025-05-22 20:56:32 --> Helper loaded: credential_helper
INFO - 2025-05-22 20:56:32 --> Helper loaded: template_helper
INFO - 2025-05-22 20:56:32 --> Helper loaded: rest_helper
INFO - 2025-05-22 20:56:32 --> Database Driver Class Initialized
DEBUG - 2025-05-22 20:56:32 --> Idgenerator class already loaded. Second attempt ignored.
INFO - 2025-05-22 20:56:32 --> Controller Class Initialized
INFO - 2025-05-22 20:56:32 --> Model Class Initialized
DEBUG - 2025-05-22 20:56:32 --> File loaded: /apps/web-drc/application/modules/app_menu/models/Menu_model.php
INFO - 2025-05-22 20:56:32 --> Model Class Initialized
DEBUG - 2025-05-22 20:56:32 --> File loaded: /apps/web-drc/application/modules/app_menu/views/form.php
DEBUG - 2025-05-22 20:56:32 --> File loaded: /apps/web-drc/application/views/templates/header.php
DEBUG - 2025-05-22 20:56:32 --> File loaded: /apps/web-drc/application/views/templates/toolbar.php
DEBUG - 2025-05-22 20:56:32 --> File loaded: /apps/web-drc/application/views/templates/sidebar.php
DEBUG - 2025-05-22 20:56:32 --> File loaded: /apps/web-drc/application/views/templates/contents.php
DEBUG - 2025-05-22 20:56:32 --> File loaded: /apps/web-drc/application/views/templates/content_footer.php
DEBUG - 2025-05-22 20:56:32 --> File loaded: /apps/web-drc/application/views/templates/footer.php
DEBUG - 2025-05-22 20:56:32 --> File loaded: /apps/web-drc/application/views/templates/default.php
INFO - 2025-05-22 20:56:32 --> Final output sent to browser
DEBUG - 2025-05-22 20:56:32 --> Total execution time: 0.0080
INFO - 2025-05-22 20:56:32 --> Config Class Initialized
INFO - 2025-05-22 20:56:32 --> Hooks Class Initialized
DEBUG - 2025-05-22 20:56:32 --> UTF-8 Support Enabled
INFO - 2025-05-22 20:56:32 --> Utf8 Class Initialized
INFO - 2025-05-22 20:56:32 --> URI Class Initialized
INFO - 2025-05-22 20:56:32 --> Router Class Initialized
INFO - 2025-05-22 20:56:32 --> Output Class Initialized
INFO - 2025-05-22 20:56:32 --> Security Class Initialized
DEBUG - 2025-05-22 20:56:32 --> Global POST, GET and COOKIE data sanitized
INFO - 2025-05-22 20:56:32 --> Input Class Initialized
INFO - 2025-05-22 20:56:32 --> Language Class Initialized
INFO - 2025-05-22 20:56:32 --> Language Class Initialized
INFO - 2025-05-22 20:56:32 --> Config Class Initialized
INFO - 2025-05-22 20:56:32 --> Loader Class Initialized
INFO - 2025-05-22 20:56:32 --> Helper loaded: url_helper
INFO - 2025-05-22 20:56:32 --> Helper loaded: easyui_helper
INFO - 2025-05-22 20:56:32 --> Helper loaded: param_helper
INFO - 2025-05-22 20:56:32 --> Helper loaded: credential_helper
INFO - 2025-05-22 20:56:32 --> Helper loaded: template_helper
INFO - 2025-05-22 20:56:32 --> Helper loaded: rest_helper
INFO - 2025-05-22 20:56:32 --> Database Driver Class Initialized
DEBUG - 2025-05-22 20:56:32 --> Idgenerator class already loaded. Second attempt ignored.
INFO - 2025-05-22 20:56:32 --> Controller Class Initialized
INFO - 2025-05-22 20:56:32 --> Model Class Initialized
DEBUG - 2025-05-22 20:56:32 --> File loaded: /apps/web-drc/application/modules/app_menu/models/Menu_model.php
INFO - 2025-05-22 20:56:32 --> Model Class Initialized
INFO - 2025-05-22 20:56:32 --> Final output sent to browser
DEBUG - 2025-05-22 20:56:32 --> Total execution time: 0.0049
INFO - 2025-05-22 20:57:20 --> Config Class Initialized
INFO - 2025-05-22 20:57:20 --> Hooks Class Initialized
DEBUG - 2025-05-22 20:57:20 --> UTF-8 Support Enabled
INFO - 2025-05-22 20:57:20 --> Utf8 Class Initialized
INFO - 2025-05-22 20:57:20 --> URI Class Initialized
INFO - 2025-05-22 20:57:20 --> Router Class Initialized
INFO - 2025-05-22 20:57:20 --> Output Class Initialized
INFO - 2025-05-22 20:57:20 --> Security Class Initialized
DEBUG - 2025-05-22 20:57:20 --> Global POST, GET and COOKIE data sanitized
INFO - 2025-05-22 20:57:20 --> Input Class Initialized
INFO - 2025-05-22 20:57:20 --> Language Class Initialized
INFO - 2025-05-22 20:57:20 --> Language Class Initialized
INFO - 2025-05-22 20:57:20 --> Config Class Initialized
INFO - 2025-05-22 20:57:20 --> Loader Class Initialized
INFO - 2025-05-22 20:57:20 --> Helper loaded: url_helper
INFO - 2025-05-22 20:57:20 --> Helper loaded: easyui_helper
INFO - 2025-05-22 20:57:20 --> Helper loaded: param_helper
INFO - 2025-05-22 20:57:20 --> Helper loaded: credential_helper
INFO - 2025-05-22 20:57:20 --> Helper loaded: template_helper
INFO - 2025-05-22 20:57:20 --> Helper loaded: rest_helper
INFO - 2025-05-22 20:57:20 --> Database Driver Class Initialized
DEBUG - 2025-05-22 20:57:20 --> Idgenerator class already loaded. Second attempt ignored.
INFO - 2025-05-22 20:57:20 --> Controller Class Initialized
INFO - 2025-05-22 20:57:20 --> Model Class Initialized
DEBUG - 2025-05-22 20:57:20 --> File loaded: /apps/web-drc/application/modules/app_menu/models/Menu_model.php
INFO - 2025-05-22 20:57:20 --> Model Class Initialized
ERROR - 2025-05-22 20:57:20 --> Cache: Failed to initialize APC; extension not loaded/enabled?
INFO - 2025-05-22 20:57:20 --> Helper loaded: file_helper
ERROR - 2025-05-22 20:57:20 --> Cache adapter "apc" and backup "file" are both unavailable. Cache is now using "Dummy" adapter.
ERROR - 2025-05-22 20:57:20 --> Severity: Warning --> fopen(/apps/web-drc/resource/files/lock/lock.txt): failed to open stream: Permission denied /apps/web-drc/application/libraries/IDGenerator.php 30
ERROR - 2025-05-22 20:57:20 --> Severity: Warning --> flock() expects parameter 1 to be resource, bool given /apps/web-drc/application/libraries/IDGenerator.php 31
ERROR - 2025-05-22 20:57:20 --> Severity: Warning --> fclose() expects parameter 1 to be resource, bool given /apps/web-drc/application/libraries/IDGenerator.php 67
INFO - 2025-05-22 20:57:20 --> Final output sent to browser
DEBUG - 2025-05-22 20:57:20 --> Total execution time: 0.0226
INFO - 2025-05-22 20:57:34 --> Config Class Initialized
INFO - 2025-05-22 20:57:34 --> Hooks Class Initialized
DEBUG - 2025-05-22 20:57:34 --> UTF-8 Support Enabled
INFO - 2025-05-22 20:57:34 --> Utf8 Class Initialized
INFO - 2025-05-22 20:57:34 --> URI Class Initialized
INFO - 2025-05-22 20:57:34 --> Router Class Initialized
INFO - 2025-05-22 20:57:34 --> Output Class Initialized
INFO - 2025-05-22 20:57:34 --> Security Class Initialized
DEBUG - 2025-05-22 20:57:34 --> Global POST, GET and COOKIE data sanitized
INFO - 2025-05-22 20:57:34 --> Input Class Initialized
INFO - 2025-05-22 20:57:34 --> Language Class Initialized
INFO - 2025-05-22 20:57:34 --> Language Class Initialized
INFO - 2025-05-22 20:57:34 --> Config Class Initialized
INFO - 2025-05-22 20:57:34 --> Loader Class Initialized
INFO - 2025-05-22 20:57:34 --> Helper loaded: url_helper
INFO - 2025-05-22 20:57:34 --> Helper loaded: easyui_helper
INFO - 2025-05-22 20:57:34 --> Helper loaded: param_helper
INFO - 2025-05-22 20:57:34 --> Helper loaded: credential_helper
INFO - 2025-05-22 20:57:34 --> Helper loaded: template_helper
INFO - 2025-05-22 20:57:34 --> Helper loaded: rest_helper
INFO - 2025-05-22 20:57:34 --> Database Driver Class Initialized
DEBUG - 2025-05-22 20:57:34 --> Idgenerator class already loaded. Second attempt ignored.
INFO - 2025-05-22 20:57:34 --> Controller Class Initialized
INFO - 2025-05-22 20:57:34 --> Model Class Initialized
DEBUG - 2025-05-22 20:57:34 --> File loaded: /apps/web-drc/application/modules/app_role_menu/models/Role_menu_model.php
INFO - 2025-05-22 20:57:34 --> Model Class Initialized
DEBUG - 2025-05-22 20:57:34 --> File loaded: /apps/web-drc/application/modules/app_role_menu/views/content.php
DEBUG - 2025-05-22 20:57:34 --> File loaded: /apps/web-drc/application/views/templates/header.php
DEBUG - 2025-05-22 20:57:34 --> File loaded: /apps/web-drc/application/views/templates/toolbar.php
DEBUG - 2025-05-22 20:57:34 --> File loaded: /apps/web-drc/application/views/templates/sidebar.php
DEBUG - 2025-05-22 20:57:34 --> File loaded: /apps/web-drc/application/views/templates/contents.php
DEBUG - 2025-05-22 20:57:34 --> File loaded: /apps/web-drc/application/views/templates/content_footer.php
DEBUG - 2025-05-22 20:57:34 --> File loaded: /apps/web-drc/application/views/templates/footer.php
DEBUG - 2025-05-22 20:57:34 --> File loaded: /apps/web-drc/application/views/templates/default.php
INFO - 2025-05-22 20:57:34 --> Final output sent to browser
DEBUG - 2025-05-22 20:57:34 --> Total execution time: 0.0123
INFO - 2025-05-22 20:57:34 --> Config Class Initialized
INFO - 2025-05-22 20:57:34 --> Hooks Class Initialized
DEBUG - 2025-05-22 20:57:34 --> UTF-8 Support Enabled
INFO - 2025-05-22 20:57:34 --> Utf8 Class Initialized
INFO - 2025-05-22 20:57:34 --> URI Class Initialized
INFO - 2025-05-22 20:57:34 --> Router Class Initialized
INFO - 2025-05-22 20:57:34 --> Output Class Initialized
INFO - 2025-05-22 20:57:34 --> Security Class Initialized
DEBUG - 2025-05-22 20:57:34 --> Global POST, GET and COOKIE data sanitized
INFO - 2025-05-22 20:57:34 --> Input Class Initialized
INFO - 2025-05-22 20:57:34 --> Language Class Initialized
INFO - 2025-05-22 20:57:34 --> Language Class Initialized
INFO - 2025-05-22 20:57:34 --> Config Class Initialized
INFO - 2025-05-22 20:57:34 --> Loader Class Initialized
INFO - 2025-05-22 20:57:34 --> Helper loaded: url_helper
INFO - 2025-05-22 20:57:34 --> Helper loaded: easyui_helper
INFO - 2025-05-22 20:57:34 --> Helper loaded: param_helper
INFO - 2025-05-22 20:57:34 --> Helper loaded: credential_helper
INFO - 2025-05-22 20:57:34 --> Helper loaded: template_helper
INFO - 2025-05-22 20:57:34 --> Helper loaded: rest_helper
INFO - 2025-05-22 20:57:34 --> Database Driver Class Initialized
DEBUG - 2025-05-22 20:57:34 --> Idgenerator class already loaded. Second attempt ignored.
INFO - 2025-05-22 20:57:34 --> Controller Class Initialized
INFO - 2025-05-22 20:57:34 --> Model Class Initialized
DEBUG - 2025-05-22 20:57:34 --> File loaded: /apps/web-drc/application/modules/app_role_menu/models/Role_menu_model.php
INFO - 2025-05-22 20:57:34 --> Model Class Initialized
INFO - 2025-05-22 20:57:34 --> Final output sent to browser
DEBUG - 2025-05-22 20:57:34 --> Total execution time: 0.0057
INFO - 2025-05-22 20:57:37 --> Config Class Initialized
INFO - 2025-05-22 20:57:37 --> Hooks Class Initialized
DEBUG - 2025-05-22 20:57:37 --> UTF-8 Support Enabled
INFO - 2025-05-22 20:57:37 --> Utf8 Class Initialized
INFO - 2025-05-22 20:57:37 --> URI Class Initialized
INFO - 2025-05-22 20:57:37 --> Router Class Initialized
INFO - 2025-05-22 20:57:37 --> Output Class Initialized
INFO - 2025-05-22 20:57:37 --> Security Class Initialized
DEBUG - 2025-05-22 20:57:37 --> Global POST, GET and COOKIE data sanitized
INFO - 2025-05-22 20:57:37 --> Input Class Initialized
INFO - 2025-05-22 20:57:37 --> Language Class Initialized
INFO - 2025-05-22 20:57:37 --> Language Class Initialized
INFO - 2025-05-22 20:57:37 --> Config Class Initialized
INFO - 2025-05-22 20:57:37 --> Loader Class Initialized
INFO - 2025-05-22 20:57:37 --> Helper loaded: url_helper
INFO - 2025-05-22 20:57:37 --> Helper loaded: easyui_helper
INFO - 2025-05-22 20:57:37 --> Helper loaded: param_helper
INFO - 2025-05-22 20:57:37 --> Helper loaded: credential_helper
INFO - 2025-05-22 20:57:37 --> Helper loaded: template_helper
INFO - 2025-05-22 20:57:37 --> Helper loaded: rest_helper
INFO - 2025-05-22 20:57:37 --> Database Driver Class Initialized
DEBUG - 2025-05-22 20:57:37 --> Idgenerator class already loaded. Second attempt ignored.
INFO - 2025-05-22 20:57:37 --> Controller Class Initialized
INFO - 2025-05-22 20:57:37 --> Model Class Initialized
DEBUG - 2025-05-22 20:57:37 --> File loaded: /apps/web-drc/application/modules/app_role_menu/models/Role_menu_model.php
INFO - 2025-05-22 20:57:37 --> Model Class Initialized
DEBUG - 2025-05-22 20:57:37 --> File loaded: /apps/web-drc/application/modules/app_role_menu/views/form.php
DEBUG - 2025-05-22 20:57:37 --> File loaded: /apps/web-drc/application/views/templates/header.php
DEBUG - 2025-05-22 20:57:37 --> File loaded: /apps/web-drc/application/views/templates/toolbar.php
DEBUG - 2025-05-22 20:57:37 --> File loaded: /apps/web-drc/application/views/templates/sidebar.php
DEBUG - 2025-05-22 20:57:37 --> File loaded: /apps/web-drc/application/views/templates/contents.php
DEBUG - 2025-05-22 20:57:37 --> File loaded: /apps/web-drc/application/views/templates/content_footer.php
DEBUG - 2025-05-22 20:57:37 --> File loaded: /apps/web-drc/application/views/templates/footer.php
DEBUG - 2025-05-22 20:57:37 --> File loaded: /apps/web-drc/application/views/templates/default.php
INFO - 2025-05-22 20:57:37 --> Final output sent to browser
DEBUG - 2025-05-22 20:57:37 --> Total execution time: 0.0123
INFO - 2025-05-22 20:57:37 --> Config Class Initialized
INFO - 2025-05-22 20:57:37 --> Hooks Class Initialized
DEBUG - 2025-05-22 20:57:37 --> UTF-8 Support Enabled
INFO - 2025-05-22 20:57:37 --> Utf8 Class Initialized
INFO - 2025-05-22 20:57:37 --> URI Class Initialized
INFO - 2025-05-22 20:57:37 --> Router Class Initialized
INFO - 2025-05-22 20:57:37 --> Output Class Initialized
INFO - 2025-05-22 20:57:37 --> Security Class Initialized
DEBUG - 2025-05-22 20:57:37 --> Global POST, GET and COOKIE data sanitized
INFO - 2025-05-22 20:57:37 --> Input Class Initialized
INFO - 2025-05-22 20:57:37 --> Language Class Initialized
INFO - 2025-05-22 20:57:37 --> Language Class Initialized
INFO - 2025-05-22 20:57:37 --> Config Class Initialized
INFO - 2025-05-22 20:57:37 --> Loader Class Initialized
INFO - 2025-05-22 20:57:37 --> Helper loaded: url_helper
INFO - 2025-05-22 20:57:37 --> Helper loaded: easyui_helper
INFO - 2025-05-22 20:57:37 --> Helper loaded: param_helper
INFO - 2025-05-22 20:57:37 --> Helper loaded: credential_helper
INFO - 2025-05-22 20:57:37 --> Helper loaded: template_helper
INFO - 2025-05-22 20:57:37 --> Helper loaded: rest_helper
INFO - 2025-05-22 20:57:37 --> Database Driver Class Initialized
DEBUG - 2025-05-22 20:57:37 --> Idgenerator class already loaded. Second attempt ignored.
INFO - 2025-05-22 20:57:37 --> Controller Class Initialized
INFO - 2025-05-22 20:57:37 --> Model Class Initialized
DEBUG - 2025-05-22 20:57:37 --> File loaded: /apps/web-drc/application/modules/app_menu/models/Menu_model.php
INFO - 2025-05-22 20:57:37 --> Model Class Initialized
INFO - 2025-05-22 20:57:37 --> Final output sent to browser
DEBUG - 2025-05-22 20:57:37 --> Total execution time: 0.0051
INFO - 2025-05-22 20:57:37 --> Config Class Initialized
INFO - 2025-05-22 20:57:37 --> Hooks Class Initialized
DEBUG - 2025-05-22 20:57:37 --> UTF-8 Support Enabled
INFO - 2025-05-22 20:57:37 --> Utf8 Class Initialized
INFO - 2025-05-22 20:57:37 --> URI Class Initialized
INFO - 2025-05-22 20:57:37 --> Router Class Initialized
INFO - 2025-05-22 20:57:37 --> Output Class Initialized
INFO - 2025-05-22 20:57:37 --> Security Class Initialized
DEBUG - 2025-05-22 20:57:37 --> Global POST, GET and COOKIE data sanitized
INFO - 2025-05-22 20:57:37 --> Input Class Initialized
INFO - 2025-05-22 20:57:37 --> Language Class Initialized
INFO - 2025-05-22 20:57:37 --> Language Class Initialized
INFO - 2025-05-22 20:57:37 --> Config Class Initialized
INFO - 2025-05-22 20:57:37 --> Loader Class Initialized
INFO - 2025-05-22 20:57:37 --> Helper loaded: url_helper
INFO - 2025-05-22 20:57:37 --> Helper loaded: easyui_helper
INFO - 2025-05-22 20:57:37 --> Helper loaded: param_helper
INFO - 2025-05-22 20:57:37 --> Helper loaded: credential_helper
INFO - 2025-05-22 20:57:37 --> Helper loaded: template_helper
INFO - 2025-05-22 20:57:37 --> Helper loaded: rest_helper
INFO - 2025-05-22 20:57:37 --> Database Driver Class Initialized
DEBUG - 2025-05-22 20:57:37 --> Idgenerator class already loaded. Second attempt ignored.
INFO - 2025-05-22 20:57:37 --> Controller Class Initialized
INFO - 2025-05-22 20:57:37 --> Model Class Initialized
DEBUG - 2025-05-22 20:57:37 --> File loaded: /apps/web-drc/application/modules/app_role/models/Role_model.php
INFO - 2025-05-22 20:57:37 --> Model Class Initialized
INFO - 2025-05-22 20:57:37 --> Final output sent to browser
DEBUG - 2025-05-22 20:57:37 --> Total execution time: 0.0054
INFO - 2025-05-22 20:59:45 --> Config Class Initialized
INFO - 2025-05-22 20:59:45 --> Hooks Class Initialized
DEBUG - 2025-05-22 20:59:45 --> UTF-8 Support Enabled
INFO - 2025-05-22 20:59:45 --> Utf8 Class Initialized
INFO - 2025-05-22 20:59:45 --> URI Class Initialized
INFO - 2025-05-22 20:59:45 --> Router Class Initialized
INFO - 2025-05-22 20:59:45 --> Output Class Initialized
INFO - 2025-05-22 20:59:45 --> Security Class Initialized
DEBUG - 2025-05-22 20:59:45 --> Global POST, GET and COOKIE data sanitized
INFO - 2025-05-22 20:59:45 --> Input Class Initialized
INFO - 2025-05-22 20:59:45 --> Language Class Initialized
INFO - 2025-05-22 20:59:45 --> Language Class Initialized
INFO - 2025-05-22 20:59:45 --> Config Class Initialized
INFO - 2025-05-22 20:59:45 --> Loader Class Initialized
INFO - 2025-05-22 20:59:45 --> Helper loaded: url_helper
INFO - 2025-05-22 20:59:45 --> Helper loaded: easyui_helper
INFO - 2025-05-22 20:59:45 --> Helper loaded: param_helper
INFO - 2025-05-22 20:59:45 --> Helper loaded: credential_helper
INFO - 2025-05-22 20:59:45 --> Helper loaded: template_helper
INFO - 2025-05-22 20:59:45 --> Helper loaded: rest_helper
INFO - 2025-05-22 20:59:45 --> Database Driver Class Initialized
DEBUG - 2025-05-22 20:59:45 --> Idgenerator class already loaded. Second attempt ignored.
INFO - 2025-05-22 20:59:45 --> Controller Class Initialized
INFO - 2025-05-22 20:59:45 --> Model Class Initialized
DEBUG - 2025-05-22 20:59:45 --> File loaded: /apps/web-drc/application/modules/app_role_menu/models/Role_menu_model.php
INFO - 2025-05-22 20:59:45 --> Model Class Initialized
ERROR - 2025-05-22 20:59:45 --> Cache: Failed to initialize APC; extension not loaded/enabled?
INFO - 2025-05-22 20:59:45 --> Helper loaded: file_helper
ERROR - 2025-05-22 20:59:45 --> Cache adapter "apc" and backup "file" are both unavailable. Cache is now using "Dummy" adapter.
ERROR - 2025-05-22 20:59:45 --> Severity: Warning --> fopen(/apps/web-drc/resource/files/lock/lock.txt): failed to open stream: Permission denied /apps/web-drc/application/libraries/IDGenerator.php 30
ERROR - 2025-05-22 20:59:45 --> Severity: Warning --> flock() expects parameter 1 to be resource, bool given /apps/web-drc/application/libraries/IDGenerator.php 31
ERROR - 2025-05-22 20:59:45 --> Severity: Warning --> fclose() expects parameter 1 to be resource, bool given /apps/web-drc/application/libraries/IDGenerator.php 67
INFO - 2025-05-22 20:59:45 --> Final output sent to browser
DEBUG - 2025-05-22 20:59:45 --> Total execution time: 0.0043
INFO - 2025-05-22 21:05:49 --> Config Class Initialized
INFO - 2025-05-22 21:05:49 --> Hooks Class Initialized
DEBUG - 2025-05-22 21:05:49 --> UTF-8 Support Enabled
INFO - 2025-05-22 21:05:49 --> Utf8 Class Initialized
INFO - 2025-05-22 21:05:49 --> URI Class Initialized
INFO - 2025-05-22 21:05:49 --> Router Class Initialized
INFO - 2025-05-22 21:05:49 --> Output Class Initialized
INFO - 2025-05-22 21:05:49 --> Security Class Initialized
DEBUG - 2025-05-22 21:05:49 --> Global POST, GET and COOKIE data sanitized
INFO - 2025-05-22 21:05:49 --> Input Class Initialized
INFO - 2025-05-22 21:05:49 --> Language Class Initialized
INFO - 2025-05-22 21:05:49 --> Language Class Initialized
INFO - 2025-05-22 21:05:49 --> Config Class Initialized
INFO - 2025-05-22 21:05:49 --> Loader Class Initialized
INFO - 2025-05-22 21:05:49 --> Helper loaded: url_helper
INFO - 2025-05-22 21:05:49 --> Helper loaded: easyui_helper
INFO - 2025-05-22 21:05:49 --> Helper loaded: param_helper
INFO - 2025-05-22 21:05:49 --> Helper loaded: credential_helper
INFO - 2025-05-22 21:05:49 --> Helper loaded: template_helper
INFO - 2025-05-22 21:05:49 --> Helper loaded: rest_helper
INFO - 2025-05-22 21:05:49 --> Database Driver Class Initialized
DEBUG - 2025-05-22 21:05:49 --> Idgenerator class already loaded. Second attempt ignored.
INFO - 2025-05-22 21:05:49 --> Controller Class Initialized
INFO - 2025-05-22 21:05:49 --> Model Class Initialized
DEBUG - 2025-05-22 21:05:49 --> File loaded: /apps/web-drc/application/modules/drc_dashboard/models/Drc_dashboard_model.php
INFO - 2025-05-22 21:05:49 --> Model Class Initialized
DEBUG - 2025-05-22 21:05:49 --> File loaded: /apps/web-drc/application/modules/drc_dashboard/views/form.php
DEBUG - 2025-05-22 21:05:49 --> File loaded: /apps/web-drc/application/views/templates/header.php
DEBUG - 2025-05-22 21:05:49 --> File loaded: /apps/web-drc/application/views/templates/toolbar.php
DEBUG - 2025-05-22 21:05:49 --> File loaded: /apps/web-drc/application/views/templates/sidebar.php
DEBUG - 2025-05-22 21:05:49 --> File loaded: /apps/web-drc/application/views/templates/contents.php
DEBUG - 2025-05-22 21:05:49 --> File loaded: /apps/web-drc/application/views/templates/content_footer.php
DEBUG - 2025-05-22 21:05:49 --> File loaded: /apps/web-drc/application/views/templates/footer.php
DEBUG - 2025-05-22 21:05:49 --> File loaded: /apps/web-drc/application/views/templates/default.php
INFO - 2025-05-22 21:05:49 --> Final output sent to browser
DEBUG - 2025-05-22 21:05:49 --> Total execution time: 0.0075
INFO - 2025-05-22 21:05:54 --> Config Class Initialized
INFO - 2025-05-22 21:05:54 --> Hooks Class Initialized
DEBUG - 2025-05-22 21:05:54 --> UTF-8 Support Enabled
INFO - 2025-05-22 21:05:54 --> Utf8 Class Initialized
INFO - 2025-05-22 21:05:54 --> URI Class Initialized
INFO - 2025-05-22 21:05:54 --> Router Class Initialized
INFO - 2025-05-22 21:05:54 --> Output Class Initialized
INFO - 2025-05-22 21:05:54 --> Security Class Initialized
DEBUG - 2025-05-22 21:05:54 --> Global POST, GET and COOKIE data sanitized
INFO - 2025-05-22 21:05:54 --> Input Class Initialized
INFO - 2025-05-22 21:05:54 --> Language Class Initialized
ERROR - 2025-05-22 21:05:54 --> 404 Page Not Found: /index
INFO - 2025-05-22 21:09:44 --> Config Class Initialized
INFO - 2025-05-22 21:09:44 --> Hooks Class Initialized
DEBUG - 2025-05-22 21:09:44 --> UTF-8 Support Enabled
INFO - 2025-05-22 21:09:44 --> Utf8 Class Initialized
INFO - 2025-05-22 21:09:44 --> URI Class Initialized
INFO - 2025-05-22 21:09:44 --> Router Class Initialized
INFO - 2025-05-22 21:09:44 --> Output Class Initialized
INFO - 2025-05-22 21:09:44 --> Security Class Initialized
DEBUG - 2025-05-22 21:09:44 --> Global POST, GET and COOKIE data sanitized
INFO - 2025-05-22 21:09:44 --> Input Class Initialized
INFO - 2025-05-22 21:09:44 --> Language Class Initialized
INFO - 2025-05-22 21:09:44 --> Language Class Initialized
INFO - 2025-05-22 21:09:44 --> Config Class Initialized
INFO - 2025-05-22 21:09:44 --> Loader Class Initialized
INFO - 2025-05-22 21:09:44 --> Helper loaded: url_helper
INFO - 2025-05-22 21:09:44 --> Helper loaded: easyui_helper
INFO - 2025-05-22 21:09:44 --> Helper loaded: param_helper
INFO - 2025-05-22 21:09:44 --> Helper loaded: credential_helper
INFO - 2025-05-22 21:09:44 --> Helper loaded: template_helper
INFO - 2025-05-22 21:09:44 --> Helper loaded: rest_helper
INFO - 2025-05-22 21:09:44 --> Database Driver Class Initialized
DEBUG - 2025-05-22 21:09:44 --> Idgenerator class already loaded. Second attempt ignored.
INFO - 2025-05-22 21:09:44 --> Controller Class Initialized
INFO - 2025-05-22 21:09:44 --> Model Class Initialized
DEBUG - 2025-05-22 21:09:44 --> File loaded: /apps/web-drc/application/modules/drc_dashboard/models/Drc_dashboard_model.php
INFO - 2025-05-22 21:09:44 --> Model Class Initialized
DEBUG - 2025-05-22 21:09:44 --> File loaded: /apps/web-drc/application/modules/drc_dashboard/views/form.php
DEBUG - 2025-05-22 21:09:44 --> File loaded: /apps/web-drc/application/views/templates/header.php
DEBUG - 2025-05-22 21:09:44 --> File loaded: /apps/web-drc/application/views/templates/toolbar.php
DEBUG - 2025-05-22 21:09:44 --> File loaded: /apps/web-drc/application/views/templates/sidebar.php
DEBUG - 2025-05-22 21:09:44 --> File loaded: /apps/web-drc/application/views/templates/contents.php
DEBUG - 2025-05-22 21:09:44 --> File loaded: /apps/web-drc/application/views/templates/content_footer.php
DEBUG - 2025-05-22 21:09:44 --> File loaded: /apps/web-drc/application/views/templates/footer.php
DEBUG - 2025-05-22 21:09:44 --> File loaded: /apps/web-drc/application/views/templates/default.php
INFO - 2025-05-22 21:09:44 --> Final output sent to browser
DEBUG - 2025-05-22 21:09:44 --> Total execution time: 0.0075
INFO - 2025-05-22 21:10:00 --> Config Class Initialized
INFO - 2025-05-22 21:10:00 --> Hooks Class Initialized
DEBUG - 2025-05-22 21:10:00 --> UTF-8 Support Enabled
INFO - 2025-05-22 21:10:00 --> Utf8 Class Initialized
INFO - 2025-05-22 21:10:00 --> URI Class Initialized
INFO - 2025-05-22 21:10:00 --> Router Class Initialized
INFO - 2025-05-22 21:10:00 --> Output Class Initialized
INFO - 2025-05-22 21:10:00 --> Security Class Initialized
DEBUG - 2025-05-22 21:10:00 --> Global POST, GET and COOKIE data sanitized
INFO - 2025-05-22 21:10:00 --> Input Class Initialized
INFO - 2025-05-22 21:10:00 --> Language Class Initialized
INFO - 2025-05-22 21:10:00 --> Language Class Initialized
INFO - 2025-05-22 21:10:00 --> Config Class Initialized
INFO - 2025-05-22 21:10:00 --> Loader Class Initialized
INFO - 2025-05-22 21:10:00 --> Helper loaded: url_helper
INFO - 2025-05-22 21:10:00 --> Helper loaded: easyui_helper
INFO - 2025-05-22 21:10:00 --> Helper loaded: param_helper
INFO - 2025-05-22 21:10:00 --> Helper loaded: credential_helper
INFO - 2025-05-22 21:10:00 --> Helper loaded: template_helper
INFO - 2025-05-22 21:10:00 --> Helper loaded: rest_helper
INFO - 2025-05-22 21:10:00 --> Database Driver Class Initialized
DEBUG - 2025-05-22 21:10:00 --> Idgenerator class already loaded. Second attempt ignored.
INFO - 2025-05-22 21:10:00 --> Controller Class Initialized
INFO - 2025-05-22 21:10:00 --> Model Class Initialized
DEBUG - 2025-05-22 21:10:00 --> File loaded: /apps/web-drc/application/modules/rep_doi/models/Rep_doi_model.php
INFO - 2025-05-22 21:10:00 --> Model Class Initialized
DEBUG - 2025-05-22 21:10:00 --> File loaded: /apps/web-drc/application/modules/rep_doi/views/form.php
DEBUG - 2025-05-22 21:10:00 --> File loaded: /apps/web-drc/application/views/templates/header.php
DEBUG - 2025-05-22 21:10:00 --> File loaded: /apps/web-drc/application/views/templates/toolbar.php
DEBUG - 2025-05-22 21:10:00 --> File loaded: /apps/web-drc/application/views/templates/sidebar.php
DEBUG - 2025-05-22 21:10:00 --> File loaded: /apps/web-drc/application/views/templates/contents.php
DEBUG - 2025-05-22 21:10:00 --> File loaded: /apps/web-drc/application/views/templates/content_footer.php
DEBUG - 2025-05-22 21:10:00 --> File loaded: /apps/web-drc/application/views/templates/footer.php
DEBUG - 2025-05-22 21:10:00 --> File loaded: /apps/web-drc/application/views/templates/default.php
INFO - 2025-05-22 21:10:00 --> Final output sent to browser
DEBUG - 2025-05-22 21:10:00 --> Total execution time: 0.0083
INFO - 2025-05-22 21:10:00 --> Config Class Initialized
INFO - 2025-05-22 21:10:00 --> Hooks Class Initialized
DEBUG - 2025-05-22 21:10:00 --> UTF-8 Support Enabled
INFO - 2025-05-22 21:10:00 --> Utf8 Class Initialized
INFO - 2025-05-22 21:10:00 --> URI Class Initialized
INFO - 2025-05-22 21:10:00 --> Router Class Initialized
INFO - 2025-05-22 21:10:00 --> Output Class Initialized
INFO - 2025-05-22 21:10:00 --> Security Class Initialized
DEBUG - 2025-05-22 21:10:00 --> Global POST, GET and COOKIE data sanitized
INFO - 2025-05-22 21:10:00 --> Input Class Initialized
INFO - 2025-05-22 21:10:00 --> Language Class Initialized
INFO - 2025-05-22 21:10:00 --> Language Class Initialized
INFO - 2025-05-22 21:10:00 --> Config Class Initialized
INFO - 2025-05-22 21:10:00 --> Loader Class Initialized
INFO - 2025-05-22 21:10:00 --> Helper loaded: url_helper
INFO - 2025-05-22 21:10:00 --> Helper loaded: easyui_helper
INFO - 2025-05-22 21:10:00 --> Helper loaded: param_helper
INFO - 2025-05-22 21:10:00 --> Helper loaded: credential_helper
INFO - 2025-05-22 21:10:00 --> Helper loaded: template_helper
INFO - 2025-05-22 21:10:00 --> Helper loaded: rest_helper
INFO - 2025-05-22 21:10:00 --> Database Driver Class Initialized
DEBUG - 2025-05-22 21:10:00 --> Idgenerator class already loaded. Second attempt ignored.
INFO - 2025-05-22 21:10:00 --> Controller Class Initialized
INFO - 2025-05-22 21:10:00 --> Model Class Initialized
DEBUG - 2025-05-22 21:10:00 --> File loaded: /apps/web-drc/application/modules/api_v1/models/Api_v1_model.php
INFO - 2025-05-22 21:10:00 --> Model Class Initialized
INFO - 2025-05-22 21:10:00 --> Final output sent to browser
DEBUG - 2025-05-22 21:10:00 --> Total execution time: 0.0054
INFO - 2025-05-22 21:10:01 --> Config Class Initialized
INFO - 2025-05-22 21:10:01 --> Hooks Class Initialized
DEBUG - 2025-05-22 21:10:01 --> UTF-8 Support Enabled
INFO - 2025-05-22 21:10:01 --> Utf8 Class Initialized
INFO - 2025-05-22 21:10:01 --> URI Class Initialized
INFO - 2025-05-22 21:10:01 --> Router Class Initialized
INFO - 2025-05-22 21:10:01 --> Output Class Initialized
INFO - 2025-05-22 21:10:01 --> Security Class Initialized
DEBUG - 2025-05-22 21:10:01 --> Global POST, GET and COOKIE data sanitized
INFO - 2025-05-22 21:10:01 --> Input Class Initialized
INFO - 2025-05-22 21:10:01 --> Language Class Initialized
INFO - 2025-05-22 21:10:01 --> Language Class Initialized
INFO - 2025-05-22 21:10:01 --> Config Class Initialized
INFO - 2025-05-22 21:10:01 --> Loader Class Initialized
INFO - 2025-05-22 21:10:01 --> Helper loaded: url_helper
INFO - 2025-05-22 21:10:01 --> Helper loaded: easyui_helper
INFO - 2025-05-22 21:10:01 --> Helper loaded: param_helper
INFO - 2025-05-22 21:10:01 --> Helper loaded: credential_helper
INFO - 2025-05-22 21:10:01 --> Helper loaded: template_helper
INFO - 2025-05-22 21:10:01 --> Helper loaded: rest_helper
INFO - 2025-05-22 21:10:01 --> Database Driver Class Initialized
DEBUG - 2025-05-22 21:10:01 --> Idgenerator class already loaded. Second attempt ignored.
INFO - 2025-05-22 21:10:01 --> Controller Class Initialized
INFO - 2025-05-22 21:10:01 --> Model Class Initialized
DEBUG - 2025-05-22 21:10:01 --> File loaded: /apps/web-drc/application/modules/rep_doi/models/Rep_doi_model.php
INFO - 2025-05-22 21:10:01 --> Model Class Initialized
INFO - 2025-05-22 21:10:01 --> Final output sent to browser
DEBUG - 2025-05-22 21:10:01 --> Total execution time: 0.0045
INFO - 2025-05-22 21:10:06 --> Config Class Initialized
INFO - 2025-05-22 21:10:06 --> Hooks Class Initialized
DEBUG - 2025-05-22 21:10:06 --> UTF-8 Support Enabled
INFO - 2025-05-22 21:10:06 --> Utf8 Class Initialized
INFO - 2025-05-22 21:10:06 --> URI Class Initialized
INFO - 2025-05-22 21:10:06 --> Router Class Initialized
INFO - 2025-05-22 21:10:06 --> Output Class Initialized
INFO - 2025-05-22 21:10:06 --> Security Class Initialized
DEBUG - 2025-05-22 21:10:06 --> Global POST, GET and COOKIE data sanitized
INFO - 2025-05-22 21:10:06 --> Input Class Initialized
INFO - 2025-05-22 21:10:06 --> Language Class Initialized
INFO - 2025-05-22 21:10:06 --> Language Class Initialized
INFO - 2025-05-22 21:10:06 --> Config Class Initialized
INFO - 2025-05-22 21:10:06 --> Loader Class Initialized
INFO - 2025-05-22 21:10:06 --> Helper loaded: url_helper
INFO - 2025-05-22 21:10:06 --> Helper loaded: easyui_helper
INFO - 2025-05-22 21:10:06 --> Helper loaded: param_helper
INFO - 2025-05-22 21:10:06 --> Helper loaded: credential_helper
INFO - 2025-05-22 21:10:06 --> Helper loaded: template_helper
INFO - 2025-05-22 21:10:06 --> Helper loaded: rest_helper
INFO - 2025-05-22 21:10:06 --> Database Driver Class Initialized
DEBUG - 2025-05-22 21:10:06 --> Idgenerator class already loaded. Second attempt ignored.
INFO - 2025-05-22 21:10:06 --> Controller Class Initialized
INFO - 2025-05-22 21:10:06 --> Model Class Initialized
DEBUG - 2025-05-22 21:10:06 --> File loaded: /apps/web-drc/application/modules/rep_order/models/Rep_order_model.php
INFO - 2025-05-22 21:10:06 --> Model Class Initialized
DEBUG - 2025-05-22 21:10:06 --> File loaded: /apps/web-drc/application/modules/rep_order/views/content.php
DEBUG - 2025-05-22 21:10:06 --> File loaded: /apps/web-drc/application/views/templates/header.php
DEBUG - 2025-05-22 21:10:06 --> File loaded: /apps/web-drc/application/views/templates/toolbar.php
DEBUG - 2025-05-22 21:10:06 --> File loaded: /apps/web-drc/application/views/templates/sidebar.php
DEBUG - 2025-05-22 21:10:06 --> File loaded: /apps/web-drc/application/views/templates/contents.php
DEBUG - 2025-05-22 21:10:06 --> File loaded: /apps/web-drc/application/views/templates/content_footer.php
DEBUG - 2025-05-22 21:10:06 --> File loaded: /apps/web-drc/application/views/templates/footer.php
DEBUG - 2025-05-22 21:10:06 --> File loaded: /apps/web-drc/application/views/templates/default.php
INFO - 2025-05-22 21:10:06 --> Final output sent to browser
DEBUG - 2025-05-22 21:10:06 --> Total execution time: 0.0135
INFO - 2025-05-22 21:10:07 --> Config Class Initialized
INFO - 2025-05-22 21:10:07 --> Hooks Class Initialized
DEBUG - 2025-05-22 21:10:07 --> UTF-8 Support Enabled
INFO - 2025-05-22 21:10:07 --> Utf8 Class Initialized
INFO - 2025-05-22 21:10:07 --> URI Class Initialized
INFO - 2025-05-22 21:10:07 --> Router Class Initialized
INFO - 2025-05-22 21:10:07 --> Output Class Initialized
INFO - 2025-05-22 21:10:07 --> Security Class Initialized
DEBUG - 2025-05-22 21:10:07 --> Global POST, GET and COOKIE data sanitized
INFO - 2025-05-22 21:10:07 --> Input Class Initialized
INFO - 2025-05-22 21:10:07 --> Language Class Initialized
INFO - 2025-05-22 21:10:07 --> Language Class Initialized
INFO - 2025-05-22 21:10:07 --> Config Class Initialized
INFO - 2025-05-22 21:10:07 --> Loader Class Initialized
INFO - 2025-05-22 21:10:07 --> Helper loaded: url_helper
INFO - 2025-05-22 21:10:07 --> Helper loaded: easyui_helper
INFO - 2025-05-22 21:10:07 --> Helper loaded: param_helper
INFO - 2025-05-22 21:10:07 --> Helper loaded: credential_helper
INFO - 2025-05-22 21:10:07 --> Helper loaded: template_helper
INFO - 2025-05-22 21:10:07 --> Helper loaded: rest_helper
INFO - 2025-05-22 21:10:07 --> Database Driver Class Initialized
DEBUG - 2025-05-22 21:10:07 --> Idgenerator class already loaded. Second attempt ignored.
INFO - 2025-05-22 21:10:07 --> Controller Class Initialized
INFO - 2025-05-22 21:10:07 --> Model Class Initialized
DEBUG - 2025-05-22 21:10:07 --> File loaded: /apps/web-drc/application/modules/rep_order/models/Rep_order_model.php
INFO - 2025-05-22 21:10:07 --> Model Class Initialized
INFO - 2025-05-22 21:10:07 --> Final output sent to browser
DEBUG - 2025-05-22 21:10:07 --> Total execution time: 0.0050
INFO - 2025-05-22 21:10:07 --> Config Class Initialized
INFO - 2025-05-22 21:10:07 --> Hooks Class Initialized
DEBUG - 2025-05-22 21:10:07 --> UTF-8 Support Enabled
INFO - 2025-05-22 21:10:07 --> Utf8 Class Initialized
INFO - 2025-05-22 21:10:07 --> URI Class Initialized
INFO - 2025-05-22 21:10:07 --> Router Class Initialized
INFO - 2025-05-22 21:10:07 --> Output Class Initialized
INFO - 2025-05-22 21:10:07 --> Security Class Initialized
DEBUG - 2025-05-22 21:10:07 --> Global POST, GET and COOKIE data sanitized
INFO - 2025-05-22 21:10:07 --> Input Class Initialized
INFO - 2025-05-22 21:10:07 --> Language Class Initialized
INFO - 2025-05-22 21:10:07 --> Language Class Initialized
INFO - 2025-05-22 21:10:07 --> Config Class Initialized
INFO - 2025-05-22 21:10:07 --> Loader Class Initialized
INFO - 2025-05-22 21:10:07 --> Helper loaded: url_helper
INFO - 2025-05-22 21:10:07 --> Helper loaded: easyui_helper
INFO - 2025-05-22 21:10:07 --> Helper loaded: param_helper
INFO - 2025-05-22 21:10:07 --> Helper loaded: credential_helper
INFO - 2025-05-22 21:10:07 --> Helper loaded: template_helper
INFO - 2025-05-22 21:10:07 --> Helper loaded: rest_helper
INFO - 2025-05-22 21:10:07 --> Database Driver Class Initialized
DEBUG - 2025-05-22 21:10:07 --> Idgenerator class already loaded. Second attempt ignored.
INFO - 2025-05-22 21:10:07 --> Controller Class Initialized
INFO - 2025-05-22 21:10:07 --> Model Class Initialized
DEBUG - 2025-05-22 21:10:07 --> File loaded: /apps/web-drc/application/modules/rep_order/models/Rep_order_model.php
INFO - 2025-05-22 21:10:07 --> Model Class Initialized
INFO - 2025-05-22 21:10:07 --> Final output sent to browser
DEBUG - 2025-05-22 21:10:07 --> Total execution time: 0.0072
