INFO - 2025-03-20 00:00:18 --> Config Class Initialized
INFO - 2025-03-20 00:00:18 --> Hooks Class Initialized
DEBUG - 2025-03-20 00:00:18 --> UTF-8 Support Enabled
INFO - 2025-03-20 00:00:18 --> Utf8 Class Initialized
INFO - 2025-03-20 00:00:18 --> URI Class Initialized
INFO - 2025-03-20 00:00:18 --> Router Class Initialized
INFO - 2025-03-20 00:00:18 --> Output Class Initialized
INFO - 2025-03-20 00:00:18 --> Security Class Initialized
DEBUG - 2025-03-20 00:00:18 --> Global POST, GET and COOKIE data sanitized
INFO - 2025-03-20 00:00:18 --> Input Class Initialized
INFO - 2025-03-20 00:00:18 --> Language Class Initialized
INFO - 2025-03-20 00:00:18 --> Language Class Initialized
INFO - 2025-03-20 00:00:18 --> Config Class Initialized
INFO - 2025-03-20 00:00:18 --> Loader Class Initialized
INFO - 2025-03-20 00:00:18 --> Helper loaded: url_helper
INFO - 2025-03-20 00:00:18 --> Helper loaded: easyui_helper
INFO - 2025-03-20 00:00:18 --> Helper loaded: param_helper
INFO - 2025-03-20 00:00:18 --> Helper loaded: credential_helper
INFO - 2025-03-20 00:00:18 --> Helper loaded: template_helper
INFO - 2025-03-20 00:00:18 --> Helper loaded: rest_helper
INFO - 2025-03-20 00:00:18 --> Database Driver Class Initialized
DEBUG - 2025-03-20 00:00:18 --> Idgenerator class already loaded. Second attempt ignored.
INFO - 2025-03-20 00:00:18 --> Controller Class Initialized
INFO - 2025-03-20 00:00:18 --> Model Class Initialized
DEBUG - 2025-03-20 00:00:18 --> File loaded: /apps/web-drc/application/modules/visibility_program_active/models/Visibility_program_model.php
INFO - 2025-03-20 00:00:18 --> Model Class Initialized
DEBUG - 2025-03-20 00:00:18 --> File loaded: /apps/web-drc/application/modules/visibility_program_active/views/content.php
DEBUG - 2025-03-20 00:00:18 --> File loaded: /apps/web-drc/application/views/templates/header.php
DEBUG - 2025-03-20 00:00:18 --> File loaded: /apps/web-drc/application/views/templates/toolbar.php
DEBUG - 2025-03-20 00:00:18 --> File loaded: /apps/web-drc/application/views/templates/sidebar.php
DEBUG - 2025-03-20 00:00:18 --> File loaded: /apps/web-drc/application/views/templates/contents.php
DEBUG - 2025-03-20 00:00:18 --> File loaded: /apps/web-drc/application/views/templates/content_footer.php
DEBUG - 2025-03-20 00:00:18 --> File loaded: /apps/web-drc/application/views/templates/footer.php
DEBUG - 2025-03-20 00:00:18 --> File loaded: /apps/web-drc/application/views/templates/default.php
INFO - 2025-03-20 00:00:18 --> Final output sent to browser
DEBUG - 2025-03-20 00:00:18 --> Total execution time: 0.0075
INFO - 2025-03-20 00:00:19 --> Config Class Initialized
INFO - 2025-03-20 00:00:19 --> Hooks Class Initialized
DEBUG - 2025-03-20 00:00:19 --> UTF-8 Support Enabled
INFO - 2025-03-20 00:00:19 --> Utf8 Class Initialized
INFO - 2025-03-20 00:00:19 --> URI Class Initialized
INFO - 2025-03-20 00:00:19 --> Router Class Initialized
INFO - 2025-03-20 00:00:19 --> Output Class Initialized
INFO - 2025-03-20 00:00:19 --> Security Class Initialized
DEBUG - 2025-03-20 00:00:19 --> Global POST, GET and COOKIE data sanitized
INFO - 2025-03-20 00:00:19 --> Input Class Initialized
INFO - 2025-03-20 00:00:19 --> Language Class Initialized
ERROR - 2025-03-20 00:00:19 --> 404 Page Not Found: /index
INFO - 2025-03-20 00:00:19 --> Config Class Initialized
INFO - 2025-03-20 00:00:19 --> Hooks Class Initialized
DEBUG - 2025-03-20 00:00:19 --> UTF-8 Support Enabled
INFO - 2025-03-20 00:00:19 --> Utf8 Class Initialized
INFO - 2025-03-20 00:00:19 --> URI Class Initialized
INFO - 2025-03-20 00:00:19 --> Router Class Initialized
INFO - 2025-03-20 00:00:19 --> Output Class Initialized
INFO - 2025-03-20 00:00:19 --> Security Class Initialized
DEBUG - 2025-03-20 00:00:19 --> Global POST, GET and COOKIE data sanitized
INFO - 2025-03-20 00:00:19 --> Input Class Initialized
INFO - 2025-03-20 00:00:19 --> Language Class Initialized
INFO - 2025-03-20 00:00:19 --> Language Class Initialized
INFO - 2025-03-20 00:00:19 --> Config Class Initialized
INFO - 2025-03-20 00:00:19 --> Loader Class Initialized
INFO - 2025-03-20 00:00:19 --> Helper loaded: url_helper
INFO - 2025-03-20 00:00:19 --> Helper loaded: easyui_helper
INFO - 2025-03-20 00:00:19 --> Helper loaded: param_helper
INFO - 2025-03-20 00:00:19 --> Helper loaded: credential_helper
INFO - 2025-03-20 00:00:19 --> Helper loaded: template_helper
INFO - 2025-03-20 00:00:19 --> Helper loaded: rest_helper
INFO - 2025-03-20 00:00:19 --> Database Driver Class Initialized
DEBUG - 2025-03-20 00:00:19 --> Idgenerator class already loaded. Second attempt ignored.
INFO - 2025-03-20 00:00:19 --> Controller Class Initialized
INFO - 2025-03-20 00:00:19 --> Model Class Initialized
DEBUG - 2025-03-20 00:00:19 --> File loaded: /apps/web-drc/application/modules/visibility_program_active/models/Visibility_program_model.php
INFO - 2025-03-20 00:00:19 --> Model Class Initialized
INFO - 2025-03-20 00:00:19 --> Final output sent to browser
DEBUG - 2025-03-20 00:00:19 --> Total execution time: 0.0059
INFO - 2025-03-20 00:00:20 --> Config Class Initialized
INFO - 2025-03-20 00:00:20 --> Hooks Class Initialized
DEBUG - 2025-03-20 00:00:20 --> UTF-8 Support Enabled
INFO - 2025-03-20 00:00:20 --> Utf8 Class Initialized
INFO - 2025-03-20 00:00:20 --> URI Class Initialized
INFO - 2025-03-20 00:00:20 --> Router Class Initialized
INFO - 2025-03-20 00:00:20 --> Output Class Initialized
INFO - 2025-03-20 00:00:20 --> Security Class Initialized
DEBUG - 2025-03-20 00:00:20 --> Global POST, GET and COOKIE data sanitized
INFO - 2025-03-20 00:00:20 --> Input Class Initialized
INFO - 2025-03-20 00:00:20 --> Language Class Initialized
INFO - 2025-03-20 00:00:20 --> Language Class Initialized
INFO - 2025-03-20 00:00:20 --> Config Class Initialized
INFO - 2025-03-20 00:00:20 --> Loader Class Initialized
INFO - 2025-03-20 00:00:20 --> Helper loaded: url_helper
INFO - 2025-03-20 00:00:20 --> Helper loaded: easyui_helper
INFO - 2025-03-20 00:00:20 --> Helper loaded: param_helper
INFO - 2025-03-20 00:00:20 --> Helper loaded: credential_helper
INFO - 2025-03-20 00:00:20 --> Helper loaded: template_helper
INFO - 2025-03-20 00:00:20 --> Helper loaded: rest_helper
INFO - 2025-03-20 00:00:20 --> Database Driver Class Initialized
DEBUG - 2025-03-20 00:00:20 --> Idgenerator class already loaded. Second attempt ignored.
INFO - 2025-03-20 00:00:20 --> Controller Class Initialized
INFO - 2025-03-20 00:00:20 --> Model Class Initialized
DEBUG - 2025-03-20 00:00:20 --> File loaded: /apps/web-drc/application/modules/visibility_program_active/models/Visibility_program_model.php
INFO - 2025-03-20 00:00:20 --> Model Class Initialized
DEBUG - 2025-03-20 00:00:20 --> File loaded: /apps/web-drc/application/modules/visibility_program_active/views/content.php
DEBUG - 2025-03-20 00:00:20 --> File loaded: /apps/web-drc/application/views/templates/header.php
DEBUG - 2025-03-20 00:00:20 --> File loaded: /apps/web-drc/application/views/templates/toolbar.php
DEBUG - 2025-03-20 00:00:20 --> File loaded: /apps/web-drc/application/views/templates/sidebar.php
DEBUG - 2025-03-20 00:00:20 --> File loaded: /apps/web-drc/application/views/templates/contents.php
DEBUG - 2025-03-20 00:00:20 --> File loaded: /apps/web-drc/application/views/templates/content_footer.php
DEBUG - 2025-03-20 00:00:20 --> File loaded: /apps/web-drc/application/views/templates/footer.php
DEBUG - 2025-03-20 00:00:20 --> File loaded: /apps/web-drc/application/views/templates/default.php
INFO - 2025-03-20 00:00:20 --> Final output sent to browser
DEBUG - 2025-03-20 00:00:20 --> Total execution time: 0.0070
INFO - 2025-03-20 00:00:23 --> Config Class Initialized
INFO - 2025-03-20 00:00:23 --> Hooks Class Initialized
DEBUG - 2025-03-20 00:00:23 --> UTF-8 Support Enabled
INFO - 2025-03-20 00:00:23 --> Utf8 Class Initialized
INFO - 2025-03-20 00:00:23 --> URI Class Initialized
INFO - 2025-03-20 00:00:23 --> Router Class Initialized
INFO - 2025-03-20 00:00:23 --> Output Class Initialized
INFO - 2025-03-20 00:00:23 --> Security Class Initialized
DEBUG - 2025-03-20 00:00:23 --> Global POST, GET and COOKIE data sanitized
INFO - 2025-03-20 00:00:23 --> Input Class Initialized
INFO - 2025-03-20 00:00:23 --> Language Class Initialized
ERROR - 2025-03-20 00:00:23 --> 404 Page Not Found: /index
INFO - 2025-03-20 00:00:23 --> Config Class Initialized
INFO - 2025-03-20 00:00:23 --> Hooks Class Initialized
DEBUG - 2025-03-20 00:00:23 --> UTF-8 Support Enabled
INFO - 2025-03-20 00:00:23 --> Utf8 Class Initialized
INFO - 2025-03-20 00:00:23 --> URI Class Initialized
INFO - 2025-03-20 00:00:23 --> Router Class Initialized
INFO - 2025-03-20 00:00:23 --> Output Class Initialized
INFO - 2025-03-20 00:00:23 --> Security Class Initialized
DEBUG - 2025-03-20 00:00:23 --> Global POST, GET and COOKIE data sanitized
INFO - 2025-03-20 00:00:23 --> Input Class Initialized
INFO - 2025-03-20 00:00:23 --> Language Class Initialized
INFO - 2025-03-20 00:00:23 --> Language Class Initialized
INFO - 2025-03-20 00:00:23 --> Config Class Initialized
INFO - 2025-03-20 00:00:23 --> Loader Class Initialized
INFO - 2025-03-20 00:00:23 --> Helper loaded: url_helper
INFO - 2025-03-20 00:00:23 --> Helper loaded: easyui_helper
INFO - 2025-03-20 00:00:23 --> Helper loaded: param_helper
INFO - 2025-03-20 00:00:23 --> Helper loaded: credential_helper
INFO - 2025-03-20 00:00:23 --> Helper loaded: template_helper
INFO - 2025-03-20 00:00:23 --> Helper loaded: rest_helper
INFO - 2025-03-20 00:00:23 --> Database Driver Class Initialized
DEBUG - 2025-03-20 00:00:23 --> Idgenerator class already loaded. Second attempt ignored.
INFO - 2025-03-20 00:00:23 --> Controller Class Initialized
INFO - 2025-03-20 00:00:23 --> Model Class Initialized
DEBUG - 2025-03-20 00:00:23 --> File loaded: /apps/web-drc/application/modules/visibility_program_active/models/Visibility_program_model.php
INFO - 2025-03-20 00:00:23 --> Model Class Initialized
INFO - 2025-03-20 00:00:23 --> Final output sent to browser
DEBUG - 2025-03-20 00:00:23 --> Total execution time: 0.0084
INFO - 2025-03-20 00:00:24 --> Config Class Initialized
INFO - 2025-03-20 00:00:24 --> Hooks Class Initialized
DEBUG - 2025-03-20 00:00:24 --> UTF-8 Support Enabled
INFO - 2025-03-20 00:00:24 --> Utf8 Class Initialized
INFO - 2025-03-20 00:00:24 --> URI Class Initialized
INFO - 2025-03-20 00:00:24 --> Router Class Initialized
INFO - 2025-03-20 00:00:24 --> Output Class Initialized
INFO - 2025-03-20 00:00:24 --> Security Class Initialized
DEBUG - 2025-03-20 00:00:24 --> Global POST, GET and COOKIE data sanitized
INFO - 2025-03-20 00:00:24 --> Input Class Initialized
INFO - 2025-03-20 00:00:24 --> Language Class Initialized
ERROR - 2025-03-20 00:00:24 --> 404 Page Not Found: /index
INFO - 2025-03-20 00:00:27 --> Config Class Initialized
INFO - 2025-03-20 00:00:27 --> Hooks Class Initialized
DEBUG - 2025-03-20 00:00:27 --> UTF-8 Support Enabled
INFO - 2025-03-20 00:00:27 --> Utf8 Class Initialized
INFO - 2025-03-20 00:00:27 --> URI Class Initialized
INFO - 2025-03-20 00:00:27 --> Router Class Initialized
INFO - 2025-03-20 00:00:27 --> Output Class Initialized
INFO - 2025-03-20 00:00:27 --> Security Class Initialized
DEBUG - 2025-03-20 00:00:27 --> Global POST, GET and COOKIE data sanitized
INFO - 2025-03-20 00:00:27 --> Input Class Initialized
INFO - 2025-03-20 00:00:27 --> Language Class Initialized
INFO - 2025-03-20 00:00:27 --> Language Class Initialized
INFO - 2025-03-20 00:00:27 --> Config Class Initialized
INFO - 2025-03-20 00:00:27 --> Loader Class Initialized
INFO - 2025-03-20 00:00:27 --> Helper loaded: url_helper
INFO - 2025-03-20 00:00:27 --> Helper loaded: easyui_helper
INFO - 2025-03-20 00:00:27 --> Helper loaded: param_helper
INFO - 2025-03-20 00:00:27 --> Helper loaded: credential_helper
INFO - 2025-03-20 00:00:27 --> Helper loaded: template_helper
INFO - 2025-03-20 00:00:27 --> Helper loaded: rest_helper
INFO - 2025-03-20 00:00:27 --> Database Driver Class Initialized
DEBUG - 2025-03-20 00:00:27 --> Idgenerator class already loaded. Second attempt ignored.
INFO - 2025-03-20 00:00:27 --> Controller Class Initialized
INFO - 2025-03-20 00:00:27 --> Model Class Initialized
DEBUG - 2025-03-20 00:00:27 --> File loaded: /apps/web-drc/application/modules/visibility_program_active/models/Visibility_program_model.php
INFO - 2025-03-20 00:00:27 --> Model Class Initialized
DEBUG - 2025-03-20 00:00:27 --> File loaded: /apps/web-drc/application/modules/visibility_program_active/views/form.php
DEBUG - 2025-03-20 00:00:27 --> File loaded: /apps/web-drc/application/views/templates/header.php
DEBUG - 2025-03-20 00:00:27 --> File loaded: /apps/web-drc/application/views/templates/toolbar.php
DEBUG - 2025-03-20 00:00:27 --> File loaded: /apps/web-drc/application/views/templates/sidebar.php
DEBUG - 2025-03-20 00:00:27 --> File loaded: /apps/web-drc/application/views/templates/contents.php
DEBUG - 2025-03-20 00:00:27 --> File loaded: /apps/web-drc/application/views/templates/content_footer.php
DEBUG - 2025-03-20 00:00:27 --> File loaded: /apps/web-drc/application/views/templates/footer.php
DEBUG - 2025-03-20 00:00:27 --> File loaded: /apps/web-drc/application/views/templates/default.php
INFO - 2025-03-20 00:00:27 --> Final output sent to browser
DEBUG - 2025-03-20 00:00:27 --> Total execution time: 0.0075
INFO - 2025-03-20 00:00:27 --> Config Class Initialized
INFO - 2025-03-20 00:00:27 --> Hooks Class Initialized
DEBUG - 2025-03-20 00:00:27 --> UTF-8 Support Enabled
INFO - 2025-03-20 00:00:27 --> Utf8 Class Initialized
INFO - 2025-03-20 00:00:27 --> URI Class Initialized
INFO - 2025-03-20 00:00:27 --> Router Class Initialized
INFO - 2025-03-20 00:00:27 --> Output Class Initialized
INFO - 2025-03-20 00:00:27 --> Security Class Initialized
DEBUG - 2025-03-20 00:00:27 --> Global POST, GET and COOKIE data sanitized
INFO - 2025-03-20 00:00:27 --> Input Class Initialized
INFO - 2025-03-20 00:00:27 --> Language Class Initialized
ERROR - 2025-03-20 00:00:27 --> 404 Page Not Found: /index
INFO - 2025-03-20 00:00:27 --> Config Class Initialized
INFO - 2025-03-20 00:00:27 --> Hooks Class Initialized
DEBUG - 2025-03-20 00:00:27 --> UTF-8 Support Enabled
INFO - 2025-03-20 00:00:27 --> Utf8 Class Initialized
INFO - 2025-03-20 00:00:27 --> URI Class Initialized
INFO - 2025-03-20 00:00:27 --> Router Class Initialized
INFO - 2025-03-20 00:00:27 --> Output Class Initialized
INFO - 2025-03-20 00:00:27 --> Security Class Initialized
DEBUG - 2025-03-20 00:00:27 --> Global POST, GET and COOKIE data sanitized
INFO - 2025-03-20 00:00:27 --> Input Class Initialized
INFO - 2025-03-20 00:00:27 --> Language Class Initialized
INFO - 2025-03-20 00:00:27 --> Language Class Initialized
INFO - 2025-03-20 00:00:27 --> Config Class Initialized
INFO - 2025-03-20 00:00:27 --> Loader Class Initialized
INFO - 2025-03-20 00:00:27 --> Helper loaded: url_helper
INFO - 2025-03-20 00:00:27 --> Helper loaded: easyui_helper
INFO - 2025-03-20 00:00:27 --> Helper loaded: param_helper
INFO - 2025-03-20 00:00:27 --> Helper loaded: credential_helper
INFO - 2025-03-20 00:00:27 --> Helper loaded: template_helper
INFO - 2025-03-20 00:00:27 --> Helper loaded: rest_helper
INFO - 2025-03-20 00:00:27 --> Database Driver Class Initialized
DEBUG - 2025-03-20 00:00:27 --> Idgenerator class already loaded. Second attempt ignored.
INFO - 2025-03-20 00:00:27 --> Controller Class Initialized
INFO - 2025-03-20 00:00:27 --> Model Class Initialized
DEBUG - 2025-03-20 00:00:27 --> File loaded: /apps/web-drc/application/modules/api_v1/models/Api_v1_model.php
INFO - 2025-03-20 00:00:27 --> Model Class Initialized
INFO - 2025-03-20 00:00:27 --> Final output sent to browser
DEBUG - 2025-03-20 00:00:27 --> Total execution time: 0.0041
INFO - 2025-03-20 00:00:27 --> Config Class Initialized
INFO - 2025-03-20 00:00:27 --> Hooks Class Initialized
DEBUG - 2025-03-20 00:00:27 --> UTF-8 Support Enabled
INFO - 2025-03-20 00:00:27 --> Utf8 Class Initialized
INFO - 2025-03-20 00:00:27 --> URI Class Initialized
INFO - 2025-03-20 00:00:27 --> Router Class Initialized
INFO - 2025-03-20 00:00:27 --> Output Class Initialized
INFO - 2025-03-20 00:00:27 --> Security Class Initialized
DEBUG - 2025-03-20 00:00:27 --> Global POST, GET and COOKIE data sanitized
INFO - 2025-03-20 00:00:27 --> Input Class Initialized
INFO - 2025-03-20 00:00:27 --> Language Class Initialized
INFO - 2025-03-20 00:00:27 --> Language Class Initialized
INFO - 2025-03-20 00:00:27 --> Config Class Initialized
INFO - 2025-03-20 00:00:27 --> Loader Class Initialized
INFO - 2025-03-20 00:00:27 --> Helper loaded: url_helper
INFO - 2025-03-20 00:00:27 --> Helper loaded: easyui_helper
INFO - 2025-03-20 00:00:27 --> Helper loaded: param_helper
INFO - 2025-03-20 00:00:27 --> Helper loaded: credential_helper
INFO - 2025-03-20 00:00:27 --> Helper loaded: template_helper
INFO - 2025-03-20 00:00:27 --> Helper loaded: rest_helper
INFO - 2025-03-20 00:00:27 --> Database Driver Class Initialized
DEBUG - 2025-03-20 00:00:27 --> Idgenerator class already loaded. Second attempt ignored.
INFO - 2025-03-20 00:00:27 --> Controller Class Initialized
INFO - 2025-03-20 00:00:27 --> Model Class Initialized
DEBUG - 2025-03-20 00:00:27 --> File loaded: /apps/web-drc/application/modules/api_v1/models/Api_v1_model.php
INFO - 2025-03-20 00:00:27 --> Model Class Initialized
INFO - 2025-03-20 00:00:27 --> Final output sent to browser
DEBUG - 2025-03-20 00:00:27 --> Total execution time: 0.0041
INFO - 2025-03-20 00:00:27 --> Config Class Initialized
INFO - 2025-03-20 00:00:27 --> Hooks Class Initialized
DEBUG - 2025-03-20 00:00:27 --> UTF-8 Support Enabled
INFO - 2025-03-20 00:00:27 --> Utf8 Class Initialized
INFO - 2025-03-20 00:00:27 --> URI Class Initialized
INFO - 2025-03-20 00:00:27 --> Router Class Initialized
INFO - 2025-03-20 00:00:27 --> Output Class Initialized
INFO - 2025-03-20 00:00:27 --> Security Class Initialized
DEBUG - 2025-03-20 00:00:27 --> Global POST, GET and COOKIE data sanitized
INFO - 2025-03-20 00:00:27 --> Input Class Initialized
INFO - 2025-03-20 00:00:27 --> Language Class Initialized
INFO - 2025-03-20 00:00:27 --> Language Class Initialized
INFO - 2025-03-20 00:00:27 --> Config Class Initialized
INFO - 2025-03-20 00:00:27 --> Loader Class Initialized
INFO - 2025-03-20 00:00:27 --> Helper loaded: url_helper
INFO - 2025-03-20 00:00:27 --> Helper loaded: easyui_helper
INFO - 2025-03-20 00:00:27 --> Helper loaded: param_helper
INFO - 2025-03-20 00:00:27 --> Helper loaded: credential_helper
INFO - 2025-03-20 00:00:27 --> Helper loaded: template_helper
INFO - 2025-03-20 00:00:27 --> Helper loaded: rest_helper
INFO - 2025-03-20 00:00:27 --> Database Driver Class Initialized
DEBUG - 2025-03-20 00:00:27 --> Idgenerator class already loaded. Second attempt ignored.
INFO - 2025-03-20 00:00:27 --> Controller Class Initialized
INFO - 2025-03-20 00:00:27 --> Model Class Initialized
DEBUG - 2025-03-20 00:00:27 --> File loaded: /apps/web-drc/application/modules/ref_customer_class/models/Customer_class_model.php
INFO - 2025-03-20 00:00:27 --> Model Class Initialized
INFO - 2025-03-20 00:00:27 --> Final output sent to browser
DEBUG - 2025-03-20 00:00:27 --> Total execution time: 0.0031
INFO - 2025-03-20 00:09:41 --> Config Class Initialized
INFO - 2025-03-20 00:09:41 --> Hooks Class Initialized
DEBUG - 2025-03-20 00:09:41 --> UTF-8 Support Enabled
INFO - 2025-03-20 00:09:41 --> Utf8 Class Initialized
INFO - 2025-03-20 00:09:41 --> URI Class Initialized
INFO - 2025-03-20 00:09:41 --> Router Class Initialized
INFO - 2025-03-20 00:09:41 --> Output Class Initialized
INFO - 2025-03-20 00:09:41 --> Security Class Initialized
DEBUG - 2025-03-20 00:09:41 --> Global POST, GET and COOKIE data sanitized
INFO - 2025-03-20 00:09:41 --> Input Class Initialized
INFO - 2025-03-20 00:09:41 --> Language Class Initialized
INFO - 2025-03-20 00:09:41 --> Language Class Initialized
INFO - 2025-03-20 00:09:41 --> Config Class Initialized
INFO - 2025-03-20 00:09:41 --> Loader Class Initialized
INFO - 2025-03-20 00:09:41 --> Helper loaded: url_helper
INFO - 2025-03-20 00:09:41 --> Helper loaded: easyui_helper
INFO - 2025-03-20 00:09:41 --> Helper loaded: param_helper
INFO - 2025-03-20 00:09:41 --> Helper loaded: credential_helper
INFO - 2025-03-20 00:09:41 --> Helper loaded: template_helper
INFO - 2025-03-20 00:09:41 --> Helper loaded: rest_helper
INFO - 2025-03-20 00:09:41 --> Database Driver Class Initialized
DEBUG - 2025-03-20 00:09:41 --> Idgenerator class already loaded. Second attempt ignored.
INFO - 2025-03-20 00:09:41 --> Controller Class Initialized
INFO - 2025-03-20 00:09:41 --> Model Class Initialized
DEBUG - 2025-03-20 00:09:41 --> File loaded: /apps/web-drc/application/modules/visibility_program_active/models/Visibility_program_model.php
INFO - 2025-03-20 00:09:41 --> Model Class Initialized
DEBUG - 2025-03-20 00:09:41 --> File loaded: /apps/web-drc/application/modules/visibility_program_active/views/content.php
DEBUG - 2025-03-20 00:09:41 --> File loaded: /apps/web-drc/application/views/templates/header.php
DEBUG - 2025-03-20 00:09:41 --> File loaded: /apps/web-drc/application/views/templates/toolbar.php
DEBUG - 2025-03-20 00:09:41 --> File loaded: /apps/web-drc/application/views/templates/sidebar.php
DEBUG - 2025-03-20 00:09:41 --> File loaded: /apps/web-drc/application/views/templates/contents.php
DEBUG - 2025-03-20 00:09:41 --> File loaded: /apps/web-drc/application/views/templates/content_footer.php
DEBUG - 2025-03-20 00:09:41 --> File loaded: /apps/web-drc/application/views/templates/footer.php
DEBUG - 2025-03-20 00:09:41 --> File loaded: /apps/web-drc/application/views/templates/default.php
INFO - 2025-03-20 00:09:41 --> Final output sent to browser
DEBUG - 2025-03-20 00:09:41 --> Total execution time: 0.0063
INFO - 2025-03-20 00:09:42 --> Config Class Initialized
INFO - 2025-03-20 00:09:42 --> Hooks Class Initialized
DEBUG - 2025-03-20 00:09:42 --> UTF-8 Support Enabled
INFO - 2025-03-20 00:09:42 --> Utf8 Class Initialized
INFO - 2025-03-20 00:09:42 --> URI Class Initialized
INFO - 2025-03-20 00:09:42 --> Router Class Initialized
INFO - 2025-03-20 00:09:42 --> Output Class Initialized
INFO - 2025-03-20 00:09:42 --> Security Class Initialized
DEBUG - 2025-03-20 00:09:42 --> Global POST, GET and COOKIE data sanitized
INFO - 2025-03-20 00:09:42 --> Input Class Initialized
INFO - 2025-03-20 00:09:42 --> Language Class Initialized
ERROR - 2025-03-20 00:09:42 --> 404 Page Not Found: /index
INFO - 2025-03-20 00:09:42 --> Config Class Initialized
INFO - 2025-03-20 00:09:42 --> Hooks Class Initialized
DEBUG - 2025-03-20 00:09:42 --> UTF-8 Support Enabled
INFO - 2025-03-20 00:09:42 --> Utf8 Class Initialized
INFO - 2025-03-20 00:09:42 --> URI Class Initialized
INFO - 2025-03-20 00:09:42 --> Router Class Initialized
INFO - 2025-03-20 00:09:42 --> Output Class Initialized
INFO - 2025-03-20 00:09:42 --> Security Class Initialized
DEBUG - 2025-03-20 00:09:42 --> Global POST, GET and COOKIE data sanitized
INFO - 2025-03-20 00:09:42 --> Input Class Initialized
INFO - 2025-03-20 00:09:42 --> Language Class Initialized
INFO - 2025-03-20 00:09:42 --> Language Class Initialized
INFO - 2025-03-20 00:09:42 --> Config Class Initialized
INFO - 2025-03-20 00:09:42 --> Loader Class Initialized
INFO - 2025-03-20 00:09:42 --> Helper loaded: url_helper
INFO - 2025-03-20 00:09:42 --> Helper loaded: easyui_helper
INFO - 2025-03-20 00:09:42 --> Helper loaded: param_helper
INFO - 2025-03-20 00:09:42 --> Helper loaded: credential_helper
INFO - 2025-03-20 00:09:42 --> Helper loaded: template_helper
INFO - 2025-03-20 00:09:42 --> Helper loaded: rest_helper
INFO - 2025-03-20 00:09:42 --> Database Driver Class Initialized
DEBUG - 2025-03-20 00:09:42 --> Idgenerator class already loaded. Second attempt ignored.
INFO - 2025-03-20 00:09:42 --> Controller Class Initialized
INFO - 2025-03-20 00:09:42 --> Model Class Initialized
DEBUG - 2025-03-20 00:09:42 --> File loaded: /apps/web-drc/application/modules/visibility_program_active/models/Visibility_program_model.php
INFO - 2025-03-20 00:09:42 --> Model Class Initialized
INFO - 2025-03-20 00:09:42 --> Final output sent to browser
DEBUG - 2025-03-20 00:09:42 --> Total execution time: 0.0056
INFO - 2025-03-20 00:09:43 --> Config Class Initialized
INFO - 2025-03-20 00:09:43 --> Hooks Class Initialized
DEBUG - 2025-03-20 00:09:43 --> UTF-8 Support Enabled
INFO - 2025-03-20 00:09:43 --> Utf8 Class Initialized
INFO - 2025-03-20 00:09:43 --> URI Class Initialized
INFO - 2025-03-20 00:09:43 --> Router Class Initialized
INFO - 2025-03-20 00:09:43 --> Output Class Initialized
INFO - 2025-03-20 00:09:43 --> Security Class Initialized
DEBUG - 2025-03-20 00:09:43 --> Global POST, GET and COOKIE data sanitized
INFO - 2025-03-20 00:09:43 --> Input Class Initialized
INFO - 2025-03-20 00:09:43 --> Language Class Initialized
INFO - 2025-03-20 00:09:43 --> Language Class Initialized
INFO - 2025-03-20 00:09:43 --> Config Class Initialized
INFO - 2025-03-20 00:09:43 --> Loader Class Initialized
INFO - 2025-03-20 00:09:43 --> Helper loaded: url_helper
INFO - 2025-03-20 00:09:43 --> Helper loaded: easyui_helper
INFO - 2025-03-20 00:09:43 --> Helper loaded: param_helper
INFO - 2025-03-20 00:09:43 --> Helper loaded: credential_helper
INFO - 2025-03-20 00:09:43 --> Helper loaded: template_helper
INFO - 2025-03-20 00:09:43 --> Helper loaded: rest_helper
INFO - 2025-03-20 00:09:43 --> Database Driver Class Initialized
DEBUG - 2025-03-20 00:09:43 --> Idgenerator class already loaded. Second attempt ignored.
INFO - 2025-03-20 00:09:43 --> Controller Class Initialized
INFO - 2025-03-20 00:09:43 --> Model Class Initialized
DEBUG - 2025-03-20 00:09:43 --> File loaded: /apps/web-drc/application/modules/visibility_program_active/models/Visibility_program_model.php
INFO - 2025-03-20 00:09:43 --> Model Class Initialized
DEBUG - 2025-03-20 00:09:43 --> File loaded: /apps/web-drc/application/modules/visibility_program_active/views/content.php
DEBUG - 2025-03-20 00:09:43 --> File loaded: /apps/web-drc/application/views/templates/header.php
DEBUG - 2025-03-20 00:09:43 --> File loaded: /apps/web-drc/application/views/templates/toolbar.php
DEBUG - 2025-03-20 00:09:43 --> File loaded: /apps/web-drc/application/views/templates/sidebar.php
DEBUG - 2025-03-20 00:09:43 --> File loaded: /apps/web-drc/application/views/templates/contents.php
DEBUG - 2025-03-20 00:09:43 --> File loaded: /apps/web-drc/application/views/templates/content_footer.php
DEBUG - 2025-03-20 00:09:43 --> File loaded: /apps/web-drc/application/views/templates/footer.php
DEBUG - 2025-03-20 00:09:43 --> File loaded: /apps/web-drc/application/views/templates/default.php
INFO - 2025-03-20 00:09:43 --> Final output sent to browser
DEBUG - 2025-03-20 00:09:43 --> Total execution time: 0.0079
INFO - 2025-03-20 00:09:47 --> Config Class Initialized
INFO - 2025-03-20 00:09:47 --> Hooks Class Initialized
DEBUG - 2025-03-20 00:09:47 --> UTF-8 Support Enabled
INFO - 2025-03-20 00:09:47 --> Utf8 Class Initialized
INFO - 2025-03-20 00:09:47 --> URI Class Initialized
INFO - 2025-03-20 00:09:47 --> Router Class Initialized
INFO - 2025-03-20 00:09:47 --> Output Class Initialized
INFO - 2025-03-20 00:09:47 --> Security Class Initialized
DEBUG - 2025-03-20 00:09:47 --> Global POST, GET and COOKIE data sanitized
INFO - 2025-03-20 00:09:47 --> Input Class Initialized
INFO - 2025-03-20 00:09:47 --> Language Class Initialized
ERROR - 2025-03-20 00:09:47 --> 404 Page Not Found: /index
INFO - 2025-03-20 00:09:48 --> Config Class Initialized
INFO - 2025-03-20 00:09:48 --> Hooks Class Initialized
DEBUG - 2025-03-20 00:09:48 --> UTF-8 Support Enabled
INFO - 2025-03-20 00:09:48 --> Utf8 Class Initialized
INFO - 2025-03-20 00:09:48 --> URI Class Initialized
INFO - 2025-03-20 00:09:48 --> Router Class Initialized
INFO - 2025-03-20 00:09:48 --> Output Class Initialized
INFO - 2025-03-20 00:09:48 --> Security Class Initialized
DEBUG - 2025-03-20 00:09:48 --> Global POST, GET and COOKIE data sanitized
INFO - 2025-03-20 00:09:48 --> Input Class Initialized
INFO - 2025-03-20 00:09:48 --> Language Class Initialized
INFO - 2025-03-20 00:09:48 --> Language Class Initialized
INFO - 2025-03-20 00:09:48 --> Config Class Initialized
INFO - 2025-03-20 00:09:48 --> Loader Class Initialized
INFO - 2025-03-20 00:09:48 --> Helper loaded: url_helper
INFO - 2025-03-20 00:09:48 --> Helper loaded: easyui_helper
INFO - 2025-03-20 00:09:48 --> Helper loaded: param_helper
INFO - 2025-03-20 00:09:48 --> Helper loaded: credential_helper
INFO - 2025-03-20 00:09:48 --> Helper loaded: template_helper
INFO - 2025-03-20 00:09:48 --> Helper loaded: rest_helper
INFO - 2025-03-20 00:09:48 --> Database Driver Class Initialized
DEBUG - 2025-03-20 00:09:48 --> Idgenerator class already loaded. Second attempt ignored.
INFO - 2025-03-20 00:09:48 --> Controller Class Initialized
INFO - 2025-03-20 00:09:48 --> Model Class Initialized
DEBUG - 2025-03-20 00:09:48 --> File loaded: /apps/web-drc/application/modules/visibility_program_active/models/Visibility_program_model.php
INFO - 2025-03-20 00:09:48 --> Model Class Initialized
INFO - 2025-03-20 00:09:48 --> Final output sent to browser
DEBUG - 2025-03-20 00:09:48 --> Total execution time: 0.0044
INFO - 2025-03-20 00:09:50 --> Config Class Initialized
INFO - 2025-03-20 00:09:50 --> Hooks Class Initialized
DEBUG - 2025-03-20 00:09:50 --> UTF-8 Support Enabled
INFO - 2025-03-20 00:09:50 --> Utf8 Class Initialized
INFO - 2025-03-20 00:09:50 --> URI Class Initialized
INFO - 2025-03-20 00:09:50 --> Router Class Initialized
INFO - 2025-03-20 00:09:50 --> Output Class Initialized
INFO - 2025-03-20 00:09:50 --> Security Class Initialized
DEBUG - 2025-03-20 00:09:50 --> Global POST, GET and COOKIE data sanitized
INFO - 2025-03-20 00:09:50 --> Input Class Initialized
INFO - 2025-03-20 00:09:50 --> Language Class Initialized
INFO - 2025-03-20 00:09:50 --> Language Class Initialized
INFO - 2025-03-20 00:09:50 --> Config Class Initialized
INFO - 2025-03-20 00:09:50 --> Loader Class Initialized
INFO - 2025-03-20 00:09:50 --> Helper loaded: url_helper
INFO - 2025-03-20 00:09:50 --> Helper loaded: easyui_helper
INFO - 2025-03-20 00:09:50 --> Helper loaded: param_helper
INFO - 2025-03-20 00:09:50 --> Helper loaded: credential_helper
INFO - 2025-03-20 00:09:50 --> Helper loaded: template_helper
INFO - 2025-03-20 00:09:50 --> Helper loaded: rest_helper
INFO - 2025-03-20 00:09:50 --> Database Driver Class Initialized
DEBUG - 2025-03-20 00:09:50 --> Idgenerator class already loaded. Second attempt ignored.
INFO - 2025-03-20 00:09:50 --> Controller Class Initialized
INFO - 2025-03-20 00:09:50 --> Model Class Initialized
DEBUG - 2025-03-20 00:09:50 --> File loaded: /apps/web-drc/application/modules/visibility_program_active/models/Visibility_program_model.php
INFO - 2025-03-20 00:09:50 --> Model Class Initialized
INFO - 2025-03-20 00:09:50 --> Final output sent to browser
DEBUG - 2025-03-20 00:09:50 --> Total execution time: 0.0068
INFO - 2025-03-20 00:09:50 --> Config Class Initialized
INFO - 2025-03-20 00:09:50 --> Hooks Class Initialized
DEBUG - 2025-03-20 00:09:50 --> UTF-8 Support Enabled
INFO - 2025-03-20 00:09:50 --> Utf8 Class Initialized
INFO - 2025-03-20 00:09:50 --> URI Class Initialized
INFO - 2025-03-20 00:09:50 --> Router Class Initialized
INFO - 2025-03-20 00:09:50 --> Output Class Initialized
INFO - 2025-03-20 00:09:50 --> Security Class Initialized
DEBUG - 2025-03-20 00:09:50 --> Global POST, GET and COOKIE data sanitized
INFO - 2025-03-20 00:09:50 --> Input Class Initialized
INFO - 2025-03-20 00:09:50 --> Language Class Initialized
ERROR - 2025-03-20 00:09:50 --> 404 Page Not Found: /index
INFO - 2025-03-20 00:09:52 --> Config Class Initialized
INFO - 2025-03-20 00:09:52 --> Hooks Class Initialized
DEBUG - 2025-03-20 00:09:52 --> UTF-8 Support Enabled
INFO - 2025-03-20 00:09:52 --> Utf8 Class Initialized
INFO - 2025-03-20 00:09:52 --> URI Class Initialized
INFO - 2025-03-20 00:09:52 --> Router Class Initialized
INFO - 2025-03-20 00:09:52 --> Output Class Initialized
INFO - 2025-03-20 00:09:52 --> Security Class Initialized
DEBUG - 2025-03-20 00:09:52 --> Global POST, GET and COOKIE data sanitized
INFO - 2025-03-20 00:09:52 --> Input Class Initialized
INFO - 2025-03-20 00:09:52 --> Language Class Initialized
INFO - 2025-03-20 00:09:52 --> Language Class Initialized
INFO - 2025-03-20 00:09:52 --> Config Class Initialized
INFO - 2025-03-20 00:09:52 --> Loader Class Initialized
INFO - 2025-03-20 00:09:52 --> Helper loaded: url_helper
INFO - 2025-03-20 00:09:52 --> Helper loaded: easyui_helper
INFO - 2025-03-20 00:09:52 --> Helper loaded: param_helper
INFO - 2025-03-20 00:09:52 --> Helper loaded: credential_helper
INFO - 2025-03-20 00:09:52 --> Helper loaded: template_helper
INFO - 2025-03-20 00:09:52 --> Helper loaded: rest_helper
INFO - 2025-03-20 00:09:52 --> Database Driver Class Initialized
DEBUG - 2025-03-20 00:09:52 --> Idgenerator class already loaded. Second attempt ignored.
INFO - 2025-03-20 00:09:52 --> Controller Class Initialized
INFO - 2025-03-20 00:09:52 --> Model Class Initialized
DEBUG - 2025-03-20 00:09:52 --> File loaded: /apps/web-drc/application/modules/visibility_program_active/models/Visibility_program_model.php
INFO - 2025-03-20 00:09:52 --> Model Class Initialized
INFO - 2025-03-20 00:09:52 --> Final output sent to browser
DEBUG - 2025-03-20 00:09:52 --> Total execution time: 0.0103
INFO - 2025-03-20 00:09:54 --> Config Class Initialized
INFO - 2025-03-20 00:09:54 --> Hooks Class Initialized
DEBUG - 2025-03-20 00:09:54 --> UTF-8 Support Enabled
INFO - 2025-03-20 00:09:54 --> Utf8 Class Initialized
INFO - 2025-03-20 00:09:54 --> URI Class Initialized
INFO - 2025-03-20 00:09:54 --> Router Class Initialized
INFO - 2025-03-20 00:09:54 --> Output Class Initialized
INFO - 2025-03-20 00:09:54 --> Security Class Initialized
DEBUG - 2025-03-20 00:09:54 --> Global POST, GET and COOKIE data sanitized
INFO - 2025-03-20 00:09:54 --> Input Class Initialized
INFO - 2025-03-20 00:09:54 --> Language Class Initialized
INFO - 2025-03-20 00:09:54 --> Language Class Initialized
INFO - 2025-03-20 00:09:54 --> Config Class Initialized
INFO - 2025-03-20 00:09:54 --> Loader Class Initialized
INFO - 2025-03-20 00:09:54 --> Helper loaded: url_helper
INFO - 2025-03-20 00:09:54 --> Helper loaded: easyui_helper
INFO - 2025-03-20 00:09:54 --> Helper loaded: param_helper
INFO - 2025-03-20 00:09:54 --> Helper loaded: credential_helper
INFO - 2025-03-20 00:09:54 --> Helper loaded: template_helper
INFO - 2025-03-20 00:09:54 --> Helper loaded: rest_helper
INFO - 2025-03-20 00:09:54 --> Database Driver Class Initialized
DEBUG - 2025-03-20 00:09:54 --> Idgenerator class already loaded. Second attempt ignored.
INFO - 2025-03-20 00:09:54 --> Controller Class Initialized
INFO - 2025-03-20 00:09:54 --> Model Class Initialized
DEBUG - 2025-03-20 00:09:54 --> File loaded: /apps/web-drc/application/modules/visibility_program_active/models/Visibility_program_model.php
INFO - 2025-03-20 00:09:54 --> Model Class Initialized
DEBUG - 2025-03-20 00:09:54 --> File loaded: /apps/web-drc/application/modules/visibility_program_active/views/form.php
DEBUG - 2025-03-20 00:09:54 --> File loaded: /apps/web-drc/application/views/templates/header.php
DEBUG - 2025-03-20 00:09:54 --> File loaded: /apps/web-drc/application/views/templates/toolbar.php
DEBUG - 2025-03-20 00:09:54 --> File loaded: /apps/web-drc/application/views/templates/sidebar.php
DEBUG - 2025-03-20 00:09:54 --> File loaded: /apps/web-drc/application/views/templates/contents.php
DEBUG - 2025-03-20 00:09:54 --> File loaded: /apps/web-drc/application/views/templates/content_footer.php
DEBUG - 2025-03-20 00:09:54 --> File loaded: /apps/web-drc/application/views/templates/footer.php
DEBUG - 2025-03-20 00:09:54 --> File loaded: /apps/web-drc/application/views/templates/default.php
INFO - 2025-03-20 00:09:54 --> Final output sent to browser
DEBUG - 2025-03-20 00:09:54 --> Total execution time: 0.0068
INFO - 2025-03-20 00:09:55 --> Config Class Initialized
INFO - 2025-03-20 00:09:55 --> Hooks Class Initialized
DEBUG - 2025-03-20 00:09:55 --> UTF-8 Support Enabled
INFO - 2025-03-20 00:09:55 --> Utf8 Class Initialized
INFO - 2025-03-20 00:09:55 --> URI Class Initialized
INFO - 2025-03-20 00:09:55 --> Router Class Initialized
INFO - 2025-03-20 00:09:55 --> Output Class Initialized
INFO - 2025-03-20 00:09:55 --> Security Class Initialized
DEBUG - 2025-03-20 00:09:55 --> Global POST, GET and COOKIE data sanitized
INFO - 2025-03-20 00:09:55 --> Input Class Initialized
INFO - 2025-03-20 00:09:55 --> Language Class Initialized
ERROR - 2025-03-20 00:09:55 --> 404 Page Not Found: /index
INFO - 2025-03-20 00:09:55 --> Config Class Initialized
INFO - 2025-03-20 00:09:55 --> Hooks Class Initialized
DEBUG - 2025-03-20 00:09:55 --> UTF-8 Support Enabled
INFO - 2025-03-20 00:09:55 --> Utf8 Class Initialized
INFO - 2025-03-20 00:09:55 --> URI Class Initialized
INFO - 2025-03-20 00:09:55 --> Router Class Initialized
INFO - 2025-03-20 00:09:55 --> Output Class Initialized
INFO - 2025-03-20 00:09:55 --> Security Class Initialized
DEBUG - 2025-03-20 00:09:55 --> Global POST, GET and COOKIE data sanitized
INFO - 2025-03-20 00:09:55 --> Input Class Initialized
INFO - 2025-03-20 00:09:55 --> Language Class Initialized
INFO - 2025-03-20 00:09:55 --> Language Class Initialized
INFO - 2025-03-20 00:09:55 --> Config Class Initialized
INFO - 2025-03-20 00:09:55 --> Loader Class Initialized
INFO - 2025-03-20 00:09:55 --> Helper loaded: url_helper
INFO - 2025-03-20 00:09:55 --> Helper loaded: easyui_helper
INFO - 2025-03-20 00:09:55 --> Helper loaded: param_helper
INFO - 2025-03-20 00:09:55 --> Helper loaded: credential_helper
INFO - 2025-03-20 00:09:55 --> Helper loaded: template_helper
INFO - 2025-03-20 00:09:55 --> Helper loaded: rest_helper
INFO - 2025-03-20 00:09:55 --> Database Driver Class Initialized
DEBUG - 2025-03-20 00:09:55 --> Idgenerator class already loaded. Second attempt ignored.
INFO - 2025-03-20 00:09:55 --> Controller Class Initialized
INFO - 2025-03-20 00:09:55 --> Model Class Initialized
DEBUG - 2025-03-20 00:09:55 --> File loaded: /apps/web-drc/application/modules/api_v1/models/Api_v1_model.php
INFO - 2025-03-20 00:09:55 --> Model Class Initialized
INFO - 2025-03-20 00:09:55 --> Final output sent to browser
DEBUG - 2025-03-20 00:09:55 --> Total execution time: 0.0040
INFO - 2025-03-20 00:09:56 --> Config Class Initialized
INFO - 2025-03-20 00:09:56 --> Hooks Class Initialized
DEBUG - 2025-03-20 00:09:56 --> UTF-8 Support Enabled
INFO - 2025-03-20 00:09:56 --> Utf8 Class Initialized
INFO - 2025-03-20 00:09:56 --> URI Class Initialized
INFO - 2025-03-20 00:09:56 --> Router Class Initialized
INFO - 2025-03-20 00:09:56 --> Output Class Initialized
INFO - 2025-03-20 00:09:56 --> Security Class Initialized
DEBUG - 2025-03-20 00:09:56 --> Global POST, GET and COOKIE data sanitized
INFO - 2025-03-20 00:09:56 --> Input Class Initialized
INFO - 2025-03-20 00:09:56 --> Language Class Initialized
INFO - 2025-03-20 00:09:56 --> Language Class Initialized
INFO - 2025-03-20 00:09:56 --> Config Class Initialized
INFO - 2025-03-20 00:09:56 --> Loader Class Initialized
INFO - 2025-03-20 00:09:56 --> Helper loaded: url_helper
INFO - 2025-03-20 00:09:56 --> Helper loaded: easyui_helper
INFO - 2025-03-20 00:09:56 --> Helper loaded: param_helper
INFO - 2025-03-20 00:09:56 --> Helper loaded: credential_helper
INFO - 2025-03-20 00:09:56 --> Helper loaded: template_helper
INFO - 2025-03-20 00:09:56 --> Helper loaded: rest_helper
INFO - 2025-03-20 00:09:56 --> Database Driver Class Initialized
DEBUG - 2025-03-20 00:09:56 --> Idgenerator class already loaded. Second attempt ignored.
INFO - 2025-03-20 00:09:56 --> Controller Class Initialized
INFO - 2025-03-20 00:09:56 --> Model Class Initialized
DEBUG - 2025-03-20 00:09:56 --> File loaded: /apps/web-drc/application/modules/ref_customer_class/models/Customer_class_model.php
INFO - 2025-03-20 00:09:56 --> Model Class Initialized
INFO - 2025-03-20 00:09:56 --> Final output sent to browser
DEBUG - 2025-03-20 00:09:56 --> Total execution time: 0.0033
INFO - 2025-03-20 00:10:09 --> Config Class Initialized
INFO - 2025-03-20 00:10:09 --> Hooks Class Initialized
DEBUG - 2025-03-20 00:10:09 --> UTF-8 Support Enabled
INFO - 2025-03-20 00:10:09 --> Utf8 Class Initialized
INFO - 2025-03-20 00:10:09 --> URI Class Initialized
INFO - 2025-03-20 00:10:09 --> Router Class Initialized
INFO - 2025-03-20 00:10:09 --> Output Class Initialized
INFO - 2025-03-20 00:10:09 --> Security Class Initialized
DEBUG - 2025-03-20 00:10:09 --> Global POST, GET and COOKIE data sanitized
INFO - 2025-03-20 00:10:09 --> Input Class Initialized
INFO - 2025-03-20 00:10:09 --> Language Class Initialized
INFO - 2025-03-20 00:10:09 --> Language Class Initialized
INFO - 2025-03-20 00:10:09 --> Config Class Initialized
INFO - 2025-03-20 00:10:09 --> Loader Class Initialized
INFO - 2025-03-20 00:10:09 --> Helper loaded: url_helper
INFO - 2025-03-20 00:10:09 --> Helper loaded: easyui_helper
INFO - 2025-03-20 00:10:09 --> Helper loaded: param_helper
INFO - 2025-03-20 00:10:09 --> Helper loaded: credential_helper
INFO - 2025-03-20 00:10:09 --> Helper loaded: template_helper
INFO - 2025-03-20 00:10:09 --> Helper loaded: rest_helper
INFO - 2025-03-20 00:10:09 --> Database Driver Class Initialized
DEBUG - 2025-03-20 00:10:09 --> Idgenerator class already loaded. Second attempt ignored.
INFO - 2025-03-20 00:10:09 --> Controller Class Initialized
INFO - 2025-03-20 00:10:09 --> Model Class Initialized
DEBUG - 2025-03-20 00:10:09 --> File loaded: /apps/web-drc/application/modules/visibility_program_active/models/Visibility_program_model.php
INFO - 2025-03-20 00:10:09 --> Model Class Initialized
DEBUG - 2025-03-20 00:10:09 --> File loaded: /apps/web-drc/application/modules/visibility_program_active/views/content.php
DEBUG - 2025-03-20 00:10:09 --> File loaded: /apps/web-drc/application/views/templates/header.php
DEBUG - 2025-03-20 00:10:09 --> File loaded: /apps/web-drc/application/views/templates/toolbar.php
DEBUG - 2025-03-20 00:10:09 --> File loaded: /apps/web-drc/application/views/templates/sidebar.php
DEBUG - 2025-03-20 00:10:09 --> File loaded: /apps/web-drc/application/views/templates/contents.php
DEBUG - 2025-03-20 00:10:09 --> File loaded: /apps/web-drc/application/views/templates/content_footer.php
DEBUG - 2025-03-20 00:10:09 --> File loaded: /apps/web-drc/application/views/templates/footer.php
DEBUG - 2025-03-20 00:10:09 --> File loaded: /apps/web-drc/application/views/templates/default.php
INFO - 2025-03-20 00:10:09 --> Final output sent to browser
DEBUG - 2025-03-20 00:10:09 --> Total execution time: 0.0081
INFO - 2025-03-20 00:10:09 --> Config Class Initialized
INFO - 2025-03-20 00:10:09 --> Hooks Class Initialized
DEBUG - 2025-03-20 00:10:09 --> UTF-8 Support Enabled
INFO - 2025-03-20 00:10:09 --> Utf8 Class Initialized
INFO - 2025-03-20 00:10:09 --> URI Class Initialized
INFO - 2025-03-20 00:10:09 --> Router Class Initialized
INFO - 2025-03-20 00:10:09 --> Output Class Initialized
INFO - 2025-03-20 00:10:09 --> Security Class Initialized
DEBUG - 2025-03-20 00:10:09 --> Global POST, GET and COOKIE data sanitized
INFO - 2025-03-20 00:10:09 --> Input Class Initialized
INFO - 2025-03-20 00:10:09 --> Language Class Initialized
ERROR - 2025-03-20 00:10:09 --> 404 Page Not Found: /index
INFO - 2025-03-20 00:10:09 --> Config Class Initialized
INFO - 2025-03-20 00:10:09 --> Hooks Class Initialized
DEBUG - 2025-03-20 00:10:09 --> UTF-8 Support Enabled
INFO - 2025-03-20 00:10:09 --> Utf8 Class Initialized
INFO - 2025-03-20 00:10:09 --> URI Class Initialized
INFO - 2025-03-20 00:10:09 --> Router Class Initialized
INFO - 2025-03-20 00:10:09 --> Output Class Initialized
INFO - 2025-03-20 00:10:09 --> Security Class Initialized
DEBUG - 2025-03-20 00:10:09 --> Global POST, GET and COOKIE data sanitized
INFO - 2025-03-20 00:10:09 --> Input Class Initialized
INFO - 2025-03-20 00:10:09 --> Language Class Initialized
INFO - 2025-03-20 00:10:09 --> Language Class Initialized
INFO - 2025-03-20 00:10:09 --> Config Class Initialized
INFO - 2025-03-20 00:10:09 --> Loader Class Initialized
INFO - 2025-03-20 00:10:09 --> Helper loaded: url_helper
INFO - 2025-03-20 00:10:09 --> Helper loaded: easyui_helper
INFO - 2025-03-20 00:10:09 --> Helper loaded: param_helper
INFO - 2025-03-20 00:10:09 --> Helper loaded: credential_helper
INFO - 2025-03-20 00:10:09 --> Helper loaded: template_helper
INFO - 2025-03-20 00:10:09 --> Helper loaded: rest_helper
INFO - 2025-03-20 00:10:09 --> Database Driver Class Initialized
DEBUG - 2025-03-20 00:10:09 --> Idgenerator class already loaded. Second attempt ignored.
INFO - 2025-03-20 00:10:09 --> Controller Class Initialized
INFO - 2025-03-20 00:10:09 --> Model Class Initialized
DEBUG - 2025-03-20 00:10:09 --> File loaded: /apps/web-drc/application/modules/visibility_program_active/models/Visibility_program_model.php
INFO - 2025-03-20 00:10:09 --> Model Class Initialized
INFO - 2025-03-20 00:10:09 --> Final output sent to browser
DEBUG - 2025-03-20 00:10:09 --> Total execution time: 0.0057
INFO - 2025-03-20 00:10:11 --> Config Class Initialized
INFO - 2025-03-20 00:10:11 --> Hooks Class Initialized
DEBUG - 2025-03-20 00:10:11 --> UTF-8 Support Enabled
INFO - 2025-03-20 00:10:11 --> Utf8 Class Initialized
INFO - 2025-03-20 00:10:11 --> URI Class Initialized
INFO - 2025-03-20 00:10:11 --> Router Class Initialized
INFO - 2025-03-20 00:10:11 --> Output Class Initialized
INFO - 2025-03-20 00:10:11 --> Security Class Initialized
DEBUG - 2025-03-20 00:10:11 --> Global POST, GET and COOKIE data sanitized
INFO - 2025-03-20 00:10:11 --> Input Class Initialized
INFO - 2025-03-20 00:10:11 --> Language Class Initialized
INFO - 2025-03-20 00:10:11 --> Language Class Initialized
INFO - 2025-03-20 00:10:11 --> Config Class Initialized
INFO - 2025-03-20 00:10:11 --> Loader Class Initialized
INFO - 2025-03-20 00:10:11 --> Helper loaded: url_helper
INFO - 2025-03-20 00:10:11 --> Helper loaded: easyui_helper
INFO - 2025-03-20 00:10:11 --> Helper loaded: param_helper
INFO - 2025-03-20 00:10:11 --> Helper loaded: credential_helper
INFO - 2025-03-20 00:10:11 --> Helper loaded: template_helper
INFO - 2025-03-20 00:10:11 --> Helper loaded: rest_helper
INFO - 2025-03-20 00:10:11 --> Database Driver Class Initialized
DEBUG - 2025-03-20 00:10:11 --> Idgenerator class already loaded. Second attempt ignored.
INFO - 2025-03-20 00:10:11 --> Controller Class Initialized
INFO - 2025-03-20 00:10:11 --> Model Class Initialized
DEBUG - 2025-03-20 00:10:11 --> File loaded: /apps/web-drc/application/modules/visibility_program_active/models/Visibility_program_model.php
INFO - 2025-03-20 00:10:11 --> Model Class Initialized
DEBUG - 2025-03-20 00:10:11 --> File loaded: /apps/web-drc/application/modules/visibility_program_active/views/form.php
DEBUG - 2025-03-20 00:10:11 --> File loaded: /apps/web-drc/application/views/templates/header.php
DEBUG - 2025-03-20 00:10:11 --> File loaded: /apps/web-drc/application/views/templates/toolbar.php
DEBUG - 2025-03-20 00:10:11 --> File loaded: /apps/web-drc/application/views/templates/sidebar.php
DEBUG - 2025-03-20 00:10:11 --> File loaded: /apps/web-drc/application/views/templates/contents.php
DEBUG - 2025-03-20 00:10:11 --> File loaded: /apps/web-drc/application/views/templates/content_footer.php
DEBUG - 2025-03-20 00:10:11 --> File loaded: /apps/web-drc/application/views/templates/footer.php
DEBUG - 2025-03-20 00:10:11 --> File loaded: /apps/web-drc/application/views/templates/default.php
INFO - 2025-03-20 00:10:11 --> Final output sent to browser
DEBUG - 2025-03-20 00:10:11 --> Total execution time: 0.0073
INFO - 2025-03-20 00:10:11 --> Config Class Initialized
INFO - 2025-03-20 00:10:11 --> Hooks Class Initialized
DEBUG - 2025-03-20 00:10:11 --> UTF-8 Support Enabled
INFO - 2025-03-20 00:10:11 --> Utf8 Class Initialized
INFO - 2025-03-20 00:10:11 --> URI Class Initialized
INFO - 2025-03-20 00:10:11 --> Router Class Initialized
INFO - 2025-03-20 00:10:11 --> Output Class Initialized
INFO - 2025-03-20 00:10:11 --> Security Class Initialized
DEBUG - 2025-03-20 00:10:11 --> Global POST, GET and COOKIE data sanitized
INFO - 2025-03-20 00:10:11 --> Input Class Initialized
INFO - 2025-03-20 00:10:11 --> Language Class Initialized
ERROR - 2025-03-20 00:10:11 --> 404 Page Not Found: /index
INFO - 2025-03-20 00:10:11 --> Config Class Initialized
INFO - 2025-03-20 00:10:11 --> Hooks Class Initialized
DEBUG - 2025-03-20 00:10:11 --> UTF-8 Support Enabled
INFO - 2025-03-20 00:10:11 --> Utf8 Class Initialized
INFO - 2025-03-20 00:10:11 --> URI Class Initialized
INFO - 2025-03-20 00:10:11 --> Router Class Initialized
INFO - 2025-03-20 00:10:11 --> Output Class Initialized
INFO - 2025-03-20 00:10:11 --> Security Class Initialized
DEBUG - 2025-03-20 00:10:11 --> Global POST, GET and COOKIE data sanitized
INFO - 2025-03-20 00:10:11 --> Input Class Initialized
INFO - 2025-03-20 00:10:11 --> Language Class Initialized
INFO - 2025-03-20 00:10:11 --> Language Class Initialized
INFO - 2025-03-20 00:10:11 --> Config Class Initialized
INFO - 2025-03-20 00:10:11 --> Loader Class Initialized
INFO - 2025-03-20 00:10:11 --> Helper loaded: url_helper
INFO - 2025-03-20 00:10:11 --> Helper loaded: easyui_helper
INFO - 2025-03-20 00:10:11 --> Helper loaded: param_helper
INFO - 2025-03-20 00:10:11 --> Helper loaded: credential_helper
INFO - 2025-03-20 00:10:11 --> Helper loaded: template_helper
INFO - 2025-03-20 00:10:11 --> Helper loaded: rest_helper
INFO - 2025-03-20 00:10:11 --> Database Driver Class Initialized
DEBUG - 2025-03-20 00:10:11 --> Idgenerator class already loaded. Second attempt ignored.
INFO - 2025-03-20 00:10:11 --> Controller Class Initialized
INFO - 2025-03-20 00:10:11 --> Model Class Initialized
DEBUG - 2025-03-20 00:10:11 --> File loaded: /apps/web-drc/application/modules/api_v1/models/Api_v1_model.php
INFO - 2025-03-20 00:10:11 --> Model Class Initialized
INFO - 2025-03-20 00:10:11 --> Final output sent to browser
DEBUG - 2025-03-20 00:10:11 --> Total execution time: 0.0046
INFO - 2025-03-20 00:10:11 --> Config Class Initialized
INFO - 2025-03-20 00:10:11 --> Hooks Class Initialized
DEBUG - 2025-03-20 00:10:11 --> UTF-8 Support Enabled
INFO - 2025-03-20 00:10:11 --> Utf8 Class Initialized
INFO - 2025-03-20 00:10:11 --> URI Class Initialized
INFO - 2025-03-20 00:10:11 --> Router Class Initialized
INFO - 2025-03-20 00:10:11 --> Output Class Initialized
INFO - 2025-03-20 00:10:11 --> Security Class Initialized
DEBUG - 2025-03-20 00:10:11 --> Global POST, GET and COOKIE data sanitized
INFO - 2025-03-20 00:10:11 --> Input Class Initialized
INFO - 2025-03-20 00:10:11 --> Language Class Initialized
INFO - 2025-03-20 00:10:11 --> Language Class Initialized
INFO - 2025-03-20 00:10:11 --> Config Class Initialized
INFO - 2025-03-20 00:10:11 --> Loader Class Initialized
INFO - 2025-03-20 00:10:11 --> Helper loaded: url_helper
INFO - 2025-03-20 00:10:11 --> Helper loaded: easyui_helper
INFO - 2025-03-20 00:10:11 --> Helper loaded: param_helper
INFO - 2025-03-20 00:10:11 --> Helper loaded: credential_helper
INFO - 2025-03-20 00:10:11 --> Helper loaded: template_helper
INFO - 2025-03-20 00:10:11 --> Helper loaded: rest_helper
INFO - 2025-03-20 00:10:11 --> Database Driver Class Initialized
DEBUG - 2025-03-20 00:10:11 --> Idgenerator class already loaded. Second attempt ignored.
INFO - 2025-03-20 00:10:11 --> Controller Class Initialized
INFO - 2025-03-20 00:10:11 --> Model Class Initialized
DEBUG - 2025-03-20 00:10:11 --> File loaded: /apps/web-drc/application/modules/ref_customer_class/models/Customer_class_model.php
INFO - 2025-03-20 00:10:11 --> Model Class Initialized
INFO - 2025-03-20 00:10:11 --> Final output sent to browser
DEBUG - 2025-03-20 00:10:11 --> Total execution time: 0.0041
INFO - 2025-03-20 00:15:28 --> Config Class Initialized
INFO - 2025-03-20 00:15:28 --> Hooks Class Initialized
DEBUG - 2025-03-20 00:15:28 --> UTF-8 Support Enabled
INFO - 2025-03-20 00:15:28 --> Utf8 Class Initialized
INFO - 2025-03-20 00:15:28 --> URI Class Initialized
INFO - 2025-03-20 00:15:28 --> Router Class Initialized
INFO - 2025-03-20 00:15:28 --> Output Class Initialized
INFO - 2025-03-20 00:15:28 --> Security Class Initialized
DEBUG - 2025-03-20 00:15:28 --> Global POST, GET and COOKIE data sanitized
INFO - 2025-03-20 00:15:28 --> Input Class Initialized
INFO - 2025-03-20 00:15:28 --> Language Class Initialized
INFO - 2025-03-20 00:15:28 --> Language Class Initialized
INFO - 2025-03-20 00:15:28 --> Config Class Initialized
INFO - 2025-03-20 00:15:28 --> Loader Class Initialized
INFO - 2025-03-20 00:15:28 --> Helper loaded: url_helper
INFO - 2025-03-20 00:15:28 --> Helper loaded: easyui_helper
INFO - 2025-03-20 00:15:28 --> Helper loaded: param_helper
INFO - 2025-03-20 00:15:28 --> Helper loaded: credential_helper
INFO - 2025-03-20 00:15:28 --> Helper loaded: template_helper
INFO - 2025-03-20 00:15:28 --> Helper loaded: rest_helper
INFO - 2025-03-20 00:15:28 --> Database Driver Class Initialized
DEBUG - 2025-03-20 00:15:28 --> Idgenerator class already loaded. Second attempt ignored.
INFO - 2025-03-20 00:15:28 --> Controller Class Initialized
INFO - 2025-03-20 00:15:28 --> Model Class Initialized
DEBUG - 2025-03-20 00:15:28 --> File loaded: /apps/web-drc/application/modules/visibility_program_active/models/Visibility_program_model.php
INFO - 2025-03-20 00:15:28 --> Model Class Initialized
DEBUG - 2025-03-20 00:15:28 --> File loaded: /apps/web-drc/application/modules/visibility_program_active/views/form.php
DEBUG - 2025-03-20 00:15:28 --> File loaded: /apps/web-drc/application/views/templates/header.php
DEBUG - 2025-03-20 00:15:28 --> File loaded: /apps/web-drc/application/views/templates/toolbar.php
DEBUG - 2025-03-20 00:15:28 --> File loaded: /apps/web-drc/application/views/templates/sidebar.php
DEBUG - 2025-03-20 00:15:28 --> File loaded: /apps/web-drc/application/views/templates/contents.php
DEBUG - 2025-03-20 00:15:28 --> File loaded: /apps/web-drc/application/views/templates/content_footer.php
DEBUG - 2025-03-20 00:15:28 --> File loaded: /apps/web-drc/application/views/templates/footer.php
DEBUG - 2025-03-20 00:15:28 --> File loaded: /apps/web-drc/application/views/templates/default.php
INFO - 2025-03-20 00:15:28 --> Final output sent to browser
DEBUG - 2025-03-20 00:15:28 --> Total execution time: 0.0065
INFO - 2025-03-20 00:15:31 --> Config Class Initialized
INFO - 2025-03-20 00:15:31 --> Hooks Class Initialized
DEBUG - 2025-03-20 00:15:31 --> UTF-8 Support Enabled
INFO - 2025-03-20 00:15:31 --> Utf8 Class Initialized
INFO - 2025-03-20 00:15:31 --> URI Class Initialized
INFO - 2025-03-20 00:15:31 --> Router Class Initialized
INFO - 2025-03-20 00:15:31 --> Output Class Initialized
INFO - 2025-03-20 00:15:31 --> Security Class Initialized
DEBUG - 2025-03-20 00:15:31 --> Global POST, GET and COOKIE data sanitized
INFO - 2025-03-20 00:15:31 --> Input Class Initialized
INFO - 2025-03-20 00:15:31 --> Language Class Initialized
ERROR - 2025-03-20 00:15:31 --> 404 Page Not Found: /index
INFO - 2025-03-20 00:15:33 --> Config Class Initialized
INFO - 2025-03-20 00:15:33 --> Hooks Class Initialized
DEBUG - 2025-03-20 00:15:33 --> UTF-8 Support Enabled
INFO - 2025-03-20 00:15:33 --> Utf8 Class Initialized
INFO - 2025-03-20 00:15:33 --> URI Class Initialized
INFO - 2025-03-20 00:15:33 --> Router Class Initialized
INFO - 2025-03-20 00:15:33 --> Output Class Initialized
INFO - 2025-03-20 00:15:33 --> Security Class Initialized
DEBUG - 2025-03-20 00:15:33 --> Global POST, GET and COOKIE data sanitized
INFO - 2025-03-20 00:15:33 --> Input Class Initialized
INFO - 2025-03-20 00:15:33 --> Language Class Initialized
INFO - 2025-03-20 00:15:33 --> Language Class Initialized
INFO - 2025-03-20 00:15:33 --> Config Class Initialized
INFO - 2025-03-20 00:15:33 --> Loader Class Initialized
INFO - 2025-03-20 00:15:33 --> Helper loaded: url_helper
INFO - 2025-03-20 00:15:33 --> Helper loaded: easyui_helper
INFO - 2025-03-20 00:15:33 --> Helper loaded: param_helper
INFO - 2025-03-20 00:15:33 --> Helper loaded: credential_helper
INFO - 2025-03-20 00:15:33 --> Helper loaded: template_helper
INFO - 2025-03-20 00:15:33 --> Helper loaded: rest_helper
INFO - 2025-03-20 00:15:33 --> Database Driver Class Initialized
DEBUG - 2025-03-20 00:15:33 --> Idgenerator class already loaded. Second attempt ignored.
INFO - 2025-03-20 00:15:33 --> Controller Class Initialized
INFO - 2025-03-20 00:15:33 --> Model Class Initialized
DEBUG - 2025-03-20 00:15:33 --> File loaded: /apps/web-drc/application/modules/api_v1/models/Api_v1_model.php
INFO - 2025-03-20 00:15:33 --> Model Class Initialized
INFO - 2025-03-20 00:15:33 --> Final output sent to browser
DEBUG - 2025-03-20 00:15:33 --> Total execution time: 0.0060
INFO - 2025-03-20 00:15:33 --> Config Class Initialized
INFO - 2025-03-20 00:15:33 --> Hooks Class Initialized
DEBUG - 2025-03-20 00:15:33 --> UTF-8 Support Enabled
INFO - 2025-03-20 00:15:33 --> Utf8 Class Initialized
INFO - 2025-03-20 00:15:33 --> URI Class Initialized
INFO - 2025-03-20 00:15:33 --> Router Class Initialized
INFO - 2025-03-20 00:15:33 --> Output Class Initialized
INFO - 2025-03-20 00:15:33 --> Security Class Initialized
DEBUG - 2025-03-20 00:15:33 --> Global POST, GET and COOKIE data sanitized
INFO - 2025-03-20 00:15:33 --> Input Class Initialized
INFO - 2025-03-20 00:15:33 --> Language Class Initialized
INFO - 2025-03-20 00:15:33 --> Language Class Initialized
INFO - 2025-03-20 00:15:33 --> Config Class Initialized
INFO - 2025-03-20 00:15:33 --> Loader Class Initialized
INFO - 2025-03-20 00:15:33 --> Helper loaded: url_helper
INFO - 2025-03-20 00:15:33 --> Helper loaded: easyui_helper
INFO - 2025-03-20 00:15:33 --> Helper loaded: param_helper
INFO - 2025-03-20 00:15:33 --> Helper loaded: credential_helper
INFO - 2025-03-20 00:15:33 --> Helper loaded: template_helper
INFO - 2025-03-20 00:15:33 --> Helper loaded: rest_helper
INFO - 2025-03-20 00:15:33 --> Database Driver Class Initialized
DEBUG - 2025-03-20 00:15:33 --> Idgenerator class already loaded. Second attempt ignored.
INFO - 2025-03-20 00:15:33 --> Controller Class Initialized
INFO - 2025-03-20 00:15:33 --> Model Class Initialized
DEBUG - 2025-03-20 00:15:33 --> File loaded: /apps/web-drc/application/modules/api_v1/models/Api_v1_model.php
INFO - 2025-03-20 00:15:33 --> Model Class Initialized
INFO - 2025-03-20 00:15:33 --> Final output sent to browser
DEBUG - 2025-03-20 00:15:33 --> Total execution time: 0.0029
INFO - 2025-03-20 00:15:34 --> Config Class Initialized
INFO - 2025-03-20 00:15:34 --> Hooks Class Initialized
DEBUG - 2025-03-20 00:15:34 --> UTF-8 Support Enabled
INFO - 2025-03-20 00:15:34 --> Utf8 Class Initialized
INFO - 2025-03-20 00:15:34 --> URI Class Initialized
INFO - 2025-03-20 00:15:34 --> Router Class Initialized
INFO - 2025-03-20 00:15:34 --> Output Class Initialized
INFO - 2025-03-20 00:15:34 --> Security Class Initialized
DEBUG - 2025-03-20 00:15:34 --> Global POST, GET and COOKIE data sanitized
INFO - 2025-03-20 00:15:34 --> Input Class Initialized
INFO - 2025-03-20 00:15:34 --> Language Class Initialized
ERROR - 2025-03-20 00:15:34 --> 404 Page Not Found: /index
INFO - 2025-03-20 00:16:26 --> Config Class Initialized
INFO - 2025-03-20 00:16:26 --> Hooks Class Initialized
DEBUG - 2025-03-20 00:16:26 --> UTF-8 Support Enabled
INFO - 2025-03-20 00:16:26 --> Utf8 Class Initialized
INFO - 2025-03-20 00:16:26 --> URI Class Initialized
INFO - 2025-03-20 00:16:26 --> Router Class Initialized
INFO - 2025-03-20 00:16:26 --> Output Class Initialized
INFO - 2025-03-20 00:16:26 --> Security Class Initialized
DEBUG - 2025-03-20 00:16:26 --> Global POST, GET and COOKIE data sanitized
INFO - 2025-03-20 00:16:26 --> Input Class Initialized
INFO - 2025-03-20 00:16:26 --> Language Class Initialized
INFO - 2025-03-20 00:16:26 --> Language Class Initialized
INFO - 2025-03-20 00:16:26 --> Config Class Initialized
INFO - 2025-03-20 00:16:26 --> Loader Class Initialized
INFO - 2025-03-20 00:16:26 --> Helper loaded: url_helper
INFO - 2025-03-20 00:16:26 --> Helper loaded: easyui_helper
INFO - 2025-03-20 00:16:26 --> Helper loaded: param_helper
INFO - 2025-03-20 00:16:26 --> Helper loaded: credential_helper
INFO - 2025-03-20 00:16:26 --> Helper loaded: template_helper
INFO - 2025-03-20 00:16:26 --> Helper loaded: rest_helper
INFO - 2025-03-20 00:16:26 --> Database Driver Class Initialized
DEBUG - 2025-03-20 00:16:26 --> Idgenerator class already loaded. Second attempt ignored.
INFO - 2025-03-20 00:16:26 --> Controller Class Initialized
INFO - 2025-03-20 00:16:26 --> Model Class Initialized
DEBUG - 2025-03-20 00:16:26 --> File loaded: /apps/web-drc/application/modules/visibility_program_active/models/Visibility_program_model.php
INFO - 2025-03-20 00:16:26 --> Model Class Initialized
DEBUG - 2025-03-20 00:16:26 --> File loaded: /apps/web-drc/application/modules/visibility_program_active/views/form.php
DEBUG - 2025-03-20 00:16:26 --> File loaded: /apps/web-drc/application/views/templates/header.php
DEBUG - 2025-03-20 00:16:26 --> File loaded: /apps/web-drc/application/views/templates/toolbar.php
DEBUG - 2025-03-20 00:16:26 --> File loaded: /apps/web-drc/application/views/templates/sidebar.php
DEBUG - 2025-03-20 00:16:26 --> File loaded: /apps/web-drc/application/views/templates/contents.php
DEBUG - 2025-03-20 00:16:26 --> File loaded: /apps/web-drc/application/views/templates/content_footer.php
DEBUG - 2025-03-20 00:16:26 --> File loaded: /apps/web-drc/application/views/templates/footer.php
DEBUG - 2025-03-20 00:16:26 --> File loaded: /apps/web-drc/application/views/templates/default.php
INFO - 2025-03-20 00:16:26 --> Final output sent to browser
DEBUG - 2025-03-20 00:16:26 --> Total execution time: 0.0056
INFO - 2025-03-20 00:16:29 --> Config Class Initialized
INFO - 2025-03-20 00:16:29 --> Hooks Class Initialized
DEBUG - 2025-03-20 00:16:29 --> UTF-8 Support Enabled
INFO - 2025-03-20 00:16:29 --> Utf8 Class Initialized
INFO - 2025-03-20 00:16:29 --> URI Class Initialized
INFO - 2025-03-20 00:16:29 --> Router Class Initialized
INFO - 2025-03-20 00:16:29 --> Output Class Initialized
INFO - 2025-03-20 00:16:29 --> Security Class Initialized
DEBUG - 2025-03-20 00:16:29 --> Global POST, GET and COOKIE data sanitized
INFO - 2025-03-20 00:16:29 --> Input Class Initialized
INFO - 2025-03-20 00:16:29 --> Language Class Initialized
ERROR - 2025-03-20 00:16:29 --> 404 Page Not Found: /index
INFO - 2025-03-20 00:16:29 --> Config Class Initialized
INFO - 2025-03-20 00:16:29 --> Hooks Class Initialized
DEBUG - 2025-03-20 00:16:29 --> UTF-8 Support Enabled
INFO - 2025-03-20 00:16:29 --> Utf8 Class Initialized
INFO - 2025-03-20 00:16:29 --> URI Class Initialized
INFO - 2025-03-20 00:16:29 --> Router Class Initialized
INFO - 2025-03-20 00:16:29 --> Output Class Initialized
INFO - 2025-03-20 00:16:29 --> Security Class Initialized
DEBUG - 2025-03-20 00:16:29 --> Global POST, GET and COOKIE data sanitized
INFO - 2025-03-20 00:16:29 --> Input Class Initialized
INFO - 2025-03-20 00:16:29 --> Language Class Initialized
INFO - 2025-03-20 00:16:29 --> Language Class Initialized
INFO - 2025-03-20 00:16:29 --> Config Class Initialized
INFO - 2025-03-20 00:16:29 --> Loader Class Initialized
INFO - 2025-03-20 00:16:29 --> Helper loaded: url_helper
INFO - 2025-03-20 00:16:29 --> Helper loaded: easyui_helper
INFO - 2025-03-20 00:16:29 --> Helper loaded: param_helper
INFO - 2025-03-20 00:16:29 --> Helper loaded: credential_helper
INFO - 2025-03-20 00:16:29 --> Helper loaded: template_helper
INFO - 2025-03-20 00:16:29 --> Helper loaded: rest_helper
INFO - 2025-03-20 00:16:30 --> Database Driver Class Initialized
DEBUG - 2025-03-20 00:16:30 --> Idgenerator class already loaded. Second attempt ignored.
INFO - 2025-03-20 00:16:30 --> Controller Class Initialized
INFO - 2025-03-20 00:16:30 --> Model Class Initialized
DEBUG - 2025-03-20 00:16:30 --> File loaded: /apps/web-drc/application/modules/api_v1/models/Api_v1_model.php
INFO - 2025-03-20 00:16:30 --> Model Class Initialized
INFO - 2025-03-20 00:16:30 --> Final output sent to browser
DEBUG - 2025-03-20 00:16:30 --> Total execution time: 0.0043
INFO - 2025-03-20 00:16:30 --> Config Class Initialized
INFO - 2025-03-20 00:16:30 --> Hooks Class Initialized
DEBUG - 2025-03-20 00:16:30 --> UTF-8 Support Enabled
INFO - 2025-03-20 00:16:30 --> Utf8 Class Initialized
INFO - 2025-03-20 00:16:30 --> URI Class Initialized
INFO - 2025-03-20 00:16:30 --> Router Class Initialized
INFO - 2025-03-20 00:16:30 --> Output Class Initialized
INFO - 2025-03-20 00:16:30 --> Security Class Initialized
DEBUG - 2025-03-20 00:16:30 --> Global POST, GET and COOKIE data sanitized
INFO - 2025-03-20 00:16:30 --> Input Class Initialized
INFO - 2025-03-20 00:16:30 --> Language Class Initialized
INFO - 2025-03-20 00:16:30 --> Language Class Initialized
INFO - 2025-03-20 00:16:30 --> Config Class Initialized
INFO - 2025-03-20 00:16:30 --> Loader Class Initialized
INFO - 2025-03-20 00:16:30 --> Helper loaded: url_helper
INFO - 2025-03-20 00:16:30 --> Helper loaded: easyui_helper
INFO - 2025-03-20 00:16:30 --> Helper loaded: param_helper
INFO - 2025-03-20 00:16:30 --> Helper loaded: credential_helper
INFO - 2025-03-20 00:16:30 --> Helper loaded: template_helper
INFO - 2025-03-20 00:16:30 --> Helper loaded: rest_helper
INFO - 2025-03-20 00:16:30 --> Database Driver Class Initialized
DEBUG - 2025-03-20 00:16:30 --> Idgenerator class already loaded. Second attempt ignored.
INFO - 2025-03-20 00:16:30 --> Controller Class Initialized
INFO - 2025-03-20 00:16:30 --> Model Class Initialized
DEBUG - 2025-03-20 00:16:30 --> File loaded: /apps/web-drc/application/modules/api_v1/models/Api_v1_model.php
INFO - 2025-03-20 00:16:30 --> Model Class Initialized
INFO - 2025-03-20 00:16:30 --> Final output sent to browser
DEBUG - 2025-03-20 00:16:30 --> Total execution time: 0.0040
INFO - 2025-03-20 00:16:31 --> Config Class Initialized
INFO - 2025-03-20 00:16:31 --> Hooks Class Initialized
DEBUG - 2025-03-20 00:16:31 --> UTF-8 Support Enabled
INFO - 2025-03-20 00:16:31 --> Utf8 Class Initialized
INFO - 2025-03-20 00:16:31 --> URI Class Initialized
INFO - 2025-03-20 00:16:31 --> Router Class Initialized
INFO - 2025-03-20 00:16:31 --> Output Class Initialized
INFO - 2025-03-20 00:16:31 --> Security Class Initialized
DEBUG - 2025-03-20 00:16:31 --> Global POST, GET and COOKIE data sanitized
INFO - 2025-03-20 00:16:31 --> Input Class Initialized
INFO - 2025-03-20 00:16:31 --> Language Class Initialized
ERROR - 2025-03-20 00:16:31 --> 404 Page Not Found: /index
INFO - 2025-03-20 00:16:44 --> Config Class Initialized
INFO - 2025-03-20 00:16:44 --> Hooks Class Initialized
DEBUG - 2025-03-20 00:16:44 --> UTF-8 Support Enabled
INFO - 2025-03-20 00:16:44 --> Utf8 Class Initialized
INFO - 2025-03-20 00:16:44 --> URI Class Initialized
INFO - 2025-03-20 00:16:44 --> Router Class Initialized
INFO - 2025-03-20 00:16:44 --> Output Class Initialized
INFO - 2025-03-20 00:16:44 --> Security Class Initialized
DEBUG - 2025-03-20 00:16:44 --> Global POST, GET and COOKIE data sanitized
INFO - 2025-03-20 00:16:44 --> Input Class Initialized
INFO - 2025-03-20 00:16:44 --> Language Class Initialized
INFO - 2025-03-20 00:16:44 --> Language Class Initialized
INFO - 2025-03-20 00:16:44 --> Config Class Initialized
INFO - 2025-03-20 00:16:44 --> Loader Class Initialized
INFO - 2025-03-20 00:16:44 --> Helper loaded: url_helper
INFO - 2025-03-20 00:16:44 --> Helper loaded: easyui_helper
INFO - 2025-03-20 00:16:44 --> Helper loaded: param_helper
INFO - 2025-03-20 00:16:44 --> Helper loaded: credential_helper
INFO - 2025-03-20 00:16:44 --> Helper loaded: template_helper
INFO - 2025-03-20 00:16:44 --> Helper loaded: rest_helper
INFO - 2025-03-20 00:16:44 --> Database Driver Class Initialized
DEBUG - 2025-03-20 00:16:44 --> Idgenerator class already loaded. Second attempt ignored.
INFO - 2025-03-20 00:16:44 --> Controller Class Initialized
INFO - 2025-03-20 00:16:44 --> Model Class Initialized
DEBUG - 2025-03-20 00:16:44 --> File loaded: /apps/web-drc/application/modules/visibility_program_active/models/Visibility_program_model.php
INFO - 2025-03-20 00:16:44 --> Model Class Initialized
DEBUG - 2025-03-20 00:16:44 --> File loaded: /apps/web-drc/application/modules/visibility_program_active/views/content.php
DEBUG - 2025-03-20 00:16:44 --> File loaded: /apps/web-drc/application/views/templates/header.php
DEBUG - 2025-03-20 00:16:44 --> File loaded: /apps/web-drc/application/views/templates/toolbar.php
DEBUG - 2025-03-20 00:16:44 --> File loaded: /apps/web-drc/application/views/templates/sidebar.php
DEBUG - 2025-03-20 00:16:44 --> File loaded: /apps/web-drc/application/views/templates/contents.php
DEBUG - 2025-03-20 00:16:44 --> File loaded: /apps/web-drc/application/views/templates/content_footer.php
DEBUG - 2025-03-20 00:16:44 --> File loaded: /apps/web-drc/application/views/templates/footer.php
DEBUG - 2025-03-20 00:16:44 --> File loaded: /apps/web-drc/application/views/templates/default.php
INFO - 2025-03-20 00:16:44 --> Final output sent to browser
DEBUG - 2025-03-20 00:16:44 --> Total execution time: 0.0072
INFO - 2025-03-20 00:16:44 --> Config Class Initialized
INFO - 2025-03-20 00:16:44 --> Hooks Class Initialized
DEBUG - 2025-03-20 00:16:44 --> UTF-8 Support Enabled
INFO - 2025-03-20 00:16:44 --> Utf8 Class Initialized
INFO - 2025-03-20 00:16:44 --> URI Class Initialized
INFO - 2025-03-20 00:16:44 --> Router Class Initialized
INFO - 2025-03-20 00:16:44 --> Output Class Initialized
INFO - 2025-03-20 00:16:44 --> Security Class Initialized
DEBUG - 2025-03-20 00:16:44 --> Global POST, GET and COOKIE data sanitized
INFO - 2025-03-20 00:16:44 --> Input Class Initialized
INFO - 2025-03-20 00:16:44 --> Language Class Initialized
ERROR - 2025-03-20 00:16:44 --> 404 Page Not Found: /index
INFO - 2025-03-20 00:16:44 --> Config Class Initialized
INFO - 2025-03-20 00:16:44 --> Hooks Class Initialized
DEBUG - 2025-03-20 00:16:44 --> UTF-8 Support Enabled
INFO - 2025-03-20 00:16:44 --> Utf8 Class Initialized
INFO - 2025-03-20 00:16:44 --> URI Class Initialized
INFO - 2025-03-20 00:16:44 --> Router Class Initialized
INFO - 2025-03-20 00:16:44 --> Output Class Initialized
INFO - 2025-03-20 00:16:44 --> Security Class Initialized
DEBUG - 2025-03-20 00:16:44 --> Global POST, GET and COOKIE data sanitized
INFO - 2025-03-20 00:16:44 --> Input Class Initialized
INFO - 2025-03-20 00:16:44 --> Language Class Initialized
INFO - 2025-03-20 00:16:44 --> Language Class Initialized
INFO - 2025-03-20 00:16:44 --> Config Class Initialized
INFO - 2025-03-20 00:16:44 --> Loader Class Initialized
INFO - 2025-03-20 00:16:44 --> Helper loaded: url_helper
INFO - 2025-03-20 00:16:44 --> Helper loaded: easyui_helper
INFO - 2025-03-20 00:16:44 --> Helper loaded: param_helper
INFO - 2025-03-20 00:16:44 --> Helper loaded: credential_helper
INFO - 2025-03-20 00:16:44 --> Helper loaded: template_helper
INFO - 2025-03-20 00:16:44 --> Helper loaded: rest_helper
INFO - 2025-03-20 00:16:44 --> Database Driver Class Initialized
DEBUG - 2025-03-20 00:16:44 --> Idgenerator class already loaded. Second attempt ignored.
INFO - 2025-03-20 00:16:44 --> Controller Class Initialized
INFO - 2025-03-20 00:16:44 --> Model Class Initialized
DEBUG - 2025-03-20 00:16:44 --> File loaded: /apps/web-drc/application/modules/visibility_program_active/models/Visibility_program_model.php
INFO - 2025-03-20 00:16:44 --> Model Class Initialized
INFO - 2025-03-20 00:16:44 --> Final output sent to browser
DEBUG - 2025-03-20 00:16:44 --> Total execution time: 0.0068
INFO - 2025-03-20 00:16:47 --> Config Class Initialized
INFO - 2025-03-20 00:16:47 --> Hooks Class Initialized
DEBUG - 2025-03-20 00:16:47 --> UTF-8 Support Enabled
INFO - 2025-03-20 00:16:47 --> Utf8 Class Initialized
INFO - 2025-03-20 00:16:47 --> URI Class Initialized
INFO - 2025-03-20 00:16:47 --> Router Class Initialized
INFO - 2025-03-20 00:16:47 --> Output Class Initialized
INFO - 2025-03-20 00:16:47 --> Security Class Initialized
DEBUG - 2025-03-20 00:16:47 --> Global POST, GET and COOKIE data sanitized
INFO - 2025-03-20 00:16:47 --> Input Class Initialized
INFO - 2025-03-20 00:16:47 --> Language Class Initialized
INFO - 2025-03-20 00:16:47 --> Language Class Initialized
INFO - 2025-03-20 00:16:47 --> Config Class Initialized
INFO - 2025-03-20 00:16:47 --> Loader Class Initialized
INFO - 2025-03-20 00:16:47 --> Helper loaded: url_helper
INFO - 2025-03-20 00:16:47 --> Helper loaded: easyui_helper
INFO - 2025-03-20 00:16:47 --> Helper loaded: param_helper
INFO - 2025-03-20 00:16:47 --> Helper loaded: credential_helper
INFO - 2025-03-20 00:16:47 --> Helper loaded: template_helper
INFO - 2025-03-20 00:16:47 --> Helper loaded: rest_helper
INFO - 2025-03-20 00:16:47 --> Database Driver Class Initialized
DEBUG - 2025-03-20 00:16:47 --> Idgenerator class already loaded. Second attempt ignored.
INFO - 2025-03-20 00:16:47 --> Controller Class Initialized
INFO - 2025-03-20 00:16:47 --> Model Class Initialized
DEBUG - 2025-03-20 00:16:47 --> File loaded: /apps/web-drc/application/modules/visibility_program_active/models/Visibility_program_model.php
INFO - 2025-03-20 00:16:47 --> Model Class Initialized
INFO - 2025-03-20 00:16:47 --> Final output sent to browser
DEBUG - 2025-03-20 00:16:47 --> Total execution time: 0.0112
INFO - 2025-03-20 00:16:48 --> Config Class Initialized
INFO - 2025-03-20 00:16:48 --> Hooks Class Initialized
DEBUG - 2025-03-20 00:16:48 --> UTF-8 Support Enabled
INFO - 2025-03-20 00:16:48 --> Utf8 Class Initialized
INFO - 2025-03-20 00:16:48 --> URI Class Initialized
INFO - 2025-03-20 00:16:48 --> Router Class Initialized
INFO - 2025-03-20 00:16:48 --> Output Class Initialized
INFO - 2025-03-20 00:16:48 --> Security Class Initialized
DEBUG - 2025-03-20 00:16:48 --> Global POST, GET and COOKIE data sanitized
INFO - 2025-03-20 00:16:48 --> Input Class Initialized
INFO - 2025-03-20 00:16:48 --> Language Class Initialized
INFO - 2025-03-20 00:16:48 --> Language Class Initialized
INFO - 2025-03-20 00:16:48 --> Config Class Initialized
INFO - 2025-03-20 00:16:48 --> Loader Class Initialized
INFO - 2025-03-20 00:16:48 --> Helper loaded: url_helper
INFO - 2025-03-20 00:16:48 --> Helper loaded: easyui_helper
INFO - 2025-03-20 00:16:48 --> Helper loaded: param_helper
INFO - 2025-03-20 00:16:48 --> Helper loaded: credential_helper
INFO - 2025-03-20 00:16:48 --> Helper loaded: template_helper
INFO - 2025-03-20 00:16:48 --> Helper loaded: rest_helper
INFO - 2025-03-20 00:16:48 --> Database Driver Class Initialized
DEBUG - 2025-03-20 00:16:48 --> Idgenerator class already loaded. Second attempt ignored.
INFO - 2025-03-20 00:16:48 --> Controller Class Initialized
INFO - 2025-03-20 00:16:48 --> Model Class Initialized
DEBUG - 2025-03-20 00:16:48 --> File loaded: /apps/web-drc/application/modules/visibility_program_active/models/Visibility_program_model.php
INFO - 2025-03-20 00:16:48 --> Model Class Initialized
INFO - 2025-03-20 00:16:48 --> Final output sent to browser
DEBUG - 2025-03-20 00:16:48 --> Total execution time: 0.0066
INFO - 2025-03-20 00:16:52 --> Config Class Initialized
INFO - 2025-03-20 00:16:52 --> Hooks Class Initialized
DEBUG - 2025-03-20 00:16:52 --> UTF-8 Support Enabled
INFO - 2025-03-20 00:16:52 --> Utf8 Class Initialized
INFO - 2025-03-20 00:16:52 --> URI Class Initialized
INFO - 2025-03-20 00:16:52 --> Router Class Initialized
INFO - 2025-03-20 00:16:52 --> Output Class Initialized
INFO - 2025-03-20 00:16:52 --> Security Class Initialized
DEBUG - 2025-03-20 00:16:52 --> Global POST, GET and COOKIE data sanitized
INFO - 2025-03-20 00:16:52 --> Input Class Initialized
INFO - 2025-03-20 00:16:52 --> Language Class Initialized
INFO - 2025-03-20 00:16:52 --> Language Class Initialized
INFO - 2025-03-20 00:16:52 --> Config Class Initialized
INFO - 2025-03-20 00:16:52 --> Loader Class Initialized
INFO - 2025-03-20 00:16:52 --> Helper loaded: url_helper
INFO - 2025-03-20 00:16:52 --> Helper loaded: easyui_helper
INFO - 2025-03-20 00:16:52 --> Helper loaded: param_helper
INFO - 2025-03-20 00:16:52 --> Helper loaded: credential_helper
INFO - 2025-03-20 00:16:52 --> Helper loaded: template_helper
INFO - 2025-03-20 00:16:52 --> Helper loaded: rest_helper
INFO - 2025-03-20 00:16:52 --> Database Driver Class Initialized
DEBUG - 2025-03-20 00:16:52 --> Idgenerator class already loaded. Second attempt ignored.
INFO - 2025-03-20 00:16:52 --> Controller Class Initialized
INFO - 2025-03-20 00:16:52 --> Model Class Initialized
DEBUG - 2025-03-20 00:16:52 --> File loaded: /apps/web-drc/application/modules/visibility_program_active/models/Visibility_program_model.php
INFO - 2025-03-20 00:16:52 --> Model Class Initialized
DEBUG - 2025-03-20 00:16:52 --> File loaded: /apps/web-drc/application/modules/visibility_program_active/views/form.php
DEBUG - 2025-03-20 00:16:52 --> File loaded: /apps/web-drc/application/views/templates/header.php
DEBUG - 2025-03-20 00:16:52 --> File loaded: /apps/web-drc/application/views/templates/toolbar.php
DEBUG - 2025-03-20 00:16:52 --> File loaded: /apps/web-drc/application/views/templates/sidebar.php
DEBUG - 2025-03-20 00:16:52 --> File loaded: /apps/web-drc/application/views/templates/contents.php
DEBUG - 2025-03-20 00:16:52 --> File loaded: /apps/web-drc/application/views/templates/content_footer.php
DEBUG - 2025-03-20 00:16:52 --> File loaded: /apps/web-drc/application/views/templates/footer.php
DEBUG - 2025-03-20 00:16:52 --> File loaded: /apps/web-drc/application/views/templates/default.php
INFO - 2025-03-20 00:16:52 --> Final output sent to browser
DEBUG - 2025-03-20 00:16:52 --> Total execution time: 0.0064
INFO - 2025-03-20 00:16:52 --> Config Class Initialized
INFO - 2025-03-20 00:16:52 --> Hooks Class Initialized
DEBUG - 2025-03-20 00:16:52 --> UTF-8 Support Enabled
INFO - 2025-03-20 00:16:52 --> Utf8 Class Initialized
INFO - 2025-03-20 00:16:52 --> URI Class Initialized
INFO - 2025-03-20 00:16:52 --> Router Class Initialized
INFO - 2025-03-20 00:16:52 --> Output Class Initialized
INFO - 2025-03-20 00:16:52 --> Security Class Initialized
DEBUG - 2025-03-20 00:16:52 --> Global POST, GET and COOKIE data sanitized
INFO - 2025-03-20 00:16:52 --> Input Class Initialized
INFO - 2025-03-20 00:16:52 --> Language Class Initialized
ERROR - 2025-03-20 00:16:52 --> 404 Page Not Found: /index
INFO - 2025-03-20 00:16:52 --> Config Class Initialized
INFO - 2025-03-20 00:16:52 --> Hooks Class Initialized
DEBUG - 2025-03-20 00:16:52 --> UTF-8 Support Enabled
INFO - 2025-03-20 00:16:52 --> Utf8 Class Initialized
INFO - 2025-03-20 00:16:52 --> URI Class Initialized
INFO - 2025-03-20 00:16:52 --> Router Class Initialized
INFO - 2025-03-20 00:16:52 --> Output Class Initialized
INFO - 2025-03-20 00:16:52 --> Security Class Initialized
DEBUG - 2025-03-20 00:16:52 --> Global POST, GET and COOKIE data sanitized
INFO - 2025-03-20 00:16:52 --> Input Class Initialized
INFO - 2025-03-20 00:16:52 --> Language Class Initialized
INFO - 2025-03-20 00:16:52 --> Language Class Initialized
INFO - 2025-03-20 00:16:52 --> Config Class Initialized
INFO - 2025-03-20 00:16:52 --> Loader Class Initialized
INFO - 2025-03-20 00:16:52 --> Helper loaded: url_helper
INFO - 2025-03-20 00:16:52 --> Helper loaded: easyui_helper
INFO - 2025-03-20 00:16:52 --> Helper loaded: param_helper
INFO - 2025-03-20 00:16:52 --> Helper loaded: credential_helper
INFO - 2025-03-20 00:16:52 --> Helper loaded: template_helper
INFO - 2025-03-20 00:16:52 --> Helper loaded: rest_helper
INFO - 2025-03-20 00:16:52 --> Database Driver Class Initialized
DEBUG - 2025-03-20 00:16:52 --> Idgenerator class already loaded. Second attempt ignored.
INFO - 2025-03-20 00:16:52 --> Controller Class Initialized
INFO - 2025-03-20 00:16:52 --> Model Class Initialized
DEBUG - 2025-03-20 00:16:52 --> File loaded: /apps/web-drc/application/modules/api_v1/models/Api_v1_model.php
INFO - 2025-03-20 00:16:52 --> Model Class Initialized
INFO - 2025-03-20 00:16:52 --> Final output sent to browser
DEBUG - 2025-03-20 00:16:52 --> Total execution time: 0.0050
INFO - 2025-03-20 00:16:52 --> Config Class Initialized
INFO - 2025-03-20 00:16:52 --> Hooks Class Initialized
DEBUG - 2025-03-20 00:16:52 --> UTF-8 Support Enabled
INFO - 2025-03-20 00:16:52 --> Utf8 Class Initialized
INFO - 2025-03-20 00:16:52 --> URI Class Initialized
INFO - 2025-03-20 00:16:52 --> Router Class Initialized
INFO - 2025-03-20 00:16:52 --> Output Class Initialized
INFO - 2025-03-20 00:16:52 --> Security Class Initialized
DEBUG - 2025-03-20 00:16:52 --> Global POST, GET and COOKIE data sanitized
INFO - 2025-03-20 00:16:52 --> Input Class Initialized
INFO - 2025-03-20 00:16:52 --> Language Class Initialized
INFO - 2025-03-20 00:16:52 --> Language Class Initialized
INFO - 2025-03-20 00:16:52 --> Config Class Initialized
INFO - 2025-03-20 00:16:52 --> Loader Class Initialized
INFO - 2025-03-20 00:16:52 --> Helper loaded: url_helper
INFO - 2025-03-20 00:16:52 --> Helper loaded: easyui_helper
INFO - 2025-03-20 00:16:52 --> Helper loaded: param_helper
INFO - 2025-03-20 00:16:52 --> Helper loaded: credential_helper
INFO - 2025-03-20 00:16:52 --> Helper loaded: template_helper
INFO - 2025-03-20 00:16:52 --> Helper loaded: rest_helper
INFO - 2025-03-20 00:16:52 --> Database Driver Class Initialized
DEBUG - 2025-03-20 00:16:52 --> Idgenerator class already loaded. Second attempt ignored.
INFO - 2025-03-20 00:16:52 --> Controller Class Initialized
INFO - 2025-03-20 00:16:52 --> Model Class Initialized
DEBUG - 2025-03-20 00:16:52 --> File loaded: /apps/web-drc/application/modules/api_v1/models/Api_v1_model.php
INFO - 2025-03-20 00:16:52 --> Model Class Initialized
INFO - 2025-03-20 00:16:52 --> Final output sent to browser
DEBUG - 2025-03-20 00:16:52 --> Total execution time: 0.0037
INFO - 2025-03-20 00:20:45 --> Config Class Initialized
INFO - 2025-03-20 00:20:45 --> Hooks Class Initialized
DEBUG - 2025-03-20 00:20:45 --> UTF-8 Support Enabled
INFO - 2025-03-20 00:20:45 --> Utf8 Class Initialized
INFO - 2025-03-20 00:20:45 --> URI Class Initialized
INFO - 2025-03-20 00:20:45 --> Router Class Initialized
INFO - 2025-03-20 00:20:45 --> Output Class Initialized
INFO - 2025-03-20 00:20:45 --> Security Class Initialized
DEBUG - 2025-03-20 00:20:45 --> Global POST, GET and COOKIE data sanitized
INFO - 2025-03-20 00:20:45 --> Input Class Initialized
INFO - 2025-03-20 00:20:45 --> Language Class Initialized
INFO - 2025-03-20 00:20:45 --> Language Class Initialized
INFO - 2025-03-20 00:20:45 --> Config Class Initialized
INFO - 2025-03-20 00:20:45 --> Loader Class Initialized
INFO - 2025-03-20 00:20:45 --> Helper loaded: url_helper
INFO - 2025-03-20 00:20:45 --> Helper loaded: easyui_helper
INFO - 2025-03-20 00:20:45 --> Helper loaded: param_helper
INFO - 2025-03-20 00:20:45 --> Helper loaded: credential_helper
INFO - 2025-03-20 00:20:45 --> Helper loaded: template_helper
INFO - 2025-03-20 00:20:45 --> Helper loaded: rest_helper
INFO - 2025-03-20 00:20:45 --> Database Driver Class Initialized
DEBUG - 2025-03-20 00:20:45 --> Idgenerator class already loaded. Second attempt ignored.
INFO - 2025-03-20 00:20:45 --> Controller Class Initialized
INFO - 2025-03-20 00:20:45 --> Model Class Initialized
DEBUG - 2025-03-20 00:20:45 --> File loaded: /apps/web-drc/application/modules/visibility_program_active/models/Visibility_program_model.php
INFO - 2025-03-20 00:20:45 --> Model Class Initialized
DEBUG - 2025-03-20 00:20:45 --> File loaded: /apps/web-drc/application/modules/visibility_program_active/views/form.php
DEBUG - 2025-03-20 00:20:45 --> File loaded: /apps/web-drc/application/views/templates/header.php
DEBUG - 2025-03-20 00:20:45 --> File loaded: /apps/web-drc/application/views/templates/toolbar.php
DEBUG - 2025-03-20 00:20:45 --> File loaded: /apps/web-drc/application/views/templates/sidebar.php
DEBUG - 2025-03-20 00:20:45 --> File loaded: /apps/web-drc/application/views/templates/contents.php
DEBUG - 2025-03-20 00:20:45 --> File loaded: /apps/web-drc/application/views/templates/content_footer.php
DEBUG - 2025-03-20 00:20:45 --> File loaded: /apps/web-drc/application/views/templates/footer.php
DEBUG - 2025-03-20 00:20:45 --> File loaded: /apps/web-drc/application/views/templates/default.php
INFO - 2025-03-20 00:20:45 --> Final output sent to browser
DEBUG - 2025-03-20 00:20:45 --> Total execution time: 0.0066
INFO - 2025-03-20 00:20:48 --> Config Class Initialized
INFO - 2025-03-20 00:20:48 --> Hooks Class Initialized
DEBUG - 2025-03-20 00:20:48 --> UTF-8 Support Enabled
INFO - 2025-03-20 00:20:48 --> Utf8 Class Initialized
INFO - 2025-03-20 00:20:48 --> URI Class Initialized
INFO - 2025-03-20 00:20:48 --> Router Class Initialized
INFO - 2025-03-20 00:20:48 --> Output Class Initialized
INFO - 2025-03-20 00:20:48 --> Security Class Initialized
DEBUG - 2025-03-20 00:20:48 --> Global POST, GET and COOKIE data sanitized
INFO - 2025-03-20 00:20:48 --> Input Class Initialized
INFO - 2025-03-20 00:20:48 --> Language Class Initialized
ERROR - 2025-03-20 00:20:48 --> 404 Page Not Found: /index
INFO - 2025-03-20 00:20:48 --> Config Class Initialized
INFO - 2025-03-20 00:20:48 --> Hooks Class Initialized
DEBUG - 2025-03-20 00:20:48 --> UTF-8 Support Enabled
INFO - 2025-03-20 00:20:48 --> Utf8 Class Initialized
INFO - 2025-03-20 00:20:48 --> URI Class Initialized
INFO - 2025-03-20 00:20:48 --> Router Class Initialized
INFO - 2025-03-20 00:20:48 --> Output Class Initialized
INFO - 2025-03-20 00:20:48 --> Security Class Initialized
DEBUG - 2025-03-20 00:20:48 --> Global POST, GET and COOKIE data sanitized
INFO - 2025-03-20 00:20:48 --> Input Class Initialized
INFO - 2025-03-20 00:20:48 --> Language Class Initialized
INFO - 2025-03-20 00:20:48 --> Language Class Initialized
INFO - 2025-03-20 00:20:48 --> Config Class Initialized
INFO - 2025-03-20 00:20:48 --> Loader Class Initialized
INFO - 2025-03-20 00:20:48 --> Helper loaded: url_helper
INFO - 2025-03-20 00:20:48 --> Helper loaded: easyui_helper
INFO - 2025-03-20 00:20:48 --> Helper loaded: param_helper
INFO - 2025-03-20 00:20:48 --> Helper loaded: credential_helper
INFO - 2025-03-20 00:20:48 --> Helper loaded: template_helper
INFO - 2025-03-20 00:20:48 --> Helper loaded: rest_helper
INFO - 2025-03-20 00:20:48 --> Database Driver Class Initialized
DEBUG - 2025-03-20 00:20:48 --> Idgenerator class already loaded. Second attempt ignored.
INFO - 2025-03-20 00:20:48 --> Controller Class Initialized
INFO - 2025-03-20 00:20:48 --> Model Class Initialized
DEBUG - 2025-03-20 00:20:48 --> File loaded: /apps/web-drc/application/modules/api_v1/models/Api_v1_model.php
INFO - 2025-03-20 00:20:48 --> Model Class Initialized
INFO - 2025-03-20 00:20:48 --> Final output sent to browser
DEBUG - 2025-03-20 00:20:48 --> Total execution time: 0.0048
INFO - 2025-03-20 00:20:48 --> Config Class Initialized
INFO - 2025-03-20 00:20:48 --> Hooks Class Initialized
DEBUG - 2025-03-20 00:20:48 --> UTF-8 Support Enabled
INFO - 2025-03-20 00:20:48 --> Utf8 Class Initialized
INFO - 2025-03-20 00:20:48 --> URI Class Initialized
INFO - 2025-03-20 00:20:48 --> Router Class Initialized
INFO - 2025-03-20 00:20:48 --> Output Class Initialized
INFO - 2025-03-20 00:20:48 --> Security Class Initialized
DEBUG - 2025-03-20 00:20:48 --> Global POST, GET and COOKIE data sanitized
INFO - 2025-03-20 00:20:48 --> Input Class Initialized
INFO - 2025-03-20 00:20:48 --> Language Class Initialized
INFO - 2025-03-20 00:20:48 --> Language Class Initialized
INFO - 2025-03-20 00:20:48 --> Config Class Initialized
INFO - 2025-03-20 00:20:48 --> Loader Class Initialized
INFO - 2025-03-20 00:20:48 --> Helper loaded: url_helper
INFO - 2025-03-20 00:20:48 --> Helper loaded: easyui_helper
INFO - 2025-03-20 00:20:48 --> Helper loaded: param_helper
INFO - 2025-03-20 00:20:48 --> Helper loaded: credential_helper
INFO - 2025-03-20 00:20:48 --> Helper loaded: template_helper
INFO - 2025-03-20 00:20:48 --> Helper loaded: rest_helper
INFO - 2025-03-20 00:20:48 --> Database Driver Class Initialized
DEBUG - 2025-03-20 00:20:48 --> Idgenerator class already loaded. Second attempt ignored.
INFO - 2025-03-20 00:20:48 --> Controller Class Initialized
INFO - 2025-03-20 00:20:48 --> Model Class Initialized
DEBUG - 2025-03-20 00:20:48 --> File loaded: /apps/web-drc/application/modules/api_v1/models/Api_v1_model.php
INFO - 2025-03-20 00:20:48 --> Model Class Initialized
INFO - 2025-03-20 00:20:48 --> Final output sent to browser
DEBUG - 2025-03-20 00:20:48 --> Total execution time: 0.0028
INFO - 2025-03-20 00:20:49 --> Config Class Initialized
INFO - 2025-03-20 00:20:49 --> Hooks Class Initialized
DEBUG - 2025-03-20 00:20:49 --> UTF-8 Support Enabled
INFO - 2025-03-20 00:20:49 --> Utf8 Class Initialized
INFO - 2025-03-20 00:20:49 --> URI Class Initialized
INFO - 2025-03-20 00:20:49 --> Router Class Initialized
INFO - 2025-03-20 00:20:49 --> Output Class Initialized
INFO - 2025-03-20 00:20:49 --> Security Class Initialized
DEBUG - 2025-03-20 00:20:49 --> Global POST, GET and COOKIE data sanitized
INFO - 2025-03-20 00:20:49 --> Input Class Initialized
INFO - 2025-03-20 00:20:49 --> Language Class Initialized
ERROR - 2025-03-20 00:20:49 --> 404 Page Not Found: /index
INFO - 2025-03-20 00:59:42 --> Config Class Initialized
INFO - 2025-03-20 00:59:42 --> Hooks Class Initialized
DEBUG - 2025-03-20 00:59:42 --> UTF-8 Support Enabled
INFO - 2025-03-20 00:59:42 --> Utf8 Class Initialized
INFO - 2025-03-20 00:59:42 --> URI Class Initialized
INFO - 2025-03-20 00:59:42 --> Router Class Initialized
INFO - 2025-03-20 00:59:42 --> Output Class Initialized
INFO - 2025-03-20 00:59:42 --> Security Class Initialized
DEBUG - 2025-03-20 00:59:42 --> Global POST, GET and COOKIE data sanitized
INFO - 2025-03-20 00:59:42 --> Input Class Initialized
INFO - 2025-03-20 00:59:42 --> Language Class Initialized
INFO - 2025-03-20 00:59:42 --> Language Class Initialized
INFO - 2025-03-20 00:59:42 --> Config Class Initialized
INFO - 2025-03-20 00:59:42 --> Loader Class Initialized
INFO - 2025-03-20 00:59:42 --> Helper loaded: url_helper
INFO - 2025-03-20 00:59:42 --> Helper loaded: easyui_helper
INFO - 2025-03-20 00:59:42 --> Helper loaded: param_helper
INFO - 2025-03-20 00:59:42 --> Helper loaded: credential_helper
INFO - 2025-03-20 00:59:42 --> Helper loaded: template_helper
INFO - 2025-03-20 00:59:42 --> Helper loaded: rest_helper
INFO - 2025-03-20 00:59:42 --> Database Driver Class Initialized
DEBUG - 2025-03-20 00:59:42 --> Idgenerator class already loaded. Second attempt ignored.
INFO - 2025-03-20 00:59:42 --> Controller Class Initialized
INFO - 2025-03-20 00:59:42 --> Model Class Initialized
DEBUG - 2025-03-20 00:59:42 --> File loaded: /apps/web-drc/application/modules/visibility_program_active/models/Visibility_program_model.php
INFO - 2025-03-20 00:59:42 --> Model Class Initialized
DEBUG - 2025-03-20 00:59:42 --> File loaded: /apps/web-drc/application/modules/visibility_program_active/views/content.php
DEBUG - 2025-03-20 00:59:42 --> File loaded: /apps/web-drc/application/views/templates/header.php
DEBUG - 2025-03-20 00:59:42 --> File loaded: /apps/web-drc/application/views/templates/toolbar.php
DEBUG - 2025-03-20 00:59:42 --> File loaded: /apps/web-drc/application/views/templates/sidebar.php
DEBUG - 2025-03-20 00:59:42 --> File loaded: /apps/web-drc/application/views/templates/contents.php
DEBUG - 2025-03-20 00:59:42 --> File loaded: /apps/web-drc/application/views/templates/content_footer.php
DEBUG - 2025-03-20 00:59:42 --> File loaded: /apps/web-drc/application/views/templates/footer.php
INFO - 2025-03-20 00:59:42 --> Config Class Initialized
INFO - 2025-03-20 00:59:42 --> Hooks Class Initialized
DEBUG - 2025-03-20 00:59:42 --> UTF-8 Support Enabled
INFO - 2025-03-20 00:59:42 --> Utf8 Class Initialized
INFO - 2025-03-20 00:59:42 --> URI Class Initialized
DEBUG - 2025-03-20 00:59:42 --> No URI present. Default controller set.
INFO - 2025-03-20 00:59:42 --> Router Class Initialized
INFO - 2025-03-20 00:59:42 --> Output Class Initialized
INFO - 2025-03-20 00:59:42 --> Security Class Initialized
DEBUG - 2025-03-20 00:59:42 --> Global POST, GET and COOKIE data sanitized
INFO - 2025-03-20 00:59:42 --> Input Class Initialized
INFO - 2025-03-20 00:59:42 --> Language Class Initialized
INFO - 2025-03-20 00:59:42 --> Language Class Initialized
INFO - 2025-03-20 00:59:42 --> Config Class Initialized
INFO - 2025-03-20 00:59:42 --> Loader Class Initialized
INFO - 2025-03-20 00:59:42 --> Helper loaded: url_helper
INFO - 2025-03-20 00:59:42 --> Helper loaded: easyui_helper
INFO - 2025-03-20 00:59:42 --> Helper loaded: param_helper
INFO - 2025-03-20 00:59:42 --> Helper loaded: credential_helper
INFO - 2025-03-20 00:59:42 --> Helper loaded: template_helper
INFO - 2025-03-20 00:59:42 --> Helper loaded: rest_helper
INFO - 2025-03-20 00:59:42 --> Database Driver Class Initialized
DEBUG - 2025-03-20 00:59:42 --> Idgenerator class already loaded. Second attempt ignored.
INFO - 2025-03-20 00:59:42 --> Controller Class Initialized
DEBUG - 2025-03-20 00:59:42 --> File loaded: /apps/web-drc/application/modules/app_auth/views/login_lte_template.php
DEBUG - 2025-03-20 00:59:42 --> File loaded: /apps/web-drc/application/views/template_login_lte/header.php
DEBUG - 2025-03-20 00:59:42 --> File loaded: /apps/web-drc/application/views/template_login_lte/contents.php
DEBUG - 2025-03-20 00:59:42 --> File loaded: /apps/web-drc/application/views/template_login_lte/default.php
INFO - 2025-03-20 00:59:42 --> Final output sent to browser
DEBUG - 2025-03-20 00:59:42 --> Total execution time: 0.0032
INFO - 2025-03-20 00:59:42 --> Config Class Initialized
INFO - 2025-03-20 00:59:42 --> Hooks Class Initialized
DEBUG - 2025-03-20 00:59:42 --> UTF-8 Support Enabled
INFO - 2025-03-20 00:59:42 --> Utf8 Class Initialized
INFO - 2025-03-20 00:59:42 --> URI Class Initialized
INFO - 2025-03-20 00:59:42 --> Router Class Initialized
INFO - 2025-03-20 00:59:42 --> Output Class Initialized
INFO - 2025-03-20 00:59:42 --> Security Class Initialized
DEBUG - 2025-03-20 00:59:42 --> Global POST, GET and COOKIE data sanitized
INFO - 2025-03-20 00:59:42 --> Input Class Initialized
INFO - 2025-03-20 00:59:42 --> Language Class Initialized
ERROR - 2025-03-20 00:59:42 --> 404 Page Not Found: /index
INFO - 2025-03-20 00:59:45 --> Config Class Initialized
INFO - 2025-03-20 00:59:45 --> Hooks Class Initialized
DEBUG - 2025-03-20 00:59:45 --> UTF-8 Support Enabled
INFO - 2025-03-20 00:59:45 --> Utf8 Class Initialized
INFO - 2025-03-20 00:59:45 --> URI Class Initialized
INFO - 2025-03-20 00:59:45 --> Router Class Initialized
INFO - 2025-03-20 00:59:45 --> Output Class Initialized
INFO - 2025-03-20 00:59:45 --> Security Class Initialized
DEBUG - 2025-03-20 00:59:45 --> Global POST, GET and COOKIE data sanitized
INFO - 2025-03-20 00:59:45 --> Input Class Initialized
INFO - 2025-03-20 00:59:45 --> Language Class Initialized
INFO - 2025-03-20 00:59:45 --> Language Class Initialized
INFO - 2025-03-20 00:59:45 --> Config Class Initialized
INFO - 2025-03-20 00:59:45 --> Loader Class Initialized
INFO - 2025-03-20 00:59:45 --> Helper loaded: url_helper
INFO - 2025-03-20 00:59:45 --> Helper loaded: easyui_helper
INFO - 2025-03-20 00:59:45 --> Helper loaded: param_helper
INFO - 2025-03-20 00:59:45 --> Helper loaded: credential_helper
INFO - 2025-03-20 00:59:45 --> Helper loaded: template_helper
INFO - 2025-03-20 00:59:45 --> Helper loaded: rest_helper
INFO - 2025-03-20 00:59:45 --> Database Driver Class Initialized
DEBUG - 2025-03-20 00:59:45 --> Idgenerator class already loaded. Second attempt ignored.
INFO - 2025-03-20 00:59:45 --> Controller Class Initialized
INFO - 2025-03-20 00:59:45 --> Final output sent to browser
DEBUG - 2025-03-20 00:59:45 --> Total execution time: 0.0051
INFO - 2025-03-20 00:59:45 --> Config Class Initialized
INFO - 2025-03-20 00:59:45 --> Hooks Class Initialized
DEBUG - 2025-03-20 00:59:45 --> UTF-8 Support Enabled
INFO - 2025-03-20 00:59:45 --> Utf8 Class Initialized
INFO - 2025-03-20 00:59:45 --> URI Class Initialized
INFO - 2025-03-20 00:59:45 --> Router Class Initialized
INFO - 2025-03-20 00:59:45 --> Output Class Initialized
INFO - 2025-03-20 00:59:45 --> Security Class Initialized
DEBUG - 2025-03-20 00:59:45 --> Global POST, GET and COOKIE data sanitized
INFO - 2025-03-20 00:59:45 --> Input Class Initialized
INFO - 2025-03-20 00:59:45 --> Language Class Initialized
INFO - 2025-03-20 00:59:45 --> Language Class Initialized
INFO - 2025-03-20 00:59:45 --> Config Class Initialized
INFO - 2025-03-20 00:59:45 --> Loader Class Initialized
INFO - 2025-03-20 00:59:45 --> Helper loaded: url_helper
INFO - 2025-03-20 00:59:45 --> Helper loaded: easyui_helper
INFO - 2025-03-20 00:59:45 --> Helper loaded: param_helper
INFO - 2025-03-20 00:59:45 --> Helper loaded: credential_helper
INFO - 2025-03-20 00:59:45 --> Helper loaded: template_helper
INFO - 2025-03-20 00:59:45 --> Helper loaded: rest_helper
INFO - 2025-03-20 00:59:45 --> Database Driver Class Initialized
DEBUG - 2025-03-20 00:59:45 --> Idgenerator class already loaded. Second attempt ignored.
INFO - 2025-03-20 00:59:45 --> Controller Class Initialized
INFO - 2025-03-20 00:59:45 --> Model Class Initialized
DEBUG - 2025-03-20 00:59:45 --> File loaded: /apps/web-drc/application/modules/app_dashboard/models/App_dashboard_model.php
INFO - 2025-03-20 00:59:45 --> Model Class Initialized
DEBUG - 2025-03-20 00:59:45 --> File loaded: /apps/web-drc/application/modules/app_dashboard/views/content.php
DEBUG - 2025-03-20 00:59:45 --> File loaded: /apps/web-drc/application/views/templates/header.php
DEBUG - 2025-03-20 00:59:45 --> File loaded: /apps/web-drc/application/views/templates/toolbar.php
DEBUG - 2025-03-20 00:59:45 --> File loaded: /apps/web-drc/application/views/templates/sidebar.php
DEBUG - 2025-03-20 00:59:45 --> File loaded: /apps/web-drc/application/views/templates/contents.php
DEBUG - 2025-03-20 00:59:45 --> File loaded: /apps/web-drc/application/views/templates/content_footer.php
DEBUG - 2025-03-20 00:59:45 --> File loaded: /apps/web-drc/application/views/templates/footer.php
DEBUG - 2025-03-20 00:59:45 --> File loaded: /apps/web-drc/application/views/templates/default.php
INFO - 2025-03-20 00:59:45 --> Final output sent to browser
DEBUG - 2025-03-20 00:59:45 --> Total execution time: 0.0122
INFO - 2025-03-20 00:59:45 --> Config Class Initialized
INFO - 2025-03-20 00:59:45 --> Hooks Class Initialized
DEBUG - 2025-03-20 00:59:45 --> UTF-8 Support Enabled
INFO - 2025-03-20 00:59:45 --> Utf8 Class Initialized
INFO - 2025-03-20 00:59:45 --> URI Class Initialized
INFO - 2025-03-20 00:59:45 --> Router Class Initialized
INFO - 2025-03-20 00:59:45 --> Output Class Initialized
INFO - 2025-03-20 00:59:45 --> Security Class Initialized
DEBUG - 2025-03-20 00:59:45 --> Global POST, GET and COOKIE data sanitized
INFO - 2025-03-20 00:59:45 --> Input Class Initialized
INFO - 2025-03-20 00:59:45 --> Language Class Initialized
ERROR - 2025-03-20 00:59:45 --> 404 Page Not Found: /index
INFO - 2025-03-20 00:59:45 --> Config Class Initialized
INFO - 2025-03-20 00:59:45 --> Hooks Class Initialized
DEBUG - 2025-03-20 00:59:45 --> UTF-8 Support Enabled
INFO - 2025-03-20 00:59:45 --> Utf8 Class Initialized
INFO - 2025-03-20 00:59:45 --> URI Class Initialized
INFO - 2025-03-20 00:59:45 --> Router Class Initialized
INFO - 2025-03-20 00:59:45 --> Output Class Initialized
INFO - 2025-03-20 00:59:45 --> Security Class Initialized
DEBUG - 2025-03-20 00:59:45 --> Global POST, GET and COOKIE data sanitized
INFO - 2025-03-20 00:59:45 --> Input Class Initialized
INFO - 2025-03-20 00:59:45 --> Language Class Initialized
INFO - 2025-03-20 00:59:45 --> Language Class Initialized
INFO - 2025-03-20 00:59:45 --> Config Class Initialized
INFO - 2025-03-20 00:59:45 --> Loader Class Initialized
INFO - 2025-03-20 00:59:45 --> Helper loaded: url_helper
INFO - 2025-03-20 00:59:45 --> Helper loaded: easyui_helper
INFO - 2025-03-20 00:59:45 --> Helper loaded: param_helper
INFO - 2025-03-20 00:59:45 --> Helper loaded: credential_helper
INFO - 2025-03-20 00:59:45 --> Helper loaded: template_helper
INFO - 2025-03-20 00:59:45 --> Helper loaded: rest_helper
INFO - 2025-03-20 00:59:45 --> Database Driver Class Initialized
DEBUG - 2025-03-20 00:59:45 --> Idgenerator class already loaded. Second attempt ignored.
INFO - 2025-03-20 00:59:45 --> Controller Class Initialized
INFO - 2025-03-20 00:59:45 --> Model Class Initialized
DEBUG - 2025-03-20 00:59:45 --> File loaded: /apps/web-drc/application/modules/app_dashboard/models/App_dashboard_model.php
INFO - 2025-03-20 00:59:45 --> Model Class Initialized
INFO - 2025-03-20 00:59:45 --> Final output sent to browser
DEBUG - 2025-03-20 00:59:45 --> Total execution time: 0.0064
INFO - 2025-03-20 00:59:45 --> Config Class Initialized
INFO - 2025-03-20 00:59:45 --> Hooks Class Initialized
DEBUG - 2025-03-20 00:59:45 --> UTF-8 Support Enabled
INFO - 2025-03-20 00:59:45 --> Utf8 Class Initialized
INFO - 2025-03-20 00:59:45 --> URI Class Initialized
INFO - 2025-03-20 00:59:45 --> Router Class Initialized
INFO - 2025-03-20 00:59:45 --> Output Class Initialized
INFO - 2025-03-20 00:59:45 --> Security Class Initialized
DEBUG - 2025-03-20 00:59:45 --> Global POST, GET and COOKIE data sanitized
INFO - 2025-03-20 00:59:45 --> Input Class Initialized
INFO - 2025-03-20 00:59:45 --> Language Class Initialized
INFO - 2025-03-20 00:59:45 --> Language Class Initialized
INFO - 2025-03-20 00:59:45 --> Config Class Initialized
INFO - 2025-03-20 00:59:45 --> Loader Class Initialized
INFO - 2025-03-20 00:59:45 --> Helper loaded: url_helper
INFO - 2025-03-20 00:59:45 --> Helper loaded: easyui_helper
INFO - 2025-03-20 00:59:45 --> Helper loaded: param_helper
INFO - 2025-03-20 00:59:45 --> Helper loaded: credential_helper
INFO - 2025-03-20 00:59:45 --> Helper loaded: template_helper
INFO - 2025-03-20 00:59:45 --> Helper loaded: rest_helper
INFO - 2025-03-20 00:59:45 --> Database Driver Class Initialized
DEBUG - 2025-03-20 00:59:45 --> Idgenerator class already loaded. Second attempt ignored.
INFO - 2025-03-20 00:59:45 --> Controller Class Initialized
INFO - 2025-03-20 00:59:45 --> Model Class Initialized
DEBUG - 2025-03-20 00:59:45 --> File loaded: /apps/web-drc/application/modules/api_v1/models/Api_v1_model.php
INFO - 2025-03-20 00:59:45 --> Model Class Initialized
INFO - 2025-03-20 00:59:45 --> Final output sent to browser
DEBUG - 2025-03-20 00:59:45 --> Total execution time: 0.0030
INFO - 2025-03-20 00:59:53 --> Config Class Initialized
INFO - 2025-03-20 00:59:53 --> Hooks Class Initialized
DEBUG - 2025-03-20 00:59:53 --> UTF-8 Support Enabled
INFO - 2025-03-20 00:59:53 --> Utf8 Class Initialized
INFO - 2025-03-20 00:59:53 --> URI Class Initialized
INFO - 2025-03-20 00:59:53 --> Router Class Initialized
INFO - 2025-03-20 00:59:53 --> Output Class Initialized
INFO - 2025-03-20 00:59:53 --> Security Class Initialized
DEBUG - 2025-03-20 00:59:53 --> Global POST, GET and COOKIE data sanitized
INFO - 2025-03-20 00:59:53 --> Input Class Initialized
INFO - 2025-03-20 00:59:53 --> Language Class Initialized
INFO - 2025-03-20 00:59:53 --> Language Class Initialized
INFO - 2025-03-20 00:59:53 --> Config Class Initialized
INFO - 2025-03-20 00:59:53 --> Loader Class Initialized
INFO - 2025-03-20 00:59:53 --> Helper loaded: url_helper
INFO - 2025-03-20 00:59:53 --> Helper loaded: easyui_helper
INFO - 2025-03-20 00:59:53 --> Helper loaded: param_helper
INFO - 2025-03-20 00:59:53 --> Helper loaded: credential_helper
INFO - 2025-03-20 00:59:53 --> Helper loaded: template_helper
INFO - 2025-03-20 00:59:53 --> Helper loaded: rest_helper
INFO - 2025-03-20 00:59:53 --> Database Driver Class Initialized
DEBUG - 2025-03-20 00:59:53 --> Idgenerator class already loaded. Second attempt ignored.
INFO - 2025-03-20 00:59:53 --> Controller Class Initialized
INFO - 2025-03-20 00:59:53 --> Model Class Initialized
DEBUG - 2025-03-20 00:59:53 --> File loaded: /apps/web-drc/application/modules/visibility_program_active/models/Visibility_program_model.php
INFO - 2025-03-20 00:59:53 --> Model Class Initialized
DEBUG - 2025-03-20 00:59:53 --> File loaded: /apps/web-drc/application/modules/visibility_program_active/views/content.php
DEBUG - 2025-03-20 00:59:53 --> File loaded: /apps/web-drc/application/views/templates/header.php
DEBUG - 2025-03-20 00:59:53 --> File loaded: /apps/web-drc/application/views/templates/toolbar.php
DEBUG - 2025-03-20 00:59:53 --> File loaded: /apps/web-drc/application/views/templates/sidebar.php
DEBUG - 2025-03-20 00:59:53 --> File loaded: /apps/web-drc/application/views/templates/contents.php
DEBUG - 2025-03-20 00:59:53 --> File loaded: /apps/web-drc/application/views/templates/content_footer.php
DEBUG - 2025-03-20 00:59:53 --> File loaded: /apps/web-drc/application/views/templates/footer.php
DEBUG - 2025-03-20 00:59:53 --> File loaded: /apps/web-drc/application/views/templates/default.php
INFO - 2025-03-20 00:59:53 --> Final output sent to browser
DEBUG - 2025-03-20 00:59:53 --> Total execution time: 0.0058
INFO - 2025-03-20 00:59:54 --> Config Class Initialized
INFO - 2025-03-20 00:59:54 --> Hooks Class Initialized
DEBUG - 2025-03-20 00:59:54 --> UTF-8 Support Enabled
INFO - 2025-03-20 00:59:54 --> Utf8 Class Initialized
INFO - 2025-03-20 00:59:54 --> URI Class Initialized
INFO - 2025-03-20 00:59:54 --> Router Class Initialized
INFO - 2025-03-20 00:59:54 --> Output Class Initialized
INFO - 2025-03-20 00:59:54 --> Security Class Initialized
DEBUG - 2025-03-20 00:59:54 --> Global POST, GET and COOKIE data sanitized
INFO - 2025-03-20 00:59:54 --> Input Class Initialized
INFO - 2025-03-20 00:59:54 --> Language Class Initialized
ERROR - 2025-03-20 00:59:54 --> 404 Page Not Found: /index
INFO - 2025-03-20 00:59:55 --> Config Class Initialized
INFO - 2025-03-20 00:59:55 --> Hooks Class Initialized
DEBUG - 2025-03-20 00:59:55 --> UTF-8 Support Enabled
INFO - 2025-03-20 00:59:55 --> Utf8 Class Initialized
INFO - 2025-03-20 00:59:55 --> URI Class Initialized
INFO - 2025-03-20 00:59:55 --> Router Class Initialized
INFO - 2025-03-20 00:59:55 --> Output Class Initialized
INFO - 2025-03-20 00:59:55 --> Security Class Initialized
DEBUG - 2025-03-20 00:59:55 --> Global POST, GET and COOKIE data sanitized
INFO - 2025-03-20 00:59:55 --> Input Class Initialized
INFO - 2025-03-20 00:59:55 --> Language Class Initialized
INFO - 2025-03-20 00:59:55 --> Language Class Initialized
INFO - 2025-03-20 00:59:55 --> Config Class Initialized
INFO - 2025-03-20 00:59:55 --> Loader Class Initialized
INFO - 2025-03-20 00:59:55 --> Helper loaded: url_helper
INFO - 2025-03-20 00:59:55 --> Helper loaded: easyui_helper
INFO - 2025-03-20 00:59:55 --> Helper loaded: param_helper
INFO - 2025-03-20 00:59:55 --> Helper loaded: credential_helper
INFO - 2025-03-20 00:59:55 --> Helper loaded: template_helper
INFO - 2025-03-20 00:59:55 --> Helper loaded: rest_helper
INFO - 2025-03-20 00:59:55 --> Database Driver Class Initialized
DEBUG - 2025-03-20 00:59:55 --> Idgenerator class already loaded. Second attempt ignored.
INFO - 2025-03-20 00:59:55 --> Controller Class Initialized
INFO - 2025-03-20 00:59:55 --> Model Class Initialized
DEBUG - 2025-03-20 00:59:55 --> File loaded: /apps/web-drc/application/modules/visibility_program_active/models/Visibility_program_model.php
INFO - 2025-03-20 00:59:55 --> Model Class Initialized
INFO - 2025-03-20 00:59:55 --> Final output sent to browser
DEBUG - 2025-03-20 00:59:55 --> Total execution time: 0.0046
INFO - 2025-03-20 01:00:29 --> Config Class Initialized
INFO - 2025-03-20 01:00:29 --> Hooks Class Initialized
DEBUG - 2025-03-20 01:00:29 --> UTF-8 Support Enabled
INFO - 2025-03-20 01:00:29 --> Utf8 Class Initialized
INFO - 2025-03-20 01:00:29 --> URI Class Initialized
INFO - 2025-03-20 01:00:29 --> Router Class Initialized
INFO - 2025-03-20 01:00:29 --> Output Class Initialized
INFO - 2025-03-20 01:00:29 --> Security Class Initialized
DEBUG - 2025-03-20 01:00:29 --> Global POST, GET and COOKIE data sanitized
INFO - 2025-03-20 01:00:29 --> Input Class Initialized
INFO - 2025-03-20 01:00:29 --> Language Class Initialized
INFO - 2025-03-20 01:00:29 --> Language Class Initialized
INFO - 2025-03-20 01:00:29 --> Config Class Initialized
INFO - 2025-03-20 01:00:29 --> Loader Class Initialized
INFO - 2025-03-20 01:00:29 --> Helper loaded: url_helper
INFO - 2025-03-20 01:00:29 --> Helper loaded: easyui_helper
INFO - 2025-03-20 01:00:29 --> Helper loaded: param_helper
INFO - 2025-03-20 01:00:29 --> Helper loaded: credential_helper
INFO - 2025-03-20 01:00:29 --> Helper loaded: template_helper
INFO - 2025-03-20 01:00:29 --> Helper loaded: rest_helper
INFO - 2025-03-20 01:00:29 --> Database Driver Class Initialized
DEBUG - 2025-03-20 01:00:29 --> Idgenerator class already loaded. Second attempt ignored.
INFO - 2025-03-20 01:00:29 --> Controller Class Initialized
INFO - 2025-03-20 01:00:29 --> Model Class Initialized
DEBUG - 2025-03-20 01:00:29 --> File loaded: /apps/web-drc/application/modules/visibility_program_active/models/Visibility_program_model.php
INFO - 2025-03-20 01:00:29 --> Model Class Initialized
DEBUG - 2025-03-20 01:00:29 --> File loaded: /apps/web-drc/application/modules/visibility_program_active/views/content.php
DEBUG - 2025-03-20 01:00:29 --> File loaded: /apps/web-drc/application/views/templates/header.php
DEBUG - 2025-03-20 01:00:29 --> File loaded: /apps/web-drc/application/views/templates/toolbar.php
DEBUG - 2025-03-20 01:00:29 --> File loaded: /apps/web-drc/application/views/templates/sidebar.php
DEBUG - 2025-03-20 01:00:29 --> File loaded: /apps/web-drc/application/views/templates/contents.php
DEBUG - 2025-03-20 01:00:29 --> File loaded: /apps/web-drc/application/views/templates/content_footer.php
DEBUG - 2025-03-20 01:00:29 --> File loaded: /apps/web-drc/application/views/templates/footer.php
DEBUG - 2025-03-20 01:00:29 --> File loaded: /apps/web-drc/application/views/templates/default.php
INFO - 2025-03-20 01:00:29 --> Final output sent to browser
DEBUG - 2025-03-20 01:00:29 --> Total execution time: 0.0074
INFO - 2025-03-20 01:00:29 --> Config Class Initialized
INFO - 2025-03-20 01:00:29 --> Hooks Class Initialized
DEBUG - 2025-03-20 01:00:29 --> UTF-8 Support Enabled
INFO - 2025-03-20 01:00:29 --> Utf8 Class Initialized
INFO - 2025-03-20 01:00:29 --> URI Class Initialized
INFO - 2025-03-20 01:00:29 --> Router Class Initialized
INFO - 2025-03-20 01:00:29 --> Output Class Initialized
INFO - 2025-03-20 01:00:29 --> Security Class Initialized
DEBUG - 2025-03-20 01:00:29 --> Global POST, GET and COOKIE data sanitized
INFO - 2025-03-20 01:00:29 --> Input Class Initialized
INFO - 2025-03-20 01:00:29 --> Language Class Initialized
ERROR - 2025-03-20 01:00:29 --> 404 Page Not Found: /index
INFO - 2025-03-20 01:00:29 --> Config Class Initialized
INFO - 2025-03-20 01:00:29 --> Hooks Class Initialized
DEBUG - 2025-03-20 01:00:29 --> UTF-8 Support Enabled
INFO - 2025-03-20 01:00:29 --> Utf8 Class Initialized
INFO - 2025-03-20 01:00:29 --> URI Class Initialized
INFO - 2025-03-20 01:00:29 --> Router Class Initialized
INFO - 2025-03-20 01:00:29 --> Output Class Initialized
INFO - 2025-03-20 01:00:29 --> Security Class Initialized
DEBUG - 2025-03-20 01:00:29 --> Global POST, GET and COOKIE data sanitized
INFO - 2025-03-20 01:00:29 --> Input Class Initialized
INFO - 2025-03-20 01:00:29 --> Language Class Initialized
INFO - 2025-03-20 01:00:29 --> Language Class Initialized
INFO - 2025-03-20 01:00:29 --> Config Class Initialized
INFO - 2025-03-20 01:00:29 --> Loader Class Initialized
INFO - 2025-03-20 01:00:29 --> Helper loaded: url_helper
INFO - 2025-03-20 01:00:29 --> Helper loaded: easyui_helper
INFO - 2025-03-20 01:00:29 --> Helper loaded: param_helper
INFO - 2025-03-20 01:00:29 --> Helper loaded: credential_helper
INFO - 2025-03-20 01:00:29 --> Helper loaded: template_helper
INFO - 2025-03-20 01:00:29 --> Helper loaded: rest_helper
INFO - 2025-03-20 01:00:29 --> Database Driver Class Initialized
DEBUG - 2025-03-20 01:00:29 --> Idgenerator class already loaded. Second attempt ignored.
INFO - 2025-03-20 01:00:29 --> Controller Class Initialized
INFO - 2025-03-20 01:00:29 --> Model Class Initialized
DEBUG - 2025-03-20 01:00:29 --> File loaded: /apps/web-drc/application/modules/visibility_program_active/models/Visibility_program_model.php
INFO - 2025-03-20 01:00:29 --> Model Class Initialized
INFO - 2025-03-20 01:00:29 --> Final output sent to browser
DEBUG - 2025-03-20 01:00:29 --> Total execution time: 0.0051
INFO - 2025-03-20 01:00:32 --> Config Class Initialized
INFO - 2025-03-20 01:00:32 --> Hooks Class Initialized
DEBUG - 2025-03-20 01:00:32 --> UTF-8 Support Enabled
INFO - 2025-03-20 01:00:32 --> Utf8 Class Initialized
INFO - 2025-03-20 01:00:32 --> URI Class Initialized
INFO - 2025-03-20 01:00:32 --> Router Class Initialized
INFO - 2025-03-20 01:00:32 --> Output Class Initialized
INFO - 2025-03-20 01:00:32 --> Security Class Initialized
DEBUG - 2025-03-20 01:00:32 --> Global POST, GET and COOKIE data sanitized
INFO - 2025-03-20 01:00:32 --> Input Class Initialized
INFO - 2025-03-20 01:00:32 --> Language Class Initialized
INFO - 2025-03-20 01:00:32 --> Language Class Initialized
INFO - 2025-03-20 01:00:32 --> Config Class Initialized
INFO - 2025-03-20 01:00:32 --> Loader Class Initialized
INFO - 2025-03-20 01:00:32 --> Helper loaded: url_helper
INFO - 2025-03-20 01:00:32 --> Helper loaded: easyui_helper
INFO - 2025-03-20 01:00:32 --> Helper loaded: param_helper
INFO - 2025-03-20 01:00:32 --> Helper loaded: credential_helper
INFO - 2025-03-20 01:00:32 --> Helper loaded: template_helper
INFO - 2025-03-20 01:00:32 --> Helper loaded: rest_helper
INFO - 2025-03-20 01:00:32 --> Database Driver Class Initialized
DEBUG - 2025-03-20 01:00:32 --> Idgenerator class already loaded. Second attempt ignored.
INFO - 2025-03-20 01:00:32 --> Controller Class Initialized
INFO - 2025-03-20 01:00:32 --> Model Class Initialized
DEBUG - 2025-03-20 01:00:32 --> File loaded: /apps/web-drc/application/modules/visibility_program_active/models/Visibility_program_model.php
INFO - 2025-03-20 01:00:32 --> Model Class Initialized
DEBUG - 2025-03-20 01:00:32 --> File loaded: /apps/web-drc/application/modules/visibility_program_active/views/content.php
DEBUG - 2025-03-20 01:00:32 --> File loaded: /apps/web-drc/application/views/templates/header.php
DEBUG - 2025-03-20 01:00:32 --> File loaded: /apps/web-drc/application/views/templates/toolbar.php
DEBUG - 2025-03-20 01:00:32 --> File loaded: /apps/web-drc/application/views/templates/sidebar.php
DEBUG - 2025-03-20 01:00:32 --> File loaded: /apps/web-drc/application/views/templates/contents.php
DEBUG - 2025-03-20 01:00:32 --> File loaded: /apps/web-drc/application/views/templates/content_footer.php
DEBUG - 2025-03-20 01:00:32 --> File loaded: /apps/web-drc/application/views/templates/footer.php
DEBUG - 2025-03-20 01:00:32 --> File loaded: /apps/web-drc/application/views/templates/default.php
INFO - 2025-03-20 01:00:32 --> Final output sent to browser
DEBUG - 2025-03-20 01:00:32 --> Total execution time: 0.0066
INFO - 2025-03-20 01:00:34 --> Config Class Initialized
INFO - 2025-03-20 01:00:34 --> Hooks Class Initialized
DEBUG - 2025-03-20 01:00:34 --> UTF-8 Support Enabled
INFO - 2025-03-20 01:00:34 --> Utf8 Class Initialized
INFO - 2025-03-20 01:00:34 --> URI Class Initialized
INFO - 2025-03-20 01:00:34 --> Router Class Initialized
INFO - 2025-03-20 01:00:34 --> Output Class Initialized
INFO - 2025-03-20 01:00:34 --> Security Class Initialized
DEBUG - 2025-03-20 01:00:34 --> Global POST, GET and COOKIE data sanitized
INFO - 2025-03-20 01:00:34 --> Input Class Initialized
INFO - 2025-03-20 01:00:34 --> Language Class Initialized
ERROR - 2025-03-20 01:00:34 --> 404 Page Not Found: /index
INFO - 2025-03-20 01:00:35 --> Config Class Initialized
INFO - 2025-03-20 01:00:35 --> Hooks Class Initialized
DEBUG - 2025-03-20 01:00:35 --> UTF-8 Support Enabled
INFO - 2025-03-20 01:00:35 --> Utf8 Class Initialized
INFO - 2025-03-20 01:00:35 --> URI Class Initialized
INFO - 2025-03-20 01:00:35 --> Router Class Initialized
INFO - 2025-03-20 01:00:35 --> Output Class Initialized
INFO - 2025-03-20 01:00:35 --> Security Class Initialized
DEBUG - 2025-03-20 01:00:35 --> Global POST, GET and COOKIE data sanitized
INFO - 2025-03-20 01:00:35 --> Input Class Initialized
INFO - 2025-03-20 01:00:35 --> Language Class Initialized
INFO - 2025-03-20 01:00:35 --> Language Class Initialized
INFO - 2025-03-20 01:00:35 --> Config Class Initialized
INFO - 2025-03-20 01:00:35 --> Loader Class Initialized
INFO - 2025-03-20 01:00:35 --> Helper loaded: url_helper
INFO - 2025-03-20 01:00:35 --> Helper loaded: easyui_helper
INFO - 2025-03-20 01:00:35 --> Helper loaded: param_helper
INFO - 2025-03-20 01:00:35 --> Helper loaded: credential_helper
INFO - 2025-03-20 01:00:35 --> Helper loaded: template_helper
INFO - 2025-03-20 01:00:35 --> Helper loaded: rest_helper
INFO - 2025-03-20 01:00:35 --> Database Driver Class Initialized
DEBUG - 2025-03-20 01:00:35 --> Idgenerator class already loaded. Second attempt ignored.
INFO - 2025-03-20 01:00:35 --> Controller Class Initialized
INFO - 2025-03-20 01:00:35 --> Model Class Initialized
DEBUG - 2025-03-20 01:00:35 --> File loaded: /apps/web-drc/application/modules/visibility_program_active/models/Visibility_program_model.php
INFO - 2025-03-20 01:00:35 --> Model Class Initialized
INFO - 2025-03-20 01:00:35 --> Final output sent to browser
DEBUG - 2025-03-20 01:00:35 --> Total execution time: 0.0061
INFO - 2025-03-20 01:00:36 --> Config Class Initialized
INFO - 2025-03-20 01:00:36 --> Hooks Class Initialized
DEBUG - 2025-03-20 01:00:36 --> UTF-8 Support Enabled
INFO - 2025-03-20 01:00:36 --> Utf8 Class Initialized
INFO - 2025-03-20 01:00:36 --> URI Class Initialized
INFO - 2025-03-20 01:00:36 --> Router Class Initialized
INFO - 2025-03-20 01:00:36 --> Output Class Initialized
INFO - 2025-03-20 01:00:36 --> Security Class Initialized
DEBUG - 2025-03-20 01:00:36 --> Global POST, GET and COOKIE data sanitized
INFO - 2025-03-20 01:00:36 --> Input Class Initialized
INFO - 2025-03-20 01:00:36 --> Language Class Initialized
ERROR - 2025-03-20 01:00:36 --> 404 Page Not Found: /index
INFO - 2025-03-20 01:00:39 --> Config Class Initialized
INFO - 2025-03-20 01:00:39 --> Hooks Class Initialized
DEBUG - 2025-03-20 01:00:39 --> UTF-8 Support Enabled
INFO - 2025-03-20 01:00:39 --> Utf8 Class Initialized
INFO - 2025-03-20 01:00:39 --> URI Class Initialized
INFO - 2025-03-20 01:00:39 --> Router Class Initialized
INFO - 2025-03-20 01:00:39 --> Output Class Initialized
INFO - 2025-03-20 01:00:39 --> Security Class Initialized
DEBUG - 2025-03-20 01:00:39 --> Global POST, GET and COOKIE data sanitized
INFO - 2025-03-20 01:00:39 --> Input Class Initialized
INFO - 2025-03-20 01:00:39 --> Language Class Initialized
INFO - 2025-03-20 01:00:39 --> Language Class Initialized
INFO - 2025-03-20 01:00:39 --> Config Class Initialized
INFO - 2025-03-20 01:00:39 --> Loader Class Initialized
INFO - 2025-03-20 01:00:39 --> Helper loaded: url_helper
INFO - 2025-03-20 01:00:39 --> Helper loaded: easyui_helper
INFO - 2025-03-20 01:00:39 --> Helper loaded: param_helper
INFO - 2025-03-20 01:00:39 --> Helper loaded: credential_helper
INFO - 2025-03-20 01:00:39 --> Helper loaded: template_helper
INFO - 2025-03-20 01:00:39 --> Helper loaded: rest_helper
INFO - 2025-03-20 01:00:39 --> Database Driver Class Initialized
DEBUG - 2025-03-20 01:00:39 --> Idgenerator class already loaded. Second attempt ignored.
INFO - 2025-03-20 01:00:39 --> Controller Class Initialized
INFO - 2025-03-20 01:00:39 --> Model Class Initialized
DEBUG - 2025-03-20 01:00:39 --> File loaded: /apps/web-drc/application/modules/visibility_program_active/models/Visibility_program_model.php
INFO - 2025-03-20 01:00:39 --> Model Class Initialized
DEBUG - 2025-03-20 01:00:39 --> File loaded: /apps/web-drc/application/modules/visibility_program_active/views/content.php
DEBUG - 2025-03-20 01:00:39 --> File loaded: /apps/web-drc/application/views/templates/header.php
DEBUG - 2025-03-20 01:00:39 --> File loaded: /apps/web-drc/application/views/templates/toolbar.php
DEBUG - 2025-03-20 01:00:39 --> File loaded: /apps/web-drc/application/views/templates/sidebar.php
DEBUG - 2025-03-20 01:00:39 --> File loaded: /apps/web-drc/application/views/templates/contents.php
DEBUG - 2025-03-20 01:00:39 --> File loaded: /apps/web-drc/application/views/templates/content_footer.php
DEBUG - 2025-03-20 01:00:39 --> File loaded: /apps/web-drc/application/views/templates/footer.php
DEBUG - 2025-03-20 01:00:39 --> File loaded: /apps/web-drc/application/views/templates/default.php
INFO - 2025-03-20 01:00:39 --> Final output sent to browser
DEBUG - 2025-03-20 01:00:39 --> Total execution time: 0.0064
INFO - 2025-03-20 01:00:42 --> Config Class Initialized
INFO - 2025-03-20 01:00:42 --> Hooks Class Initialized
DEBUG - 2025-03-20 01:00:42 --> UTF-8 Support Enabled
INFO - 2025-03-20 01:00:42 --> Utf8 Class Initialized
INFO - 2025-03-20 01:00:42 --> URI Class Initialized
INFO - 2025-03-20 01:00:42 --> Router Class Initialized
INFO - 2025-03-20 01:00:42 --> Output Class Initialized
INFO - 2025-03-20 01:00:42 --> Security Class Initialized
DEBUG - 2025-03-20 01:00:42 --> Global POST, GET and COOKIE data sanitized
INFO - 2025-03-20 01:00:42 --> Input Class Initialized
INFO - 2025-03-20 01:00:42 --> Language Class Initialized
ERROR - 2025-03-20 01:00:42 --> 404 Page Not Found: /index
INFO - 2025-03-20 01:00:43 --> Config Class Initialized
INFO - 2025-03-20 01:00:43 --> Hooks Class Initialized
DEBUG - 2025-03-20 01:00:43 --> UTF-8 Support Enabled
INFO - 2025-03-20 01:00:43 --> Utf8 Class Initialized
INFO - 2025-03-20 01:00:43 --> URI Class Initialized
INFO - 2025-03-20 01:00:43 --> Router Class Initialized
INFO - 2025-03-20 01:00:43 --> Output Class Initialized
INFO - 2025-03-20 01:00:43 --> Security Class Initialized
DEBUG - 2025-03-20 01:00:43 --> Global POST, GET and COOKIE data sanitized
INFO - 2025-03-20 01:00:43 --> Input Class Initialized
INFO - 2025-03-20 01:00:43 --> Language Class Initialized
INFO - 2025-03-20 01:00:43 --> Language Class Initialized
INFO - 2025-03-20 01:00:43 --> Config Class Initialized
INFO - 2025-03-20 01:00:43 --> Loader Class Initialized
INFO - 2025-03-20 01:00:43 --> Helper loaded: url_helper
INFO - 2025-03-20 01:00:43 --> Helper loaded: easyui_helper
INFO - 2025-03-20 01:00:43 --> Helper loaded: param_helper
INFO - 2025-03-20 01:00:43 --> Helper loaded: credential_helper
INFO - 2025-03-20 01:00:43 --> Helper loaded: template_helper
INFO - 2025-03-20 01:00:43 --> Helper loaded: rest_helper
INFO - 2025-03-20 01:00:43 --> Database Driver Class Initialized
DEBUG - 2025-03-20 01:00:43 --> Idgenerator class already loaded. Second attempt ignored.
INFO - 2025-03-20 01:00:43 --> Controller Class Initialized
INFO - 2025-03-20 01:00:43 --> Model Class Initialized
DEBUG - 2025-03-20 01:00:43 --> File loaded: /apps/web-drc/application/modules/visibility_program_active/models/Visibility_program_model.php
INFO - 2025-03-20 01:00:43 --> Model Class Initialized
INFO - 2025-03-20 01:00:43 --> Final output sent to browser
DEBUG - 2025-03-20 01:00:43 --> Total execution time: 0.0070
INFO - 2025-03-20 01:00:44 --> Config Class Initialized
INFO - 2025-03-20 01:00:44 --> Hooks Class Initialized
DEBUG - 2025-03-20 01:00:44 --> UTF-8 Support Enabled
INFO - 2025-03-20 01:00:44 --> Utf8 Class Initialized
INFO - 2025-03-20 01:00:44 --> URI Class Initialized
INFO - 2025-03-20 01:00:44 --> Router Class Initialized
INFO - 2025-03-20 01:00:44 --> Output Class Initialized
INFO - 2025-03-20 01:00:44 --> Security Class Initialized
DEBUG - 2025-03-20 01:00:44 --> Global POST, GET and COOKIE data sanitized
INFO - 2025-03-20 01:00:44 --> Input Class Initialized
INFO - 2025-03-20 01:00:44 --> Language Class Initialized
ERROR - 2025-03-20 01:00:44 --> 404 Page Not Found: /index
INFO - 2025-03-20 01:00:48 --> Config Class Initialized
INFO - 2025-03-20 01:00:48 --> Hooks Class Initialized
DEBUG - 2025-03-20 01:00:48 --> UTF-8 Support Enabled
INFO - 2025-03-20 01:00:48 --> Utf8 Class Initialized
INFO - 2025-03-20 01:00:48 --> URI Class Initialized
INFO - 2025-03-20 01:00:48 --> Router Class Initialized
INFO - 2025-03-20 01:00:48 --> Output Class Initialized
INFO - 2025-03-20 01:00:48 --> Security Class Initialized
DEBUG - 2025-03-20 01:00:48 --> Global POST, GET and COOKIE data sanitized
INFO - 2025-03-20 01:00:48 --> Input Class Initialized
INFO - 2025-03-20 01:00:48 --> Language Class Initialized
INFO - 2025-03-20 01:00:48 --> Language Class Initialized
INFO - 2025-03-20 01:00:48 --> Config Class Initialized
INFO - 2025-03-20 01:00:48 --> Loader Class Initialized
INFO - 2025-03-20 01:00:48 --> Helper loaded: url_helper
INFO - 2025-03-20 01:00:48 --> Helper loaded: easyui_helper
INFO - 2025-03-20 01:00:48 --> Helper loaded: param_helper
INFO - 2025-03-20 01:00:48 --> Helper loaded: credential_helper
INFO - 2025-03-20 01:00:48 --> Helper loaded: template_helper
INFO - 2025-03-20 01:00:48 --> Helper loaded: rest_helper
INFO - 2025-03-20 01:00:48 --> Database Driver Class Initialized
DEBUG - 2025-03-20 01:00:48 --> Idgenerator class already loaded. Second attempt ignored.
INFO - 2025-03-20 01:00:48 --> Controller Class Initialized
INFO - 2025-03-20 01:00:48 --> Model Class Initialized
DEBUG - 2025-03-20 01:00:48 --> File loaded: /apps/web-drc/application/modules/visibility_program_active/models/Visibility_program_model.php
INFO - 2025-03-20 01:00:48 --> Model Class Initialized
DEBUG - 2025-03-20 01:00:48 --> File loaded: /apps/web-drc/application/modules/visibility_program_active/views/form.php
DEBUG - 2025-03-20 01:00:48 --> File loaded: /apps/web-drc/application/views/templates/header.php
DEBUG - 2025-03-20 01:00:48 --> File loaded: /apps/web-drc/application/views/templates/toolbar.php
DEBUG - 2025-03-20 01:00:48 --> File loaded: /apps/web-drc/application/views/templates/sidebar.php
DEBUG - 2025-03-20 01:00:48 --> File loaded: /apps/web-drc/application/views/templates/contents.php
DEBUG - 2025-03-20 01:00:48 --> File loaded: /apps/web-drc/application/views/templates/content_footer.php
DEBUG - 2025-03-20 01:00:48 --> File loaded: /apps/web-drc/application/views/templates/footer.php
DEBUG - 2025-03-20 01:00:48 --> File loaded: /apps/web-drc/application/views/templates/default.php
INFO - 2025-03-20 01:00:48 --> Final output sent to browser
DEBUG - 2025-03-20 01:00:48 --> Total execution time: 0.0063
INFO - 2025-03-20 01:00:49 --> Config Class Initialized
INFO - 2025-03-20 01:00:49 --> Hooks Class Initialized
DEBUG - 2025-03-20 01:00:49 --> UTF-8 Support Enabled
INFO - 2025-03-20 01:00:49 --> Utf8 Class Initialized
INFO - 2025-03-20 01:00:49 --> URI Class Initialized
INFO - 2025-03-20 01:00:49 --> Router Class Initialized
INFO - 2025-03-20 01:00:49 --> Output Class Initialized
INFO - 2025-03-20 01:00:49 --> Security Class Initialized
DEBUG - 2025-03-20 01:00:49 --> Global POST, GET and COOKIE data sanitized
INFO - 2025-03-20 01:00:49 --> Input Class Initialized
INFO - 2025-03-20 01:00:49 --> Language Class Initialized
ERROR - 2025-03-20 01:00:49 --> 404 Page Not Found: /index
INFO - 2025-03-20 01:00:49 --> Config Class Initialized
INFO - 2025-03-20 01:00:49 --> Hooks Class Initialized
DEBUG - 2025-03-20 01:00:49 --> UTF-8 Support Enabled
INFO - 2025-03-20 01:00:49 --> Utf8 Class Initialized
INFO - 2025-03-20 01:00:49 --> URI Class Initialized
INFO - 2025-03-20 01:00:49 --> Router Class Initialized
INFO - 2025-03-20 01:00:49 --> Output Class Initialized
INFO - 2025-03-20 01:00:49 --> Security Class Initialized
DEBUG - 2025-03-20 01:00:49 --> Global POST, GET and COOKIE data sanitized
INFO - 2025-03-20 01:00:49 --> Input Class Initialized
INFO - 2025-03-20 01:00:49 --> Language Class Initialized
INFO - 2025-03-20 01:00:49 --> Language Class Initialized
INFO - 2025-03-20 01:00:49 --> Config Class Initialized
INFO - 2025-03-20 01:00:49 --> Loader Class Initialized
INFO - 2025-03-20 01:00:49 --> Helper loaded: url_helper
INFO - 2025-03-20 01:00:49 --> Helper loaded: easyui_helper
INFO - 2025-03-20 01:00:49 --> Helper loaded: param_helper
INFO - 2025-03-20 01:00:49 --> Helper loaded: credential_helper
INFO - 2025-03-20 01:00:49 --> Helper loaded: template_helper
INFO - 2025-03-20 01:00:49 --> Helper loaded: rest_helper
INFO - 2025-03-20 01:00:49 --> Database Driver Class Initialized
DEBUG - 2025-03-20 01:00:49 --> Idgenerator class already loaded. Second attempt ignored.
INFO - 2025-03-20 01:00:49 --> Controller Class Initialized
INFO - 2025-03-20 01:00:49 --> Model Class Initialized
DEBUG - 2025-03-20 01:00:49 --> File loaded: /apps/web-drc/application/modules/api_v1/models/Api_v1_model.php
INFO - 2025-03-20 01:00:49 --> Model Class Initialized
INFO - 2025-03-20 01:00:49 --> Final output sent to browser
DEBUG - 2025-03-20 01:00:49 --> Total execution time: 0.0040
INFO - 2025-03-20 01:00:49 --> Config Class Initialized
INFO - 2025-03-20 01:00:49 --> Hooks Class Initialized
DEBUG - 2025-03-20 01:00:49 --> UTF-8 Support Enabled
INFO - 2025-03-20 01:00:49 --> Utf8 Class Initialized
INFO - 2025-03-20 01:00:49 --> URI Class Initialized
INFO - 2025-03-20 01:00:49 --> Router Class Initialized
INFO - 2025-03-20 01:00:49 --> Output Class Initialized
INFO - 2025-03-20 01:00:49 --> Security Class Initialized
DEBUG - 2025-03-20 01:00:49 --> Global POST, GET and COOKIE data sanitized
INFO - 2025-03-20 01:00:49 --> Input Class Initialized
INFO - 2025-03-20 01:00:49 --> Language Class Initialized
INFO - 2025-03-20 01:00:49 --> Language Class Initialized
INFO - 2025-03-20 01:00:49 --> Config Class Initialized
INFO - 2025-03-20 01:00:49 --> Loader Class Initialized
INFO - 2025-03-20 01:00:49 --> Helper loaded: url_helper
INFO - 2025-03-20 01:00:49 --> Helper loaded: easyui_helper
INFO - 2025-03-20 01:00:49 --> Helper loaded: param_helper
INFO - 2025-03-20 01:00:49 --> Helper loaded: credential_helper
INFO - 2025-03-20 01:00:49 --> Helper loaded: template_helper
INFO - 2025-03-20 01:00:49 --> Helper loaded: rest_helper
INFO - 2025-03-20 01:00:49 --> Database Driver Class Initialized
DEBUG - 2025-03-20 01:00:49 --> Idgenerator class already loaded. Second attempt ignored.
INFO - 2025-03-20 01:00:49 --> Controller Class Initialized
INFO - 2025-03-20 01:00:49 --> Model Class Initialized
DEBUG - 2025-03-20 01:00:49 --> File loaded: /apps/web-drc/application/modules/api_v1/models/Api_v1_model.php
INFO - 2025-03-20 01:00:49 --> Model Class Initialized
INFO - 2025-03-20 01:00:49 --> Final output sent to browser
DEBUG - 2025-03-20 01:00:49 --> Total execution time: 0.0041
INFO - 2025-03-20 01:01:17 --> Config Class Initialized
INFO - 2025-03-20 01:01:17 --> Hooks Class Initialized
DEBUG - 2025-03-20 01:01:17 --> UTF-8 Support Enabled
INFO - 2025-03-20 01:01:17 --> Utf8 Class Initialized
INFO - 2025-03-20 01:01:17 --> URI Class Initialized
INFO - 2025-03-20 01:01:17 --> Router Class Initialized
INFO - 2025-03-20 01:01:17 --> Output Class Initialized
INFO - 2025-03-20 01:01:17 --> Security Class Initialized
DEBUG - 2025-03-20 01:01:17 --> Global POST, GET and COOKIE data sanitized
INFO - 2025-03-20 01:01:17 --> Input Class Initialized
INFO - 2025-03-20 01:01:17 --> Language Class Initialized
INFO - 2025-03-20 01:01:17 --> Language Class Initialized
INFO - 2025-03-20 01:01:17 --> Config Class Initialized
INFO - 2025-03-20 01:01:17 --> Loader Class Initialized
INFO - 2025-03-20 01:01:17 --> Helper loaded: url_helper
INFO - 2025-03-20 01:01:17 --> Helper loaded: easyui_helper
INFO - 2025-03-20 01:01:17 --> Helper loaded: param_helper
INFO - 2025-03-20 01:01:17 --> Helper loaded: credential_helper
INFO - 2025-03-20 01:01:17 --> Helper loaded: template_helper
INFO - 2025-03-20 01:01:17 --> Helper loaded: rest_helper
INFO - 2025-03-20 01:01:17 --> Database Driver Class Initialized
DEBUG - 2025-03-20 01:01:17 --> Idgenerator class already loaded. Second attempt ignored.
INFO - 2025-03-20 01:01:17 --> Controller Class Initialized
INFO - 2025-03-20 01:01:17 --> Model Class Initialized
DEBUG - 2025-03-20 01:01:17 --> File loaded: /apps/web-drc/application/modules/visibility_program_active/models/Visibility_program_model.php
INFO - 2025-03-20 01:01:17 --> Model Class Initialized
ERROR - 2025-03-20 01:01:17 --> Query error: Unknown column 'start_periode' in 'field list' - Invalid query: INSERT INTO `visibility_scheme_program` (`program_name`, `description`, `start_periode`, `end_periode`, `qty_submit_photo`, `created_by`, `created_date`, `classid`) VALUES ('Test program', 'Test Program', '2025-03-20', '2025-03-28', '10', 'admin', '2025-03-19 18:01:17', '1,3')
INFO - 2025-03-20 01:01:17 --> Final output sent to browser
DEBUG - 2025-03-20 01:01:17 --> Total execution time: 0.0066
INFO - 2025-03-20 01:01:17 --> Config Class Initialized
INFO - 2025-03-20 01:01:17 --> Hooks Class Initialized
DEBUG - 2025-03-20 01:01:17 --> UTF-8 Support Enabled
INFO - 2025-03-20 01:01:17 --> Utf8 Class Initialized
INFO - 2025-03-20 01:01:17 --> URI Class Initialized
INFO - 2025-03-20 01:01:17 --> Router Class Initialized
INFO - 2025-03-20 01:01:17 --> Output Class Initialized
INFO - 2025-03-20 01:01:17 --> Security Class Initialized
DEBUG - 2025-03-20 01:01:17 --> Global POST, GET and COOKIE data sanitized
INFO - 2025-03-20 01:01:17 --> Input Class Initialized
INFO - 2025-03-20 01:01:17 --> Language Class Initialized
INFO - 2025-03-20 01:01:17 --> Language Class Initialized
INFO - 2025-03-20 01:01:17 --> Config Class Initialized
INFO - 2025-03-20 01:01:17 --> Loader Class Initialized
INFO - 2025-03-20 01:01:17 --> Helper loaded: url_helper
INFO - 2025-03-20 01:01:17 --> Helper loaded: easyui_helper
INFO - 2025-03-20 01:01:17 --> Helper loaded: param_helper
INFO - 2025-03-20 01:01:17 --> Helper loaded: credential_helper
INFO - 2025-03-20 01:01:17 --> Helper loaded: template_helper
INFO - 2025-03-20 01:01:17 --> Helper loaded: rest_helper
INFO - 2025-03-20 01:01:17 --> Database Driver Class Initialized
DEBUG - 2025-03-20 01:01:17 --> Idgenerator class already loaded. Second attempt ignored.
INFO - 2025-03-20 01:01:17 --> Controller Class Initialized
INFO - 2025-03-20 01:01:17 --> Model Class Initialized
DEBUG - 2025-03-20 01:01:17 --> File loaded: /apps/web-drc/application/modules/visibility_program_active/models/Visibility_program_model.php
INFO - 2025-03-20 01:01:17 --> Model Class Initialized
DEBUG - 2025-03-20 01:01:17 --> File loaded: /apps/web-drc/application/modules/visibility_program_active/views/content.php
DEBUG - 2025-03-20 01:01:17 --> File loaded: /apps/web-drc/application/views/templates/header.php
DEBUG - 2025-03-20 01:01:17 --> File loaded: /apps/web-drc/application/views/templates/toolbar.php
DEBUG - 2025-03-20 01:01:17 --> File loaded: /apps/web-drc/application/views/templates/sidebar.php
DEBUG - 2025-03-20 01:01:17 --> File loaded: /apps/web-drc/application/views/templates/contents.php
DEBUG - 2025-03-20 01:01:17 --> File loaded: /apps/web-drc/application/views/templates/content_footer.php
DEBUG - 2025-03-20 01:01:17 --> File loaded: /apps/web-drc/application/views/templates/footer.php
DEBUG - 2025-03-20 01:01:17 --> File loaded: /apps/web-drc/application/views/templates/default.php
INFO - 2025-03-20 01:01:17 --> Final output sent to browser
DEBUG - 2025-03-20 01:01:17 --> Total execution time: 0.0061
INFO - 2025-03-20 01:01:17 --> Config Class Initialized
INFO - 2025-03-20 01:01:17 --> Hooks Class Initialized
DEBUG - 2025-03-20 01:01:17 --> UTF-8 Support Enabled
INFO - 2025-03-20 01:01:17 --> Utf8 Class Initialized
INFO - 2025-03-20 01:01:17 --> URI Class Initialized
INFO - 2025-03-20 01:01:17 --> Router Class Initialized
INFO - 2025-03-20 01:01:17 --> Output Class Initialized
INFO - 2025-03-20 01:01:17 --> Security Class Initialized
DEBUG - 2025-03-20 01:01:17 --> Global POST, GET and COOKIE data sanitized
INFO - 2025-03-20 01:01:17 --> Input Class Initialized
INFO - 2025-03-20 01:01:17 --> Language Class Initialized
ERROR - 2025-03-20 01:01:17 --> 404 Page Not Found: /index
INFO - 2025-03-20 01:01:17 --> Config Class Initialized
INFO - 2025-03-20 01:01:17 --> Hooks Class Initialized
DEBUG - 2025-03-20 01:01:17 --> UTF-8 Support Enabled
INFO - 2025-03-20 01:01:17 --> Utf8 Class Initialized
INFO - 2025-03-20 01:01:17 --> URI Class Initialized
INFO - 2025-03-20 01:01:17 --> Router Class Initialized
INFO - 2025-03-20 01:01:17 --> Output Class Initialized
INFO - 2025-03-20 01:01:17 --> Security Class Initialized
DEBUG - 2025-03-20 01:01:17 --> Global POST, GET and COOKIE data sanitized
INFO - 2025-03-20 01:01:17 --> Input Class Initialized
INFO - 2025-03-20 01:01:17 --> Language Class Initialized
INFO - 2025-03-20 01:01:17 --> Language Class Initialized
INFO - 2025-03-20 01:01:17 --> Config Class Initialized
INFO - 2025-03-20 01:01:17 --> Loader Class Initialized
INFO - 2025-03-20 01:01:17 --> Helper loaded: url_helper
INFO - 2025-03-20 01:01:17 --> Helper loaded: easyui_helper
INFO - 2025-03-20 01:01:17 --> Helper loaded: param_helper
INFO - 2025-03-20 01:01:17 --> Helper loaded: credential_helper
INFO - 2025-03-20 01:01:17 --> Helper loaded: template_helper
INFO - 2025-03-20 01:01:17 --> Helper loaded: rest_helper
INFO - 2025-03-20 01:01:17 --> Database Driver Class Initialized
DEBUG - 2025-03-20 01:01:17 --> Idgenerator class already loaded. Second attempt ignored.
INFO - 2025-03-20 01:01:17 --> Controller Class Initialized
INFO - 2025-03-20 01:01:17 --> Model Class Initialized
DEBUG - 2025-03-20 01:01:17 --> File loaded: /apps/web-drc/application/modules/visibility_program_active/models/Visibility_program_model.php
INFO - 2025-03-20 01:01:17 --> Model Class Initialized
INFO - 2025-03-20 01:01:17 --> Final output sent to browser
DEBUG - 2025-03-20 01:01:17 --> Total execution time: 0.0044
INFO - 2025-03-20 01:03:55 --> Config Class Initialized
INFO - 2025-03-20 01:03:55 --> Hooks Class Initialized
DEBUG - 2025-03-20 01:03:55 --> UTF-8 Support Enabled
INFO - 2025-03-20 01:03:55 --> Utf8 Class Initialized
INFO - 2025-03-20 01:03:55 --> URI Class Initialized
INFO - 2025-03-20 01:03:55 --> Router Class Initialized
INFO - 2025-03-20 01:03:55 --> Output Class Initialized
INFO - 2025-03-20 01:03:55 --> Security Class Initialized
DEBUG - 2025-03-20 01:03:55 --> Global POST, GET and COOKIE data sanitized
INFO - 2025-03-20 01:03:55 --> Input Class Initialized
INFO - 2025-03-20 01:03:55 --> Language Class Initialized
INFO - 2025-03-20 01:03:55 --> Language Class Initialized
INFO - 2025-03-20 01:03:55 --> Config Class Initialized
INFO - 2025-03-20 01:03:55 --> Loader Class Initialized
INFO - 2025-03-20 01:03:55 --> Helper loaded: url_helper
INFO - 2025-03-20 01:03:55 --> Helper loaded: easyui_helper
INFO - 2025-03-20 01:03:55 --> Helper loaded: param_helper
INFO - 2025-03-20 01:03:55 --> Helper loaded: credential_helper
INFO - 2025-03-20 01:03:55 --> Helper loaded: template_helper
INFO - 2025-03-20 01:03:55 --> Helper loaded: rest_helper
INFO - 2025-03-20 01:03:55 --> Database Driver Class Initialized
DEBUG - 2025-03-20 01:03:55 --> Idgenerator class already loaded. Second attempt ignored.
INFO - 2025-03-20 01:03:55 --> Controller Class Initialized
INFO - 2025-03-20 01:03:55 --> Model Class Initialized
DEBUG - 2025-03-20 01:03:55 --> File loaded: /apps/web-drc/application/modules/visibility_program_active/models/Visibility_program_model.php
INFO - 2025-03-20 01:03:55 --> Model Class Initialized
DEBUG - 2025-03-20 01:03:55 --> File loaded: /apps/web-drc/application/modules/visibility_program_active/views/content.php
DEBUG - 2025-03-20 01:03:55 --> File loaded: /apps/web-drc/application/views/templates/header.php
DEBUG - 2025-03-20 01:03:55 --> File loaded: /apps/web-drc/application/views/templates/toolbar.php
DEBUG - 2025-03-20 01:03:55 --> File loaded: /apps/web-drc/application/views/templates/sidebar.php
DEBUG - 2025-03-20 01:03:55 --> File loaded: /apps/web-drc/application/views/templates/contents.php
DEBUG - 2025-03-20 01:03:55 --> File loaded: /apps/web-drc/application/views/templates/content_footer.php
DEBUG - 2025-03-20 01:03:55 --> File loaded: /apps/web-drc/application/views/templates/footer.php
DEBUG - 2025-03-20 01:03:55 --> File loaded: /apps/web-drc/application/views/templates/default.php
INFO - 2025-03-20 01:03:55 --> Final output sent to browser
DEBUG - 2025-03-20 01:03:55 --> Total execution time: 0.0067
INFO - 2025-03-20 01:03:58 --> Config Class Initialized
INFO - 2025-03-20 01:03:58 --> Hooks Class Initialized
DEBUG - 2025-03-20 01:03:58 --> UTF-8 Support Enabled
INFO - 2025-03-20 01:03:58 --> Utf8 Class Initialized
INFO - 2025-03-20 01:03:58 --> URI Class Initialized
INFO - 2025-03-20 01:03:58 --> Router Class Initialized
INFO - 2025-03-20 01:03:58 --> Output Class Initialized
INFO - 2025-03-20 01:03:58 --> Security Class Initialized
DEBUG - 2025-03-20 01:03:58 --> Global POST, GET and COOKIE data sanitized
INFO - 2025-03-20 01:03:58 --> Input Class Initialized
INFO - 2025-03-20 01:03:58 --> Language Class Initialized
ERROR - 2025-03-20 01:03:58 --> 404 Page Not Found: /index
INFO - 2025-03-20 01:04:01 --> Config Class Initialized
INFO - 2025-03-20 01:04:01 --> Hooks Class Initialized
DEBUG - 2025-03-20 01:04:01 --> UTF-8 Support Enabled
INFO - 2025-03-20 01:04:01 --> Utf8 Class Initialized
INFO - 2025-03-20 01:04:01 --> URI Class Initialized
INFO - 2025-03-20 01:04:01 --> Router Class Initialized
INFO - 2025-03-20 01:04:01 --> Output Class Initialized
INFO - 2025-03-20 01:04:01 --> Security Class Initialized
DEBUG - 2025-03-20 01:04:01 --> Global POST, GET and COOKIE data sanitized
INFO - 2025-03-20 01:04:01 --> Input Class Initialized
INFO - 2025-03-20 01:04:01 --> Language Class Initialized
INFO - 2025-03-20 01:04:01 --> Language Class Initialized
INFO - 2025-03-20 01:04:01 --> Config Class Initialized
INFO - 2025-03-20 01:04:01 --> Loader Class Initialized
INFO - 2025-03-20 01:04:01 --> Helper loaded: url_helper
INFO - 2025-03-20 01:04:01 --> Helper loaded: easyui_helper
INFO - 2025-03-20 01:04:01 --> Helper loaded: param_helper
INFO - 2025-03-20 01:04:01 --> Helper loaded: credential_helper
INFO - 2025-03-20 01:04:01 --> Helper loaded: template_helper
INFO - 2025-03-20 01:04:01 --> Helper loaded: rest_helper
INFO - 2025-03-20 01:04:01 --> Database Driver Class Initialized
DEBUG - 2025-03-20 01:04:01 --> Idgenerator class already loaded. Second attempt ignored.
INFO - 2025-03-20 01:04:01 --> Controller Class Initialized
INFO - 2025-03-20 01:04:01 --> Model Class Initialized
DEBUG - 2025-03-20 01:04:01 --> File loaded: /apps/web-drc/application/modules/visibility_program_active/models/Visibility_program_model.php
INFO - 2025-03-20 01:04:01 --> Model Class Initialized
INFO - 2025-03-20 01:04:01 --> Final output sent to browser
DEBUG - 2025-03-20 01:04:01 --> Total execution time: 0.0047
INFO - 2025-03-20 01:04:02 --> Config Class Initialized
INFO - 2025-03-20 01:04:02 --> Hooks Class Initialized
DEBUG - 2025-03-20 01:04:02 --> UTF-8 Support Enabled
INFO - 2025-03-20 01:04:02 --> Utf8 Class Initialized
INFO - 2025-03-20 01:04:02 --> URI Class Initialized
INFO - 2025-03-20 01:04:02 --> Router Class Initialized
INFO - 2025-03-20 01:04:02 --> Output Class Initialized
INFO - 2025-03-20 01:04:02 --> Security Class Initialized
DEBUG - 2025-03-20 01:04:02 --> Global POST, GET and COOKIE data sanitized
INFO - 2025-03-20 01:04:02 --> Input Class Initialized
INFO - 2025-03-20 01:04:02 --> Language Class Initialized
ERROR - 2025-03-20 01:04:02 --> 404 Page Not Found: /index
INFO - 2025-03-20 01:04:02 --> Config Class Initialized
INFO - 2025-03-20 01:04:02 --> Hooks Class Initialized
DEBUG - 2025-03-20 01:04:02 --> UTF-8 Support Enabled
INFO - 2025-03-20 01:04:02 --> Utf8 Class Initialized
INFO - 2025-03-20 01:04:02 --> URI Class Initialized
INFO - 2025-03-20 01:04:02 --> Router Class Initialized
INFO - 2025-03-20 01:04:02 --> Output Class Initialized
INFO - 2025-03-20 01:04:02 --> Security Class Initialized
DEBUG - 2025-03-20 01:04:02 --> Global POST, GET and COOKIE data sanitized
INFO - 2025-03-20 01:04:02 --> Input Class Initialized
INFO - 2025-03-20 01:04:02 --> Language Class Initialized
INFO - 2025-03-20 01:04:02 --> Language Class Initialized
INFO - 2025-03-20 01:04:02 --> Config Class Initialized
INFO - 2025-03-20 01:04:02 --> Loader Class Initialized
INFO - 2025-03-20 01:04:02 --> Helper loaded: url_helper
INFO - 2025-03-20 01:04:02 --> Helper loaded: easyui_helper
INFO - 2025-03-20 01:04:02 --> Helper loaded: param_helper
INFO - 2025-03-20 01:04:02 --> Helper loaded: credential_helper
INFO - 2025-03-20 01:04:02 --> Helper loaded: template_helper
INFO - 2025-03-20 01:04:02 --> Helper loaded: rest_helper
INFO - 2025-03-20 01:04:02 --> Database Driver Class Initialized
DEBUG - 2025-03-20 01:04:02 --> Idgenerator class already loaded. Second attempt ignored.
INFO - 2025-03-20 01:04:02 --> Controller Class Initialized
INFO - 2025-03-20 01:04:02 --> Model Class Initialized
DEBUG - 2025-03-20 01:04:02 --> File loaded: /apps/web-drc/application/modules/visibility_program_active/models/Visibility_program_model.php
INFO - 2025-03-20 01:04:02 --> Model Class Initialized
DEBUG - 2025-03-20 01:04:02 --> File loaded: /apps/web-drc/application/modules/visibility_program_active/views/form.php
DEBUG - 2025-03-20 01:04:02 --> File loaded: /apps/web-drc/application/views/templates/header.php
DEBUG - 2025-03-20 01:04:02 --> File loaded: /apps/web-drc/application/views/templates/toolbar.php
DEBUG - 2025-03-20 01:04:02 --> File loaded: /apps/web-drc/application/views/templates/sidebar.php
DEBUG - 2025-03-20 01:04:02 --> File loaded: /apps/web-drc/application/views/templates/contents.php
DEBUG - 2025-03-20 01:04:02 --> File loaded: /apps/web-drc/application/views/templates/content_footer.php
DEBUG - 2025-03-20 01:04:02 --> File loaded: /apps/web-drc/application/views/templates/footer.php
DEBUG - 2025-03-20 01:04:02 --> File loaded: /apps/web-drc/application/views/templates/default.php
INFO - 2025-03-20 01:04:02 --> Final output sent to browser
DEBUG - 2025-03-20 01:04:02 --> Total execution time: 0.0070
INFO - 2025-03-20 01:04:03 --> Config Class Initialized
INFO - 2025-03-20 01:04:03 --> Hooks Class Initialized
DEBUG - 2025-03-20 01:04:03 --> UTF-8 Support Enabled
INFO - 2025-03-20 01:04:03 --> Utf8 Class Initialized
INFO - 2025-03-20 01:04:03 --> URI Class Initialized
INFO - 2025-03-20 01:04:03 --> Router Class Initialized
INFO - 2025-03-20 01:04:03 --> Output Class Initialized
INFO - 2025-03-20 01:04:03 --> Security Class Initialized
DEBUG - 2025-03-20 01:04:03 --> Global POST, GET and COOKIE data sanitized
INFO - 2025-03-20 01:04:03 --> Input Class Initialized
INFO - 2025-03-20 01:04:03 --> Language Class Initialized
ERROR - 2025-03-20 01:04:03 --> 404 Page Not Found: /index
INFO - 2025-03-20 01:04:03 --> Config Class Initialized
INFO - 2025-03-20 01:04:03 --> Hooks Class Initialized
DEBUG - 2025-03-20 01:04:03 --> UTF-8 Support Enabled
INFO - 2025-03-20 01:04:03 --> Utf8 Class Initialized
INFO - 2025-03-20 01:04:03 --> URI Class Initialized
INFO - 2025-03-20 01:04:03 --> Router Class Initialized
INFO - 2025-03-20 01:04:03 --> Output Class Initialized
INFO - 2025-03-20 01:04:03 --> Security Class Initialized
DEBUG - 2025-03-20 01:04:03 --> Global POST, GET and COOKIE data sanitized
INFO - 2025-03-20 01:04:03 --> Input Class Initialized
INFO - 2025-03-20 01:04:03 --> Language Class Initialized
INFO - 2025-03-20 01:04:03 --> Language Class Initialized
INFO - 2025-03-20 01:04:03 --> Config Class Initialized
INFO - 2025-03-20 01:04:03 --> Loader Class Initialized
INFO - 2025-03-20 01:04:03 --> Helper loaded: url_helper
INFO - 2025-03-20 01:04:03 --> Helper loaded: easyui_helper
INFO - 2025-03-20 01:04:03 --> Helper loaded: param_helper
INFO - 2025-03-20 01:04:03 --> Helper loaded: credential_helper
INFO - 2025-03-20 01:04:03 --> Helper loaded: template_helper
INFO - 2025-03-20 01:04:03 --> Helper loaded: rest_helper
INFO - 2025-03-20 01:04:03 --> Database Driver Class Initialized
DEBUG - 2025-03-20 01:04:03 --> Idgenerator class already loaded. Second attempt ignored.
INFO - 2025-03-20 01:04:03 --> Controller Class Initialized
INFO - 2025-03-20 01:04:03 --> Model Class Initialized
DEBUG - 2025-03-20 01:04:03 --> File loaded: /apps/web-drc/application/modules/api_v1/models/Api_v1_model.php
INFO - 2025-03-20 01:04:03 --> Model Class Initialized
INFO - 2025-03-20 01:04:03 --> Final output sent to browser
DEBUG - 2025-03-20 01:04:03 --> Total execution time: 0.0041
INFO - 2025-03-20 01:04:03 --> Config Class Initialized
INFO - 2025-03-20 01:04:03 --> Hooks Class Initialized
DEBUG - 2025-03-20 01:04:03 --> UTF-8 Support Enabled
INFO - 2025-03-20 01:04:03 --> Utf8 Class Initialized
INFO - 2025-03-20 01:04:03 --> URI Class Initialized
INFO - 2025-03-20 01:04:03 --> Router Class Initialized
INFO - 2025-03-20 01:04:03 --> Output Class Initialized
INFO - 2025-03-20 01:04:03 --> Security Class Initialized
DEBUG - 2025-03-20 01:04:03 --> Global POST, GET and COOKIE data sanitized
INFO - 2025-03-20 01:04:03 --> Input Class Initialized
INFO - 2025-03-20 01:04:03 --> Language Class Initialized
INFO - 2025-03-20 01:04:03 --> Language Class Initialized
INFO - 2025-03-20 01:04:03 --> Config Class Initialized
INFO - 2025-03-20 01:04:03 --> Loader Class Initialized
INFO - 2025-03-20 01:04:03 --> Helper loaded: url_helper
INFO - 2025-03-20 01:04:03 --> Helper loaded: easyui_helper
INFO - 2025-03-20 01:04:03 --> Helper loaded: param_helper
INFO - 2025-03-20 01:04:03 --> Helper loaded: credential_helper
INFO - 2025-03-20 01:04:03 --> Helper loaded: template_helper
INFO - 2025-03-20 01:04:03 --> Helper loaded: rest_helper
INFO - 2025-03-20 01:04:03 --> Database Driver Class Initialized
DEBUG - 2025-03-20 01:04:03 --> Idgenerator class already loaded. Second attempt ignored.
INFO - 2025-03-20 01:04:03 --> Controller Class Initialized
INFO - 2025-03-20 01:04:03 --> Model Class Initialized
DEBUG - 2025-03-20 01:04:03 --> File loaded: /apps/web-drc/application/modules/api_v1/models/Api_v1_model.php
INFO - 2025-03-20 01:04:03 --> Model Class Initialized
INFO - 2025-03-20 01:04:03 --> Final output sent to browser
DEBUG - 2025-03-20 01:04:03 --> Total execution time: 0.0037
INFO - 2025-03-20 01:04:27 --> Config Class Initialized
INFO - 2025-03-20 01:04:27 --> Hooks Class Initialized
DEBUG - 2025-03-20 01:04:27 --> UTF-8 Support Enabled
INFO - 2025-03-20 01:04:27 --> Utf8 Class Initialized
INFO - 2025-03-20 01:04:27 --> URI Class Initialized
INFO - 2025-03-20 01:04:27 --> Router Class Initialized
INFO - 2025-03-20 01:04:27 --> Output Class Initialized
INFO - 2025-03-20 01:04:27 --> Security Class Initialized
DEBUG - 2025-03-20 01:04:27 --> Global POST, GET and COOKIE data sanitized
INFO - 2025-03-20 01:04:27 --> Input Class Initialized
INFO - 2025-03-20 01:04:27 --> Language Class Initialized
INFO - 2025-03-20 01:04:27 --> Language Class Initialized
INFO - 2025-03-20 01:04:27 --> Config Class Initialized
INFO - 2025-03-20 01:04:27 --> Loader Class Initialized
INFO - 2025-03-20 01:04:27 --> Helper loaded: url_helper
INFO - 2025-03-20 01:04:27 --> Helper loaded: easyui_helper
INFO - 2025-03-20 01:04:27 --> Helper loaded: param_helper
INFO - 2025-03-20 01:04:27 --> Helper loaded: credential_helper
INFO - 2025-03-20 01:04:27 --> Helper loaded: template_helper
INFO - 2025-03-20 01:04:27 --> Helper loaded: rest_helper
INFO - 2025-03-20 01:04:27 --> Database Driver Class Initialized
DEBUG - 2025-03-20 01:04:27 --> Idgenerator class already loaded. Second attempt ignored.
INFO - 2025-03-20 01:04:27 --> Controller Class Initialized
INFO - 2025-03-20 01:04:27 --> Model Class Initialized
DEBUG - 2025-03-20 01:04:27 --> File loaded: /apps/web-drc/application/modules/visibility_program_active/models/Visibility_program_model.php
INFO - 2025-03-20 01:04:27 --> Model Class Initialized
ERROR - 2025-03-20 01:04:27 --> Query error: Unknown column 'start_periode' in 'field list' - Invalid query: INSERT INTO `visibility_scheme_program` (`program_name`, `description`, `start_periode`, `end_periode`, `qty_submit_photo`, `created_by`, `created_date`, `classid`) VALUES ('Test program', 'test desc promo', '2025-03-20', '2025-03-31', '84', 'admin', '2025-03-19 18:04:27', '1,3')
INFO - 2025-03-20 01:04:27 --> Final output sent to browser
DEBUG - 2025-03-20 01:04:27 --> Total execution time: 0.0057
INFO - 2025-03-20 01:04:27 --> Config Class Initialized
INFO - 2025-03-20 01:04:27 --> Hooks Class Initialized
DEBUG - 2025-03-20 01:04:27 --> UTF-8 Support Enabled
INFO - 2025-03-20 01:04:27 --> Utf8 Class Initialized
INFO - 2025-03-20 01:04:27 --> URI Class Initialized
INFO - 2025-03-20 01:04:27 --> Router Class Initialized
INFO - 2025-03-20 01:04:27 --> Output Class Initialized
INFO - 2025-03-20 01:04:27 --> Security Class Initialized
DEBUG - 2025-03-20 01:04:27 --> Global POST, GET and COOKIE data sanitized
INFO - 2025-03-20 01:04:27 --> Input Class Initialized
INFO - 2025-03-20 01:04:27 --> Language Class Initialized
INFO - 2025-03-20 01:04:27 --> Language Class Initialized
INFO - 2025-03-20 01:04:27 --> Config Class Initialized
INFO - 2025-03-20 01:04:27 --> Loader Class Initialized
INFO - 2025-03-20 01:04:27 --> Helper loaded: url_helper
INFO - 2025-03-20 01:04:27 --> Helper loaded: easyui_helper
INFO - 2025-03-20 01:04:27 --> Helper loaded: param_helper
INFO - 2025-03-20 01:04:27 --> Helper loaded: credential_helper
INFO - 2025-03-20 01:04:27 --> Helper loaded: template_helper
INFO - 2025-03-20 01:04:27 --> Helper loaded: rest_helper
INFO - 2025-03-20 01:04:27 --> Database Driver Class Initialized
DEBUG - 2025-03-20 01:04:27 --> Idgenerator class already loaded. Second attempt ignored.
INFO - 2025-03-20 01:04:27 --> Controller Class Initialized
INFO - 2025-03-20 01:04:27 --> Model Class Initialized
DEBUG - 2025-03-20 01:04:27 --> File loaded: /apps/web-drc/application/modules/visibility_program_active/models/Visibility_program_model.php
INFO - 2025-03-20 01:04:27 --> Model Class Initialized
DEBUG - 2025-03-20 01:04:27 --> File loaded: /apps/web-drc/application/modules/visibility_program_active/views/content.php
DEBUG - 2025-03-20 01:04:27 --> File loaded: /apps/web-drc/application/views/templates/header.php
DEBUG - 2025-03-20 01:04:27 --> File loaded: /apps/web-drc/application/views/templates/toolbar.php
DEBUG - 2025-03-20 01:04:27 --> File loaded: /apps/web-drc/application/views/templates/sidebar.php
DEBUG - 2025-03-20 01:04:27 --> File loaded: /apps/web-drc/application/views/templates/contents.php
DEBUG - 2025-03-20 01:04:27 --> File loaded: /apps/web-drc/application/views/templates/content_footer.php
DEBUG - 2025-03-20 01:04:27 --> File loaded: /apps/web-drc/application/views/templates/footer.php
DEBUG - 2025-03-20 01:04:27 --> File loaded: /apps/web-drc/application/views/templates/default.php
INFO - 2025-03-20 01:04:27 --> Final output sent to browser
DEBUG - 2025-03-20 01:04:27 --> Total execution time: 0.0055
INFO - 2025-03-20 01:04:27 --> Config Class Initialized
INFO - 2025-03-20 01:04:27 --> Hooks Class Initialized
DEBUG - 2025-03-20 01:04:27 --> UTF-8 Support Enabled
INFO - 2025-03-20 01:04:27 --> Utf8 Class Initialized
INFO - 2025-03-20 01:04:27 --> URI Class Initialized
INFO - 2025-03-20 01:04:27 --> Router Class Initialized
INFO - 2025-03-20 01:04:27 --> Output Class Initialized
INFO - 2025-03-20 01:04:27 --> Security Class Initialized
DEBUG - 2025-03-20 01:04:27 --> Global POST, GET and COOKIE data sanitized
INFO - 2025-03-20 01:04:27 --> Input Class Initialized
INFO - 2025-03-20 01:04:27 --> Language Class Initialized
ERROR - 2025-03-20 01:04:27 --> 404 Page Not Found: /index
INFO - 2025-03-20 01:04:27 --> Config Class Initialized
INFO - 2025-03-20 01:04:27 --> Hooks Class Initialized
DEBUG - 2025-03-20 01:04:27 --> UTF-8 Support Enabled
INFO - 2025-03-20 01:04:27 --> Utf8 Class Initialized
INFO - 2025-03-20 01:04:27 --> URI Class Initialized
INFO - 2025-03-20 01:04:27 --> Router Class Initialized
INFO - 2025-03-20 01:04:27 --> Output Class Initialized
INFO - 2025-03-20 01:04:27 --> Security Class Initialized
DEBUG - 2025-03-20 01:04:27 --> Global POST, GET and COOKIE data sanitized
INFO - 2025-03-20 01:04:27 --> Input Class Initialized
INFO - 2025-03-20 01:04:27 --> Language Class Initialized
INFO - 2025-03-20 01:04:27 --> Language Class Initialized
INFO - 2025-03-20 01:04:27 --> Config Class Initialized
INFO - 2025-03-20 01:04:27 --> Loader Class Initialized
INFO - 2025-03-20 01:04:27 --> Helper loaded: url_helper
INFO - 2025-03-20 01:04:27 --> Helper loaded: easyui_helper
INFO - 2025-03-20 01:04:27 --> Helper loaded: param_helper
INFO - 2025-03-20 01:04:27 --> Helper loaded: credential_helper
INFO - 2025-03-20 01:04:27 --> Helper loaded: template_helper
INFO - 2025-03-20 01:04:27 --> Helper loaded: rest_helper
INFO - 2025-03-20 01:04:27 --> Database Driver Class Initialized
DEBUG - 2025-03-20 01:04:27 --> Idgenerator class already loaded. Second attempt ignored.
INFO - 2025-03-20 01:04:27 --> Controller Class Initialized
INFO - 2025-03-20 01:04:27 --> Model Class Initialized
DEBUG - 2025-03-20 01:04:27 --> File loaded: /apps/web-drc/application/modules/visibility_program_active/models/Visibility_program_model.php
INFO - 2025-03-20 01:04:27 --> Model Class Initialized
INFO - 2025-03-20 01:04:27 --> Final output sent to browser
DEBUG - 2025-03-20 01:04:27 --> Total execution time: 0.0049
INFO - 2025-03-20 01:12:36 --> Config Class Initialized
INFO - 2025-03-20 01:12:36 --> Hooks Class Initialized
DEBUG - 2025-03-20 01:12:36 --> UTF-8 Support Enabled
INFO - 2025-03-20 01:12:36 --> Utf8 Class Initialized
INFO - 2025-03-20 01:12:36 --> URI Class Initialized
INFO - 2025-03-20 01:12:36 --> Router Class Initialized
INFO - 2025-03-20 01:12:36 --> Output Class Initialized
INFO - 2025-03-20 01:12:36 --> Security Class Initialized
DEBUG - 2025-03-20 01:12:36 --> Global POST, GET and COOKIE data sanitized
INFO - 2025-03-20 01:12:36 --> Input Class Initialized
INFO - 2025-03-20 01:12:36 --> Language Class Initialized
INFO - 2025-03-20 01:12:36 --> Language Class Initialized
INFO - 2025-03-20 01:12:36 --> Config Class Initialized
INFO - 2025-03-20 01:12:36 --> Loader Class Initialized
INFO - 2025-03-20 01:12:36 --> Helper loaded: url_helper
INFO - 2025-03-20 01:12:36 --> Helper loaded: easyui_helper
INFO - 2025-03-20 01:12:36 --> Helper loaded: param_helper
INFO - 2025-03-20 01:12:36 --> Helper loaded: credential_helper
INFO - 2025-03-20 01:12:36 --> Helper loaded: template_helper
INFO - 2025-03-20 01:12:36 --> Helper loaded: rest_helper
INFO - 2025-03-20 01:12:36 --> Database Driver Class Initialized
DEBUG - 2025-03-20 01:12:36 --> Idgenerator class already loaded. Second attempt ignored.
INFO - 2025-03-20 01:12:36 --> Controller Class Initialized
INFO - 2025-03-20 01:12:36 --> Model Class Initialized
DEBUG - 2025-03-20 01:12:36 --> File loaded: /apps/web-drc/application/modules/visibility_program_active/models/Visibility_program_model.php
INFO - 2025-03-20 01:12:36 --> Model Class Initialized
DEBUG - 2025-03-20 01:12:36 --> File loaded: /apps/web-drc/application/modules/visibility_program_active/views/content.php
DEBUG - 2025-03-20 01:12:36 --> File loaded: /apps/web-drc/application/views/templates/header.php
DEBUG - 2025-03-20 01:12:36 --> File loaded: /apps/web-drc/application/views/templates/toolbar.php
DEBUG - 2025-03-20 01:12:36 --> File loaded: /apps/web-drc/application/views/templates/sidebar.php
DEBUG - 2025-03-20 01:12:36 --> File loaded: /apps/web-drc/application/views/templates/contents.php
DEBUG - 2025-03-20 01:12:36 --> File loaded: /apps/web-drc/application/views/templates/content_footer.php
DEBUG - 2025-03-20 01:12:36 --> File loaded: /apps/web-drc/application/views/templates/footer.php
DEBUG - 2025-03-20 01:12:36 --> File loaded: /apps/web-drc/application/views/templates/default.php
INFO - 2025-03-20 01:12:36 --> Final output sent to browser
DEBUG - 2025-03-20 01:12:36 --> Total execution time: 0.0073
INFO - 2025-03-20 01:12:37 --> Config Class Initialized
INFO - 2025-03-20 01:12:37 --> Hooks Class Initialized
DEBUG - 2025-03-20 01:12:37 --> UTF-8 Support Enabled
INFO - 2025-03-20 01:12:37 --> Utf8 Class Initialized
INFO - 2025-03-20 01:12:37 --> URI Class Initialized
INFO - 2025-03-20 01:12:37 --> Router Class Initialized
INFO - 2025-03-20 01:12:37 --> Output Class Initialized
INFO - 2025-03-20 01:12:37 --> Security Class Initialized
DEBUG - 2025-03-20 01:12:37 --> Global POST, GET and COOKIE data sanitized
INFO - 2025-03-20 01:12:37 --> Input Class Initialized
INFO - 2025-03-20 01:12:37 --> Language Class Initialized
ERROR - 2025-03-20 01:12:37 --> 404 Page Not Found: /index
INFO - 2025-03-20 01:12:37 --> Config Class Initialized
INFO - 2025-03-20 01:12:37 --> Hooks Class Initialized
DEBUG - 2025-03-20 01:12:37 --> UTF-8 Support Enabled
INFO - 2025-03-20 01:12:37 --> Utf8 Class Initialized
INFO - 2025-03-20 01:12:37 --> URI Class Initialized
INFO - 2025-03-20 01:12:37 --> Router Class Initialized
INFO - 2025-03-20 01:12:37 --> Output Class Initialized
INFO - 2025-03-20 01:12:37 --> Security Class Initialized
DEBUG - 2025-03-20 01:12:37 --> Global POST, GET and COOKIE data sanitized
INFO - 2025-03-20 01:12:37 --> Input Class Initialized
INFO - 2025-03-20 01:12:37 --> Language Class Initialized
INFO - 2025-03-20 01:12:37 --> Language Class Initialized
INFO - 2025-03-20 01:12:37 --> Config Class Initialized
INFO - 2025-03-20 01:12:37 --> Loader Class Initialized
INFO - 2025-03-20 01:12:37 --> Helper loaded: url_helper
INFO - 2025-03-20 01:12:37 --> Helper loaded: easyui_helper
INFO - 2025-03-20 01:12:37 --> Helper loaded: param_helper
INFO - 2025-03-20 01:12:37 --> Helper loaded: credential_helper
INFO - 2025-03-20 01:12:37 --> Helper loaded: template_helper
INFO - 2025-03-20 01:12:37 --> Helper loaded: rest_helper
INFO - 2025-03-20 01:12:37 --> Database Driver Class Initialized
DEBUG - 2025-03-20 01:12:37 --> Idgenerator class already loaded. Second attempt ignored.
INFO - 2025-03-20 01:12:37 --> Controller Class Initialized
INFO - 2025-03-20 01:12:37 --> Model Class Initialized
DEBUG - 2025-03-20 01:12:37 --> File loaded: /apps/web-drc/application/modules/visibility_program_active/models/Visibility_program_model.php
INFO - 2025-03-20 01:12:37 --> Model Class Initialized
INFO - 2025-03-20 01:12:37 --> Final output sent to browser
DEBUG - 2025-03-20 01:12:37 --> Total execution time: 0.0060
INFO - 2025-03-20 01:12:39 --> Config Class Initialized
INFO - 2025-03-20 01:12:39 --> Hooks Class Initialized
DEBUG - 2025-03-20 01:12:39 --> UTF-8 Support Enabled
INFO - 2025-03-20 01:12:39 --> Utf8 Class Initialized
INFO - 2025-03-20 01:12:39 --> URI Class Initialized
INFO - 2025-03-20 01:12:39 --> Router Class Initialized
INFO - 2025-03-20 01:12:39 --> Output Class Initialized
INFO - 2025-03-20 01:12:39 --> Security Class Initialized
DEBUG - 2025-03-20 01:12:39 --> Global POST, GET and COOKIE data sanitized
INFO - 2025-03-20 01:12:39 --> Input Class Initialized
INFO - 2025-03-20 01:12:39 --> Language Class Initialized
INFO - 2025-03-20 01:12:39 --> Language Class Initialized
INFO - 2025-03-20 01:12:39 --> Config Class Initialized
INFO - 2025-03-20 01:12:39 --> Loader Class Initialized
INFO - 2025-03-20 01:12:39 --> Helper loaded: url_helper
INFO - 2025-03-20 01:12:39 --> Helper loaded: easyui_helper
INFO - 2025-03-20 01:12:39 --> Helper loaded: param_helper
INFO - 2025-03-20 01:12:39 --> Helper loaded: credential_helper
INFO - 2025-03-20 01:12:39 --> Helper loaded: template_helper
INFO - 2025-03-20 01:12:39 --> Helper loaded: rest_helper
INFO - 2025-03-20 01:12:39 --> Database Driver Class Initialized
DEBUG - 2025-03-20 01:12:39 --> Idgenerator class already loaded. Second attempt ignored.
INFO - 2025-03-20 01:12:39 --> Controller Class Initialized
INFO - 2025-03-20 01:12:39 --> Model Class Initialized
DEBUG - 2025-03-20 01:12:39 --> File loaded: /apps/web-drc/application/modules/visibility_program_active/models/Visibility_program_model.php
INFO - 2025-03-20 01:12:39 --> Model Class Initialized
DEBUG - 2025-03-20 01:12:39 --> File loaded: /apps/web-drc/application/modules/visibility_program_active/views/form.php
DEBUG - 2025-03-20 01:12:39 --> File loaded: /apps/web-drc/application/views/templates/header.php
DEBUG - 2025-03-20 01:12:39 --> File loaded: /apps/web-drc/application/views/templates/toolbar.php
DEBUG - 2025-03-20 01:12:39 --> File loaded: /apps/web-drc/application/views/templates/sidebar.php
DEBUG - 2025-03-20 01:12:39 --> File loaded: /apps/web-drc/application/views/templates/contents.php
DEBUG - 2025-03-20 01:12:39 --> File loaded: /apps/web-drc/application/views/templates/content_footer.php
DEBUG - 2025-03-20 01:12:39 --> File loaded: /apps/web-drc/application/views/templates/footer.php
DEBUG - 2025-03-20 01:12:39 --> File loaded: /apps/web-drc/application/views/templates/default.php
INFO - 2025-03-20 01:12:39 --> Final output sent to browser
DEBUG - 2025-03-20 01:12:39 --> Total execution time: 0.0064
INFO - 2025-03-20 01:12:39 --> Config Class Initialized
INFO - 2025-03-20 01:12:39 --> Hooks Class Initialized
DEBUG - 2025-03-20 01:12:39 --> UTF-8 Support Enabled
INFO - 2025-03-20 01:12:39 --> Utf8 Class Initialized
INFO - 2025-03-20 01:12:39 --> URI Class Initialized
INFO - 2025-03-20 01:12:39 --> Router Class Initialized
INFO - 2025-03-20 01:12:39 --> Output Class Initialized
INFO - 2025-03-20 01:12:39 --> Security Class Initialized
DEBUG - 2025-03-20 01:12:39 --> Global POST, GET and COOKIE data sanitized
INFO - 2025-03-20 01:12:39 --> Input Class Initialized
INFO - 2025-03-20 01:12:39 --> Language Class Initialized
ERROR - 2025-03-20 01:12:39 --> 404 Page Not Found: /index
INFO - 2025-03-20 01:12:40 --> Config Class Initialized
INFO - 2025-03-20 01:12:40 --> Hooks Class Initialized
DEBUG - 2025-03-20 01:12:40 --> UTF-8 Support Enabled
INFO - 2025-03-20 01:12:40 --> Utf8 Class Initialized
INFO - 2025-03-20 01:12:40 --> URI Class Initialized
INFO - 2025-03-20 01:12:40 --> Router Class Initialized
INFO - 2025-03-20 01:12:40 --> Output Class Initialized
INFO - 2025-03-20 01:12:40 --> Security Class Initialized
DEBUG - 2025-03-20 01:12:40 --> Global POST, GET and COOKIE data sanitized
INFO - 2025-03-20 01:12:40 --> Input Class Initialized
INFO - 2025-03-20 01:12:40 --> Language Class Initialized
INFO - 2025-03-20 01:12:40 --> Language Class Initialized
INFO - 2025-03-20 01:12:40 --> Config Class Initialized
INFO - 2025-03-20 01:12:40 --> Loader Class Initialized
INFO - 2025-03-20 01:12:40 --> Helper loaded: url_helper
INFO - 2025-03-20 01:12:40 --> Helper loaded: easyui_helper
INFO - 2025-03-20 01:12:40 --> Helper loaded: param_helper
INFO - 2025-03-20 01:12:40 --> Helper loaded: credential_helper
INFO - 2025-03-20 01:12:40 --> Helper loaded: template_helper
INFO - 2025-03-20 01:12:40 --> Helper loaded: rest_helper
INFO - 2025-03-20 01:12:40 --> Database Driver Class Initialized
DEBUG - 2025-03-20 01:12:40 --> Idgenerator class already loaded. Second attempt ignored.
INFO - 2025-03-20 01:12:40 --> Controller Class Initialized
INFO - 2025-03-20 01:12:40 --> Model Class Initialized
DEBUG - 2025-03-20 01:12:40 --> File loaded: /apps/web-drc/application/modules/api_v1/models/Api_v1_model.php
INFO - 2025-03-20 01:12:40 --> Model Class Initialized
INFO - 2025-03-20 01:12:40 --> Final output sent to browser
DEBUG - 2025-03-20 01:12:40 --> Total execution time: 0.0025
INFO - 2025-03-20 01:13:09 --> Config Class Initialized
INFO - 2025-03-20 01:13:09 --> Hooks Class Initialized
DEBUG - 2025-03-20 01:13:09 --> UTF-8 Support Enabled
INFO - 2025-03-20 01:13:09 --> Utf8 Class Initialized
INFO - 2025-03-20 01:13:09 --> URI Class Initialized
INFO - 2025-03-20 01:13:09 --> Router Class Initialized
INFO - 2025-03-20 01:13:09 --> Output Class Initialized
INFO - 2025-03-20 01:13:09 --> Security Class Initialized
DEBUG - 2025-03-20 01:13:09 --> Global POST, GET and COOKIE data sanitized
INFO - 2025-03-20 01:13:09 --> Input Class Initialized
INFO - 2025-03-20 01:13:09 --> Language Class Initialized
INFO - 2025-03-20 01:13:09 --> Language Class Initialized
INFO - 2025-03-20 01:13:09 --> Config Class Initialized
INFO - 2025-03-20 01:13:09 --> Loader Class Initialized
INFO - 2025-03-20 01:13:09 --> Helper loaded: url_helper
INFO - 2025-03-20 01:13:09 --> Helper loaded: easyui_helper
INFO - 2025-03-20 01:13:09 --> Helper loaded: param_helper
INFO - 2025-03-20 01:13:09 --> Helper loaded: credential_helper
INFO - 2025-03-20 01:13:09 --> Helper loaded: template_helper
INFO - 2025-03-20 01:13:09 --> Helper loaded: rest_helper
INFO - 2025-03-20 01:13:09 --> Database Driver Class Initialized
DEBUG - 2025-03-20 01:13:09 --> Idgenerator class already loaded. Second attempt ignored.
INFO - 2025-03-20 01:13:09 --> Controller Class Initialized
INFO - 2025-03-20 01:13:09 --> Model Class Initialized
DEBUG - 2025-03-20 01:13:09 --> File loaded: /apps/web-drc/application/modules/visibility_program_active/models/Visibility_program_model.php
INFO - 2025-03-20 01:13:09 --> Model Class Initialized
ERROR - 2025-03-20 01:13:09 --> Query error: Unknown column 'start_periode' in 'field list' - Invalid query: INSERT INTO `visibility_scheme_program` (`program_name`, `description`, `start_periode`, `end_periode`, `qty_submit_photo`, `created_by`, `created_date`) VALUES ('Test program', 'program description', '2025-03-20', '2025-03-20', '100', 'admin', '2025-03-19 18:13:09')
INFO - 2025-03-20 01:13:09 --> Final output sent to browser
DEBUG - 2025-03-20 01:13:09 --> Total execution time: 0.0045
INFO - 2025-03-20 01:13:09 --> Config Class Initialized
INFO - 2025-03-20 01:13:09 --> Hooks Class Initialized
DEBUG - 2025-03-20 01:13:09 --> UTF-8 Support Enabled
INFO - 2025-03-20 01:13:09 --> Utf8 Class Initialized
INFO - 2025-03-20 01:13:09 --> URI Class Initialized
INFO - 2025-03-20 01:13:09 --> Router Class Initialized
INFO - 2025-03-20 01:13:09 --> Output Class Initialized
INFO - 2025-03-20 01:13:09 --> Security Class Initialized
DEBUG - 2025-03-20 01:13:09 --> Global POST, GET and COOKIE data sanitized
INFO - 2025-03-20 01:13:09 --> Input Class Initialized
INFO - 2025-03-20 01:13:09 --> Language Class Initialized
INFO - 2025-03-20 01:13:09 --> Language Class Initialized
INFO - 2025-03-20 01:13:09 --> Config Class Initialized
INFO - 2025-03-20 01:13:09 --> Loader Class Initialized
INFO - 2025-03-20 01:13:09 --> Helper loaded: url_helper
INFO - 2025-03-20 01:13:09 --> Helper loaded: easyui_helper
INFO - 2025-03-20 01:13:09 --> Helper loaded: param_helper
INFO - 2025-03-20 01:13:09 --> Helper loaded: credential_helper
INFO - 2025-03-20 01:13:09 --> Helper loaded: template_helper
INFO - 2025-03-20 01:13:09 --> Helper loaded: rest_helper
INFO - 2025-03-20 01:13:09 --> Database Driver Class Initialized
DEBUG - 2025-03-20 01:13:09 --> Idgenerator class already loaded. Second attempt ignored.
INFO - 2025-03-20 01:13:09 --> Controller Class Initialized
INFO - 2025-03-20 01:13:09 --> Model Class Initialized
DEBUG - 2025-03-20 01:13:09 --> File loaded: /apps/web-drc/application/modules/visibility_program_active/models/Visibility_program_model.php
INFO - 2025-03-20 01:13:09 --> Model Class Initialized
DEBUG - 2025-03-20 01:13:09 --> File loaded: /apps/web-drc/application/modules/visibility_program_active/views/content.php
DEBUG - 2025-03-20 01:13:09 --> File loaded: /apps/web-drc/application/views/templates/header.php
DEBUG - 2025-03-20 01:13:09 --> File loaded: /apps/web-drc/application/views/templates/toolbar.php
DEBUG - 2025-03-20 01:13:09 --> File loaded: /apps/web-drc/application/views/templates/sidebar.php
DEBUG - 2025-03-20 01:13:09 --> File loaded: /apps/web-drc/application/views/templates/contents.php
DEBUG - 2025-03-20 01:13:09 --> File loaded: /apps/web-drc/application/views/templates/content_footer.php
DEBUG - 2025-03-20 01:13:09 --> File loaded: /apps/web-drc/application/views/templates/footer.php
DEBUG - 2025-03-20 01:13:09 --> File loaded: /apps/web-drc/application/views/templates/default.php
INFO - 2025-03-20 01:13:09 --> Final output sent to browser
DEBUG - 2025-03-20 01:13:09 --> Total execution time: 0.0054
INFO - 2025-03-20 01:13:09 --> Config Class Initialized
INFO - 2025-03-20 01:13:09 --> Hooks Class Initialized
DEBUG - 2025-03-20 01:13:09 --> UTF-8 Support Enabled
INFO - 2025-03-20 01:13:09 --> Utf8 Class Initialized
INFO - 2025-03-20 01:13:09 --> URI Class Initialized
INFO - 2025-03-20 01:13:09 --> Router Class Initialized
INFO - 2025-03-20 01:13:09 --> Output Class Initialized
INFO - 2025-03-20 01:13:09 --> Security Class Initialized
DEBUG - 2025-03-20 01:13:09 --> Global POST, GET and COOKIE data sanitized
INFO - 2025-03-20 01:13:09 --> Input Class Initialized
INFO - 2025-03-20 01:13:09 --> Language Class Initialized
ERROR - 2025-03-20 01:13:09 --> 404 Page Not Found: /index
INFO - 2025-03-20 01:13:09 --> Config Class Initialized
INFO - 2025-03-20 01:13:09 --> Hooks Class Initialized
DEBUG - 2025-03-20 01:13:09 --> UTF-8 Support Enabled
INFO - 2025-03-20 01:13:09 --> Utf8 Class Initialized
INFO - 2025-03-20 01:13:09 --> URI Class Initialized
INFO - 2025-03-20 01:13:09 --> Router Class Initialized
INFO - 2025-03-20 01:13:09 --> Output Class Initialized
INFO - 2025-03-20 01:13:09 --> Security Class Initialized
DEBUG - 2025-03-20 01:13:09 --> Global POST, GET and COOKIE data sanitized
INFO - 2025-03-20 01:13:09 --> Input Class Initialized
INFO - 2025-03-20 01:13:09 --> Language Class Initialized
INFO - 2025-03-20 01:13:09 --> Language Class Initialized
INFO - 2025-03-20 01:13:09 --> Config Class Initialized
INFO - 2025-03-20 01:13:09 --> Loader Class Initialized
INFO - 2025-03-20 01:13:09 --> Helper loaded: url_helper
INFO - 2025-03-20 01:13:09 --> Helper loaded: easyui_helper
INFO - 2025-03-20 01:13:09 --> Helper loaded: param_helper
INFO - 2025-03-20 01:13:09 --> Helper loaded: credential_helper
INFO - 2025-03-20 01:13:09 --> Helper loaded: template_helper
INFO - 2025-03-20 01:13:09 --> Helper loaded: rest_helper
INFO - 2025-03-20 01:13:09 --> Database Driver Class Initialized
DEBUG - 2025-03-20 01:13:09 --> Idgenerator class already loaded. Second attempt ignored.
INFO - 2025-03-20 01:13:09 --> Controller Class Initialized
INFO - 2025-03-20 01:13:09 --> Model Class Initialized
DEBUG - 2025-03-20 01:13:09 --> File loaded: /apps/web-drc/application/modules/visibility_program_active/models/Visibility_program_model.php
INFO - 2025-03-20 01:13:09 --> Model Class Initialized
INFO - 2025-03-20 01:13:09 --> Final output sent to browser
DEBUG - 2025-03-20 01:13:09 --> Total execution time: 0.0039
INFO - 2025-03-20 01:18:17 --> Config Class Initialized
INFO - 2025-03-20 01:18:17 --> Hooks Class Initialized
DEBUG - 2025-03-20 01:18:17 --> UTF-8 Support Enabled
INFO - 2025-03-20 01:18:17 --> Utf8 Class Initialized
INFO - 2025-03-20 01:18:17 --> URI Class Initialized
INFO - 2025-03-20 01:18:17 --> Router Class Initialized
INFO - 2025-03-20 01:18:17 --> Output Class Initialized
INFO - 2025-03-20 01:18:17 --> Security Class Initialized
DEBUG - 2025-03-20 01:18:17 --> Global POST, GET and COOKIE data sanitized
INFO - 2025-03-20 01:18:17 --> Input Class Initialized
INFO - 2025-03-20 01:18:17 --> Language Class Initialized
INFO - 2025-03-20 01:18:17 --> Language Class Initialized
INFO - 2025-03-20 01:18:17 --> Config Class Initialized
INFO - 2025-03-20 01:18:17 --> Loader Class Initialized
INFO - 2025-03-20 01:18:17 --> Helper loaded: url_helper
INFO - 2025-03-20 01:18:17 --> Helper loaded: easyui_helper
INFO - 2025-03-20 01:18:17 --> Helper loaded: param_helper
INFO - 2025-03-20 01:18:17 --> Helper loaded: credential_helper
INFO - 2025-03-20 01:18:17 --> Helper loaded: template_helper
INFO - 2025-03-20 01:18:17 --> Helper loaded: rest_helper
INFO - 2025-03-20 01:18:17 --> Database Driver Class Initialized
DEBUG - 2025-03-20 01:18:17 --> Idgenerator class already loaded. Second attempt ignored.
INFO - 2025-03-20 01:18:17 --> Controller Class Initialized
INFO - 2025-03-20 01:18:17 --> Model Class Initialized
DEBUG - 2025-03-20 01:18:17 --> File loaded: /apps/web-drc/application/modules/visibility_program_active/models/Visibility_program_model.php
INFO - 2025-03-20 01:18:17 --> Model Class Initialized
DEBUG - 2025-03-20 01:18:17 --> File loaded: /apps/web-drc/application/modules/visibility_program_active/views/content.php
DEBUG - 2025-03-20 01:18:17 --> File loaded: /apps/web-drc/application/views/templates/header.php
DEBUG - 2025-03-20 01:18:17 --> File loaded: /apps/web-drc/application/views/templates/toolbar.php
DEBUG - 2025-03-20 01:18:17 --> File loaded: /apps/web-drc/application/views/templates/sidebar.php
DEBUG - 2025-03-20 01:18:17 --> File loaded: /apps/web-drc/application/views/templates/contents.php
DEBUG - 2025-03-20 01:18:17 --> File loaded: /apps/web-drc/application/views/templates/content_footer.php
DEBUG - 2025-03-20 01:18:17 --> File loaded: /apps/web-drc/application/views/templates/footer.php
DEBUG - 2025-03-20 01:18:17 --> File loaded: /apps/web-drc/application/views/templates/default.php
INFO - 2025-03-20 01:18:17 --> Final output sent to browser
DEBUG - 2025-03-20 01:18:17 --> Total execution time: 0.0082
INFO - 2025-03-20 01:18:19 --> Config Class Initialized
INFO - 2025-03-20 01:18:19 --> Hooks Class Initialized
DEBUG - 2025-03-20 01:18:19 --> UTF-8 Support Enabled
INFO - 2025-03-20 01:18:19 --> Utf8 Class Initialized
INFO - 2025-03-20 01:18:19 --> URI Class Initialized
INFO - 2025-03-20 01:18:19 --> Router Class Initialized
INFO - 2025-03-20 01:18:19 --> Output Class Initialized
INFO - 2025-03-20 01:18:19 --> Security Class Initialized
DEBUG - 2025-03-20 01:18:19 --> Global POST, GET and COOKIE data sanitized
INFO - 2025-03-20 01:18:19 --> Input Class Initialized
INFO - 2025-03-20 01:18:19 --> Language Class Initialized
ERROR - 2025-03-20 01:18:19 --> 404 Page Not Found: /index
INFO - 2025-03-20 01:18:19 --> Config Class Initialized
INFO - 2025-03-20 01:18:19 --> Hooks Class Initialized
DEBUG - 2025-03-20 01:18:19 --> UTF-8 Support Enabled
INFO - 2025-03-20 01:18:19 --> Utf8 Class Initialized
INFO - 2025-03-20 01:18:19 --> URI Class Initialized
INFO - 2025-03-20 01:18:19 --> Router Class Initialized
INFO - 2025-03-20 01:18:19 --> Output Class Initialized
INFO - 2025-03-20 01:18:19 --> Security Class Initialized
DEBUG - 2025-03-20 01:18:19 --> Global POST, GET and COOKIE data sanitized
INFO - 2025-03-20 01:18:19 --> Input Class Initialized
INFO - 2025-03-20 01:18:19 --> Language Class Initialized
INFO - 2025-03-20 01:18:19 --> Language Class Initialized
INFO - 2025-03-20 01:18:19 --> Config Class Initialized
INFO - 2025-03-20 01:18:19 --> Loader Class Initialized
INFO - 2025-03-20 01:18:19 --> Helper loaded: url_helper
INFO - 2025-03-20 01:18:19 --> Helper loaded: easyui_helper
INFO - 2025-03-20 01:18:19 --> Helper loaded: param_helper
INFO - 2025-03-20 01:18:19 --> Helper loaded: credential_helper
INFO - 2025-03-20 01:18:19 --> Helper loaded: template_helper
INFO - 2025-03-20 01:18:19 --> Helper loaded: rest_helper
INFO - 2025-03-20 01:18:19 --> Database Driver Class Initialized
DEBUG - 2025-03-20 01:18:19 --> Idgenerator class already loaded. Second attempt ignored.
INFO - 2025-03-20 01:18:19 --> Controller Class Initialized
INFO - 2025-03-20 01:18:19 --> Model Class Initialized
DEBUG - 2025-03-20 01:18:19 --> File loaded: /apps/web-drc/application/modules/visibility_program_active/models/Visibility_program_model.php
INFO - 2025-03-20 01:18:19 --> Model Class Initialized
ERROR - 2025-03-20 01:18:19 --> Query error: Unknown column 'a.id' in 'field list' - Invalid query: select count(1) as total from  ( 
                    select a.id, a.program_name, a.description, a.start_period, a.end_period, 
                            a.qty_submit_photo, GROUP_CONCAT(b.classid) account, GROUP_CONCAT(c.nama_class) as account_name
                    from visibility_scheme_program a 
                    left join visibility_mapping_class b on b.id_program=a.id
                    left join m_customer_class c on c.classid = b.classid 
                    group by a.program_name, a.description, a.start_period, a.end_period, a.qty_submit_photo
                    order by a.id desc
                    ) as a
ERROR - 2025-03-20 01:18:19 --> Severity: error --> Exception: Call to a member function result_array() on bool /apps/web-drc/application/helpers/easyui_helper.php 79
INFO - 2025-03-20 01:18:20 --> Config Class Initialized
INFO - 2025-03-20 01:18:20 --> Hooks Class Initialized
DEBUG - 2025-03-20 01:18:20 --> UTF-8 Support Enabled
INFO - 2025-03-20 01:18:20 --> Utf8 Class Initialized
INFO - 2025-03-20 01:18:20 --> URI Class Initialized
INFO - 2025-03-20 01:18:20 --> Router Class Initialized
INFO - 2025-03-20 01:18:20 --> Output Class Initialized
INFO - 2025-03-20 01:18:20 --> Security Class Initialized
DEBUG - 2025-03-20 01:18:20 --> Global POST, GET and COOKIE data sanitized
INFO - 2025-03-20 01:18:20 --> Input Class Initialized
INFO - 2025-03-20 01:18:20 --> Language Class Initialized
ERROR - 2025-03-20 01:18:20 --> 404 Page Not Found: /index
INFO - 2025-03-20 01:18:21 --> Config Class Initialized
INFO - 2025-03-20 01:18:21 --> Hooks Class Initialized
DEBUG - 2025-03-20 01:18:21 --> UTF-8 Support Enabled
INFO - 2025-03-20 01:18:21 --> Utf8 Class Initialized
INFO - 2025-03-20 01:18:21 --> URI Class Initialized
INFO - 2025-03-20 01:18:21 --> Router Class Initialized
INFO - 2025-03-20 01:18:21 --> Output Class Initialized
INFO - 2025-03-20 01:18:21 --> Security Class Initialized
DEBUG - 2025-03-20 01:18:21 --> Global POST, GET and COOKIE data sanitized
INFO - 2025-03-20 01:18:21 --> Input Class Initialized
INFO - 2025-03-20 01:18:21 --> Language Class Initialized
INFO - 2025-03-20 01:18:21 --> Language Class Initialized
INFO - 2025-03-20 01:18:21 --> Config Class Initialized
INFO - 2025-03-20 01:18:21 --> Loader Class Initialized
INFO - 2025-03-20 01:18:21 --> Helper loaded: url_helper
INFO - 2025-03-20 01:18:21 --> Helper loaded: easyui_helper
INFO - 2025-03-20 01:18:21 --> Helper loaded: param_helper
INFO - 2025-03-20 01:18:21 --> Helper loaded: credential_helper
INFO - 2025-03-20 01:18:21 --> Helper loaded: template_helper
INFO - 2025-03-20 01:18:21 --> Helper loaded: rest_helper
INFO - 2025-03-20 01:18:21 --> Database Driver Class Initialized
DEBUG - 2025-03-20 01:18:21 --> Idgenerator class already loaded. Second attempt ignored.
INFO - 2025-03-20 01:18:21 --> Controller Class Initialized
INFO - 2025-03-20 01:18:21 --> Model Class Initialized
DEBUG - 2025-03-20 01:18:21 --> File loaded: /apps/web-drc/application/modules/visibility_program_active/models/Visibility_program_model.php
INFO - 2025-03-20 01:18:21 --> Model Class Initialized
DEBUG - 2025-03-20 01:18:21 --> File loaded: /apps/web-drc/application/modules/visibility_program_active/views/form.php
DEBUG - 2025-03-20 01:18:21 --> File loaded: /apps/web-drc/application/views/templates/header.php
DEBUG - 2025-03-20 01:18:21 --> File loaded: /apps/web-drc/application/views/templates/toolbar.php
DEBUG - 2025-03-20 01:18:21 --> File loaded: /apps/web-drc/application/views/templates/sidebar.php
DEBUG - 2025-03-20 01:18:21 --> File loaded: /apps/web-drc/application/views/templates/contents.php
DEBUG - 2025-03-20 01:18:21 --> File loaded: /apps/web-drc/application/views/templates/content_footer.php
DEBUG - 2025-03-20 01:18:21 --> File loaded: /apps/web-drc/application/views/templates/footer.php
DEBUG - 2025-03-20 01:18:21 --> File loaded: /apps/web-drc/application/views/templates/default.php
INFO - 2025-03-20 01:18:21 --> Final output sent to browser
DEBUG - 2025-03-20 01:18:21 --> Total execution time: 0.0068
INFO - 2025-03-20 01:18:22 --> Config Class Initialized
INFO - 2025-03-20 01:18:22 --> Hooks Class Initialized
DEBUG - 2025-03-20 01:18:22 --> UTF-8 Support Enabled
INFO - 2025-03-20 01:18:22 --> Utf8 Class Initialized
INFO - 2025-03-20 01:18:22 --> URI Class Initialized
INFO - 2025-03-20 01:18:22 --> Router Class Initialized
INFO - 2025-03-20 01:18:22 --> Output Class Initialized
INFO - 2025-03-20 01:18:22 --> Security Class Initialized
DEBUG - 2025-03-20 01:18:22 --> Global POST, GET and COOKIE data sanitized
INFO - 2025-03-20 01:18:22 --> Input Class Initialized
INFO - 2025-03-20 01:18:22 --> Language Class Initialized
INFO - 2025-03-20 01:18:22 --> Language Class Initialized
INFO - 2025-03-20 01:18:22 --> Config Class Initialized
INFO - 2025-03-20 01:18:22 --> Loader Class Initialized
INFO - 2025-03-20 01:18:22 --> Helper loaded: url_helper
INFO - 2025-03-20 01:18:22 --> Helper loaded: easyui_helper
INFO - 2025-03-20 01:18:22 --> Helper loaded: param_helper
INFO - 2025-03-20 01:18:22 --> Helper loaded: credential_helper
INFO - 2025-03-20 01:18:22 --> Helper loaded: template_helper
INFO - 2025-03-20 01:18:22 --> Helper loaded: rest_helper
INFO - 2025-03-20 01:18:22 --> Database Driver Class Initialized
DEBUG - 2025-03-20 01:18:22 --> Idgenerator class already loaded. Second attempt ignored.
INFO - 2025-03-20 01:18:22 --> Controller Class Initialized
INFO - 2025-03-20 01:18:22 --> Model Class Initialized
DEBUG - 2025-03-20 01:18:22 --> File loaded: /apps/web-drc/application/modules/api_v1/models/Api_v1_model.php
INFO - 2025-03-20 01:18:22 --> Model Class Initialized
INFO - 2025-03-20 01:18:22 --> Final output sent to browser
DEBUG - 2025-03-20 01:18:22 --> Total execution time: 0.0035
INFO - 2025-03-20 01:18:22 --> Config Class Initialized
INFO - 2025-03-20 01:18:22 --> Hooks Class Initialized
DEBUG - 2025-03-20 01:18:22 --> UTF-8 Support Enabled
INFO - 2025-03-20 01:18:22 --> Utf8 Class Initialized
INFO - 2025-03-20 01:18:22 --> URI Class Initialized
INFO - 2025-03-20 01:18:22 --> Router Class Initialized
INFO - 2025-03-20 01:18:22 --> Output Class Initialized
INFO - 2025-03-20 01:18:22 --> Security Class Initialized
DEBUG - 2025-03-20 01:18:22 --> Global POST, GET and COOKIE data sanitized
INFO - 2025-03-20 01:18:22 --> Input Class Initialized
INFO - 2025-03-20 01:18:22 --> Language Class Initialized
ERROR - 2025-03-20 01:18:22 --> 404 Page Not Found: /index
INFO - 2025-03-20 01:18:38 --> Config Class Initialized
INFO - 2025-03-20 01:18:38 --> Hooks Class Initialized
DEBUG - 2025-03-20 01:18:38 --> UTF-8 Support Enabled
INFO - 2025-03-20 01:18:38 --> Utf8 Class Initialized
INFO - 2025-03-20 01:18:38 --> URI Class Initialized
INFO - 2025-03-20 01:18:38 --> Router Class Initialized
INFO - 2025-03-20 01:18:38 --> Output Class Initialized
INFO - 2025-03-20 01:18:38 --> Security Class Initialized
DEBUG - 2025-03-20 01:18:38 --> Global POST, GET and COOKIE data sanitized
INFO - 2025-03-20 01:18:38 --> Input Class Initialized
INFO - 2025-03-20 01:18:38 --> Language Class Initialized
INFO - 2025-03-20 01:18:38 --> Language Class Initialized
INFO - 2025-03-20 01:18:38 --> Config Class Initialized
INFO - 2025-03-20 01:18:38 --> Loader Class Initialized
INFO - 2025-03-20 01:18:38 --> Helper loaded: url_helper
INFO - 2025-03-20 01:18:38 --> Helper loaded: easyui_helper
INFO - 2025-03-20 01:18:38 --> Helper loaded: param_helper
INFO - 2025-03-20 01:18:38 --> Helper loaded: credential_helper
INFO - 2025-03-20 01:18:38 --> Helper loaded: template_helper
INFO - 2025-03-20 01:18:38 --> Helper loaded: rest_helper
INFO - 2025-03-20 01:18:38 --> Database Driver Class Initialized
DEBUG - 2025-03-20 01:18:38 --> Idgenerator class already loaded. Second attempt ignored.
INFO - 2025-03-20 01:18:38 --> Controller Class Initialized
INFO - 2025-03-20 01:18:38 --> Model Class Initialized
DEBUG - 2025-03-20 01:18:38 --> File loaded: /apps/web-drc/application/modules/visibility_program_active/models/Visibility_program_model.php
INFO - 2025-03-20 01:18:38 --> Model Class Initialized
ERROR - 2025-03-20 01:18:38 --> Query error: Unknown column 'start_periode' in 'field list' - Invalid query: INSERT INTO `visibility_scheme_program` (`program_name`, `description`, `start_periode`, `end_periode`, `qty_submit_photo`, `created_by`, `created_date`) VALUES ('Test program', 'test desc promo', '2025-03-20', '2025-03-20', '100', 'admin', '2025-03-19 18:18:38')
INFO - 2025-03-20 01:18:38 --> Final output sent to browser
DEBUG - 2025-03-20 01:18:38 --> Total execution time: 0.0046
INFO - 2025-03-20 01:18:39 --> Config Class Initialized
INFO - 2025-03-20 01:18:39 --> Hooks Class Initialized
DEBUG - 2025-03-20 01:18:39 --> UTF-8 Support Enabled
INFO - 2025-03-20 01:18:39 --> Utf8 Class Initialized
INFO - 2025-03-20 01:18:39 --> URI Class Initialized
INFO - 2025-03-20 01:18:39 --> Router Class Initialized
INFO - 2025-03-20 01:18:39 --> Output Class Initialized
INFO - 2025-03-20 01:18:39 --> Security Class Initialized
DEBUG - 2025-03-20 01:18:39 --> Global POST, GET and COOKIE data sanitized
INFO - 2025-03-20 01:18:39 --> Input Class Initialized
INFO - 2025-03-20 01:18:39 --> Language Class Initialized
INFO - 2025-03-20 01:18:39 --> Language Class Initialized
INFO - 2025-03-20 01:18:39 --> Config Class Initialized
INFO - 2025-03-20 01:18:39 --> Loader Class Initialized
INFO - 2025-03-20 01:18:39 --> Helper loaded: url_helper
INFO - 2025-03-20 01:18:39 --> Helper loaded: easyui_helper
INFO - 2025-03-20 01:18:39 --> Helper loaded: param_helper
INFO - 2025-03-20 01:18:39 --> Helper loaded: credential_helper
INFO - 2025-03-20 01:18:39 --> Helper loaded: template_helper
INFO - 2025-03-20 01:18:39 --> Helper loaded: rest_helper
INFO - 2025-03-20 01:18:39 --> Database Driver Class Initialized
DEBUG - 2025-03-20 01:18:39 --> Idgenerator class already loaded. Second attempt ignored.
INFO - 2025-03-20 01:18:39 --> Controller Class Initialized
INFO - 2025-03-20 01:18:39 --> Model Class Initialized
DEBUG - 2025-03-20 01:18:39 --> File loaded: /apps/web-drc/application/modules/visibility_program_active/models/Visibility_program_model.php
INFO - 2025-03-20 01:18:39 --> Model Class Initialized
DEBUG - 2025-03-20 01:18:39 --> File loaded: /apps/web-drc/application/modules/visibility_program_active/views/content.php
DEBUG - 2025-03-20 01:18:39 --> File loaded: /apps/web-drc/application/views/templates/header.php
DEBUG - 2025-03-20 01:18:39 --> File loaded: /apps/web-drc/application/views/templates/toolbar.php
DEBUG - 2025-03-20 01:18:39 --> File loaded: /apps/web-drc/application/views/templates/sidebar.php
DEBUG - 2025-03-20 01:18:39 --> File loaded: /apps/web-drc/application/views/templates/contents.php
DEBUG - 2025-03-20 01:18:39 --> File loaded: /apps/web-drc/application/views/templates/content_footer.php
DEBUG - 2025-03-20 01:18:39 --> File loaded: /apps/web-drc/application/views/templates/footer.php
DEBUG - 2025-03-20 01:18:39 --> File loaded: /apps/web-drc/application/views/templates/default.php
INFO - 2025-03-20 01:18:39 --> Final output sent to browser
DEBUG - 2025-03-20 01:18:39 --> Total execution time: 0.0058
INFO - 2025-03-20 01:18:39 --> Config Class Initialized
INFO - 2025-03-20 01:18:39 --> Hooks Class Initialized
DEBUG - 2025-03-20 01:18:39 --> UTF-8 Support Enabled
INFO - 2025-03-20 01:18:39 --> Utf8 Class Initialized
INFO - 2025-03-20 01:18:39 --> URI Class Initialized
INFO - 2025-03-20 01:18:39 --> Router Class Initialized
INFO - 2025-03-20 01:18:39 --> Output Class Initialized
INFO - 2025-03-20 01:18:39 --> Security Class Initialized
DEBUG - 2025-03-20 01:18:39 --> Global POST, GET and COOKIE data sanitized
INFO - 2025-03-20 01:18:39 --> Input Class Initialized
INFO - 2025-03-20 01:18:39 --> Language Class Initialized
ERROR - 2025-03-20 01:18:39 --> 404 Page Not Found: /index
INFO - 2025-03-20 01:18:39 --> Config Class Initialized
INFO - 2025-03-20 01:18:39 --> Hooks Class Initialized
DEBUG - 2025-03-20 01:18:39 --> UTF-8 Support Enabled
INFO - 2025-03-20 01:18:39 --> Utf8 Class Initialized
INFO - 2025-03-20 01:18:39 --> URI Class Initialized
INFO - 2025-03-20 01:18:39 --> Router Class Initialized
INFO - 2025-03-20 01:18:39 --> Output Class Initialized
INFO - 2025-03-20 01:18:39 --> Security Class Initialized
DEBUG - 2025-03-20 01:18:39 --> Global POST, GET and COOKIE data sanitized
INFO - 2025-03-20 01:18:39 --> Input Class Initialized
INFO - 2025-03-20 01:18:39 --> Language Class Initialized
INFO - 2025-03-20 01:18:39 --> Language Class Initialized
INFO - 2025-03-20 01:18:39 --> Config Class Initialized
INFO - 2025-03-20 01:18:39 --> Loader Class Initialized
INFO - 2025-03-20 01:18:39 --> Helper loaded: url_helper
INFO - 2025-03-20 01:18:39 --> Helper loaded: easyui_helper
INFO - 2025-03-20 01:18:39 --> Helper loaded: param_helper
INFO - 2025-03-20 01:18:39 --> Helper loaded: credential_helper
INFO - 2025-03-20 01:18:39 --> Helper loaded: template_helper
INFO - 2025-03-20 01:18:39 --> Helper loaded: rest_helper
INFO - 2025-03-20 01:18:39 --> Database Driver Class Initialized
DEBUG - 2025-03-20 01:18:39 --> Idgenerator class already loaded. Second attempt ignored.
INFO - 2025-03-20 01:18:39 --> Controller Class Initialized
INFO - 2025-03-20 01:18:39 --> Model Class Initialized
DEBUG - 2025-03-20 01:18:39 --> File loaded: /apps/web-drc/application/modules/visibility_program_active/models/Visibility_program_model.php
INFO - 2025-03-20 01:18:39 --> Model Class Initialized
ERROR - 2025-03-20 01:18:39 --> Query error: Unknown column 'a.id' in 'field list' - Invalid query: select count(1) as total from  ( 
                    select a.id, a.program_name, a.description, a.start_period, a.end_period, 
                            a.qty_submit_photo, GROUP_CONCAT(b.classid) account, GROUP_CONCAT(c.nama_class) as account_name
                    from visibility_scheme_program a 
                    left join visibility_mapping_class b on b.id_program=a.id
                    left join m_customer_class c on c.classid = b.classid 
                    group by a.program_name, a.description, a.start_period, a.end_period, a.qty_submit_photo
                    order by a.id desc
                    ) as a
ERROR - 2025-03-20 01:18:39 --> Severity: error --> Exception: Call to a member function result_array() on bool /apps/web-drc/application/helpers/easyui_helper.php 79
INFO - 2025-03-20 01:19:34 --> Config Class Initialized
INFO - 2025-03-20 01:19:34 --> Hooks Class Initialized
DEBUG - 2025-03-20 01:19:34 --> UTF-8 Support Enabled
INFO - 2025-03-20 01:19:34 --> Utf8 Class Initialized
INFO - 2025-03-20 01:19:34 --> URI Class Initialized
INFO - 2025-03-20 01:19:34 --> Router Class Initialized
INFO - 2025-03-20 01:19:34 --> Output Class Initialized
INFO - 2025-03-20 01:19:34 --> Security Class Initialized
DEBUG - 2025-03-20 01:19:34 --> Global POST, GET and COOKIE data sanitized
INFO - 2025-03-20 01:19:34 --> Input Class Initialized
INFO - 2025-03-20 01:19:34 --> Language Class Initialized
INFO - 2025-03-20 01:19:34 --> Language Class Initialized
INFO - 2025-03-20 01:19:34 --> Config Class Initialized
INFO - 2025-03-20 01:19:34 --> Loader Class Initialized
INFO - 2025-03-20 01:19:34 --> Helper loaded: url_helper
INFO - 2025-03-20 01:19:34 --> Helper loaded: easyui_helper
INFO - 2025-03-20 01:19:34 --> Helper loaded: param_helper
INFO - 2025-03-20 01:19:34 --> Helper loaded: credential_helper
INFO - 2025-03-20 01:19:34 --> Helper loaded: template_helper
INFO - 2025-03-20 01:19:34 --> Helper loaded: rest_helper
INFO - 2025-03-20 01:19:34 --> Database Driver Class Initialized
DEBUG - 2025-03-20 01:19:34 --> Idgenerator class already loaded. Second attempt ignored.
INFO - 2025-03-20 01:19:34 --> Controller Class Initialized
INFO - 2025-03-20 01:19:34 --> Model Class Initialized
DEBUG - 2025-03-20 01:19:34 --> File loaded: /apps/web-drc/application/modules/visibility_program_active/models/Visibility_program_model.php
INFO - 2025-03-20 01:19:34 --> Model Class Initialized
DEBUG - 2025-03-20 01:19:34 --> File loaded: /apps/web-drc/application/modules/visibility_program_active/views/content.php
DEBUG - 2025-03-20 01:19:34 --> File loaded: /apps/web-drc/application/views/templates/header.php
DEBUG - 2025-03-20 01:19:34 --> File loaded: /apps/web-drc/application/views/templates/toolbar.php
DEBUG - 2025-03-20 01:19:34 --> File loaded: /apps/web-drc/application/views/templates/sidebar.php
DEBUG - 2025-03-20 01:19:34 --> File loaded: /apps/web-drc/application/views/templates/contents.php
DEBUG - 2025-03-20 01:19:34 --> File loaded: /apps/web-drc/application/views/templates/content_footer.php
DEBUG - 2025-03-20 01:19:34 --> File loaded: /apps/web-drc/application/views/templates/footer.php
DEBUG - 2025-03-20 01:19:34 --> File loaded: /apps/web-drc/application/views/templates/default.php
INFO - 2025-03-20 01:19:34 --> Final output sent to browser
DEBUG - 2025-03-20 01:19:34 --> Total execution time: 0.0069
INFO - 2025-03-20 01:19:37 --> Config Class Initialized
INFO - 2025-03-20 01:19:37 --> Hooks Class Initialized
DEBUG - 2025-03-20 01:19:37 --> UTF-8 Support Enabled
INFO - 2025-03-20 01:19:37 --> Utf8 Class Initialized
INFO - 2025-03-20 01:19:37 --> URI Class Initialized
INFO - 2025-03-20 01:19:37 --> Router Class Initialized
INFO - 2025-03-20 01:19:37 --> Output Class Initialized
INFO - 2025-03-20 01:19:37 --> Security Class Initialized
DEBUG - 2025-03-20 01:19:37 --> Global POST, GET and COOKIE data sanitized
INFO - 2025-03-20 01:19:37 --> Input Class Initialized
INFO - 2025-03-20 01:19:37 --> Language Class Initialized
ERROR - 2025-03-20 01:19:37 --> 404 Page Not Found: /index
INFO - 2025-03-20 01:19:38 --> Config Class Initialized
INFO - 2025-03-20 01:19:38 --> Hooks Class Initialized
DEBUG - 2025-03-20 01:19:38 --> UTF-8 Support Enabled
INFO - 2025-03-20 01:19:38 --> Utf8 Class Initialized
INFO - 2025-03-20 01:19:38 --> URI Class Initialized
INFO - 2025-03-20 01:19:38 --> Router Class Initialized
INFO - 2025-03-20 01:19:38 --> Output Class Initialized
INFO - 2025-03-20 01:19:38 --> Security Class Initialized
DEBUG - 2025-03-20 01:19:38 --> Global POST, GET and COOKIE data sanitized
INFO - 2025-03-20 01:19:38 --> Input Class Initialized
INFO - 2025-03-20 01:19:38 --> Language Class Initialized
INFO - 2025-03-20 01:19:38 --> Language Class Initialized
INFO - 2025-03-20 01:19:38 --> Config Class Initialized
INFO - 2025-03-20 01:19:38 --> Loader Class Initialized
INFO - 2025-03-20 01:19:38 --> Helper loaded: url_helper
INFO - 2025-03-20 01:19:38 --> Helper loaded: easyui_helper
INFO - 2025-03-20 01:19:38 --> Helper loaded: param_helper
INFO - 2025-03-20 01:19:38 --> Helper loaded: credential_helper
INFO - 2025-03-20 01:19:38 --> Helper loaded: template_helper
INFO - 2025-03-20 01:19:38 --> Helper loaded: rest_helper
INFO - 2025-03-20 01:19:38 --> Database Driver Class Initialized
DEBUG - 2025-03-20 01:19:38 --> Idgenerator class already loaded. Second attempt ignored.
INFO - 2025-03-20 01:19:38 --> Controller Class Initialized
INFO - 2025-03-20 01:19:38 --> Model Class Initialized
DEBUG - 2025-03-20 01:19:38 --> File loaded: /apps/web-drc/application/modules/visibility_program_active/models/Visibility_program_model.php
INFO - 2025-03-20 01:19:38 --> Model Class Initialized
ERROR - 2025-03-20 01:19:38 --> Query error: Unknown column 'a.id' in 'on clause' - Invalid query: select count(1) as total from  ( 
                    select a.id_program, a.program_name, a.description, a.start_period, a.end_period, 
                            a.qty_submit_photo, GROUP_CONCAT(b.classid) account, GROUP_CONCAT(c.nama_class) as account_name
                    from visibility_scheme_program a 
                    left join visibility_mapping_class b on b.id_program=a.id
                    left join m_customer_class c on c.classid = b.classid 
                    group by a.program_name, a.description, a.start_period, a.end_period, a.qty_submit_photo
                    order by a.id_program desc
                    ) as a
ERROR - 2025-03-20 01:19:38 --> Severity: error --> Exception: Call to a member function result_array() on bool /apps/web-drc/application/helpers/easyui_helper.php 79
INFO - 2025-03-20 01:19:39 --> Config Class Initialized
INFO - 2025-03-20 01:19:39 --> Hooks Class Initialized
DEBUG - 2025-03-20 01:19:39 --> UTF-8 Support Enabled
INFO - 2025-03-20 01:19:39 --> Utf8 Class Initialized
INFO - 2025-03-20 01:19:39 --> URI Class Initialized
INFO - 2025-03-20 01:19:39 --> Router Class Initialized
INFO - 2025-03-20 01:19:39 --> Output Class Initialized
INFO - 2025-03-20 01:19:39 --> Security Class Initialized
DEBUG - 2025-03-20 01:19:39 --> Global POST, GET and COOKIE data sanitized
INFO - 2025-03-20 01:19:39 --> Input Class Initialized
INFO - 2025-03-20 01:19:39 --> Language Class Initialized
ERROR - 2025-03-20 01:19:39 --> 404 Page Not Found: /index
INFO - 2025-03-20 01:19:55 --> Config Class Initialized
INFO - 2025-03-20 01:19:55 --> Hooks Class Initialized
DEBUG - 2025-03-20 01:19:55 --> UTF-8 Support Enabled
INFO - 2025-03-20 01:19:55 --> Utf8 Class Initialized
INFO - 2025-03-20 01:19:55 --> URI Class Initialized
INFO - 2025-03-20 01:19:55 --> Router Class Initialized
INFO - 2025-03-20 01:19:55 --> Output Class Initialized
INFO - 2025-03-20 01:19:55 --> Security Class Initialized
DEBUG - 2025-03-20 01:19:55 --> Global POST, GET and COOKIE data sanitized
INFO - 2025-03-20 01:19:55 --> Input Class Initialized
INFO - 2025-03-20 01:19:55 --> Language Class Initialized
INFO - 2025-03-20 01:19:55 --> Language Class Initialized
INFO - 2025-03-20 01:19:55 --> Config Class Initialized
INFO - 2025-03-20 01:19:55 --> Loader Class Initialized
INFO - 2025-03-20 01:19:55 --> Helper loaded: url_helper
INFO - 2025-03-20 01:19:55 --> Helper loaded: easyui_helper
INFO - 2025-03-20 01:19:55 --> Helper loaded: param_helper
INFO - 2025-03-20 01:19:55 --> Helper loaded: credential_helper
INFO - 2025-03-20 01:19:55 --> Helper loaded: template_helper
INFO - 2025-03-20 01:19:55 --> Helper loaded: rest_helper
INFO - 2025-03-20 01:19:55 --> Database Driver Class Initialized
DEBUG - 2025-03-20 01:19:55 --> Idgenerator class already loaded. Second attempt ignored.
INFO - 2025-03-20 01:19:55 --> Controller Class Initialized
INFO - 2025-03-20 01:19:55 --> Model Class Initialized
DEBUG - 2025-03-20 01:19:55 --> File loaded: /apps/web-drc/application/modules/visibility_program_active/models/Visibility_program_model.php
INFO - 2025-03-20 01:19:55 --> Model Class Initialized
DEBUG - 2025-03-20 01:19:55 --> File loaded: /apps/web-drc/application/modules/visibility_program_active/views/content.php
DEBUG - 2025-03-20 01:19:55 --> File loaded: /apps/web-drc/application/views/templates/header.php
DEBUG - 2025-03-20 01:19:55 --> File loaded: /apps/web-drc/application/views/templates/toolbar.php
DEBUG - 2025-03-20 01:19:55 --> File loaded: /apps/web-drc/application/views/templates/sidebar.php
DEBUG - 2025-03-20 01:19:55 --> File loaded: /apps/web-drc/application/views/templates/contents.php
DEBUG - 2025-03-20 01:19:55 --> File loaded: /apps/web-drc/application/views/templates/content_footer.php
DEBUG - 2025-03-20 01:19:55 --> File loaded: /apps/web-drc/application/views/templates/footer.php
DEBUG - 2025-03-20 01:19:55 --> File loaded: /apps/web-drc/application/views/templates/default.php
INFO - 2025-03-20 01:19:55 --> Final output sent to browser
DEBUG - 2025-03-20 01:19:55 --> Total execution time: 0.0059
INFO - 2025-03-20 01:19:58 --> Config Class Initialized
INFO - 2025-03-20 01:19:58 --> Hooks Class Initialized
DEBUG - 2025-03-20 01:19:58 --> UTF-8 Support Enabled
INFO - 2025-03-20 01:19:58 --> Utf8 Class Initialized
INFO - 2025-03-20 01:19:58 --> URI Class Initialized
INFO - 2025-03-20 01:19:58 --> Router Class Initialized
INFO - 2025-03-20 01:19:58 --> Output Class Initialized
INFO - 2025-03-20 01:19:58 --> Security Class Initialized
DEBUG - 2025-03-20 01:19:58 --> Global POST, GET and COOKIE data sanitized
INFO - 2025-03-20 01:19:58 --> Input Class Initialized
INFO - 2025-03-20 01:19:58 --> Language Class Initialized
ERROR - 2025-03-20 01:19:58 --> 404 Page Not Found: /index
INFO - 2025-03-20 01:19:58 --> Config Class Initialized
INFO - 2025-03-20 01:19:58 --> Hooks Class Initialized
DEBUG - 2025-03-20 01:19:58 --> UTF-8 Support Enabled
INFO - 2025-03-20 01:19:58 --> Utf8 Class Initialized
INFO - 2025-03-20 01:19:58 --> URI Class Initialized
INFO - 2025-03-20 01:19:58 --> Router Class Initialized
INFO - 2025-03-20 01:19:58 --> Output Class Initialized
INFO - 2025-03-20 01:19:58 --> Security Class Initialized
DEBUG - 2025-03-20 01:19:58 --> Global POST, GET and COOKIE data sanitized
INFO - 2025-03-20 01:19:58 --> Input Class Initialized
INFO - 2025-03-20 01:19:58 --> Language Class Initialized
INFO - 2025-03-20 01:19:58 --> Language Class Initialized
INFO - 2025-03-20 01:19:58 --> Config Class Initialized
INFO - 2025-03-20 01:19:58 --> Loader Class Initialized
INFO - 2025-03-20 01:19:58 --> Helper loaded: url_helper
INFO - 2025-03-20 01:19:58 --> Helper loaded: easyui_helper
INFO - 2025-03-20 01:19:58 --> Helper loaded: param_helper
INFO - 2025-03-20 01:19:58 --> Helper loaded: credential_helper
INFO - 2025-03-20 01:19:58 --> Helper loaded: template_helper
INFO - 2025-03-20 01:19:58 --> Helper loaded: rest_helper
INFO - 2025-03-20 01:19:58 --> Database Driver Class Initialized
DEBUG - 2025-03-20 01:19:58 --> Idgenerator class already loaded. Second attempt ignored.
INFO - 2025-03-20 01:19:58 --> Controller Class Initialized
INFO - 2025-03-20 01:19:58 --> Model Class Initialized
DEBUG - 2025-03-20 01:19:58 --> File loaded: /apps/web-drc/application/modules/visibility_program_active/models/Visibility_program_model.php
INFO - 2025-03-20 01:19:58 --> Model Class Initialized
ERROR - 2025-03-20 01:19:58 --> Query error: Unknown column 'a.id' in 'on clause' - Invalid query: select count(1) as total from  ( 
                    select a.id_program, a.program_name, a.description, a.start_period, a.end_period, 
                            a.qty_submit_photo, GROUP_CONCAT(b.classid) account, GROUP_CONCAT(c.nama_class) as account_name
                    from visibility_scheme_program a 
                    left join visibility_mapping_class b on b.id_program=a.id
                    left join m_customer_class c on c.classid = b.classid 
                    group by a.program_name, a.description, a.start_period, a.end_period, a.qty_submit_photo
                    order by a.id_program desc
                    ) as a
ERROR - 2025-03-20 01:19:58 --> Severity: error --> Exception: Call to a member function result_array() on bool /apps/web-drc/application/helpers/easyui_helper.php 79
INFO - 2025-03-20 01:20:00 --> Config Class Initialized
INFO - 2025-03-20 01:20:00 --> Hooks Class Initialized
DEBUG - 2025-03-20 01:20:00 --> UTF-8 Support Enabled
INFO - 2025-03-20 01:20:00 --> Utf8 Class Initialized
INFO - 2025-03-20 01:20:00 --> URI Class Initialized
INFO - 2025-03-20 01:20:00 --> Router Class Initialized
INFO - 2025-03-20 01:20:00 --> Output Class Initialized
INFO - 2025-03-20 01:20:00 --> Security Class Initialized
DEBUG - 2025-03-20 01:20:00 --> Global POST, GET and COOKIE data sanitized
INFO - 2025-03-20 01:20:00 --> Input Class Initialized
INFO - 2025-03-20 01:20:00 --> Language Class Initialized
ERROR - 2025-03-20 01:20:00 --> 404 Page Not Found: /index
INFO - 2025-03-20 01:21:19 --> Config Class Initialized
INFO - 2025-03-20 01:21:19 --> Hooks Class Initialized
DEBUG - 2025-03-20 01:21:19 --> UTF-8 Support Enabled
INFO - 2025-03-20 01:21:19 --> Utf8 Class Initialized
INFO - 2025-03-20 01:21:19 --> URI Class Initialized
INFO - 2025-03-20 01:21:19 --> Router Class Initialized
INFO - 2025-03-20 01:21:19 --> Output Class Initialized
INFO - 2025-03-20 01:21:19 --> Security Class Initialized
DEBUG - 2025-03-20 01:21:19 --> Global POST, GET and COOKIE data sanitized
INFO - 2025-03-20 01:21:19 --> Input Class Initialized
INFO - 2025-03-20 01:21:19 --> Language Class Initialized
INFO - 2025-03-20 01:21:19 --> Language Class Initialized
INFO - 2025-03-20 01:21:19 --> Config Class Initialized
INFO - 2025-03-20 01:21:19 --> Loader Class Initialized
INFO - 2025-03-20 01:21:19 --> Helper loaded: url_helper
INFO - 2025-03-20 01:21:19 --> Helper loaded: easyui_helper
INFO - 2025-03-20 01:21:19 --> Helper loaded: param_helper
INFO - 2025-03-20 01:21:19 --> Helper loaded: credential_helper
INFO - 2025-03-20 01:21:19 --> Helper loaded: template_helper
INFO - 2025-03-20 01:21:19 --> Helper loaded: rest_helper
INFO - 2025-03-20 01:21:19 --> Database Driver Class Initialized
DEBUG - 2025-03-20 01:21:19 --> Idgenerator class already loaded. Second attempt ignored.
INFO - 2025-03-20 01:21:19 --> Controller Class Initialized
INFO - 2025-03-20 01:21:19 --> Model Class Initialized
DEBUG - 2025-03-20 01:21:19 --> File loaded: /apps/web-drc/application/modules/visibility_program_active/models/Visibility_program_model.php
INFO - 2025-03-20 01:21:19 --> Model Class Initialized
DEBUG - 2025-03-20 01:21:19 --> File loaded: /apps/web-drc/application/modules/visibility_program_active/views/content.php
DEBUG - 2025-03-20 01:21:19 --> File loaded: /apps/web-drc/application/views/templates/header.php
DEBUG - 2025-03-20 01:21:19 --> File loaded: /apps/web-drc/application/views/templates/toolbar.php
DEBUG - 2025-03-20 01:21:19 --> File loaded: /apps/web-drc/application/views/templates/sidebar.php
DEBUG - 2025-03-20 01:21:19 --> File loaded: /apps/web-drc/application/views/templates/contents.php
DEBUG - 2025-03-20 01:21:19 --> File loaded: /apps/web-drc/application/views/templates/content_footer.php
DEBUG - 2025-03-20 01:21:19 --> File loaded: /apps/web-drc/application/views/templates/footer.php
DEBUG - 2025-03-20 01:21:19 --> File loaded: /apps/web-drc/application/views/templates/default.php
INFO - 2025-03-20 01:21:19 --> Final output sent to browser
DEBUG - 2025-03-20 01:21:19 --> Total execution time: 0.0071
INFO - 2025-03-20 01:21:21 --> Config Class Initialized
INFO - 2025-03-20 01:21:21 --> Hooks Class Initialized
DEBUG - 2025-03-20 01:21:21 --> UTF-8 Support Enabled
INFO - 2025-03-20 01:21:21 --> Utf8 Class Initialized
INFO - 2025-03-20 01:21:21 --> URI Class Initialized
INFO - 2025-03-20 01:21:21 --> Router Class Initialized
INFO - 2025-03-20 01:21:21 --> Output Class Initialized
INFO - 2025-03-20 01:21:21 --> Security Class Initialized
DEBUG - 2025-03-20 01:21:21 --> Global POST, GET and COOKIE data sanitized
INFO - 2025-03-20 01:21:21 --> Input Class Initialized
INFO - 2025-03-20 01:21:21 --> Language Class Initialized
ERROR - 2025-03-20 01:21:21 --> 404 Page Not Found: /index
INFO - 2025-03-20 01:21:22 --> Config Class Initialized
INFO - 2025-03-20 01:21:22 --> Hooks Class Initialized
DEBUG - 2025-03-20 01:21:22 --> UTF-8 Support Enabled
INFO - 2025-03-20 01:21:22 --> Utf8 Class Initialized
INFO - 2025-03-20 01:21:22 --> URI Class Initialized
INFO - 2025-03-20 01:21:22 --> Router Class Initialized
INFO - 2025-03-20 01:21:22 --> Output Class Initialized
INFO - 2025-03-20 01:21:22 --> Security Class Initialized
DEBUG - 2025-03-20 01:21:22 --> Global POST, GET and COOKIE data sanitized
INFO - 2025-03-20 01:21:22 --> Input Class Initialized
INFO - 2025-03-20 01:21:22 --> Language Class Initialized
INFO - 2025-03-20 01:21:22 --> Language Class Initialized
INFO - 2025-03-20 01:21:22 --> Config Class Initialized
INFO - 2025-03-20 01:21:22 --> Loader Class Initialized
INFO - 2025-03-20 01:21:22 --> Helper loaded: url_helper
INFO - 2025-03-20 01:21:22 --> Helper loaded: easyui_helper
INFO - 2025-03-20 01:21:22 --> Helper loaded: param_helper
INFO - 2025-03-20 01:21:22 --> Helper loaded: credential_helper
INFO - 2025-03-20 01:21:22 --> Helper loaded: template_helper
INFO - 2025-03-20 01:21:22 --> Helper loaded: rest_helper
INFO - 2025-03-20 01:21:22 --> Database Driver Class Initialized
DEBUG - 2025-03-20 01:21:22 --> Idgenerator class already loaded. Second attempt ignored.
INFO - 2025-03-20 01:21:22 --> Controller Class Initialized
INFO - 2025-03-20 01:21:22 --> Model Class Initialized
DEBUG - 2025-03-20 01:21:22 --> File loaded: /apps/web-drc/application/modules/visibility_program_active/models/Visibility_program_model.php
INFO - 2025-03-20 01:21:22 --> Model Class Initialized
INFO - 2025-03-20 01:21:22 --> Final output sent to browser
DEBUG - 2025-03-20 01:21:22 --> Total execution time: 0.0054
INFO - 2025-03-20 01:21:22 --> Config Class Initialized
INFO - 2025-03-20 01:21:22 --> Hooks Class Initialized
DEBUG - 2025-03-20 01:21:22 --> UTF-8 Support Enabled
INFO - 2025-03-20 01:21:22 --> Utf8 Class Initialized
INFO - 2025-03-20 01:21:22 --> URI Class Initialized
INFO - 2025-03-20 01:21:22 --> Router Class Initialized
INFO - 2025-03-20 01:21:22 --> Output Class Initialized
INFO - 2025-03-20 01:21:22 --> Security Class Initialized
DEBUG - 2025-03-20 01:21:22 --> Global POST, GET and COOKIE data sanitized
INFO - 2025-03-20 01:21:22 --> Input Class Initialized
INFO - 2025-03-20 01:21:22 --> Language Class Initialized
ERROR - 2025-03-20 01:21:22 --> 404 Page Not Found: /index
INFO - 2025-03-20 01:21:37 --> Config Class Initialized
INFO - 2025-03-20 01:21:37 --> Hooks Class Initialized
DEBUG - 2025-03-20 01:21:37 --> UTF-8 Support Enabled
INFO - 2025-03-20 01:21:37 --> Utf8 Class Initialized
INFO - 2025-03-20 01:21:37 --> URI Class Initialized
INFO - 2025-03-20 01:21:37 --> Router Class Initialized
INFO - 2025-03-20 01:21:37 --> Output Class Initialized
INFO - 2025-03-20 01:21:37 --> Security Class Initialized
DEBUG - 2025-03-20 01:21:37 --> Global POST, GET and COOKIE data sanitized
INFO - 2025-03-20 01:21:37 --> Input Class Initialized
INFO - 2025-03-20 01:21:37 --> Language Class Initialized
INFO - 2025-03-20 01:21:37 --> Language Class Initialized
INFO - 2025-03-20 01:21:37 --> Config Class Initialized
INFO - 2025-03-20 01:21:37 --> Loader Class Initialized
INFO - 2025-03-20 01:21:37 --> Helper loaded: url_helper
INFO - 2025-03-20 01:21:37 --> Helper loaded: easyui_helper
INFO - 2025-03-20 01:21:37 --> Helper loaded: param_helper
INFO - 2025-03-20 01:21:37 --> Helper loaded: credential_helper
INFO - 2025-03-20 01:21:37 --> Helper loaded: template_helper
INFO - 2025-03-20 01:21:37 --> Helper loaded: rest_helper
INFO - 2025-03-20 01:21:37 --> Database Driver Class Initialized
DEBUG - 2025-03-20 01:21:37 --> Idgenerator class already loaded. Second attempt ignored.
INFO - 2025-03-20 01:21:37 --> Controller Class Initialized
INFO - 2025-03-20 01:21:37 --> Model Class Initialized
DEBUG - 2025-03-20 01:21:37 --> File loaded: /apps/web-drc/application/modules/visibility_program_active/models/Visibility_program_model.php
INFO - 2025-03-20 01:21:37 --> Model Class Initialized
DEBUG - 2025-03-20 01:21:37 --> File loaded: /apps/web-drc/application/modules/visibility_program_active/views/form.php
DEBUG - 2025-03-20 01:21:37 --> File loaded: /apps/web-drc/application/views/templates/header.php
DEBUG - 2025-03-20 01:21:37 --> File loaded: /apps/web-drc/application/views/templates/toolbar.php
DEBUG - 2025-03-20 01:21:37 --> File loaded: /apps/web-drc/application/views/templates/sidebar.php
DEBUG - 2025-03-20 01:21:37 --> File loaded: /apps/web-drc/application/views/templates/contents.php
DEBUG - 2025-03-20 01:21:37 --> File loaded: /apps/web-drc/application/views/templates/content_footer.php
DEBUG - 2025-03-20 01:21:37 --> File loaded: /apps/web-drc/application/views/templates/footer.php
DEBUG - 2025-03-20 01:21:37 --> File loaded: /apps/web-drc/application/views/templates/default.php
INFO - 2025-03-20 01:21:37 --> Final output sent to browser
DEBUG - 2025-03-20 01:21:37 --> Total execution time: 0.0069
INFO - 2025-03-20 01:21:37 --> Config Class Initialized
INFO - 2025-03-20 01:21:37 --> Hooks Class Initialized
DEBUG - 2025-03-20 01:21:37 --> UTF-8 Support Enabled
INFO - 2025-03-20 01:21:37 --> Utf8 Class Initialized
INFO - 2025-03-20 01:21:37 --> URI Class Initialized
INFO - 2025-03-20 01:21:37 --> Router Class Initialized
INFO - 2025-03-20 01:21:37 --> Output Class Initialized
INFO - 2025-03-20 01:21:37 --> Security Class Initialized
DEBUG - 2025-03-20 01:21:37 --> Global POST, GET and COOKIE data sanitized
INFO - 2025-03-20 01:21:37 --> Input Class Initialized
INFO - 2025-03-20 01:21:37 --> Language Class Initialized
ERROR - 2025-03-20 01:21:37 --> 404 Page Not Found: /index
INFO - 2025-03-20 01:21:37 --> Config Class Initialized
INFO - 2025-03-20 01:21:37 --> Hooks Class Initialized
DEBUG - 2025-03-20 01:21:37 --> UTF-8 Support Enabled
INFO - 2025-03-20 01:21:37 --> Utf8 Class Initialized
INFO - 2025-03-20 01:21:37 --> URI Class Initialized
INFO - 2025-03-20 01:21:37 --> Router Class Initialized
INFO - 2025-03-20 01:21:37 --> Output Class Initialized
INFO - 2025-03-20 01:21:37 --> Security Class Initialized
DEBUG - 2025-03-20 01:21:37 --> Global POST, GET and COOKIE data sanitized
INFO - 2025-03-20 01:21:37 --> Input Class Initialized
INFO - 2025-03-20 01:21:37 --> Language Class Initialized
INFO - 2025-03-20 01:21:37 --> Language Class Initialized
INFO - 2025-03-20 01:21:37 --> Config Class Initialized
INFO - 2025-03-20 01:21:37 --> Loader Class Initialized
INFO - 2025-03-20 01:21:37 --> Helper loaded: url_helper
INFO - 2025-03-20 01:21:37 --> Helper loaded: easyui_helper
INFO - 2025-03-20 01:21:37 --> Helper loaded: param_helper
INFO - 2025-03-20 01:21:37 --> Helper loaded: credential_helper
INFO - 2025-03-20 01:21:37 --> Helper loaded: template_helper
INFO - 2025-03-20 01:21:37 --> Helper loaded: rest_helper
INFO - 2025-03-20 01:21:37 --> Database Driver Class Initialized
DEBUG - 2025-03-20 01:21:37 --> Idgenerator class already loaded. Second attempt ignored.
INFO - 2025-03-20 01:21:37 --> Controller Class Initialized
INFO - 2025-03-20 01:21:37 --> Model Class Initialized
DEBUG - 2025-03-20 01:21:37 --> File loaded: /apps/web-drc/application/modules/api_v1/models/Api_v1_model.php
INFO - 2025-03-20 01:21:37 --> Model Class Initialized
INFO - 2025-03-20 01:21:37 --> Final output sent to browser
DEBUG - 2025-03-20 01:21:37 --> Total execution time: 0.0032
INFO - 2025-03-20 01:22:10 --> Config Class Initialized
INFO - 2025-03-20 01:22:10 --> Hooks Class Initialized
DEBUG - 2025-03-20 01:22:10 --> UTF-8 Support Enabled
INFO - 2025-03-20 01:22:10 --> Utf8 Class Initialized
INFO - 2025-03-20 01:22:10 --> URI Class Initialized
INFO - 2025-03-20 01:22:10 --> Router Class Initialized
INFO - 2025-03-20 01:22:10 --> Output Class Initialized
INFO - 2025-03-20 01:22:10 --> Security Class Initialized
DEBUG - 2025-03-20 01:22:10 --> Global POST, GET and COOKIE data sanitized
INFO - 2025-03-20 01:22:10 --> Input Class Initialized
INFO - 2025-03-20 01:22:10 --> Language Class Initialized
INFO - 2025-03-20 01:22:10 --> Language Class Initialized
INFO - 2025-03-20 01:22:10 --> Config Class Initialized
INFO - 2025-03-20 01:22:10 --> Loader Class Initialized
INFO - 2025-03-20 01:22:10 --> Helper loaded: url_helper
INFO - 2025-03-20 01:22:10 --> Helper loaded: easyui_helper
INFO - 2025-03-20 01:22:10 --> Helper loaded: param_helper
INFO - 2025-03-20 01:22:10 --> Helper loaded: credential_helper
INFO - 2025-03-20 01:22:10 --> Helper loaded: template_helper
INFO - 2025-03-20 01:22:10 --> Helper loaded: rest_helper
INFO - 2025-03-20 01:22:10 --> Database Driver Class Initialized
DEBUG - 2025-03-20 01:22:10 --> Idgenerator class already loaded. Second attempt ignored.
INFO - 2025-03-20 01:22:10 --> Controller Class Initialized
INFO - 2025-03-20 01:22:10 --> Model Class Initialized
DEBUG - 2025-03-20 01:22:10 --> File loaded: /apps/web-drc/application/modules/visibility_program_active/models/Visibility_program_model.php
INFO - 2025-03-20 01:22:10 --> Model Class Initialized
ERROR - 2025-03-20 01:22:10 --> Query error: Unknown column 'start_periode' in 'field list' - Invalid query: INSERT INTO `visibility_scheme_program` (`program_name`, `description`, `start_periode`, `end_periode`, `qty_submit_photo`, `created_by`, `created_date`) VALUES ('Test program', 'test desc promo', '2025-03-20', '2025-03-20', '100', 'admin', '2025-03-19 18:22:10')
INFO - 2025-03-20 01:22:10 --> Final output sent to browser
DEBUG - 2025-03-20 01:22:10 --> Total execution time: 0.0064
INFO - 2025-03-20 01:22:11 --> Config Class Initialized
INFO - 2025-03-20 01:22:11 --> Hooks Class Initialized
DEBUG - 2025-03-20 01:22:11 --> UTF-8 Support Enabled
INFO - 2025-03-20 01:22:11 --> Utf8 Class Initialized
INFO - 2025-03-20 01:22:11 --> URI Class Initialized
INFO - 2025-03-20 01:22:11 --> Router Class Initialized
INFO - 2025-03-20 01:22:11 --> Output Class Initialized
INFO - 2025-03-20 01:22:11 --> Security Class Initialized
DEBUG - 2025-03-20 01:22:11 --> Global POST, GET and COOKIE data sanitized
INFO - 2025-03-20 01:22:11 --> Input Class Initialized
INFO - 2025-03-20 01:22:11 --> Language Class Initialized
INFO - 2025-03-20 01:22:11 --> Language Class Initialized
INFO - 2025-03-20 01:22:11 --> Config Class Initialized
INFO - 2025-03-20 01:22:11 --> Loader Class Initialized
INFO - 2025-03-20 01:22:11 --> Helper loaded: url_helper
INFO - 2025-03-20 01:22:11 --> Helper loaded: easyui_helper
INFO - 2025-03-20 01:22:11 --> Helper loaded: param_helper
INFO - 2025-03-20 01:22:11 --> Helper loaded: credential_helper
INFO - 2025-03-20 01:22:11 --> Helper loaded: template_helper
INFO - 2025-03-20 01:22:11 --> Helper loaded: rest_helper
INFO - 2025-03-20 01:22:11 --> Database Driver Class Initialized
DEBUG - 2025-03-20 01:22:11 --> Idgenerator class already loaded. Second attempt ignored.
INFO - 2025-03-20 01:22:11 --> Controller Class Initialized
INFO - 2025-03-20 01:22:11 --> Model Class Initialized
DEBUG - 2025-03-20 01:22:11 --> File loaded: /apps/web-drc/application/modules/visibility_program_active/models/Visibility_program_model.php
INFO - 2025-03-20 01:22:11 --> Model Class Initialized
DEBUG - 2025-03-20 01:22:11 --> File loaded: /apps/web-drc/application/modules/visibility_program_active/views/content.php
DEBUG - 2025-03-20 01:22:11 --> File loaded: /apps/web-drc/application/views/templates/header.php
DEBUG - 2025-03-20 01:22:11 --> File loaded: /apps/web-drc/application/views/templates/toolbar.php
DEBUG - 2025-03-20 01:22:11 --> File loaded: /apps/web-drc/application/views/templates/sidebar.php
DEBUG - 2025-03-20 01:22:11 --> File loaded: /apps/web-drc/application/views/templates/contents.php
DEBUG - 2025-03-20 01:22:11 --> File loaded: /apps/web-drc/application/views/templates/content_footer.php
DEBUG - 2025-03-20 01:22:11 --> File loaded: /apps/web-drc/application/views/templates/footer.php
DEBUG - 2025-03-20 01:22:11 --> File loaded: /apps/web-drc/application/views/templates/default.php
INFO - 2025-03-20 01:22:11 --> Final output sent to browser
DEBUG - 2025-03-20 01:22:11 --> Total execution time: 0.0104
INFO - 2025-03-20 01:22:11 --> Config Class Initialized
INFO - 2025-03-20 01:22:11 --> Hooks Class Initialized
DEBUG - 2025-03-20 01:22:11 --> UTF-8 Support Enabled
INFO - 2025-03-20 01:22:11 --> Utf8 Class Initialized
INFO - 2025-03-20 01:22:11 --> URI Class Initialized
INFO - 2025-03-20 01:22:11 --> Router Class Initialized
INFO - 2025-03-20 01:22:11 --> Output Class Initialized
INFO - 2025-03-20 01:22:11 --> Security Class Initialized
DEBUG - 2025-03-20 01:22:11 --> Global POST, GET and COOKIE data sanitized
INFO - 2025-03-20 01:22:11 --> Input Class Initialized
INFO - 2025-03-20 01:22:11 --> Language Class Initialized
ERROR - 2025-03-20 01:22:11 --> 404 Page Not Found: /index
INFO - 2025-03-20 01:22:11 --> Config Class Initialized
INFO - 2025-03-20 01:22:11 --> Hooks Class Initialized
DEBUG - 2025-03-20 01:22:11 --> UTF-8 Support Enabled
INFO - 2025-03-20 01:22:11 --> Utf8 Class Initialized
INFO - 2025-03-20 01:22:11 --> URI Class Initialized
INFO - 2025-03-20 01:22:11 --> Router Class Initialized
INFO - 2025-03-20 01:22:11 --> Output Class Initialized
INFO - 2025-03-20 01:22:11 --> Security Class Initialized
DEBUG - 2025-03-20 01:22:11 --> Global POST, GET and COOKIE data sanitized
INFO - 2025-03-20 01:22:11 --> Input Class Initialized
INFO - 2025-03-20 01:22:11 --> Language Class Initialized
INFO - 2025-03-20 01:22:11 --> Language Class Initialized
INFO - 2025-03-20 01:22:11 --> Config Class Initialized
INFO - 2025-03-20 01:22:11 --> Loader Class Initialized
INFO - 2025-03-20 01:22:11 --> Helper loaded: url_helper
INFO - 2025-03-20 01:22:11 --> Helper loaded: easyui_helper
INFO - 2025-03-20 01:22:11 --> Helper loaded: param_helper
INFO - 2025-03-20 01:22:11 --> Helper loaded: credential_helper
INFO - 2025-03-20 01:22:11 --> Helper loaded: template_helper
INFO - 2025-03-20 01:22:11 --> Helper loaded: rest_helper
INFO - 2025-03-20 01:22:11 --> Database Driver Class Initialized
DEBUG - 2025-03-20 01:22:11 --> Idgenerator class already loaded. Second attempt ignored.
INFO - 2025-03-20 01:22:11 --> Controller Class Initialized
INFO - 2025-03-20 01:22:11 --> Model Class Initialized
DEBUG - 2025-03-20 01:22:11 --> File loaded: /apps/web-drc/application/modules/visibility_program_active/models/Visibility_program_model.php
INFO - 2025-03-20 01:22:11 --> Model Class Initialized
INFO - 2025-03-20 01:22:11 --> Final output sent to browser
DEBUG - 2025-03-20 01:22:11 --> Total execution time: 0.0047
INFO - 2025-03-20 01:24:47 --> Config Class Initialized
INFO - 2025-03-20 01:24:47 --> Hooks Class Initialized
DEBUG - 2025-03-20 01:24:47 --> UTF-8 Support Enabled
INFO - 2025-03-20 01:24:47 --> Utf8 Class Initialized
INFO - 2025-03-20 01:24:47 --> URI Class Initialized
INFO - 2025-03-20 01:24:47 --> Router Class Initialized
INFO - 2025-03-20 01:24:47 --> Output Class Initialized
INFO - 2025-03-20 01:24:47 --> Security Class Initialized
DEBUG - 2025-03-20 01:24:47 --> Global POST, GET and COOKIE data sanitized
INFO - 2025-03-20 01:24:47 --> Input Class Initialized
INFO - 2025-03-20 01:24:47 --> Language Class Initialized
INFO - 2025-03-20 01:24:47 --> Language Class Initialized
INFO - 2025-03-20 01:24:47 --> Config Class Initialized
INFO - 2025-03-20 01:24:47 --> Loader Class Initialized
INFO - 2025-03-20 01:24:47 --> Helper loaded: url_helper
INFO - 2025-03-20 01:24:47 --> Helper loaded: easyui_helper
INFO - 2025-03-20 01:24:47 --> Helper loaded: param_helper
INFO - 2025-03-20 01:24:47 --> Helper loaded: credential_helper
INFO - 2025-03-20 01:24:47 --> Helper loaded: template_helper
INFO - 2025-03-20 01:24:47 --> Helper loaded: rest_helper
INFO - 2025-03-20 01:24:47 --> Database Driver Class Initialized
DEBUG - 2025-03-20 01:24:47 --> Idgenerator class already loaded. Second attempt ignored.
INFO - 2025-03-20 01:24:47 --> Controller Class Initialized
INFO - 2025-03-20 01:24:47 --> Model Class Initialized
DEBUG - 2025-03-20 01:24:47 --> File loaded: /apps/web-drc/application/modules/visibility_program_active/models/Visibility_program_model.php
INFO - 2025-03-20 01:24:47 --> Model Class Initialized
DEBUG - 2025-03-20 01:24:47 --> File loaded: /apps/web-drc/application/modules/visibility_program_active/views/content.php
DEBUG - 2025-03-20 01:24:47 --> File loaded: /apps/web-drc/application/views/templates/header.php
DEBUG - 2025-03-20 01:24:47 --> File loaded: /apps/web-drc/application/views/templates/toolbar.php
DEBUG - 2025-03-20 01:24:47 --> File loaded: /apps/web-drc/application/views/templates/sidebar.php
DEBUG - 2025-03-20 01:24:47 --> File loaded: /apps/web-drc/application/views/templates/contents.php
DEBUG - 2025-03-20 01:24:47 --> File loaded: /apps/web-drc/application/views/templates/content_footer.php
DEBUG - 2025-03-20 01:24:47 --> File loaded: /apps/web-drc/application/views/templates/footer.php
DEBUG - 2025-03-20 01:24:47 --> File loaded: /apps/web-drc/application/views/templates/default.php
INFO - 2025-03-20 01:24:47 --> Final output sent to browser
DEBUG - 2025-03-20 01:24:47 --> Total execution time: 0.0070
INFO - 2025-03-20 01:24:49 --> Config Class Initialized
INFO - 2025-03-20 01:24:49 --> Hooks Class Initialized
DEBUG - 2025-03-20 01:24:49 --> UTF-8 Support Enabled
INFO - 2025-03-20 01:24:49 --> Utf8 Class Initialized
INFO - 2025-03-20 01:24:49 --> URI Class Initialized
INFO - 2025-03-20 01:24:49 --> Router Class Initialized
INFO - 2025-03-20 01:24:49 --> Output Class Initialized
INFO - 2025-03-20 01:24:49 --> Security Class Initialized
DEBUG - 2025-03-20 01:24:49 --> Global POST, GET and COOKIE data sanitized
INFO - 2025-03-20 01:24:49 --> Input Class Initialized
INFO - 2025-03-20 01:24:49 --> Language Class Initialized
ERROR - 2025-03-20 01:24:49 --> 404 Page Not Found: /index
INFO - 2025-03-20 01:24:50 --> Config Class Initialized
INFO - 2025-03-20 01:24:50 --> Hooks Class Initialized
DEBUG - 2025-03-20 01:24:50 --> UTF-8 Support Enabled
INFO - 2025-03-20 01:24:50 --> Utf8 Class Initialized
INFO - 2025-03-20 01:24:50 --> URI Class Initialized
INFO - 2025-03-20 01:24:50 --> Router Class Initialized
INFO - 2025-03-20 01:24:50 --> Output Class Initialized
INFO - 2025-03-20 01:24:50 --> Security Class Initialized
DEBUG - 2025-03-20 01:24:50 --> Global POST, GET and COOKIE data sanitized
INFO - 2025-03-20 01:24:50 --> Input Class Initialized
INFO - 2025-03-20 01:24:50 --> Language Class Initialized
INFO - 2025-03-20 01:24:50 --> Language Class Initialized
INFO - 2025-03-20 01:24:50 --> Config Class Initialized
INFO - 2025-03-20 01:24:50 --> Loader Class Initialized
INFO - 2025-03-20 01:24:50 --> Helper loaded: url_helper
INFO - 2025-03-20 01:24:50 --> Helper loaded: easyui_helper
INFO - 2025-03-20 01:24:50 --> Helper loaded: param_helper
INFO - 2025-03-20 01:24:50 --> Helper loaded: credential_helper
INFO - 2025-03-20 01:24:50 --> Helper loaded: template_helper
INFO - 2025-03-20 01:24:50 --> Helper loaded: rest_helper
INFO - 2025-03-20 01:24:50 --> Database Driver Class Initialized
DEBUG - 2025-03-20 01:24:50 --> Idgenerator class already loaded. Second attempt ignored.
INFO - 2025-03-20 01:24:50 --> Controller Class Initialized
INFO - 2025-03-20 01:24:50 --> Model Class Initialized
DEBUG - 2025-03-20 01:24:50 --> File loaded: /apps/web-drc/application/modules/visibility_program_active/models/Visibility_program_model.php
INFO - 2025-03-20 01:24:50 --> Model Class Initialized
INFO - 2025-03-20 01:24:50 --> Final output sent to browser
DEBUG - 2025-03-20 01:24:50 --> Total execution time: 0.0041
INFO - 2025-03-20 01:24:51 --> Config Class Initialized
INFO - 2025-03-20 01:24:51 --> Hooks Class Initialized
DEBUG - 2025-03-20 01:24:51 --> UTF-8 Support Enabled
INFO - 2025-03-20 01:24:51 --> Utf8 Class Initialized
INFO - 2025-03-20 01:24:51 --> URI Class Initialized
INFO - 2025-03-20 01:24:51 --> Router Class Initialized
INFO - 2025-03-20 01:24:51 --> Output Class Initialized
INFO - 2025-03-20 01:24:51 --> Security Class Initialized
DEBUG - 2025-03-20 01:24:51 --> Global POST, GET and COOKIE data sanitized
INFO - 2025-03-20 01:24:51 --> Input Class Initialized
INFO - 2025-03-20 01:24:51 --> Language Class Initialized
ERROR - 2025-03-20 01:24:51 --> 404 Page Not Found: /index
INFO - 2025-03-20 01:24:54 --> Config Class Initialized
INFO - 2025-03-20 01:24:54 --> Hooks Class Initialized
DEBUG - 2025-03-20 01:24:54 --> UTF-8 Support Enabled
INFO - 2025-03-20 01:24:54 --> Utf8 Class Initialized
INFO - 2025-03-20 01:24:54 --> URI Class Initialized
INFO - 2025-03-20 01:24:54 --> Router Class Initialized
INFO - 2025-03-20 01:24:54 --> Output Class Initialized
INFO - 2025-03-20 01:24:54 --> Security Class Initialized
DEBUG - 2025-03-20 01:24:54 --> Global POST, GET and COOKIE data sanitized
INFO - 2025-03-20 01:24:54 --> Input Class Initialized
INFO - 2025-03-20 01:24:54 --> Language Class Initialized
INFO - 2025-03-20 01:24:54 --> Language Class Initialized
INFO - 2025-03-20 01:24:54 --> Config Class Initialized
INFO - 2025-03-20 01:24:54 --> Loader Class Initialized
INFO - 2025-03-20 01:24:54 --> Helper loaded: url_helper
INFO - 2025-03-20 01:24:54 --> Helper loaded: easyui_helper
INFO - 2025-03-20 01:24:54 --> Helper loaded: param_helper
INFO - 2025-03-20 01:24:54 --> Helper loaded: credential_helper
INFO - 2025-03-20 01:24:54 --> Helper loaded: template_helper
INFO - 2025-03-20 01:24:54 --> Helper loaded: rest_helper
INFO - 2025-03-20 01:24:54 --> Database Driver Class Initialized
DEBUG - 2025-03-20 01:24:54 --> Idgenerator class already loaded. Second attempt ignored.
INFO - 2025-03-20 01:24:54 --> Controller Class Initialized
INFO - 2025-03-20 01:24:54 --> Model Class Initialized
DEBUG - 2025-03-20 01:24:54 --> File loaded: /apps/web-drc/application/modules/visibility_program_active/models/Visibility_program_model.php
INFO - 2025-03-20 01:24:54 --> Model Class Initialized
DEBUG - 2025-03-20 01:24:54 --> File loaded: /apps/web-drc/application/modules/visibility_program_active/views/form.php
DEBUG - 2025-03-20 01:24:54 --> File loaded: /apps/web-drc/application/views/templates/header.php
DEBUG - 2025-03-20 01:24:54 --> File loaded: /apps/web-drc/application/views/templates/toolbar.php
DEBUG - 2025-03-20 01:24:54 --> File loaded: /apps/web-drc/application/views/templates/sidebar.php
DEBUG - 2025-03-20 01:24:54 --> File loaded: /apps/web-drc/application/views/templates/contents.php
DEBUG - 2025-03-20 01:24:54 --> File loaded: /apps/web-drc/application/views/templates/content_footer.php
DEBUG - 2025-03-20 01:24:54 --> File loaded: /apps/web-drc/application/views/templates/footer.php
DEBUG - 2025-03-20 01:24:54 --> File loaded: /apps/web-drc/application/views/templates/default.php
INFO - 2025-03-20 01:24:54 --> Final output sent to browser
DEBUG - 2025-03-20 01:24:54 --> Total execution time: 0.0072
INFO - 2025-03-20 01:24:54 --> Config Class Initialized
INFO - 2025-03-20 01:24:54 --> Hooks Class Initialized
DEBUG - 2025-03-20 01:24:54 --> UTF-8 Support Enabled
INFO - 2025-03-20 01:24:54 --> Utf8 Class Initialized
INFO - 2025-03-20 01:24:54 --> URI Class Initialized
INFO - 2025-03-20 01:24:54 --> Router Class Initialized
INFO - 2025-03-20 01:24:54 --> Output Class Initialized
INFO - 2025-03-20 01:24:54 --> Security Class Initialized
DEBUG - 2025-03-20 01:24:54 --> Global POST, GET and COOKIE data sanitized
INFO - 2025-03-20 01:24:54 --> Input Class Initialized
INFO - 2025-03-20 01:24:54 --> Language Class Initialized
ERROR - 2025-03-20 01:24:54 --> 404 Page Not Found: /index
INFO - 2025-03-20 01:24:54 --> Config Class Initialized
INFO - 2025-03-20 01:24:54 --> Hooks Class Initialized
DEBUG - 2025-03-20 01:24:54 --> UTF-8 Support Enabled
INFO - 2025-03-20 01:24:54 --> Utf8 Class Initialized
INFO - 2025-03-20 01:24:54 --> URI Class Initialized
INFO - 2025-03-20 01:24:54 --> Router Class Initialized
INFO - 2025-03-20 01:24:54 --> Output Class Initialized
INFO - 2025-03-20 01:24:54 --> Security Class Initialized
DEBUG - 2025-03-20 01:24:54 --> Global POST, GET and COOKIE data sanitized
INFO - 2025-03-20 01:24:54 --> Input Class Initialized
INFO - 2025-03-20 01:24:54 --> Language Class Initialized
INFO - 2025-03-20 01:24:54 --> Language Class Initialized
INFO - 2025-03-20 01:24:54 --> Config Class Initialized
INFO - 2025-03-20 01:24:54 --> Loader Class Initialized
INFO - 2025-03-20 01:24:54 --> Helper loaded: url_helper
INFO - 2025-03-20 01:24:54 --> Helper loaded: easyui_helper
INFO - 2025-03-20 01:24:54 --> Helper loaded: param_helper
INFO - 2025-03-20 01:24:54 --> Helper loaded: credential_helper
INFO - 2025-03-20 01:24:54 --> Helper loaded: template_helper
INFO - 2025-03-20 01:24:54 --> Helper loaded: rest_helper
INFO - 2025-03-20 01:24:54 --> Database Driver Class Initialized
DEBUG - 2025-03-20 01:24:54 --> Idgenerator class already loaded. Second attempt ignored.
INFO - 2025-03-20 01:24:54 --> Controller Class Initialized
INFO - 2025-03-20 01:24:54 --> Model Class Initialized
DEBUG - 2025-03-20 01:24:54 --> File loaded: /apps/web-drc/application/modules/api_v1/models/Api_v1_model.php
INFO - 2025-03-20 01:24:54 --> Model Class Initialized
INFO - 2025-03-20 01:24:54 --> Final output sent to browser
DEBUG - 2025-03-20 01:24:54 --> Total execution time: 0.0031
INFO - 2025-03-20 01:25:17 --> Config Class Initialized
INFO - 2025-03-20 01:25:17 --> Hooks Class Initialized
DEBUG - 2025-03-20 01:25:17 --> UTF-8 Support Enabled
INFO - 2025-03-20 01:25:17 --> Utf8 Class Initialized
INFO - 2025-03-20 01:25:17 --> URI Class Initialized
INFO - 2025-03-20 01:25:17 --> Router Class Initialized
INFO - 2025-03-20 01:25:17 --> Output Class Initialized
INFO - 2025-03-20 01:25:17 --> Security Class Initialized
DEBUG - 2025-03-20 01:25:17 --> Global POST, GET and COOKIE data sanitized
INFO - 2025-03-20 01:25:17 --> Input Class Initialized
INFO - 2025-03-20 01:25:17 --> Language Class Initialized
INFO - 2025-03-20 01:25:17 --> Language Class Initialized
INFO - 2025-03-20 01:25:17 --> Config Class Initialized
INFO - 2025-03-20 01:25:17 --> Loader Class Initialized
INFO - 2025-03-20 01:25:17 --> Helper loaded: url_helper
INFO - 2025-03-20 01:25:17 --> Helper loaded: easyui_helper
INFO - 2025-03-20 01:25:17 --> Helper loaded: param_helper
INFO - 2025-03-20 01:25:17 --> Helper loaded: credential_helper
INFO - 2025-03-20 01:25:17 --> Helper loaded: template_helper
INFO - 2025-03-20 01:25:17 --> Helper loaded: rest_helper
INFO - 2025-03-20 01:25:17 --> Database Driver Class Initialized
DEBUG - 2025-03-20 01:25:17 --> Idgenerator class already loaded. Second attempt ignored.
INFO - 2025-03-20 01:25:17 --> Controller Class Initialized
INFO - 2025-03-20 01:25:17 --> Model Class Initialized
DEBUG - 2025-03-20 01:25:17 --> File loaded: /apps/web-drc/application/modules/visibility_program_active/models/Visibility_program_model.php
INFO - 2025-03-20 01:25:17 --> Model Class Initialized
ERROR - 2025-03-20 01:25:17 --> Query error: Unknown column 'start_periode' in 'field list' - Invalid query: INSERT INTO `visibility_scheme_program` (`program_name`, `description`, `start_periode`, `end_periode`, `qty_submit_photo`, `created_by`, `created_date`) VALUES ('Test program', 'test sku list', '2025-03-20', '2025-03-20', '100', 'admin', '2025-03-19 18:25:17')
INFO - 2025-03-20 01:27:32 --> Config Class Initialized
INFO - 2025-03-20 01:27:32 --> Hooks Class Initialized
DEBUG - 2025-03-20 01:27:32 --> UTF-8 Support Enabled
INFO - 2025-03-20 01:27:32 --> Utf8 Class Initialized
INFO - 2025-03-20 01:27:32 --> URI Class Initialized
INFO - 2025-03-20 01:27:32 --> Router Class Initialized
INFO - 2025-03-20 01:27:32 --> Output Class Initialized
INFO - 2025-03-20 01:27:32 --> Security Class Initialized
DEBUG - 2025-03-20 01:27:32 --> Global POST, GET and COOKIE data sanitized
INFO - 2025-03-20 01:27:32 --> Input Class Initialized
INFO - 2025-03-20 01:27:32 --> Language Class Initialized
INFO - 2025-03-20 01:27:32 --> Language Class Initialized
INFO - 2025-03-20 01:27:32 --> Config Class Initialized
INFO - 2025-03-20 01:27:32 --> Loader Class Initialized
INFO - 2025-03-20 01:27:32 --> Helper loaded: url_helper
INFO - 2025-03-20 01:27:32 --> Helper loaded: easyui_helper
INFO - 2025-03-20 01:27:32 --> Helper loaded: param_helper
INFO - 2025-03-20 01:27:32 --> Helper loaded: credential_helper
INFO - 2025-03-20 01:27:32 --> Helper loaded: template_helper
INFO - 2025-03-20 01:27:32 --> Helper loaded: rest_helper
INFO - 2025-03-20 01:27:32 --> Database Driver Class Initialized
DEBUG - 2025-03-20 01:27:32 --> Idgenerator class already loaded. Second attempt ignored.
INFO - 2025-03-20 01:27:32 --> Controller Class Initialized
INFO - 2025-03-20 01:27:32 --> Model Class Initialized
DEBUG - 2025-03-20 01:27:32 --> File loaded: /apps/web-drc/application/modules/visibility_program_active/models/Visibility_program_model.php
INFO - 2025-03-20 01:27:32 --> Model Class Initialized
DEBUG - 2025-03-20 01:27:32 --> File loaded: /apps/web-drc/application/modules/visibility_program_active/views/form.php
DEBUG - 2025-03-20 01:27:32 --> File loaded: /apps/web-drc/application/views/templates/header.php
DEBUG - 2025-03-20 01:27:32 --> File loaded: /apps/web-drc/application/views/templates/toolbar.php
DEBUG - 2025-03-20 01:27:32 --> File loaded: /apps/web-drc/application/views/templates/sidebar.php
DEBUG - 2025-03-20 01:27:32 --> File loaded: /apps/web-drc/application/views/templates/contents.php
DEBUG - 2025-03-20 01:27:32 --> File loaded: /apps/web-drc/application/views/templates/content_footer.php
DEBUG - 2025-03-20 01:27:32 --> File loaded: /apps/web-drc/application/views/templates/footer.php
DEBUG - 2025-03-20 01:27:32 --> File loaded: /apps/web-drc/application/views/templates/default.php
INFO - 2025-03-20 01:27:32 --> Final output sent to browser
DEBUG - 2025-03-20 01:27:32 --> Total execution time: 0.0068
INFO - 2025-03-20 01:27:35 --> Config Class Initialized
INFO - 2025-03-20 01:27:35 --> Hooks Class Initialized
DEBUG - 2025-03-20 01:27:35 --> UTF-8 Support Enabled
INFO - 2025-03-20 01:27:35 --> Utf8 Class Initialized
INFO - 2025-03-20 01:27:35 --> URI Class Initialized
INFO - 2025-03-20 01:27:35 --> Router Class Initialized
INFO - 2025-03-20 01:27:35 --> Output Class Initialized
INFO - 2025-03-20 01:27:35 --> Security Class Initialized
DEBUG - 2025-03-20 01:27:35 --> Global POST, GET and COOKIE data sanitized
INFO - 2025-03-20 01:27:35 --> Input Class Initialized
INFO - 2025-03-20 01:27:35 --> Language Class Initialized
ERROR - 2025-03-20 01:27:35 --> 404 Page Not Found: /index
INFO - 2025-03-20 01:27:35 --> Config Class Initialized
INFO - 2025-03-20 01:27:35 --> Hooks Class Initialized
DEBUG - 2025-03-20 01:27:35 --> UTF-8 Support Enabled
INFO - 2025-03-20 01:27:35 --> Utf8 Class Initialized
INFO - 2025-03-20 01:27:35 --> URI Class Initialized
INFO - 2025-03-20 01:27:35 --> Router Class Initialized
INFO - 2025-03-20 01:27:35 --> Output Class Initialized
INFO - 2025-03-20 01:27:35 --> Security Class Initialized
DEBUG - 2025-03-20 01:27:35 --> Global POST, GET and COOKIE data sanitized
INFO - 2025-03-20 01:27:35 --> Input Class Initialized
INFO - 2025-03-20 01:27:35 --> Language Class Initialized
INFO - 2025-03-20 01:27:35 --> Language Class Initialized
INFO - 2025-03-20 01:27:35 --> Config Class Initialized
INFO - 2025-03-20 01:27:35 --> Loader Class Initialized
INFO - 2025-03-20 01:27:35 --> Helper loaded: url_helper
INFO - 2025-03-20 01:27:35 --> Helper loaded: easyui_helper
INFO - 2025-03-20 01:27:35 --> Helper loaded: param_helper
INFO - 2025-03-20 01:27:35 --> Helper loaded: credential_helper
INFO - 2025-03-20 01:27:35 --> Helper loaded: template_helper
INFO - 2025-03-20 01:27:35 --> Helper loaded: rest_helper
INFO - 2025-03-20 01:27:35 --> Database Driver Class Initialized
DEBUG - 2025-03-20 01:27:35 --> Idgenerator class already loaded. Second attempt ignored.
INFO - 2025-03-20 01:27:35 --> Controller Class Initialized
INFO - 2025-03-20 01:27:35 --> Model Class Initialized
DEBUG - 2025-03-20 01:27:35 --> File loaded: /apps/web-drc/application/modules/api_v1/models/Api_v1_model.php
INFO - 2025-03-20 01:27:35 --> Model Class Initialized
INFO - 2025-03-20 01:27:35 --> Final output sent to browser
DEBUG - 2025-03-20 01:27:35 --> Total execution time: 0.0037
INFO - 2025-03-20 01:27:36 --> Config Class Initialized
INFO - 2025-03-20 01:27:36 --> Hooks Class Initialized
DEBUG - 2025-03-20 01:27:36 --> UTF-8 Support Enabled
INFO - 2025-03-20 01:27:36 --> Utf8 Class Initialized
INFO - 2025-03-20 01:27:36 --> URI Class Initialized
INFO - 2025-03-20 01:27:36 --> Router Class Initialized
INFO - 2025-03-20 01:27:36 --> Output Class Initialized
INFO - 2025-03-20 01:27:36 --> Security Class Initialized
DEBUG - 2025-03-20 01:27:36 --> Global POST, GET and COOKIE data sanitized
INFO - 2025-03-20 01:27:36 --> Input Class Initialized
INFO - 2025-03-20 01:27:36 --> Language Class Initialized
ERROR - 2025-03-20 01:27:36 --> 404 Page Not Found: /index
INFO - 2025-03-20 01:27:55 --> Config Class Initialized
INFO - 2025-03-20 01:27:55 --> Hooks Class Initialized
DEBUG - 2025-03-20 01:27:55 --> UTF-8 Support Enabled
INFO - 2025-03-20 01:27:55 --> Utf8 Class Initialized
INFO - 2025-03-20 01:27:55 --> URI Class Initialized
INFO - 2025-03-20 01:27:55 --> Router Class Initialized
INFO - 2025-03-20 01:27:55 --> Output Class Initialized
INFO - 2025-03-20 01:27:55 --> Security Class Initialized
DEBUG - 2025-03-20 01:27:55 --> Global POST, GET and COOKIE data sanitized
INFO - 2025-03-20 01:27:55 --> Input Class Initialized
INFO - 2025-03-20 01:27:55 --> Language Class Initialized
INFO - 2025-03-20 01:27:55 --> Language Class Initialized
INFO - 2025-03-20 01:27:55 --> Config Class Initialized
INFO - 2025-03-20 01:27:55 --> Loader Class Initialized
INFO - 2025-03-20 01:27:55 --> Helper loaded: url_helper
INFO - 2025-03-20 01:27:55 --> Helper loaded: easyui_helper
INFO - 2025-03-20 01:27:55 --> Helper loaded: param_helper
INFO - 2025-03-20 01:27:55 --> Helper loaded: credential_helper
INFO - 2025-03-20 01:27:55 --> Helper loaded: template_helper
INFO - 2025-03-20 01:27:55 --> Helper loaded: rest_helper
INFO - 2025-03-20 01:27:55 --> Database Driver Class Initialized
DEBUG - 2025-03-20 01:27:55 --> Idgenerator class already loaded. Second attempt ignored.
INFO - 2025-03-20 01:27:55 --> Controller Class Initialized
INFO - 2025-03-20 01:27:55 --> Model Class Initialized
DEBUG - 2025-03-20 01:27:55 --> File loaded: /apps/web-drc/application/modules/visibility_program_active/models/Visibility_program_model.php
INFO - 2025-03-20 01:27:55 --> Model Class Initialized
INFO - 2025-03-20 01:28:32 --> Config Class Initialized
INFO - 2025-03-20 01:28:32 --> Hooks Class Initialized
DEBUG - 2025-03-20 01:28:32 --> UTF-8 Support Enabled
INFO - 2025-03-20 01:28:32 --> Utf8 Class Initialized
INFO - 2025-03-20 01:28:32 --> URI Class Initialized
INFO - 2025-03-20 01:28:32 --> Router Class Initialized
INFO - 2025-03-20 01:28:32 --> Output Class Initialized
INFO - 2025-03-20 01:28:32 --> Security Class Initialized
DEBUG - 2025-03-20 01:28:32 --> Global POST, GET and COOKIE data sanitized
INFO - 2025-03-20 01:28:32 --> Input Class Initialized
INFO - 2025-03-20 01:28:32 --> Language Class Initialized
INFO - 2025-03-20 01:28:32 --> Language Class Initialized
INFO - 2025-03-20 01:28:32 --> Config Class Initialized
INFO - 2025-03-20 01:28:32 --> Loader Class Initialized
INFO - 2025-03-20 01:28:32 --> Helper loaded: url_helper
INFO - 2025-03-20 01:28:32 --> Helper loaded: easyui_helper
INFO - 2025-03-20 01:28:32 --> Helper loaded: param_helper
INFO - 2025-03-20 01:28:32 --> Helper loaded: credential_helper
INFO - 2025-03-20 01:28:32 --> Helper loaded: template_helper
INFO - 2025-03-20 01:28:32 --> Helper loaded: rest_helper
INFO - 2025-03-20 01:28:32 --> Database Driver Class Initialized
DEBUG - 2025-03-20 01:28:32 --> Idgenerator class already loaded. Second attempt ignored.
INFO - 2025-03-20 01:28:32 --> Controller Class Initialized
INFO - 2025-03-20 01:28:32 --> Model Class Initialized
DEBUG - 2025-03-20 01:28:32 --> File loaded: /apps/web-drc/application/modules/visibility_program_active/models/Visibility_program_model.php
INFO - 2025-03-20 01:28:32 --> Model Class Initialized
INFO - 2025-03-20 01:28:32 --> Final output sent to browser
DEBUG - 2025-03-20 01:28:32 --> Total execution time: 0.0064
INFO - 2025-03-20 01:28:32 --> Config Class Initialized
INFO - 2025-03-20 01:28:32 --> Hooks Class Initialized
DEBUG - 2025-03-20 01:28:32 --> UTF-8 Support Enabled
INFO - 2025-03-20 01:28:32 --> Utf8 Class Initialized
INFO - 2025-03-20 01:28:32 --> URI Class Initialized
INFO - 2025-03-20 01:28:32 --> Router Class Initialized
INFO - 2025-03-20 01:28:32 --> Output Class Initialized
INFO - 2025-03-20 01:28:32 --> Security Class Initialized
DEBUG - 2025-03-20 01:28:32 --> Global POST, GET and COOKIE data sanitized
INFO - 2025-03-20 01:28:32 --> Input Class Initialized
INFO - 2025-03-20 01:28:32 --> Language Class Initialized
INFO - 2025-03-20 01:28:32 --> Language Class Initialized
INFO - 2025-03-20 01:28:32 --> Config Class Initialized
INFO - 2025-03-20 01:28:32 --> Loader Class Initialized
INFO - 2025-03-20 01:28:32 --> Helper loaded: url_helper
INFO - 2025-03-20 01:28:32 --> Helper loaded: easyui_helper
INFO - 2025-03-20 01:28:32 --> Helper loaded: param_helper
INFO - 2025-03-20 01:28:32 --> Helper loaded: credential_helper
INFO - 2025-03-20 01:28:32 --> Helper loaded: template_helper
INFO - 2025-03-20 01:28:32 --> Helper loaded: rest_helper
INFO - 2025-03-20 01:28:32 --> Database Driver Class Initialized
DEBUG - 2025-03-20 01:28:32 --> Idgenerator class already loaded. Second attempt ignored.
INFO - 2025-03-20 01:28:32 --> Controller Class Initialized
INFO - 2025-03-20 01:28:32 --> Model Class Initialized
DEBUG - 2025-03-20 01:28:32 --> File loaded: /apps/web-drc/application/modules/visibility_program_active/models/Visibility_program_model.php
INFO - 2025-03-20 01:28:32 --> Model Class Initialized
DEBUG - 2025-03-20 01:28:32 --> File loaded: /apps/web-drc/application/modules/visibility_program_active/views/content.php
DEBUG - 2025-03-20 01:28:32 --> File loaded: /apps/web-drc/application/views/templates/header.php
DEBUG - 2025-03-20 01:28:32 --> File loaded: /apps/web-drc/application/views/templates/toolbar.php
DEBUG - 2025-03-20 01:28:32 --> File loaded: /apps/web-drc/application/views/templates/sidebar.php
DEBUG - 2025-03-20 01:28:32 --> File loaded: /apps/web-drc/application/views/templates/contents.php
DEBUG - 2025-03-20 01:28:32 --> File loaded: /apps/web-drc/application/views/templates/content_footer.php
DEBUG - 2025-03-20 01:28:32 --> File loaded: /apps/web-drc/application/views/templates/footer.php
DEBUG - 2025-03-20 01:28:32 --> File loaded: /apps/web-drc/application/views/templates/default.php
INFO - 2025-03-20 01:28:32 --> Final output sent to browser
DEBUG - 2025-03-20 01:28:32 --> Total execution time: 0.0064
INFO - 2025-03-20 01:28:33 --> Config Class Initialized
INFO - 2025-03-20 01:28:33 --> Hooks Class Initialized
DEBUG - 2025-03-20 01:28:33 --> UTF-8 Support Enabled
INFO - 2025-03-20 01:28:33 --> Utf8 Class Initialized
INFO - 2025-03-20 01:28:33 --> URI Class Initialized
INFO - 2025-03-20 01:28:33 --> Router Class Initialized
INFO - 2025-03-20 01:28:33 --> Output Class Initialized
INFO - 2025-03-20 01:28:33 --> Security Class Initialized
DEBUG - 2025-03-20 01:28:33 --> Global POST, GET and COOKIE data sanitized
INFO - 2025-03-20 01:28:33 --> Input Class Initialized
INFO - 2025-03-20 01:28:33 --> Language Class Initialized
ERROR - 2025-03-20 01:28:33 --> 404 Page Not Found: /index
INFO - 2025-03-20 01:28:33 --> Config Class Initialized
INFO - 2025-03-20 01:28:33 --> Hooks Class Initialized
DEBUG - 2025-03-20 01:28:33 --> UTF-8 Support Enabled
INFO - 2025-03-20 01:28:33 --> Utf8 Class Initialized
INFO - 2025-03-20 01:28:33 --> URI Class Initialized
INFO - 2025-03-20 01:28:33 --> Router Class Initialized
INFO - 2025-03-20 01:28:33 --> Output Class Initialized
INFO - 2025-03-20 01:28:33 --> Security Class Initialized
DEBUG - 2025-03-20 01:28:33 --> Global POST, GET and COOKIE data sanitized
INFO - 2025-03-20 01:28:33 --> Input Class Initialized
INFO - 2025-03-20 01:28:33 --> Language Class Initialized
INFO - 2025-03-20 01:28:33 --> Language Class Initialized
INFO - 2025-03-20 01:28:33 --> Config Class Initialized
INFO - 2025-03-20 01:28:33 --> Loader Class Initialized
INFO - 2025-03-20 01:28:33 --> Helper loaded: url_helper
INFO - 2025-03-20 01:28:33 --> Helper loaded: easyui_helper
INFO - 2025-03-20 01:28:33 --> Helper loaded: param_helper
INFO - 2025-03-20 01:28:33 --> Helper loaded: credential_helper
INFO - 2025-03-20 01:28:33 --> Helper loaded: template_helper
INFO - 2025-03-20 01:28:33 --> Helper loaded: rest_helper
INFO - 2025-03-20 01:28:33 --> Database Driver Class Initialized
DEBUG - 2025-03-20 01:28:33 --> Idgenerator class already loaded. Second attempt ignored.
INFO - 2025-03-20 01:28:33 --> Controller Class Initialized
INFO - 2025-03-20 01:28:33 --> Model Class Initialized
DEBUG - 2025-03-20 01:28:33 --> File loaded: /apps/web-drc/application/modules/visibility_program_active/models/Visibility_program_model.php
INFO - 2025-03-20 01:28:33 --> Model Class Initialized
INFO - 2025-03-20 01:28:33 --> Final output sent to browser
DEBUG - 2025-03-20 01:28:33 --> Total execution time: 0.0066
INFO - 2025-03-20 01:29:20 --> Config Class Initialized
INFO - 2025-03-20 01:29:20 --> Hooks Class Initialized
DEBUG - 2025-03-20 01:29:20 --> UTF-8 Support Enabled
INFO - 2025-03-20 01:29:20 --> Utf8 Class Initialized
INFO - 2025-03-20 01:29:20 --> URI Class Initialized
INFO - 2025-03-20 01:29:20 --> Router Class Initialized
INFO - 2025-03-20 01:29:20 --> Output Class Initialized
INFO - 2025-03-20 01:29:20 --> Security Class Initialized
DEBUG - 2025-03-20 01:29:20 --> Global POST, GET and COOKIE data sanitized
INFO - 2025-03-20 01:29:20 --> Input Class Initialized
INFO - 2025-03-20 01:29:20 --> Language Class Initialized
INFO - 2025-03-20 01:29:20 --> Language Class Initialized
INFO - 2025-03-20 01:29:20 --> Config Class Initialized
INFO - 2025-03-20 01:29:20 --> Loader Class Initialized
INFO - 2025-03-20 01:29:20 --> Helper loaded: url_helper
INFO - 2025-03-20 01:29:20 --> Helper loaded: easyui_helper
INFO - 2025-03-20 01:29:20 --> Helper loaded: param_helper
INFO - 2025-03-20 01:29:20 --> Helper loaded: credential_helper
INFO - 2025-03-20 01:29:20 --> Helper loaded: template_helper
INFO - 2025-03-20 01:29:20 --> Helper loaded: rest_helper
INFO - 2025-03-20 01:29:20 --> Database Driver Class Initialized
DEBUG - 2025-03-20 01:29:20 --> Idgenerator class already loaded. Second attempt ignored.
INFO - 2025-03-20 01:29:20 --> Controller Class Initialized
INFO - 2025-03-20 01:29:20 --> Model Class Initialized
DEBUG - 2025-03-20 01:29:20 --> File loaded: /apps/web-drc/application/modules/visibility_program_active/models/Visibility_program_model.php
INFO - 2025-03-20 01:29:20 --> Model Class Initialized
DEBUG - 2025-03-20 01:29:20 --> File loaded: /apps/web-drc/application/modules/visibility_program_active/views/content.php
DEBUG - 2025-03-20 01:29:20 --> File loaded: /apps/web-drc/application/views/templates/header.php
DEBUG - 2025-03-20 01:29:20 --> File loaded: /apps/web-drc/application/views/templates/toolbar.php
DEBUG - 2025-03-20 01:29:20 --> File loaded: /apps/web-drc/application/views/templates/sidebar.php
DEBUG - 2025-03-20 01:29:20 --> File loaded: /apps/web-drc/application/views/templates/contents.php
DEBUG - 2025-03-20 01:29:20 --> File loaded: /apps/web-drc/application/views/templates/content_footer.php
DEBUG - 2025-03-20 01:29:20 --> File loaded: /apps/web-drc/application/views/templates/footer.php
DEBUG - 2025-03-20 01:29:20 --> File loaded: /apps/web-drc/application/views/templates/default.php
INFO - 2025-03-20 01:29:20 --> Final output sent to browser
DEBUG - 2025-03-20 01:29:20 --> Total execution time: 0.0072
INFO - 2025-03-20 01:29:23 --> Config Class Initialized
INFO - 2025-03-20 01:29:23 --> Hooks Class Initialized
DEBUG - 2025-03-20 01:29:23 --> UTF-8 Support Enabled
INFO - 2025-03-20 01:29:23 --> Utf8 Class Initialized
INFO - 2025-03-20 01:29:23 --> URI Class Initialized
INFO - 2025-03-20 01:29:23 --> Router Class Initialized
INFO - 2025-03-20 01:29:23 --> Output Class Initialized
INFO - 2025-03-20 01:29:23 --> Security Class Initialized
DEBUG - 2025-03-20 01:29:23 --> Global POST, GET and COOKIE data sanitized
INFO - 2025-03-20 01:29:23 --> Input Class Initialized
INFO - 2025-03-20 01:29:23 --> Language Class Initialized
ERROR - 2025-03-20 01:29:23 --> 404 Page Not Found: /index
INFO - 2025-03-20 01:29:24 --> Config Class Initialized
INFO - 2025-03-20 01:29:24 --> Hooks Class Initialized
DEBUG - 2025-03-20 01:29:24 --> UTF-8 Support Enabled
INFO - 2025-03-20 01:29:24 --> Utf8 Class Initialized
INFO - 2025-03-20 01:29:24 --> URI Class Initialized
INFO - 2025-03-20 01:29:24 --> Router Class Initialized
INFO - 2025-03-20 01:29:24 --> Output Class Initialized
INFO - 2025-03-20 01:29:24 --> Security Class Initialized
DEBUG - 2025-03-20 01:29:24 --> Global POST, GET and COOKIE data sanitized
INFO - 2025-03-20 01:29:24 --> Input Class Initialized
INFO - 2025-03-20 01:29:24 --> Language Class Initialized
INFO - 2025-03-20 01:29:24 --> Language Class Initialized
INFO - 2025-03-20 01:29:24 --> Config Class Initialized
INFO - 2025-03-20 01:29:24 --> Loader Class Initialized
INFO - 2025-03-20 01:29:24 --> Helper loaded: url_helper
INFO - 2025-03-20 01:29:24 --> Helper loaded: easyui_helper
INFO - 2025-03-20 01:29:24 --> Helper loaded: param_helper
INFO - 2025-03-20 01:29:24 --> Helper loaded: credential_helper
INFO - 2025-03-20 01:29:24 --> Helper loaded: template_helper
INFO - 2025-03-20 01:29:24 --> Helper loaded: rest_helper
INFO - 2025-03-20 01:29:24 --> Database Driver Class Initialized
DEBUG - 2025-03-20 01:29:24 --> Idgenerator class already loaded. Second attempt ignored.
INFO - 2025-03-20 01:29:24 --> Controller Class Initialized
INFO - 2025-03-20 01:29:24 --> Model Class Initialized
DEBUG - 2025-03-20 01:29:24 --> File loaded: /apps/web-drc/application/modules/visibility_program_active/models/Visibility_program_model.php
INFO - 2025-03-20 01:29:24 --> Model Class Initialized
INFO - 2025-03-20 01:29:24 --> Final output sent to browser
DEBUG - 2025-03-20 01:29:24 --> Total execution time: 0.0053
INFO - 2025-03-20 01:29:25 --> Config Class Initialized
INFO - 2025-03-20 01:29:25 --> Hooks Class Initialized
DEBUG - 2025-03-20 01:29:25 --> UTF-8 Support Enabled
INFO - 2025-03-20 01:29:25 --> Utf8 Class Initialized
INFO - 2025-03-20 01:29:25 --> URI Class Initialized
INFO - 2025-03-20 01:29:25 --> Router Class Initialized
INFO - 2025-03-20 01:29:25 --> Output Class Initialized
INFO - 2025-03-20 01:29:25 --> Security Class Initialized
DEBUG - 2025-03-20 01:29:25 --> Global POST, GET and COOKIE data sanitized
INFO - 2025-03-20 01:29:25 --> Input Class Initialized
INFO - 2025-03-20 01:29:25 --> Language Class Initialized
ERROR - 2025-03-20 01:29:25 --> 404 Page Not Found: /index
INFO - 2025-03-20 01:29:34 --> Config Class Initialized
INFO - 2025-03-20 01:29:34 --> Hooks Class Initialized
DEBUG - 2025-03-20 01:29:34 --> UTF-8 Support Enabled
INFO - 2025-03-20 01:29:34 --> Utf8 Class Initialized
INFO - 2025-03-20 01:29:34 --> URI Class Initialized
INFO - 2025-03-20 01:29:34 --> Router Class Initialized
INFO - 2025-03-20 01:29:34 --> Output Class Initialized
INFO - 2025-03-20 01:29:34 --> Security Class Initialized
DEBUG - 2025-03-20 01:29:34 --> Global POST, GET and COOKIE data sanitized
INFO - 2025-03-20 01:29:34 --> Input Class Initialized
INFO - 2025-03-20 01:29:34 --> Language Class Initialized
INFO - 2025-03-20 01:29:34 --> Language Class Initialized
INFO - 2025-03-20 01:29:34 --> Config Class Initialized
INFO - 2025-03-20 01:29:34 --> Loader Class Initialized
INFO - 2025-03-20 01:29:34 --> Helper loaded: url_helper
INFO - 2025-03-20 01:29:34 --> Helper loaded: easyui_helper
INFO - 2025-03-20 01:29:34 --> Helper loaded: param_helper
INFO - 2025-03-20 01:29:34 --> Helper loaded: credential_helper
INFO - 2025-03-20 01:29:34 --> Helper loaded: template_helper
INFO - 2025-03-20 01:29:34 --> Helper loaded: rest_helper
INFO - 2025-03-20 01:29:34 --> Database Driver Class Initialized
DEBUG - 2025-03-20 01:29:34 --> Idgenerator class already loaded. Second attempt ignored.
INFO - 2025-03-20 01:29:34 --> Controller Class Initialized
INFO - 2025-03-20 01:29:34 --> Model Class Initialized
DEBUG - 2025-03-20 01:29:34 --> File loaded: /apps/web-drc/application/modules/visibility_program_active/models/Visibility_program_model.php
INFO - 2025-03-20 01:29:34 --> Model Class Initialized
DEBUG - 2025-03-20 01:29:34 --> File loaded: /apps/web-drc/application/modules/visibility_program_active/views/form.php
DEBUG - 2025-03-20 01:29:34 --> File loaded: /apps/web-drc/application/views/templates/header.php
DEBUG - 2025-03-20 01:29:34 --> File loaded: /apps/web-drc/application/views/templates/toolbar.php
DEBUG - 2025-03-20 01:29:34 --> File loaded: /apps/web-drc/application/views/templates/sidebar.php
DEBUG - 2025-03-20 01:29:34 --> File loaded: /apps/web-drc/application/views/templates/contents.php
DEBUG - 2025-03-20 01:29:34 --> File loaded: /apps/web-drc/application/views/templates/content_footer.php
DEBUG - 2025-03-20 01:29:34 --> File loaded: /apps/web-drc/application/views/templates/footer.php
DEBUG - 2025-03-20 01:29:34 --> File loaded: /apps/web-drc/application/views/templates/default.php
INFO - 2025-03-20 01:29:34 --> Final output sent to browser
DEBUG - 2025-03-20 01:29:34 --> Total execution time: 0.0083
INFO - 2025-03-20 01:29:35 --> Config Class Initialized
INFO - 2025-03-20 01:29:35 --> Hooks Class Initialized
DEBUG - 2025-03-20 01:29:35 --> UTF-8 Support Enabled
INFO - 2025-03-20 01:29:35 --> Utf8 Class Initialized
INFO - 2025-03-20 01:29:35 --> URI Class Initialized
INFO - 2025-03-20 01:29:35 --> Router Class Initialized
INFO - 2025-03-20 01:29:35 --> Output Class Initialized
INFO - 2025-03-20 01:29:35 --> Security Class Initialized
DEBUG - 2025-03-20 01:29:35 --> Global POST, GET and COOKIE data sanitized
INFO - 2025-03-20 01:29:35 --> Input Class Initialized
INFO - 2025-03-20 01:29:35 --> Language Class Initialized
ERROR - 2025-03-20 01:29:35 --> 404 Page Not Found: /index
INFO - 2025-03-20 01:29:35 --> Config Class Initialized
INFO - 2025-03-20 01:29:35 --> Hooks Class Initialized
DEBUG - 2025-03-20 01:29:35 --> UTF-8 Support Enabled
INFO - 2025-03-20 01:29:35 --> Utf8 Class Initialized
INFO - 2025-03-20 01:29:35 --> URI Class Initialized
INFO - 2025-03-20 01:29:35 --> Router Class Initialized
INFO - 2025-03-20 01:29:35 --> Output Class Initialized
INFO - 2025-03-20 01:29:35 --> Security Class Initialized
DEBUG - 2025-03-20 01:29:35 --> Global POST, GET and COOKIE data sanitized
INFO - 2025-03-20 01:29:35 --> Input Class Initialized
INFO - 2025-03-20 01:29:35 --> Language Class Initialized
INFO - 2025-03-20 01:29:35 --> Language Class Initialized
INFO - 2025-03-20 01:29:35 --> Config Class Initialized
INFO - 2025-03-20 01:29:35 --> Loader Class Initialized
INFO - 2025-03-20 01:29:35 --> Helper loaded: url_helper
INFO - 2025-03-20 01:29:35 --> Helper loaded: easyui_helper
INFO - 2025-03-20 01:29:35 --> Helper loaded: param_helper
INFO - 2025-03-20 01:29:35 --> Helper loaded: credential_helper
INFO - 2025-03-20 01:29:35 --> Helper loaded: template_helper
INFO - 2025-03-20 01:29:35 --> Helper loaded: rest_helper
INFO - 2025-03-20 01:29:35 --> Database Driver Class Initialized
DEBUG - 2025-03-20 01:29:35 --> Idgenerator class already loaded. Second attempt ignored.
INFO - 2025-03-20 01:29:35 --> Controller Class Initialized
INFO - 2025-03-20 01:29:35 --> Model Class Initialized
DEBUG - 2025-03-20 01:29:35 --> File loaded: /apps/web-drc/application/modules/api_v1/models/Api_v1_model.php
INFO - 2025-03-20 01:29:35 --> Model Class Initialized
INFO - 2025-03-20 01:29:35 --> Final output sent to browser
DEBUG - 2025-03-20 01:29:35 --> Total execution time: 0.0031
INFO - 2025-03-20 01:29:43 --> Config Class Initialized
INFO - 2025-03-20 01:29:43 --> Hooks Class Initialized
DEBUG - 2025-03-20 01:29:43 --> UTF-8 Support Enabled
INFO - 2025-03-20 01:29:43 --> Utf8 Class Initialized
INFO - 2025-03-20 01:29:43 --> URI Class Initialized
INFO - 2025-03-20 01:29:43 --> Router Class Initialized
INFO - 2025-03-20 01:29:43 --> Output Class Initialized
INFO - 2025-03-20 01:29:43 --> Security Class Initialized
DEBUG - 2025-03-20 01:29:43 --> Global POST, GET and COOKIE data sanitized
INFO - 2025-03-20 01:29:43 --> Input Class Initialized
INFO - 2025-03-20 01:29:43 --> Language Class Initialized
INFO - 2025-03-20 01:29:43 --> Language Class Initialized
INFO - 2025-03-20 01:29:43 --> Config Class Initialized
INFO - 2025-03-20 01:29:43 --> Loader Class Initialized
INFO - 2025-03-20 01:29:43 --> Helper loaded: url_helper
INFO - 2025-03-20 01:29:43 --> Helper loaded: easyui_helper
INFO - 2025-03-20 01:29:43 --> Helper loaded: param_helper
INFO - 2025-03-20 01:29:43 --> Helper loaded: credential_helper
INFO - 2025-03-20 01:29:43 --> Helper loaded: template_helper
INFO - 2025-03-20 01:29:43 --> Helper loaded: rest_helper
INFO - 2025-03-20 01:29:43 --> Database Driver Class Initialized
DEBUG - 2025-03-20 01:29:43 --> Idgenerator class already loaded. Second attempt ignored.
INFO - 2025-03-20 01:29:43 --> Controller Class Initialized
INFO - 2025-03-20 01:29:43 --> Model Class Initialized
DEBUG - 2025-03-20 01:29:43 --> File loaded: /apps/web-drc/application/modules/visibility_program_active/models/Visibility_program_model.php
INFO - 2025-03-20 01:29:43 --> Model Class Initialized
DEBUG - 2025-03-20 01:29:43 --> File loaded: /apps/web-drc/application/modules/visibility_program_active/views/content.php
DEBUG - 2025-03-20 01:29:43 --> File loaded: /apps/web-drc/application/views/templates/header.php
DEBUG - 2025-03-20 01:29:43 --> File loaded: /apps/web-drc/application/views/templates/toolbar.php
DEBUG - 2025-03-20 01:29:43 --> File loaded: /apps/web-drc/application/views/templates/sidebar.php
DEBUG - 2025-03-20 01:29:43 --> File loaded: /apps/web-drc/application/views/templates/contents.php
DEBUG - 2025-03-20 01:29:43 --> File loaded: /apps/web-drc/application/views/templates/content_footer.php
DEBUG - 2025-03-20 01:29:43 --> File loaded: /apps/web-drc/application/views/templates/footer.php
DEBUG - 2025-03-20 01:29:43 --> File loaded: /apps/web-drc/application/views/templates/default.php
INFO - 2025-03-20 01:29:43 --> Final output sent to browser
DEBUG - 2025-03-20 01:29:43 --> Total execution time: 0.0060
INFO - 2025-03-20 01:29:43 --> Config Class Initialized
INFO - 2025-03-20 01:29:43 --> Hooks Class Initialized
DEBUG - 2025-03-20 01:29:43 --> UTF-8 Support Enabled
INFO - 2025-03-20 01:29:43 --> Utf8 Class Initialized
INFO - 2025-03-20 01:29:43 --> URI Class Initialized
INFO - 2025-03-20 01:29:43 --> Router Class Initialized
INFO - 2025-03-20 01:29:43 --> Output Class Initialized
INFO - 2025-03-20 01:29:43 --> Security Class Initialized
DEBUG - 2025-03-20 01:29:43 --> Global POST, GET and COOKIE data sanitized
INFO - 2025-03-20 01:29:43 --> Input Class Initialized
INFO - 2025-03-20 01:29:43 --> Language Class Initialized
ERROR - 2025-03-20 01:29:43 --> 404 Page Not Found: /index
INFO - 2025-03-20 01:29:43 --> Config Class Initialized
INFO - 2025-03-20 01:29:43 --> Hooks Class Initialized
DEBUG - 2025-03-20 01:29:43 --> UTF-8 Support Enabled
INFO - 2025-03-20 01:29:43 --> Utf8 Class Initialized
INFO - 2025-03-20 01:29:43 --> URI Class Initialized
INFO - 2025-03-20 01:29:43 --> Router Class Initialized
INFO - 2025-03-20 01:29:43 --> Output Class Initialized
INFO - 2025-03-20 01:29:43 --> Security Class Initialized
DEBUG - 2025-03-20 01:29:43 --> Global POST, GET and COOKIE data sanitized
INFO - 2025-03-20 01:29:43 --> Input Class Initialized
INFO - 2025-03-20 01:29:43 --> Language Class Initialized
INFO - 2025-03-20 01:29:43 --> Language Class Initialized
INFO - 2025-03-20 01:29:43 --> Config Class Initialized
INFO - 2025-03-20 01:29:43 --> Loader Class Initialized
INFO - 2025-03-20 01:29:43 --> Helper loaded: url_helper
INFO - 2025-03-20 01:29:43 --> Helper loaded: easyui_helper
INFO - 2025-03-20 01:29:43 --> Helper loaded: param_helper
INFO - 2025-03-20 01:29:43 --> Helper loaded: credential_helper
INFO - 2025-03-20 01:29:43 --> Helper loaded: template_helper
INFO - 2025-03-20 01:29:43 --> Helper loaded: rest_helper
INFO - 2025-03-20 01:29:43 --> Database Driver Class Initialized
DEBUG - 2025-03-20 01:29:43 --> Idgenerator class already loaded. Second attempt ignored.
INFO - 2025-03-20 01:29:43 --> Controller Class Initialized
INFO - 2025-03-20 01:29:43 --> Model Class Initialized
DEBUG - 2025-03-20 01:29:43 --> File loaded: /apps/web-drc/application/modules/visibility_program_active/models/Visibility_program_model.php
INFO - 2025-03-20 01:29:43 --> Model Class Initialized
INFO - 2025-03-20 01:29:43 --> Final output sent to browser
DEBUG - 2025-03-20 01:29:43 --> Total execution time: 0.0080
INFO - 2025-03-20 01:29:46 --> Config Class Initialized
INFO - 2025-03-20 01:29:46 --> Hooks Class Initialized
DEBUG - 2025-03-20 01:29:46 --> UTF-8 Support Enabled
INFO - 2025-03-20 01:29:46 --> Utf8 Class Initialized
INFO - 2025-03-20 01:29:46 --> URI Class Initialized
INFO - 2025-03-20 01:29:46 --> Router Class Initialized
INFO - 2025-03-20 01:29:46 --> Output Class Initialized
INFO - 2025-03-20 01:29:46 --> Security Class Initialized
DEBUG - 2025-03-20 01:29:46 --> Global POST, GET and COOKIE data sanitized
INFO - 2025-03-20 01:29:46 --> Input Class Initialized
INFO - 2025-03-20 01:29:46 --> Language Class Initialized
INFO - 2025-03-20 01:29:46 --> Language Class Initialized
INFO - 2025-03-20 01:29:46 --> Config Class Initialized
INFO - 2025-03-20 01:29:46 --> Loader Class Initialized
INFO - 2025-03-20 01:29:46 --> Helper loaded: url_helper
INFO - 2025-03-20 01:29:46 --> Helper loaded: easyui_helper
INFO - 2025-03-20 01:29:46 --> Helper loaded: param_helper
INFO - 2025-03-20 01:29:46 --> Helper loaded: credential_helper
INFO - 2025-03-20 01:29:46 --> Helper loaded: template_helper
INFO - 2025-03-20 01:29:46 --> Helper loaded: rest_helper
INFO - 2025-03-20 01:29:46 --> Database Driver Class Initialized
DEBUG - 2025-03-20 01:29:46 --> Idgenerator class already loaded. Second attempt ignored.
INFO - 2025-03-20 01:29:46 --> Controller Class Initialized
INFO - 2025-03-20 01:29:46 --> Model Class Initialized
DEBUG - 2025-03-20 01:29:46 --> File loaded: /apps/web-drc/application/modules/visibility_program_active/models/Visibility_program_model.php
INFO - 2025-03-20 01:29:46 --> Model Class Initialized
DEBUG - 2025-03-20 01:29:46 --> File loaded: /apps/web-drc/application/modules/visibility_program_active/views/form.php
DEBUG - 2025-03-20 01:29:46 --> File loaded: /apps/web-drc/application/views/templates/header.php
DEBUG - 2025-03-20 01:29:46 --> File loaded: /apps/web-drc/application/views/templates/toolbar.php
DEBUG - 2025-03-20 01:29:46 --> File loaded: /apps/web-drc/application/views/templates/sidebar.php
DEBUG - 2025-03-20 01:29:46 --> File loaded: /apps/web-drc/application/views/templates/contents.php
DEBUG - 2025-03-20 01:29:46 --> File loaded: /apps/web-drc/application/views/templates/content_footer.php
DEBUG - 2025-03-20 01:29:46 --> File loaded: /apps/web-drc/application/views/templates/footer.php
DEBUG - 2025-03-20 01:29:46 --> File loaded: /apps/web-drc/application/views/templates/default.php
INFO - 2025-03-20 01:29:46 --> Final output sent to browser
DEBUG - 2025-03-20 01:29:46 --> Total execution time: 0.0066
INFO - 2025-03-20 01:29:46 --> Config Class Initialized
INFO - 2025-03-20 01:29:46 --> Hooks Class Initialized
DEBUG - 2025-03-20 01:29:46 --> UTF-8 Support Enabled
INFO - 2025-03-20 01:29:46 --> Utf8 Class Initialized
INFO - 2025-03-20 01:29:46 --> URI Class Initialized
INFO - 2025-03-20 01:29:46 --> Router Class Initialized
INFO - 2025-03-20 01:29:46 --> Output Class Initialized
INFO - 2025-03-20 01:29:46 --> Security Class Initialized
DEBUG - 2025-03-20 01:29:46 --> Global POST, GET and COOKIE data sanitized
INFO - 2025-03-20 01:29:46 --> Input Class Initialized
INFO - 2025-03-20 01:29:46 --> Language Class Initialized
ERROR - 2025-03-20 01:29:46 --> 404 Page Not Found: /index
INFO - 2025-03-20 01:29:46 --> Config Class Initialized
INFO - 2025-03-20 01:29:46 --> Hooks Class Initialized
DEBUG - 2025-03-20 01:29:46 --> UTF-8 Support Enabled
INFO - 2025-03-20 01:29:46 --> Utf8 Class Initialized
INFO - 2025-03-20 01:29:46 --> URI Class Initialized
INFO - 2025-03-20 01:29:46 --> Router Class Initialized
INFO - 2025-03-20 01:29:46 --> Output Class Initialized
INFO - 2025-03-20 01:29:46 --> Security Class Initialized
DEBUG - 2025-03-20 01:29:46 --> Global POST, GET and COOKIE data sanitized
INFO - 2025-03-20 01:29:46 --> Input Class Initialized
INFO - 2025-03-20 01:29:46 --> Language Class Initialized
INFO - 2025-03-20 01:29:46 --> Language Class Initialized
INFO - 2025-03-20 01:29:46 --> Config Class Initialized
INFO - 2025-03-20 01:29:46 --> Loader Class Initialized
INFO - 2025-03-20 01:29:46 --> Helper loaded: url_helper
INFO - 2025-03-20 01:29:46 --> Helper loaded: easyui_helper
INFO - 2025-03-20 01:29:46 --> Helper loaded: param_helper
INFO - 2025-03-20 01:29:46 --> Helper loaded: credential_helper
INFO - 2025-03-20 01:29:46 --> Helper loaded: template_helper
INFO - 2025-03-20 01:29:46 --> Helper loaded: rest_helper
INFO - 2025-03-20 01:29:46 --> Database Driver Class Initialized
DEBUG - 2025-03-20 01:29:46 --> Idgenerator class already loaded. Second attempt ignored.
INFO - 2025-03-20 01:29:46 --> Controller Class Initialized
INFO - 2025-03-20 01:29:46 --> Model Class Initialized
DEBUG - 2025-03-20 01:29:46 --> File loaded: /apps/web-drc/application/modules/api_v1/models/Api_v1_model.php
INFO - 2025-03-20 01:29:46 --> Model Class Initialized
INFO - 2025-03-20 01:29:46 --> Final output sent to browser
DEBUG - 2025-03-20 01:29:46 --> Total execution time: 0.0032
INFO - 2025-03-20 01:32:06 --> Config Class Initialized
INFO - 2025-03-20 01:32:06 --> Hooks Class Initialized
DEBUG - 2025-03-20 01:32:06 --> UTF-8 Support Enabled
INFO - 2025-03-20 01:32:06 --> Utf8 Class Initialized
INFO - 2025-03-20 01:32:06 --> URI Class Initialized
INFO - 2025-03-20 01:32:06 --> Router Class Initialized
INFO - 2025-03-20 01:32:06 --> Output Class Initialized
INFO - 2025-03-20 01:32:06 --> Security Class Initialized
DEBUG - 2025-03-20 01:32:06 --> Global POST, GET and COOKIE data sanitized
INFO - 2025-03-20 01:32:06 --> Input Class Initialized
INFO - 2025-03-20 01:32:06 --> Language Class Initialized
INFO - 2025-03-20 01:32:06 --> Language Class Initialized
INFO - 2025-03-20 01:32:06 --> Config Class Initialized
INFO - 2025-03-20 01:32:06 --> Loader Class Initialized
INFO - 2025-03-20 01:32:06 --> Helper loaded: url_helper
INFO - 2025-03-20 01:32:06 --> Helper loaded: easyui_helper
INFO - 2025-03-20 01:32:06 --> Helper loaded: param_helper
INFO - 2025-03-20 01:32:06 --> Helper loaded: credential_helper
INFO - 2025-03-20 01:32:06 --> Helper loaded: template_helper
INFO - 2025-03-20 01:32:06 --> Helper loaded: rest_helper
INFO - 2025-03-20 01:32:06 --> Database Driver Class Initialized
DEBUG - 2025-03-20 01:32:06 --> Idgenerator class already loaded. Second attempt ignored.
INFO - 2025-03-20 01:32:06 --> Controller Class Initialized
INFO - 2025-03-20 01:32:06 --> Model Class Initialized
DEBUG - 2025-03-20 01:32:06 --> File loaded: /apps/web-drc/application/modules/visibility_program_active/models/Visibility_program_model.php
INFO - 2025-03-20 01:32:06 --> Model Class Initialized
DEBUG - 2025-03-20 01:32:06 --> File loaded: /apps/web-drc/application/modules/visibility_program_active/views/content.php
DEBUG - 2025-03-20 01:32:06 --> File loaded: /apps/web-drc/application/views/templates/header.php
DEBUG - 2025-03-20 01:32:06 --> File loaded: /apps/web-drc/application/views/templates/toolbar.php
DEBUG - 2025-03-20 01:32:06 --> File loaded: /apps/web-drc/application/views/templates/sidebar.php
DEBUG - 2025-03-20 01:32:06 --> File loaded: /apps/web-drc/application/views/templates/contents.php
DEBUG - 2025-03-20 01:32:06 --> File loaded: /apps/web-drc/application/views/templates/content_footer.php
DEBUG - 2025-03-20 01:32:06 --> File loaded: /apps/web-drc/application/views/templates/footer.php
DEBUG - 2025-03-20 01:32:06 --> File loaded: /apps/web-drc/application/views/templates/default.php
INFO - 2025-03-20 01:32:06 --> Final output sent to browser
DEBUG - 2025-03-20 01:32:06 --> Total execution time: 0.0074
INFO - 2025-03-20 01:32:07 --> Config Class Initialized
INFO - 2025-03-20 01:32:07 --> Hooks Class Initialized
DEBUG - 2025-03-20 01:32:07 --> UTF-8 Support Enabled
INFO - 2025-03-20 01:32:07 --> Utf8 Class Initialized
INFO - 2025-03-20 01:32:07 --> URI Class Initialized
INFO - 2025-03-20 01:32:07 --> Router Class Initialized
INFO - 2025-03-20 01:32:07 --> Output Class Initialized
INFO - 2025-03-20 01:32:07 --> Security Class Initialized
DEBUG - 2025-03-20 01:32:07 --> Global POST, GET and COOKIE data sanitized
INFO - 2025-03-20 01:32:07 --> Input Class Initialized
INFO - 2025-03-20 01:32:07 --> Language Class Initialized
ERROR - 2025-03-20 01:32:07 --> 404 Page Not Found: /index
INFO - 2025-03-20 01:32:07 --> Config Class Initialized
INFO - 2025-03-20 01:32:07 --> Hooks Class Initialized
DEBUG - 2025-03-20 01:32:07 --> UTF-8 Support Enabled
INFO - 2025-03-20 01:32:07 --> Utf8 Class Initialized
INFO - 2025-03-20 01:32:07 --> URI Class Initialized
INFO - 2025-03-20 01:32:07 --> Router Class Initialized
INFO - 2025-03-20 01:32:07 --> Output Class Initialized
INFO - 2025-03-20 01:32:07 --> Security Class Initialized
DEBUG - 2025-03-20 01:32:07 --> Global POST, GET and COOKIE data sanitized
INFO - 2025-03-20 01:32:07 --> Input Class Initialized
INFO - 2025-03-20 01:32:07 --> Language Class Initialized
INFO - 2025-03-20 01:32:07 --> Language Class Initialized
INFO - 2025-03-20 01:32:07 --> Config Class Initialized
INFO - 2025-03-20 01:32:07 --> Loader Class Initialized
INFO - 2025-03-20 01:32:07 --> Helper loaded: url_helper
INFO - 2025-03-20 01:32:07 --> Helper loaded: easyui_helper
INFO - 2025-03-20 01:32:07 --> Helper loaded: param_helper
INFO - 2025-03-20 01:32:07 --> Helper loaded: credential_helper
INFO - 2025-03-20 01:32:07 --> Helper loaded: template_helper
INFO - 2025-03-20 01:32:07 --> Helper loaded: rest_helper
INFO - 2025-03-20 01:32:07 --> Database Driver Class Initialized
DEBUG - 2025-03-20 01:32:07 --> Idgenerator class already loaded. Second attempt ignored.
INFO - 2025-03-20 01:32:07 --> Controller Class Initialized
INFO - 2025-03-20 01:32:07 --> Model Class Initialized
DEBUG - 2025-03-20 01:32:07 --> File loaded: /apps/web-drc/application/modules/visibility_program_active/models/Visibility_program_model.php
INFO - 2025-03-20 01:32:07 --> Model Class Initialized
INFO - 2025-03-20 01:32:07 --> Final output sent to browser
DEBUG - 2025-03-20 01:32:07 --> Total execution time: 0.0064
INFO - 2025-03-20 01:32:10 --> Config Class Initialized
INFO - 2025-03-20 01:32:10 --> Hooks Class Initialized
DEBUG - 2025-03-20 01:32:10 --> UTF-8 Support Enabled
INFO - 2025-03-20 01:32:10 --> Utf8 Class Initialized
INFO - 2025-03-20 01:32:10 --> URI Class Initialized
INFO - 2025-03-20 01:32:10 --> Router Class Initialized
INFO - 2025-03-20 01:32:10 --> Output Class Initialized
INFO - 2025-03-20 01:32:10 --> Security Class Initialized
DEBUG - 2025-03-20 01:32:10 --> Global POST, GET and COOKIE data sanitized
INFO - 2025-03-20 01:32:10 --> Input Class Initialized
INFO - 2025-03-20 01:32:10 --> Language Class Initialized
INFO - 2025-03-20 01:32:10 --> Language Class Initialized
INFO - 2025-03-20 01:32:10 --> Config Class Initialized
INFO - 2025-03-20 01:32:10 --> Loader Class Initialized
INFO - 2025-03-20 01:32:10 --> Helper loaded: url_helper
INFO - 2025-03-20 01:32:10 --> Helper loaded: easyui_helper
INFO - 2025-03-20 01:32:10 --> Helper loaded: param_helper
INFO - 2025-03-20 01:32:10 --> Helper loaded: credential_helper
INFO - 2025-03-20 01:32:10 --> Helper loaded: template_helper
INFO - 2025-03-20 01:32:10 --> Helper loaded: rest_helper
INFO - 2025-03-20 01:32:10 --> Database Driver Class Initialized
DEBUG - 2025-03-20 01:32:10 --> Idgenerator class already loaded. Second attempt ignored.
INFO - 2025-03-20 01:32:10 --> Controller Class Initialized
INFO - 2025-03-20 01:32:10 --> Model Class Initialized
DEBUG - 2025-03-20 01:32:10 --> File loaded: /apps/web-drc/application/modules/visibility_program_active/models/Visibility_program_model.php
INFO - 2025-03-20 01:32:10 --> Model Class Initialized
DEBUG - 2025-03-20 01:32:10 --> File loaded: /apps/web-drc/application/modules/visibility_program_active/views/form.php
DEBUG - 2025-03-20 01:32:10 --> File loaded: /apps/web-drc/application/views/templates/header.php
DEBUG - 2025-03-20 01:32:10 --> File loaded: /apps/web-drc/application/views/templates/toolbar.php
DEBUG - 2025-03-20 01:32:10 --> File loaded: /apps/web-drc/application/views/templates/sidebar.php
DEBUG - 2025-03-20 01:32:10 --> File loaded: /apps/web-drc/application/views/templates/contents.php
DEBUG - 2025-03-20 01:32:10 --> File loaded: /apps/web-drc/application/views/templates/content_footer.php
DEBUG - 2025-03-20 01:32:10 --> File loaded: /apps/web-drc/application/views/templates/footer.php
DEBUG - 2025-03-20 01:32:10 --> File loaded: /apps/web-drc/application/views/templates/default.php
INFO - 2025-03-20 01:32:10 --> Final output sent to browser
DEBUG - 2025-03-20 01:32:10 --> Total execution time: 0.0057
INFO - 2025-03-20 01:32:10 --> Config Class Initialized
INFO - 2025-03-20 01:32:10 --> Hooks Class Initialized
DEBUG - 2025-03-20 01:32:10 --> UTF-8 Support Enabled
INFO - 2025-03-20 01:32:10 --> Utf8 Class Initialized
INFO - 2025-03-20 01:32:10 --> URI Class Initialized
INFO - 2025-03-20 01:32:10 --> Router Class Initialized
INFO - 2025-03-20 01:32:10 --> Output Class Initialized
INFO - 2025-03-20 01:32:10 --> Security Class Initialized
DEBUG - 2025-03-20 01:32:10 --> Global POST, GET and COOKIE data sanitized
INFO - 2025-03-20 01:32:10 --> Input Class Initialized
INFO - 2025-03-20 01:32:10 --> Language Class Initialized
ERROR - 2025-03-20 01:32:10 --> 404 Page Not Found: /index
INFO - 2025-03-20 01:32:10 --> Config Class Initialized
INFO - 2025-03-20 01:32:10 --> Hooks Class Initialized
DEBUG - 2025-03-20 01:32:10 --> UTF-8 Support Enabled
INFO - 2025-03-20 01:32:10 --> Utf8 Class Initialized
INFO - 2025-03-20 01:32:10 --> URI Class Initialized
INFO - 2025-03-20 01:32:10 --> Router Class Initialized
INFO - 2025-03-20 01:32:10 --> Output Class Initialized
INFO - 2025-03-20 01:32:10 --> Security Class Initialized
DEBUG - 2025-03-20 01:32:10 --> Global POST, GET and COOKIE data sanitized
INFO - 2025-03-20 01:32:10 --> Input Class Initialized
INFO - 2025-03-20 01:32:10 --> Language Class Initialized
INFO - 2025-03-20 01:32:10 --> Language Class Initialized
INFO - 2025-03-20 01:32:10 --> Config Class Initialized
INFO - 2025-03-20 01:32:10 --> Loader Class Initialized
INFO - 2025-03-20 01:32:10 --> Helper loaded: url_helper
INFO - 2025-03-20 01:32:10 --> Helper loaded: easyui_helper
INFO - 2025-03-20 01:32:10 --> Helper loaded: param_helper
INFO - 2025-03-20 01:32:10 --> Helper loaded: credential_helper
INFO - 2025-03-20 01:32:10 --> Helper loaded: template_helper
INFO - 2025-03-20 01:32:10 --> Helper loaded: rest_helper
INFO - 2025-03-20 01:32:10 --> Database Driver Class Initialized
DEBUG - 2025-03-20 01:32:10 --> Idgenerator class already loaded. Second attempt ignored.
INFO - 2025-03-20 01:32:10 --> Controller Class Initialized
INFO - 2025-03-20 01:32:10 --> Model Class Initialized
DEBUG - 2025-03-20 01:32:10 --> File loaded: /apps/web-drc/application/modules/api_v1/models/Api_v1_model.php
INFO - 2025-03-20 01:32:10 --> Model Class Initialized
INFO - 2025-03-20 01:32:10 --> Final output sent to browser
DEBUG - 2025-03-20 01:32:10 --> Total execution time: 0.0032
INFO - 2025-03-20 01:32:37 --> Config Class Initialized
INFO - 2025-03-20 01:32:37 --> Hooks Class Initialized
DEBUG - 2025-03-20 01:32:37 --> UTF-8 Support Enabled
INFO - 2025-03-20 01:32:37 --> Utf8 Class Initialized
INFO - 2025-03-20 01:32:37 --> URI Class Initialized
INFO - 2025-03-20 01:32:37 --> Router Class Initialized
INFO - 2025-03-20 01:32:37 --> Output Class Initialized
INFO - 2025-03-20 01:32:37 --> Security Class Initialized
DEBUG - 2025-03-20 01:32:37 --> Global POST, GET and COOKIE data sanitized
INFO - 2025-03-20 01:32:37 --> Input Class Initialized
INFO - 2025-03-20 01:32:37 --> Language Class Initialized
INFO - 2025-03-20 01:32:37 --> Language Class Initialized
INFO - 2025-03-20 01:32:37 --> Config Class Initialized
INFO - 2025-03-20 01:32:37 --> Loader Class Initialized
INFO - 2025-03-20 01:32:37 --> Helper loaded: url_helper
INFO - 2025-03-20 01:32:37 --> Helper loaded: easyui_helper
INFO - 2025-03-20 01:32:37 --> Helper loaded: param_helper
INFO - 2025-03-20 01:32:37 --> Helper loaded: credential_helper
INFO - 2025-03-20 01:32:37 --> Helper loaded: template_helper
INFO - 2025-03-20 01:32:37 --> Helper loaded: rest_helper
INFO - 2025-03-20 01:32:37 --> Database Driver Class Initialized
DEBUG - 2025-03-20 01:32:37 --> Idgenerator class already loaded. Second attempt ignored.
INFO - 2025-03-20 01:32:37 --> Controller Class Initialized
INFO - 2025-03-20 01:32:37 --> Model Class Initialized
DEBUG - 2025-03-20 01:32:37 --> File loaded: /apps/web-drc/application/modules/visibility_program_active/models/Visibility_program_model.php
INFO - 2025-03-20 01:32:37 --> Model Class Initialized
INFO - 2025-03-20 01:32:37 --> Final output sent to browser
DEBUG - 2025-03-20 01:32:37 --> Total execution time: 0.0059
INFO - 2025-03-20 01:32:37 --> Config Class Initialized
INFO - 2025-03-20 01:32:37 --> Hooks Class Initialized
DEBUG - 2025-03-20 01:32:37 --> UTF-8 Support Enabled
INFO - 2025-03-20 01:32:37 --> Utf8 Class Initialized
INFO - 2025-03-20 01:32:37 --> URI Class Initialized
INFO - 2025-03-20 01:32:37 --> Router Class Initialized
INFO - 2025-03-20 01:32:37 --> Output Class Initialized
INFO - 2025-03-20 01:32:37 --> Security Class Initialized
DEBUG - 2025-03-20 01:32:37 --> Global POST, GET and COOKIE data sanitized
INFO - 2025-03-20 01:32:37 --> Input Class Initialized
INFO - 2025-03-20 01:32:37 --> Language Class Initialized
INFO - 2025-03-20 01:32:37 --> Language Class Initialized
INFO - 2025-03-20 01:32:37 --> Config Class Initialized
INFO - 2025-03-20 01:32:37 --> Loader Class Initialized
INFO - 2025-03-20 01:32:37 --> Helper loaded: url_helper
INFO - 2025-03-20 01:32:37 --> Helper loaded: easyui_helper
INFO - 2025-03-20 01:32:37 --> Helper loaded: param_helper
INFO - 2025-03-20 01:32:37 --> Helper loaded: credential_helper
INFO - 2025-03-20 01:32:37 --> Helper loaded: template_helper
INFO - 2025-03-20 01:32:37 --> Helper loaded: rest_helper
INFO - 2025-03-20 01:32:37 --> Database Driver Class Initialized
DEBUG - 2025-03-20 01:32:37 --> Idgenerator class already loaded. Second attempt ignored.
INFO - 2025-03-20 01:32:37 --> Controller Class Initialized
INFO - 2025-03-20 01:32:37 --> Model Class Initialized
DEBUG - 2025-03-20 01:32:37 --> File loaded: /apps/web-drc/application/modules/visibility_program_active/models/Visibility_program_model.php
INFO - 2025-03-20 01:32:37 --> Model Class Initialized
DEBUG - 2025-03-20 01:32:37 --> File loaded: /apps/web-drc/application/modules/visibility_program_active/views/content.php
DEBUG - 2025-03-20 01:32:37 --> File loaded: /apps/web-drc/application/views/templates/header.php
DEBUG - 2025-03-20 01:32:37 --> File loaded: /apps/web-drc/application/views/templates/toolbar.php
DEBUG - 2025-03-20 01:32:37 --> File loaded: /apps/web-drc/application/views/templates/sidebar.php
DEBUG - 2025-03-20 01:32:37 --> File loaded: /apps/web-drc/application/views/templates/contents.php
DEBUG - 2025-03-20 01:32:37 --> File loaded: /apps/web-drc/application/views/templates/content_footer.php
DEBUG - 2025-03-20 01:32:37 --> File loaded: /apps/web-drc/application/views/templates/footer.php
DEBUG - 2025-03-20 01:32:37 --> File loaded: /apps/web-drc/application/views/templates/default.php
INFO - 2025-03-20 01:32:37 --> Final output sent to browser
DEBUG - 2025-03-20 01:32:37 --> Total execution time: 0.0054
INFO - 2025-03-20 01:32:38 --> Config Class Initialized
INFO - 2025-03-20 01:32:38 --> Hooks Class Initialized
DEBUG - 2025-03-20 01:32:38 --> UTF-8 Support Enabled
INFO - 2025-03-20 01:32:38 --> Utf8 Class Initialized
INFO - 2025-03-20 01:32:38 --> URI Class Initialized
INFO - 2025-03-20 01:32:38 --> Router Class Initialized
INFO - 2025-03-20 01:32:38 --> Output Class Initialized
INFO - 2025-03-20 01:32:38 --> Security Class Initialized
DEBUG - 2025-03-20 01:32:38 --> Global POST, GET and COOKIE data sanitized
INFO - 2025-03-20 01:32:38 --> Input Class Initialized
INFO - 2025-03-20 01:32:38 --> Language Class Initialized
ERROR - 2025-03-20 01:32:38 --> 404 Page Not Found: /index
INFO - 2025-03-20 01:32:38 --> Config Class Initialized
INFO - 2025-03-20 01:32:38 --> Hooks Class Initialized
DEBUG - 2025-03-20 01:32:38 --> UTF-8 Support Enabled
INFO - 2025-03-20 01:32:38 --> Utf8 Class Initialized
INFO - 2025-03-20 01:32:38 --> URI Class Initialized
INFO - 2025-03-20 01:32:38 --> Router Class Initialized
INFO - 2025-03-20 01:32:38 --> Output Class Initialized
INFO - 2025-03-20 01:32:38 --> Security Class Initialized
DEBUG - 2025-03-20 01:32:38 --> Global POST, GET and COOKIE data sanitized
INFO - 2025-03-20 01:32:38 --> Input Class Initialized
INFO - 2025-03-20 01:32:38 --> Language Class Initialized
INFO - 2025-03-20 01:32:38 --> Language Class Initialized
INFO - 2025-03-20 01:32:38 --> Config Class Initialized
INFO - 2025-03-20 01:32:38 --> Loader Class Initialized
INFO - 2025-03-20 01:32:38 --> Helper loaded: url_helper
INFO - 2025-03-20 01:32:38 --> Helper loaded: easyui_helper
INFO - 2025-03-20 01:32:38 --> Helper loaded: param_helper
INFO - 2025-03-20 01:32:38 --> Helper loaded: credential_helper
INFO - 2025-03-20 01:32:38 --> Helper loaded: template_helper
INFO - 2025-03-20 01:32:38 --> Helper loaded: rest_helper
INFO - 2025-03-20 01:32:38 --> Database Driver Class Initialized
DEBUG - 2025-03-20 01:32:38 --> Idgenerator class already loaded. Second attempt ignored.
INFO - 2025-03-20 01:32:38 --> Controller Class Initialized
INFO - 2025-03-20 01:32:38 --> Model Class Initialized
DEBUG - 2025-03-20 01:32:38 --> File loaded: /apps/web-drc/application/modules/visibility_program_active/models/Visibility_program_model.php
INFO - 2025-03-20 01:32:38 --> Model Class Initialized
INFO - 2025-03-20 01:32:38 --> Final output sent to browser
DEBUG - 2025-03-20 01:32:38 --> Total execution time: 0.0063
INFO - 2025-03-20 01:32:41 --> Config Class Initialized
INFO - 2025-03-20 01:32:41 --> Hooks Class Initialized
DEBUG - 2025-03-20 01:32:41 --> UTF-8 Support Enabled
INFO - 2025-03-20 01:32:41 --> Utf8 Class Initialized
INFO - 2025-03-20 01:32:41 --> URI Class Initialized
INFO - 2025-03-20 01:32:41 --> Router Class Initialized
INFO - 2025-03-20 01:32:41 --> Output Class Initialized
INFO - 2025-03-20 01:32:41 --> Security Class Initialized
DEBUG - 2025-03-20 01:32:41 --> Global POST, GET and COOKIE data sanitized
INFO - 2025-03-20 01:32:41 --> Input Class Initialized
INFO - 2025-03-20 01:32:41 --> Language Class Initialized
INFO - 2025-03-20 01:32:41 --> Language Class Initialized
INFO - 2025-03-20 01:32:41 --> Config Class Initialized
INFO - 2025-03-20 01:32:41 --> Loader Class Initialized
INFO - 2025-03-20 01:32:41 --> Helper loaded: url_helper
INFO - 2025-03-20 01:32:41 --> Helper loaded: easyui_helper
INFO - 2025-03-20 01:32:41 --> Helper loaded: param_helper
INFO - 2025-03-20 01:32:41 --> Helper loaded: credential_helper
INFO - 2025-03-20 01:32:41 --> Helper loaded: template_helper
INFO - 2025-03-20 01:32:41 --> Helper loaded: rest_helper
INFO - 2025-03-20 01:32:41 --> Database Driver Class Initialized
DEBUG - 2025-03-20 01:32:41 --> Idgenerator class already loaded. Second attempt ignored.
INFO - 2025-03-20 01:32:41 --> Controller Class Initialized
INFO - 2025-03-20 01:32:41 --> Model Class Initialized
DEBUG - 2025-03-20 01:32:41 --> File loaded: /apps/web-drc/application/modules/visibility_program_active/models/Visibility_program_model.php
INFO - 2025-03-20 01:32:41 --> Model Class Initialized
DEBUG - 2025-03-20 01:32:41 --> File loaded: /apps/web-drc/application/modules/visibility_program_active/views/form.php
DEBUG - 2025-03-20 01:32:41 --> File loaded: /apps/web-drc/application/views/templates/header.php
DEBUG - 2025-03-20 01:32:41 --> File loaded: /apps/web-drc/application/views/templates/toolbar.php
DEBUG - 2025-03-20 01:32:41 --> File loaded: /apps/web-drc/application/views/templates/sidebar.php
DEBUG - 2025-03-20 01:32:41 --> File loaded: /apps/web-drc/application/views/templates/contents.php
DEBUG - 2025-03-20 01:32:41 --> File loaded: /apps/web-drc/application/views/templates/content_footer.php
DEBUG - 2025-03-20 01:32:41 --> File loaded: /apps/web-drc/application/views/templates/footer.php
DEBUG - 2025-03-20 01:32:41 --> File loaded: /apps/web-drc/application/views/templates/default.php
INFO - 2025-03-20 01:32:41 --> Final output sent to browser
DEBUG - 2025-03-20 01:32:41 --> Total execution time: 0.0065
INFO - 2025-03-20 01:32:42 --> Config Class Initialized
INFO - 2025-03-20 01:32:42 --> Hooks Class Initialized
DEBUG - 2025-03-20 01:32:42 --> UTF-8 Support Enabled
INFO - 2025-03-20 01:32:42 --> Utf8 Class Initialized
INFO - 2025-03-20 01:32:42 --> URI Class Initialized
INFO - 2025-03-20 01:32:42 --> Router Class Initialized
INFO - 2025-03-20 01:32:42 --> Output Class Initialized
INFO - 2025-03-20 01:32:42 --> Security Class Initialized
DEBUG - 2025-03-20 01:32:42 --> Global POST, GET and COOKIE data sanitized
INFO - 2025-03-20 01:32:42 --> Input Class Initialized
INFO - 2025-03-20 01:32:42 --> Language Class Initialized
ERROR - 2025-03-20 01:32:42 --> 404 Page Not Found: /index
INFO - 2025-03-20 01:32:42 --> Config Class Initialized
INFO - 2025-03-20 01:32:42 --> Hooks Class Initialized
DEBUG - 2025-03-20 01:32:42 --> UTF-8 Support Enabled
INFO - 2025-03-20 01:32:42 --> Utf8 Class Initialized
INFO - 2025-03-20 01:32:42 --> URI Class Initialized
INFO - 2025-03-20 01:32:42 --> Router Class Initialized
INFO - 2025-03-20 01:32:42 --> Output Class Initialized
INFO - 2025-03-20 01:32:42 --> Security Class Initialized
DEBUG - 2025-03-20 01:32:42 --> Global POST, GET and COOKIE data sanitized
INFO - 2025-03-20 01:32:42 --> Input Class Initialized
INFO - 2025-03-20 01:32:42 --> Language Class Initialized
INFO - 2025-03-20 01:32:42 --> Language Class Initialized
INFO - 2025-03-20 01:32:42 --> Config Class Initialized
INFO - 2025-03-20 01:32:42 --> Loader Class Initialized
INFO - 2025-03-20 01:32:42 --> Helper loaded: url_helper
INFO - 2025-03-20 01:32:42 --> Helper loaded: easyui_helper
INFO - 2025-03-20 01:32:42 --> Helper loaded: param_helper
INFO - 2025-03-20 01:32:42 --> Helper loaded: credential_helper
INFO - 2025-03-20 01:32:42 --> Helper loaded: template_helper
INFO - 2025-03-20 01:32:42 --> Helper loaded: rest_helper
INFO - 2025-03-20 01:32:42 --> Database Driver Class Initialized
DEBUG - 2025-03-20 01:32:42 --> Idgenerator class already loaded. Second attempt ignored.
INFO - 2025-03-20 01:32:42 --> Controller Class Initialized
INFO - 2025-03-20 01:32:42 --> Model Class Initialized
DEBUG - 2025-03-20 01:32:42 --> File loaded: /apps/web-drc/application/modules/api_v1/models/Api_v1_model.php
INFO - 2025-03-20 01:32:42 --> Model Class Initialized
INFO - 2025-03-20 01:32:42 --> Final output sent to browser
DEBUG - 2025-03-20 01:32:42 --> Total execution time: 0.0037
INFO - 2025-03-20 01:32:46 --> Config Class Initialized
INFO - 2025-03-20 01:32:46 --> Hooks Class Initialized
DEBUG - 2025-03-20 01:32:46 --> UTF-8 Support Enabled
INFO - 2025-03-20 01:32:46 --> Utf8 Class Initialized
INFO - 2025-03-20 01:32:46 --> URI Class Initialized
INFO - 2025-03-20 01:32:46 --> Router Class Initialized
INFO - 2025-03-20 01:32:46 --> Output Class Initialized
INFO - 2025-03-20 01:32:46 --> Security Class Initialized
DEBUG - 2025-03-20 01:32:46 --> Global POST, GET and COOKIE data sanitized
INFO - 2025-03-20 01:32:46 --> Input Class Initialized
INFO - 2025-03-20 01:32:46 --> Language Class Initialized
INFO - 2025-03-20 01:32:46 --> Language Class Initialized
INFO - 2025-03-20 01:32:46 --> Config Class Initialized
INFO - 2025-03-20 01:32:46 --> Loader Class Initialized
INFO - 2025-03-20 01:32:46 --> Helper loaded: url_helper
INFO - 2025-03-20 01:32:46 --> Helper loaded: easyui_helper
INFO - 2025-03-20 01:32:46 --> Helper loaded: param_helper
INFO - 2025-03-20 01:32:46 --> Helper loaded: credential_helper
INFO - 2025-03-20 01:32:46 --> Helper loaded: template_helper
INFO - 2025-03-20 01:32:46 --> Helper loaded: rest_helper
INFO - 2025-03-20 01:32:46 --> Database Driver Class Initialized
DEBUG - 2025-03-20 01:32:46 --> Idgenerator class already loaded. Second attempt ignored.
INFO - 2025-03-20 01:32:46 --> Controller Class Initialized
INFO - 2025-03-20 01:32:46 --> Model Class Initialized
DEBUG - 2025-03-20 01:32:46 --> File loaded: /apps/web-drc/application/modules/visibility_program_active/models/Visibility_program_model.php
INFO - 2025-03-20 01:32:46 --> Model Class Initialized
DEBUG - 2025-03-20 01:32:46 --> File loaded: /apps/web-drc/application/modules/visibility_program_active/views/form.php
DEBUG - 2025-03-20 01:32:46 --> File loaded: /apps/web-drc/application/views/templates/header.php
DEBUG - 2025-03-20 01:32:46 --> File loaded: /apps/web-drc/application/views/templates/toolbar.php
DEBUG - 2025-03-20 01:32:46 --> File loaded: /apps/web-drc/application/views/templates/sidebar.php
DEBUG - 2025-03-20 01:32:46 --> File loaded: /apps/web-drc/application/views/templates/contents.php
DEBUG - 2025-03-20 01:32:46 --> File loaded: /apps/web-drc/application/views/templates/content_footer.php
DEBUG - 2025-03-20 01:32:46 --> File loaded: /apps/web-drc/application/views/templates/footer.php
DEBUG - 2025-03-20 01:32:46 --> File loaded: /apps/web-drc/application/views/templates/default.php
INFO - 2025-03-20 01:32:46 --> Final output sent to browser
DEBUG - 2025-03-20 01:32:46 --> Total execution time: 0.0055
INFO - 2025-03-20 01:32:49 --> Config Class Initialized
INFO - 2025-03-20 01:32:49 --> Hooks Class Initialized
DEBUG - 2025-03-20 01:32:49 --> UTF-8 Support Enabled
INFO - 2025-03-20 01:32:49 --> Utf8 Class Initialized
INFO - 2025-03-20 01:32:49 --> URI Class Initialized
INFO - 2025-03-20 01:32:49 --> Router Class Initialized
INFO - 2025-03-20 01:32:49 --> Output Class Initialized
INFO - 2025-03-20 01:32:49 --> Security Class Initialized
DEBUG - 2025-03-20 01:32:49 --> Global POST, GET and COOKIE data sanitized
INFO - 2025-03-20 01:32:49 --> Input Class Initialized
INFO - 2025-03-20 01:32:49 --> Language Class Initialized
ERROR - 2025-03-20 01:32:49 --> 404 Page Not Found: /index
INFO - 2025-03-20 01:32:50 --> Config Class Initialized
INFO - 2025-03-20 01:32:50 --> Hooks Class Initialized
DEBUG - 2025-03-20 01:32:50 --> UTF-8 Support Enabled
INFO - 2025-03-20 01:32:50 --> Utf8 Class Initialized
INFO - 2025-03-20 01:32:50 --> URI Class Initialized
INFO - 2025-03-20 01:32:50 --> Router Class Initialized
INFO - 2025-03-20 01:32:50 --> Output Class Initialized
INFO - 2025-03-20 01:32:50 --> Security Class Initialized
DEBUG - 2025-03-20 01:32:50 --> Global POST, GET and COOKIE data sanitized
INFO - 2025-03-20 01:32:50 --> Input Class Initialized
INFO - 2025-03-20 01:32:50 --> Language Class Initialized
INFO - 2025-03-20 01:32:50 --> Language Class Initialized
INFO - 2025-03-20 01:32:50 --> Config Class Initialized
INFO - 2025-03-20 01:32:50 --> Loader Class Initialized
INFO - 2025-03-20 01:32:50 --> Helper loaded: url_helper
INFO - 2025-03-20 01:32:50 --> Helper loaded: easyui_helper
INFO - 2025-03-20 01:32:50 --> Helper loaded: param_helper
INFO - 2025-03-20 01:32:50 --> Helper loaded: credential_helper
INFO - 2025-03-20 01:32:50 --> Helper loaded: template_helper
INFO - 2025-03-20 01:32:50 --> Helper loaded: rest_helper
INFO - 2025-03-20 01:32:50 --> Database Driver Class Initialized
DEBUG - 2025-03-20 01:32:50 --> Idgenerator class already loaded. Second attempt ignored.
INFO - 2025-03-20 01:32:50 --> Controller Class Initialized
INFO - 2025-03-20 01:32:50 --> Model Class Initialized
DEBUG - 2025-03-20 01:32:50 --> File loaded: /apps/web-drc/application/modules/api_v1/models/Api_v1_model.php
INFO - 2025-03-20 01:32:50 --> Model Class Initialized
INFO - 2025-03-20 01:32:50 --> Final output sent to browser
DEBUG - 2025-03-20 01:32:50 --> Total execution time: 0.0038
INFO - 2025-03-20 01:32:51 --> Config Class Initialized
INFO - 2025-03-20 01:32:51 --> Hooks Class Initialized
DEBUG - 2025-03-20 01:32:51 --> UTF-8 Support Enabled
INFO - 2025-03-20 01:32:51 --> Utf8 Class Initialized
INFO - 2025-03-20 01:32:51 --> URI Class Initialized
INFO - 2025-03-20 01:32:51 --> Router Class Initialized
INFO - 2025-03-20 01:32:51 --> Output Class Initialized
INFO - 2025-03-20 01:32:51 --> Security Class Initialized
DEBUG - 2025-03-20 01:32:51 --> Global POST, GET and COOKIE data sanitized
INFO - 2025-03-20 01:32:51 --> Input Class Initialized
INFO - 2025-03-20 01:32:51 --> Language Class Initialized
ERROR - 2025-03-20 01:32:51 --> 404 Page Not Found: /index
INFO - 2025-03-20 01:32:54 --> Config Class Initialized
INFO - 2025-03-20 01:32:54 --> Hooks Class Initialized
DEBUG - 2025-03-20 01:32:54 --> UTF-8 Support Enabled
INFO - 2025-03-20 01:32:54 --> Utf8 Class Initialized
INFO - 2025-03-20 01:32:54 --> URI Class Initialized
INFO - 2025-03-20 01:32:54 --> Router Class Initialized
INFO - 2025-03-20 01:32:54 --> Output Class Initialized
INFO - 2025-03-20 01:32:54 --> Security Class Initialized
DEBUG - 2025-03-20 01:32:54 --> Global POST, GET and COOKIE data sanitized
INFO - 2025-03-20 01:32:54 --> Input Class Initialized
INFO - 2025-03-20 01:32:54 --> Language Class Initialized
INFO - 2025-03-20 01:32:54 --> Language Class Initialized
INFO - 2025-03-20 01:32:54 --> Config Class Initialized
INFO - 2025-03-20 01:32:54 --> Loader Class Initialized
INFO - 2025-03-20 01:32:54 --> Helper loaded: url_helper
INFO - 2025-03-20 01:32:54 --> Helper loaded: easyui_helper
INFO - 2025-03-20 01:32:54 --> Helper loaded: param_helper
INFO - 2025-03-20 01:32:54 --> Helper loaded: credential_helper
INFO - 2025-03-20 01:32:54 --> Helper loaded: template_helper
INFO - 2025-03-20 01:32:54 --> Helper loaded: rest_helper
INFO - 2025-03-20 01:32:54 --> Database Driver Class Initialized
DEBUG - 2025-03-20 01:32:54 --> Idgenerator class already loaded. Second attempt ignored.
INFO - 2025-03-20 01:32:54 --> Controller Class Initialized
INFO - 2025-03-20 01:32:54 --> Model Class Initialized
DEBUG - 2025-03-20 01:32:54 --> File loaded: /apps/web-drc/application/modules/visibility_program_active/models/Visibility_program_model.php
INFO - 2025-03-20 01:32:54 --> Model Class Initialized
DEBUG - 2025-03-20 01:32:54 --> File loaded: /apps/web-drc/application/modules/visibility_program_active/views/content.php
DEBUG - 2025-03-20 01:32:54 --> File loaded: /apps/web-drc/application/views/templates/header.php
DEBUG - 2025-03-20 01:32:54 --> File loaded: /apps/web-drc/application/views/templates/toolbar.php
DEBUG - 2025-03-20 01:32:54 --> File loaded: /apps/web-drc/application/views/templates/sidebar.php
DEBUG - 2025-03-20 01:32:54 --> File loaded: /apps/web-drc/application/views/templates/contents.php
DEBUG - 2025-03-20 01:32:54 --> File loaded: /apps/web-drc/application/views/templates/content_footer.php
DEBUG - 2025-03-20 01:32:54 --> File loaded: /apps/web-drc/application/views/templates/footer.php
DEBUG - 2025-03-20 01:32:54 --> File loaded: /apps/web-drc/application/views/templates/default.php
INFO - 2025-03-20 01:32:54 --> Final output sent to browser
DEBUG - 2025-03-20 01:32:54 --> Total execution time: 0.0061
INFO - 2025-03-20 01:32:54 --> Config Class Initialized
INFO - 2025-03-20 01:32:54 --> Hooks Class Initialized
DEBUG - 2025-03-20 01:32:54 --> UTF-8 Support Enabled
INFO - 2025-03-20 01:32:54 --> Utf8 Class Initialized
INFO - 2025-03-20 01:32:54 --> URI Class Initialized
INFO - 2025-03-20 01:32:54 --> Router Class Initialized
INFO - 2025-03-20 01:32:54 --> Output Class Initialized
INFO - 2025-03-20 01:32:54 --> Security Class Initialized
DEBUG - 2025-03-20 01:32:54 --> Global POST, GET and COOKIE data sanitized
INFO - 2025-03-20 01:32:54 --> Input Class Initialized
INFO - 2025-03-20 01:32:54 --> Language Class Initialized
ERROR - 2025-03-20 01:32:54 --> 404 Page Not Found: /index
INFO - 2025-03-20 01:32:54 --> Config Class Initialized
INFO - 2025-03-20 01:32:54 --> Hooks Class Initialized
DEBUG - 2025-03-20 01:32:54 --> UTF-8 Support Enabled
INFO - 2025-03-20 01:32:54 --> Utf8 Class Initialized
INFO - 2025-03-20 01:32:54 --> URI Class Initialized
INFO - 2025-03-20 01:32:54 --> Router Class Initialized
INFO - 2025-03-20 01:32:54 --> Output Class Initialized
INFO - 2025-03-20 01:32:54 --> Security Class Initialized
DEBUG - 2025-03-20 01:32:54 --> Global POST, GET and COOKIE data sanitized
INFO - 2025-03-20 01:32:54 --> Input Class Initialized
INFO - 2025-03-20 01:32:54 --> Language Class Initialized
INFO - 2025-03-20 01:32:54 --> Language Class Initialized
INFO - 2025-03-20 01:32:54 --> Config Class Initialized
INFO - 2025-03-20 01:32:54 --> Loader Class Initialized
INFO - 2025-03-20 01:32:54 --> Helper loaded: url_helper
INFO - 2025-03-20 01:32:54 --> Helper loaded: easyui_helper
INFO - 2025-03-20 01:32:54 --> Helper loaded: param_helper
INFO - 2025-03-20 01:32:54 --> Helper loaded: credential_helper
INFO - 2025-03-20 01:32:54 --> Helper loaded: template_helper
INFO - 2025-03-20 01:32:54 --> Helper loaded: rest_helper
INFO - 2025-03-20 01:32:54 --> Database Driver Class Initialized
DEBUG - 2025-03-20 01:32:54 --> Idgenerator class already loaded. Second attempt ignored.
INFO - 2025-03-20 01:32:54 --> Controller Class Initialized
INFO - 2025-03-20 01:32:54 --> Model Class Initialized
DEBUG - 2025-03-20 01:32:54 --> File loaded: /apps/web-drc/application/modules/visibility_program_active/models/Visibility_program_model.php
INFO - 2025-03-20 01:32:54 --> Model Class Initialized
INFO - 2025-03-20 01:32:54 --> Final output sent to browser
DEBUG - 2025-03-20 01:32:54 --> Total execution time: 0.0044
INFO - 2025-03-20 01:33:30 --> Config Class Initialized
INFO - 2025-03-20 01:33:30 --> Hooks Class Initialized
DEBUG - 2025-03-20 01:33:30 --> UTF-8 Support Enabled
INFO - 2025-03-20 01:33:30 --> Utf8 Class Initialized
INFO - 2025-03-20 01:33:30 --> URI Class Initialized
INFO - 2025-03-20 01:33:30 --> Router Class Initialized
INFO - 2025-03-20 01:33:30 --> Output Class Initialized
INFO - 2025-03-20 01:33:30 --> Security Class Initialized
DEBUG - 2025-03-20 01:33:30 --> Global POST, GET and COOKIE data sanitized
INFO - 2025-03-20 01:33:30 --> Input Class Initialized
INFO - 2025-03-20 01:33:30 --> Language Class Initialized
INFO - 2025-03-20 01:33:30 --> Language Class Initialized
INFO - 2025-03-20 01:33:30 --> Config Class Initialized
INFO - 2025-03-20 01:33:30 --> Loader Class Initialized
INFO - 2025-03-20 01:33:30 --> Helper loaded: url_helper
INFO - 2025-03-20 01:33:30 --> Helper loaded: easyui_helper
INFO - 2025-03-20 01:33:30 --> Helper loaded: param_helper
INFO - 2025-03-20 01:33:30 --> Helper loaded: credential_helper
INFO - 2025-03-20 01:33:30 --> Helper loaded: template_helper
INFO - 2025-03-20 01:33:30 --> Helper loaded: rest_helper
INFO - 2025-03-20 01:33:30 --> Database Driver Class Initialized
DEBUG - 2025-03-20 01:33:30 --> Idgenerator class already loaded. Second attempt ignored.
INFO - 2025-03-20 01:33:30 --> Controller Class Initialized
INFO - 2025-03-20 01:33:30 --> Model Class Initialized
DEBUG - 2025-03-20 01:33:30 --> File loaded: /apps/web-drc/application/modules/visibility_program_active/models/Visibility_program_model.php
INFO - 2025-03-20 01:33:30 --> Model Class Initialized
DEBUG - 2025-03-20 01:33:30 --> File loaded: /apps/web-drc/application/modules/visibility_program_active/views/content.php
DEBUG - 2025-03-20 01:33:30 --> File loaded: /apps/web-drc/application/views/templates/header.php
DEBUG - 2025-03-20 01:33:30 --> File loaded: /apps/web-drc/application/views/templates/toolbar.php
DEBUG - 2025-03-20 01:33:30 --> File loaded: /apps/web-drc/application/views/templates/sidebar.php
DEBUG - 2025-03-20 01:33:30 --> File loaded: /apps/web-drc/application/views/templates/contents.php
DEBUG - 2025-03-20 01:33:30 --> File loaded: /apps/web-drc/application/views/templates/content_footer.php
DEBUG - 2025-03-20 01:33:30 --> File loaded: /apps/web-drc/application/views/templates/footer.php
DEBUG - 2025-03-20 01:33:30 --> File loaded: /apps/web-drc/application/views/templates/default.php
INFO - 2025-03-20 01:33:30 --> Final output sent to browser
DEBUG - 2025-03-20 01:33:30 --> Total execution time: 0.0060
INFO - 2025-03-20 01:33:33 --> Config Class Initialized
INFO - 2025-03-20 01:33:33 --> Hooks Class Initialized
DEBUG - 2025-03-20 01:33:33 --> UTF-8 Support Enabled
INFO - 2025-03-20 01:33:33 --> Utf8 Class Initialized
INFO - 2025-03-20 01:33:33 --> URI Class Initialized
INFO - 2025-03-20 01:33:33 --> Router Class Initialized
INFO - 2025-03-20 01:33:33 --> Output Class Initialized
INFO - 2025-03-20 01:33:33 --> Security Class Initialized
DEBUG - 2025-03-20 01:33:33 --> Global POST, GET and COOKIE data sanitized
INFO - 2025-03-20 01:33:33 --> Input Class Initialized
INFO - 2025-03-20 01:33:33 --> Language Class Initialized
ERROR - 2025-03-20 01:33:33 --> 404 Page Not Found: /index
INFO - 2025-03-20 01:33:35 --> Config Class Initialized
INFO - 2025-03-20 01:33:35 --> Hooks Class Initialized
DEBUG - 2025-03-20 01:33:35 --> UTF-8 Support Enabled
INFO - 2025-03-20 01:33:35 --> Utf8 Class Initialized
INFO - 2025-03-20 01:33:35 --> URI Class Initialized
INFO - 2025-03-20 01:33:35 --> Router Class Initialized
INFO - 2025-03-20 01:33:35 --> Output Class Initialized
INFO - 2025-03-20 01:33:35 --> Security Class Initialized
DEBUG - 2025-03-20 01:33:35 --> Global POST, GET and COOKIE data sanitized
INFO - 2025-03-20 01:33:35 --> Input Class Initialized
INFO - 2025-03-20 01:33:35 --> Language Class Initialized
INFO - 2025-03-20 01:33:35 --> Language Class Initialized
INFO - 2025-03-20 01:33:35 --> Config Class Initialized
INFO - 2025-03-20 01:33:35 --> Loader Class Initialized
INFO - 2025-03-20 01:33:35 --> Helper loaded: url_helper
INFO - 2025-03-20 01:33:35 --> Helper loaded: easyui_helper
INFO - 2025-03-20 01:33:35 --> Helper loaded: param_helper
INFO - 2025-03-20 01:33:35 --> Helper loaded: credential_helper
INFO - 2025-03-20 01:33:35 --> Helper loaded: template_helper
INFO - 2025-03-20 01:33:35 --> Helper loaded: rest_helper
INFO - 2025-03-20 01:33:35 --> Database Driver Class Initialized
DEBUG - 2025-03-20 01:33:35 --> Idgenerator class already loaded. Second attempt ignored.
INFO - 2025-03-20 01:33:35 --> Controller Class Initialized
INFO - 2025-03-20 01:33:35 --> Model Class Initialized
DEBUG - 2025-03-20 01:33:35 --> File loaded: /apps/web-drc/application/modules/visibility_program_active/models/Visibility_program_model.php
INFO - 2025-03-20 01:33:35 --> Model Class Initialized
INFO - 2025-03-20 01:33:35 --> Final output sent to browser
DEBUG - 2025-03-20 01:33:35 --> Total execution time: 0.0055
INFO - 2025-03-20 01:33:36 --> Config Class Initialized
INFO - 2025-03-20 01:33:36 --> Hooks Class Initialized
DEBUG - 2025-03-20 01:33:36 --> UTF-8 Support Enabled
INFO - 2025-03-20 01:33:36 --> Utf8 Class Initialized
INFO - 2025-03-20 01:33:36 --> URI Class Initialized
INFO - 2025-03-20 01:33:36 --> Router Class Initialized
INFO - 2025-03-20 01:33:36 --> Output Class Initialized
INFO - 2025-03-20 01:33:36 --> Security Class Initialized
DEBUG - 2025-03-20 01:33:36 --> Global POST, GET and COOKIE data sanitized
INFO - 2025-03-20 01:33:36 --> Input Class Initialized
INFO - 2025-03-20 01:33:36 --> Language Class Initialized
ERROR - 2025-03-20 01:33:36 --> 404 Page Not Found: /index
INFO - 2025-03-20 01:35:52 --> Config Class Initialized
INFO - 2025-03-20 01:35:52 --> Hooks Class Initialized
DEBUG - 2025-03-20 01:35:52 --> UTF-8 Support Enabled
INFO - 2025-03-20 01:35:52 --> Utf8 Class Initialized
INFO - 2025-03-20 01:35:52 --> URI Class Initialized
INFO - 2025-03-20 01:35:52 --> Router Class Initialized
INFO - 2025-03-20 01:35:52 --> Output Class Initialized
INFO - 2025-03-20 01:35:52 --> Security Class Initialized
DEBUG - 2025-03-20 01:35:52 --> Global POST, GET and COOKIE data sanitized
INFO - 2025-03-20 01:35:52 --> Input Class Initialized
INFO - 2025-03-20 01:35:52 --> Language Class Initialized
INFO - 2025-03-20 01:35:52 --> Language Class Initialized
INFO - 2025-03-20 01:35:52 --> Config Class Initialized
INFO - 2025-03-20 01:35:52 --> Loader Class Initialized
INFO - 2025-03-20 01:35:52 --> Helper loaded: url_helper
INFO - 2025-03-20 01:35:52 --> Helper loaded: easyui_helper
INFO - 2025-03-20 01:35:52 --> Helper loaded: param_helper
INFO - 2025-03-20 01:35:52 --> Helper loaded: credential_helper
INFO - 2025-03-20 01:35:52 --> Helper loaded: template_helper
INFO - 2025-03-20 01:35:52 --> Helper loaded: rest_helper
INFO - 2025-03-20 01:35:52 --> Database Driver Class Initialized
DEBUG - 2025-03-20 01:35:52 --> Idgenerator class already loaded. Second attempt ignored.
INFO - 2025-03-20 01:35:52 --> Controller Class Initialized
INFO - 2025-03-20 01:35:52 --> Model Class Initialized
DEBUG - 2025-03-20 01:35:52 --> File loaded: /apps/web-drc/application/modules/visibility_program_active/models/Visibility_program_model.php
INFO - 2025-03-20 01:35:52 --> Model Class Initialized
DEBUG - 2025-03-20 01:35:52 --> File loaded: /apps/web-drc/application/modules/visibility_program_active/views/content.php
DEBUG - 2025-03-20 01:35:52 --> File loaded: /apps/web-drc/application/views/templates/header.php
DEBUG - 2025-03-20 01:35:52 --> File loaded: /apps/web-drc/application/views/templates/toolbar.php
DEBUG - 2025-03-20 01:35:52 --> File loaded: /apps/web-drc/application/views/templates/sidebar.php
DEBUG - 2025-03-20 01:35:52 --> File loaded: /apps/web-drc/application/views/templates/contents.php
DEBUG - 2025-03-20 01:35:52 --> File loaded: /apps/web-drc/application/views/templates/content_footer.php
DEBUG - 2025-03-20 01:35:52 --> File loaded: /apps/web-drc/application/views/templates/footer.php
DEBUG - 2025-03-20 01:35:52 --> File loaded: /apps/web-drc/application/views/templates/default.php
INFO - 2025-03-20 01:35:52 --> Final output sent to browser
DEBUG - 2025-03-20 01:35:52 --> Total execution time: 0.0064
INFO - 2025-03-20 01:35:54 --> Config Class Initialized
INFO - 2025-03-20 01:35:54 --> Hooks Class Initialized
DEBUG - 2025-03-20 01:35:54 --> UTF-8 Support Enabled
INFO - 2025-03-20 01:35:54 --> Utf8 Class Initialized
INFO - 2025-03-20 01:35:54 --> URI Class Initialized
INFO - 2025-03-20 01:35:54 --> Router Class Initialized
INFO - 2025-03-20 01:35:54 --> Output Class Initialized
INFO - 2025-03-20 01:35:54 --> Security Class Initialized
DEBUG - 2025-03-20 01:35:54 --> Global POST, GET and COOKIE data sanitized
INFO - 2025-03-20 01:35:54 --> Input Class Initialized
INFO - 2025-03-20 01:35:54 --> Language Class Initialized
ERROR - 2025-03-20 01:35:54 --> 404 Page Not Found: /index
INFO - 2025-03-20 01:35:55 --> Config Class Initialized
INFO - 2025-03-20 01:35:55 --> Hooks Class Initialized
DEBUG - 2025-03-20 01:35:55 --> UTF-8 Support Enabled
INFO - 2025-03-20 01:35:55 --> Utf8 Class Initialized
INFO - 2025-03-20 01:35:55 --> URI Class Initialized
INFO - 2025-03-20 01:35:55 --> Router Class Initialized
INFO - 2025-03-20 01:35:55 --> Output Class Initialized
INFO - 2025-03-20 01:35:55 --> Security Class Initialized
DEBUG - 2025-03-20 01:35:55 --> Global POST, GET and COOKIE data sanitized
INFO - 2025-03-20 01:35:55 --> Input Class Initialized
INFO - 2025-03-20 01:35:55 --> Language Class Initialized
INFO - 2025-03-20 01:35:55 --> Language Class Initialized
INFO - 2025-03-20 01:35:55 --> Config Class Initialized
INFO - 2025-03-20 01:35:55 --> Loader Class Initialized
INFO - 2025-03-20 01:35:55 --> Helper loaded: url_helper
INFO - 2025-03-20 01:35:55 --> Helper loaded: easyui_helper
INFO - 2025-03-20 01:35:55 --> Helper loaded: param_helper
INFO - 2025-03-20 01:35:55 --> Helper loaded: credential_helper
INFO - 2025-03-20 01:35:55 --> Helper loaded: template_helper
INFO - 2025-03-20 01:35:55 --> Helper loaded: rest_helper
INFO - 2025-03-20 01:35:55 --> Database Driver Class Initialized
DEBUG - 2025-03-20 01:35:55 --> Idgenerator class already loaded. Second attempt ignored.
INFO - 2025-03-20 01:35:55 --> Controller Class Initialized
INFO - 2025-03-20 01:35:55 --> Model Class Initialized
DEBUG - 2025-03-20 01:35:55 --> File loaded: /apps/web-drc/application/modules/visibility_program_active/models/Visibility_program_model.php
INFO - 2025-03-20 01:35:55 --> Model Class Initialized
INFO - 2025-03-20 01:35:55 --> Final output sent to browser
DEBUG - 2025-03-20 01:35:55 --> Total execution time: 0.0045
INFO - 2025-03-20 01:35:58 --> Config Class Initialized
INFO - 2025-03-20 01:35:58 --> Hooks Class Initialized
DEBUG - 2025-03-20 01:35:58 --> UTF-8 Support Enabled
INFO - 2025-03-20 01:35:58 --> Utf8 Class Initialized
INFO - 2025-03-20 01:35:58 --> URI Class Initialized
INFO - 2025-03-20 01:35:58 --> Router Class Initialized
INFO - 2025-03-20 01:35:58 --> Output Class Initialized
INFO - 2025-03-20 01:35:58 --> Security Class Initialized
DEBUG - 2025-03-20 01:35:58 --> Global POST, GET and COOKIE data sanitized
INFO - 2025-03-20 01:35:58 --> Input Class Initialized
INFO - 2025-03-20 01:35:58 --> Language Class Initialized
ERROR - 2025-03-20 01:35:58 --> 404 Page Not Found: /index
INFO - 2025-03-20 01:36:02 --> Config Class Initialized
INFO - 2025-03-20 01:36:02 --> Hooks Class Initialized
DEBUG - 2025-03-20 01:36:02 --> UTF-8 Support Enabled
INFO - 2025-03-20 01:36:02 --> Utf8 Class Initialized
INFO - 2025-03-20 01:36:02 --> URI Class Initialized
INFO - 2025-03-20 01:36:02 --> Router Class Initialized
INFO - 2025-03-20 01:36:02 --> Output Class Initialized
INFO - 2025-03-20 01:36:02 --> Security Class Initialized
DEBUG - 2025-03-20 01:36:02 --> Global POST, GET and COOKIE data sanitized
INFO - 2025-03-20 01:36:02 --> Input Class Initialized
INFO - 2025-03-20 01:36:02 --> Language Class Initialized
INFO - 2025-03-20 01:36:02 --> Language Class Initialized
INFO - 2025-03-20 01:36:02 --> Config Class Initialized
INFO - 2025-03-20 01:36:02 --> Loader Class Initialized
INFO - 2025-03-20 01:36:02 --> Helper loaded: url_helper
INFO - 2025-03-20 01:36:02 --> Helper loaded: easyui_helper
INFO - 2025-03-20 01:36:02 --> Helper loaded: param_helper
INFO - 2025-03-20 01:36:02 --> Helper loaded: credential_helper
INFO - 2025-03-20 01:36:02 --> Helper loaded: template_helper
INFO - 2025-03-20 01:36:02 --> Helper loaded: rest_helper
INFO - 2025-03-20 01:36:02 --> Database Driver Class Initialized
DEBUG - 2025-03-20 01:36:02 --> Idgenerator class already loaded. Second attempt ignored.
INFO - 2025-03-20 01:36:02 --> Controller Class Initialized
INFO - 2025-03-20 01:36:02 --> Model Class Initialized
DEBUG - 2025-03-20 01:36:02 --> File loaded: /apps/web-drc/application/modules/visibility_program_active/models/Visibility_program_model.php
INFO - 2025-03-20 01:36:02 --> Model Class Initialized
DEBUG - 2025-03-20 01:36:02 --> File loaded: /apps/web-drc/application/modules/visibility_program_active/views/content.php
DEBUG - 2025-03-20 01:36:02 --> File loaded: /apps/web-drc/application/views/templates/header.php
DEBUG - 2025-03-20 01:36:02 --> File loaded: /apps/web-drc/application/views/templates/toolbar.php
DEBUG - 2025-03-20 01:36:02 --> File loaded: /apps/web-drc/application/views/templates/sidebar.php
DEBUG - 2025-03-20 01:36:02 --> File loaded: /apps/web-drc/application/views/templates/contents.php
DEBUG - 2025-03-20 01:36:02 --> File loaded: /apps/web-drc/application/views/templates/content_footer.php
DEBUG - 2025-03-20 01:36:02 --> File loaded: /apps/web-drc/application/views/templates/footer.php
DEBUG - 2025-03-20 01:36:02 --> File loaded: /apps/web-drc/application/views/templates/default.php
INFO - 2025-03-20 01:36:02 --> Final output sent to browser
DEBUG - 2025-03-20 01:36:02 --> Total execution time: 0.0073
INFO - 2025-03-20 01:36:05 --> Config Class Initialized
INFO - 2025-03-20 01:36:05 --> Hooks Class Initialized
DEBUG - 2025-03-20 01:36:05 --> UTF-8 Support Enabled
INFO - 2025-03-20 01:36:05 --> Utf8 Class Initialized
INFO - 2025-03-20 01:36:05 --> URI Class Initialized
INFO - 2025-03-20 01:36:05 --> Router Class Initialized
INFO - 2025-03-20 01:36:05 --> Output Class Initialized
INFO - 2025-03-20 01:36:05 --> Security Class Initialized
DEBUG - 2025-03-20 01:36:05 --> Global POST, GET and COOKIE data sanitized
INFO - 2025-03-20 01:36:05 --> Input Class Initialized
INFO - 2025-03-20 01:36:05 --> Language Class Initialized
ERROR - 2025-03-20 01:36:05 --> 404 Page Not Found: /index
INFO - 2025-03-20 01:36:05 --> Config Class Initialized
INFO - 2025-03-20 01:36:05 --> Hooks Class Initialized
DEBUG - 2025-03-20 01:36:05 --> UTF-8 Support Enabled
INFO - 2025-03-20 01:36:05 --> Utf8 Class Initialized
INFO - 2025-03-20 01:36:05 --> URI Class Initialized
INFO - 2025-03-20 01:36:05 --> Router Class Initialized
INFO - 2025-03-20 01:36:05 --> Output Class Initialized
INFO - 2025-03-20 01:36:05 --> Security Class Initialized
DEBUG - 2025-03-20 01:36:05 --> Global POST, GET and COOKIE data sanitized
INFO - 2025-03-20 01:36:05 --> Input Class Initialized
INFO - 2025-03-20 01:36:05 --> Language Class Initialized
INFO - 2025-03-20 01:36:05 --> Language Class Initialized
INFO - 2025-03-20 01:36:05 --> Config Class Initialized
INFO - 2025-03-20 01:36:05 --> Loader Class Initialized
INFO - 2025-03-20 01:36:05 --> Helper loaded: url_helper
INFO - 2025-03-20 01:36:05 --> Helper loaded: easyui_helper
INFO - 2025-03-20 01:36:05 --> Helper loaded: param_helper
INFO - 2025-03-20 01:36:05 --> Helper loaded: credential_helper
INFO - 2025-03-20 01:36:05 --> Helper loaded: template_helper
INFO - 2025-03-20 01:36:05 --> Helper loaded: rest_helper
INFO - 2025-03-20 01:36:05 --> Database Driver Class Initialized
DEBUG - 2025-03-20 01:36:05 --> Idgenerator class already loaded. Second attempt ignored.
INFO - 2025-03-20 01:36:05 --> Controller Class Initialized
INFO - 2025-03-20 01:36:05 --> Model Class Initialized
DEBUG - 2025-03-20 01:36:05 --> File loaded: /apps/web-drc/application/modules/visibility_program_active/models/Visibility_program_model.php
INFO - 2025-03-20 01:36:05 --> Model Class Initialized
INFO - 2025-03-20 01:36:05 --> Final output sent to browser
DEBUG - 2025-03-20 01:36:05 --> Total execution time: 0.0060
INFO - 2025-03-20 01:36:06 --> Config Class Initialized
INFO - 2025-03-20 01:36:06 --> Hooks Class Initialized
DEBUG - 2025-03-20 01:36:06 --> UTF-8 Support Enabled
INFO - 2025-03-20 01:36:06 --> Utf8 Class Initialized
INFO - 2025-03-20 01:36:06 --> URI Class Initialized
INFO - 2025-03-20 01:36:06 --> Router Class Initialized
INFO - 2025-03-20 01:36:06 --> Output Class Initialized
INFO - 2025-03-20 01:36:06 --> Security Class Initialized
DEBUG - 2025-03-20 01:36:06 --> Global POST, GET and COOKIE data sanitized
INFO - 2025-03-20 01:36:06 --> Input Class Initialized
INFO - 2025-03-20 01:36:06 --> Language Class Initialized
ERROR - 2025-03-20 01:36:06 --> 404 Page Not Found: /index
INFO - 2025-03-20 01:36:08 --> Config Class Initialized
INFO - 2025-03-20 01:36:08 --> Hooks Class Initialized
DEBUG - 2025-03-20 01:36:08 --> UTF-8 Support Enabled
INFO - 2025-03-20 01:36:08 --> Utf8 Class Initialized
INFO - 2025-03-20 01:36:08 --> URI Class Initialized
INFO - 2025-03-20 01:36:08 --> Router Class Initialized
INFO - 2025-03-20 01:36:08 --> Output Class Initialized
INFO - 2025-03-20 01:36:08 --> Security Class Initialized
DEBUG - 2025-03-20 01:36:08 --> Global POST, GET and COOKIE data sanitized
INFO - 2025-03-20 01:36:08 --> Input Class Initialized
INFO - 2025-03-20 01:36:08 --> Language Class Initialized
INFO - 2025-03-20 01:36:08 --> Language Class Initialized
INFO - 2025-03-20 01:36:08 --> Config Class Initialized
INFO - 2025-03-20 01:36:08 --> Loader Class Initialized
INFO - 2025-03-20 01:36:08 --> Helper loaded: url_helper
INFO - 2025-03-20 01:36:08 --> Helper loaded: easyui_helper
INFO - 2025-03-20 01:36:08 --> Helper loaded: param_helper
INFO - 2025-03-20 01:36:08 --> Helper loaded: credential_helper
INFO - 2025-03-20 01:36:08 --> Helper loaded: template_helper
INFO - 2025-03-20 01:36:08 --> Helper loaded: rest_helper
INFO - 2025-03-20 01:36:08 --> Database Driver Class Initialized
DEBUG - 2025-03-20 01:36:08 --> Idgenerator class already loaded. Second attempt ignored.
INFO - 2025-03-20 01:36:08 --> Controller Class Initialized
INFO - 2025-03-20 01:36:08 --> Model Class Initialized
DEBUG - 2025-03-20 01:36:08 --> File loaded: /apps/web-drc/application/modules/visibility_program_active/models/Visibility_program_model.php
INFO - 2025-03-20 01:36:08 --> Model Class Initialized
DEBUG - 2025-03-20 01:36:08 --> File loaded: /apps/web-drc/application/modules/visibility_program_active/views/form.php
DEBUG - 2025-03-20 01:36:08 --> File loaded: /apps/web-drc/application/views/templates/header.php
DEBUG - 2025-03-20 01:36:08 --> File loaded: /apps/web-drc/application/views/templates/toolbar.php
DEBUG - 2025-03-20 01:36:08 --> File loaded: /apps/web-drc/application/views/templates/sidebar.php
DEBUG - 2025-03-20 01:36:08 --> File loaded: /apps/web-drc/application/views/templates/contents.php
DEBUG - 2025-03-20 01:36:08 --> File loaded: /apps/web-drc/application/views/templates/content_footer.php
DEBUG - 2025-03-20 01:36:08 --> File loaded: /apps/web-drc/application/views/templates/footer.php
DEBUG - 2025-03-20 01:36:08 --> File loaded: /apps/web-drc/application/views/templates/default.php
INFO - 2025-03-20 01:36:08 --> Final output sent to browser
DEBUG - 2025-03-20 01:36:08 --> Total execution time: 0.0090
INFO - 2025-03-20 01:36:08 --> Config Class Initialized
INFO - 2025-03-20 01:36:08 --> Hooks Class Initialized
DEBUG - 2025-03-20 01:36:08 --> UTF-8 Support Enabled
INFO - 2025-03-20 01:36:08 --> Utf8 Class Initialized
INFO - 2025-03-20 01:36:08 --> URI Class Initialized
INFO - 2025-03-20 01:36:08 --> Router Class Initialized
INFO - 2025-03-20 01:36:08 --> Output Class Initialized
INFO - 2025-03-20 01:36:08 --> Security Class Initialized
DEBUG - 2025-03-20 01:36:08 --> Global POST, GET and COOKIE data sanitized
INFO - 2025-03-20 01:36:08 --> Input Class Initialized
INFO - 2025-03-20 01:36:08 --> Language Class Initialized
ERROR - 2025-03-20 01:36:08 --> 404 Page Not Found: /index
INFO - 2025-03-20 01:36:08 --> Config Class Initialized
INFO - 2025-03-20 01:36:08 --> Hooks Class Initialized
DEBUG - 2025-03-20 01:36:08 --> UTF-8 Support Enabled
INFO - 2025-03-20 01:36:08 --> Utf8 Class Initialized
INFO - 2025-03-20 01:36:08 --> URI Class Initialized
INFO - 2025-03-20 01:36:08 --> Router Class Initialized
INFO - 2025-03-20 01:36:08 --> Output Class Initialized
INFO - 2025-03-20 01:36:08 --> Security Class Initialized
DEBUG - 2025-03-20 01:36:08 --> Global POST, GET and COOKIE data sanitized
INFO - 2025-03-20 01:36:08 --> Input Class Initialized
INFO - 2025-03-20 01:36:08 --> Language Class Initialized
INFO - 2025-03-20 01:36:08 --> Language Class Initialized
INFO - 2025-03-20 01:36:08 --> Config Class Initialized
INFO - 2025-03-20 01:36:08 --> Loader Class Initialized
INFO - 2025-03-20 01:36:08 --> Helper loaded: url_helper
INFO - 2025-03-20 01:36:08 --> Helper loaded: easyui_helper
INFO - 2025-03-20 01:36:08 --> Helper loaded: param_helper
INFO - 2025-03-20 01:36:08 --> Helper loaded: credential_helper
INFO - 2025-03-20 01:36:08 --> Helper loaded: template_helper
INFO - 2025-03-20 01:36:08 --> Helper loaded: rest_helper
INFO - 2025-03-20 01:36:08 --> Database Driver Class Initialized
DEBUG - 2025-03-20 01:36:08 --> Idgenerator class already loaded. Second attempt ignored.
INFO - 2025-03-20 01:36:08 --> Controller Class Initialized
INFO - 2025-03-20 01:36:08 --> Model Class Initialized
DEBUG - 2025-03-20 01:36:08 --> File loaded: /apps/web-drc/application/modules/api_v1/models/Api_v1_model.php
INFO - 2025-03-20 01:36:08 --> Model Class Initialized
INFO - 2025-03-20 01:36:08 --> Final output sent to browser
DEBUG - 2025-03-20 01:36:08 --> Total execution time: 0.0033
INFO - 2025-03-20 01:45:39 --> Config Class Initialized
INFO - 2025-03-20 01:45:39 --> Hooks Class Initialized
DEBUG - 2025-03-20 01:45:39 --> UTF-8 Support Enabled
INFO - 2025-03-20 01:45:39 --> Utf8 Class Initialized
INFO - 2025-03-20 01:45:39 --> URI Class Initialized
INFO - 2025-03-20 01:45:39 --> Router Class Initialized
INFO - 2025-03-20 01:45:39 --> Output Class Initialized
INFO - 2025-03-20 01:45:39 --> Security Class Initialized
DEBUG - 2025-03-20 01:45:39 --> Global POST, GET and COOKIE data sanitized
INFO - 2025-03-20 01:45:39 --> Input Class Initialized
INFO - 2025-03-20 01:45:39 --> Language Class Initialized
INFO - 2025-03-20 01:45:39 --> Language Class Initialized
INFO - 2025-03-20 01:45:39 --> Config Class Initialized
INFO - 2025-03-20 01:45:39 --> Loader Class Initialized
INFO - 2025-03-20 01:45:39 --> Helper loaded: url_helper
INFO - 2025-03-20 01:45:39 --> Helper loaded: easyui_helper
INFO - 2025-03-20 01:45:39 --> Helper loaded: param_helper
INFO - 2025-03-20 01:45:39 --> Helper loaded: credential_helper
INFO - 2025-03-20 01:45:39 --> Helper loaded: template_helper
INFO - 2025-03-20 01:45:39 --> Helper loaded: rest_helper
INFO - 2025-03-20 01:45:39 --> Database Driver Class Initialized
DEBUG - 2025-03-20 01:45:39 --> Idgenerator class already loaded. Second attempt ignored.
INFO - 2025-03-20 01:45:39 --> Controller Class Initialized
INFO - 2025-03-20 01:45:39 --> Model Class Initialized
DEBUG - 2025-03-20 01:45:39 --> File loaded: /apps/web-drc/application/modules/visibility_program_active/models/Visibility_program_model.php
INFO - 2025-03-20 01:45:39 --> Model Class Initialized
DEBUG - 2025-03-20 01:45:39 --> File loaded: /apps/web-drc/application/modules/visibility_program_active/views/form.php
DEBUG - 2025-03-20 01:45:39 --> File loaded: /apps/web-drc/application/views/templates/header.php
DEBUG - 2025-03-20 01:45:39 --> File loaded: /apps/web-drc/application/views/templates/toolbar.php
DEBUG - 2025-03-20 01:45:39 --> File loaded: /apps/web-drc/application/views/templates/sidebar.php
DEBUG - 2025-03-20 01:45:39 --> File loaded: /apps/web-drc/application/views/templates/contents.php
DEBUG - 2025-03-20 01:45:39 --> File loaded: /apps/web-drc/application/views/templates/content_footer.php
DEBUG - 2025-03-20 01:45:39 --> File loaded: /apps/web-drc/application/views/templates/footer.php
DEBUG - 2025-03-20 01:45:39 --> File loaded: /apps/web-drc/application/views/templates/default.php
INFO - 2025-03-20 01:45:39 --> Final output sent to browser
DEBUG - 2025-03-20 01:45:39 --> Total execution time: 0.0079
INFO - 2025-03-20 01:45:41 --> Config Class Initialized
INFO - 2025-03-20 01:45:41 --> Hooks Class Initialized
DEBUG - 2025-03-20 01:45:41 --> UTF-8 Support Enabled
INFO - 2025-03-20 01:45:41 --> Utf8 Class Initialized
INFO - 2025-03-20 01:45:41 --> URI Class Initialized
INFO - 2025-03-20 01:45:41 --> Router Class Initialized
INFO - 2025-03-20 01:45:41 --> Output Class Initialized
INFO - 2025-03-20 01:45:41 --> Security Class Initialized
DEBUG - 2025-03-20 01:45:41 --> Global POST, GET and COOKIE data sanitized
INFO - 2025-03-20 01:45:41 --> Input Class Initialized
INFO - 2025-03-20 01:45:41 --> Language Class Initialized
ERROR - 2025-03-20 01:45:41 --> 404 Page Not Found: /index
INFO - 2025-03-20 01:45:42 --> Config Class Initialized
INFO - 2025-03-20 01:45:42 --> Hooks Class Initialized
DEBUG - 2025-03-20 01:45:42 --> UTF-8 Support Enabled
INFO - 2025-03-20 01:45:42 --> Utf8 Class Initialized
INFO - 2025-03-20 01:45:42 --> URI Class Initialized
INFO - 2025-03-20 01:45:42 --> Router Class Initialized
INFO - 2025-03-20 01:45:42 --> Output Class Initialized
INFO - 2025-03-20 01:45:42 --> Security Class Initialized
DEBUG - 2025-03-20 01:45:42 --> Global POST, GET and COOKIE data sanitized
INFO - 2025-03-20 01:45:42 --> Input Class Initialized
INFO - 2025-03-20 01:45:42 --> Language Class Initialized
INFO - 2025-03-20 01:45:42 --> Language Class Initialized
INFO - 2025-03-20 01:45:42 --> Config Class Initialized
INFO - 2025-03-20 01:45:42 --> Loader Class Initialized
INFO - 2025-03-20 01:45:42 --> Helper loaded: url_helper
INFO - 2025-03-20 01:45:42 --> Helper loaded: easyui_helper
INFO - 2025-03-20 01:45:42 --> Helper loaded: param_helper
INFO - 2025-03-20 01:45:42 --> Helper loaded: credential_helper
INFO - 2025-03-20 01:45:42 --> Helper loaded: template_helper
INFO - 2025-03-20 01:45:42 --> Helper loaded: rest_helper
INFO - 2025-03-20 01:45:42 --> Database Driver Class Initialized
DEBUG - 2025-03-20 01:45:42 --> Idgenerator class already loaded. Second attempt ignored.
INFO - 2025-03-20 01:45:42 --> Controller Class Initialized
INFO - 2025-03-20 01:45:42 --> Model Class Initialized
DEBUG - 2025-03-20 01:45:42 --> File loaded: /apps/web-drc/application/modules/api_v1/models/Api_v1_model.php
INFO - 2025-03-20 01:45:42 --> Model Class Initialized
INFO - 2025-03-20 01:45:42 --> Final output sent to browser
DEBUG - 2025-03-20 01:45:42 --> Total execution time: 0.0036
INFO - 2025-03-20 01:45:43 --> Config Class Initialized
INFO - 2025-03-20 01:45:43 --> Hooks Class Initialized
DEBUG - 2025-03-20 01:45:43 --> UTF-8 Support Enabled
INFO - 2025-03-20 01:45:43 --> Utf8 Class Initialized
INFO - 2025-03-20 01:45:43 --> URI Class Initialized
INFO - 2025-03-20 01:45:43 --> Router Class Initialized
INFO - 2025-03-20 01:45:43 --> Output Class Initialized
INFO - 2025-03-20 01:45:43 --> Security Class Initialized
DEBUG - 2025-03-20 01:45:43 --> Global POST, GET and COOKIE data sanitized
INFO - 2025-03-20 01:45:43 --> Input Class Initialized
INFO - 2025-03-20 01:45:43 --> Language Class Initialized
ERROR - 2025-03-20 01:45:43 --> 404 Page Not Found: /index
INFO - 2025-03-20 01:45:45 --> Config Class Initialized
INFO - 2025-03-20 01:45:45 --> Hooks Class Initialized
DEBUG - 2025-03-20 01:45:45 --> UTF-8 Support Enabled
INFO - 2025-03-20 01:45:45 --> Utf8 Class Initialized
INFO - 2025-03-20 01:45:45 --> URI Class Initialized
INFO - 2025-03-20 01:45:45 --> Router Class Initialized
INFO - 2025-03-20 01:45:45 --> Output Class Initialized
INFO - 2025-03-20 01:45:45 --> Security Class Initialized
DEBUG - 2025-03-20 01:45:45 --> Global POST, GET and COOKIE data sanitized
INFO - 2025-03-20 01:45:45 --> Input Class Initialized
INFO - 2025-03-20 01:45:45 --> Language Class Initialized
INFO - 2025-03-20 01:45:45 --> Language Class Initialized
INFO - 2025-03-20 01:45:45 --> Config Class Initialized
INFO - 2025-03-20 01:45:45 --> Loader Class Initialized
INFO - 2025-03-20 01:45:45 --> Helper loaded: url_helper
INFO - 2025-03-20 01:45:45 --> Helper loaded: easyui_helper
INFO - 2025-03-20 01:45:45 --> Helper loaded: param_helper
INFO - 2025-03-20 01:45:45 --> Helper loaded: credential_helper
INFO - 2025-03-20 01:45:45 --> Helper loaded: template_helper
INFO - 2025-03-20 01:45:45 --> Helper loaded: rest_helper
INFO - 2025-03-20 01:45:45 --> Database Driver Class Initialized
DEBUG - 2025-03-20 01:45:45 --> Idgenerator class already loaded. Second attempt ignored.
INFO - 2025-03-20 01:45:45 --> Controller Class Initialized
INFO - 2025-03-20 01:45:45 --> Model Class Initialized
DEBUG - 2025-03-20 01:45:45 --> File loaded: /apps/web-drc/application/modules/visibility_program_active/models/Visibility_program_model.php
INFO - 2025-03-20 01:45:45 --> Model Class Initialized
DEBUG - 2025-03-20 01:45:45 --> File loaded: /apps/web-drc/application/modules/visibility_program_active/views/form.php
DEBUG - 2025-03-20 01:45:45 --> File loaded: /apps/web-drc/application/views/templates/header.php
DEBUG - 2025-03-20 01:45:45 --> File loaded: /apps/web-drc/application/views/templates/toolbar.php
DEBUG - 2025-03-20 01:45:45 --> File loaded: /apps/web-drc/application/views/templates/sidebar.php
DEBUG - 2025-03-20 01:45:45 --> File loaded: /apps/web-drc/application/views/templates/contents.php
DEBUG - 2025-03-20 01:45:45 --> File loaded: /apps/web-drc/application/views/templates/content_footer.php
DEBUG - 2025-03-20 01:45:45 --> File loaded: /apps/web-drc/application/views/templates/footer.php
DEBUG - 2025-03-20 01:45:45 --> File loaded: /apps/web-drc/application/views/templates/default.php
INFO - 2025-03-20 01:45:45 --> Final output sent to browser
DEBUG - 2025-03-20 01:45:45 --> Total execution time: 0.0063
INFO - 2025-03-20 01:45:48 --> Config Class Initialized
INFO - 2025-03-20 01:45:48 --> Hooks Class Initialized
DEBUG - 2025-03-20 01:45:48 --> UTF-8 Support Enabled
INFO - 2025-03-20 01:45:48 --> Utf8 Class Initialized
INFO - 2025-03-20 01:45:48 --> URI Class Initialized
INFO - 2025-03-20 01:45:48 --> Router Class Initialized
INFO - 2025-03-20 01:45:48 --> Output Class Initialized
INFO - 2025-03-20 01:45:48 --> Security Class Initialized
DEBUG - 2025-03-20 01:45:48 --> Global POST, GET and COOKIE data sanitized
INFO - 2025-03-20 01:45:48 --> Input Class Initialized
INFO - 2025-03-20 01:45:48 --> Language Class Initialized
ERROR - 2025-03-20 01:45:48 --> 404 Page Not Found: /index
INFO - 2025-03-20 01:45:48 --> Config Class Initialized
INFO - 2025-03-20 01:45:48 --> Hooks Class Initialized
DEBUG - 2025-03-20 01:45:48 --> UTF-8 Support Enabled
INFO - 2025-03-20 01:45:48 --> Utf8 Class Initialized
INFO - 2025-03-20 01:45:48 --> URI Class Initialized
INFO - 2025-03-20 01:45:48 --> Router Class Initialized
INFO - 2025-03-20 01:45:48 --> Output Class Initialized
INFO - 2025-03-20 01:45:48 --> Security Class Initialized
DEBUG - 2025-03-20 01:45:48 --> Global POST, GET and COOKIE data sanitized
INFO - 2025-03-20 01:45:48 --> Input Class Initialized
INFO - 2025-03-20 01:45:48 --> Language Class Initialized
INFO - 2025-03-20 01:45:48 --> Language Class Initialized
INFO - 2025-03-20 01:45:48 --> Config Class Initialized
INFO - 2025-03-20 01:45:48 --> Loader Class Initialized
INFO - 2025-03-20 01:45:48 --> Helper loaded: url_helper
INFO - 2025-03-20 01:45:48 --> Helper loaded: easyui_helper
INFO - 2025-03-20 01:45:48 --> Helper loaded: param_helper
INFO - 2025-03-20 01:45:48 --> Helper loaded: credential_helper
INFO - 2025-03-20 01:45:48 --> Helper loaded: template_helper
INFO - 2025-03-20 01:45:48 --> Helper loaded: rest_helper
INFO - 2025-03-20 01:45:48 --> Database Driver Class Initialized
DEBUG - 2025-03-20 01:45:48 --> Idgenerator class already loaded. Second attempt ignored.
INFO - 2025-03-20 01:45:48 --> Controller Class Initialized
INFO - 2025-03-20 01:45:48 --> Model Class Initialized
DEBUG - 2025-03-20 01:45:48 --> File loaded: /apps/web-drc/application/modules/api_v1/models/Api_v1_model.php
INFO - 2025-03-20 01:45:48 --> Model Class Initialized
INFO - 2025-03-20 01:45:48 --> Final output sent to browser
DEBUG - 2025-03-20 01:45:48 --> Total execution time: 0.0032
INFO - 2025-03-20 01:45:49 --> Config Class Initialized
INFO - 2025-03-20 01:45:49 --> Hooks Class Initialized
DEBUG - 2025-03-20 01:45:49 --> UTF-8 Support Enabled
INFO - 2025-03-20 01:45:49 --> Utf8 Class Initialized
INFO - 2025-03-20 01:45:49 --> URI Class Initialized
INFO - 2025-03-20 01:45:49 --> Router Class Initialized
INFO - 2025-03-20 01:45:49 --> Output Class Initialized
INFO - 2025-03-20 01:45:49 --> Security Class Initialized
DEBUG - 2025-03-20 01:45:49 --> Global POST, GET and COOKIE data sanitized
INFO - 2025-03-20 01:45:49 --> Input Class Initialized
INFO - 2025-03-20 01:45:49 --> Language Class Initialized
ERROR - 2025-03-20 01:45:49 --> 404 Page Not Found: /index
INFO - 2025-03-20 01:45:57 --> Config Class Initialized
INFO - 2025-03-20 01:45:57 --> Hooks Class Initialized
DEBUG - 2025-03-20 01:45:57 --> UTF-8 Support Enabled
INFO - 2025-03-20 01:45:57 --> Utf8 Class Initialized
INFO - 2025-03-20 01:45:57 --> URI Class Initialized
INFO - 2025-03-20 01:45:57 --> Router Class Initialized
INFO - 2025-03-20 01:45:57 --> Output Class Initialized
INFO - 2025-03-20 01:45:57 --> Security Class Initialized
DEBUG - 2025-03-20 01:45:57 --> Global POST, GET and COOKIE data sanitized
INFO - 2025-03-20 01:45:57 --> Input Class Initialized
INFO - 2025-03-20 01:45:57 --> Language Class Initialized
INFO - 2025-03-20 01:45:57 --> Language Class Initialized
INFO - 2025-03-20 01:45:57 --> Config Class Initialized
INFO - 2025-03-20 01:45:57 --> Loader Class Initialized
INFO - 2025-03-20 01:45:57 --> Helper loaded: url_helper
INFO - 2025-03-20 01:45:57 --> Helper loaded: easyui_helper
INFO - 2025-03-20 01:45:57 --> Helper loaded: param_helper
INFO - 2025-03-20 01:45:57 --> Helper loaded: credential_helper
INFO - 2025-03-20 01:45:57 --> Helper loaded: template_helper
INFO - 2025-03-20 01:45:57 --> Helper loaded: rest_helper
INFO - 2025-03-20 01:45:57 --> Database Driver Class Initialized
DEBUG - 2025-03-20 01:45:57 --> Idgenerator class already loaded. Second attempt ignored.
INFO - 2025-03-20 01:45:57 --> Controller Class Initialized
INFO - 2025-03-20 01:45:57 --> Model Class Initialized
DEBUG - 2025-03-20 01:45:57 --> File loaded: /apps/web-drc/application/modules/visibility_program_active/models/Visibility_program_model.php
INFO - 2025-03-20 01:45:57 --> Model Class Initialized
DEBUG - 2025-03-20 01:45:57 --> File loaded: /apps/web-drc/application/modules/visibility_program_active/views/content.php
DEBUG - 2025-03-20 01:45:57 --> File loaded: /apps/web-drc/application/views/templates/header.php
DEBUG - 2025-03-20 01:45:57 --> File loaded: /apps/web-drc/application/views/templates/toolbar.php
DEBUG - 2025-03-20 01:45:57 --> File loaded: /apps/web-drc/application/views/templates/sidebar.php
DEBUG - 2025-03-20 01:45:57 --> File loaded: /apps/web-drc/application/views/templates/contents.php
DEBUG - 2025-03-20 01:45:57 --> File loaded: /apps/web-drc/application/views/templates/content_footer.php
DEBUG - 2025-03-20 01:45:57 --> File loaded: /apps/web-drc/application/views/templates/footer.php
DEBUG - 2025-03-20 01:45:57 --> File loaded: /apps/web-drc/application/views/templates/default.php
INFO - 2025-03-20 01:45:57 --> Final output sent to browser
DEBUG - 2025-03-20 01:45:57 --> Total execution time: 0.0074
INFO - 2025-03-20 01:45:58 --> Config Class Initialized
INFO - 2025-03-20 01:45:58 --> Hooks Class Initialized
DEBUG - 2025-03-20 01:45:58 --> UTF-8 Support Enabled
INFO - 2025-03-20 01:45:58 --> Utf8 Class Initialized
INFO - 2025-03-20 01:45:58 --> URI Class Initialized
INFO - 2025-03-20 01:45:58 --> Router Class Initialized
INFO - 2025-03-20 01:45:58 --> Output Class Initialized
INFO - 2025-03-20 01:45:58 --> Security Class Initialized
DEBUG - 2025-03-20 01:45:58 --> Global POST, GET and COOKIE data sanitized
INFO - 2025-03-20 01:45:58 --> Input Class Initialized
INFO - 2025-03-20 01:45:58 --> Language Class Initialized
ERROR - 2025-03-20 01:45:58 --> 404 Page Not Found: /index
INFO - 2025-03-20 01:45:58 --> Config Class Initialized
INFO - 2025-03-20 01:45:58 --> Hooks Class Initialized
DEBUG - 2025-03-20 01:45:58 --> UTF-8 Support Enabled
INFO - 2025-03-20 01:45:58 --> Utf8 Class Initialized
INFO - 2025-03-20 01:45:58 --> URI Class Initialized
INFO - 2025-03-20 01:45:58 --> Router Class Initialized
INFO - 2025-03-20 01:45:58 --> Output Class Initialized
INFO - 2025-03-20 01:45:58 --> Security Class Initialized
DEBUG - 2025-03-20 01:45:58 --> Global POST, GET and COOKIE data sanitized
INFO - 2025-03-20 01:45:58 --> Input Class Initialized
INFO - 2025-03-20 01:45:58 --> Language Class Initialized
INFO - 2025-03-20 01:45:58 --> Language Class Initialized
INFO - 2025-03-20 01:45:58 --> Config Class Initialized
INFO - 2025-03-20 01:45:58 --> Loader Class Initialized
INFO - 2025-03-20 01:45:58 --> Helper loaded: url_helper
INFO - 2025-03-20 01:45:58 --> Helper loaded: easyui_helper
INFO - 2025-03-20 01:45:58 --> Helper loaded: param_helper
INFO - 2025-03-20 01:45:58 --> Helper loaded: credential_helper
INFO - 2025-03-20 01:45:58 --> Helper loaded: template_helper
INFO - 2025-03-20 01:45:58 --> Helper loaded: rest_helper
INFO - 2025-03-20 01:45:58 --> Database Driver Class Initialized
DEBUG - 2025-03-20 01:45:58 --> Idgenerator class already loaded. Second attempt ignored.
INFO - 2025-03-20 01:45:58 --> Controller Class Initialized
INFO - 2025-03-20 01:45:58 --> Model Class Initialized
DEBUG - 2025-03-20 01:45:58 --> File loaded: /apps/web-drc/application/modules/visibility_program_active/models/Visibility_program_model.php
INFO - 2025-03-20 01:45:58 --> Model Class Initialized
INFO - 2025-03-20 01:45:58 --> Final output sent to browser
DEBUG - 2025-03-20 01:45:58 --> Total execution time: 0.0074
INFO - 2025-03-20 01:45:59 --> Config Class Initialized
INFO - 2025-03-20 01:45:59 --> Hooks Class Initialized
DEBUG - 2025-03-20 01:45:59 --> UTF-8 Support Enabled
INFO - 2025-03-20 01:45:59 --> Utf8 Class Initialized
INFO - 2025-03-20 01:45:59 --> URI Class Initialized
INFO - 2025-03-20 01:45:59 --> Router Class Initialized
INFO - 2025-03-20 01:45:59 --> Output Class Initialized
INFO - 2025-03-20 01:45:59 --> Security Class Initialized
DEBUG - 2025-03-20 01:45:59 --> Global POST, GET and COOKIE data sanitized
INFO - 2025-03-20 01:45:59 --> Input Class Initialized
INFO - 2025-03-20 01:45:59 --> Language Class Initialized
INFO - 2025-03-20 01:45:59 --> Language Class Initialized
INFO - 2025-03-20 01:45:59 --> Config Class Initialized
INFO - 2025-03-20 01:45:59 --> Loader Class Initialized
INFO - 2025-03-20 01:45:59 --> Helper loaded: url_helper
INFO - 2025-03-20 01:45:59 --> Helper loaded: easyui_helper
INFO - 2025-03-20 01:45:59 --> Helper loaded: param_helper
INFO - 2025-03-20 01:45:59 --> Helper loaded: credential_helper
INFO - 2025-03-20 01:45:59 --> Helper loaded: template_helper
INFO - 2025-03-20 01:45:59 --> Helper loaded: rest_helper
INFO - 2025-03-20 01:45:59 --> Database Driver Class Initialized
DEBUG - 2025-03-20 01:45:59 --> Idgenerator class already loaded. Second attempt ignored.
INFO - 2025-03-20 01:45:59 --> Controller Class Initialized
INFO - 2025-03-20 01:45:59 --> Model Class Initialized
DEBUG - 2025-03-20 01:45:59 --> File loaded: /apps/web-drc/application/modules/visibility_program_active/models/Visibility_program_model.php
INFO - 2025-03-20 01:45:59 --> Model Class Initialized
DEBUG - 2025-03-20 01:45:59 --> File loaded: /apps/web-drc/application/modules/visibility_program_active/views/content.php
DEBUG - 2025-03-20 01:45:59 --> File loaded: /apps/web-drc/application/views/templates/header.php
DEBUG - 2025-03-20 01:45:59 --> File loaded: /apps/web-drc/application/views/templates/toolbar.php
DEBUG - 2025-03-20 01:45:59 --> File loaded: /apps/web-drc/application/views/templates/sidebar.php
DEBUG - 2025-03-20 01:45:59 --> File loaded: /apps/web-drc/application/views/templates/contents.php
DEBUG - 2025-03-20 01:45:59 --> File loaded: /apps/web-drc/application/views/templates/content_footer.php
DEBUG - 2025-03-20 01:45:59 --> File loaded: /apps/web-drc/application/views/templates/footer.php
DEBUG - 2025-03-20 01:45:59 --> File loaded: /apps/web-drc/application/views/templates/default.php
INFO - 2025-03-20 01:45:59 --> Final output sent to browser
DEBUG - 2025-03-20 01:45:59 --> Total execution time: 0.0076
INFO - 2025-03-20 01:46:02 --> Config Class Initialized
INFO - 2025-03-20 01:46:02 --> Hooks Class Initialized
DEBUG - 2025-03-20 01:46:02 --> UTF-8 Support Enabled
INFO - 2025-03-20 01:46:02 --> Utf8 Class Initialized
INFO - 2025-03-20 01:46:02 --> URI Class Initialized
INFO - 2025-03-20 01:46:02 --> Router Class Initialized
INFO - 2025-03-20 01:46:02 --> Output Class Initialized
INFO - 2025-03-20 01:46:02 --> Security Class Initialized
DEBUG - 2025-03-20 01:46:02 --> Global POST, GET and COOKIE data sanitized
INFO - 2025-03-20 01:46:02 --> Input Class Initialized
INFO - 2025-03-20 01:46:02 --> Language Class Initialized
ERROR - 2025-03-20 01:46:02 --> 404 Page Not Found: /index
INFO - 2025-03-20 01:46:03 --> Config Class Initialized
INFO - 2025-03-20 01:46:03 --> Hooks Class Initialized
DEBUG - 2025-03-20 01:46:03 --> UTF-8 Support Enabled
INFO - 2025-03-20 01:46:03 --> Utf8 Class Initialized
INFO - 2025-03-20 01:46:03 --> URI Class Initialized
INFO - 2025-03-20 01:46:03 --> Router Class Initialized
INFO - 2025-03-20 01:46:03 --> Output Class Initialized
INFO - 2025-03-20 01:46:03 --> Security Class Initialized
DEBUG - 2025-03-20 01:46:03 --> Global POST, GET and COOKIE data sanitized
INFO - 2025-03-20 01:46:03 --> Input Class Initialized
INFO - 2025-03-20 01:46:03 --> Language Class Initialized
INFO - 2025-03-20 01:46:03 --> Language Class Initialized
INFO - 2025-03-20 01:46:03 --> Config Class Initialized
INFO - 2025-03-20 01:46:03 --> Loader Class Initialized
INFO - 2025-03-20 01:46:03 --> Helper loaded: url_helper
INFO - 2025-03-20 01:46:03 --> Helper loaded: easyui_helper
INFO - 2025-03-20 01:46:03 --> Helper loaded: param_helper
INFO - 2025-03-20 01:46:03 --> Helper loaded: credential_helper
INFO - 2025-03-20 01:46:03 --> Helper loaded: template_helper
INFO - 2025-03-20 01:46:03 --> Helper loaded: rest_helper
INFO - 2025-03-20 01:46:03 --> Database Driver Class Initialized
DEBUG - 2025-03-20 01:46:03 --> Idgenerator class already loaded. Second attempt ignored.
INFO - 2025-03-20 01:46:03 --> Controller Class Initialized
INFO - 2025-03-20 01:46:03 --> Model Class Initialized
DEBUG - 2025-03-20 01:46:03 --> File loaded: /apps/web-drc/application/modules/visibility_program_active/models/Visibility_program_model.php
INFO - 2025-03-20 01:46:03 --> Model Class Initialized
INFO - 2025-03-20 01:46:03 --> Final output sent to browser
DEBUG - 2025-03-20 01:46:03 --> Total execution time: 0.0085
INFO - 2025-03-20 01:46:03 --> Config Class Initialized
INFO - 2025-03-20 01:46:03 --> Hooks Class Initialized
DEBUG - 2025-03-20 01:46:03 --> UTF-8 Support Enabled
INFO - 2025-03-20 01:46:03 --> Utf8 Class Initialized
INFO - 2025-03-20 01:46:03 --> URI Class Initialized
INFO - 2025-03-20 01:46:03 --> Router Class Initialized
INFO - 2025-03-20 01:46:03 --> Output Class Initialized
INFO - 2025-03-20 01:46:03 --> Security Class Initialized
DEBUG - 2025-03-20 01:46:03 --> Global POST, GET and COOKIE data sanitized
INFO - 2025-03-20 01:46:03 --> Input Class Initialized
INFO - 2025-03-20 01:46:03 --> Language Class Initialized
ERROR - 2025-03-20 01:46:03 --> 404 Page Not Found: /index
INFO - 2025-03-20 01:46:05 --> Config Class Initialized
INFO - 2025-03-20 01:46:05 --> Hooks Class Initialized
DEBUG - 2025-03-20 01:46:05 --> UTF-8 Support Enabled
INFO - 2025-03-20 01:46:05 --> Utf8 Class Initialized
INFO - 2025-03-20 01:46:05 --> URI Class Initialized
INFO - 2025-03-20 01:46:05 --> Router Class Initialized
INFO - 2025-03-20 01:46:05 --> Output Class Initialized
INFO - 2025-03-20 01:46:05 --> Security Class Initialized
DEBUG - 2025-03-20 01:46:05 --> Global POST, GET and COOKIE data sanitized
INFO - 2025-03-20 01:46:05 --> Input Class Initialized
INFO - 2025-03-20 01:46:05 --> Language Class Initialized
INFO - 2025-03-20 01:46:05 --> Language Class Initialized
INFO - 2025-03-20 01:46:05 --> Config Class Initialized
INFO - 2025-03-20 01:46:05 --> Loader Class Initialized
INFO - 2025-03-20 01:46:05 --> Helper loaded: url_helper
INFO - 2025-03-20 01:46:05 --> Helper loaded: easyui_helper
INFO - 2025-03-20 01:46:05 --> Helper loaded: param_helper
INFO - 2025-03-20 01:46:05 --> Helper loaded: credential_helper
INFO - 2025-03-20 01:46:05 --> Helper loaded: template_helper
INFO - 2025-03-20 01:46:05 --> Helper loaded: rest_helper
INFO - 2025-03-20 01:46:05 --> Database Driver Class Initialized
DEBUG - 2025-03-20 01:46:05 --> Idgenerator class already loaded. Second attempt ignored.
INFO - 2025-03-20 01:46:05 --> Controller Class Initialized
INFO - 2025-03-20 01:46:05 --> Model Class Initialized
DEBUG - 2025-03-20 01:46:05 --> File loaded: /apps/web-drc/application/modules/visibility_program_active/models/Visibility_program_model.php
INFO - 2025-03-20 01:46:05 --> Model Class Initialized
DEBUG - 2025-03-20 01:46:05 --> File loaded: /apps/web-drc/application/modules/visibility_program_active/views/form.php
DEBUG - 2025-03-20 01:46:05 --> File loaded: /apps/web-drc/application/views/templates/header.php
DEBUG - 2025-03-20 01:46:05 --> File loaded: /apps/web-drc/application/views/templates/toolbar.php
DEBUG - 2025-03-20 01:46:05 --> File loaded: /apps/web-drc/application/views/templates/sidebar.php
DEBUG - 2025-03-20 01:46:05 --> File loaded: /apps/web-drc/application/views/templates/contents.php
DEBUG - 2025-03-20 01:46:05 --> File loaded: /apps/web-drc/application/views/templates/content_footer.php
DEBUG - 2025-03-20 01:46:05 --> File loaded: /apps/web-drc/application/views/templates/footer.php
DEBUG - 2025-03-20 01:46:05 --> File loaded: /apps/web-drc/application/views/templates/default.php
INFO - 2025-03-20 01:46:05 --> Final output sent to browser
DEBUG - 2025-03-20 01:46:05 --> Total execution time: 0.0073
INFO - 2025-03-20 01:46:05 --> Config Class Initialized
INFO - 2025-03-20 01:46:05 --> Hooks Class Initialized
DEBUG - 2025-03-20 01:46:05 --> UTF-8 Support Enabled
INFO - 2025-03-20 01:46:05 --> Utf8 Class Initialized
INFO - 2025-03-20 01:46:05 --> URI Class Initialized
INFO - 2025-03-20 01:46:05 --> Router Class Initialized
INFO - 2025-03-20 01:46:05 --> Output Class Initialized
INFO - 2025-03-20 01:46:05 --> Security Class Initialized
DEBUG - 2025-03-20 01:46:05 --> Global POST, GET and COOKIE data sanitized
INFO - 2025-03-20 01:46:05 --> Input Class Initialized
INFO - 2025-03-20 01:46:05 --> Language Class Initialized
ERROR - 2025-03-20 01:46:05 --> 404 Page Not Found: /index
INFO - 2025-03-20 01:46:05 --> Config Class Initialized
INFO - 2025-03-20 01:46:05 --> Hooks Class Initialized
DEBUG - 2025-03-20 01:46:05 --> UTF-8 Support Enabled
INFO - 2025-03-20 01:46:05 --> Utf8 Class Initialized
INFO - 2025-03-20 01:46:05 --> URI Class Initialized
INFO - 2025-03-20 01:46:05 --> Router Class Initialized
INFO - 2025-03-20 01:46:05 --> Output Class Initialized
INFO - 2025-03-20 01:46:05 --> Security Class Initialized
DEBUG - 2025-03-20 01:46:05 --> Global POST, GET and COOKIE data sanitized
INFO - 2025-03-20 01:46:05 --> Input Class Initialized
INFO - 2025-03-20 01:46:05 --> Language Class Initialized
INFO - 2025-03-20 01:46:05 --> Language Class Initialized
INFO - 2025-03-20 01:46:05 --> Config Class Initialized
INFO - 2025-03-20 01:46:05 --> Loader Class Initialized
INFO - 2025-03-20 01:46:05 --> Helper loaded: url_helper
INFO - 2025-03-20 01:46:05 --> Helper loaded: easyui_helper
INFO - 2025-03-20 01:46:05 --> Helper loaded: param_helper
INFO - 2025-03-20 01:46:05 --> Helper loaded: credential_helper
INFO - 2025-03-20 01:46:05 --> Helper loaded: template_helper
INFO - 2025-03-20 01:46:05 --> Helper loaded: rest_helper
INFO - 2025-03-20 01:46:05 --> Database Driver Class Initialized
DEBUG - 2025-03-20 01:46:05 --> Idgenerator class already loaded. Second attempt ignored.
INFO - 2025-03-20 01:46:05 --> Controller Class Initialized
INFO - 2025-03-20 01:46:05 --> Model Class Initialized
DEBUG - 2025-03-20 01:46:05 --> File loaded: /apps/web-drc/application/modules/api_v1/models/Api_v1_model.php
INFO - 2025-03-20 01:46:05 --> Model Class Initialized
INFO - 2025-03-20 01:46:05 --> Final output sent to browser
DEBUG - 2025-03-20 01:46:05 --> Total execution time: 0.0030
INFO - 2025-03-20 01:53:00 --> Config Class Initialized
INFO - 2025-03-20 01:53:00 --> Hooks Class Initialized
DEBUG - 2025-03-20 01:53:00 --> UTF-8 Support Enabled
INFO - 2025-03-20 01:53:00 --> Utf8 Class Initialized
INFO - 2025-03-20 01:53:00 --> URI Class Initialized
INFO - 2025-03-20 01:53:00 --> Router Class Initialized
INFO - 2025-03-20 01:53:00 --> Output Class Initialized
INFO - 2025-03-20 01:53:00 --> Security Class Initialized
DEBUG - 2025-03-20 01:53:00 --> Global POST, GET and COOKIE data sanitized
INFO - 2025-03-20 01:53:00 --> Input Class Initialized
INFO - 2025-03-20 01:53:00 --> Language Class Initialized
INFO - 2025-03-20 01:53:00 --> Language Class Initialized
INFO - 2025-03-20 01:53:00 --> Config Class Initialized
INFO - 2025-03-20 01:53:00 --> Loader Class Initialized
INFO - 2025-03-20 01:53:00 --> Helper loaded: url_helper
INFO - 2025-03-20 01:53:00 --> Helper loaded: easyui_helper
INFO - 2025-03-20 01:53:00 --> Helper loaded: param_helper
INFO - 2025-03-20 01:53:00 --> Helper loaded: credential_helper
INFO - 2025-03-20 01:53:00 --> Helper loaded: template_helper
INFO - 2025-03-20 01:53:00 --> Helper loaded: rest_helper
INFO - 2025-03-20 01:53:00 --> Database Driver Class Initialized
DEBUG - 2025-03-20 01:53:00 --> Idgenerator class already loaded. Second attempt ignored.
INFO - 2025-03-20 01:53:00 --> Controller Class Initialized
INFO - 2025-03-20 01:53:00 --> Model Class Initialized
DEBUG - 2025-03-20 01:53:00 --> File loaded: /apps/web-drc/application/modules/visibility_program_active/models/Visibility_program_model.php
INFO - 2025-03-20 01:53:00 --> Model Class Initialized
DEBUG - 2025-03-20 01:53:00 --> File loaded: /apps/web-drc/application/modules/visibility_program_active/views/form.php
DEBUG - 2025-03-20 01:53:00 --> File loaded: /apps/web-drc/application/views/templates/header.php
DEBUG - 2025-03-20 01:53:00 --> File loaded: /apps/web-drc/application/views/templates/toolbar.php
DEBUG - 2025-03-20 01:53:00 --> File loaded: /apps/web-drc/application/views/templates/sidebar.php
DEBUG - 2025-03-20 01:53:00 --> File loaded: /apps/web-drc/application/views/templates/contents.php
DEBUG - 2025-03-20 01:53:00 --> File loaded: /apps/web-drc/application/views/templates/content_footer.php
DEBUG - 2025-03-20 01:53:00 --> File loaded: /apps/web-drc/application/views/templates/footer.php
DEBUG - 2025-03-20 01:53:00 --> File loaded: /apps/web-drc/application/views/templates/default.php
INFO - 2025-03-20 01:53:00 --> Final output sent to browser
DEBUG - 2025-03-20 01:53:00 --> Total execution time: 0.0075
INFO - 2025-03-20 01:53:03 --> Config Class Initialized
INFO - 2025-03-20 01:53:03 --> Hooks Class Initialized
DEBUG - 2025-03-20 01:53:03 --> UTF-8 Support Enabled
INFO - 2025-03-20 01:53:03 --> Utf8 Class Initialized
INFO - 2025-03-20 01:53:03 --> URI Class Initialized
INFO - 2025-03-20 01:53:03 --> Router Class Initialized
INFO - 2025-03-20 01:53:03 --> Output Class Initialized
INFO - 2025-03-20 01:53:03 --> Security Class Initialized
DEBUG - 2025-03-20 01:53:03 --> Global POST, GET and COOKIE data sanitized
INFO - 2025-03-20 01:53:03 --> Input Class Initialized
INFO - 2025-03-20 01:53:03 --> Language Class Initialized
ERROR - 2025-03-20 01:53:03 --> 404 Page Not Found: /index
INFO - 2025-03-20 01:53:03 --> Config Class Initialized
INFO - 2025-03-20 01:53:03 --> Hooks Class Initialized
DEBUG - 2025-03-20 01:53:03 --> UTF-8 Support Enabled
INFO - 2025-03-20 01:53:03 --> Utf8 Class Initialized
INFO - 2025-03-20 01:53:03 --> URI Class Initialized
INFO - 2025-03-20 01:53:03 --> Router Class Initialized
INFO - 2025-03-20 01:53:03 --> Output Class Initialized
INFO - 2025-03-20 01:53:03 --> Security Class Initialized
DEBUG - 2025-03-20 01:53:03 --> Global POST, GET and COOKIE data sanitized
INFO - 2025-03-20 01:53:03 --> Input Class Initialized
INFO - 2025-03-20 01:53:03 --> Language Class Initialized
INFO - 2025-03-20 01:53:03 --> Language Class Initialized
INFO - 2025-03-20 01:53:03 --> Config Class Initialized
INFO - 2025-03-20 01:53:03 --> Loader Class Initialized
INFO - 2025-03-20 01:53:03 --> Helper loaded: url_helper
INFO - 2025-03-20 01:53:03 --> Helper loaded: easyui_helper
INFO - 2025-03-20 01:53:03 --> Helper loaded: param_helper
INFO - 2025-03-20 01:53:03 --> Helper loaded: credential_helper
INFO - 2025-03-20 01:53:03 --> Helper loaded: template_helper
INFO - 2025-03-20 01:53:03 --> Helper loaded: rest_helper
INFO - 2025-03-20 01:53:03 --> Database Driver Class Initialized
DEBUG - 2025-03-20 01:53:03 --> Idgenerator class already loaded. Second attempt ignored.
INFO - 2025-03-20 01:53:03 --> Controller Class Initialized
INFO - 2025-03-20 01:53:03 --> Model Class Initialized
DEBUG - 2025-03-20 01:53:03 --> File loaded: /apps/web-drc/application/modules/api_v1/models/Api_v1_model.php
INFO - 2025-03-20 01:53:03 --> Model Class Initialized
INFO - 2025-03-20 01:53:03 --> Final output sent to browser
DEBUG - 2025-03-20 01:53:03 --> Total execution time: 0.0034
INFO - 2025-03-20 01:53:04 --> Config Class Initialized
INFO - 2025-03-20 01:53:04 --> Hooks Class Initialized
DEBUG - 2025-03-20 01:53:04 --> UTF-8 Support Enabled
INFO - 2025-03-20 01:53:04 --> Utf8 Class Initialized
INFO - 2025-03-20 01:53:04 --> URI Class Initialized
INFO - 2025-03-20 01:53:04 --> Router Class Initialized
INFO - 2025-03-20 01:53:04 --> Output Class Initialized
INFO - 2025-03-20 01:53:04 --> Security Class Initialized
DEBUG - 2025-03-20 01:53:04 --> Global POST, GET and COOKIE data sanitized
INFO - 2025-03-20 01:53:04 --> Input Class Initialized
INFO - 2025-03-20 01:53:04 --> Language Class Initialized
ERROR - 2025-03-20 01:53:04 --> 404 Page Not Found: /index
INFO - 2025-03-20 01:54:31 --> Config Class Initialized
INFO - 2025-03-20 01:54:31 --> Hooks Class Initialized
DEBUG - 2025-03-20 01:54:31 --> UTF-8 Support Enabled
INFO - 2025-03-20 01:54:31 --> Utf8 Class Initialized
INFO - 2025-03-20 01:54:31 --> URI Class Initialized
INFO - 2025-03-20 01:54:31 --> Router Class Initialized
INFO - 2025-03-20 01:54:31 --> Output Class Initialized
INFO - 2025-03-20 01:54:31 --> Security Class Initialized
DEBUG - 2025-03-20 01:54:31 --> Global POST, GET and COOKIE data sanitized
INFO - 2025-03-20 01:54:31 --> Input Class Initialized
INFO - 2025-03-20 01:54:31 --> Language Class Initialized
INFO - 2025-03-20 01:54:31 --> Language Class Initialized
INFO - 2025-03-20 01:54:31 --> Config Class Initialized
INFO - 2025-03-20 01:54:31 --> Loader Class Initialized
INFO - 2025-03-20 01:54:31 --> Helper loaded: url_helper
INFO - 2025-03-20 01:54:31 --> Helper loaded: easyui_helper
INFO - 2025-03-20 01:54:31 --> Helper loaded: param_helper
INFO - 2025-03-20 01:54:31 --> Helper loaded: credential_helper
INFO - 2025-03-20 01:54:31 --> Helper loaded: template_helper
INFO - 2025-03-20 01:54:31 --> Helper loaded: rest_helper
INFO - 2025-03-20 01:54:31 --> Database Driver Class Initialized
DEBUG - 2025-03-20 01:54:31 --> Idgenerator class already loaded. Second attempt ignored.
INFO - 2025-03-20 01:54:31 --> Controller Class Initialized
INFO - 2025-03-20 01:54:31 --> Model Class Initialized
DEBUG - 2025-03-20 01:54:31 --> File loaded: /apps/web-drc/application/modules/visibility_program_active/models/Visibility_program_model.php
INFO - 2025-03-20 01:54:31 --> Model Class Initialized
DEBUG - 2025-03-20 01:54:31 --> File loaded: /apps/web-drc/application/modules/visibility_program_active/views/content.php
DEBUG - 2025-03-20 01:54:31 --> File loaded: /apps/web-drc/application/views/templates/header.php
DEBUG - 2025-03-20 01:54:31 --> File loaded: /apps/web-drc/application/views/templates/toolbar.php
DEBUG - 2025-03-20 01:54:31 --> File loaded: /apps/web-drc/application/views/templates/sidebar.php
DEBUG - 2025-03-20 01:54:31 --> File loaded: /apps/web-drc/application/views/templates/contents.php
DEBUG - 2025-03-20 01:54:31 --> File loaded: /apps/web-drc/application/views/templates/content_footer.php
DEBUG - 2025-03-20 01:54:31 --> File loaded: /apps/web-drc/application/views/templates/footer.php
DEBUG - 2025-03-20 01:54:31 --> File loaded: /apps/web-drc/application/views/templates/default.php
INFO - 2025-03-20 01:54:31 --> Final output sent to browser
DEBUG - 2025-03-20 01:54:31 --> Total execution time: 0.0061
INFO - 2025-03-20 01:54:31 --> Config Class Initialized
INFO - 2025-03-20 01:54:31 --> Hooks Class Initialized
DEBUG - 2025-03-20 01:54:31 --> UTF-8 Support Enabled
INFO - 2025-03-20 01:54:31 --> Utf8 Class Initialized
INFO - 2025-03-20 01:54:31 --> URI Class Initialized
INFO - 2025-03-20 01:54:31 --> Router Class Initialized
INFO - 2025-03-20 01:54:31 --> Output Class Initialized
INFO - 2025-03-20 01:54:31 --> Security Class Initialized
DEBUG - 2025-03-20 01:54:31 --> Global POST, GET and COOKIE data sanitized
INFO - 2025-03-20 01:54:31 --> Input Class Initialized
INFO - 2025-03-20 01:54:31 --> Language Class Initialized
ERROR - 2025-03-20 01:54:31 --> 404 Page Not Found: /index
INFO - 2025-03-20 01:54:31 --> Config Class Initialized
INFO - 2025-03-20 01:54:31 --> Hooks Class Initialized
DEBUG - 2025-03-20 01:54:31 --> UTF-8 Support Enabled
INFO - 2025-03-20 01:54:31 --> Utf8 Class Initialized
INFO - 2025-03-20 01:54:31 --> URI Class Initialized
INFO - 2025-03-20 01:54:31 --> Router Class Initialized
INFO - 2025-03-20 01:54:31 --> Output Class Initialized
INFO - 2025-03-20 01:54:31 --> Security Class Initialized
DEBUG - 2025-03-20 01:54:31 --> Global POST, GET and COOKIE data sanitized
INFO - 2025-03-20 01:54:31 --> Input Class Initialized
INFO - 2025-03-20 01:54:31 --> Language Class Initialized
INFO - 2025-03-20 01:54:31 --> Language Class Initialized
INFO - 2025-03-20 01:54:31 --> Config Class Initialized
INFO - 2025-03-20 01:54:31 --> Loader Class Initialized
INFO - 2025-03-20 01:54:31 --> Helper loaded: url_helper
INFO - 2025-03-20 01:54:31 --> Helper loaded: easyui_helper
INFO - 2025-03-20 01:54:31 --> Helper loaded: param_helper
INFO - 2025-03-20 01:54:31 --> Helper loaded: credential_helper
INFO - 2025-03-20 01:54:31 --> Helper loaded: template_helper
INFO - 2025-03-20 01:54:31 --> Helper loaded: rest_helper
INFO - 2025-03-20 01:54:31 --> Database Driver Class Initialized
DEBUG - 2025-03-20 01:54:31 --> Idgenerator class already loaded. Second attempt ignored.
INFO - 2025-03-20 01:54:31 --> Controller Class Initialized
INFO - 2025-03-20 01:54:31 --> Model Class Initialized
DEBUG - 2025-03-20 01:54:31 --> File loaded: /apps/web-drc/application/modules/visibility_program_active/models/Visibility_program_model.php
INFO - 2025-03-20 01:54:31 --> Model Class Initialized
INFO - 2025-03-20 01:54:31 --> Final output sent to browser
DEBUG - 2025-03-20 01:54:31 --> Total execution time: 0.0086
INFO - 2025-03-20 01:54:33 --> Config Class Initialized
INFO - 2025-03-20 01:54:33 --> Hooks Class Initialized
DEBUG - 2025-03-20 01:54:33 --> UTF-8 Support Enabled
INFO - 2025-03-20 01:54:33 --> Utf8 Class Initialized
INFO - 2025-03-20 01:54:33 --> URI Class Initialized
INFO - 2025-03-20 01:54:33 --> Router Class Initialized
INFO - 2025-03-20 01:54:33 --> Output Class Initialized
INFO - 2025-03-20 01:54:33 --> Security Class Initialized
DEBUG - 2025-03-20 01:54:33 --> Global POST, GET and COOKIE data sanitized
INFO - 2025-03-20 01:54:33 --> Input Class Initialized
INFO - 2025-03-20 01:54:33 --> Language Class Initialized
INFO - 2025-03-20 01:54:33 --> Language Class Initialized
INFO - 2025-03-20 01:54:33 --> Config Class Initialized
INFO - 2025-03-20 01:54:33 --> Loader Class Initialized
INFO - 2025-03-20 01:54:33 --> Helper loaded: url_helper
INFO - 2025-03-20 01:54:33 --> Helper loaded: easyui_helper
INFO - 2025-03-20 01:54:33 --> Helper loaded: param_helper
INFO - 2025-03-20 01:54:33 --> Helper loaded: credential_helper
INFO - 2025-03-20 01:54:33 --> Helper loaded: template_helper
INFO - 2025-03-20 01:54:33 --> Helper loaded: rest_helper
INFO - 2025-03-20 01:54:33 --> Database Driver Class Initialized
DEBUG - 2025-03-20 01:54:33 --> Idgenerator class already loaded. Second attempt ignored.
INFO - 2025-03-20 01:54:33 --> Controller Class Initialized
INFO - 2025-03-20 01:54:33 --> Model Class Initialized
DEBUG - 2025-03-20 01:54:33 --> File loaded: /apps/web-drc/application/modules/visibility_program_active/models/Visibility_program_model.php
INFO - 2025-03-20 01:54:33 --> Model Class Initialized
DEBUG - 2025-03-20 01:54:33 --> File loaded: /apps/web-drc/application/modules/visibility_program_active/views/content.php
DEBUG - 2025-03-20 01:54:33 --> File loaded: /apps/web-drc/application/views/templates/header.php
DEBUG - 2025-03-20 01:54:33 --> File loaded: /apps/web-drc/application/views/templates/toolbar.php
DEBUG - 2025-03-20 01:54:33 --> File loaded: /apps/web-drc/application/views/templates/sidebar.php
DEBUG - 2025-03-20 01:54:33 --> File loaded: /apps/web-drc/application/views/templates/contents.php
DEBUG - 2025-03-20 01:54:33 --> File loaded: /apps/web-drc/application/views/templates/content_footer.php
DEBUG - 2025-03-20 01:54:33 --> File loaded: /apps/web-drc/application/views/templates/footer.php
DEBUG - 2025-03-20 01:54:33 --> File loaded: /apps/web-drc/application/views/templates/default.php
INFO - 2025-03-20 01:54:33 --> Final output sent to browser
DEBUG - 2025-03-20 01:54:33 --> Total execution time: 0.0067
INFO - 2025-03-20 01:54:36 --> Config Class Initialized
INFO - 2025-03-20 01:54:36 --> Hooks Class Initialized
DEBUG - 2025-03-20 01:54:36 --> UTF-8 Support Enabled
INFO - 2025-03-20 01:54:36 --> Utf8 Class Initialized
INFO - 2025-03-20 01:54:36 --> URI Class Initialized
INFO - 2025-03-20 01:54:36 --> Router Class Initialized
INFO - 2025-03-20 01:54:36 --> Output Class Initialized
INFO - 2025-03-20 01:54:36 --> Security Class Initialized
DEBUG - 2025-03-20 01:54:36 --> Global POST, GET and COOKIE data sanitized
INFO - 2025-03-20 01:54:36 --> Input Class Initialized
INFO - 2025-03-20 01:54:36 --> Language Class Initialized
ERROR - 2025-03-20 01:54:36 --> 404 Page Not Found: /index
INFO - 2025-03-20 01:54:37 --> Config Class Initialized
INFO - 2025-03-20 01:54:37 --> Hooks Class Initialized
DEBUG - 2025-03-20 01:54:37 --> UTF-8 Support Enabled
INFO - 2025-03-20 01:54:37 --> Utf8 Class Initialized
INFO - 2025-03-20 01:54:37 --> URI Class Initialized
INFO - 2025-03-20 01:54:37 --> Router Class Initialized
INFO - 2025-03-20 01:54:37 --> Output Class Initialized
INFO - 2025-03-20 01:54:37 --> Security Class Initialized
DEBUG - 2025-03-20 01:54:37 --> Global POST, GET and COOKIE data sanitized
INFO - 2025-03-20 01:54:37 --> Input Class Initialized
INFO - 2025-03-20 01:54:37 --> Language Class Initialized
INFO - 2025-03-20 01:54:37 --> Language Class Initialized
INFO - 2025-03-20 01:54:37 --> Config Class Initialized
INFO - 2025-03-20 01:54:37 --> Loader Class Initialized
INFO - 2025-03-20 01:54:37 --> Helper loaded: url_helper
INFO - 2025-03-20 01:54:37 --> Helper loaded: easyui_helper
INFO - 2025-03-20 01:54:37 --> Helper loaded: param_helper
INFO - 2025-03-20 01:54:37 --> Helper loaded: credential_helper
INFO - 2025-03-20 01:54:37 --> Helper loaded: template_helper
INFO - 2025-03-20 01:54:37 --> Helper loaded: rest_helper
INFO - 2025-03-20 01:54:37 --> Database Driver Class Initialized
DEBUG - 2025-03-20 01:54:37 --> Idgenerator class already loaded. Second attempt ignored.
INFO - 2025-03-20 01:54:37 --> Controller Class Initialized
INFO - 2025-03-20 01:54:37 --> Model Class Initialized
DEBUG - 2025-03-20 01:54:37 --> File loaded: /apps/web-drc/application/modules/visibility_program_active/models/Visibility_program_model.php
INFO - 2025-03-20 01:54:37 --> Model Class Initialized
INFO - 2025-03-20 01:54:37 --> Final output sent to browser
DEBUG - 2025-03-20 01:54:37 --> Total execution time: 0.0078
INFO - 2025-03-20 01:54:38 --> Config Class Initialized
INFO - 2025-03-20 01:54:38 --> Hooks Class Initialized
DEBUG - 2025-03-20 01:54:38 --> UTF-8 Support Enabled
INFO - 2025-03-20 01:54:38 --> Utf8 Class Initialized
INFO - 2025-03-20 01:54:38 --> URI Class Initialized
INFO - 2025-03-20 01:54:38 --> Router Class Initialized
INFO - 2025-03-20 01:54:38 --> Output Class Initialized
INFO - 2025-03-20 01:54:38 --> Security Class Initialized
DEBUG - 2025-03-20 01:54:38 --> Global POST, GET and COOKIE data sanitized
INFO - 2025-03-20 01:54:38 --> Input Class Initialized
INFO - 2025-03-20 01:54:38 --> Language Class Initialized
ERROR - 2025-03-20 01:54:38 --> 404 Page Not Found: /index
INFO - 2025-03-20 01:54:41 --> Config Class Initialized
INFO - 2025-03-20 01:54:41 --> Hooks Class Initialized
DEBUG - 2025-03-20 01:54:41 --> UTF-8 Support Enabled
INFO - 2025-03-20 01:54:41 --> Utf8 Class Initialized
INFO - 2025-03-20 01:54:41 --> URI Class Initialized
INFO - 2025-03-20 01:54:41 --> Router Class Initialized
INFO - 2025-03-20 01:54:41 --> Output Class Initialized
INFO - 2025-03-20 01:54:41 --> Security Class Initialized
DEBUG - 2025-03-20 01:54:41 --> Global POST, GET and COOKIE data sanitized
INFO - 2025-03-20 01:54:41 --> Input Class Initialized
INFO - 2025-03-20 01:54:41 --> Language Class Initialized
INFO - 2025-03-20 01:54:41 --> Language Class Initialized
INFO - 2025-03-20 01:54:41 --> Config Class Initialized
INFO - 2025-03-20 01:54:41 --> Loader Class Initialized
INFO - 2025-03-20 01:54:41 --> Helper loaded: url_helper
INFO - 2025-03-20 01:54:41 --> Helper loaded: easyui_helper
INFO - 2025-03-20 01:54:41 --> Helper loaded: param_helper
INFO - 2025-03-20 01:54:41 --> Helper loaded: credential_helper
INFO - 2025-03-20 01:54:41 --> Helper loaded: template_helper
INFO - 2025-03-20 01:54:41 --> Helper loaded: rest_helper
INFO - 2025-03-20 01:54:41 --> Database Driver Class Initialized
DEBUG - 2025-03-20 01:54:41 --> Idgenerator class already loaded. Second attempt ignored.
INFO - 2025-03-20 01:54:41 --> Controller Class Initialized
INFO - 2025-03-20 01:54:41 --> Model Class Initialized
DEBUG - 2025-03-20 01:54:41 --> File loaded: /apps/web-drc/application/modules/visibility_program_active/models/Visibility_program_model.php
INFO - 2025-03-20 01:54:41 --> Model Class Initialized
DEBUG - 2025-03-20 01:54:41 --> File loaded: /apps/web-drc/application/modules/visibility_program_active/views/form.php
DEBUG - 2025-03-20 01:54:41 --> File loaded: /apps/web-drc/application/views/templates/header.php
DEBUG - 2025-03-20 01:54:41 --> File loaded: /apps/web-drc/application/views/templates/toolbar.php
DEBUG - 2025-03-20 01:54:41 --> File loaded: /apps/web-drc/application/views/templates/sidebar.php
DEBUG - 2025-03-20 01:54:41 --> File loaded: /apps/web-drc/application/views/templates/contents.php
DEBUG - 2025-03-20 01:54:41 --> File loaded: /apps/web-drc/application/views/templates/content_footer.php
DEBUG - 2025-03-20 01:54:41 --> File loaded: /apps/web-drc/application/views/templates/footer.php
DEBUG - 2025-03-20 01:54:41 --> File loaded: /apps/web-drc/application/views/templates/default.php
INFO - 2025-03-20 01:54:41 --> Final output sent to browser
DEBUG - 2025-03-20 01:54:41 --> Total execution time: 0.0058
INFO - 2025-03-20 01:54:41 --> Config Class Initialized
INFO - 2025-03-20 01:54:41 --> Hooks Class Initialized
DEBUG - 2025-03-20 01:54:41 --> UTF-8 Support Enabled
INFO - 2025-03-20 01:54:41 --> Utf8 Class Initialized
INFO - 2025-03-20 01:54:41 --> URI Class Initialized
INFO - 2025-03-20 01:54:41 --> Router Class Initialized
INFO - 2025-03-20 01:54:41 --> Output Class Initialized
INFO - 2025-03-20 01:54:41 --> Security Class Initialized
DEBUG - 2025-03-20 01:54:41 --> Global POST, GET and COOKIE data sanitized
INFO - 2025-03-20 01:54:41 --> Input Class Initialized
INFO - 2025-03-20 01:54:41 --> Language Class Initialized
INFO - 2025-03-20 01:54:41 --> Language Class Initialized
INFO - 2025-03-20 01:54:41 --> Config Class Initialized
INFO - 2025-03-20 01:54:41 --> Loader Class Initialized
INFO - 2025-03-20 01:54:41 --> Helper loaded: url_helper
INFO - 2025-03-20 01:54:41 --> Helper loaded: easyui_helper
INFO - 2025-03-20 01:54:41 --> Helper loaded: param_helper
INFO - 2025-03-20 01:54:41 --> Helper loaded: credential_helper
INFO - 2025-03-20 01:54:41 --> Helper loaded: template_helper
INFO - 2025-03-20 01:54:41 --> Helper loaded: rest_helper
INFO - 2025-03-20 01:54:41 --> Database Driver Class Initialized
DEBUG - 2025-03-20 01:54:41 --> Idgenerator class already loaded. Second attempt ignored.
INFO - 2025-03-20 01:54:41 --> Controller Class Initialized
INFO - 2025-03-20 01:54:41 --> Model Class Initialized
DEBUG - 2025-03-20 01:54:41 --> File loaded: /apps/web-drc/application/modules/api_v1/models/Api_v1_model.php
INFO - 2025-03-20 01:54:41 --> Model Class Initialized
INFO - 2025-03-20 01:54:41 --> Final output sent to browser
DEBUG - 2025-03-20 01:54:41 --> Total execution time: 0.0032
INFO - 2025-03-20 01:54:41 --> Config Class Initialized
INFO - 2025-03-20 01:54:41 --> Hooks Class Initialized
DEBUG - 2025-03-20 01:54:41 --> UTF-8 Support Enabled
INFO - 2025-03-20 01:54:41 --> Utf8 Class Initialized
INFO - 2025-03-20 01:54:41 --> URI Class Initialized
INFO - 2025-03-20 01:54:41 --> Router Class Initialized
INFO - 2025-03-20 01:54:41 --> Output Class Initialized
INFO - 2025-03-20 01:54:41 --> Security Class Initialized
DEBUG - 2025-03-20 01:54:41 --> Global POST, GET and COOKIE data sanitized
INFO - 2025-03-20 01:54:41 --> Input Class Initialized
INFO - 2025-03-20 01:54:41 --> Language Class Initialized
ERROR - 2025-03-20 01:54:41 --> 404 Page Not Found: /index
INFO - 2025-03-20 02:14:38 --> Config Class Initialized
INFO - 2025-03-20 02:14:38 --> Hooks Class Initialized
DEBUG - 2025-03-20 02:14:38 --> UTF-8 Support Enabled
INFO - 2025-03-20 02:14:38 --> Utf8 Class Initialized
INFO - 2025-03-20 02:14:38 --> URI Class Initialized
INFO - 2025-03-20 02:14:38 --> Router Class Initialized
INFO - 2025-03-20 02:14:38 --> Output Class Initialized
INFO - 2025-03-20 02:14:38 --> Security Class Initialized
DEBUG - 2025-03-20 02:14:38 --> Global POST, GET and COOKIE data sanitized
INFO - 2025-03-20 02:14:38 --> Input Class Initialized
INFO - 2025-03-20 02:14:38 --> Language Class Initialized
INFO - 2025-03-20 02:14:38 --> Language Class Initialized
INFO - 2025-03-20 02:14:38 --> Config Class Initialized
INFO - 2025-03-20 02:14:38 --> Loader Class Initialized
INFO - 2025-03-20 02:14:38 --> Helper loaded: url_helper
INFO - 2025-03-20 02:14:38 --> Helper loaded: easyui_helper
INFO - 2025-03-20 02:14:38 --> Helper loaded: param_helper
INFO - 2025-03-20 02:14:38 --> Helper loaded: credential_helper
INFO - 2025-03-20 02:14:38 --> Helper loaded: template_helper
INFO - 2025-03-20 02:14:38 --> Helper loaded: rest_helper
INFO - 2025-03-20 02:14:38 --> Database Driver Class Initialized
DEBUG - 2025-03-20 02:14:38 --> Idgenerator class already loaded. Second attempt ignored.
INFO - 2025-03-20 02:14:38 --> Controller Class Initialized
INFO - 2025-03-20 02:14:38 --> Model Class Initialized
DEBUG - 2025-03-20 02:14:38 --> File loaded: /apps/web-drc/application/modules/visibility_program_active/models/Visibility_program_model.php
INFO - 2025-03-20 02:14:38 --> Model Class Initialized
DEBUG - 2025-03-20 02:14:38 --> File loaded: /apps/web-drc/application/modules/visibility_program_active/views/form.php
DEBUG - 2025-03-20 02:14:38 --> File loaded: /apps/web-drc/application/views/templates/header.php
DEBUG - 2025-03-20 02:14:38 --> File loaded: /apps/web-drc/application/views/templates/toolbar.php
DEBUG - 2025-03-20 02:14:38 --> File loaded: /apps/web-drc/application/views/templates/sidebar.php
DEBUG - 2025-03-20 02:14:38 --> File loaded: /apps/web-drc/application/views/templates/contents.php
DEBUG - 2025-03-20 02:14:38 --> File loaded: /apps/web-drc/application/views/templates/content_footer.php
DEBUG - 2025-03-20 02:14:38 --> File loaded: /apps/web-drc/application/views/templates/footer.php
DEBUG - 2025-03-20 02:14:38 --> File loaded: /apps/web-drc/application/views/templates/default.php
INFO - 2025-03-20 02:14:38 --> Final output sent to browser
DEBUG - 2025-03-20 02:14:38 --> Total execution time: 0.0080
INFO - 2025-03-20 02:14:41 --> Config Class Initialized
INFO - 2025-03-20 02:14:41 --> Hooks Class Initialized
DEBUG - 2025-03-20 02:14:41 --> UTF-8 Support Enabled
INFO - 2025-03-20 02:14:41 --> Utf8 Class Initialized
INFO - 2025-03-20 02:14:41 --> URI Class Initialized
INFO - 2025-03-20 02:14:41 --> Router Class Initialized
INFO - 2025-03-20 02:14:41 --> Output Class Initialized
INFO - 2025-03-20 02:14:41 --> Security Class Initialized
DEBUG - 2025-03-20 02:14:41 --> Global POST, GET and COOKIE data sanitized
INFO - 2025-03-20 02:14:41 --> Input Class Initialized
INFO - 2025-03-20 02:14:41 --> Language Class Initialized
ERROR - 2025-03-20 02:14:41 --> 404 Page Not Found: /index
INFO - 2025-03-20 02:14:42 --> Config Class Initialized
INFO - 2025-03-20 02:14:42 --> Hooks Class Initialized
DEBUG - 2025-03-20 02:14:42 --> UTF-8 Support Enabled
INFO - 2025-03-20 02:14:42 --> Utf8 Class Initialized
INFO - 2025-03-20 02:14:42 --> URI Class Initialized
INFO - 2025-03-20 02:14:42 --> Router Class Initialized
INFO - 2025-03-20 02:14:42 --> Output Class Initialized
INFO - 2025-03-20 02:14:42 --> Security Class Initialized
DEBUG - 2025-03-20 02:14:42 --> Global POST, GET and COOKIE data sanitized
INFO - 2025-03-20 02:14:42 --> Input Class Initialized
INFO - 2025-03-20 02:14:42 --> Language Class Initialized
INFO - 2025-03-20 02:14:42 --> Language Class Initialized
INFO - 2025-03-20 02:14:42 --> Config Class Initialized
INFO - 2025-03-20 02:14:42 --> Loader Class Initialized
INFO - 2025-03-20 02:14:42 --> Helper loaded: url_helper
INFO - 2025-03-20 02:14:42 --> Helper loaded: easyui_helper
INFO - 2025-03-20 02:14:42 --> Helper loaded: param_helper
INFO - 2025-03-20 02:14:42 --> Helper loaded: credential_helper
INFO - 2025-03-20 02:14:42 --> Helper loaded: template_helper
INFO - 2025-03-20 02:14:42 --> Helper loaded: rest_helper
INFO - 2025-03-20 02:14:42 --> Database Driver Class Initialized
DEBUG - 2025-03-20 02:14:42 --> Idgenerator class already loaded. Second attempt ignored.
INFO - 2025-03-20 02:14:42 --> Controller Class Initialized
INFO - 2025-03-20 02:14:42 --> Model Class Initialized
DEBUG - 2025-03-20 02:14:42 --> File loaded: /apps/web-drc/application/modules/api_v1/models/Api_v1_model.php
INFO - 2025-03-20 02:14:42 --> Model Class Initialized
INFO - 2025-03-20 02:14:42 --> Final output sent to browser
DEBUG - 2025-03-20 02:14:42 --> Total execution time: 0.0041
INFO - 2025-03-20 02:14:43 --> Config Class Initialized
INFO - 2025-03-20 02:14:43 --> Hooks Class Initialized
DEBUG - 2025-03-20 02:14:43 --> UTF-8 Support Enabled
INFO - 2025-03-20 02:14:43 --> Utf8 Class Initialized
INFO - 2025-03-20 02:14:43 --> URI Class Initialized
INFO - 2025-03-20 02:14:43 --> Router Class Initialized
INFO - 2025-03-20 02:14:43 --> Output Class Initialized
INFO - 2025-03-20 02:14:43 --> Security Class Initialized
DEBUG - 2025-03-20 02:14:43 --> Global POST, GET and COOKIE data sanitized
INFO - 2025-03-20 02:14:43 --> Input Class Initialized
INFO - 2025-03-20 02:14:43 --> Language Class Initialized
ERROR - 2025-03-20 02:14:43 --> 404 Page Not Found: /index
INFO - 2025-03-20 02:56:43 --> Config Class Initialized
INFO - 2025-03-20 02:56:43 --> Hooks Class Initialized
DEBUG - 2025-03-20 02:56:43 --> UTF-8 Support Enabled
INFO - 2025-03-20 02:56:43 --> Utf8 Class Initialized
INFO - 2025-03-20 02:56:43 --> URI Class Initialized
INFO - 2025-03-20 02:56:43 --> Router Class Initialized
INFO - 2025-03-20 02:56:43 --> Output Class Initialized
INFO - 2025-03-20 02:56:43 --> Security Class Initialized
DEBUG - 2025-03-20 02:56:43 --> Global POST, GET and COOKIE data sanitized
INFO - 2025-03-20 02:56:43 --> Input Class Initialized
INFO - 2025-03-20 02:56:43 --> Language Class Initialized
INFO - 2025-03-20 02:56:43 --> Language Class Initialized
INFO - 2025-03-20 02:56:43 --> Config Class Initialized
INFO - 2025-03-20 02:56:43 --> Loader Class Initialized
INFO - 2025-03-20 02:56:43 --> Helper loaded: url_helper
INFO - 2025-03-20 02:56:43 --> Helper loaded: easyui_helper
INFO - 2025-03-20 02:56:43 --> Helper loaded: param_helper
INFO - 2025-03-20 02:56:43 --> Helper loaded: credential_helper
INFO - 2025-03-20 02:56:43 --> Helper loaded: template_helper
INFO - 2025-03-20 02:56:43 --> Helper loaded: rest_helper
INFO - 2025-03-20 02:56:43 --> Database Driver Class Initialized
DEBUG - 2025-03-20 02:56:43 --> Idgenerator class already loaded. Second attempt ignored.
INFO - 2025-03-20 02:56:43 --> Controller Class Initialized
INFO - 2025-03-20 02:56:43 --> Model Class Initialized
DEBUG - 2025-03-20 02:56:43 --> File loaded: /apps/web-drc/application/modules/visibility_program_active/models/Visibility_program_model.php
INFO - 2025-03-20 02:56:43 --> Model Class Initialized
DEBUG - 2025-03-20 02:56:43 --> File loaded: /apps/web-drc/application/modules/visibility_program_active/views/form.php
DEBUG - 2025-03-20 02:56:43 --> File loaded: /apps/web-drc/application/views/templates/header.php
DEBUG - 2025-03-20 02:56:43 --> File loaded: /apps/web-drc/application/views/templates/toolbar.php
DEBUG - 2025-03-20 02:56:43 --> File loaded: /apps/web-drc/application/views/templates/sidebar.php
DEBUG - 2025-03-20 02:56:43 --> File loaded: /apps/web-drc/application/views/templates/contents.php
DEBUG - 2025-03-20 02:56:43 --> File loaded: /apps/web-drc/application/views/templates/content_footer.php
DEBUG - 2025-03-20 02:56:43 --> File loaded: /apps/web-drc/application/views/templates/footer.php
INFO - 2025-03-20 02:56:43 --> Config Class Initialized
INFO - 2025-03-20 02:56:43 --> Hooks Class Initialized
DEBUG - 2025-03-20 02:56:43 --> UTF-8 Support Enabled
INFO - 2025-03-20 02:56:43 --> Utf8 Class Initialized
INFO - 2025-03-20 02:56:43 --> URI Class Initialized
DEBUG - 2025-03-20 02:56:43 --> No URI present. Default controller set.
INFO - 2025-03-20 02:56:43 --> Router Class Initialized
INFO - 2025-03-20 02:56:43 --> Output Class Initialized
INFO - 2025-03-20 02:56:43 --> Security Class Initialized
DEBUG - 2025-03-20 02:56:43 --> Global POST, GET and COOKIE data sanitized
INFO - 2025-03-20 02:56:43 --> Input Class Initialized
INFO - 2025-03-20 02:56:43 --> Language Class Initialized
INFO - 2025-03-20 02:56:43 --> Language Class Initialized
INFO - 2025-03-20 02:56:43 --> Config Class Initialized
INFO - 2025-03-20 02:56:43 --> Loader Class Initialized
INFO - 2025-03-20 02:56:43 --> Helper loaded: url_helper
INFO - 2025-03-20 02:56:43 --> Helper loaded: easyui_helper
INFO - 2025-03-20 02:56:43 --> Helper loaded: param_helper
INFO - 2025-03-20 02:56:43 --> Helper loaded: credential_helper
INFO - 2025-03-20 02:56:43 --> Helper loaded: template_helper
INFO - 2025-03-20 02:56:43 --> Helper loaded: rest_helper
INFO - 2025-03-20 02:56:43 --> Database Driver Class Initialized
DEBUG - 2025-03-20 02:56:43 --> Idgenerator class already loaded. Second attempt ignored.
INFO - 2025-03-20 02:56:43 --> Controller Class Initialized
DEBUG - 2025-03-20 02:56:43 --> File loaded: /apps/web-drc/application/modules/app_auth/views/login_lte_template.php
DEBUG - 2025-03-20 02:56:43 --> File loaded: /apps/web-drc/application/views/template_login_lte/header.php
DEBUG - 2025-03-20 02:56:43 --> File loaded: /apps/web-drc/application/views/template_login_lte/contents.php
DEBUG - 2025-03-20 02:56:43 --> File loaded: /apps/web-drc/application/views/template_login_lte/default.php
INFO - 2025-03-20 02:56:43 --> Final output sent to browser
DEBUG - 2025-03-20 02:56:43 --> Total execution time: 0.0029
INFO - 2025-03-20 02:56:44 --> Config Class Initialized
INFO - 2025-03-20 02:56:44 --> Hooks Class Initialized
DEBUG - 2025-03-20 02:56:44 --> UTF-8 Support Enabled
INFO - 2025-03-20 02:56:44 --> Utf8 Class Initialized
INFO - 2025-03-20 02:56:44 --> URI Class Initialized
INFO - 2025-03-20 02:56:44 --> Router Class Initialized
INFO - 2025-03-20 02:56:44 --> Output Class Initialized
INFO - 2025-03-20 02:56:44 --> Security Class Initialized
DEBUG - 2025-03-20 02:56:44 --> Global POST, GET and COOKIE data sanitized
INFO - 2025-03-20 02:56:44 --> Input Class Initialized
INFO - 2025-03-20 02:56:44 --> Language Class Initialized
ERROR - 2025-03-20 02:56:44 --> 404 Page Not Found: /index
INFO - 2025-03-20 02:56:44 --> Config Class Initialized
INFO - 2025-03-20 02:56:44 --> Hooks Class Initialized
DEBUG - 2025-03-20 02:56:44 --> UTF-8 Support Enabled
INFO - 2025-03-20 02:56:44 --> Utf8 Class Initialized
INFO - 2025-03-20 02:56:44 --> URI Class Initialized
INFO - 2025-03-20 02:56:44 --> Router Class Initialized
INFO - 2025-03-20 02:56:44 --> Output Class Initialized
INFO - 2025-03-20 02:56:44 --> Security Class Initialized
DEBUG - 2025-03-20 02:56:44 --> Global POST, GET and COOKIE data sanitized
INFO - 2025-03-20 02:56:44 --> Input Class Initialized
INFO - 2025-03-20 02:56:44 --> Language Class Initialized
ERROR - 2025-03-20 02:56:44 --> 404 Page Not Found: /index
INFO - 2025-03-20 02:56:47 --> Config Class Initialized
INFO - 2025-03-20 02:56:47 --> Hooks Class Initialized
DEBUG - 2025-03-20 02:56:47 --> UTF-8 Support Enabled
INFO - 2025-03-20 02:56:47 --> Utf8 Class Initialized
INFO - 2025-03-20 02:56:47 --> URI Class Initialized
INFO - 2025-03-20 02:56:47 --> Router Class Initialized
INFO - 2025-03-20 02:56:47 --> Output Class Initialized
INFO - 2025-03-20 02:56:47 --> Security Class Initialized
DEBUG - 2025-03-20 02:56:47 --> Global POST, GET and COOKIE data sanitized
INFO - 2025-03-20 02:56:47 --> Input Class Initialized
INFO - 2025-03-20 02:56:47 --> Language Class Initialized
INFO - 2025-03-20 02:56:47 --> Language Class Initialized
INFO - 2025-03-20 02:56:47 --> Config Class Initialized
INFO - 2025-03-20 02:56:47 --> Loader Class Initialized
INFO - 2025-03-20 02:56:47 --> Helper loaded: url_helper
INFO - 2025-03-20 02:56:47 --> Helper loaded: easyui_helper
INFO - 2025-03-20 02:56:47 --> Helper loaded: param_helper
INFO - 2025-03-20 02:56:47 --> Helper loaded: credential_helper
INFO - 2025-03-20 02:56:47 --> Helper loaded: template_helper
INFO - 2025-03-20 02:56:47 --> Helper loaded: rest_helper
INFO - 2025-03-20 02:56:47 --> Database Driver Class Initialized
DEBUG - 2025-03-20 02:56:47 --> Idgenerator class already loaded. Second attempt ignored.
INFO - 2025-03-20 02:56:47 --> Controller Class Initialized
INFO - 2025-03-20 02:56:47 --> Final output sent to browser
DEBUG - 2025-03-20 02:56:47 --> Total execution time: 0.0039
INFO - 2025-03-20 02:56:47 --> Config Class Initialized
INFO - 2025-03-20 02:56:47 --> Hooks Class Initialized
DEBUG - 2025-03-20 02:56:47 --> UTF-8 Support Enabled
INFO - 2025-03-20 02:56:47 --> Utf8 Class Initialized
INFO - 2025-03-20 02:56:47 --> URI Class Initialized
INFO - 2025-03-20 02:56:47 --> Router Class Initialized
INFO - 2025-03-20 02:56:47 --> Output Class Initialized
INFO - 2025-03-20 02:56:47 --> Security Class Initialized
DEBUG - 2025-03-20 02:56:47 --> Global POST, GET and COOKIE data sanitized
INFO - 2025-03-20 02:56:47 --> Input Class Initialized
INFO - 2025-03-20 02:56:47 --> Language Class Initialized
INFO - 2025-03-20 02:56:47 --> Language Class Initialized
INFO - 2025-03-20 02:56:47 --> Config Class Initialized
INFO - 2025-03-20 02:56:47 --> Loader Class Initialized
INFO - 2025-03-20 02:56:47 --> Helper loaded: url_helper
INFO - 2025-03-20 02:56:47 --> Helper loaded: easyui_helper
INFO - 2025-03-20 02:56:47 --> Helper loaded: param_helper
INFO - 2025-03-20 02:56:47 --> Helper loaded: credential_helper
INFO - 2025-03-20 02:56:47 --> Helper loaded: template_helper
INFO - 2025-03-20 02:56:47 --> Helper loaded: rest_helper
INFO - 2025-03-20 02:56:47 --> Database Driver Class Initialized
DEBUG - 2025-03-20 02:56:47 --> Idgenerator class already loaded. Second attempt ignored.
INFO - 2025-03-20 02:56:47 --> Controller Class Initialized
INFO - 2025-03-20 02:56:47 --> Model Class Initialized
DEBUG - 2025-03-20 02:56:47 --> File loaded: /apps/web-drc/application/modules/app_dashboard/models/App_dashboard_model.php
INFO - 2025-03-20 02:56:47 --> Model Class Initialized
DEBUG - 2025-03-20 02:56:47 --> File loaded: /apps/web-drc/application/modules/app_dashboard/views/content.php
DEBUG - 2025-03-20 02:56:47 --> File loaded: /apps/web-drc/application/views/templates/header.php
DEBUG - 2025-03-20 02:56:47 --> File loaded: /apps/web-drc/application/views/templates/toolbar.php
DEBUG - 2025-03-20 02:56:47 --> File loaded: /apps/web-drc/application/views/templates/sidebar.php
DEBUG - 2025-03-20 02:56:47 --> File loaded: /apps/web-drc/application/views/templates/contents.php
DEBUG - 2025-03-20 02:56:47 --> File loaded: /apps/web-drc/application/views/templates/content_footer.php
DEBUG - 2025-03-20 02:56:47 --> File loaded: /apps/web-drc/application/views/templates/footer.php
DEBUG - 2025-03-20 02:56:47 --> File loaded: /apps/web-drc/application/views/templates/default.php
INFO - 2025-03-20 02:56:47 --> Final output sent to browser
DEBUG - 2025-03-20 02:56:47 --> Total execution time: 0.0064
INFO - 2025-03-20 02:56:47 --> Config Class Initialized
INFO - 2025-03-20 02:56:47 --> Hooks Class Initialized
DEBUG - 2025-03-20 02:56:47 --> UTF-8 Support Enabled
INFO - 2025-03-20 02:56:47 --> Utf8 Class Initialized
INFO - 2025-03-20 02:56:47 --> URI Class Initialized
INFO - 2025-03-20 02:56:47 --> Router Class Initialized
INFO - 2025-03-20 02:56:47 --> Output Class Initialized
INFO - 2025-03-20 02:56:47 --> Security Class Initialized
DEBUG - 2025-03-20 02:56:47 --> Global POST, GET and COOKIE data sanitized
INFO - 2025-03-20 02:56:47 --> Input Class Initialized
INFO - 2025-03-20 02:56:47 --> Language Class Initialized
ERROR - 2025-03-20 02:56:47 --> 404 Page Not Found: /index
INFO - 2025-03-20 02:56:47 --> Config Class Initialized
INFO - 2025-03-20 02:56:47 --> Hooks Class Initialized
DEBUG - 2025-03-20 02:56:47 --> UTF-8 Support Enabled
INFO - 2025-03-20 02:56:47 --> Utf8 Class Initialized
INFO - 2025-03-20 02:56:47 --> URI Class Initialized
INFO - 2025-03-20 02:56:47 --> Router Class Initialized
INFO - 2025-03-20 02:56:47 --> Output Class Initialized
INFO - 2025-03-20 02:56:47 --> Security Class Initialized
DEBUG - 2025-03-20 02:56:47 --> Global POST, GET and COOKIE data sanitized
INFO - 2025-03-20 02:56:47 --> Input Class Initialized
INFO - 2025-03-20 02:56:47 --> Language Class Initialized
INFO - 2025-03-20 02:56:47 --> Language Class Initialized
INFO - 2025-03-20 02:56:47 --> Config Class Initialized
INFO - 2025-03-20 02:56:47 --> Loader Class Initialized
INFO - 2025-03-20 02:56:47 --> Helper loaded: url_helper
INFO - 2025-03-20 02:56:47 --> Helper loaded: easyui_helper
INFO - 2025-03-20 02:56:47 --> Helper loaded: param_helper
INFO - 2025-03-20 02:56:47 --> Helper loaded: credential_helper
INFO - 2025-03-20 02:56:47 --> Helper loaded: template_helper
INFO - 2025-03-20 02:56:47 --> Helper loaded: rest_helper
INFO - 2025-03-20 02:56:47 --> Database Driver Class Initialized
DEBUG - 2025-03-20 02:56:47 --> Idgenerator class already loaded. Second attempt ignored.
INFO - 2025-03-20 02:56:47 --> Controller Class Initialized
INFO - 2025-03-20 02:56:47 --> Model Class Initialized
DEBUG - 2025-03-20 02:56:47 --> File loaded: /apps/web-drc/application/modules/app_dashboard/models/App_dashboard_model.php
INFO - 2025-03-20 02:56:47 --> Model Class Initialized
INFO - 2025-03-20 02:56:47 --> Final output sent to browser
DEBUG - 2025-03-20 02:56:47 --> Total execution time: 0.0076
INFO - 2025-03-20 02:56:47 --> Config Class Initialized
INFO - 2025-03-20 02:56:47 --> Hooks Class Initialized
DEBUG - 2025-03-20 02:56:47 --> UTF-8 Support Enabled
INFO - 2025-03-20 02:56:47 --> Utf8 Class Initialized
INFO - 2025-03-20 02:56:47 --> URI Class Initialized
INFO - 2025-03-20 02:56:47 --> Router Class Initialized
INFO - 2025-03-20 02:56:47 --> Output Class Initialized
INFO - 2025-03-20 02:56:47 --> Security Class Initialized
DEBUG - 2025-03-20 02:56:47 --> Global POST, GET and COOKIE data sanitized
INFO - 2025-03-20 02:56:47 --> Input Class Initialized
INFO - 2025-03-20 02:56:47 --> Language Class Initialized
INFO - 2025-03-20 02:56:47 --> Language Class Initialized
INFO - 2025-03-20 02:56:47 --> Config Class Initialized
INFO - 2025-03-20 02:56:47 --> Loader Class Initialized
INFO - 2025-03-20 02:56:47 --> Helper loaded: url_helper
INFO - 2025-03-20 02:56:47 --> Helper loaded: easyui_helper
INFO - 2025-03-20 02:56:47 --> Helper loaded: param_helper
INFO - 2025-03-20 02:56:47 --> Helper loaded: credential_helper
INFO - 2025-03-20 02:56:47 --> Helper loaded: template_helper
INFO - 2025-03-20 02:56:47 --> Helper loaded: rest_helper
INFO - 2025-03-20 02:56:47 --> Database Driver Class Initialized
DEBUG - 2025-03-20 02:56:47 --> Idgenerator class already loaded. Second attempt ignored.
INFO - 2025-03-20 02:56:47 --> Controller Class Initialized
INFO - 2025-03-20 02:56:47 --> Model Class Initialized
DEBUG - 2025-03-20 02:56:47 --> File loaded: /apps/web-drc/application/modules/api_v1/models/Api_v1_model.php
INFO - 2025-03-20 02:56:47 --> Model Class Initialized
INFO - 2025-03-20 02:56:47 --> Final output sent to browser
DEBUG - 2025-03-20 02:56:47 --> Total execution time: 0.0027
INFO - 2025-03-20 02:56:59 --> Config Class Initialized
INFO - 2025-03-20 02:56:59 --> Hooks Class Initialized
DEBUG - 2025-03-20 02:56:59 --> UTF-8 Support Enabled
INFO - 2025-03-20 02:56:59 --> Utf8 Class Initialized
INFO - 2025-03-20 02:56:59 --> URI Class Initialized
INFO - 2025-03-20 02:56:59 --> Router Class Initialized
INFO - 2025-03-20 02:56:59 --> Output Class Initialized
INFO - 2025-03-20 02:56:59 --> Security Class Initialized
DEBUG - 2025-03-20 02:56:59 --> Global POST, GET and COOKIE data sanitized
INFO - 2025-03-20 02:56:59 --> Input Class Initialized
INFO - 2025-03-20 02:56:59 --> Language Class Initialized
INFO - 2025-03-20 02:56:59 --> Language Class Initialized
INFO - 2025-03-20 02:56:59 --> Config Class Initialized
INFO - 2025-03-20 02:56:59 --> Loader Class Initialized
INFO - 2025-03-20 02:56:59 --> Helper loaded: url_helper
INFO - 2025-03-20 02:56:59 --> Helper loaded: easyui_helper
INFO - 2025-03-20 02:56:59 --> Helper loaded: param_helper
INFO - 2025-03-20 02:56:59 --> Helper loaded: credential_helper
INFO - 2025-03-20 02:56:59 --> Helper loaded: template_helper
INFO - 2025-03-20 02:56:59 --> Helper loaded: rest_helper
INFO - 2025-03-20 02:56:59 --> Database Driver Class Initialized
DEBUG - 2025-03-20 02:56:59 --> Idgenerator class already loaded. Second attempt ignored.
INFO - 2025-03-20 02:56:59 --> Controller Class Initialized
INFO - 2025-03-20 02:56:59 --> Model Class Initialized
DEBUG - 2025-03-20 02:56:59 --> File loaded: /apps/web-drc/application/modules/visibility_program_active/models/Visibility_program_model.php
INFO - 2025-03-20 02:56:59 --> Model Class Initialized
DEBUG - 2025-03-20 02:56:59 --> File loaded: /apps/web-drc/application/modules/visibility_program_active/views/content.php
DEBUG - 2025-03-20 02:56:59 --> File loaded: /apps/web-drc/application/views/templates/header.php
DEBUG - 2025-03-20 02:56:59 --> File loaded: /apps/web-drc/application/views/templates/toolbar.php
DEBUG - 2025-03-20 02:56:59 --> File loaded: /apps/web-drc/application/views/templates/sidebar.php
DEBUG - 2025-03-20 02:56:59 --> File loaded: /apps/web-drc/application/views/templates/contents.php
DEBUG - 2025-03-20 02:56:59 --> File loaded: /apps/web-drc/application/views/templates/content_footer.php
DEBUG - 2025-03-20 02:56:59 --> File loaded: /apps/web-drc/application/views/templates/footer.php
DEBUG - 2025-03-20 02:56:59 --> File loaded: /apps/web-drc/application/views/templates/default.php
INFO - 2025-03-20 02:56:59 --> Final output sent to browser
DEBUG - 2025-03-20 02:56:59 --> Total execution time: 0.0085
INFO - 2025-03-20 02:57:00 --> Config Class Initialized
INFO - 2025-03-20 02:57:00 --> Hooks Class Initialized
DEBUG - 2025-03-20 02:57:00 --> UTF-8 Support Enabled
INFO - 2025-03-20 02:57:00 --> Utf8 Class Initialized
INFO - 2025-03-20 02:57:00 --> URI Class Initialized
INFO - 2025-03-20 02:57:00 --> Router Class Initialized
INFO - 2025-03-20 02:57:00 --> Output Class Initialized
INFO - 2025-03-20 02:57:00 --> Security Class Initialized
DEBUG - 2025-03-20 02:57:00 --> Global POST, GET and COOKIE data sanitized
INFO - 2025-03-20 02:57:00 --> Input Class Initialized
INFO - 2025-03-20 02:57:00 --> Language Class Initialized
ERROR - 2025-03-20 02:57:00 --> 404 Page Not Found: /index
INFO - 2025-03-20 02:57:00 --> Config Class Initialized
INFO - 2025-03-20 02:57:00 --> Hooks Class Initialized
DEBUG - 2025-03-20 02:57:00 --> UTF-8 Support Enabled
INFO - 2025-03-20 02:57:00 --> Utf8 Class Initialized
INFO - 2025-03-20 02:57:00 --> URI Class Initialized
INFO - 2025-03-20 02:57:00 --> Router Class Initialized
INFO - 2025-03-20 02:57:00 --> Output Class Initialized
INFO - 2025-03-20 02:57:00 --> Security Class Initialized
DEBUG - 2025-03-20 02:57:00 --> Global POST, GET and COOKIE data sanitized
INFO - 2025-03-20 02:57:00 --> Input Class Initialized
INFO - 2025-03-20 02:57:00 --> Language Class Initialized
INFO - 2025-03-20 02:57:00 --> Language Class Initialized
INFO - 2025-03-20 02:57:00 --> Config Class Initialized
INFO - 2025-03-20 02:57:00 --> Loader Class Initialized
INFO - 2025-03-20 02:57:00 --> Helper loaded: url_helper
INFO - 2025-03-20 02:57:00 --> Helper loaded: easyui_helper
INFO - 2025-03-20 02:57:00 --> Helper loaded: param_helper
INFO - 2025-03-20 02:57:00 --> Helper loaded: credential_helper
INFO - 2025-03-20 02:57:00 --> Helper loaded: template_helper
INFO - 2025-03-20 02:57:00 --> Helper loaded: rest_helper
INFO - 2025-03-20 02:57:00 --> Database Driver Class Initialized
DEBUG - 2025-03-20 02:57:00 --> Idgenerator class already loaded. Second attempt ignored.
INFO - 2025-03-20 02:57:00 --> Controller Class Initialized
INFO - 2025-03-20 02:57:00 --> Model Class Initialized
DEBUG - 2025-03-20 02:57:00 --> File loaded: /apps/web-drc/application/modules/visibility_program_active/models/Visibility_program_model.php
INFO - 2025-03-20 02:57:00 --> Model Class Initialized
INFO - 2025-03-20 02:57:00 --> Final output sent to browser
DEBUG - 2025-03-20 02:57:00 --> Total execution time: 0.0048
INFO - 2025-03-20 02:57:03 --> Config Class Initialized
INFO - 2025-03-20 02:57:03 --> Hooks Class Initialized
DEBUG - 2025-03-20 02:57:03 --> UTF-8 Support Enabled
INFO - 2025-03-20 02:57:03 --> Utf8 Class Initialized
INFO - 2025-03-20 02:57:03 --> URI Class Initialized
INFO - 2025-03-20 02:57:03 --> Router Class Initialized
INFO - 2025-03-20 02:57:03 --> Output Class Initialized
INFO - 2025-03-20 02:57:03 --> Security Class Initialized
DEBUG - 2025-03-20 02:57:03 --> Global POST, GET and COOKIE data sanitized
INFO - 2025-03-20 02:57:03 --> Input Class Initialized
INFO - 2025-03-20 02:57:03 --> Language Class Initialized
INFO - 2025-03-20 02:57:03 --> Language Class Initialized
INFO - 2025-03-20 02:57:03 --> Config Class Initialized
INFO - 2025-03-20 02:57:03 --> Loader Class Initialized
INFO - 2025-03-20 02:57:03 --> Helper loaded: url_helper
INFO - 2025-03-20 02:57:03 --> Helper loaded: easyui_helper
INFO - 2025-03-20 02:57:03 --> Helper loaded: param_helper
INFO - 2025-03-20 02:57:03 --> Helper loaded: credential_helper
INFO - 2025-03-20 02:57:03 --> Helper loaded: template_helper
INFO - 2025-03-20 02:57:03 --> Helper loaded: rest_helper
INFO - 2025-03-20 02:57:03 --> Database Driver Class Initialized
DEBUG - 2025-03-20 02:57:03 --> Idgenerator class already loaded. Second attempt ignored.
INFO - 2025-03-20 02:57:03 --> Controller Class Initialized
INFO - 2025-03-20 02:57:03 --> Model Class Initialized
DEBUG - 2025-03-20 02:57:03 --> File loaded: /apps/web-drc/application/modules/visibility_program_active/models/Visibility_program_model.php
INFO - 2025-03-20 02:57:03 --> Model Class Initialized
DEBUG - 2025-03-20 02:57:03 --> File loaded: /apps/web-drc/application/modules/visibility_program_active/views/form.php
DEBUG - 2025-03-20 02:57:03 --> File loaded: /apps/web-drc/application/views/templates/header.php
DEBUG - 2025-03-20 02:57:03 --> File loaded: /apps/web-drc/application/views/templates/toolbar.php
DEBUG - 2025-03-20 02:57:03 --> File loaded: /apps/web-drc/application/views/templates/sidebar.php
DEBUG - 2025-03-20 02:57:03 --> File loaded: /apps/web-drc/application/views/templates/contents.php
DEBUG - 2025-03-20 02:57:03 --> File loaded: /apps/web-drc/application/views/templates/content_footer.php
DEBUG - 2025-03-20 02:57:03 --> File loaded: /apps/web-drc/application/views/templates/footer.php
DEBUG - 2025-03-20 02:57:03 --> File loaded: /apps/web-drc/application/views/templates/default.php
INFO - 2025-03-20 02:57:03 --> Final output sent to browser
DEBUG - 2025-03-20 02:57:03 --> Total execution time: 0.0071
INFO - 2025-03-20 02:57:03 --> Config Class Initialized
INFO - 2025-03-20 02:57:03 --> Hooks Class Initialized
DEBUG - 2025-03-20 02:57:03 --> UTF-8 Support Enabled
INFO - 2025-03-20 02:57:03 --> Utf8 Class Initialized
INFO - 2025-03-20 02:57:03 --> URI Class Initialized
INFO - 2025-03-20 02:57:03 --> Router Class Initialized
INFO - 2025-03-20 02:57:03 --> Output Class Initialized
INFO - 2025-03-20 02:57:03 --> Security Class Initialized
DEBUG - 2025-03-20 02:57:03 --> Global POST, GET and COOKIE data sanitized
INFO - 2025-03-20 02:57:03 --> Input Class Initialized
INFO - 2025-03-20 02:57:03 --> Language Class Initialized
ERROR - 2025-03-20 02:57:03 --> 404 Page Not Found: /index
INFO - 2025-03-20 02:57:03 --> Config Class Initialized
INFO - 2025-03-20 02:57:03 --> Hooks Class Initialized
DEBUG - 2025-03-20 02:57:03 --> UTF-8 Support Enabled
INFO - 2025-03-20 02:57:03 --> Utf8 Class Initialized
INFO - 2025-03-20 02:57:03 --> URI Class Initialized
INFO - 2025-03-20 02:57:03 --> Router Class Initialized
INFO - 2025-03-20 02:57:03 --> Output Class Initialized
INFO - 2025-03-20 02:57:03 --> Security Class Initialized
DEBUG - 2025-03-20 02:57:03 --> Global POST, GET and COOKIE data sanitized
INFO - 2025-03-20 02:57:03 --> Input Class Initialized
INFO - 2025-03-20 02:57:03 --> Language Class Initialized
INFO - 2025-03-20 02:57:03 --> Language Class Initialized
INFO - 2025-03-20 02:57:03 --> Config Class Initialized
INFO - 2025-03-20 02:57:03 --> Loader Class Initialized
INFO - 2025-03-20 02:57:03 --> Helper loaded: url_helper
INFO - 2025-03-20 02:57:03 --> Helper loaded: easyui_helper
INFO - 2025-03-20 02:57:03 --> Helper loaded: param_helper
INFO - 2025-03-20 02:57:03 --> Helper loaded: credential_helper
INFO - 2025-03-20 02:57:03 --> Helper loaded: template_helper
INFO - 2025-03-20 02:57:03 --> Helper loaded: rest_helper
INFO - 2025-03-20 02:57:03 --> Database Driver Class Initialized
DEBUG - 2025-03-20 02:57:03 --> Idgenerator class already loaded. Second attempt ignored.
INFO - 2025-03-20 02:57:03 --> Controller Class Initialized
INFO - 2025-03-20 02:57:03 --> Model Class Initialized
DEBUG - 2025-03-20 02:57:03 --> File loaded: /apps/web-drc/application/modules/api_v1/models/Api_v1_model.php
INFO - 2025-03-20 02:57:03 --> Model Class Initialized
INFO - 2025-03-20 02:57:03 --> Final output sent to browser
DEBUG - 2025-03-20 02:57:03 --> Total execution time: 0.0045
INFO - 2025-03-20 02:57:04 --> Config Class Initialized
INFO - 2025-03-20 02:57:04 --> Hooks Class Initialized
DEBUG - 2025-03-20 02:57:04 --> UTF-8 Support Enabled
INFO - 2025-03-20 02:57:04 --> Utf8 Class Initialized
INFO - 2025-03-20 02:57:04 --> URI Class Initialized
INFO - 2025-03-20 02:57:04 --> Router Class Initialized
INFO - 2025-03-20 02:57:04 --> Output Class Initialized
INFO - 2025-03-20 02:57:04 --> Security Class Initialized
DEBUG - 2025-03-20 02:57:04 --> Global POST, GET and COOKIE data sanitized
INFO - 2025-03-20 02:57:04 --> Input Class Initialized
INFO - 2025-03-20 02:57:04 --> Language Class Initialized
INFO - 2025-03-20 02:57:04 --> Language Class Initialized
INFO - 2025-03-20 02:57:04 --> Config Class Initialized
INFO - 2025-03-20 02:57:04 --> Loader Class Initialized
INFO - 2025-03-20 02:57:04 --> Helper loaded: url_helper
INFO - 2025-03-20 02:57:04 --> Helper loaded: easyui_helper
INFO - 2025-03-20 02:57:04 --> Helper loaded: param_helper
INFO - 2025-03-20 02:57:04 --> Helper loaded: credential_helper
INFO - 2025-03-20 02:57:04 --> Helper loaded: template_helper
INFO - 2025-03-20 02:57:04 --> Helper loaded: rest_helper
INFO - 2025-03-20 02:57:04 --> Database Driver Class Initialized
DEBUG - 2025-03-20 02:57:04 --> Idgenerator class already loaded. Second attempt ignored.
INFO - 2025-03-20 02:57:04 --> Controller Class Initialized
INFO - 2025-03-20 02:57:04 --> Model Class Initialized
DEBUG - 2025-03-20 02:57:04 --> File loaded: /apps/web-drc/application/modules/api_v1/models/Api_v1_model.php
INFO - 2025-03-20 02:57:04 --> Model Class Initialized
INFO - 2025-03-20 02:57:04 --> Final output sent to browser
DEBUG - 2025-03-20 02:57:04 --> Total execution time: 0.0040
INFO - 2025-03-20 03:00:38 --> Config Class Initialized
INFO - 2025-03-20 03:00:38 --> Hooks Class Initialized
DEBUG - 2025-03-20 03:00:38 --> UTF-8 Support Enabled
INFO - 2025-03-20 03:00:38 --> Utf8 Class Initialized
INFO - 2025-03-20 03:00:38 --> URI Class Initialized
INFO - 2025-03-20 03:00:38 --> Router Class Initialized
INFO - 2025-03-20 03:00:38 --> Output Class Initialized
INFO - 2025-03-20 03:00:38 --> Security Class Initialized
DEBUG - 2025-03-20 03:00:38 --> Global POST, GET and COOKIE data sanitized
INFO - 2025-03-20 03:00:38 --> Input Class Initialized
INFO - 2025-03-20 03:00:38 --> Language Class Initialized
INFO - 2025-03-20 03:00:38 --> Language Class Initialized
INFO - 2025-03-20 03:00:38 --> Config Class Initialized
INFO - 2025-03-20 03:00:38 --> Loader Class Initialized
INFO - 2025-03-20 03:00:38 --> Helper loaded: url_helper
INFO - 2025-03-20 03:00:38 --> Helper loaded: easyui_helper
INFO - 2025-03-20 03:00:38 --> Helper loaded: param_helper
INFO - 2025-03-20 03:00:38 --> Helper loaded: credential_helper
INFO - 2025-03-20 03:00:38 --> Helper loaded: template_helper
INFO - 2025-03-20 03:00:38 --> Helper loaded: rest_helper
INFO - 2025-03-20 03:00:38 --> Database Driver Class Initialized
DEBUG - 2025-03-20 03:00:38 --> Idgenerator class already loaded. Second attempt ignored.
INFO - 2025-03-20 03:00:38 --> Controller Class Initialized
INFO - 2025-03-20 03:00:38 --> Model Class Initialized
DEBUG - 2025-03-20 03:00:38 --> File loaded: /apps/web-drc/application/modules/visibility_program_active/models/Visibility_program_model.php
INFO - 2025-03-20 03:00:38 --> Model Class Initialized
DEBUG - 2025-03-20 03:00:38 --> File loaded: /apps/web-drc/application/modules/visibility_program_active/views/form.php
DEBUG - 2025-03-20 03:00:38 --> File loaded: /apps/web-drc/application/views/templates/header.php
DEBUG - 2025-03-20 03:00:38 --> File loaded: /apps/web-drc/application/views/templates/toolbar.php
DEBUG - 2025-03-20 03:00:38 --> File loaded: /apps/web-drc/application/views/templates/sidebar.php
DEBUG - 2025-03-20 03:00:38 --> File loaded: /apps/web-drc/application/views/templates/contents.php
DEBUG - 2025-03-20 03:00:38 --> File loaded: /apps/web-drc/application/views/templates/content_footer.php
DEBUG - 2025-03-20 03:00:38 --> File loaded: /apps/web-drc/application/views/templates/footer.php
DEBUG - 2025-03-20 03:00:38 --> File loaded: /apps/web-drc/application/views/templates/default.php
INFO - 2025-03-20 03:00:38 --> Final output sent to browser
DEBUG - 2025-03-20 03:00:38 --> Total execution time: 0.0084
INFO - 2025-03-20 03:00:39 --> Config Class Initialized
INFO - 2025-03-20 03:00:39 --> Hooks Class Initialized
DEBUG - 2025-03-20 03:00:39 --> UTF-8 Support Enabled
INFO - 2025-03-20 03:00:39 --> Utf8 Class Initialized
INFO - 2025-03-20 03:00:39 --> URI Class Initialized
INFO - 2025-03-20 03:00:39 --> Router Class Initialized
INFO - 2025-03-20 03:00:39 --> Output Class Initialized
INFO - 2025-03-20 03:00:39 --> Security Class Initialized
DEBUG - 2025-03-20 03:00:39 --> Global POST, GET and COOKIE data sanitized
INFO - 2025-03-20 03:00:39 --> Input Class Initialized
INFO - 2025-03-20 03:00:39 --> Language Class Initialized
ERROR - 2025-03-20 03:00:39 --> 404 Page Not Found: /index
INFO - 2025-03-20 03:00:39 --> Config Class Initialized
INFO - 2025-03-20 03:00:39 --> Hooks Class Initialized
DEBUG - 2025-03-20 03:00:39 --> UTF-8 Support Enabled
INFO - 2025-03-20 03:00:39 --> Utf8 Class Initialized
INFO - 2025-03-20 03:00:39 --> URI Class Initialized
INFO - 2025-03-20 03:00:39 --> Router Class Initialized
INFO - 2025-03-20 03:00:39 --> Output Class Initialized
INFO - 2025-03-20 03:00:39 --> Security Class Initialized
DEBUG - 2025-03-20 03:00:39 --> Global POST, GET and COOKIE data sanitized
INFO - 2025-03-20 03:00:39 --> Input Class Initialized
INFO - 2025-03-20 03:00:39 --> Language Class Initialized
INFO - 2025-03-20 03:00:39 --> Language Class Initialized
INFO - 2025-03-20 03:00:39 --> Config Class Initialized
INFO - 2025-03-20 03:00:39 --> Loader Class Initialized
INFO - 2025-03-20 03:00:39 --> Helper loaded: url_helper
INFO - 2025-03-20 03:00:39 --> Helper loaded: easyui_helper
INFO - 2025-03-20 03:00:39 --> Helper loaded: param_helper
INFO - 2025-03-20 03:00:39 --> Helper loaded: credential_helper
INFO - 2025-03-20 03:00:39 --> Helper loaded: template_helper
INFO - 2025-03-20 03:00:39 --> Helper loaded: rest_helper
INFO - 2025-03-20 03:00:39 --> Database Driver Class Initialized
DEBUG - 2025-03-20 03:00:39 --> Idgenerator class already loaded. Second attempt ignored.
INFO - 2025-03-20 03:00:39 --> Controller Class Initialized
INFO - 2025-03-20 03:00:39 --> Model Class Initialized
DEBUG - 2025-03-20 03:00:39 --> File loaded: /apps/web-drc/application/modules/api_v1/models/Api_v1_model.php
INFO - 2025-03-20 03:00:39 --> Model Class Initialized
INFO - 2025-03-20 03:00:39 --> Final output sent to browser
DEBUG - 2025-03-20 03:00:39 --> Total execution time: 0.0037
INFO - 2025-03-20 03:00:39 --> Config Class Initialized
INFO - 2025-03-20 03:00:39 --> Hooks Class Initialized
DEBUG - 2025-03-20 03:00:39 --> UTF-8 Support Enabled
INFO - 2025-03-20 03:00:39 --> Utf8 Class Initialized
INFO - 2025-03-20 03:00:39 --> URI Class Initialized
INFO - 2025-03-20 03:00:39 --> Router Class Initialized
INFO - 2025-03-20 03:00:39 --> Output Class Initialized
INFO - 2025-03-20 03:00:39 --> Security Class Initialized
DEBUG - 2025-03-20 03:00:39 --> Global POST, GET and COOKIE data sanitized
INFO - 2025-03-20 03:00:39 --> Input Class Initialized
INFO - 2025-03-20 03:00:39 --> Language Class Initialized
INFO - 2025-03-20 03:00:39 --> Language Class Initialized
INFO - 2025-03-20 03:00:39 --> Config Class Initialized
INFO - 2025-03-20 03:00:39 --> Loader Class Initialized
INFO - 2025-03-20 03:00:39 --> Helper loaded: url_helper
INFO - 2025-03-20 03:00:39 --> Helper loaded: easyui_helper
INFO - 2025-03-20 03:00:39 --> Helper loaded: param_helper
INFO - 2025-03-20 03:00:39 --> Helper loaded: credential_helper
INFO - 2025-03-20 03:00:39 --> Helper loaded: template_helper
INFO - 2025-03-20 03:00:39 --> Helper loaded: rest_helper
INFO - 2025-03-20 03:00:39 --> Database Driver Class Initialized
DEBUG - 2025-03-20 03:00:39 --> Idgenerator class already loaded. Second attempt ignored.
INFO - 2025-03-20 03:00:39 --> Controller Class Initialized
INFO - 2025-03-20 03:00:39 --> Model Class Initialized
DEBUG - 2025-03-20 03:00:39 --> File loaded: /apps/web-drc/application/modules/api_v1/models/Api_v1_model.php
INFO - 2025-03-20 03:00:39 --> Model Class Initialized
INFO - 2025-03-20 03:00:39 --> Final output sent to browser
DEBUG - 2025-03-20 03:00:39 --> Total execution time: 0.0032
INFO - 2025-03-20 03:00:40 --> Config Class Initialized
INFO - 2025-03-20 03:00:40 --> Hooks Class Initialized
DEBUG - 2025-03-20 03:00:40 --> UTF-8 Support Enabled
INFO - 2025-03-20 03:00:40 --> Utf8 Class Initialized
INFO - 2025-03-20 03:00:40 --> URI Class Initialized
INFO - 2025-03-20 03:00:40 --> Router Class Initialized
INFO - 2025-03-20 03:00:40 --> Output Class Initialized
INFO - 2025-03-20 03:00:40 --> Security Class Initialized
DEBUG - 2025-03-20 03:00:40 --> Global POST, GET and COOKIE data sanitized
INFO - 2025-03-20 03:00:40 --> Input Class Initialized
INFO - 2025-03-20 03:00:40 --> Language Class Initialized
ERROR - 2025-03-20 03:00:40 --> 404 Page Not Found: /index
INFO - 2025-03-20 03:00:43 --> Config Class Initialized
INFO - 2025-03-20 03:00:43 --> Hooks Class Initialized
DEBUG - 2025-03-20 03:00:43 --> UTF-8 Support Enabled
INFO - 2025-03-20 03:00:43 --> Utf8 Class Initialized
INFO - 2025-03-20 03:00:43 --> URI Class Initialized
INFO - 2025-03-20 03:00:43 --> Router Class Initialized
INFO - 2025-03-20 03:00:43 --> Output Class Initialized
INFO - 2025-03-20 03:00:43 --> Security Class Initialized
DEBUG - 2025-03-20 03:00:43 --> Global POST, GET and COOKIE data sanitized
INFO - 2025-03-20 03:00:43 --> Input Class Initialized
INFO - 2025-03-20 03:00:43 --> Language Class Initialized
INFO - 2025-03-20 03:00:43 --> Language Class Initialized
INFO - 2025-03-20 03:00:43 --> Config Class Initialized
INFO - 2025-03-20 03:00:43 --> Loader Class Initialized
INFO - 2025-03-20 03:00:43 --> Helper loaded: url_helper
INFO - 2025-03-20 03:00:43 --> Helper loaded: easyui_helper
INFO - 2025-03-20 03:00:43 --> Helper loaded: param_helper
INFO - 2025-03-20 03:00:43 --> Helper loaded: credential_helper
INFO - 2025-03-20 03:00:43 --> Helper loaded: template_helper
INFO - 2025-03-20 03:00:43 --> Helper loaded: rest_helper
INFO - 2025-03-20 03:00:43 --> Database Driver Class Initialized
DEBUG - 2025-03-20 03:00:43 --> Idgenerator class already loaded. Second attempt ignored.
INFO - 2025-03-20 03:00:43 --> Controller Class Initialized
INFO - 2025-03-20 03:00:43 --> Model Class Initialized
DEBUG - 2025-03-20 03:00:43 --> File loaded: /apps/web-drc/application/modules/api_v1/models/Api_v1_model.php
INFO - 2025-03-20 03:00:43 --> Model Class Initialized
INFO - 2025-03-20 03:00:43 --> Final output sent to browser
DEBUG - 2025-03-20 03:00:43 --> Total execution time: 0.0041
INFO - 2025-03-20 03:00:48 --> Config Class Initialized
INFO - 2025-03-20 03:00:48 --> Hooks Class Initialized
DEBUG - 2025-03-20 03:00:48 --> UTF-8 Support Enabled
INFO - 2025-03-20 03:00:48 --> Utf8 Class Initialized
INFO - 2025-03-20 03:00:48 --> URI Class Initialized
INFO - 2025-03-20 03:00:48 --> Router Class Initialized
INFO - 2025-03-20 03:00:48 --> Output Class Initialized
INFO - 2025-03-20 03:00:48 --> Security Class Initialized
DEBUG - 2025-03-20 03:00:48 --> Global POST, GET and COOKIE data sanitized
INFO - 2025-03-20 03:00:48 --> Input Class Initialized
INFO - 2025-03-20 03:00:48 --> Language Class Initialized
INFO - 2025-03-20 03:00:48 --> Language Class Initialized
INFO - 2025-03-20 03:00:48 --> Config Class Initialized
INFO - 2025-03-20 03:00:48 --> Loader Class Initialized
INFO - 2025-03-20 03:00:48 --> Helper loaded: url_helper
INFO - 2025-03-20 03:00:48 --> Helper loaded: easyui_helper
INFO - 2025-03-20 03:00:48 --> Helper loaded: param_helper
INFO - 2025-03-20 03:00:48 --> Helper loaded: credential_helper
INFO - 2025-03-20 03:00:48 --> Helper loaded: template_helper
INFO - 2025-03-20 03:00:48 --> Helper loaded: rest_helper
INFO - 2025-03-20 03:00:48 --> Database Driver Class Initialized
DEBUG - 2025-03-20 03:00:48 --> Idgenerator class already loaded. Second attempt ignored.
INFO - 2025-03-20 03:00:48 --> Controller Class Initialized
INFO - 2025-03-20 03:00:48 --> Model Class Initialized
DEBUG - 2025-03-20 03:00:48 --> File loaded: /apps/web-drc/application/modules/api_v1/models/Api_v1_model.php
INFO - 2025-03-20 03:00:48 --> Model Class Initialized
INFO - 2025-03-20 03:00:48 --> Final output sent to browser
DEBUG - 2025-03-20 03:00:48 --> Total execution time: 0.0038
INFO - 2025-03-20 03:00:54 --> Config Class Initialized
INFO - 2025-03-20 03:00:54 --> Hooks Class Initialized
DEBUG - 2025-03-20 03:00:54 --> UTF-8 Support Enabled
INFO - 2025-03-20 03:00:54 --> Utf8 Class Initialized
INFO - 2025-03-20 03:00:54 --> URI Class Initialized
INFO - 2025-03-20 03:00:54 --> Router Class Initialized
INFO - 2025-03-20 03:00:54 --> Output Class Initialized
INFO - 2025-03-20 03:00:54 --> Security Class Initialized
DEBUG - 2025-03-20 03:00:54 --> Global POST, GET and COOKIE data sanitized
INFO - 2025-03-20 03:00:54 --> Input Class Initialized
INFO - 2025-03-20 03:00:54 --> Language Class Initialized
INFO - 2025-03-20 03:00:54 --> Language Class Initialized
INFO - 2025-03-20 03:00:54 --> Config Class Initialized
INFO - 2025-03-20 03:00:54 --> Loader Class Initialized
INFO - 2025-03-20 03:00:54 --> Helper loaded: url_helper
INFO - 2025-03-20 03:00:54 --> Helper loaded: easyui_helper
INFO - 2025-03-20 03:00:54 --> Helper loaded: param_helper
INFO - 2025-03-20 03:00:54 --> Helper loaded: credential_helper
INFO - 2025-03-20 03:00:54 --> Helper loaded: template_helper
INFO - 2025-03-20 03:00:54 --> Helper loaded: rest_helper
INFO - 2025-03-20 03:00:54 --> Database Driver Class Initialized
DEBUG - 2025-03-20 03:00:54 --> Idgenerator class already loaded. Second attempt ignored.
INFO - 2025-03-20 03:00:54 --> Controller Class Initialized
INFO - 2025-03-20 03:00:54 --> Model Class Initialized
DEBUG - 2025-03-20 03:00:54 --> File loaded: /apps/web-drc/application/modules/api_v1/models/Api_v1_model.php
INFO - 2025-03-20 03:00:54 --> Model Class Initialized
INFO - 2025-03-20 03:00:54 --> Final output sent to browser
DEBUG - 2025-03-20 03:00:54 --> Total execution time: 0.0053
INFO - 2025-03-20 03:02:05 --> Config Class Initialized
INFO - 2025-03-20 03:02:05 --> Hooks Class Initialized
DEBUG - 2025-03-20 03:02:05 --> UTF-8 Support Enabled
INFO - 2025-03-20 03:02:05 --> Utf8 Class Initialized
INFO - 2025-03-20 03:02:05 --> URI Class Initialized
INFO - 2025-03-20 03:02:05 --> Router Class Initialized
INFO - 2025-03-20 03:02:05 --> Output Class Initialized
INFO - 2025-03-20 03:02:05 --> Security Class Initialized
DEBUG - 2025-03-20 03:02:05 --> Global POST, GET and COOKIE data sanitized
INFO - 2025-03-20 03:02:05 --> Input Class Initialized
INFO - 2025-03-20 03:02:05 --> Language Class Initialized
INFO - 2025-03-20 03:02:05 --> Language Class Initialized
INFO - 2025-03-20 03:02:05 --> Config Class Initialized
INFO - 2025-03-20 03:02:05 --> Loader Class Initialized
INFO - 2025-03-20 03:02:05 --> Helper loaded: url_helper
INFO - 2025-03-20 03:02:05 --> Helper loaded: easyui_helper
INFO - 2025-03-20 03:02:05 --> Helper loaded: param_helper
INFO - 2025-03-20 03:02:05 --> Helper loaded: credential_helper
INFO - 2025-03-20 03:02:05 --> Helper loaded: template_helper
INFO - 2025-03-20 03:02:05 --> Helper loaded: rest_helper
INFO - 2025-03-20 03:02:05 --> Database Driver Class Initialized
DEBUG - 2025-03-20 03:02:05 --> Idgenerator class already loaded. Second attempt ignored.
INFO - 2025-03-20 03:02:05 --> Controller Class Initialized
INFO - 2025-03-20 03:02:05 --> Model Class Initialized
DEBUG - 2025-03-20 03:02:05 --> File loaded: /apps/web-drc/application/modules/visibility_program_active/models/Visibility_program_model.php
INFO - 2025-03-20 03:02:05 --> Model Class Initialized
DEBUG - 2025-03-20 03:02:05 --> File loaded: /apps/web-drc/application/modules/visibility_program_active/views/form.php
DEBUG - 2025-03-20 03:02:05 --> File loaded: /apps/web-drc/application/views/templates/header.php
DEBUG - 2025-03-20 03:02:05 --> File loaded: /apps/web-drc/application/views/templates/toolbar.php
DEBUG - 2025-03-20 03:02:05 --> File loaded: /apps/web-drc/application/views/templates/sidebar.php
DEBUG - 2025-03-20 03:02:05 --> File loaded: /apps/web-drc/application/views/templates/contents.php
DEBUG - 2025-03-20 03:02:05 --> File loaded: /apps/web-drc/application/views/templates/content_footer.php
DEBUG - 2025-03-20 03:02:05 --> File loaded: /apps/web-drc/application/views/templates/footer.php
DEBUG - 2025-03-20 03:02:05 --> File loaded: /apps/web-drc/application/views/templates/default.php
INFO - 2025-03-20 03:02:05 --> Final output sent to browser
DEBUG - 2025-03-20 03:02:05 --> Total execution time: 0.0075
INFO - 2025-03-20 03:02:07 --> Config Class Initialized
INFO - 2025-03-20 03:02:07 --> Hooks Class Initialized
DEBUG - 2025-03-20 03:02:07 --> UTF-8 Support Enabled
INFO - 2025-03-20 03:02:07 --> Utf8 Class Initialized
INFO - 2025-03-20 03:02:07 --> URI Class Initialized
INFO - 2025-03-20 03:02:07 --> Router Class Initialized
INFO - 2025-03-20 03:02:07 --> Output Class Initialized
INFO - 2025-03-20 03:02:07 --> Security Class Initialized
DEBUG - 2025-03-20 03:02:07 --> Global POST, GET and COOKIE data sanitized
INFO - 2025-03-20 03:02:07 --> Input Class Initialized
INFO - 2025-03-20 03:02:07 --> Language Class Initialized
ERROR - 2025-03-20 03:02:07 --> 404 Page Not Found: /index
INFO - 2025-03-20 03:02:07 --> Config Class Initialized
INFO - 2025-03-20 03:02:07 --> Hooks Class Initialized
DEBUG - 2025-03-20 03:02:07 --> UTF-8 Support Enabled
INFO - 2025-03-20 03:02:07 --> Utf8 Class Initialized
INFO - 2025-03-20 03:02:07 --> URI Class Initialized
INFO - 2025-03-20 03:02:07 --> Router Class Initialized
INFO - 2025-03-20 03:02:07 --> Output Class Initialized
INFO - 2025-03-20 03:02:07 --> Security Class Initialized
DEBUG - 2025-03-20 03:02:07 --> Global POST, GET and COOKIE data sanitized
INFO - 2025-03-20 03:02:07 --> Input Class Initialized
INFO - 2025-03-20 03:02:07 --> Language Class Initialized
INFO - 2025-03-20 03:02:07 --> Language Class Initialized
INFO - 2025-03-20 03:02:07 --> Config Class Initialized
INFO - 2025-03-20 03:02:07 --> Loader Class Initialized
INFO - 2025-03-20 03:02:07 --> Helper loaded: url_helper
INFO - 2025-03-20 03:02:07 --> Helper loaded: easyui_helper
INFO - 2025-03-20 03:02:07 --> Helper loaded: param_helper
INFO - 2025-03-20 03:02:07 --> Helper loaded: credential_helper
INFO - 2025-03-20 03:02:07 --> Helper loaded: template_helper
INFO - 2025-03-20 03:02:07 --> Helper loaded: rest_helper
INFO - 2025-03-20 03:02:07 --> Database Driver Class Initialized
DEBUG - 2025-03-20 03:02:07 --> Idgenerator class already loaded. Second attempt ignored.
INFO - 2025-03-20 03:02:07 --> Controller Class Initialized
INFO - 2025-03-20 03:02:07 --> Model Class Initialized
DEBUG - 2025-03-20 03:02:07 --> File loaded: /apps/web-drc/application/modules/api_v1/models/Api_v1_model.php
INFO - 2025-03-20 03:02:07 --> Model Class Initialized
INFO - 2025-03-20 03:02:07 --> Final output sent to browser
DEBUG - 2025-03-20 03:02:07 --> Total execution time: 0.0035
INFO - 2025-03-20 03:02:07 --> Config Class Initialized
INFO - 2025-03-20 03:02:07 --> Hooks Class Initialized
DEBUG - 2025-03-20 03:02:07 --> UTF-8 Support Enabled
INFO - 2025-03-20 03:02:07 --> Utf8 Class Initialized
INFO - 2025-03-20 03:02:07 --> URI Class Initialized
INFO - 2025-03-20 03:02:07 --> Router Class Initialized
INFO - 2025-03-20 03:02:07 --> Output Class Initialized
INFO - 2025-03-20 03:02:07 --> Security Class Initialized
DEBUG - 2025-03-20 03:02:07 --> Global POST, GET and COOKIE data sanitized
INFO - 2025-03-20 03:02:07 --> Input Class Initialized
INFO - 2025-03-20 03:02:07 --> Language Class Initialized
INFO - 2025-03-20 03:02:07 --> Language Class Initialized
INFO - 2025-03-20 03:02:07 --> Config Class Initialized
INFO - 2025-03-20 03:02:07 --> Loader Class Initialized
INFO - 2025-03-20 03:02:07 --> Helper loaded: url_helper
INFO - 2025-03-20 03:02:07 --> Helper loaded: easyui_helper
INFO - 2025-03-20 03:02:07 --> Helper loaded: param_helper
INFO - 2025-03-20 03:02:07 --> Helper loaded: credential_helper
INFO - 2025-03-20 03:02:07 --> Helper loaded: template_helper
INFO - 2025-03-20 03:02:07 --> Helper loaded: rest_helper
INFO - 2025-03-20 03:02:07 --> Database Driver Class Initialized
DEBUG - 2025-03-20 03:02:07 --> Idgenerator class already loaded. Second attempt ignored.
INFO - 2025-03-20 03:02:07 --> Controller Class Initialized
INFO - 2025-03-20 03:02:07 --> Model Class Initialized
DEBUG - 2025-03-20 03:02:07 --> File loaded: /apps/web-drc/application/modules/api_v1/models/Api_v1_model.php
INFO - 2025-03-20 03:02:07 --> Model Class Initialized
INFO - 2025-03-20 03:02:07 --> Final output sent to browser
DEBUG - 2025-03-20 03:02:07 --> Total execution time: 0.0028
INFO - 2025-03-20 03:02:08 --> Config Class Initialized
INFO - 2025-03-20 03:02:08 --> Hooks Class Initialized
DEBUG - 2025-03-20 03:02:08 --> UTF-8 Support Enabled
INFO - 2025-03-20 03:02:08 --> Utf8 Class Initialized
INFO - 2025-03-20 03:02:08 --> URI Class Initialized
INFO - 2025-03-20 03:02:08 --> Router Class Initialized
INFO - 2025-03-20 03:02:08 --> Output Class Initialized
INFO - 2025-03-20 03:02:08 --> Security Class Initialized
DEBUG - 2025-03-20 03:02:08 --> Global POST, GET and COOKIE data sanitized
INFO - 2025-03-20 03:02:08 --> Input Class Initialized
INFO - 2025-03-20 03:02:08 --> Language Class Initialized
ERROR - 2025-03-20 03:02:08 --> 404 Page Not Found: /index
INFO - 2025-03-20 03:09:36 --> Config Class Initialized
INFO - 2025-03-20 03:09:36 --> Hooks Class Initialized
DEBUG - 2025-03-20 03:09:36 --> UTF-8 Support Enabled
INFO - 2025-03-20 03:09:36 --> Utf8 Class Initialized
INFO - 2025-03-20 03:09:36 --> URI Class Initialized
INFO - 2025-03-20 03:09:36 --> Router Class Initialized
INFO - 2025-03-20 03:09:36 --> Output Class Initialized
INFO - 2025-03-20 03:09:36 --> Security Class Initialized
DEBUG - 2025-03-20 03:09:36 --> Global POST, GET and COOKIE data sanitized
INFO - 2025-03-20 03:09:36 --> Input Class Initialized
INFO - 2025-03-20 03:09:36 --> Language Class Initialized
INFO - 2025-03-20 03:09:36 --> Language Class Initialized
INFO - 2025-03-20 03:09:36 --> Config Class Initialized
INFO - 2025-03-20 03:09:36 --> Loader Class Initialized
INFO - 2025-03-20 03:09:36 --> Helper loaded: url_helper
INFO - 2025-03-20 03:09:36 --> Helper loaded: easyui_helper
INFO - 2025-03-20 03:09:36 --> Helper loaded: param_helper
INFO - 2025-03-20 03:09:36 --> Helper loaded: credential_helper
INFO - 2025-03-20 03:09:36 --> Helper loaded: template_helper
INFO - 2025-03-20 03:09:36 --> Helper loaded: rest_helper
INFO - 2025-03-20 03:09:36 --> Database Driver Class Initialized
DEBUG - 2025-03-20 03:09:36 --> Idgenerator class already loaded. Second attempt ignored.
INFO - 2025-03-20 03:09:36 --> Controller Class Initialized
INFO - 2025-03-20 03:09:36 --> Model Class Initialized
DEBUG - 2025-03-20 03:09:36 --> File loaded: /apps/web-drc/application/modules/visibility_program_active/models/Visibility_program_model.php
INFO - 2025-03-20 03:09:36 --> Model Class Initialized
DEBUG - 2025-03-20 03:09:36 --> File loaded: /apps/web-drc/application/modules/visibility_program_active/views/form.php
DEBUG - 2025-03-20 03:09:36 --> File loaded: /apps/web-drc/application/views/templates/header.php
DEBUG - 2025-03-20 03:09:36 --> File loaded: /apps/web-drc/application/views/templates/toolbar.php
DEBUG - 2025-03-20 03:09:36 --> File loaded: /apps/web-drc/application/views/templates/sidebar.php
DEBUG - 2025-03-20 03:09:36 --> File loaded: /apps/web-drc/application/views/templates/contents.php
DEBUG - 2025-03-20 03:09:36 --> File loaded: /apps/web-drc/application/views/templates/content_footer.php
DEBUG - 2025-03-20 03:09:36 --> File loaded: /apps/web-drc/application/views/templates/footer.php
DEBUG - 2025-03-20 03:09:36 --> File loaded: /apps/web-drc/application/views/templates/default.php
INFO - 2025-03-20 03:09:36 --> Final output sent to browser
DEBUG - 2025-03-20 03:09:36 --> Total execution time: 0.0064
INFO - 2025-03-20 03:09:38 --> Config Class Initialized
INFO - 2025-03-20 03:09:38 --> Hooks Class Initialized
DEBUG - 2025-03-20 03:09:38 --> UTF-8 Support Enabled
INFO - 2025-03-20 03:09:38 --> Utf8 Class Initialized
INFO - 2025-03-20 03:09:38 --> URI Class Initialized
INFO - 2025-03-20 03:09:38 --> Router Class Initialized
INFO - 2025-03-20 03:09:38 --> Output Class Initialized
INFO - 2025-03-20 03:09:38 --> Security Class Initialized
DEBUG - 2025-03-20 03:09:38 --> Global POST, GET and COOKIE data sanitized
INFO - 2025-03-20 03:09:38 --> Input Class Initialized
INFO - 2025-03-20 03:09:38 --> Language Class Initialized
ERROR - 2025-03-20 03:09:38 --> 404 Page Not Found: /index
INFO - 2025-03-20 03:09:38 --> Config Class Initialized
INFO - 2025-03-20 03:09:38 --> Hooks Class Initialized
DEBUG - 2025-03-20 03:09:38 --> UTF-8 Support Enabled
INFO - 2025-03-20 03:09:38 --> Utf8 Class Initialized
INFO - 2025-03-20 03:09:38 --> URI Class Initialized
INFO - 2025-03-20 03:09:38 --> Router Class Initialized
INFO - 2025-03-20 03:09:38 --> Output Class Initialized
INFO - 2025-03-20 03:09:38 --> Security Class Initialized
DEBUG - 2025-03-20 03:09:38 --> Global POST, GET and COOKIE data sanitized
INFO - 2025-03-20 03:09:38 --> Input Class Initialized
INFO - 2025-03-20 03:09:38 --> Language Class Initialized
INFO - 2025-03-20 03:09:38 --> Language Class Initialized
INFO - 2025-03-20 03:09:38 --> Config Class Initialized
INFO - 2025-03-20 03:09:38 --> Loader Class Initialized
INFO - 2025-03-20 03:09:38 --> Helper loaded: url_helper
INFO - 2025-03-20 03:09:38 --> Helper loaded: easyui_helper
INFO - 2025-03-20 03:09:38 --> Helper loaded: param_helper
INFO - 2025-03-20 03:09:38 --> Helper loaded: credential_helper
INFO - 2025-03-20 03:09:38 --> Helper loaded: template_helper
INFO - 2025-03-20 03:09:38 --> Helper loaded: rest_helper
INFO - 2025-03-20 03:09:38 --> Database Driver Class Initialized
DEBUG - 2025-03-20 03:09:38 --> Idgenerator class already loaded. Second attempt ignored.
INFO - 2025-03-20 03:09:38 --> Controller Class Initialized
INFO - 2025-03-20 03:09:38 --> Model Class Initialized
DEBUG - 2025-03-20 03:09:38 --> File loaded: /apps/web-drc/application/modules/api_v1/models/Api_v1_model.php
INFO - 2025-03-20 03:09:38 --> Model Class Initialized
INFO - 2025-03-20 03:09:38 --> Final output sent to browser
DEBUG - 2025-03-20 03:09:38 --> Total execution time: 0.0033
INFO - 2025-03-20 03:09:38 --> Config Class Initialized
INFO - 2025-03-20 03:09:38 --> Hooks Class Initialized
DEBUG - 2025-03-20 03:09:38 --> UTF-8 Support Enabled
INFO - 2025-03-20 03:09:38 --> Utf8 Class Initialized
INFO - 2025-03-20 03:09:38 --> URI Class Initialized
INFO - 2025-03-20 03:09:38 --> Router Class Initialized
INFO - 2025-03-20 03:09:38 --> Output Class Initialized
INFO - 2025-03-20 03:09:38 --> Security Class Initialized
DEBUG - 2025-03-20 03:09:38 --> Global POST, GET and COOKIE data sanitized
INFO - 2025-03-20 03:09:38 --> Input Class Initialized
INFO - 2025-03-20 03:09:38 --> Language Class Initialized
INFO - 2025-03-20 03:09:38 --> Language Class Initialized
INFO - 2025-03-20 03:09:38 --> Config Class Initialized
INFO - 2025-03-20 03:09:38 --> Loader Class Initialized
INFO - 2025-03-20 03:09:38 --> Helper loaded: url_helper
INFO - 2025-03-20 03:09:38 --> Helper loaded: easyui_helper
INFO - 2025-03-20 03:09:38 --> Helper loaded: param_helper
INFO - 2025-03-20 03:09:38 --> Helper loaded: credential_helper
INFO - 2025-03-20 03:09:38 --> Helper loaded: template_helper
INFO - 2025-03-20 03:09:38 --> Helper loaded: rest_helper
INFO - 2025-03-20 03:09:38 --> Database Driver Class Initialized
DEBUG - 2025-03-20 03:09:38 --> Idgenerator class already loaded. Second attempt ignored.
INFO - 2025-03-20 03:09:38 --> Controller Class Initialized
INFO - 2025-03-20 03:09:38 --> Model Class Initialized
DEBUG - 2025-03-20 03:09:38 --> File loaded: /apps/web-drc/application/modules/api_v1/models/Api_v1_model.php
INFO - 2025-03-20 03:09:38 --> Model Class Initialized
INFO - 2025-03-20 03:09:38 --> Final output sent to browser
DEBUG - 2025-03-20 03:09:38 --> Total execution time: 0.0041
INFO - 2025-03-20 03:09:38 --> Config Class Initialized
INFO - 2025-03-20 03:09:38 --> Hooks Class Initialized
DEBUG - 2025-03-20 03:09:38 --> UTF-8 Support Enabled
INFO - 2025-03-20 03:09:38 --> Utf8 Class Initialized
INFO - 2025-03-20 03:09:38 --> URI Class Initialized
INFO - 2025-03-20 03:09:38 --> Router Class Initialized
INFO - 2025-03-20 03:09:38 --> Output Class Initialized
INFO - 2025-03-20 03:09:38 --> Security Class Initialized
DEBUG - 2025-03-20 03:09:38 --> Global POST, GET and COOKIE data sanitized
INFO - 2025-03-20 03:09:38 --> Input Class Initialized
INFO - 2025-03-20 03:09:38 --> Language Class Initialized
ERROR - 2025-03-20 03:09:38 --> 404 Page Not Found: /index
INFO - 2025-03-20 03:09:44 --> Config Class Initialized
INFO - 2025-03-20 03:09:44 --> Hooks Class Initialized
DEBUG - 2025-03-20 03:09:44 --> UTF-8 Support Enabled
INFO - 2025-03-20 03:09:44 --> Utf8 Class Initialized
INFO - 2025-03-20 03:09:44 --> URI Class Initialized
INFO - 2025-03-20 03:09:44 --> Router Class Initialized
INFO - 2025-03-20 03:09:44 --> Output Class Initialized
INFO - 2025-03-20 03:09:44 --> Security Class Initialized
DEBUG - 2025-03-20 03:09:44 --> Global POST, GET and COOKIE data sanitized
INFO - 2025-03-20 03:09:44 --> Input Class Initialized
INFO - 2025-03-20 03:09:44 --> Language Class Initialized
INFO - 2025-03-20 03:09:44 --> Language Class Initialized
INFO - 2025-03-20 03:09:44 --> Config Class Initialized
INFO - 2025-03-20 03:09:44 --> Loader Class Initialized
INFO - 2025-03-20 03:09:44 --> Helper loaded: url_helper
INFO - 2025-03-20 03:09:44 --> Helper loaded: easyui_helper
INFO - 2025-03-20 03:09:44 --> Helper loaded: param_helper
INFO - 2025-03-20 03:09:44 --> Helper loaded: credential_helper
INFO - 2025-03-20 03:09:44 --> Helper loaded: template_helper
INFO - 2025-03-20 03:09:44 --> Helper loaded: rest_helper
INFO - 2025-03-20 03:09:44 --> Database Driver Class Initialized
DEBUG - 2025-03-20 03:09:44 --> Idgenerator class already loaded. Second attempt ignored.
INFO - 2025-03-20 03:09:44 --> Controller Class Initialized
INFO - 2025-03-20 03:09:44 --> Model Class Initialized
DEBUG - 2025-03-20 03:09:44 --> File loaded: /apps/web-drc/application/modules/api_v1/models/Api_v1_model.php
INFO - 2025-03-20 03:09:44 --> Model Class Initialized
INFO - 2025-03-20 03:09:44 --> Final output sent to browser
DEBUG - 2025-03-20 03:09:44 --> Total execution time: 0.0041
INFO - 2025-03-20 03:09:46 --> Config Class Initialized
INFO - 2025-03-20 03:09:46 --> Hooks Class Initialized
DEBUG - 2025-03-20 03:09:46 --> UTF-8 Support Enabled
INFO - 2025-03-20 03:09:46 --> Utf8 Class Initialized
INFO - 2025-03-20 03:09:46 --> URI Class Initialized
INFO - 2025-03-20 03:09:46 --> Router Class Initialized
INFO - 2025-03-20 03:09:46 --> Output Class Initialized
INFO - 2025-03-20 03:09:46 --> Security Class Initialized
DEBUG - 2025-03-20 03:09:46 --> Global POST, GET and COOKIE data sanitized
INFO - 2025-03-20 03:09:46 --> Input Class Initialized
INFO - 2025-03-20 03:09:46 --> Language Class Initialized
INFO - 2025-03-20 03:09:46 --> Language Class Initialized
INFO - 2025-03-20 03:09:46 --> Config Class Initialized
INFO - 2025-03-20 03:09:46 --> Loader Class Initialized
INFO - 2025-03-20 03:09:46 --> Helper loaded: url_helper
INFO - 2025-03-20 03:09:46 --> Helper loaded: easyui_helper
INFO - 2025-03-20 03:09:46 --> Helper loaded: param_helper
INFO - 2025-03-20 03:09:46 --> Helper loaded: credential_helper
INFO - 2025-03-20 03:09:46 --> Helper loaded: template_helper
INFO - 2025-03-20 03:09:46 --> Helper loaded: rest_helper
INFO - 2025-03-20 03:09:46 --> Database Driver Class Initialized
DEBUG - 2025-03-20 03:09:46 --> Idgenerator class already loaded. Second attempt ignored.
INFO - 2025-03-20 03:09:46 --> Controller Class Initialized
INFO - 2025-03-20 03:09:46 --> Model Class Initialized
DEBUG - 2025-03-20 03:09:46 --> File loaded: /apps/web-drc/application/modules/api_v1/models/Api_v1_model.php
INFO - 2025-03-20 03:09:46 --> Model Class Initialized
INFO - 2025-03-20 03:09:46 --> Final output sent to browser
DEBUG - 2025-03-20 03:09:46 --> Total execution time: 0.0032
INFO - 2025-03-20 03:09:50 --> Config Class Initialized
INFO - 2025-03-20 03:09:50 --> Hooks Class Initialized
DEBUG - 2025-03-20 03:09:50 --> UTF-8 Support Enabled
INFO - 2025-03-20 03:09:50 --> Utf8 Class Initialized
INFO - 2025-03-20 03:09:50 --> URI Class Initialized
INFO - 2025-03-20 03:09:50 --> Router Class Initialized
INFO - 2025-03-20 03:09:50 --> Output Class Initialized
INFO - 2025-03-20 03:09:50 --> Security Class Initialized
DEBUG - 2025-03-20 03:09:50 --> Global POST, GET and COOKIE data sanitized
INFO - 2025-03-20 03:09:50 --> Input Class Initialized
INFO - 2025-03-20 03:09:50 --> Language Class Initialized
INFO - 2025-03-20 03:09:50 --> Language Class Initialized
INFO - 2025-03-20 03:09:50 --> Config Class Initialized
INFO - 2025-03-20 03:09:50 --> Loader Class Initialized
INFO - 2025-03-20 03:09:50 --> Helper loaded: url_helper
INFO - 2025-03-20 03:09:50 --> Helper loaded: easyui_helper
INFO - 2025-03-20 03:09:50 --> Helper loaded: param_helper
INFO - 2025-03-20 03:09:50 --> Helper loaded: credential_helper
INFO - 2025-03-20 03:09:50 --> Helper loaded: template_helper
INFO - 2025-03-20 03:09:50 --> Helper loaded: rest_helper
INFO - 2025-03-20 03:09:50 --> Database Driver Class Initialized
DEBUG - 2025-03-20 03:09:50 --> Idgenerator class already loaded. Second attempt ignored.
INFO - 2025-03-20 03:09:50 --> Controller Class Initialized
INFO - 2025-03-20 03:09:50 --> Model Class Initialized
DEBUG - 2025-03-20 03:09:50 --> File loaded: /apps/web-drc/application/modules/api_v1/models/Api_v1_model.php
INFO - 2025-03-20 03:09:50 --> Model Class Initialized
INFO - 2025-03-20 03:09:50 --> Final output sent to browser
DEBUG - 2025-03-20 03:09:50 --> Total execution time: 0.0028
INFO - 2025-03-20 03:10:41 --> Config Class Initialized
INFO - 2025-03-20 03:10:41 --> Hooks Class Initialized
DEBUG - 2025-03-20 03:10:41 --> UTF-8 Support Enabled
INFO - 2025-03-20 03:10:41 --> Utf8 Class Initialized
INFO - 2025-03-20 03:10:41 --> URI Class Initialized
INFO - 2025-03-20 03:10:41 --> Router Class Initialized
INFO - 2025-03-20 03:10:41 --> Output Class Initialized
INFO - 2025-03-20 03:10:41 --> Security Class Initialized
DEBUG - 2025-03-20 03:10:41 --> Global POST, GET and COOKIE data sanitized
INFO - 2025-03-20 03:10:41 --> Input Class Initialized
INFO - 2025-03-20 03:10:41 --> Language Class Initialized
INFO - 2025-03-20 03:10:41 --> Language Class Initialized
INFO - 2025-03-20 03:10:41 --> Config Class Initialized
INFO - 2025-03-20 03:10:41 --> Loader Class Initialized
INFO - 2025-03-20 03:10:41 --> Helper loaded: url_helper
INFO - 2025-03-20 03:10:41 --> Helper loaded: easyui_helper
INFO - 2025-03-20 03:10:41 --> Helper loaded: param_helper
INFO - 2025-03-20 03:10:41 --> Helper loaded: credential_helper
INFO - 2025-03-20 03:10:41 --> Helper loaded: template_helper
INFO - 2025-03-20 03:10:41 --> Helper loaded: rest_helper
INFO - 2025-03-20 03:10:41 --> Database Driver Class Initialized
DEBUG - 2025-03-20 03:10:41 --> Idgenerator class already loaded. Second attempt ignored.
INFO - 2025-03-20 03:10:41 --> Controller Class Initialized
INFO - 2025-03-20 03:10:41 --> Model Class Initialized
DEBUG - 2025-03-20 03:10:41 --> File loaded: /apps/web-drc/application/modules/visibility_program_active/models/Visibility_program_model.php
INFO - 2025-03-20 03:10:41 --> Model Class Initialized
DEBUG - 2025-03-20 03:10:41 --> File loaded: /apps/web-drc/application/modules/visibility_program_active/views/form.php
DEBUG - 2025-03-20 03:10:41 --> File loaded: /apps/web-drc/application/views/templates/header.php
DEBUG - 2025-03-20 03:10:41 --> File loaded: /apps/web-drc/application/views/templates/toolbar.php
DEBUG - 2025-03-20 03:10:41 --> File loaded: /apps/web-drc/application/views/templates/sidebar.php
DEBUG - 2025-03-20 03:10:41 --> File loaded: /apps/web-drc/application/views/templates/contents.php
DEBUG - 2025-03-20 03:10:41 --> File loaded: /apps/web-drc/application/views/templates/content_footer.php
DEBUG - 2025-03-20 03:10:41 --> File loaded: /apps/web-drc/application/views/templates/footer.php
DEBUG - 2025-03-20 03:10:41 --> File loaded: /apps/web-drc/application/views/templates/default.php
INFO - 2025-03-20 03:10:41 --> Final output sent to browser
DEBUG - 2025-03-20 03:10:41 --> Total execution time: 0.0071
INFO - 2025-03-20 03:10:43 --> Config Class Initialized
INFO - 2025-03-20 03:10:43 --> Hooks Class Initialized
DEBUG - 2025-03-20 03:10:43 --> UTF-8 Support Enabled
INFO - 2025-03-20 03:10:43 --> Utf8 Class Initialized
INFO - 2025-03-20 03:10:43 --> URI Class Initialized
INFO - 2025-03-20 03:10:43 --> Router Class Initialized
INFO - 2025-03-20 03:10:43 --> Output Class Initialized
INFO - 2025-03-20 03:10:43 --> Security Class Initialized
DEBUG - 2025-03-20 03:10:43 --> Global POST, GET and COOKIE data sanitized
INFO - 2025-03-20 03:10:43 --> Input Class Initialized
INFO - 2025-03-20 03:10:43 --> Language Class Initialized
ERROR - 2025-03-20 03:10:43 --> 404 Page Not Found: /index
INFO - 2025-03-20 03:10:43 --> Config Class Initialized
INFO - 2025-03-20 03:10:43 --> Hooks Class Initialized
DEBUG - 2025-03-20 03:10:43 --> UTF-8 Support Enabled
INFO - 2025-03-20 03:10:43 --> Utf8 Class Initialized
INFO - 2025-03-20 03:10:43 --> URI Class Initialized
INFO - 2025-03-20 03:10:43 --> Router Class Initialized
INFO - 2025-03-20 03:10:43 --> Output Class Initialized
INFO - 2025-03-20 03:10:43 --> Security Class Initialized
DEBUG - 2025-03-20 03:10:43 --> Global POST, GET and COOKIE data sanitized
INFO - 2025-03-20 03:10:43 --> Input Class Initialized
INFO - 2025-03-20 03:10:43 --> Language Class Initialized
INFO - 2025-03-20 03:10:43 --> Language Class Initialized
INFO - 2025-03-20 03:10:43 --> Config Class Initialized
INFO - 2025-03-20 03:10:43 --> Loader Class Initialized
INFO - 2025-03-20 03:10:43 --> Helper loaded: url_helper
INFO - 2025-03-20 03:10:43 --> Helper loaded: easyui_helper
INFO - 2025-03-20 03:10:43 --> Helper loaded: param_helper
INFO - 2025-03-20 03:10:43 --> Helper loaded: credential_helper
INFO - 2025-03-20 03:10:43 --> Helper loaded: template_helper
INFO - 2025-03-20 03:10:43 --> Helper loaded: rest_helper
INFO - 2025-03-20 03:10:43 --> Database Driver Class Initialized
DEBUG - 2025-03-20 03:10:43 --> Idgenerator class already loaded. Second attempt ignored.
INFO - 2025-03-20 03:10:43 --> Controller Class Initialized
INFO - 2025-03-20 03:10:43 --> Model Class Initialized
DEBUG - 2025-03-20 03:10:43 --> File loaded: /apps/web-drc/application/modules/api_v1/models/Api_v1_model.php
INFO - 2025-03-20 03:10:43 --> Model Class Initialized
INFO - 2025-03-20 03:10:43 --> Final output sent to browser
DEBUG - 2025-03-20 03:10:43 --> Total execution time: 0.0035
INFO - 2025-03-20 03:10:43 --> Config Class Initialized
INFO - 2025-03-20 03:10:43 --> Hooks Class Initialized
DEBUG - 2025-03-20 03:10:43 --> UTF-8 Support Enabled
INFO - 2025-03-20 03:10:43 --> Utf8 Class Initialized
INFO - 2025-03-20 03:10:43 --> URI Class Initialized
INFO - 2025-03-20 03:10:43 --> Router Class Initialized
INFO - 2025-03-20 03:10:43 --> Output Class Initialized
INFO - 2025-03-20 03:10:43 --> Security Class Initialized
DEBUG - 2025-03-20 03:10:43 --> Global POST, GET and COOKIE data sanitized
INFO - 2025-03-20 03:10:43 --> Input Class Initialized
INFO - 2025-03-20 03:10:43 --> Language Class Initialized
INFO - 2025-03-20 03:10:43 --> Language Class Initialized
INFO - 2025-03-20 03:10:43 --> Config Class Initialized
INFO - 2025-03-20 03:10:43 --> Loader Class Initialized
INFO - 2025-03-20 03:10:43 --> Helper loaded: url_helper
INFO - 2025-03-20 03:10:43 --> Helper loaded: easyui_helper
INFO - 2025-03-20 03:10:43 --> Helper loaded: param_helper
INFO - 2025-03-20 03:10:43 --> Helper loaded: credential_helper
INFO - 2025-03-20 03:10:43 --> Helper loaded: template_helper
INFO - 2025-03-20 03:10:43 --> Helper loaded: rest_helper
INFO - 2025-03-20 03:10:43 --> Database Driver Class Initialized
DEBUG - 2025-03-20 03:10:43 --> Idgenerator class already loaded. Second attempt ignored.
INFO - 2025-03-20 03:10:43 --> Controller Class Initialized
INFO - 2025-03-20 03:10:43 --> Model Class Initialized
DEBUG - 2025-03-20 03:10:43 --> File loaded: /apps/web-drc/application/modules/api_v1/models/Api_v1_model.php
INFO - 2025-03-20 03:10:43 --> Model Class Initialized
INFO - 2025-03-20 03:10:43 --> Final output sent to browser
DEBUG - 2025-03-20 03:10:43 --> Total execution time: 0.0032
INFO - 2025-03-20 03:10:44 --> Config Class Initialized
INFO - 2025-03-20 03:10:44 --> Hooks Class Initialized
DEBUG - 2025-03-20 03:10:44 --> UTF-8 Support Enabled
INFO - 2025-03-20 03:10:44 --> Utf8 Class Initialized
INFO - 2025-03-20 03:10:44 --> URI Class Initialized
INFO - 2025-03-20 03:10:44 --> Router Class Initialized
INFO - 2025-03-20 03:10:44 --> Output Class Initialized
INFO - 2025-03-20 03:10:44 --> Security Class Initialized
DEBUG - 2025-03-20 03:10:44 --> Global POST, GET and COOKIE data sanitized
INFO - 2025-03-20 03:10:44 --> Input Class Initialized
INFO - 2025-03-20 03:10:44 --> Language Class Initialized
ERROR - 2025-03-20 03:10:44 --> 404 Page Not Found: /index
INFO - 2025-03-20 03:10:58 --> Config Class Initialized
INFO - 2025-03-20 03:10:58 --> Hooks Class Initialized
DEBUG - 2025-03-20 03:10:58 --> UTF-8 Support Enabled
INFO - 2025-03-20 03:10:58 --> Utf8 Class Initialized
INFO - 2025-03-20 03:10:58 --> URI Class Initialized
INFO - 2025-03-20 03:10:58 --> Router Class Initialized
INFO - 2025-03-20 03:10:58 --> Output Class Initialized
INFO - 2025-03-20 03:10:58 --> Security Class Initialized
DEBUG - 2025-03-20 03:10:58 --> Global POST, GET and COOKIE data sanitized
INFO - 2025-03-20 03:10:58 --> Input Class Initialized
INFO - 2025-03-20 03:10:58 --> Language Class Initialized
INFO - 2025-03-20 03:10:58 --> Language Class Initialized
INFO - 2025-03-20 03:10:58 --> Config Class Initialized
INFO - 2025-03-20 03:10:58 --> Loader Class Initialized
INFO - 2025-03-20 03:10:58 --> Helper loaded: url_helper
INFO - 2025-03-20 03:10:58 --> Helper loaded: easyui_helper
INFO - 2025-03-20 03:10:58 --> Helper loaded: param_helper
INFO - 2025-03-20 03:10:58 --> Helper loaded: credential_helper
INFO - 2025-03-20 03:10:58 --> Helper loaded: template_helper
INFO - 2025-03-20 03:10:58 --> Helper loaded: rest_helper
INFO - 2025-03-20 03:10:58 --> Database Driver Class Initialized
DEBUG - 2025-03-20 03:10:58 --> Idgenerator class already loaded. Second attempt ignored.
INFO - 2025-03-20 03:10:58 --> Controller Class Initialized
INFO - 2025-03-20 03:10:58 --> Model Class Initialized
DEBUG - 2025-03-20 03:10:58 --> File loaded: /apps/web-drc/application/modules/api_v1/models/Api_v1_model.php
INFO - 2025-03-20 03:10:58 --> Model Class Initialized
INFO - 2025-03-20 03:10:58 --> Final output sent to browser
DEBUG - 2025-03-20 03:10:58 --> Total execution time: 0.0038
INFO - 2025-03-20 03:11:00 --> Config Class Initialized
INFO - 2025-03-20 03:11:00 --> Hooks Class Initialized
DEBUG - 2025-03-20 03:11:00 --> UTF-8 Support Enabled
INFO - 2025-03-20 03:11:00 --> Utf8 Class Initialized
INFO - 2025-03-20 03:11:00 --> URI Class Initialized
INFO - 2025-03-20 03:11:00 --> Router Class Initialized
INFO - 2025-03-20 03:11:00 --> Output Class Initialized
INFO - 2025-03-20 03:11:00 --> Security Class Initialized
DEBUG - 2025-03-20 03:11:00 --> Global POST, GET and COOKIE data sanitized
INFO - 2025-03-20 03:11:00 --> Input Class Initialized
INFO - 2025-03-20 03:11:00 --> Language Class Initialized
INFO - 2025-03-20 03:11:00 --> Language Class Initialized
INFO - 2025-03-20 03:11:00 --> Config Class Initialized
INFO - 2025-03-20 03:11:00 --> Loader Class Initialized
INFO - 2025-03-20 03:11:00 --> Helper loaded: url_helper
INFO - 2025-03-20 03:11:00 --> Helper loaded: easyui_helper
INFO - 2025-03-20 03:11:00 --> Helper loaded: param_helper
INFO - 2025-03-20 03:11:00 --> Helper loaded: credential_helper
INFO - 2025-03-20 03:11:00 --> Helper loaded: template_helper
INFO - 2025-03-20 03:11:00 --> Helper loaded: rest_helper
INFO - 2025-03-20 03:11:00 --> Database Driver Class Initialized
DEBUG - 2025-03-20 03:11:00 --> Idgenerator class already loaded. Second attempt ignored.
INFO - 2025-03-20 03:11:00 --> Controller Class Initialized
INFO - 2025-03-20 03:11:00 --> Model Class Initialized
DEBUG - 2025-03-20 03:11:00 --> File loaded: /apps/web-drc/application/modules/api_v1/models/Api_v1_model.php
INFO - 2025-03-20 03:11:00 --> Model Class Initialized
INFO - 2025-03-20 03:11:00 --> Final output sent to browser
DEBUG - 2025-03-20 03:11:00 --> Total execution time: 0.0035
INFO - 2025-03-20 03:11:58 --> Config Class Initialized
INFO - 2025-03-20 03:11:58 --> Hooks Class Initialized
DEBUG - 2025-03-20 03:11:58 --> UTF-8 Support Enabled
INFO - 2025-03-20 03:11:58 --> Utf8 Class Initialized
INFO - 2025-03-20 03:11:58 --> URI Class Initialized
INFO - 2025-03-20 03:11:58 --> Router Class Initialized
INFO - 2025-03-20 03:11:58 --> Output Class Initialized
INFO - 2025-03-20 03:11:58 --> Security Class Initialized
DEBUG - 2025-03-20 03:11:58 --> Global POST, GET and COOKIE data sanitized
INFO - 2025-03-20 03:11:58 --> Input Class Initialized
INFO - 2025-03-20 03:11:58 --> Language Class Initialized
INFO - 2025-03-20 03:11:58 --> Language Class Initialized
INFO - 2025-03-20 03:11:58 --> Config Class Initialized
INFO - 2025-03-20 03:11:58 --> Loader Class Initialized
INFO - 2025-03-20 03:11:58 --> Helper loaded: url_helper
INFO - 2025-03-20 03:11:58 --> Helper loaded: easyui_helper
INFO - 2025-03-20 03:11:58 --> Helper loaded: param_helper
INFO - 2025-03-20 03:11:58 --> Helper loaded: credential_helper
INFO - 2025-03-20 03:11:58 --> Helper loaded: template_helper
INFO - 2025-03-20 03:11:58 --> Helper loaded: rest_helper
INFO - 2025-03-20 03:11:58 --> Database Driver Class Initialized
DEBUG - 2025-03-20 03:11:58 --> Idgenerator class already loaded. Second attempt ignored.
INFO - 2025-03-20 03:11:58 --> Controller Class Initialized
INFO - 2025-03-20 03:11:58 --> Model Class Initialized
DEBUG - 2025-03-20 03:11:58 --> File loaded: /apps/web-drc/application/modules/visibility_program_active/models/Visibility_program_model.php
INFO - 2025-03-20 03:11:58 --> Model Class Initialized
DEBUG - 2025-03-20 03:11:58 --> File loaded: /apps/web-drc/application/modules/visibility_program_active/views/form.php
DEBUG - 2025-03-20 03:11:58 --> File loaded: /apps/web-drc/application/views/templates/header.php
DEBUG - 2025-03-20 03:11:58 --> File loaded: /apps/web-drc/application/views/templates/toolbar.php
DEBUG - 2025-03-20 03:11:58 --> File loaded: /apps/web-drc/application/views/templates/sidebar.php
DEBUG - 2025-03-20 03:11:58 --> File loaded: /apps/web-drc/application/views/templates/contents.php
DEBUG - 2025-03-20 03:11:58 --> File loaded: /apps/web-drc/application/views/templates/content_footer.php
DEBUG - 2025-03-20 03:11:58 --> File loaded: /apps/web-drc/application/views/templates/footer.php
DEBUG - 2025-03-20 03:11:58 --> File loaded: /apps/web-drc/application/views/templates/default.php
INFO - 2025-03-20 03:11:58 --> Final output sent to browser
DEBUG - 2025-03-20 03:11:58 --> Total execution time: 0.0075
INFO - 2025-03-20 03:12:00 --> Config Class Initialized
INFO - 2025-03-20 03:12:00 --> Hooks Class Initialized
DEBUG - 2025-03-20 03:12:00 --> UTF-8 Support Enabled
INFO - 2025-03-20 03:12:00 --> Utf8 Class Initialized
INFO - 2025-03-20 03:12:00 --> URI Class Initialized
INFO - 2025-03-20 03:12:00 --> Router Class Initialized
INFO - 2025-03-20 03:12:00 --> Output Class Initialized
INFO - 2025-03-20 03:12:00 --> Security Class Initialized
DEBUG - 2025-03-20 03:12:00 --> Global POST, GET and COOKIE data sanitized
INFO - 2025-03-20 03:12:00 --> Input Class Initialized
INFO - 2025-03-20 03:12:00 --> Language Class Initialized
ERROR - 2025-03-20 03:12:00 --> 404 Page Not Found: /index
INFO - 2025-03-20 03:12:00 --> Config Class Initialized
INFO - 2025-03-20 03:12:00 --> Hooks Class Initialized
DEBUG - 2025-03-20 03:12:00 --> UTF-8 Support Enabled
INFO - 2025-03-20 03:12:00 --> Utf8 Class Initialized
INFO - 2025-03-20 03:12:00 --> URI Class Initialized
INFO - 2025-03-20 03:12:00 --> Router Class Initialized
INFO - 2025-03-20 03:12:00 --> Output Class Initialized
INFO - 2025-03-20 03:12:00 --> Security Class Initialized
DEBUG - 2025-03-20 03:12:00 --> Global POST, GET and COOKIE data sanitized
INFO - 2025-03-20 03:12:00 --> Input Class Initialized
INFO - 2025-03-20 03:12:00 --> Language Class Initialized
INFO - 2025-03-20 03:12:00 --> Language Class Initialized
INFO - 2025-03-20 03:12:00 --> Config Class Initialized
INFO - 2025-03-20 03:12:00 --> Loader Class Initialized
INFO - 2025-03-20 03:12:00 --> Helper loaded: url_helper
INFO - 2025-03-20 03:12:00 --> Helper loaded: easyui_helper
INFO - 2025-03-20 03:12:00 --> Helper loaded: param_helper
INFO - 2025-03-20 03:12:00 --> Helper loaded: credential_helper
INFO - 2025-03-20 03:12:00 --> Helper loaded: template_helper
INFO - 2025-03-20 03:12:00 --> Helper loaded: rest_helper
INFO - 2025-03-20 03:12:00 --> Database Driver Class Initialized
DEBUG - 2025-03-20 03:12:00 --> Idgenerator class already loaded. Second attempt ignored.
INFO - 2025-03-20 03:12:00 --> Controller Class Initialized
INFO - 2025-03-20 03:12:00 --> Model Class Initialized
DEBUG - 2025-03-20 03:12:00 --> File loaded: /apps/web-drc/application/modules/api_v1/models/Api_v1_model.php
INFO - 2025-03-20 03:12:00 --> Model Class Initialized
INFO - 2025-03-20 03:12:00 --> Final output sent to browser
DEBUG - 2025-03-20 03:12:00 --> Total execution time: 0.0045
INFO - 2025-03-20 03:12:00 --> Config Class Initialized
INFO - 2025-03-20 03:12:00 --> Hooks Class Initialized
DEBUG - 2025-03-20 03:12:00 --> UTF-8 Support Enabled
INFO - 2025-03-20 03:12:00 --> Utf8 Class Initialized
INFO - 2025-03-20 03:12:00 --> URI Class Initialized
INFO - 2025-03-20 03:12:00 --> Router Class Initialized
INFO - 2025-03-20 03:12:00 --> Output Class Initialized
INFO - 2025-03-20 03:12:00 --> Security Class Initialized
DEBUG - 2025-03-20 03:12:00 --> Global POST, GET and COOKIE data sanitized
INFO - 2025-03-20 03:12:00 --> Input Class Initialized
INFO - 2025-03-20 03:12:00 --> Language Class Initialized
INFO - 2025-03-20 03:12:00 --> Language Class Initialized
INFO - 2025-03-20 03:12:00 --> Config Class Initialized
INFO - 2025-03-20 03:12:00 --> Loader Class Initialized
INFO - 2025-03-20 03:12:00 --> Helper loaded: url_helper
INFO - 2025-03-20 03:12:00 --> Helper loaded: easyui_helper
INFO - 2025-03-20 03:12:00 --> Helper loaded: param_helper
INFO - 2025-03-20 03:12:00 --> Helper loaded: credential_helper
INFO - 2025-03-20 03:12:00 --> Helper loaded: template_helper
INFO - 2025-03-20 03:12:00 --> Helper loaded: rest_helper
INFO - 2025-03-20 03:12:00 --> Database Driver Class Initialized
DEBUG - 2025-03-20 03:12:00 --> Idgenerator class already loaded. Second attempt ignored.
INFO - 2025-03-20 03:12:00 --> Controller Class Initialized
INFO - 2025-03-20 03:12:00 --> Model Class Initialized
DEBUG - 2025-03-20 03:12:00 --> File loaded: /apps/web-drc/application/modules/api_v1/models/Api_v1_model.php
INFO - 2025-03-20 03:12:00 --> Model Class Initialized
INFO - 2025-03-20 03:12:00 --> Final output sent to browser
DEBUG - 2025-03-20 03:12:00 --> Total execution time: 0.0042
INFO - 2025-03-20 03:12:00 --> Config Class Initialized
INFO - 2025-03-20 03:12:00 --> Hooks Class Initialized
DEBUG - 2025-03-20 03:12:00 --> UTF-8 Support Enabled
INFO - 2025-03-20 03:12:00 --> Utf8 Class Initialized
INFO - 2025-03-20 03:12:00 --> URI Class Initialized
INFO - 2025-03-20 03:12:00 --> Router Class Initialized
INFO - 2025-03-20 03:12:00 --> Output Class Initialized
INFO - 2025-03-20 03:12:00 --> Security Class Initialized
DEBUG - 2025-03-20 03:12:00 --> Global POST, GET and COOKIE data sanitized
INFO - 2025-03-20 03:12:00 --> Input Class Initialized
INFO - 2025-03-20 03:12:00 --> Language Class Initialized
ERROR - 2025-03-20 03:12:00 --> 404 Page Not Found: /index
INFO - 2025-03-20 03:17:33 --> Config Class Initialized
INFO - 2025-03-20 03:17:33 --> Hooks Class Initialized
DEBUG - 2025-03-20 03:17:33 --> UTF-8 Support Enabled
INFO - 2025-03-20 03:17:33 --> Utf8 Class Initialized
INFO - 2025-03-20 03:17:33 --> URI Class Initialized
INFO - 2025-03-20 03:17:33 --> Router Class Initialized
INFO - 2025-03-20 03:17:33 --> Output Class Initialized
INFO - 2025-03-20 03:17:33 --> Security Class Initialized
DEBUG - 2025-03-20 03:17:33 --> Global POST, GET and COOKIE data sanitized
INFO - 2025-03-20 03:17:33 --> Input Class Initialized
INFO - 2025-03-20 03:17:33 --> Language Class Initialized
INFO - 2025-03-20 03:17:33 --> Language Class Initialized
INFO - 2025-03-20 03:17:33 --> Config Class Initialized
INFO - 2025-03-20 03:17:33 --> Loader Class Initialized
INFO - 2025-03-20 03:17:33 --> Helper loaded: url_helper
INFO - 2025-03-20 03:17:33 --> Helper loaded: easyui_helper
INFO - 2025-03-20 03:17:33 --> Helper loaded: param_helper
INFO - 2025-03-20 03:17:33 --> Helper loaded: credential_helper
INFO - 2025-03-20 03:17:33 --> Helper loaded: template_helper
INFO - 2025-03-20 03:17:33 --> Helper loaded: rest_helper
INFO - 2025-03-20 03:17:33 --> Database Driver Class Initialized
DEBUG - 2025-03-20 03:17:33 --> Idgenerator class already loaded. Second attempt ignored.
INFO - 2025-03-20 03:17:33 --> Controller Class Initialized
INFO - 2025-03-20 03:17:33 --> Model Class Initialized
DEBUG - 2025-03-20 03:17:33 --> File loaded: /apps/web-drc/application/modules/visibility_program_active/models/Visibility_program_model.php
INFO - 2025-03-20 03:17:33 --> Model Class Initialized
DEBUG - 2025-03-20 03:17:33 --> File loaded: /apps/web-drc/application/modules/visibility_program_active/views/form.php
DEBUG - 2025-03-20 03:17:33 --> File loaded: /apps/web-drc/application/views/templates/header.php
DEBUG - 2025-03-20 03:17:33 --> File loaded: /apps/web-drc/application/views/templates/toolbar.php
DEBUG - 2025-03-20 03:17:33 --> File loaded: /apps/web-drc/application/views/templates/sidebar.php
DEBUG - 2025-03-20 03:17:33 --> File loaded: /apps/web-drc/application/views/templates/contents.php
DEBUG - 2025-03-20 03:17:33 --> File loaded: /apps/web-drc/application/views/templates/content_footer.php
DEBUG - 2025-03-20 03:17:33 --> File loaded: /apps/web-drc/application/views/templates/footer.php
DEBUG - 2025-03-20 03:17:33 --> File loaded: /apps/web-drc/application/views/templates/default.php
INFO - 2025-03-20 03:17:33 --> Final output sent to browser
DEBUG - 2025-03-20 03:17:33 --> Total execution time: 0.0062
INFO - 2025-03-20 03:17:34 --> Config Class Initialized
INFO - 2025-03-20 03:17:34 --> Hooks Class Initialized
DEBUG - 2025-03-20 03:17:34 --> UTF-8 Support Enabled
INFO - 2025-03-20 03:17:34 --> Utf8 Class Initialized
INFO - 2025-03-20 03:17:34 --> URI Class Initialized
INFO - 2025-03-20 03:17:34 --> Router Class Initialized
INFO - 2025-03-20 03:17:34 --> Output Class Initialized
INFO - 2025-03-20 03:17:34 --> Security Class Initialized
DEBUG - 2025-03-20 03:17:34 --> Global POST, GET and COOKIE data sanitized
INFO - 2025-03-20 03:17:34 --> Input Class Initialized
INFO - 2025-03-20 03:17:34 --> Language Class Initialized
ERROR - 2025-03-20 03:17:34 --> 404 Page Not Found: /index
INFO - 2025-03-20 03:17:35 --> Config Class Initialized
INFO - 2025-03-20 03:17:35 --> Hooks Class Initialized
DEBUG - 2025-03-20 03:17:35 --> UTF-8 Support Enabled
INFO - 2025-03-20 03:17:35 --> Utf8 Class Initialized
INFO - 2025-03-20 03:17:35 --> URI Class Initialized
INFO - 2025-03-20 03:17:35 --> Router Class Initialized
INFO - 2025-03-20 03:17:35 --> Output Class Initialized
INFO - 2025-03-20 03:17:35 --> Security Class Initialized
DEBUG - 2025-03-20 03:17:35 --> Global POST, GET and COOKIE data sanitized
INFO - 2025-03-20 03:17:35 --> Input Class Initialized
INFO - 2025-03-20 03:17:35 --> Language Class Initialized
INFO - 2025-03-20 03:17:35 --> Language Class Initialized
INFO - 2025-03-20 03:17:35 --> Config Class Initialized
INFO - 2025-03-20 03:17:35 --> Loader Class Initialized
INFO - 2025-03-20 03:17:35 --> Helper loaded: url_helper
INFO - 2025-03-20 03:17:35 --> Helper loaded: easyui_helper
INFO - 2025-03-20 03:17:35 --> Helper loaded: param_helper
INFO - 2025-03-20 03:17:35 --> Helper loaded: credential_helper
INFO - 2025-03-20 03:17:35 --> Helper loaded: template_helper
INFO - 2025-03-20 03:17:35 --> Helper loaded: rest_helper
INFO - 2025-03-20 03:17:35 --> Database Driver Class Initialized
DEBUG - 2025-03-20 03:17:35 --> Idgenerator class already loaded. Second attempt ignored.
INFO - 2025-03-20 03:17:35 --> Controller Class Initialized
INFO - 2025-03-20 03:17:35 --> Model Class Initialized
DEBUG - 2025-03-20 03:17:35 --> File loaded: /apps/web-drc/application/modules/api_v1/models/Api_v1_model.php
INFO - 2025-03-20 03:17:35 --> Model Class Initialized
INFO - 2025-03-20 03:17:35 --> Final output sent to browser
DEBUG - 2025-03-20 03:17:35 --> Total execution time: 0.0028
INFO - 2025-03-20 03:17:35 --> Config Class Initialized
INFO - 2025-03-20 03:17:35 --> Hooks Class Initialized
DEBUG - 2025-03-20 03:17:35 --> UTF-8 Support Enabled
INFO - 2025-03-20 03:17:35 --> Utf8 Class Initialized
INFO - 2025-03-20 03:17:35 --> URI Class Initialized
INFO - 2025-03-20 03:17:35 --> Router Class Initialized
INFO - 2025-03-20 03:17:35 --> Output Class Initialized
INFO - 2025-03-20 03:17:35 --> Security Class Initialized
DEBUG - 2025-03-20 03:17:35 --> Global POST, GET and COOKIE data sanitized
INFO - 2025-03-20 03:17:35 --> Input Class Initialized
INFO - 2025-03-20 03:17:35 --> Language Class Initialized
INFO - 2025-03-20 03:17:35 --> Language Class Initialized
INFO - 2025-03-20 03:17:35 --> Config Class Initialized
INFO - 2025-03-20 03:17:35 --> Loader Class Initialized
INFO - 2025-03-20 03:17:35 --> Helper loaded: url_helper
INFO - 2025-03-20 03:17:35 --> Helper loaded: easyui_helper
INFO - 2025-03-20 03:17:35 --> Helper loaded: param_helper
INFO - 2025-03-20 03:17:35 --> Helper loaded: credential_helper
INFO - 2025-03-20 03:17:35 --> Helper loaded: template_helper
INFO - 2025-03-20 03:17:35 --> Helper loaded: rest_helper
INFO - 2025-03-20 03:17:35 --> Database Driver Class Initialized
DEBUG - 2025-03-20 03:17:35 --> Idgenerator class already loaded. Second attempt ignored.
INFO - 2025-03-20 03:17:35 --> Controller Class Initialized
INFO - 2025-03-20 03:17:35 --> Model Class Initialized
DEBUG - 2025-03-20 03:17:35 --> File loaded: /apps/web-drc/application/modules/api_v1/models/Api_v1_model.php
INFO - 2025-03-20 03:17:35 --> Model Class Initialized
INFO - 2025-03-20 03:17:35 --> Final output sent to browser
DEBUG - 2025-03-20 03:17:35 --> Total execution time: 0.0037
INFO - 2025-03-20 03:17:35 --> Config Class Initialized
INFO - 2025-03-20 03:17:35 --> Hooks Class Initialized
DEBUG - 2025-03-20 03:17:35 --> UTF-8 Support Enabled
INFO - 2025-03-20 03:17:35 --> Utf8 Class Initialized
INFO - 2025-03-20 03:17:35 --> URI Class Initialized
INFO - 2025-03-20 03:17:35 --> Router Class Initialized
INFO - 2025-03-20 03:17:35 --> Output Class Initialized
INFO - 2025-03-20 03:17:35 --> Security Class Initialized
DEBUG - 2025-03-20 03:17:35 --> Global POST, GET and COOKIE data sanitized
INFO - 2025-03-20 03:17:35 --> Input Class Initialized
INFO - 2025-03-20 03:17:35 --> Language Class Initialized
ERROR - 2025-03-20 03:17:35 --> 404 Page Not Found: /index
INFO - 2025-03-20 03:17:38 --> Config Class Initialized
INFO - 2025-03-20 03:17:38 --> Hooks Class Initialized
DEBUG - 2025-03-20 03:17:38 --> UTF-8 Support Enabled
INFO - 2025-03-20 03:17:38 --> Utf8 Class Initialized
INFO - 2025-03-20 03:17:38 --> URI Class Initialized
INFO - 2025-03-20 03:17:38 --> Router Class Initialized
INFO - 2025-03-20 03:17:38 --> Output Class Initialized
INFO - 2025-03-20 03:17:38 --> Security Class Initialized
DEBUG - 2025-03-20 03:17:38 --> Global POST, GET and COOKIE data sanitized
INFO - 2025-03-20 03:17:38 --> Input Class Initialized
INFO - 2025-03-20 03:17:38 --> Language Class Initialized
INFO - 2025-03-20 03:17:38 --> Language Class Initialized
INFO - 2025-03-20 03:17:38 --> Config Class Initialized
INFO - 2025-03-20 03:17:38 --> Loader Class Initialized
INFO - 2025-03-20 03:17:38 --> Helper loaded: url_helper
INFO - 2025-03-20 03:17:38 --> Helper loaded: easyui_helper
INFO - 2025-03-20 03:17:38 --> Helper loaded: param_helper
INFO - 2025-03-20 03:17:38 --> Helper loaded: credential_helper
INFO - 2025-03-20 03:17:38 --> Helper loaded: template_helper
INFO - 2025-03-20 03:17:38 --> Helper loaded: rest_helper
INFO - 2025-03-20 03:17:38 --> Database Driver Class Initialized
DEBUG - 2025-03-20 03:17:38 --> Idgenerator class already loaded. Second attempt ignored.
INFO - 2025-03-20 03:17:38 --> Controller Class Initialized
INFO - 2025-03-20 03:17:38 --> Model Class Initialized
DEBUG - 2025-03-20 03:17:38 --> File loaded: /apps/web-drc/application/modules/api_v1/models/Api_v1_model.php
INFO - 2025-03-20 03:17:38 --> Model Class Initialized
INFO - 2025-03-20 03:17:38 --> Final output sent to browser
DEBUG - 2025-03-20 03:17:38 --> Total execution time: 0.0067
INFO - 2025-03-20 03:17:40 --> Config Class Initialized
INFO - 2025-03-20 03:17:40 --> Hooks Class Initialized
DEBUG - 2025-03-20 03:17:40 --> UTF-8 Support Enabled
INFO - 2025-03-20 03:17:40 --> Utf8 Class Initialized
INFO - 2025-03-20 03:17:40 --> URI Class Initialized
INFO - 2025-03-20 03:17:40 --> Router Class Initialized
INFO - 2025-03-20 03:17:40 --> Output Class Initialized
INFO - 2025-03-20 03:17:40 --> Security Class Initialized
DEBUG - 2025-03-20 03:17:40 --> Global POST, GET and COOKIE data sanitized
INFO - 2025-03-20 03:17:40 --> Input Class Initialized
INFO - 2025-03-20 03:17:40 --> Language Class Initialized
INFO - 2025-03-20 03:17:40 --> Language Class Initialized
INFO - 2025-03-20 03:17:40 --> Config Class Initialized
INFO - 2025-03-20 03:17:40 --> Loader Class Initialized
INFO - 2025-03-20 03:17:40 --> Helper loaded: url_helper
INFO - 2025-03-20 03:17:40 --> Helper loaded: easyui_helper
INFO - 2025-03-20 03:17:40 --> Helper loaded: param_helper
INFO - 2025-03-20 03:17:40 --> Helper loaded: credential_helper
INFO - 2025-03-20 03:17:40 --> Helper loaded: template_helper
INFO - 2025-03-20 03:17:40 --> Helper loaded: rest_helper
INFO - 2025-03-20 03:17:40 --> Database Driver Class Initialized
DEBUG - 2025-03-20 03:17:40 --> Idgenerator class already loaded. Second attempt ignored.
INFO - 2025-03-20 03:17:40 --> Controller Class Initialized
INFO - 2025-03-20 03:17:40 --> Model Class Initialized
DEBUG - 2025-03-20 03:17:40 --> File loaded: /apps/web-drc/application/modules/api_v1/models/Api_v1_model.php
INFO - 2025-03-20 03:17:40 --> Model Class Initialized
INFO - 2025-03-20 03:17:40 --> Final output sent to browser
DEBUG - 2025-03-20 03:17:40 --> Total execution time: 0.0029
INFO - 2025-03-20 03:17:44 --> Config Class Initialized
INFO - 2025-03-20 03:17:44 --> Hooks Class Initialized
DEBUG - 2025-03-20 03:17:44 --> UTF-8 Support Enabled
INFO - 2025-03-20 03:17:44 --> Utf8 Class Initialized
INFO - 2025-03-20 03:17:44 --> URI Class Initialized
INFO - 2025-03-20 03:17:44 --> Router Class Initialized
INFO - 2025-03-20 03:17:44 --> Output Class Initialized
INFO - 2025-03-20 03:17:44 --> Security Class Initialized
DEBUG - 2025-03-20 03:17:44 --> Global POST, GET and COOKIE data sanitized
INFO - 2025-03-20 03:17:44 --> Input Class Initialized
INFO - 2025-03-20 03:17:44 --> Language Class Initialized
INFO - 2025-03-20 03:17:44 --> Language Class Initialized
INFO - 2025-03-20 03:17:44 --> Config Class Initialized
INFO - 2025-03-20 03:17:44 --> Loader Class Initialized
INFO - 2025-03-20 03:17:44 --> Helper loaded: url_helper
INFO - 2025-03-20 03:17:44 --> Helper loaded: easyui_helper
INFO - 2025-03-20 03:17:44 --> Helper loaded: param_helper
INFO - 2025-03-20 03:17:44 --> Helper loaded: credential_helper
INFO - 2025-03-20 03:17:44 --> Helper loaded: template_helper
INFO - 2025-03-20 03:17:44 --> Helper loaded: rest_helper
INFO - 2025-03-20 03:17:44 --> Database Driver Class Initialized
DEBUG - 2025-03-20 03:17:44 --> Idgenerator class already loaded. Second attempt ignored.
INFO - 2025-03-20 03:17:44 --> Controller Class Initialized
INFO - 2025-03-20 03:17:44 --> Model Class Initialized
DEBUG - 2025-03-20 03:17:44 --> File loaded: /apps/web-drc/application/modules/api_v1/models/Api_v1_model.php
INFO - 2025-03-20 03:17:44 --> Model Class Initialized
INFO - 2025-03-20 03:17:44 --> Final output sent to browser
DEBUG - 2025-03-20 03:17:44 --> Total execution time: 0.0036
INFO - 2025-03-20 03:17:56 --> Config Class Initialized
INFO - 2025-03-20 03:17:56 --> Hooks Class Initialized
DEBUG - 2025-03-20 03:17:56 --> UTF-8 Support Enabled
INFO - 2025-03-20 03:17:56 --> Utf8 Class Initialized
INFO - 2025-03-20 03:17:56 --> URI Class Initialized
INFO - 2025-03-20 03:17:56 --> Router Class Initialized
INFO - 2025-03-20 03:17:56 --> Output Class Initialized
INFO - 2025-03-20 03:17:56 --> Security Class Initialized
DEBUG - 2025-03-20 03:17:56 --> Global POST, GET and COOKIE data sanitized
INFO - 2025-03-20 03:17:56 --> Input Class Initialized
INFO - 2025-03-20 03:17:56 --> Language Class Initialized
INFO - 2025-03-20 03:17:56 --> Language Class Initialized
INFO - 2025-03-20 03:17:56 --> Config Class Initialized
INFO - 2025-03-20 03:17:56 --> Loader Class Initialized
INFO - 2025-03-20 03:17:56 --> Helper loaded: url_helper
INFO - 2025-03-20 03:17:56 --> Helper loaded: easyui_helper
INFO - 2025-03-20 03:17:56 --> Helper loaded: param_helper
INFO - 2025-03-20 03:17:56 --> Helper loaded: credential_helper
INFO - 2025-03-20 03:17:56 --> Helper loaded: template_helper
INFO - 2025-03-20 03:17:56 --> Helper loaded: rest_helper
INFO - 2025-03-20 03:17:56 --> Database Driver Class Initialized
DEBUG - 2025-03-20 03:17:56 --> Idgenerator class already loaded. Second attempt ignored.
INFO - 2025-03-20 03:17:56 --> Controller Class Initialized
INFO - 2025-03-20 03:17:56 --> Model Class Initialized
DEBUG - 2025-03-20 03:17:56 --> File loaded: /apps/web-drc/application/modules/api_v1/models/Api_v1_model.php
INFO - 2025-03-20 03:17:56 --> Model Class Initialized
INFO - 2025-03-20 03:17:56 --> Final output sent to browser
DEBUG - 2025-03-20 03:17:56 --> Total execution time: 0.0053
INFO - 2025-03-20 03:17:59 --> Config Class Initialized
INFO - 2025-03-20 03:17:59 --> Hooks Class Initialized
DEBUG - 2025-03-20 03:17:59 --> UTF-8 Support Enabled
INFO - 2025-03-20 03:17:59 --> Utf8 Class Initialized
INFO - 2025-03-20 03:17:59 --> URI Class Initialized
INFO - 2025-03-20 03:17:59 --> Router Class Initialized
INFO - 2025-03-20 03:17:59 --> Output Class Initialized
INFO - 2025-03-20 03:17:59 --> Security Class Initialized
DEBUG - 2025-03-20 03:17:59 --> Global POST, GET and COOKIE data sanitized
INFO - 2025-03-20 03:17:59 --> Input Class Initialized
INFO - 2025-03-20 03:17:59 --> Language Class Initialized
INFO - 2025-03-20 03:17:59 --> Language Class Initialized
INFO - 2025-03-20 03:17:59 --> Config Class Initialized
INFO - 2025-03-20 03:17:59 --> Loader Class Initialized
INFO - 2025-03-20 03:17:59 --> Helper loaded: url_helper
INFO - 2025-03-20 03:17:59 --> Helper loaded: easyui_helper
INFO - 2025-03-20 03:17:59 --> Helper loaded: param_helper
INFO - 2025-03-20 03:17:59 --> Helper loaded: credential_helper
INFO - 2025-03-20 03:17:59 --> Helper loaded: template_helper
INFO - 2025-03-20 03:17:59 --> Helper loaded: rest_helper
INFO - 2025-03-20 03:17:59 --> Database Driver Class Initialized
DEBUG - 2025-03-20 03:17:59 --> Idgenerator class already loaded. Second attempt ignored.
INFO - 2025-03-20 03:17:59 --> Controller Class Initialized
INFO - 2025-03-20 03:17:59 --> Model Class Initialized
DEBUG - 2025-03-20 03:17:59 --> File loaded: /apps/web-drc/application/modules/api_v1/models/Api_v1_model.php
INFO - 2025-03-20 03:17:59 --> Model Class Initialized
INFO - 2025-03-20 03:17:59 --> Final output sent to browser
DEBUG - 2025-03-20 03:17:59 --> Total execution time: 0.0036
INFO - 2025-03-20 03:25:58 --> Config Class Initialized
INFO - 2025-03-20 03:25:58 --> Hooks Class Initialized
DEBUG - 2025-03-20 03:25:58 --> UTF-8 Support Enabled
INFO - 2025-03-20 03:25:58 --> Utf8 Class Initialized
INFO - 2025-03-20 03:25:58 --> URI Class Initialized
INFO - 2025-03-20 03:25:58 --> Router Class Initialized
INFO - 2025-03-20 03:25:58 --> Output Class Initialized
INFO - 2025-03-20 03:25:58 --> Security Class Initialized
DEBUG - 2025-03-20 03:25:58 --> Global POST, GET and COOKIE data sanitized
INFO - 2025-03-20 03:25:58 --> Input Class Initialized
INFO - 2025-03-20 03:25:58 --> Language Class Initialized
INFO - 2025-03-20 03:25:58 --> Language Class Initialized
INFO - 2025-03-20 03:25:58 --> Config Class Initialized
INFO - 2025-03-20 03:25:58 --> Loader Class Initialized
INFO - 2025-03-20 03:25:58 --> Helper loaded: url_helper
INFO - 2025-03-20 03:25:58 --> Helper loaded: easyui_helper
INFO - 2025-03-20 03:25:58 --> Helper loaded: param_helper
INFO - 2025-03-20 03:25:58 --> Helper loaded: credential_helper
INFO - 2025-03-20 03:25:58 --> Helper loaded: template_helper
INFO - 2025-03-20 03:25:58 --> Helper loaded: rest_helper
INFO - 2025-03-20 03:25:58 --> Database Driver Class Initialized
DEBUG - 2025-03-20 03:25:58 --> Idgenerator class already loaded. Second attempt ignored.
INFO - 2025-03-20 03:25:58 --> Controller Class Initialized
INFO - 2025-03-20 03:25:58 --> Model Class Initialized
DEBUG - 2025-03-20 03:25:58 --> File loaded: /apps/web-drc/application/modules/visibility_program_active/models/Visibility_program_model.php
INFO - 2025-03-20 03:25:58 --> Model Class Initialized
DEBUG - 2025-03-20 03:25:58 --> File loaded: /apps/web-drc/application/modules/visibility_program_active/views/form.php
DEBUG - 2025-03-20 03:25:58 --> File loaded: /apps/web-drc/application/views/templates/header.php
DEBUG - 2025-03-20 03:25:58 --> File loaded: /apps/web-drc/application/views/templates/toolbar.php
DEBUG - 2025-03-20 03:25:58 --> File loaded: /apps/web-drc/application/views/templates/sidebar.php
DEBUG - 2025-03-20 03:25:58 --> File loaded: /apps/web-drc/application/views/templates/contents.php
DEBUG - 2025-03-20 03:25:58 --> File loaded: /apps/web-drc/application/views/templates/content_footer.php
DEBUG - 2025-03-20 03:25:58 --> File loaded: /apps/web-drc/application/views/templates/footer.php
DEBUG - 2025-03-20 03:25:58 --> File loaded: /apps/web-drc/application/views/templates/default.php
INFO - 2025-03-20 03:25:58 --> Final output sent to browser
DEBUG - 2025-03-20 03:25:58 --> Total execution time: 0.0069
INFO - 2025-03-20 03:26:00 --> Config Class Initialized
INFO - 2025-03-20 03:26:00 --> Hooks Class Initialized
DEBUG - 2025-03-20 03:26:00 --> UTF-8 Support Enabled
INFO - 2025-03-20 03:26:00 --> Utf8 Class Initialized
INFO - 2025-03-20 03:26:00 --> URI Class Initialized
INFO - 2025-03-20 03:26:00 --> Router Class Initialized
INFO - 2025-03-20 03:26:00 --> Output Class Initialized
INFO - 2025-03-20 03:26:00 --> Security Class Initialized
DEBUG - 2025-03-20 03:26:00 --> Global POST, GET and COOKIE data sanitized
INFO - 2025-03-20 03:26:00 --> Input Class Initialized
INFO - 2025-03-20 03:26:00 --> Language Class Initialized
ERROR - 2025-03-20 03:26:00 --> 404 Page Not Found: /index
INFO - 2025-03-20 03:26:00 --> Config Class Initialized
INFO - 2025-03-20 03:26:00 --> Hooks Class Initialized
DEBUG - 2025-03-20 03:26:00 --> UTF-8 Support Enabled
INFO - 2025-03-20 03:26:00 --> Utf8 Class Initialized
INFO - 2025-03-20 03:26:00 --> URI Class Initialized
INFO - 2025-03-20 03:26:00 --> Router Class Initialized
INFO - 2025-03-20 03:26:00 --> Output Class Initialized
INFO - 2025-03-20 03:26:00 --> Security Class Initialized
DEBUG - 2025-03-20 03:26:00 --> Global POST, GET and COOKIE data sanitized
INFO - 2025-03-20 03:26:00 --> Input Class Initialized
INFO - 2025-03-20 03:26:00 --> Language Class Initialized
INFO - 2025-03-20 03:26:00 --> Language Class Initialized
INFO - 2025-03-20 03:26:00 --> Config Class Initialized
INFO - 2025-03-20 03:26:00 --> Loader Class Initialized
INFO - 2025-03-20 03:26:00 --> Helper loaded: url_helper
INFO - 2025-03-20 03:26:00 --> Helper loaded: easyui_helper
INFO - 2025-03-20 03:26:00 --> Helper loaded: param_helper
INFO - 2025-03-20 03:26:00 --> Helper loaded: credential_helper
INFO - 2025-03-20 03:26:00 --> Helper loaded: template_helper
INFO - 2025-03-20 03:26:00 --> Helper loaded: rest_helper
INFO - 2025-03-20 03:26:00 --> Database Driver Class Initialized
DEBUG - 2025-03-20 03:26:00 --> Idgenerator class already loaded. Second attempt ignored.
INFO - 2025-03-20 03:26:00 --> Controller Class Initialized
INFO - 2025-03-20 03:26:00 --> Model Class Initialized
DEBUG - 2025-03-20 03:26:00 --> File loaded: /apps/web-drc/application/modules/api_v1/models/Api_v1_model.php
INFO - 2025-03-20 03:26:00 --> Model Class Initialized
INFO - 2025-03-20 03:26:00 --> Final output sent to browser
DEBUG - 2025-03-20 03:26:00 --> Total execution time: 0.0043
INFO - 2025-03-20 03:26:00 --> Config Class Initialized
INFO - 2025-03-20 03:26:00 --> Hooks Class Initialized
DEBUG - 2025-03-20 03:26:00 --> UTF-8 Support Enabled
INFO - 2025-03-20 03:26:00 --> Utf8 Class Initialized
INFO - 2025-03-20 03:26:00 --> URI Class Initialized
INFO - 2025-03-20 03:26:00 --> Router Class Initialized
INFO - 2025-03-20 03:26:00 --> Output Class Initialized
INFO - 2025-03-20 03:26:00 --> Security Class Initialized
DEBUG - 2025-03-20 03:26:00 --> Global POST, GET and COOKIE data sanitized
INFO - 2025-03-20 03:26:00 --> Input Class Initialized
INFO - 2025-03-20 03:26:00 --> Language Class Initialized
INFO - 2025-03-20 03:26:00 --> Language Class Initialized
INFO - 2025-03-20 03:26:00 --> Config Class Initialized
INFO - 2025-03-20 03:26:00 --> Loader Class Initialized
INFO - 2025-03-20 03:26:00 --> Helper loaded: url_helper
INFO - 2025-03-20 03:26:00 --> Helper loaded: easyui_helper
INFO - 2025-03-20 03:26:00 --> Helper loaded: param_helper
INFO - 2025-03-20 03:26:00 --> Helper loaded: credential_helper
INFO - 2025-03-20 03:26:00 --> Helper loaded: template_helper
INFO - 2025-03-20 03:26:00 --> Helper loaded: rest_helper
INFO - 2025-03-20 03:26:00 --> Database Driver Class Initialized
DEBUG - 2025-03-20 03:26:00 --> Idgenerator class already loaded. Second attempt ignored.
INFO - 2025-03-20 03:26:00 --> Controller Class Initialized
INFO - 2025-03-20 03:26:00 --> Model Class Initialized
DEBUG - 2025-03-20 03:26:00 --> File loaded: /apps/web-drc/application/modules/api_v1/models/Api_v1_model.php
INFO - 2025-03-20 03:26:00 --> Model Class Initialized
INFO - 2025-03-20 03:26:00 --> Final output sent to browser
DEBUG - 2025-03-20 03:26:00 --> Total execution time: 0.0031
INFO - 2025-03-20 03:26:01 --> Config Class Initialized
INFO - 2025-03-20 03:26:01 --> Hooks Class Initialized
DEBUG - 2025-03-20 03:26:01 --> UTF-8 Support Enabled
INFO - 2025-03-20 03:26:01 --> Utf8 Class Initialized
INFO - 2025-03-20 03:26:01 --> URI Class Initialized
INFO - 2025-03-20 03:26:01 --> Router Class Initialized
INFO - 2025-03-20 03:26:01 --> Output Class Initialized
INFO - 2025-03-20 03:26:01 --> Security Class Initialized
DEBUG - 2025-03-20 03:26:01 --> Global POST, GET and COOKIE data sanitized
INFO - 2025-03-20 03:26:01 --> Input Class Initialized
INFO - 2025-03-20 03:26:01 --> Language Class Initialized
ERROR - 2025-03-20 03:26:01 --> 404 Page Not Found: /index
INFO - 2025-03-20 03:26:32 --> Config Class Initialized
INFO - 2025-03-20 03:26:32 --> Hooks Class Initialized
DEBUG - 2025-03-20 03:26:32 --> UTF-8 Support Enabled
INFO - 2025-03-20 03:26:32 --> Utf8 Class Initialized
INFO - 2025-03-20 03:26:32 --> URI Class Initialized
INFO - 2025-03-20 03:26:32 --> Router Class Initialized
INFO - 2025-03-20 03:26:32 --> Output Class Initialized
INFO - 2025-03-20 03:26:32 --> Security Class Initialized
DEBUG - 2025-03-20 03:26:32 --> Global POST, GET and COOKIE data sanitized
INFO - 2025-03-20 03:26:32 --> Input Class Initialized
INFO - 2025-03-20 03:26:32 --> Language Class Initialized
INFO - 2025-03-20 03:26:32 --> Language Class Initialized
INFO - 2025-03-20 03:26:32 --> Config Class Initialized
INFO - 2025-03-20 03:26:32 --> Loader Class Initialized
INFO - 2025-03-20 03:26:32 --> Helper loaded: url_helper
INFO - 2025-03-20 03:26:32 --> Helper loaded: easyui_helper
INFO - 2025-03-20 03:26:32 --> Helper loaded: param_helper
INFO - 2025-03-20 03:26:32 --> Helper loaded: credential_helper
INFO - 2025-03-20 03:26:32 --> Helper loaded: template_helper
INFO - 2025-03-20 03:26:32 --> Helper loaded: rest_helper
INFO - 2025-03-20 03:26:32 --> Database Driver Class Initialized
DEBUG - 2025-03-20 03:26:32 --> Idgenerator class already loaded. Second attempt ignored.
INFO - 2025-03-20 03:26:32 --> Controller Class Initialized
INFO - 2025-03-20 03:26:32 --> Model Class Initialized
DEBUG - 2025-03-20 03:26:32 --> File loaded: /apps/web-drc/application/modules/api_v1/models/Api_v1_model.php
INFO - 2025-03-20 03:26:32 --> Model Class Initialized
INFO - 2025-03-20 03:26:32 --> Final output sent to browser
DEBUG - 2025-03-20 03:26:32 --> Total execution time: 0.0055
INFO - 2025-03-20 03:26:34 --> Config Class Initialized
INFO - 2025-03-20 03:26:34 --> Hooks Class Initialized
DEBUG - 2025-03-20 03:26:34 --> UTF-8 Support Enabled
INFO - 2025-03-20 03:26:34 --> Utf8 Class Initialized
INFO - 2025-03-20 03:26:34 --> URI Class Initialized
INFO - 2025-03-20 03:26:34 --> Router Class Initialized
INFO - 2025-03-20 03:26:34 --> Output Class Initialized
INFO - 2025-03-20 03:26:34 --> Security Class Initialized
DEBUG - 2025-03-20 03:26:34 --> Global POST, GET and COOKIE data sanitized
INFO - 2025-03-20 03:26:34 --> Input Class Initialized
INFO - 2025-03-20 03:26:34 --> Language Class Initialized
INFO - 2025-03-20 03:26:34 --> Language Class Initialized
INFO - 2025-03-20 03:26:34 --> Config Class Initialized
INFO - 2025-03-20 03:26:34 --> Loader Class Initialized
INFO - 2025-03-20 03:26:34 --> Helper loaded: url_helper
INFO - 2025-03-20 03:26:34 --> Helper loaded: easyui_helper
INFO - 2025-03-20 03:26:34 --> Helper loaded: param_helper
INFO - 2025-03-20 03:26:34 --> Helper loaded: credential_helper
INFO - 2025-03-20 03:26:34 --> Helper loaded: template_helper
INFO - 2025-03-20 03:26:34 --> Helper loaded: rest_helper
INFO - 2025-03-20 03:26:34 --> Database Driver Class Initialized
DEBUG - 2025-03-20 03:26:34 --> Idgenerator class already loaded. Second attempt ignored.
INFO - 2025-03-20 03:26:34 --> Controller Class Initialized
INFO - 2025-03-20 03:26:34 --> Model Class Initialized
DEBUG - 2025-03-20 03:26:34 --> File loaded: /apps/web-drc/application/modules/api_v1/models/Api_v1_model.php
INFO - 2025-03-20 03:26:34 --> Model Class Initialized
INFO - 2025-03-20 03:26:34 --> Final output sent to browser
DEBUG - 2025-03-20 03:26:34 --> Total execution time: 0.0033
INFO - 2025-03-20 03:26:42 --> Config Class Initialized
INFO - 2025-03-20 03:26:42 --> Hooks Class Initialized
DEBUG - 2025-03-20 03:26:42 --> UTF-8 Support Enabled
INFO - 2025-03-20 03:26:42 --> Utf8 Class Initialized
INFO - 2025-03-20 03:26:42 --> URI Class Initialized
INFO - 2025-03-20 03:26:42 --> Router Class Initialized
INFO - 2025-03-20 03:26:42 --> Output Class Initialized
INFO - 2025-03-20 03:26:42 --> Security Class Initialized
DEBUG - 2025-03-20 03:26:42 --> Global POST, GET and COOKIE data sanitized
INFO - 2025-03-20 03:26:42 --> Input Class Initialized
INFO - 2025-03-20 03:26:42 --> Language Class Initialized
INFO - 2025-03-20 03:26:42 --> Language Class Initialized
INFO - 2025-03-20 03:26:42 --> Config Class Initialized
INFO - 2025-03-20 03:26:42 --> Loader Class Initialized
INFO - 2025-03-20 03:26:42 --> Helper loaded: url_helper
INFO - 2025-03-20 03:26:42 --> Helper loaded: easyui_helper
INFO - 2025-03-20 03:26:42 --> Helper loaded: param_helper
INFO - 2025-03-20 03:26:42 --> Helper loaded: credential_helper
INFO - 2025-03-20 03:26:42 --> Helper loaded: template_helper
INFO - 2025-03-20 03:26:42 --> Helper loaded: rest_helper
INFO - 2025-03-20 03:26:42 --> Database Driver Class Initialized
DEBUG - 2025-03-20 03:26:42 --> Idgenerator class already loaded. Second attempt ignored.
INFO - 2025-03-20 03:26:42 --> Controller Class Initialized
INFO - 2025-03-20 03:26:42 --> Model Class Initialized
DEBUG - 2025-03-20 03:26:42 --> File loaded: /apps/web-drc/application/modules/visibility_program_active/models/Visibility_program_model.php
INFO - 2025-03-20 03:26:42 --> Model Class Initialized
ERROR - 2025-03-20 03:26:42 --> Query error: Unknown column 'regionalid' in 'field list' - Invalid query: INSERT INTO `visibility_scheme_program` (`program_name`, `description`, `start_period`, `end_period`, `qty_submit_photo`, `regionalid`, `areaid`, `created_by`, `created_date`) VALUES ('Test Program 1', 'Test Program 1', '2025-03-21', '2025-03-21', '100', '2', '6', 'admin', '2025-03-19 20:26:42')
INFO - 2025-03-20 03:26:42 --> Final output sent to browser
DEBUG - 2025-03-20 03:26:42 --> Total execution time: 0.0047
INFO - 2025-03-20 03:26:42 --> Config Class Initialized
INFO - 2025-03-20 03:26:42 --> Hooks Class Initialized
DEBUG - 2025-03-20 03:26:42 --> UTF-8 Support Enabled
INFO - 2025-03-20 03:26:42 --> Utf8 Class Initialized
INFO - 2025-03-20 03:26:42 --> URI Class Initialized
INFO - 2025-03-20 03:26:42 --> Router Class Initialized
INFO - 2025-03-20 03:26:42 --> Output Class Initialized
INFO - 2025-03-20 03:26:42 --> Security Class Initialized
DEBUG - 2025-03-20 03:26:42 --> Global POST, GET and COOKIE data sanitized
INFO - 2025-03-20 03:26:42 --> Input Class Initialized
INFO - 2025-03-20 03:26:42 --> Language Class Initialized
INFO - 2025-03-20 03:26:42 --> Language Class Initialized
INFO - 2025-03-20 03:26:42 --> Config Class Initialized
INFO - 2025-03-20 03:26:42 --> Loader Class Initialized
INFO - 2025-03-20 03:26:42 --> Helper loaded: url_helper
INFO - 2025-03-20 03:26:42 --> Helper loaded: easyui_helper
INFO - 2025-03-20 03:26:42 --> Helper loaded: param_helper
INFO - 2025-03-20 03:26:42 --> Helper loaded: credential_helper
INFO - 2025-03-20 03:26:42 --> Helper loaded: template_helper
INFO - 2025-03-20 03:26:42 --> Helper loaded: rest_helper
INFO - 2025-03-20 03:26:42 --> Database Driver Class Initialized
DEBUG - 2025-03-20 03:26:42 --> Idgenerator class already loaded. Second attempt ignored.
INFO - 2025-03-20 03:26:42 --> Controller Class Initialized
INFO - 2025-03-20 03:26:42 --> Model Class Initialized
DEBUG - 2025-03-20 03:26:42 --> File loaded: /apps/web-drc/application/modules/visibility_program_active/models/Visibility_program_model.php
INFO - 2025-03-20 03:26:42 --> Model Class Initialized
DEBUG - 2025-03-20 03:26:42 --> File loaded: /apps/web-drc/application/modules/visibility_program_active/views/content.php
DEBUG - 2025-03-20 03:26:42 --> File loaded: /apps/web-drc/application/views/templates/header.php
DEBUG - 2025-03-20 03:26:42 --> File loaded: /apps/web-drc/application/views/templates/toolbar.php
DEBUG - 2025-03-20 03:26:42 --> File loaded: /apps/web-drc/application/views/templates/sidebar.php
DEBUG - 2025-03-20 03:26:42 --> File loaded: /apps/web-drc/application/views/templates/contents.php
DEBUG - 2025-03-20 03:26:42 --> File loaded: /apps/web-drc/application/views/templates/content_footer.php
DEBUG - 2025-03-20 03:26:42 --> File loaded: /apps/web-drc/application/views/templates/footer.php
DEBUG - 2025-03-20 03:26:42 --> File loaded: /apps/web-drc/application/views/templates/default.php
INFO - 2025-03-20 03:26:42 --> Final output sent to browser
DEBUG - 2025-03-20 03:26:42 --> Total execution time: 0.0053
INFO - 2025-03-20 03:26:42 --> Config Class Initialized
INFO - 2025-03-20 03:26:42 --> Hooks Class Initialized
DEBUG - 2025-03-20 03:26:42 --> UTF-8 Support Enabled
INFO - 2025-03-20 03:26:42 --> Utf8 Class Initialized
INFO - 2025-03-20 03:26:42 --> URI Class Initialized
INFO - 2025-03-20 03:26:42 --> Router Class Initialized
INFO - 2025-03-20 03:26:42 --> Output Class Initialized
INFO - 2025-03-20 03:26:42 --> Security Class Initialized
DEBUG - 2025-03-20 03:26:42 --> Global POST, GET and COOKIE data sanitized
INFO - 2025-03-20 03:26:42 --> Input Class Initialized
INFO - 2025-03-20 03:26:42 --> Language Class Initialized
ERROR - 2025-03-20 03:26:42 --> 404 Page Not Found: /index
INFO - 2025-03-20 03:26:42 --> Config Class Initialized
INFO - 2025-03-20 03:26:42 --> Hooks Class Initialized
DEBUG - 2025-03-20 03:26:42 --> UTF-8 Support Enabled
INFO - 2025-03-20 03:26:42 --> Utf8 Class Initialized
INFO - 2025-03-20 03:26:42 --> URI Class Initialized
INFO - 2025-03-20 03:26:42 --> Router Class Initialized
INFO - 2025-03-20 03:26:42 --> Output Class Initialized
INFO - 2025-03-20 03:26:42 --> Security Class Initialized
DEBUG - 2025-03-20 03:26:42 --> Global POST, GET and COOKIE data sanitized
INFO - 2025-03-20 03:26:42 --> Input Class Initialized
INFO - 2025-03-20 03:26:42 --> Language Class Initialized
INFO - 2025-03-20 03:26:42 --> Language Class Initialized
INFO - 2025-03-20 03:26:42 --> Config Class Initialized
INFO - 2025-03-20 03:26:42 --> Loader Class Initialized
INFO - 2025-03-20 03:26:42 --> Helper loaded: url_helper
INFO - 2025-03-20 03:26:42 --> Helper loaded: easyui_helper
INFO - 2025-03-20 03:26:42 --> Helper loaded: param_helper
INFO - 2025-03-20 03:26:42 --> Helper loaded: credential_helper
INFO - 2025-03-20 03:26:42 --> Helper loaded: template_helper
INFO - 2025-03-20 03:26:42 --> Helper loaded: rest_helper
INFO - 2025-03-20 03:26:42 --> Database Driver Class Initialized
DEBUG - 2025-03-20 03:26:42 --> Idgenerator class already loaded. Second attempt ignored.
INFO - 2025-03-20 03:26:42 --> Controller Class Initialized
INFO - 2025-03-20 03:26:42 --> Model Class Initialized
DEBUG - 2025-03-20 03:26:42 --> File loaded: /apps/web-drc/application/modules/visibility_program_active/models/Visibility_program_model.php
INFO - 2025-03-20 03:26:42 --> Model Class Initialized
INFO - 2025-03-20 03:26:42 --> Final output sent to browser
DEBUG - 2025-03-20 03:26:42 --> Total execution time: 0.0045
INFO - 2025-03-20 03:31:00 --> Config Class Initialized
INFO - 2025-03-20 03:31:00 --> Hooks Class Initialized
DEBUG - 2025-03-20 03:31:00 --> UTF-8 Support Enabled
INFO - 2025-03-20 03:31:00 --> Utf8 Class Initialized
INFO - 2025-03-20 03:31:00 --> URI Class Initialized
INFO - 2025-03-20 03:31:00 --> Router Class Initialized
INFO - 2025-03-20 03:31:00 --> Output Class Initialized
INFO - 2025-03-20 03:31:00 --> Security Class Initialized
DEBUG - 2025-03-20 03:31:00 --> Global POST, GET and COOKIE data sanitized
INFO - 2025-03-20 03:31:00 --> Input Class Initialized
INFO - 2025-03-20 03:31:00 --> Language Class Initialized
INFO - 2025-03-20 03:31:00 --> Language Class Initialized
INFO - 2025-03-20 03:31:00 --> Config Class Initialized
INFO - 2025-03-20 03:31:00 --> Loader Class Initialized
INFO - 2025-03-20 03:31:00 --> Helper loaded: url_helper
INFO - 2025-03-20 03:31:00 --> Helper loaded: easyui_helper
INFO - 2025-03-20 03:31:00 --> Helper loaded: param_helper
INFO - 2025-03-20 03:31:00 --> Helper loaded: credential_helper
INFO - 2025-03-20 03:31:00 --> Helper loaded: template_helper
INFO - 2025-03-20 03:31:00 --> Helper loaded: rest_helper
INFO - 2025-03-20 03:31:00 --> Database Driver Class Initialized
DEBUG - 2025-03-20 03:31:00 --> Idgenerator class already loaded. Second attempt ignored.
INFO - 2025-03-20 03:31:00 --> Controller Class Initialized
INFO - 2025-03-20 03:31:00 --> Model Class Initialized
DEBUG - 2025-03-20 03:31:00 --> File loaded: /apps/web-drc/application/modules/visibility_program_active/models/Visibility_program_model.php
INFO - 2025-03-20 03:31:00 --> Model Class Initialized
DEBUG - 2025-03-20 03:31:00 --> File loaded: /apps/web-drc/application/modules/visibility_program_active/views/form.php
DEBUG - 2025-03-20 03:31:00 --> File loaded: /apps/web-drc/application/views/templates/header.php
DEBUG - 2025-03-20 03:31:00 --> File loaded: /apps/web-drc/application/views/templates/toolbar.php
DEBUG - 2025-03-20 03:31:00 --> File loaded: /apps/web-drc/application/views/templates/sidebar.php
DEBUG - 2025-03-20 03:31:00 --> File loaded: /apps/web-drc/application/views/templates/contents.php
DEBUG - 2025-03-20 03:31:00 --> File loaded: /apps/web-drc/application/views/templates/content_footer.php
DEBUG - 2025-03-20 03:31:00 --> File loaded: /apps/web-drc/application/views/templates/footer.php
DEBUG - 2025-03-20 03:31:00 --> File loaded: /apps/web-drc/application/views/templates/default.php
INFO - 2025-03-20 03:31:00 --> Final output sent to browser
DEBUG - 2025-03-20 03:31:00 --> Total execution time: 0.0086
INFO - 2025-03-20 03:31:00 --> Config Class Initialized
INFO - 2025-03-20 03:31:00 --> Hooks Class Initialized
DEBUG - 2025-03-20 03:31:00 --> UTF-8 Support Enabled
INFO - 2025-03-20 03:31:00 --> Utf8 Class Initialized
INFO - 2025-03-20 03:31:00 --> URI Class Initialized
INFO - 2025-03-20 03:31:00 --> Router Class Initialized
INFO - 2025-03-20 03:31:00 --> Output Class Initialized
INFO - 2025-03-20 03:31:00 --> Security Class Initialized
DEBUG - 2025-03-20 03:31:00 --> Global POST, GET and COOKIE data sanitized
INFO - 2025-03-20 03:31:00 --> Input Class Initialized
INFO - 2025-03-20 03:31:00 --> Language Class Initialized
ERROR - 2025-03-20 03:31:00 --> 404 Page Not Found: /index
INFO - 2025-03-20 03:31:00 --> Config Class Initialized
INFO - 2025-03-20 03:31:00 --> Hooks Class Initialized
DEBUG - 2025-03-20 03:31:00 --> UTF-8 Support Enabled
INFO - 2025-03-20 03:31:00 --> Utf8 Class Initialized
INFO - 2025-03-20 03:31:00 --> URI Class Initialized
INFO - 2025-03-20 03:31:00 --> Router Class Initialized
INFO - 2025-03-20 03:31:00 --> Output Class Initialized
INFO - 2025-03-20 03:31:00 --> Security Class Initialized
DEBUG - 2025-03-20 03:31:00 --> Global POST, GET and COOKIE data sanitized
INFO - 2025-03-20 03:31:00 --> Input Class Initialized
INFO - 2025-03-20 03:31:00 --> Language Class Initialized
INFO - 2025-03-20 03:31:00 --> Language Class Initialized
INFO - 2025-03-20 03:31:00 --> Config Class Initialized
INFO - 2025-03-20 03:31:00 --> Loader Class Initialized
INFO - 2025-03-20 03:31:00 --> Helper loaded: url_helper
INFO - 2025-03-20 03:31:00 --> Helper loaded: easyui_helper
INFO - 2025-03-20 03:31:00 --> Helper loaded: param_helper
INFO - 2025-03-20 03:31:00 --> Helper loaded: credential_helper
INFO - 2025-03-20 03:31:00 --> Helper loaded: template_helper
INFO - 2025-03-20 03:31:00 --> Helper loaded: rest_helper
INFO - 2025-03-20 03:31:00 --> Database Driver Class Initialized
DEBUG - 2025-03-20 03:31:00 --> Idgenerator class already loaded. Second attempt ignored.
INFO - 2025-03-20 03:31:00 --> Controller Class Initialized
INFO - 2025-03-20 03:31:00 --> Model Class Initialized
DEBUG - 2025-03-20 03:31:00 --> File loaded: /apps/web-drc/application/modules/api_v1/models/Api_v1_model.php
INFO - 2025-03-20 03:31:00 --> Model Class Initialized
INFO - 2025-03-20 03:31:00 --> Final output sent to browser
DEBUG - 2025-03-20 03:31:00 --> Total execution time: 0.0035
INFO - 2025-03-20 03:31:00 --> Config Class Initialized
INFO - 2025-03-20 03:31:00 --> Hooks Class Initialized
DEBUG - 2025-03-20 03:31:00 --> UTF-8 Support Enabled
INFO - 2025-03-20 03:31:00 --> Utf8 Class Initialized
INFO - 2025-03-20 03:31:00 --> URI Class Initialized
INFO - 2025-03-20 03:31:00 --> Router Class Initialized
INFO - 2025-03-20 03:31:00 --> Output Class Initialized
INFO - 2025-03-20 03:31:00 --> Security Class Initialized
DEBUG - 2025-03-20 03:31:00 --> Global POST, GET and COOKIE data sanitized
INFO - 2025-03-20 03:31:00 --> Input Class Initialized
INFO - 2025-03-20 03:31:00 --> Language Class Initialized
INFO - 2025-03-20 03:31:00 --> Language Class Initialized
INFO - 2025-03-20 03:31:00 --> Config Class Initialized
INFO - 2025-03-20 03:31:00 --> Loader Class Initialized
INFO - 2025-03-20 03:31:00 --> Helper loaded: url_helper
INFO - 2025-03-20 03:31:00 --> Helper loaded: easyui_helper
INFO - 2025-03-20 03:31:00 --> Helper loaded: param_helper
INFO - 2025-03-20 03:31:00 --> Helper loaded: credential_helper
INFO - 2025-03-20 03:31:00 --> Helper loaded: template_helper
INFO - 2025-03-20 03:31:00 --> Helper loaded: rest_helper
INFO - 2025-03-20 03:31:00 --> Database Driver Class Initialized
DEBUG - 2025-03-20 03:31:00 --> Idgenerator class already loaded. Second attempt ignored.
INFO - 2025-03-20 03:31:00 --> Controller Class Initialized
INFO - 2025-03-20 03:31:00 --> Model Class Initialized
DEBUG - 2025-03-20 03:31:00 --> File loaded: /apps/web-drc/application/modules/api_v1/models/Api_v1_model.php
INFO - 2025-03-20 03:31:00 --> Model Class Initialized
INFO - 2025-03-20 03:31:00 --> Final output sent to browser
DEBUG - 2025-03-20 03:31:00 --> Total execution time: 0.0033
INFO - 2025-03-20 03:31:23 --> Config Class Initialized
INFO - 2025-03-20 03:31:23 --> Hooks Class Initialized
DEBUG - 2025-03-20 03:31:23 --> UTF-8 Support Enabled
INFO - 2025-03-20 03:31:23 --> Utf8 Class Initialized
INFO - 2025-03-20 03:31:23 --> URI Class Initialized
INFO - 2025-03-20 03:31:23 --> Router Class Initialized
INFO - 2025-03-20 03:31:23 --> Output Class Initialized
INFO - 2025-03-20 03:31:23 --> Security Class Initialized
DEBUG - 2025-03-20 03:31:23 --> Global POST, GET and COOKIE data sanitized
INFO - 2025-03-20 03:31:23 --> Input Class Initialized
INFO - 2025-03-20 03:31:23 --> Language Class Initialized
INFO - 2025-03-20 03:31:23 --> Language Class Initialized
INFO - 2025-03-20 03:31:23 --> Config Class Initialized
INFO - 2025-03-20 03:31:23 --> Loader Class Initialized
INFO - 2025-03-20 03:31:23 --> Helper loaded: url_helper
INFO - 2025-03-20 03:31:23 --> Helper loaded: easyui_helper
INFO - 2025-03-20 03:31:23 --> Helper loaded: param_helper
INFO - 2025-03-20 03:31:23 --> Helper loaded: credential_helper
INFO - 2025-03-20 03:31:23 --> Helper loaded: template_helper
INFO - 2025-03-20 03:31:23 --> Helper loaded: rest_helper
INFO - 2025-03-20 03:31:23 --> Database Driver Class Initialized
DEBUG - 2025-03-20 03:31:23 --> Idgenerator class already loaded. Second attempt ignored.
INFO - 2025-03-20 03:31:23 --> Controller Class Initialized
INFO - 2025-03-20 03:31:23 --> Model Class Initialized
DEBUG - 2025-03-20 03:31:23 --> File loaded: /apps/web-drc/application/modules/api_v1/models/Api_v1_model.php
INFO - 2025-03-20 03:31:23 --> Model Class Initialized
INFO - 2025-03-20 03:31:23 --> Final output sent to browser
DEBUG - 2025-03-20 03:31:23 --> Total execution time: 0.0054
INFO - 2025-03-20 03:31:25 --> Config Class Initialized
INFO - 2025-03-20 03:31:25 --> Hooks Class Initialized
DEBUG - 2025-03-20 03:31:25 --> UTF-8 Support Enabled
INFO - 2025-03-20 03:31:25 --> Utf8 Class Initialized
INFO - 2025-03-20 03:31:25 --> URI Class Initialized
INFO - 2025-03-20 03:31:25 --> Router Class Initialized
INFO - 2025-03-20 03:31:25 --> Output Class Initialized
INFO - 2025-03-20 03:31:25 --> Security Class Initialized
DEBUG - 2025-03-20 03:31:25 --> Global POST, GET and COOKIE data sanitized
INFO - 2025-03-20 03:31:25 --> Input Class Initialized
INFO - 2025-03-20 03:31:25 --> Language Class Initialized
INFO - 2025-03-20 03:31:25 --> Language Class Initialized
INFO - 2025-03-20 03:31:25 --> Config Class Initialized
INFO - 2025-03-20 03:31:25 --> Loader Class Initialized
INFO - 2025-03-20 03:31:25 --> Helper loaded: url_helper
INFO - 2025-03-20 03:31:25 --> Helper loaded: easyui_helper
INFO - 2025-03-20 03:31:25 --> Helper loaded: param_helper
INFO - 2025-03-20 03:31:25 --> Helper loaded: credential_helper
INFO - 2025-03-20 03:31:25 --> Helper loaded: template_helper
INFO - 2025-03-20 03:31:25 --> Helper loaded: rest_helper
INFO - 2025-03-20 03:31:25 --> Database Driver Class Initialized
DEBUG - 2025-03-20 03:31:25 --> Idgenerator class already loaded. Second attempt ignored.
INFO - 2025-03-20 03:31:25 --> Controller Class Initialized
INFO - 2025-03-20 03:31:25 --> Model Class Initialized
DEBUG - 2025-03-20 03:31:25 --> File loaded: /apps/web-drc/application/modules/api_v1/models/Api_v1_model.php
INFO - 2025-03-20 03:31:25 --> Model Class Initialized
INFO - 2025-03-20 03:31:25 --> Final output sent to browser
DEBUG - 2025-03-20 03:31:25 --> Total execution time: 0.0042
INFO - 2025-03-20 03:31:32 --> Config Class Initialized
INFO - 2025-03-20 03:31:32 --> Hooks Class Initialized
DEBUG - 2025-03-20 03:31:32 --> UTF-8 Support Enabled
INFO - 2025-03-20 03:31:32 --> Utf8 Class Initialized
INFO - 2025-03-20 03:31:32 --> URI Class Initialized
INFO - 2025-03-20 03:31:32 --> Router Class Initialized
INFO - 2025-03-20 03:31:32 --> Output Class Initialized
INFO - 2025-03-20 03:31:32 --> Security Class Initialized
DEBUG - 2025-03-20 03:31:32 --> Global POST, GET and COOKIE data sanitized
INFO - 2025-03-20 03:31:32 --> Input Class Initialized
INFO - 2025-03-20 03:31:32 --> Language Class Initialized
INFO - 2025-03-20 03:31:32 --> Language Class Initialized
INFO - 2025-03-20 03:31:32 --> Config Class Initialized
INFO - 2025-03-20 03:31:32 --> Loader Class Initialized
INFO - 2025-03-20 03:31:32 --> Helper loaded: url_helper
INFO - 2025-03-20 03:31:32 --> Helper loaded: easyui_helper
INFO - 2025-03-20 03:31:32 --> Helper loaded: param_helper
INFO - 2025-03-20 03:31:32 --> Helper loaded: credential_helper
INFO - 2025-03-20 03:31:32 --> Helper loaded: template_helper
INFO - 2025-03-20 03:31:32 --> Helper loaded: rest_helper
INFO - 2025-03-20 03:31:32 --> Database Driver Class Initialized
DEBUG - 2025-03-20 03:31:32 --> Idgenerator class already loaded. Second attempt ignored.
INFO - 2025-03-20 03:31:32 --> Controller Class Initialized
INFO - 2025-03-20 03:31:32 --> Model Class Initialized
DEBUG - 2025-03-20 03:31:32 --> File loaded: /apps/web-drc/application/modules/visibility_program_active/models/Visibility_program_model.php
INFO - 2025-03-20 03:31:32 --> Model Class Initialized
ERROR - 2025-03-20 03:31:32 --> Query error: Column 'areaid' cannot be null - Invalid query: INSERT INTO `visibility_mapping_area` (`id_program`, `regionalid`, `areaid`, `subareaid`) VALUES (4, '2', NULL, '17')
ERROR - 2025-03-20 03:31:32 --> Query error: Column 'areaid' cannot be null - Invalid query: INSERT INTO `visibility_mapping_area` (`id_program`, `regionalid`, `areaid`, `subareaid`) VALUES (4, '2', NULL, '18')
INFO - 2025-03-20 03:31:32 --> Final output sent to browser
DEBUG - 2025-03-20 03:31:32 --> Total execution time: 0.0042
INFO - 2025-03-20 03:31:33 --> Config Class Initialized
INFO - 2025-03-20 03:31:33 --> Hooks Class Initialized
DEBUG - 2025-03-20 03:31:33 --> UTF-8 Support Enabled
INFO - 2025-03-20 03:31:33 --> Utf8 Class Initialized
INFO - 2025-03-20 03:31:33 --> URI Class Initialized
INFO - 2025-03-20 03:31:33 --> Router Class Initialized
INFO - 2025-03-20 03:31:33 --> Output Class Initialized
INFO - 2025-03-20 03:31:33 --> Security Class Initialized
DEBUG - 2025-03-20 03:31:33 --> Global POST, GET and COOKIE data sanitized
INFO - 2025-03-20 03:31:33 --> Input Class Initialized
INFO - 2025-03-20 03:31:33 --> Language Class Initialized
INFO - 2025-03-20 03:31:33 --> Language Class Initialized
INFO - 2025-03-20 03:31:33 --> Config Class Initialized
INFO - 2025-03-20 03:31:33 --> Loader Class Initialized
INFO - 2025-03-20 03:31:33 --> Helper loaded: url_helper
INFO - 2025-03-20 03:31:33 --> Helper loaded: easyui_helper
INFO - 2025-03-20 03:31:33 --> Helper loaded: param_helper
INFO - 2025-03-20 03:31:33 --> Helper loaded: credential_helper
INFO - 2025-03-20 03:31:33 --> Helper loaded: template_helper
INFO - 2025-03-20 03:31:33 --> Helper loaded: rest_helper
INFO - 2025-03-20 03:31:33 --> Database Driver Class Initialized
DEBUG - 2025-03-20 03:31:33 --> Idgenerator class already loaded. Second attempt ignored.
INFO - 2025-03-20 03:31:33 --> Controller Class Initialized
INFO - 2025-03-20 03:31:33 --> Model Class Initialized
DEBUG - 2025-03-20 03:31:33 --> File loaded: /apps/web-drc/application/modules/visibility_program_active/models/Visibility_program_model.php
INFO - 2025-03-20 03:31:33 --> Model Class Initialized
DEBUG - 2025-03-20 03:31:33 --> File loaded: /apps/web-drc/application/modules/visibility_program_active/views/content.php
DEBUG - 2025-03-20 03:31:33 --> File loaded: /apps/web-drc/application/views/templates/header.php
DEBUG - 2025-03-20 03:31:33 --> File loaded: /apps/web-drc/application/views/templates/toolbar.php
DEBUG - 2025-03-20 03:31:33 --> File loaded: /apps/web-drc/application/views/templates/sidebar.php
DEBUG - 2025-03-20 03:31:33 --> File loaded: /apps/web-drc/application/views/templates/contents.php
DEBUG - 2025-03-20 03:31:33 --> File loaded: /apps/web-drc/application/views/templates/content_footer.php
DEBUG - 2025-03-20 03:31:33 --> File loaded: /apps/web-drc/application/views/templates/footer.php
DEBUG - 2025-03-20 03:31:33 --> File loaded: /apps/web-drc/application/views/templates/default.php
INFO - 2025-03-20 03:31:33 --> Final output sent to browser
DEBUG - 2025-03-20 03:31:33 --> Total execution time: 0.0055
INFO - 2025-03-20 03:31:33 --> Config Class Initialized
INFO - 2025-03-20 03:31:33 --> Hooks Class Initialized
DEBUG - 2025-03-20 03:31:33 --> UTF-8 Support Enabled
INFO - 2025-03-20 03:31:33 --> Utf8 Class Initialized
INFO - 2025-03-20 03:31:33 --> URI Class Initialized
INFO - 2025-03-20 03:31:33 --> Router Class Initialized
INFO - 2025-03-20 03:31:33 --> Output Class Initialized
INFO - 2025-03-20 03:31:33 --> Security Class Initialized
DEBUG - 2025-03-20 03:31:33 --> Global POST, GET and COOKIE data sanitized
INFO - 2025-03-20 03:31:33 --> Input Class Initialized
INFO - 2025-03-20 03:31:33 --> Language Class Initialized
ERROR - 2025-03-20 03:31:33 --> 404 Page Not Found: /index
INFO - 2025-03-20 03:31:33 --> Config Class Initialized
INFO - 2025-03-20 03:31:33 --> Hooks Class Initialized
DEBUG - 2025-03-20 03:31:33 --> UTF-8 Support Enabled
INFO - 2025-03-20 03:31:33 --> Utf8 Class Initialized
INFO - 2025-03-20 03:31:33 --> URI Class Initialized
INFO - 2025-03-20 03:31:33 --> Router Class Initialized
INFO - 2025-03-20 03:31:33 --> Output Class Initialized
INFO - 2025-03-20 03:31:33 --> Security Class Initialized
DEBUG - 2025-03-20 03:31:33 --> Global POST, GET and COOKIE data sanitized
INFO - 2025-03-20 03:31:33 --> Input Class Initialized
INFO - 2025-03-20 03:31:33 --> Language Class Initialized
INFO - 2025-03-20 03:31:33 --> Language Class Initialized
INFO - 2025-03-20 03:31:33 --> Config Class Initialized
INFO - 2025-03-20 03:31:33 --> Loader Class Initialized
INFO - 2025-03-20 03:31:33 --> Helper loaded: url_helper
INFO - 2025-03-20 03:31:33 --> Helper loaded: easyui_helper
INFO - 2025-03-20 03:31:33 --> Helper loaded: param_helper
INFO - 2025-03-20 03:31:33 --> Helper loaded: credential_helper
INFO - 2025-03-20 03:31:33 --> Helper loaded: template_helper
INFO - 2025-03-20 03:31:33 --> Helper loaded: rest_helper
INFO - 2025-03-20 03:31:33 --> Database Driver Class Initialized
DEBUG - 2025-03-20 03:31:33 --> Idgenerator class already loaded. Second attempt ignored.
INFO - 2025-03-20 03:31:33 --> Controller Class Initialized
INFO - 2025-03-20 03:31:33 --> Model Class Initialized
DEBUG - 2025-03-20 03:31:33 --> File loaded: /apps/web-drc/application/modules/visibility_program_active/models/Visibility_program_model.php
INFO - 2025-03-20 03:31:33 --> Model Class Initialized
INFO - 2025-03-20 03:31:33 --> Final output sent to browser
DEBUG - 2025-03-20 03:31:33 --> Total execution time: 0.0089
INFO - 2025-03-20 03:31:42 --> Config Class Initialized
INFO - 2025-03-20 03:31:42 --> Hooks Class Initialized
DEBUG - 2025-03-20 03:31:42 --> UTF-8 Support Enabled
INFO - 2025-03-20 03:31:42 --> Utf8 Class Initialized
INFO - 2025-03-20 03:31:42 --> URI Class Initialized
INFO - 2025-03-20 03:31:42 --> Router Class Initialized
INFO - 2025-03-20 03:31:42 --> Output Class Initialized
INFO - 2025-03-20 03:31:42 --> Security Class Initialized
DEBUG - 2025-03-20 03:31:42 --> Global POST, GET and COOKIE data sanitized
INFO - 2025-03-20 03:31:42 --> Input Class Initialized
INFO - 2025-03-20 03:31:42 --> Language Class Initialized
INFO - 2025-03-20 03:31:42 --> Language Class Initialized
INFO - 2025-03-20 03:31:42 --> Config Class Initialized
INFO - 2025-03-20 03:31:42 --> Loader Class Initialized
INFO - 2025-03-20 03:31:42 --> Helper loaded: url_helper
INFO - 2025-03-20 03:31:42 --> Helper loaded: easyui_helper
INFO - 2025-03-20 03:31:42 --> Helper loaded: param_helper
INFO - 2025-03-20 03:31:42 --> Helper loaded: credential_helper
INFO - 2025-03-20 03:31:42 --> Helper loaded: template_helper
INFO - 2025-03-20 03:31:42 --> Helper loaded: rest_helper
INFO - 2025-03-20 03:31:42 --> Database Driver Class Initialized
DEBUG - 2025-03-20 03:31:42 --> Idgenerator class already loaded. Second attempt ignored.
INFO - 2025-03-20 03:31:42 --> Controller Class Initialized
INFO - 2025-03-20 03:31:42 --> Model Class Initialized
DEBUG - 2025-03-20 03:31:42 --> File loaded: /apps/web-drc/application/modules/visibility_program_active/models/Visibility_program_model.php
INFO - 2025-03-20 03:31:42 --> Model Class Initialized
DEBUG - 2025-03-20 03:31:42 --> File loaded: /apps/web-drc/application/modules/visibility_program_active/views/form.php
DEBUG - 2025-03-20 03:31:42 --> File loaded: /apps/web-drc/application/views/templates/header.php
DEBUG - 2025-03-20 03:31:42 --> File loaded: /apps/web-drc/application/views/templates/toolbar.php
DEBUG - 2025-03-20 03:31:42 --> File loaded: /apps/web-drc/application/views/templates/sidebar.php
DEBUG - 2025-03-20 03:31:42 --> File loaded: /apps/web-drc/application/views/templates/contents.php
DEBUG - 2025-03-20 03:31:42 --> File loaded: /apps/web-drc/application/views/templates/content_footer.php
DEBUG - 2025-03-20 03:31:42 --> File loaded: /apps/web-drc/application/views/templates/footer.php
DEBUG - 2025-03-20 03:31:42 --> File loaded: /apps/web-drc/application/views/templates/default.php
INFO - 2025-03-20 03:31:42 --> Final output sent to browser
DEBUG - 2025-03-20 03:31:42 --> Total execution time: 0.0091
INFO - 2025-03-20 03:31:42 --> Config Class Initialized
INFO - 2025-03-20 03:31:42 --> Hooks Class Initialized
DEBUG - 2025-03-20 03:31:42 --> UTF-8 Support Enabled
INFO - 2025-03-20 03:31:42 --> Utf8 Class Initialized
INFO - 2025-03-20 03:31:42 --> URI Class Initialized
INFO - 2025-03-20 03:31:42 --> Router Class Initialized
INFO - 2025-03-20 03:31:42 --> Output Class Initialized
INFO - 2025-03-20 03:31:42 --> Security Class Initialized
DEBUG - 2025-03-20 03:31:42 --> Global POST, GET and COOKIE data sanitized
INFO - 2025-03-20 03:31:42 --> Input Class Initialized
INFO - 2025-03-20 03:31:42 --> Language Class Initialized
ERROR - 2025-03-20 03:31:42 --> 404 Page Not Found: /index
INFO - 2025-03-20 03:31:42 --> Config Class Initialized
INFO - 2025-03-20 03:31:42 --> Hooks Class Initialized
DEBUG - 2025-03-20 03:31:42 --> UTF-8 Support Enabled
INFO - 2025-03-20 03:31:42 --> Utf8 Class Initialized
INFO - 2025-03-20 03:31:42 --> URI Class Initialized
INFO - 2025-03-20 03:31:42 --> Router Class Initialized
INFO - 2025-03-20 03:31:42 --> Output Class Initialized
INFO - 2025-03-20 03:31:42 --> Security Class Initialized
DEBUG - 2025-03-20 03:31:42 --> Global POST, GET and COOKIE data sanitized
INFO - 2025-03-20 03:31:42 --> Input Class Initialized
INFO - 2025-03-20 03:31:42 --> Language Class Initialized
INFO - 2025-03-20 03:31:42 --> Language Class Initialized
INFO - 2025-03-20 03:31:42 --> Config Class Initialized
INFO - 2025-03-20 03:31:42 --> Loader Class Initialized
INFO - 2025-03-20 03:31:42 --> Helper loaded: url_helper
INFO - 2025-03-20 03:31:42 --> Helper loaded: easyui_helper
INFO - 2025-03-20 03:31:42 --> Helper loaded: param_helper
INFO - 2025-03-20 03:31:42 --> Helper loaded: credential_helper
INFO - 2025-03-20 03:31:42 --> Helper loaded: template_helper
INFO - 2025-03-20 03:31:42 --> Helper loaded: rest_helper
INFO - 2025-03-20 03:31:42 --> Database Driver Class Initialized
DEBUG - 2025-03-20 03:31:42 --> Idgenerator class already loaded. Second attempt ignored.
INFO - 2025-03-20 03:31:42 --> Controller Class Initialized
INFO - 2025-03-20 03:31:42 --> Model Class Initialized
DEBUG - 2025-03-20 03:31:42 --> File loaded: /apps/web-drc/application/modules/api_v1/models/Api_v1_model.php
INFO - 2025-03-20 03:31:42 --> Model Class Initialized
INFO - 2025-03-20 03:31:42 --> Final output sent to browser
DEBUG - 2025-03-20 03:31:42 --> Total execution time: 0.0035
INFO - 2025-03-20 03:31:43 --> Config Class Initialized
INFO - 2025-03-20 03:31:43 --> Hooks Class Initialized
DEBUG - 2025-03-20 03:31:43 --> UTF-8 Support Enabled
INFO - 2025-03-20 03:31:43 --> Utf8 Class Initialized
INFO - 2025-03-20 03:31:43 --> URI Class Initialized
INFO - 2025-03-20 03:31:43 --> Router Class Initialized
INFO - 2025-03-20 03:31:43 --> Output Class Initialized
INFO - 2025-03-20 03:31:43 --> Security Class Initialized
DEBUG - 2025-03-20 03:31:43 --> Global POST, GET and COOKIE data sanitized
INFO - 2025-03-20 03:31:43 --> Input Class Initialized
INFO - 2025-03-20 03:31:43 --> Language Class Initialized
INFO - 2025-03-20 03:31:43 --> Language Class Initialized
INFO - 2025-03-20 03:31:43 --> Config Class Initialized
INFO - 2025-03-20 03:31:43 --> Loader Class Initialized
INFO - 2025-03-20 03:31:43 --> Helper loaded: url_helper
INFO - 2025-03-20 03:31:43 --> Helper loaded: easyui_helper
INFO - 2025-03-20 03:31:43 --> Helper loaded: param_helper
INFO - 2025-03-20 03:31:43 --> Helper loaded: credential_helper
INFO - 2025-03-20 03:31:43 --> Helper loaded: template_helper
INFO - 2025-03-20 03:31:43 --> Helper loaded: rest_helper
INFO - 2025-03-20 03:31:43 --> Database Driver Class Initialized
DEBUG - 2025-03-20 03:31:43 --> Idgenerator class already loaded. Second attempt ignored.
INFO - 2025-03-20 03:31:43 --> Controller Class Initialized
INFO - 2025-03-20 03:31:43 --> Model Class Initialized
DEBUG - 2025-03-20 03:31:43 --> File loaded: /apps/web-drc/application/modules/api_v1/models/Api_v1_model.php
INFO - 2025-03-20 03:31:43 --> Model Class Initialized
INFO - 2025-03-20 03:31:43 --> Final output sent to browser
DEBUG - 2025-03-20 03:31:43 --> Total execution time: 0.0036
INFO - 2025-03-20 03:31:43 --> Config Class Initialized
INFO - 2025-03-20 03:31:43 --> Hooks Class Initialized
DEBUG - 2025-03-20 03:31:43 --> UTF-8 Support Enabled
INFO - 2025-03-20 03:31:43 --> Utf8 Class Initialized
INFO - 2025-03-20 03:31:43 --> URI Class Initialized
INFO - 2025-03-20 03:31:43 --> Router Class Initialized
INFO - 2025-03-20 03:31:43 --> Output Class Initialized
INFO - 2025-03-20 03:31:43 --> Security Class Initialized
DEBUG - 2025-03-20 03:31:43 --> Global POST, GET and COOKIE data sanitized
INFO - 2025-03-20 03:31:43 --> Input Class Initialized
INFO - 2025-03-20 03:31:43 --> Language Class Initialized
INFO - 2025-03-20 03:31:43 --> Language Class Initialized
INFO - 2025-03-20 03:31:43 --> Config Class Initialized
INFO - 2025-03-20 03:31:43 --> Loader Class Initialized
INFO - 2025-03-20 03:31:43 --> Helper loaded: url_helper
INFO - 2025-03-20 03:31:43 --> Helper loaded: easyui_helper
INFO - 2025-03-20 03:31:43 --> Helper loaded: param_helper
INFO - 2025-03-20 03:31:43 --> Helper loaded: credential_helper
INFO - 2025-03-20 03:31:43 --> Helper loaded: template_helper
INFO - 2025-03-20 03:31:43 --> Helper loaded: rest_helper
INFO - 2025-03-20 03:31:43 --> Database Driver Class Initialized
DEBUG - 2025-03-20 03:31:43 --> Idgenerator class already loaded. Second attempt ignored.
INFO - 2025-03-20 03:31:43 --> Controller Class Initialized
INFO - 2025-03-20 03:31:43 --> Model Class Initialized
DEBUG - 2025-03-20 03:31:43 --> File loaded: /apps/web-drc/application/modules/api_v1/models/Api_v1_model.php
INFO - 2025-03-20 03:31:43 --> Model Class Initialized
INFO - 2025-03-20 03:31:43 --> Final output sent to browser
DEBUG - 2025-03-20 03:31:43 --> Total execution time: 0.0032
INFO - 2025-03-20 03:31:43 --> Config Class Initialized
INFO - 2025-03-20 03:31:43 --> Hooks Class Initialized
DEBUG - 2025-03-20 03:31:43 --> UTF-8 Support Enabled
INFO - 2025-03-20 03:31:43 --> Utf8 Class Initialized
INFO - 2025-03-20 03:31:43 --> URI Class Initialized
INFO - 2025-03-20 03:31:43 --> Router Class Initialized
INFO - 2025-03-20 03:31:43 --> Output Class Initialized
INFO - 2025-03-20 03:31:43 --> Security Class Initialized
DEBUG - 2025-03-20 03:31:43 --> Global POST, GET and COOKIE data sanitized
INFO - 2025-03-20 03:31:43 --> Input Class Initialized
INFO - 2025-03-20 03:31:43 --> Language Class Initialized
INFO - 2025-03-20 03:31:43 --> Language Class Initialized
INFO - 2025-03-20 03:31:43 --> Config Class Initialized
INFO - 2025-03-20 03:31:43 --> Loader Class Initialized
INFO - 2025-03-20 03:31:43 --> Helper loaded: url_helper
INFO - 2025-03-20 03:31:43 --> Helper loaded: easyui_helper
INFO - 2025-03-20 03:31:43 --> Helper loaded: param_helper
INFO - 2025-03-20 03:31:43 --> Helper loaded: credential_helper
INFO - 2025-03-20 03:31:43 --> Helper loaded: template_helper
INFO - 2025-03-20 03:31:43 --> Helper loaded: rest_helper
INFO - 2025-03-20 03:31:43 --> Database Driver Class Initialized
DEBUG - 2025-03-20 03:31:43 --> Idgenerator class already loaded. Second attempt ignored.
INFO - 2025-03-20 03:31:43 --> Controller Class Initialized
INFO - 2025-03-20 03:31:43 --> Model Class Initialized
DEBUG - 2025-03-20 03:31:43 --> File loaded: /apps/web-drc/application/modules/api_v1/models/Api_v1_model.php
INFO - 2025-03-20 03:31:43 --> Model Class Initialized
INFO - 2025-03-20 03:31:43 --> Final output sent to browser
DEBUG - 2025-03-20 03:31:43 --> Total execution time: 0.0043
INFO - 2025-03-20 03:40:52 --> Config Class Initialized
INFO - 2025-03-20 03:40:52 --> Hooks Class Initialized
DEBUG - 2025-03-20 03:40:52 --> UTF-8 Support Enabled
INFO - 2025-03-20 03:40:52 --> Utf8 Class Initialized
INFO - 2025-03-20 03:40:52 --> URI Class Initialized
INFO - 2025-03-20 03:40:52 --> Router Class Initialized
INFO - 2025-03-20 03:40:52 --> Output Class Initialized
INFO - 2025-03-20 03:40:52 --> Security Class Initialized
DEBUG - 2025-03-20 03:40:52 --> Global POST, GET and COOKIE data sanitized
INFO - 2025-03-20 03:40:52 --> Input Class Initialized
INFO - 2025-03-20 03:40:52 --> Language Class Initialized
INFO - 2025-03-20 03:40:52 --> Language Class Initialized
INFO - 2025-03-20 03:40:52 --> Config Class Initialized
INFO - 2025-03-20 03:40:52 --> Loader Class Initialized
INFO - 2025-03-20 03:40:52 --> Helper loaded: url_helper
INFO - 2025-03-20 03:40:52 --> Helper loaded: easyui_helper
INFO - 2025-03-20 03:40:52 --> Helper loaded: param_helper
INFO - 2025-03-20 03:40:52 --> Helper loaded: credential_helper
INFO - 2025-03-20 03:40:52 --> Helper loaded: template_helper
INFO - 2025-03-20 03:40:52 --> Helper loaded: rest_helper
INFO - 2025-03-20 03:40:52 --> Database Driver Class Initialized
DEBUG - 2025-03-20 03:40:52 --> Idgenerator class already loaded. Second attempt ignored.
INFO - 2025-03-20 03:40:52 --> Controller Class Initialized
INFO - 2025-03-20 03:40:52 --> Model Class Initialized
DEBUG - 2025-03-20 03:40:52 --> File loaded: /apps/web-drc/application/modules/visibility_program_active/models/Visibility_program_model.php
INFO - 2025-03-20 03:40:52 --> Model Class Initialized
DEBUG - 2025-03-20 03:40:52 --> File loaded: /apps/web-drc/application/modules/visibility_program_active/views/content.php
DEBUG - 2025-03-20 03:40:52 --> File loaded: /apps/web-drc/application/views/templates/header.php
DEBUG - 2025-03-20 03:40:52 --> File loaded: /apps/web-drc/application/views/templates/toolbar.php
DEBUG - 2025-03-20 03:40:52 --> File loaded: /apps/web-drc/application/views/templates/sidebar.php
DEBUG - 2025-03-20 03:40:52 --> File loaded: /apps/web-drc/application/views/templates/contents.php
DEBUG - 2025-03-20 03:40:52 --> File loaded: /apps/web-drc/application/views/templates/content_footer.php
DEBUG - 2025-03-20 03:40:52 --> File loaded: /apps/web-drc/application/views/templates/footer.php
DEBUG - 2025-03-20 03:40:52 --> File loaded: /apps/web-drc/application/views/templates/default.php
INFO - 2025-03-20 03:40:52 --> Final output sent to browser
DEBUG - 2025-03-20 03:40:52 --> Total execution time: 0.0076
INFO - 2025-03-20 03:40:53 --> Config Class Initialized
INFO - 2025-03-20 03:40:53 --> Hooks Class Initialized
DEBUG - 2025-03-20 03:40:53 --> UTF-8 Support Enabled
INFO - 2025-03-20 03:40:53 --> Utf8 Class Initialized
INFO - 2025-03-20 03:40:53 --> URI Class Initialized
INFO - 2025-03-20 03:40:53 --> Router Class Initialized
INFO - 2025-03-20 03:40:53 --> Output Class Initialized
INFO - 2025-03-20 03:40:53 --> Security Class Initialized
DEBUG - 2025-03-20 03:40:53 --> Global POST, GET and COOKIE data sanitized
INFO - 2025-03-20 03:40:53 --> Input Class Initialized
INFO - 2025-03-20 03:40:53 --> Language Class Initialized
ERROR - 2025-03-20 03:40:53 --> 404 Page Not Found: /index
INFO - 2025-03-20 03:40:53 --> Config Class Initialized
INFO - 2025-03-20 03:40:53 --> Hooks Class Initialized
DEBUG - 2025-03-20 03:40:53 --> UTF-8 Support Enabled
INFO - 2025-03-20 03:40:53 --> Utf8 Class Initialized
INFO - 2025-03-20 03:40:53 --> URI Class Initialized
INFO - 2025-03-20 03:40:53 --> Router Class Initialized
INFO - 2025-03-20 03:40:53 --> Output Class Initialized
INFO - 2025-03-20 03:40:53 --> Security Class Initialized
DEBUG - 2025-03-20 03:40:53 --> Global POST, GET and COOKIE data sanitized
INFO - 2025-03-20 03:40:53 --> Input Class Initialized
INFO - 2025-03-20 03:40:53 --> Language Class Initialized
INFO - 2025-03-20 03:40:53 --> Language Class Initialized
INFO - 2025-03-20 03:40:53 --> Config Class Initialized
INFO - 2025-03-20 03:40:53 --> Loader Class Initialized
INFO - 2025-03-20 03:40:53 --> Helper loaded: url_helper
INFO - 2025-03-20 03:40:53 --> Helper loaded: easyui_helper
INFO - 2025-03-20 03:40:53 --> Helper loaded: param_helper
INFO - 2025-03-20 03:40:53 --> Helper loaded: credential_helper
INFO - 2025-03-20 03:40:53 --> Helper loaded: template_helper
INFO - 2025-03-20 03:40:53 --> Helper loaded: rest_helper
INFO - 2025-03-20 03:40:53 --> Database Driver Class Initialized
DEBUG - 2025-03-20 03:40:53 --> Idgenerator class already loaded. Second attempt ignored.
INFO - 2025-03-20 03:40:53 --> Controller Class Initialized
INFO - 2025-03-20 03:40:53 --> Model Class Initialized
DEBUG - 2025-03-20 03:40:53 --> File loaded: /apps/web-drc/application/modules/visibility_program_active/models/Visibility_program_model.php
INFO - 2025-03-20 03:40:53 --> Model Class Initialized
ERROR - 2025-03-20 03:40:53 --> Query error: You have an error in your SQL syntax; check the manual that corresponds to your MariaDB server version for the right syntax to use near 'from visibility_scheme_program a 
                    left join visibility_m...' at line 5 - Invalid query: select count(1) as total from  ( 
                    select a.id_program, a.program_name, a.description, a.start_period, a.end_period, 
                            a.qty_submit_photo, GROUP_CONCAT(b.classid) account, GROUP_CONCAT(c.nama_class) as account_name,
                            d.regionalid, e.nama_regional, d.areaid, e.nama_area, GROUP_CONCAT(d.subareaid) as subareaid,GROUP_CONCAT(e.city) as city, 
                    from visibility_scheme_program a 
                    left join visibility_mapping_class b on b.id_program=a.id_program
                    left join m_customer_class c on c.classid = b.classid 
                    left join visibility_mapping_area d on d.id_program=a.id_program
                    left join v_mapping_area e on e.subareaid=d.subareaid
                    group by a.program_name, a.description, a.start_period, a.end_period, a.qty_submit_photo
                    order by a.id_program desc
                    ) as a
ERROR - 2025-03-20 03:40:53 --> Severity: error --> Exception: Call to a member function result_array() on bool /apps/web-drc/application/helpers/easyui_helper.php 79
INFO - 2025-03-20 03:40:55 --> Config Class Initialized
INFO - 2025-03-20 03:40:55 --> Hooks Class Initialized
DEBUG - 2025-03-20 03:40:55 --> UTF-8 Support Enabled
INFO - 2025-03-20 03:40:55 --> Utf8 Class Initialized
INFO - 2025-03-20 03:40:55 --> URI Class Initialized
INFO - 2025-03-20 03:40:55 --> Router Class Initialized
INFO - 2025-03-20 03:40:55 --> Output Class Initialized
INFO - 2025-03-20 03:40:55 --> Security Class Initialized
DEBUG - 2025-03-20 03:40:55 --> Global POST, GET and COOKIE data sanitized
INFO - 2025-03-20 03:40:55 --> Input Class Initialized
INFO - 2025-03-20 03:40:55 --> Language Class Initialized
INFO - 2025-03-20 03:40:55 --> Language Class Initialized
INFO - 2025-03-20 03:40:55 --> Config Class Initialized
INFO - 2025-03-20 03:40:55 --> Loader Class Initialized
INFO - 2025-03-20 03:40:55 --> Helper loaded: url_helper
INFO - 2025-03-20 03:40:55 --> Helper loaded: easyui_helper
INFO - 2025-03-20 03:40:55 --> Helper loaded: param_helper
INFO - 2025-03-20 03:40:55 --> Helper loaded: credential_helper
INFO - 2025-03-20 03:40:55 --> Helper loaded: template_helper
INFO - 2025-03-20 03:40:55 --> Helper loaded: rest_helper
INFO - 2025-03-20 03:40:55 --> Database Driver Class Initialized
DEBUG - 2025-03-20 03:40:55 --> Idgenerator class already loaded. Second attempt ignored.
INFO - 2025-03-20 03:40:55 --> Controller Class Initialized
INFO - 2025-03-20 03:40:55 --> Model Class Initialized
DEBUG - 2025-03-20 03:40:55 --> File loaded: /apps/web-drc/application/modules/visibility_program_active/models/Visibility_program_model.php
INFO - 2025-03-20 03:40:55 --> Model Class Initialized
DEBUG - 2025-03-20 03:40:55 --> File loaded: /apps/web-drc/application/modules/visibility_program_active/views/content.php
DEBUG - 2025-03-20 03:40:55 --> File loaded: /apps/web-drc/application/views/templates/header.php
DEBUG - 2025-03-20 03:40:55 --> File loaded: /apps/web-drc/application/views/templates/toolbar.php
DEBUG - 2025-03-20 03:40:55 --> File loaded: /apps/web-drc/application/views/templates/sidebar.php
DEBUG - 2025-03-20 03:40:55 --> File loaded: /apps/web-drc/application/views/templates/contents.php
DEBUG - 2025-03-20 03:40:55 --> File loaded: /apps/web-drc/application/views/templates/content_footer.php
DEBUG - 2025-03-20 03:40:55 --> File loaded: /apps/web-drc/application/views/templates/footer.php
DEBUG - 2025-03-20 03:40:55 --> File loaded: /apps/web-drc/application/views/templates/default.php
INFO - 2025-03-20 03:40:55 --> Final output sent to browser
DEBUG - 2025-03-20 03:40:55 --> Total execution time: 0.0056
INFO - 2025-03-20 03:40:56 --> Config Class Initialized
INFO - 2025-03-20 03:40:56 --> Hooks Class Initialized
DEBUG - 2025-03-20 03:40:56 --> UTF-8 Support Enabled
INFO - 2025-03-20 03:40:56 --> Utf8 Class Initialized
INFO - 2025-03-20 03:40:56 --> URI Class Initialized
INFO - 2025-03-20 03:40:56 --> Router Class Initialized
INFO - 2025-03-20 03:40:56 --> Output Class Initialized
INFO - 2025-03-20 03:40:56 --> Security Class Initialized
DEBUG - 2025-03-20 03:40:56 --> Global POST, GET and COOKIE data sanitized
INFO - 2025-03-20 03:40:56 --> Input Class Initialized
INFO - 2025-03-20 03:40:56 --> Language Class Initialized
ERROR - 2025-03-20 03:40:56 --> 404 Page Not Found: /index
INFO - 2025-03-20 03:40:56 --> Config Class Initialized
INFO - 2025-03-20 03:40:56 --> Hooks Class Initialized
DEBUG - 2025-03-20 03:40:56 --> UTF-8 Support Enabled
INFO - 2025-03-20 03:40:56 --> Utf8 Class Initialized
INFO - 2025-03-20 03:40:56 --> URI Class Initialized
INFO - 2025-03-20 03:40:56 --> Router Class Initialized
INFO - 2025-03-20 03:40:56 --> Output Class Initialized
INFO - 2025-03-20 03:40:56 --> Security Class Initialized
DEBUG - 2025-03-20 03:40:56 --> Global POST, GET and COOKIE data sanitized
INFO - 2025-03-20 03:40:56 --> Input Class Initialized
INFO - 2025-03-20 03:40:56 --> Language Class Initialized
INFO - 2025-03-20 03:40:56 --> Language Class Initialized
INFO - 2025-03-20 03:40:56 --> Config Class Initialized
INFO - 2025-03-20 03:40:56 --> Loader Class Initialized
INFO - 2025-03-20 03:40:56 --> Helper loaded: url_helper
INFO - 2025-03-20 03:40:56 --> Helper loaded: easyui_helper
INFO - 2025-03-20 03:40:56 --> Helper loaded: param_helper
INFO - 2025-03-20 03:40:56 --> Helper loaded: credential_helper
INFO - 2025-03-20 03:40:56 --> Helper loaded: template_helper
INFO - 2025-03-20 03:40:56 --> Helper loaded: rest_helper
INFO - 2025-03-20 03:40:56 --> Database Driver Class Initialized
DEBUG - 2025-03-20 03:40:56 --> Idgenerator class already loaded. Second attempt ignored.
INFO - 2025-03-20 03:40:56 --> Controller Class Initialized
INFO - 2025-03-20 03:40:56 --> Model Class Initialized
DEBUG - 2025-03-20 03:40:56 --> File loaded: /apps/web-drc/application/modules/visibility_program_active/models/Visibility_program_model.php
INFO - 2025-03-20 03:40:56 --> Model Class Initialized
ERROR - 2025-03-20 03:40:56 --> Query error: You have an error in your SQL syntax; check the manual that corresponds to your MariaDB server version for the right syntax to use near 'from visibility_scheme_program a 
                    left join visibility_m...' at line 5 - Invalid query: select count(1) as total from  ( 
                    select a.id_program, a.program_name, a.description, a.start_period, a.end_period, 
                            a.qty_submit_photo, GROUP_CONCAT(b.classid) account, GROUP_CONCAT(c.nama_class) as account_name,
                            d.regionalid, e.nama_regional, d.areaid, e.nama_area, GROUP_CONCAT(d.subareaid) as subareaid,GROUP_CONCAT(e.city) as city, 
                    from visibility_scheme_program a 
                    left join visibility_mapping_class b on b.id_program=a.id_program
                    left join m_customer_class c on c.classid = b.classid 
                    left join visibility_mapping_area d on d.id_program=a.id_program
                    left join v_mapping_area e on e.subareaid=d.subareaid
                    group by a.program_name, a.description, a.start_period, a.end_period, a.qty_submit_photo
                    order by a.id_program desc
                    ) as a
ERROR - 2025-03-20 03:40:56 --> Severity: error --> Exception: Call to a member function result_array() on bool /apps/web-drc/application/helpers/easyui_helper.php 79
INFO - 2025-03-20 03:40:56 --> Config Class Initialized
INFO - 2025-03-20 03:40:56 --> Hooks Class Initialized
DEBUG - 2025-03-20 03:40:56 --> UTF-8 Support Enabled
INFO - 2025-03-20 03:40:56 --> Utf8 Class Initialized
INFO - 2025-03-20 03:40:56 --> URI Class Initialized
INFO - 2025-03-20 03:40:56 --> Router Class Initialized
INFO - 2025-03-20 03:40:56 --> Output Class Initialized
INFO - 2025-03-20 03:40:56 --> Security Class Initialized
DEBUG - 2025-03-20 03:40:56 --> Global POST, GET and COOKIE data sanitized
INFO - 2025-03-20 03:40:56 --> Input Class Initialized
INFO - 2025-03-20 03:40:56 --> Language Class Initialized
ERROR - 2025-03-20 03:40:56 --> 404 Page Not Found: /index
INFO - 2025-03-20 03:41:44 --> Config Class Initialized
INFO - 2025-03-20 03:41:44 --> Hooks Class Initialized
DEBUG - 2025-03-20 03:41:44 --> UTF-8 Support Enabled
INFO - 2025-03-20 03:41:44 --> Utf8 Class Initialized
INFO - 2025-03-20 03:41:44 --> URI Class Initialized
INFO - 2025-03-20 03:41:44 --> Router Class Initialized
INFO - 2025-03-20 03:41:44 --> Output Class Initialized
INFO - 2025-03-20 03:41:44 --> Security Class Initialized
DEBUG - 2025-03-20 03:41:44 --> Global POST, GET and COOKIE data sanitized
INFO - 2025-03-20 03:41:44 --> Input Class Initialized
INFO - 2025-03-20 03:41:44 --> Language Class Initialized
INFO - 2025-03-20 03:41:44 --> Language Class Initialized
INFO - 2025-03-20 03:41:44 --> Config Class Initialized
INFO - 2025-03-20 03:41:44 --> Loader Class Initialized
INFO - 2025-03-20 03:41:44 --> Helper loaded: url_helper
INFO - 2025-03-20 03:41:44 --> Helper loaded: easyui_helper
INFO - 2025-03-20 03:41:44 --> Helper loaded: param_helper
INFO - 2025-03-20 03:41:44 --> Helper loaded: credential_helper
INFO - 2025-03-20 03:41:44 --> Helper loaded: template_helper
INFO - 2025-03-20 03:41:44 --> Helper loaded: rest_helper
INFO - 2025-03-20 03:41:44 --> Database Driver Class Initialized
DEBUG - 2025-03-20 03:41:44 --> Idgenerator class already loaded. Second attempt ignored.
INFO - 2025-03-20 03:41:44 --> Controller Class Initialized
INFO - 2025-03-20 03:41:44 --> Model Class Initialized
DEBUG - 2025-03-20 03:41:44 --> File loaded: /apps/web-drc/application/modules/visibility_program_active/models/Visibility_program_model.php
INFO - 2025-03-20 03:41:44 --> Model Class Initialized
DEBUG - 2025-03-20 03:41:44 --> File loaded: /apps/web-drc/application/modules/visibility_program_active/views/content.php
DEBUG - 2025-03-20 03:41:44 --> File loaded: /apps/web-drc/application/views/templates/header.php
DEBUG - 2025-03-20 03:41:44 --> File loaded: /apps/web-drc/application/views/templates/toolbar.php
DEBUG - 2025-03-20 03:41:44 --> File loaded: /apps/web-drc/application/views/templates/sidebar.php
DEBUG - 2025-03-20 03:41:44 --> File loaded: /apps/web-drc/application/views/templates/contents.php
DEBUG - 2025-03-20 03:41:44 --> File loaded: /apps/web-drc/application/views/templates/content_footer.php
DEBUG - 2025-03-20 03:41:44 --> File loaded: /apps/web-drc/application/views/templates/footer.php
DEBUG - 2025-03-20 03:41:44 --> File loaded: /apps/web-drc/application/views/templates/default.php
INFO - 2025-03-20 03:41:44 --> Final output sent to browser
DEBUG - 2025-03-20 03:41:44 --> Total execution time: 0.0055
INFO - 2025-03-20 03:41:46 --> Config Class Initialized
INFO - 2025-03-20 03:41:46 --> Hooks Class Initialized
DEBUG - 2025-03-20 03:41:46 --> UTF-8 Support Enabled
INFO - 2025-03-20 03:41:46 --> Utf8 Class Initialized
INFO - 2025-03-20 03:41:46 --> URI Class Initialized
INFO - 2025-03-20 03:41:46 --> Router Class Initialized
INFO - 2025-03-20 03:41:46 --> Output Class Initialized
INFO - 2025-03-20 03:41:46 --> Security Class Initialized
DEBUG - 2025-03-20 03:41:46 --> Global POST, GET and COOKIE data sanitized
INFO - 2025-03-20 03:41:46 --> Input Class Initialized
INFO - 2025-03-20 03:41:46 --> Language Class Initialized
ERROR - 2025-03-20 03:41:46 --> 404 Page Not Found: /index
INFO - 2025-03-20 03:41:46 --> Config Class Initialized
INFO - 2025-03-20 03:41:46 --> Hooks Class Initialized
DEBUG - 2025-03-20 03:41:46 --> UTF-8 Support Enabled
INFO - 2025-03-20 03:41:46 --> Utf8 Class Initialized
INFO - 2025-03-20 03:41:46 --> URI Class Initialized
INFO - 2025-03-20 03:41:46 --> Router Class Initialized
INFO - 2025-03-20 03:41:46 --> Output Class Initialized
INFO - 2025-03-20 03:41:46 --> Security Class Initialized
DEBUG - 2025-03-20 03:41:46 --> Global POST, GET and COOKIE data sanitized
INFO - 2025-03-20 03:41:46 --> Input Class Initialized
INFO - 2025-03-20 03:41:46 --> Language Class Initialized
INFO - 2025-03-20 03:41:46 --> Language Class Initialized
INFO - 2025-03-20 03:41:46 --> Config Class Initialized
INFO - 2025-03-20 03:41:46 --> Loader Class Initialized
INFO - 2025-03-20 03:41:46 --> Helper loaded: url_helper
INFO - 2025-03-20 03:41:46 --> Helper loaded: easyui_helper
INFO - 2025-03-20 03:41:46 --> Helper loaded: param_helper
INFO - 2025-03-20 03:41:46 --> Helper loaded: credential_helper
INFO - 2025-03-20 03:41:46 --> Helper loaded: template_helper
INFO - 2025-03-20 03:41:46 --> Helper loaded: rest_helper
INFO - 2025-03-20 03:41:46 --> Database Driver Class Initialized
DEBUG - 2025-03-20 03:41:46 --> Idgenerator class already loaded. Second attempt ignored.
INFO - 2025-03-20 03:41:46 --> Controller Class Initialized
INFO - 2025-03-20 03:41:46 --> Model Class Initialized
DEBUG - 2025-03-20 03:41:46 --> File loaded: /apps/web-drc/application/modules/visibility_program_active/models/Visibility_program_model.php
INFO - 2025-03-20 03:41:46 --> Model Class Initialized
ERROR - 2025-03-20 03:41:46 --> Query error: You have an error in your SQL syntax; check the manual that corresponds to your MariaDB server version for the right syntax to use near 'from visibility_scheme_program a 
                    left join visibility_m...' at line 5 - Invalid query: select count(1) as total from  ( 
                    select a.id_program, a.program_name, a.description, a.start_period, a.end_period, 
                            a.qty_submit_photo, GROUP_CONCAT(b.classid) account, GROUP_CONCAT(c.nama_class) as account_name,
                            d.regionalid, e.nama_regional, d.areaid, e.nama_area, GROUP_CONCAT(d.subareaid) as subareaid,GROUP_CONCAT(e.city) as city, 
                    from visibility_scheme_program a 
                    left join visibility_mapping_class b on b.id_program=a.id_program
                    left join m_customer_class c on c.classid = b.classid 
                    left join visibility_mapping_area d on d.id_program=a.id_program
                    left join v_mapping_area e on e.subareaid=d.subareaid
                    group by a.program_name, a.description, a.start_period, a.end_period, a.qty_submit_photo
                    order by a.id_program desc
                    ) as a
ERROR - 2025-03-20 03:41:46 --> Severity: error --> Exception: Call to a member function result_array() on bool /apps/web-drc/application/helpers/easyui_helper.php 79
INFO - 2025-03-20 03:41:46 --> Config Class Initialized
INFO - 2025-03-20 03:41:46 --> Hooks Class Initialized
DEBUG - 2025-03-20 03:41:46 --> UTF-8 Support Enabled
INFO - 2025-03-20 03:41:46 --> Utf8 Class Initialized
INFO - 2025-03-20 03:41:46 --> URI Class Initialized
INFO - 2025-03-20 03:41:46 --> Router Class Initialized
INFO - 2025-03-20 03:41:46 --> Output Class Initialized
INFO - 2025-03-20 03:41:46 --> Security Class Initialized
DEBUG - 2025-03-20 03:41:46 --> Global POST, GET and COOKIE data sanitized
INFO - 2025-03-20 03:41:46 --> Input Class Initialized
INFO - 2025-03-20 03:41:46 --> Language Class Initialized
ERROR - 2025-03-20 03:41:46 --> 404 Page Not Found: /index
INFO - 2025-03-20 03:43:03 --> Config Class Initialized
INFO - 2025-03-20 03:43:03 --> Hooks Class Initialized
DEBUG - 2025-03-20 03:43:03 --> UTF-8 Support Enabled
INFO - 2025-03-20 03:43:03 --> Utf8 Class Initialized
INFO - 2025-03-20 03:43:03 --> URI Class Initialized
INFO - 2025-03-20 03:43:03 --> Router Class Initialized
INFO - 2025-03-20 03:43:03 --> Output Class Initialized
INFO - 2025-03-20 03:43:03 --> Security Class Initialized
DEBUG - 2025-03-20 03:43:03 --> Global POST, GET and COOKIE data sanitized
INFO - 2025-03-20 03:43:03 --> Input Class Initialized
INFO - 2025-03-20 03:43:03 --> Language Class Initialized
INFO - 2025-03-20 03:43:03 --> Language Class Initialized
INFO - 2025-03-20 03:43:03 --> Config Class Initialized
INFO - 2025-03-20 03:43:03 --> Loader Class Initialized
INFO - 2025-03-20 03:43:03 --> Helper loaded: url_helper
INFO - 2025-03-20 03:43:03 --> Helper loaded: easyui_helper
INFO - 2025-03-20 03:43:03 --> Helper loaded: param_helper
INFO - 2025-03-20 03:43:03 --> Helper loaded: credential_helper
INFO - 2025-03-20 03:43:03 --> Helper loaded: template_helper
INFO - 2025-03-20 03:43:03 --> Helper loaded: rest_helper
INFO - 2025-03-20 03:43:03 --> Database Driver Class Initialized
DEBUG - 2025-03-20 03:43:03 --> Idgenerator class already loaded. Second attempt ignored.
INFO - 2025-03-20 03:43:03 --> Controller Class Initialized
INFO - 2025-03-20 03:43:03 --> Model Class Initialized
DEBUG - 2025-03-20 03:43:03 --> File loaded: /apps/web-drc/application/modules/visibility_program_active/models/Visibility_program_model.php
INFO - 2025-03-20 03:43:03 --> Model Class Initialized
DEBUG - 2025-03-20 03:43:03 --> File loaded: /apps/web-drc/application/modules/visibility_program_active/views/content.php
DEBUG - 2025-03-20 03:43:03 --> File loaded: /apps/web-drc/application/views/templates/header.php
DEBUG - 2025-03-20 03:43:03 --> File loaded: /apps/web-drc/application/views/templates/toolbar.php
DEBUG - 2025-03-20 03:43:03 --> File loaded: /apps/web-drc/application/views/templates/sidebar.php
DEBUG - 2025-03-20 03:43:03 --> File loaded: /apps/web-drc/application/views/templates/contents.php
DEBUG - 2025-03-20 03:43:03 --> File loaded: /apps/web-drc/application/views/templates/content_footer.php
DEBUG - 2025-03-20 03:43:03 --> File loaded: /apps/web-drc/application/views/templates/footer.php
DEBUG - 2025-03-20 03:43:03 --> File loaded: /apps/web-drc/application/views/templates/default.php
INFO - 2025-03-20 03:43:03 --> Final output sent to browser
DEBUG - 2025-03-20 03:43:03 --> Total execution time: 0.0073
INFO - 2025-03-20 03:43:04 --> Config Class Initialized
INFO - 2025-03-20 03:43:04 --> Hooks Class Initialized
DEBUG - 2025-03-20 03:43:04 --> UTF-8 Support Enabled
INFO - 2025-03-20 03:43:04 --> Utf8 Class Initialized
INFO - 2025-03-20 03:43:04 --> URI Class Initialized
INFO - 2025-03-20 03:43:04 --> Router Class Initialized
INFO - 2025-03-20 03:43:04 --> Output Class Initialized
INFO - 2025-03-20 03:43:04 --> Security Class Initialized
DEBUG - 2025-03-20 03:43:04 --> Global POST, GET and COOKIE data sanitized
INFO - 2025-03-20 03:43:04 --> Input Class Initialized
INFO - 2025-03-20 03:43:04 --> Language Class Initialized
ERROR - 2025-03-20 03:43:04 --> 404 Page Not Found: /index
INFO - 2025-03-20 03:43:05 --> Config Class Initialized
INFO - 2025-03-20 03:43:05 --> Hooks Class Initialized
DEBUG - 2025-03-20 03:43:05 --> UTF-8 Support Enabled
INFO - 2025-03-20 03:43:05 --> Utf8 Class Initialized
INFO - 2025-03-20 03:43:05 --> URI Class Initialized
INFO - 2025-03-20 03:43:05 --> Router Class Initialized
INFO - 2025-03-20 03:43:05 --> Output Class Initialized
INFO - 2025-03-20 03:43:05 --> Security Class Initialized
DEBUG - 2025-03-20 03:43:05 --> Global POST, GET and COOKIE data sanitized
INFO - 2025-03-20 03:43:05 --> Input Class Initialized
INFO - 2025-03-20 03:43:05 --> Language Class Initialized
INFO - 2025-03-20 03:43:05 --> Language Class Initialized
INFO - 2025-03-20 03:43:05 --> Config Class Initialized
INFO - 2025-03-20 03:43:05 --> Loader Class Initialized
INFO - 2025-03-20 03:43:05 --> Helper loaded: url_helper
INFO - 2025-03-20 03:43:05 --> Helper loaded: easyui_helper
INFO - 2025-03-20 03:43:05 --> Helper loaded: param_helper
INFO - 2025-03-20 03:43:05 --> Helper loaded: credential_helper
INFO - 2025-03-20 03:43:05 --> Helper loaded: template_helper
INFO - 2025-03-20 03:43:05 --> Helper loaded: rest_helper
INFO - 2025-03-20 03:43:05 --> Database Driver Class Initialized
DEBUG - 2025-03-20 03:43:05 --> Idgenerator class already loaded. Second attempt ignored.
INFO - 2025-03-20 03:43:05 --> Controller Class Initialized
INFO - 2025-03-20 03:43:05 --> Model Class Initialized
DEBUG - 2025-03-20 03:43:05 --> File loaded: /apps/web-drc/application/modules/visibility_program_active/models/Visibility_program_model.php
INFO - 2025-03-20 03:43:05 --> Model Class Initialized
ERROR - 2025-03-20 03:43:05 --> Query error: You have an error in your SQL syntax; check the manual that corresponds to your MariaDB server version for the right syntax to use near 'from visibility_scheme_program a 
                    left join visibility_m...' at line 5 - Invalid query: select count(1) as total from  ( 
                    select a.id_program, a.program_name, a.description, a.start_period, a.end_period, 
                            a.qty_submit_photo, GROUP_CONCAT(b.classid) account, GROUP_CONCAT(c.nama_class) as account_name,
                            d.regionalid, e.nama_regional, d.areaid, e.nama_area, GROUP_CONCAT(d.subareaid) as subareaid,GROUP_CONCAT(e.city) as city, 
                    from visibility_scheme_program a 
                    left join visibility_mapping_class b on b.id_program=a.id_program
                    left join m_customer_class c on c.classid = b.classid 
                    left join visibility_mapping_area d on d.id_program=a.id_program
                    left join v_mapping_area e on e.subareaid=d.subareaid
                    group by a.program_name, a.description, a.start_period, a.end_period, a.qty_submit_photo
                    order by a.id_program desc
                    ) as a
ERROR - 2025-03-20 03:43:05 --> Severity: error --> Exception: Call to a member function result_array() on bool /apps/web-drc/application/helpers/easyui_helper.php 79
INFO - 2025-03-20 03:43:05 --> Config Class Initialized
INFO - 2025-03-20 03:43:05 --> Hooks Class Initialized
DEBUG - 2025-03-20 03:43:05 --> UTF-8 Support Enabled
INFO - 2025-03-20 03:43:05 --> Utf8 Class Initialized
INFO - 2025-03-20 03:43:05 --> URI Class Initialized
INFO - 2025-03-20 03:43:05 --> Router Class Initialized
INFO - 2025-03-20 03:43:05 --> Output Class Initialized
INFO - 2025-03-20 03:43:05 --> Security Class Initialized
DEBUG - 2025-03-20 03:43:05 --> Global POST, GET and COOKIE data sanitized
INFO - 2025-03-20 03:43:05 --> Input Class Initialized
INFO - 2025-03-20 03:43:05 --> Language Class Initialized
ERROR - 2025-03-20 03:43:05 --> 404 Page Not Found: /index
INFO - 2025-03-20 03:43:11 --> Config Class Initialized
INFO - 2025-03-20 03:43:11 --> Hooks Class Initialized
DEBUG - 2025-03-20 03:43:11 --> UTF-8 Support Enabled
INFO - 2025-03-20 03:43:11 --> Utf8 Class Initialized
INFO - 2025-03-20 03:43:11 --> URI Class Initialized
INFO - 2025-03-20 03:43:11 --> Router Class Initialized
INFO - 2025-03-20 03:43:11 --> Output Class Initialized
INFO - 2025-03-20 03:43:11 --> Security Class Initialized
DEBUG - 2025-03-20 03:43:11 --> Global POST, GET and COOKIE data sanitized
INFO - 2025-03-20 03:43:11 --> Input Class Initialized
INFO - 2025-03-20 03:43:11 --> Language Class Initialized
INFO - 2025-03-20 03:43:11 --> Language Class Initialized
INFO - 2025-03-20 03:43:11 --> Config Class Initialized
INFO - 2025-03-20 03:43:11 --> Loader Class Initialized
INFO - 2025-03-20 03:43:11 --> Helper loaded: url_helper
INFO - 2025-03-20 03:43:11 --> Helper loaded: easyui_helper
INFO - 2025-03-20 03:43:11 --> Helper loaded: param_helper
INFO - 2025-03-20 03:43:11 --> Helper loaded: credential_helper
INFO - 2025-03-20 03:43:11 --> Helper loaded: template_helper
INFO - 2025-03-20 03:43:11 --> Helper loaded: rest_helper
INFO - 2025-03-20 03:43:11 --> Database Driver Class Initialized
DEBUG - 2025-03-20 03:43:11 --> Idgenerator class already loaded. Second attempt ignored.
INFO - 2025-03-20 03:43:11 --> Controller Class Initialized
INFO - 2025-03-20 03:43:11 --> Model Class Initialized
DEBUG - 2025-03-20 03:43:11 --> File loaded: /apps/web-drc/application/modules/visibility_program_active/models/Visibility_program_model.php
INFO - 2025-03-20 03:43:11 --> Model Class Initialized
DEBUG - 2025-03-20 03:43:11 --> File loaded: /apps/web-drc/application/modules/visibility_program_active/views/content.php
DEBUG - 2025-03-20 03:43:11 --> File loaded: /apps/web-drc/application/views/templates/header.php
DEBUG - 2025-03-20 03:43:11 --> File loaded: /apps/web-drc/application/views/templates/toolbar.php
DEBUG - 2025-03-20 03:43:11 --> File loaded: /apps/web-drc/application/views/templates/sidebar.php
DEBUG - 2025-03-20 03:43:11 --> File loaded: /apps/web-drc/application/views/templates/contents.php
DEBUG - 2025-03-20 03:43:11 --> File loaded: /apps/web-drc/application/views/templates/content_footer.php
DEBUG - 2025-03-20 03:43:11 --> File loaded: /apps/web-drc/application/views/templates/footer.php
DEBUG - 2025-03-20 03:43:11 --> File loaded: /apps/web-drc/application/views/templates/default.php
INFO - 2025-03-20 03:43:11 --> Final output sent to browser
DEBUG - 2025-03-20 03:43:11 --> Total execution time: 0.0084
INFO - 2025-03-20 03:43:12 --> Config Class Initialized
INFO - 2025-03-20 03:43:12 --> Hooks Class Initialized
DEBUG - 2025-03-20 03:43:12 --> UTF-8 Support Enabled
INFO - 2025-03-20 03:43:12 --> Utf8 Class Initialized
INFO - 2025-03-20 03:43:12 --> URI Class Initialized
INFO - 2025-03-20 03:43:12 --> Router Class Initialized
INFO - 2025-03-20 03:43:12 --> Output Class Initialized
INFO - 2025-03-20 03:43:12 --> Security Class Initialized
DEBUG - 2025-03-20 03:43:12 --> Global POST, GET and COOKIE data sanitized
INFO - 2025-03-20 03:43:12 --> Input Class Initialized
INFO - 2025-03-20 03:43:12 --> Language Class Initialized
ERROR - 2025-03-20 03:43:12 --> 404 Page Not Found: /index
INFO - 2025-03-20 03:43:12 --> Config Class Initialized
INFO - 2025-03-20 03:43:12 --> Hooks Class Initialized
DEBUG - 2025-03-20 03:43:12 --> UTF-8 Support Enabled
INFO - 2025-03-20 03:43:12 --> Utf8 Class Initialized
INFO - 2025-03-20 03:43:12 --> URI Class Initialized
INFO - 2025-03-20 03:43:12 --> Router Class Initialized
INFO - 2025-03-20 03:43:12 --> Output Class Initialized
INFO - 2025-03-20 03:43:12 --> Security Class Initialized
DEBUG - 2025-03-20 03:43:12 --> Global POST, GET and COOKIE data sanitized
INFO - 2025-03-20 03:43:12 --> Input Class Initialized
INFO - 2025-03-20 03:43:12 --> Language Class Initialized
INFO - 2025-03-20 03:43:12 --> Language Class Initialized
INFO - 2025-03-20 03:43:12 --> Config Class Initialized
INFO - 2025-03-20 03:43:12 --> Loader Class Initialized
INFO - 2025-03-20 03:43:12 --> Helper loaded: url_helper
INFO - 2025-03-20 03:43:12 --> Helper loaded: easyui_helper
INFO - 2025-03-20 03:43:12 --> Helper loaded: param_helper
INFO - 2025-03-20 03:43:12 --> Helper loaded: credential_helper
INFO - 2025-03-20 03:43:12 --> Helper loaded: template_helper
INFO - 2025-03-20 03:43:12 --> Helper loaded: rest_helper
INFO - 2025-03-20 03:43:12 --> Database Driver Class Initialized
DEBUG - 2025-03-20 03:43:12 --> Idgenerator class already loaded. Second attempt ignored.
INFO - 2025-03-20 03:43:12 --> Controller Class Initialized
INFO - 2025-03-20 03:43:12 --> Model Class Initialized
DEBUG - 2025-03-20 03:43:12 --> File loaded: /apps/web-drc/application/modules/visibility_program_active/models/Visibility_program_model.php
INFO - 2025-03-20 03:43:12 --> Model Class Initialized
ERROR - 2025-03-20 03:43:12 --> Query error: You have an error in your SQL syntax; check the manual that corresponds to your MariaDB server version for the right syntax to use near 'from visibility_scheme_program a 
                    left join visibility_m...' at line 5 - Invalid query: select count(1) as total from  ( 
                    select a.id_program, a.program_name, a.description, a.start_period, a.end_period, 
                            a.qty_submit_photo, GROUP_CONCAT(b.classid) account, GROUP_CONCAT(c.nama_class) as account_name,
                            d.regionalid, e.nama_regional, d.areaid, e.nama_area, GROUP_CONCAT(d.subareaid) as subareaid,GROUP_CONCAT(e.city) as city, 
                    from visibility_scheme_program a 
                    left join visibility_mapping_class b on b.id_program=a.id_program
                    left join m_customer_class c on c.classid = b.classid 
                    left join visibility_mapping_area d on d.id_program=a.id_program
                    left join v_mapping_area e on e.subareaid=d.subareaid
                    group by a.program_name, a.description, a.start_period, a.end_period, a.qty_submit_photo
                    order by a.id_program desc
                    ) as a
ERROR - 2025-03-20 03:43:12 --> Severity: error --> Exception: Call to a member function result_array() on bool /apps/web-drc/application/helpers/easyui_helper.php 79
INFO - 2025-03-20 03:43:13 --> Config Class Initialized
INFO - 2025-03-20 03:43:13 --> Hooks Class Initialized
DEBUG - 2025-03-20 03:43:13 --> UTF-8 Support Enabled
INFO - 2025-03-20 03:43:13 --> Utf8 Class Initialized
INFO - 2025-03-20 03:43:13 --> URI Class Initialized
INFO - 2025-03-20 03:43:13 --> Router Class Initialized
INFO - 2025-03-20 03:43:13 --> Output Class Initialized
INFO - 2025-03-20 03:43:13 --> Security Class Initialized
DEBUG - 2025-03-20 03:43:13 --> Global POST, GET and COOKIE data sanitized
INFO - 2025-03-20 03:43:13 --> Input Class Initialized
INFO - 2025-03-20 03:43:13 --> Language Class Initialized
ERROR - 2025-03-20 03:43:13 --> 404 Page Not Found: /index
INFO - 2025-03-20 03:43:22 --> Config Class Initialized
INFO - 2025-03-20 03:43:22 --> Hooks Class Initialized
DEBUG - 2025-03-20 03:43:22 --> UTF-8 Support Enabled
INFO - 2025-03-20 03:43:22 --> Utf8 Class Initialized
INFO - 2025-03-20 03:43:22 --> URI Class Initialized
INFO - 2025-03-20 03:43:22 --> Router Class Initialized
INFO - 2025-03-20 03:43:22 --> Output Class Initialized
INFO - 2025-03-20 03:43:22 --> Security Class Initialized
DEBUG - 2025-03-20 03:43:22 --> Global POST, GET and COOKIE data sanitized
INFO - 2025-03-20 03:43:22 --> Input Class Initialized
INFO - 2025-03-20 03:43:22 --> Language Class Initialized
INFO - 2025-03-20 03:43:22 --> Language Class Initialized
INFO - 2025-03-20 03:43:22 --> Config Class Initialized
INFO - 2025-03-20 03:43:22 --> Loader Class Initialized
INFO - 2025-03-20 03:43:22 --> Helper loaded: url_helper
INFO - 2025-03-20 03:43:22 --> Helper loaded: easyui_helper
INFO - 2025-03-20 03:43:22 --> Helper loaded: param_helper
INFO - 2025-03-20 03:43:22 --> Helper loaded: credential_helper
INFO - 2025-03-20 03:43:22 --> Helper loaded: template_helper
INFO - 2025-03-20 03:43:22 --> Helper loaded: rest_helper
INFO - 2025-03-20 03:43:22 --> Database Driver Class Initialized
DEBUG - 2025-03-20 03:43:22 --> Idgenerator class already loaded. Second attempt ignored.
INFO - 2025-03-20 03:43:22 --> Controller Class Initialized
INFO - 2025-03-20 03:43:22 --> Model Class Initialized
DEBUG - 2025-03-20 03:43:22 --> File loaded: /apps/web-drc/application/modules/visibility_program_active/models/Visibility_program_model.php
INFO - 2025-03-20 03:43:22 --> Model Class Initialized
DEBUG - 2025-03-20 03:43:22 --> File loaded: /apps/web-drc/application/modules/visibility_program_active/views/content.php
DEBUG - 2025-03-20 03:43:22 --> File loaded: /apps/web-drc/application/views/templates/header.php
DEBUG - 2025-03-20 03:43:22 --> File loaded: /apps/web-drc/application/views/templates/toolbar.php
DEBUG - 2025-03-20 03:43:22 --> File loaded: /apps/web-drc/application/views/templates/sidebar.php
DEBUG - 2025-03-20 03:43:22 --> File loaded: /apps/web-drc/application/views/templates/contents.php
DEBUG - 2025-03-20 03:43:22 --> File loaded: /apps/web-drc/application/views/templates/content_footer.php
DEBUG - 2025-03-20 03:43:22 --> File loaded: /apps/web-drc/application/views/templates/footer.php
DEBUG - 2025-03-20 03:43:22 --> File loaded: /apps/web-drc/application/views/templates/default.php
INFO - 2025-03-20 03:43:22 --> Final output sent to browser
DEBUG - 2025-03-20 03:43:22 --> Total execution time: 0.0069
INFO - 2025-03-20 03:43:24 --> Config Class Initialized
INFO - 2025-03-20 03:43:24 --> Hooks Class Initialized
DEBUG - 2025-03-20 03:43:24 --> UTF-8 Support Enabled
INFO - 2025-03-20 03:43:24 --> Utf8 Class Initialized
INFO - 2025-03-20 03:43:24 --> URI Class Initialized
INFO - 2025-03-20 03:43:24 --> Router Class Initialized
INFO - 2025-03-20 03:43:24 --> Output Class Initialized
INFO - 2025-03-20 03:43:24 --> Security Class Initialized
DEBUG - 2025-03-20 03:43:24 --> Global POST, GET and COOKIE data sanitized
INFO - 2025-03-20 03:43:24 --> Input Class Initialized
INFO - 2025-03-20 03:43:24 --> Language Class Initialized
ERROR - 2025-03-20 03:43:24 --> 404 Page Not Found: /index
INFO - 2025-03-20 03:43:24 --> Config Class Initialized
INFO - 2025-03-20 03:43:24 --> Hooks Class Initialized
DEBUG - 2025-03-20 03:43:24 --> UTF-8 Support Enabled
INFO - 2025-03-20 03:43:24 --> Utf8 Class Initialized
INFO - 2025-03-20 03:43:24 --> URI Class Initialized
INFO - 2025-03-20 03:43:24 --> Router Class Initialized
INFO - 2025-03-20 03:43:24 --> Output Class Initialized
INFO - 2025-03-20 03:43:24 --> Security Class Initialized
DEBUG - 2025-03-20 03:43:24 --> Global POST, GET and COOKIE data sanitized
INFO - 2025-03-20 03:43:24 --> Input Class Initialized
INFO - 2025-03-20 03:43:24 --> Language Class Initialized
INFO - 2025-03-20 03:43:24 --> Language Class Initialized
INFO - 2025-03-20 03:43:24 --> Config Class Initialized
INFO - 2025-03-20 03:43:24 --> Loader Class Initialized
INFO - 2025-03-20 03:43:24 --> Helper loaded: url_helper
INFO - 2025-03-20 03:43:24 --> Helper loaded: easyui_helper
INFO - 2025-03-20 03:43:24 --> Helper loaded: param_helper
INFO - 2025-03-20 03:43:24 --> Helper loaded: credential_helper
INFO - 2025-03-20 03:43:24 --> Helper loaded: template_helper
INFO - 2025-03-20 03:43:24 --> Helper loaded: rest_helper
INFO - 2025-03-20 03:43:24 --> Database Driver Class Initialized
DEBUG - 2025-03-20 03:43:24 --> Idgenerator class already loaded. Second attempt ignored.
INFO - 2025-03-20 03:43:24 --> Controller Class Initialized
INFO - 2025-03-20 03:43:24 --> Model Class Initialized
DEBUG - 2025-03-20 03:43:24 --> File loaded: /apps/web-drc/application/modules/visibility_program_active/models/Visibility_program_model.php
INFO - 2025-03-20 03:43:24 --> Model Class Initialized
INFO - 2025-03-20 03:43:24 --> Final output sent to browser
DEBUG - 2025-03-20 03:43:24 --> Total execution time: 0.0084
INFO - 2025-03-20 03:43:24 --> Config Class Initialized
INFO - 2025-03-20 03:43:24 --> Hooks Class Initialized
DEBUG - 2025-03-20 03:43:24 --> UTF-8 Support Enabled
INFO - 2025-03-20 03:43:24 --> Utf8 Class Initialized
INFO - 2025-03-20 03:43:24 --> URI Class Initialized
INFO - 2025-03-20 03:43:24 --> Router Class Initialized
INFO - 2025-03-20 03:43:24 --> Output Class Initialized
INFO - 2025-03-20 03:43:24 --> Security Class Initialized
DEBUG - 2025-03-20 03:43:24 --> Global POST, GET and COOKIE data sanitized
INFO - 2025-03-20 03:43:24 --> Input Class Initialized
INFO - 2025-03-20 03:43:24 --> Language Class Initialized
ERROR - 2025-03-20 03:43:24 --> 404 Page Not Found: /index
INFO - 2025-03-20 03:43:29 --> Config Class Initialized
INFO - 2025-03-20 03:43:29 --> Hooks Class Initialized
DEBUG - 2025-03-20 03:43:29 --> UTF-8 Support Enabled
INFO - 2025-03-20 03:43:29 --> Utf8 Class Initialized
INFO - 2025-03-20 03:43:29 --> URI Class Initialized
INFO - 2025-03-20 03:43:29 --> Router Class Initialized
INFO - 2025-03-20 03:43:29 --> Output Class Initialized
INFO - 2025-03-20 03:43:29 --> Security Class Initialized
DEBUG - 2025-03-20 03:43:29 --> Global POST, GET and COOKIE data sanitized
INFO - 2025-03-20 03:43:29 --> Input Class Initialized
INFO - 2025-03-20 03:43:29 --> Language Class Initialized
INFO - 2025-03-20 03:43:29 --> Language Class Initialized
INFO - 2025-03-20 03:43:29 --> Config Class Initialized
INFO - 2025-03-20 03:43:29 --> Loader Class Initialized
INFO - 2025-03-20 03:43:29 --> Helper loaded: url_helper
INFO - 2025-03-20 03:43:29 --> Helper loaded: easyui_helper
INFO - 2025-03-20 03:43:29 --> Helper loaded: param_helper
INFO - 2025-03-20 03:43:29 --> Helper loaded: credential_helper
INFO - 2025-03-20 03:43:29 --> Helper loaded: template_helper
INFO - 2025-03-20 03:43:29 --> Helper loaded: rest_helper
INFO - 2025-03-20 03:43:29 --> Database Driver Class Initialized
DEBUG - 2025-03-20 03:43:29 --> Idgenerator class already loaded. Second attempt ignored.
INFO - 2025-03-20 03:43:29 --> Controller Class Initialized
INFO - 2025-03-20 03:43:29 --> Model Class Initialized
DEBUG - 2025-03-20 03:43:29 --> File loaded: /apps/web-drc/application/modules/visibility_program_active/models/Visibility_program_model.php
INFO - 2025-03-20 03:43:29 --> Model Class Initialized
DEBUG - 2025-03-20 03:43:29 --> File loaded: /apps/web-drc/application/modules/visibility_program_active/views/form.php
DEBUG - 2025-03-20 03:43:29 --> File loaded: /apps/web-drc/application/views/templates/header.php
DEBUG - 2025-03-20 03:43:29 --> File loaded: /apps/web-drc/application/views/templates/toolbar.php
DEBUG - 2025-03-20 03:43:29 --> File loaded: /apps/web-drc/application/views/templates/sidebar.php
DEBUG - 2025-03-20 03:43:29 --> File loaded: /apps/web-drc/application/views/templates/contents.php
DEBUG - 2025-03-20 03:43:29 --> File loaded: /apps/web-drc/application/views/templates/content_footer.php
DEBUG - 2025-03-20 03:43:29 --> File loaded: /apps/web-drc/application/views/templates/footer.php
DEBUG - 2025-03-20 03:43:29 --> File loaded: /apps/web-drc/application/views/templates/default.php
INFO - 2025-03-20 03:43:29 --> Final output sent to browser
DEBUG - 2025-03-20 03:43:29 --> Total execution time: 0.0051
INFO - 2025-03-20 03:43:29 --> Config Class Initialized
INFO - 2025-03-20 03:43:29 --> Hooks Class Initialized
DEBUG - 2025-03-20 03:43:29 --> UTF-8 Support Enabled
INFO - 2025-03-20 03:43:29 --> Utf8 Class Initialized
INFO - 2025-03-20 03:43:29 --> URI Class Initialized
INFO - 2025-03-20 03:43:29 --> Router Class Initialized
INFO - 2025-03-20 03:43:29 --> Output Class Initialized
INFO - 2025-03-20 03:43:29 --> Security Class Initialized
DEBUG - 2025-03-20 03:43:29 --> Global POST, GET and COOKIE data sanitized
INFO - 2025-03-20 03:43:29 --> Input Class Initialized
INFO - 2025-03-20 03:43:29 --> Language Class Initialized
ERROR - 2025-03-20 03:43:29 --> 404 Page Not Found: /index
INFO - 2025-03-20 03:43:29 --> Config Class Initialized
INFO - 2025-03-20 03:43:29 --> Hooks Class Initialized
DEBUG - 2025-03-20 03:43:29 --> UTF-8 Support Enabled
INFO - 2025-03-20 03:43:29 --> Utf8 Class Initialized
INFO - 2025-03-20 03:43:29 --> URI Class Initialized
INFO - 2025-03-20 03:43:29 --> Router Class Initialized
INFO - 2025-03-20 03:43:29 --> Output Class Initialized
INFO - 2025-03-20 03:43:29 --> Security Class Initialized
DEBUG - 2025-03-20 03:43:29 --> Global POST, GET and COOKIE data sanitized
INFO - 2025-03-20 03:43:29 --> Input Class Initialized
INFO - 2025-03-20 03:43:29 --> Language Class Initialized
INFO - 2025-03-20 03:43:29 --> Language Class Initialized
INFO - 2025-03-20 03:43:29 --> Config Class Initialized
INFO - 2025-03-20 03:43:29 --> Loader Class Initialized
INFO - 2025-03-20 03:43:29 --> Helper loaded: url_helper
INFO - 2025-03-20 03:43:29 --> Helper loaded: easyui_helper
INFO - 2025-03-20 03:43:29 --> Helper loaded: param_helper
INFO - 2025-03-20 03:43:29 --> Helper loaded: credential_helper
INFO - 2025-03-20 03:43:29 --> Helper loaded: template_helper
INFO - 2025-03-20 03:43:29 --> Helper loaded: rest_helper
INFO - 2025-03-20 03:43:29 --> Database Driver Class Initialized
DEBUG - 2025-03-20 03:43:29 --> Idgenerator class already loaded. Second attempt ignored.
INFO - 2025-03-20 03:43:29 --> Controller Class Initialized
INFO - 2025-03-20 03:43:29 --> Model Class Initialized
DEBUG - 2025-03-20 03:43:29 --> File loaded: /apps/web-drc/application/modules/api_v1/models/Api_v1_model.php
INFO - 2025-03-20 03:43:29 --> Model Class Initialized
INFO - 2025-03-20 03:43:29 --> Final output sent to browser
DEBUG - 2025-03-20 03:43:29 --> Total execution time: 0.0037
INFO - 2025-03-20 03:43:29 --> Config Class Initialized
INFO - 2025-03-20 03:43:29 --> Hooks Class Initialized
DEBUG - 2025-03-20 03:43:29 --> UTF-8 Support Enabled
INFO - 2025-03-20 03:43:29 --> Utf8 Class Initialized
INFO - 2025-03-20 03:43:29 --> URI Class Initialized
INFO - 2025-03-20 03:43:29 --> Router Class Initialized
INFO - 2025-03-20 03:43:29 --> Output Class Initialized
INFO - 2025-03-20 03:43:29 --> Security Class Initialized
DEBUG - 2025-03-20 03:43:29 --> Global POST, GET and COOKIE data sanitized
INFO - 2025-03-20 03:43:29 --> Input Class Initialized
INFO - 2025-03-20 03:43:29 --> Language Class Initialized
INFO - 2025-03-20 03:43:29 --> Language Class Initialized
INFO - 2025-03-20 03:43:29 --> Config Class Initialized
INFO - 2025-03-20 03:43:29 --> Loader Class Initialized
INFO - 2025-03-20 03:43:29 --> Helper loaded: url_helper
INFO - 2025-03-20 03:43:29 --> Helper loaded: easyui_helper
INFO - 2025-03-20 03:43:29 --> Helper loaded: param_helper
INFO - 2025-03-20 03:43:29 --> Helper loaded: credential_helper
INFO - 2025-03-20 03:43:29 --> Helper loaded: template_helper
INFO - 2025-03-20 03:43:29 --> Helper loaded: rest_helper
INFO - 2025-03-20 03:43:29 --> Database Driver Class Initialized
DEBUG - 2025-03-20 03:43:29 --> Idgenerator class already loaded. Second attempt ignored.
INFO - 2025-03-20 03:43:29 --> Controller Class Initialized
INFO - 2025-03-20 03:43:29 --> Model Class Initialized
DEBUG - 2025-03-20 03:43:29 --> File loaded: /apps/web-drc/application/modules/api_v1/models/Api_v1_model.php
INFO - 2025-03-20 03:43:29 --> Model Class Initialized
INFO - 2025-03-20 03:43:29 --> Final output sent to browser
DEBUG - 2025-03-20 03:43:29 --> Total execution time: 0.0028
INFO - 2025-03-20 03:43:29 --> Config Class Initialized
INFO - 2025-03-20 03:43:29 --> Hooks Class Initialized
DEBUG - 2025-03-20 03:43:29 --> UTF-8 Support Enabled
INFO - 2025-03-20 03:43:29 --> Utf8 Class Initialized
INFO - 2025-03-20 03:43:29 --> URI Class Initialized
INFO - 2025-03-20 03:43:29 --> Router Class Initialized
INFO - 2025-03-20 03:43:29 --> Output Class Initialized
INFO - 2025-03-20 03:43:29 --> Security Class Initialized
DEBUG - 2025-03-20 03:43:29 --> Global POST, GET and COOKIE data sanitized
INFO - 2025-03-20 03:43:29 --> Input Class Initialized
INFO - 2025-03-20 03:43:29 --> Language Class Initialized
INFO - 2025-03-20 03:43:29 --> Language Class Initialized
INFO - 2025-03-20 03:43:29 --> Config Class Initialized
INFO - 2025-03-20 03:43:29 --> Loader Class Initialized
INFO - 2025-03-20 03:43:29 --> Helper loaded: url_helper
INFO - 2025-03-20 03:43:29 --> Helper loaded: easyui_helper
INFO - 2025-03-20 03:43:29 --> Helper loaded: param_helper
INFO - 2025-03-20 03:43:29 --> Helper loaded: credential_helper
INFO - 2025-03-20 03:43:29 --> Helper loaded: template_helper
INFO - 2025-03-20 03:43:29 --> Helper loaded: rest_helper
INFO - 2025-03-20 03:43:29 --> Database Driver Class Initialized
DEBUG - 2025-03-20 03:43:29 --> Idgenerator class already loaded. Second attempt ignored.
INFO - 2025-03-20 03:43:29 --> Controller Class Initialized
INFO - 2025-03-20 03:43:29 --> Model Class Initialized
DEBUG - 2025-03-20 03:43:29 --> File loaded: /apps/web-drc/application/modules/api_v1/models/Api_v1_model.php
INFO - 2025-03-20 03:43:29 --> Model Class Initialized
INFO - 2025-03-20 03:43:29 --> Final output sent to browser
DEBUG - 2025-03-20 03:43:29 --> Total execution time: 0.0025
INFO - 2025-03-20 03:43:29 --> Config Class Initialized
INFO - 2025-03-20 03:43:29 --> Hooks Class Initialized
DEBUG - 2025-03-20 03:43:29 --> UTF-8 Support Enabled
INFO - 2025-03-20 03:43:29 --> Utf8 Class Initialized
INFO - 2025-03-20 03:43:29 --> URI Class Initialized
INFO - 2025-03-20 03:43:29 --> Router Class Initialized
INFO - 2025-03-20 03:43:29 --> Output Class Initialized
INFO - 2025-03-20 03:43:29 --> Security Class Initialized
DEBUG - 2025-03-20 03:43:29 --> Global POST, GET and COOKIE data sanitized
INFO - 2025-03-20 03:43:29 --> Input Class Initialized
INFO - 2025-03-20 03:43:29 --> Language Class Initialized
INFO - 2025-03-20 03:43:29 --> Language Class Initialized
INFO - 2025-03-20 03:43:29 --> Config Class Initialized
INFO - 2025-03-20 03:43:29 --> Loader Class Initialized
INFO - 2025-03-20 03:43:29 --> Helper loaded: url_helper
INFO - 2025-03-20 03:43:29 --> Helper loaded: easyui_helper
INFO - 2025-03-20 03:43:29 --> Helper loaded: param_helper
INFO - 2025-03-20 03:43:29 --> Helper loaded: credential_helper
INFO - 2025-03-20 03:43:29 --> Helper loaded: template_helper
INFO - 2025-03-20 03:43:29 --> Helper loaded: rest_helper
INFO - 2025-03-20 03:43:29 --> Database Driver Class Initialized
DEBUG - 2025-03-20 03:43:29 --> Idgenerator class already loaded. Second attempt ignored.
INFO - 2025-03-20 03:43:29 --> Controller Class Initialized
INFO - 2025-03-20 03:43:29 --> Model Class Initialized
DEBUG - 2025-03-20 03:43:29 --> File loaded: /apps/web-drc/application/modules/api_v1/models/Api_v1_model.php
INFO - 2025-03-20 03:43:29 --> Model Class Initialized
INFO - 2025-03-20 03:43:29 --> Final output sent to browser
DEBUG - 2025-03-20 03:43:29 --> Total execution time: 0.0027
INFO - 2025-03-20 03:43:32 --> Config Class Initialized
INFO - 2025-03-20 03:43:32 --> Hooks Class Initialized
DEBUG - 2025-03-20 03:43:32 --> UTF-8 Support Enabled
INFO - 2025-03-20 03:43:32 --> Utf8 Class Initialized
INFO - 2025-03-20 03:43:32 --> URI Class Initialized
INFO - 2025-03-20 03:43:32 --> Router Class Initialized
INFO - 2025-03-20 03:43:32 --> Output Class Initialized
INFO - 2025-03-20 03:43:32 --> Security Class Initialized
DEBUG - 2025-03-20 03:43:32 --> Global POST, GET and COOKIE data sanitized
INFO - 2025-03-20 03:43:32 --> Input Class Initialized
INFO - 2025-03-20 03:43:32 --> Language Class Initialized
INFO - 2025-03-20 03:43:32 --> Language Class Initialized
INFO - 2025-03-20 03:43:32 --> Config Class Initialized
INFO - 2025-03-20 03:43:32 --> Loader Class Initialized
INFO - 2025-03-20 03:43:32 --> Helper loaded: url_helper
INFO - 2025-03-20 03:43:32 --> Helper loaded: easyui_helper
INFO - 2025-03-20 03:43:32 --> Helper loaded: param_helper
INFO - 2025-03-20 03:43:32 --> Helper loaded: credential_helper
INFO - 2025-03-20 03:43:32 --> Helper loaded: template_helper
INFO - 2025-03-20 03:43:32 --> Helper loaded: rest_helper
INFO - 2025-03-20 03:43:32 --> Database Driver Class Initialized
DEBUG - 2025-03-20 03:43:32 --> Idgenerator class already loaded. Second attempt ignored.
INFO - 2025-03-20 03:43:32 --> Controller Class Initialized
INFO - 2025-03-20 03:43:32 --> Model Class Initialized
DEBUG - 2025-03-20 03:43:32 --> File loaded: /apps/web-drc/application/modules/api_v1/models/Api_v1_model.php
INFO - 2025-03-20 03:43:32 --> Model Class Initialized
INFO - 2025-03-20 03:43:32 --> Final output sent to browser
DEBUG - 2025-03-20 03:43:32 --> Total execution time: 0.0033
INFO - 2025-03-20 03:43:34 --> Config Class Initialized
INFO - 2025-03-20 03:43:34 --> Hooks Class Initialized
DEBUG - 2025-03-20 03:43:34 --> UTF-8 Support Enabled
INFO - 2025-03-20 03:43:34 --> Utf8 Class Initialized
INFO - 2025-03-20 03:43:34 --> URI Class Initialized
INFO - 2025-03-20 03:43:34 --> Router Class Initialized
INFO - 2025-03-20 03:43:34 --> Output Class Initialized
INFO - 2025-03-20 03:43:34 --> Security Class Initialized
DEBUG - 2025-03-20 03:43:34 --> Global POST, GET and COOKIE data sanitized
INFO - 2025-03-20 03:43:34 --> Input Class Initialized
INFO - 2025-03-20 03:43:34 --> Language Class Initialized
INFO - 2025-03-20 03:43:34 --> Language Class Initialized
INFO - 2025-03-20 03:43:34 --> Config Class Initialized
INFO - 2025-03-20 03:43:34 --> Loader Class Initialized
INFO - 2025-03-20 03:43:34 --> Helper loaded: url_helper
INFO - 2025-03-20 03:43:34 --> Helper loaded: easyui_helper
INFO - 2025-03-20 03:43:34 --> Helper loaded: param_helper
INFO - 2025-03-20 03:43:34 --> Helper loaded: credential_helper
INFO - 2025-03-20 03:43:34 --> Helper loaded: template_helper
INFO - 2025-03-20 03:43:34 --> Helper loaded: rest_helper
INFO - 2025-03-20 03:43:34 --> Database Driver Class Initialized
DEBUG - 2025-03-20 03:43:34 --> Idgenerator class already loaded. Second attempt ignored.
INFO - 2025-03-20 03:43:34 --> Controller Class Initialized
INFO - 2025-03-20 03:43:34 --> Model Class Initialized
DEBUG - 2025-03-20 03:43:34 --> File loaded: /apps/web-drc/application/modules/api_v1/models/Api_v1_model.php
INFO - 2025-03-20 03:43:34 --> Model Class Initialized
INFO - 2025-03-20 03:43:34 --> Final output sent to browser
DEBUG - 2025-03-20 03:43:34 --> Total execution time: 0.0034
INFO - 2025-03-20 03:43:40 --> Config Class Initialized
INFO - 2025-03-20 03:43:40 --> Hooks Class Initialized
DEBUG - 2025-03-20 03:43:40 --> UTF-8 Support Enabled
INFO - 2025-03-20 03:43:40 --> Utf8 Class Initialized
INFO - 2025-03-20 03:43:40 --> URI Class Initialized
INFO - 2025-03-20 03:43:40 --> Router Class Initialized
INFO - 2025-03-20 03:43:40 --> Output Class Initialized
INFO - 2025-03-20 03:43:40 --> Security Class Initialized
DEBUG - 2025-03-20 03:43:40 --> Global POST, GET and COOKIE data sanitized
INFO - 2025-03-20 03:43:40 --> Input Class Initialized
INFO - 2025-03-20 03:43:40 --> Language Class Initialized
INFO - 2025-03-20 03:43:40 --> Language Class Initialized
INFO - 2025-03-20 03:43:40 --> Config Class Initialized
INFO - 2025-03-20 03:43:40 --> Loader Class Initialized
INFO - 2025-03-20 03:43:40 --> Helper loaded: url_helper
INFO - 2025-03-20 03:43:40 --> Helper loaded: easyui_helper
INFO - 2025-03-20 03:43:40 --> Helper loaded: param_helper
INFO - 2025-03-20 03:43:40 --> Helper loaded: credential_helper
INFO - 2025-03-20 03:43:40 --> Helper loaded: template_helper
INFO - 2025-03-20 03:43:40 --> Helper loaded: rest_helper
INFO - 2025-03-20 03:43:40 --> Database Driver Class Initialized
DEBUG - 2025-03-20 03:43:40 --> Idgenerator class already loaded. Second attempt ignored.
INFO - 2025-03-20 03:43:40 --> Controller Class Initialized
INFO - 2025-03-20 03:43:40 --> Model Class Initialized
DEBUG - 2025-03-20 03:43:40 --> File loaded: /apps/web-drc/application/modules/visibility_program_active/models/Visibility_program_model.php
INFO - 2025-03-20 03:43:40 --> Model Class Initialized
ERROR - 2025-03-20 03:43:40 --> Query error: Column 'id_program' cannot be null - Invalid query: INSERT INTO `visibility_mapping_class` (`id_program`, `classid`) VALUES (NULL, '1')
ERROR - 2025-03-20 03:43:40 --> Query error: Column 'id_program' cannot be null - Invalid query: INSERT INTO `visibility_mapping_class` (`id_program`, `classid`) VALUES (NULL, '10')
ERROR - 2025-03-20 03:43:40 --> Query error: Unknown column 'id' in 'where clause' - Invalid query: UPDATE `visibility_scheme_program` SET `program_name` = 'Test Program 1', `description` = 'test desc 1', `start_period` = '2025-03-20', `end_period` = '2025-03-20', `qty_submit_photo` = '16', `regionalid` = '2', `areaid` = '6', `subareaid` = Array, `id_program` = '4', `modified_by` = 'admin', `modified_date` = '2025-03-19 20:43:40', `classid` = '1,10'
WHERE `id` IS NULL
INFO - 2025-03-20 03:43:40 --> Final output sent to browser
DEBUG - 2025-03-20 03:43:40 --> Total execution time: 0.0095
INFO - 2025-03-20 03:43:41 --> Config Class Initialized
INFO - 2025-03-20 03:43:41 --> Hooks Class Initialized
DEBUG - 2025-03-20 03:43:41 --> UTF-8 Support Enabled
INFO - 2025-03-20 03:43:41 --> Utf8 Class Initialized
INFO - 2025-03-20 03:43:41 --> URI Class Initialized
INFO - 2025-03-20 03:43:41 --> Router Class Initialized
INFO - 2025-03-20 03:43:41 --> Output Class Initialized
INFO - 2025-03-20 03:43:41 --> Security Class Initialized
DEBUG - 2025-03-20 03:43:41 --> Global POST, GET and COOKIE data sanitized
INFO - 2025-03-20 03:43:41 --> Input Class Initialized
INFO - 2025-03-20 03:43:41 --> Language Class Initialized
INFO - 2025-03-20 03:43:41 --> Language Class Initialized
INFO - 2025-03-20 03:43:41 --> Config Class Initialized
INFO - 2025-03-20 03:43:41 --> Loader Class Initialized
INFO - 2025-03-20 03:43:41 --> Helper loaded: url_helper
INFO - 2025-03-20 03:43:41 --> Helper loaded: easyui_helper
INFO - 2025-03-20 03:43:41 --> Helper loaded: param_helper
INFO - 2025-03-20 03:43:41 --> Helper loaded: credential_helper
INFO - 2025-03-20 03:43:41 --> Helper loaded: template_helper
INFO - 2025-03-20 03:43:41 --> Helper loaded: rest_helper
INFO - 2025-03-20 03:43:41 --> Database Driver Class Initialized
DEBUG - 2025-03-20 03:43:41 --> Idgenerator class already loaded. Second attempt ignored.
INFO - 2025-03-20 03:43:41 --> Controller Class Initialized
INFO - 2025-03-20 03:43:41 --> Model Class Initialized
DEBUG - 2025-03-20 03:43:41 --> File loaded: /apps/web-drc/application/modules/visibility_program_active/models/Visibility_program_model.php
INFO - 2025-03-20 03:43:41 --> Model Class Initialized
DEBUG - 2025-03-20 03:43:41 --> File loaded: /apps/web-drc/application/modules/visibility_program_active/views/content.php
DEBUG - 2025-03-20 03:43:41 --> File loaded: /apps/web-drc/application/views/templates/header.php
DEBUG - 2025-03-20 03:43:41 --> File loaded: /apps/web-drc/application/views/templates/toolbar.php
DEBUG - 2025-03-20 03:43:41 --> File loaded: /apps/web-drc/application/views/templates/sidebar.php
DEBUG - 2025-03-20 03:43:41 --> File loaded: /apps/web-drc/application/views/templates/contents.php
DEBUG - 2025-03-20 03:43:41 --> File loaded: /apps/web-drc/application/views/templates/content_footer.php
DEBUG - 2025-03-20 03:43:41 --> File loaded: /apps/web-drc/application/views/templates/footer.php
DEBUG - 2025-03-20 03:43:41 --> File loaded: /apps/web-drc/application/views/templates/default.php
INFO - 2025-03-20 03:43:41 --> Final output sent to browser
DEBUG - 2025-03-20 03:43:41 --> Total execution time: 0.0080
INFO - 2025-03-20 03:43:41 --> Config Class Initialized
INFO - 2025-03-20 03:43:41 --> Hooks Class Initialized
DEBUG - 2025-03-20 03:43:41 --> UTF-8 Support Enabled
INFO - 2025-03-20 03:43:41 --> Utf8 Class Initialized
INFO - 2025-03-20 03:43:41 --> URI Class Initialized
INFO - 2025-03-20 03:43:41 --> Router Class Initialized
INFO - 2025-03-20 03:43:41 --> Output Class Initialized
INFO - 2025-03-20 03:43:41 --> Security Class Initialized
DEBUG - 2025-03-20 03:43:41 --> Global POST, GET and COOKIE data sanitized
INFO - 2025-03-20 03:43:41 --> Input Class Initialized
INFO - 2025-03-20 03:43:41 --> Language Class Initialized
ERROR - 2025-03-20 03:43:41 --> 404 Page Not Found: /index
INFO - 2025-03-20 03:43:41 --> Config Class Initialized
INFO - 2025-03-20 03:43:41 --> Hooks Class Initialized
DEBUG - 2025-03-20 03:43:41 --> UTF-8 Support Enabled
INFO - 2025-03-20 03:43:41 --> Utf8 Class Initialized
INFO - 2025-03-20 03:43:41 --> URI Class Initialized
INFO - 2025-03-20 03:43:41 --> Router Class Initialized
INFO - 2025-03-20 03:43:41 --> Output Class Initialized
INFO - 2025-03-20 03:43:41 --> Security Class Initialized
DEBUG - 2025-03-20 03:43:41 --> Global POST, GET and COOKIE data sanitized
INFO - 2025-03-20 03:43:41 --> Input Class Initialized
INFO - 2025-03-20 03:43:41 --> Language Class Initialized
INFO - 2025-03-20 03:43:41 --> Language Class Initialized
INFO - 2025-03-20 03:43:41 --> Config Class Initialized
INFO - 2025-03-20 03:43:41 --> Loader Class Initialized
INFO - 2025-03-20 03:43:41 --> Helper loaded: url_helper
INFO - 2025-03-20 03:43:41 --> Helper loaded: easyui_helper
INFO - 2025-03-20 03:43:41 --> Helper loaded: param_helper
INFO - 2025-03-20 03:43:41 --> Helper loaded: credential_helper
INFO - 2025-03-20 03:43:41 --> Helper loaded: template_helper
INFO - 2025-03-20 03:43:41 --> Helper loaded: rest_helper
INFO - 2025-03-20 03:43:41 --> Database Driver Class Initialized
DEBUG - 2025-03-20 03:43:41 --> Idgenerator class already loaded. Second attempt ignored.
INFO - 2025-03-20 03:43:41 --> Controller Class Initialized
INFO - 2025-03-20 03:43:41 --> Model Class Initialized
DEBUG - 2025-03-20 03:43:41 --> File loaded: /apps/web-drc/application/modules/visibility_program_active/models/Visibility_program_model.php
INFO - 2025-03-20 03:43:41 --> Model Class Initialized
INFO - 2025-03-20 03:43:41 --> Final output sent to browser
DEBUG - 2025-03-20 03:43:41 --> Total execution time: 0.0059
INFO - 2025-03-20 03:44:19 --> Config Class Initialized
INFO - 2025-03-20 03:44:19 --> Hooks Class Initialized
DEBUG - 2025-03-20 03:44:19 --> UTF-8 Support Enabled
INFO - 2025-03-20 03:44:19 --> Utf8 Class Initialized
INFO - 2025-03-20 03:44:19 --> URI Class Initialized
INFO - 2025-03-20 03:44:19 --> Router Class Initialized
INFO - 2025-03-20 03:44:19 --> Output Class Initialized
INFO - 2025-03-20 03:44:19 --> Security Class Initialized
DEBUG - 2025-03-20 03:44:19 --> Global POST, GET and COOKIE data sanitized
INFO - 2025-03-20 03:44:19 --> Input Class Initialized
INFO - 2025-03-20 03:44:19 --> Language Class Initialized
INFO - 2025-03-20 03:44:19 --> Language Class Initialized
INFO - 2025-03-20 03:44:19 --> Config Class Initialized
INFO - 2025-03-20 03:44:19 --> Loader Class Initialized
INFO - 2025-03-20 03:44:19 --> Helper loaded: url_helper
INFO - 2025-03-20 03:44:19 --> Helper loaded: easyui_helper
INFO - 2025-03-20 03:44:19 --> Helper loaded: param_helper
INFO - 2025-03-20 03:44:19 --> Helper loaded: credential_helper
INFO - 2025-03-20 03:44:19 --> Helper loaded: template_helper
INFO - 2025-03-20 03:44:19 --> Helper loaded: rest_helper
INFO - 2025-03-20 03:44:19 --> Database Driver Class Initialized
DEBUG - 2025-03-20 03:44:19 --> Idgenerator class already loaded. Second attempt ignored.
INFO - 2025-03-20 03:44:19 --> Controller Class Initialized
INFO - 2025-03-20 03:44:19 --> Model Class Initialized
DEBUG - 2025-03-20 03:44:19 --> File loaded: /apps/web-drc/application/modules/visibility_program_active/models/Visibility_program_model.php
INFO - 2025-03-20 03:44:19 --> Model Class Initialized
DEBUG - 2025-03-20 03:44:19 --> File loaded: /apps/web-drc/application/modules/visibility_program_active/views/content.php
DEBUG - 2025-03-20 03:44:19 --> File loaded: /apps/web-drc/application/views/templates/header.php
DEBUG - 2025-03-20 03:44:19 --> File loaded: /apps/web-drc/application/views/templates/toolbar.php
DEBUG - 2025-03-20 03:44:19 --> File loaded: /apps/web-drc/application/views/templates/sidebar.php
DEBUG - 2025-03-20 03:44:19 --> File loaded: /apps/web-drc/application/views/templates/contents.php
DEBUG - 2025-03-20 03:44:19 --> File loaded: /apps/web-drc/application/views/templates/content_footer.php
DEBUG - 2025-03-20 03:44:19 --> File loaded: /apps/web-drc/application/views/templates/footer.php
DEBUG - 2025-03-20 03:44:19 --> File loaded: /apps/web-drc/application/views/templates/default.php
INFO - 2025-03-20 03:44:19 --> Final output sent to browser
DEBUG - 2025-03-20 03:44:19 --> Total execution time: 0.0078
INFO - 2025-03-20 03:44:20 --> Config Class Initialized
INFO - 2025-03-20 03:44:20 --> Hooks Class Initialized
DEBUG - 2025-03-20 03:44:20 --> UTF-8 Support Enabled
INFO - 2025-03-20 03:44:20 --> Utf8 Class Initialized
INFO - 2025-03-20 03:44:20 --> URI Class Initialized
INFO - 2025-03-20 03:44:20 --> Router Class Initialized
INFO - 2025-03-20 03:44:20 --> Output Class Initialized
INFO - 2025-03-20 03:44:20 --> Security Class Initialized
DEBUG - 2025-03-20 03:44:20 --> Global POST, GET and COOKIE data sanitized
INFO - 2025-03-20 03:44:20 --> Input Class Initialized
INFO - 2025-03-20 03:44:20 --> Language Class Initialized
ERROR - 2025-03-20 03:44:20 --> 404 Page Not Found: /index
INFO - 2025-03-20 03:44:21 --> Config Class Initialized
INFO - 2025-03-20 03:44:21 --> Hooks Class Initialized
DEBUG - 2025-03-20 03:44:21 --> UTF-8 Support Enabled
INFO - 2025-03-20 03:44:21 --> Utf8 Class Initialized
INFO - 2025-03-20 03:44:21 --> URI Class Initialized
INFO - 2025-03-20 03:44:21 --> Router Class Initialized
INFO - 2025-03-20 03:44:21 --> Output Class Initialized
INFO - 2025-03-20 03:44:21 --> Security Class Initialized
DEBUG - 2025-03-20 03:44:21 --> Global POST, GET and COOKIE data sanitized
INFO - 2025-03-20 03:44:21 --> Input Class Initialized
INFO - 2025-03-20 03:44:21 --> Language Class Initialized
INFO - 2025-03-20 03:44:21 --> Language Class Initialized
INFO - 2025-03-20 03:44:21 --> Config Class Initialized
INFO - 2025-03-20 03:44:21 --> Loader Class Initialized
INFO - 2025-03-20 03:44:21 --> Helper loaded: url_helper
INFO - 2025-03-20 03:44:21 --> Helper loaded: easyui_helper
INFO - 2025-03-20 03:44:21 --> Helper loaded: param_helper
INFO - 2025-03-20 03:44:21 --> Helper loaded: credential_helper
INFO - 2025-03-20 03:44:21 --> Helper loaded: template_helper
INFO - 2025-03-20 03:44:21 --> Helper loaded: rest_helper
INFO - 2025-03-20 03:44:21 --> Database Driver Class Initialized
DEBUG - 2025-03-20 03:44:21 --> Idgenerator class already loaded. Second attempt ignored.
INFO - 2025-03-20 03:44:21 --> Controller Class Initialized
INFO - 2025-03-20 03:44:21 --> Model Class Initialized
DEBUG - 2025-03-20 03:44:21 --> File loaded: /apps/web-drc/application/modules/visibility_program_active/models/Visibility_program_model.php
INFO - 2025-03-20 03:44:21 --> Model Class Initialized
INFO - 2025-03-20 03:44:21 --> Final output sent to browser
DEBUG - 2025-03-20 03:44:21 --> Total execution time: 0.0093
INFO - 2025-03-20 03:44:21 --> Config Class Initialized
INFO - 2025-03-20 03:44:21 --> Hooks Class Initialized
DEBUG - 2025-03-20 03:44:21 --> UTF-8 Support Enabled
INFO - 2025-03-20 03:44:21 --> Utf8 Class Initialized
INFO - 2025-03-20 03:44:21 --> URI Class Initialized
INFO - 2025-03-20 03:44:21 --> Router Class Initialized
INFO - 2025-03-20 03:44:21 --> Output Class Initialized
INFO - 2025-03-20 03:44:21 --> Security Class Initialized
DEBUG - 2025-03-20 03:44:21 --> Global POST, GET and COOKIE data sanitized
INFO - 2025-03-20 03:44:21 --> Input Class Initialized
INFO - 2025-03-20 03:44:21 --> Language Class Initialized
ERROR - 2025-03-20 03:44:21 --> 404 Page Not Found: /index
INFO - 2025-03-20 03:45:19 --> Config Class Initialized
INFO - 2025-03-20 03:45:19 --> Hooks Class Initialized
DEBUG - 2025-03-20 03:45:19 --> UTF-8 Support Enabled
INFO - 2025-03-20 03:45:19 --> Utf8 Class Initialized
INFO - 2025-03-20 03:45:19 --> URI Class Initialized
INFO - 2025-03-20 03:45:19 --> Router Class Initialized
INFO - 2025-03-20 03:45:19 --> Output Class Initialized
INFO - 2025-03-20 03:45:19 --> Security Class Initialized
DEBUG - 2025-03-20 03:45:19 --> Global POST, GET and COOKIE data sanitized
INFO - 2025-03-20 03:45:19 --> Input Class Initialized
INFO - 2025-03-20 03:45:19 --> Language Class Initialized
INFO - 2025-03-20 03:45:19 --> Language Class Initialized
INFO - 2025-03-20 03:45:19 --> Config Class Initialized
INFO - 2025-03-20 03:45:19 --> Loader Class Initialized
INFO - 2025-03-20 03:45:19 --> Helper loaded: url_helper
INFO - 2025-03-20 03:45:19 --> Helper loaded: easyui_helper
INFO - 2025-03-20 03:45:19 --> Helper loaded: param_helper
INFO - 2025-03-20 03:45:19 --> Helper loaded: credential_helper
INFO - 2025-03-20 03:45:19 --> Helper loaded: template_helper
INFO - 2025-03-20 03:45:19 --> Helper loaded: rest_helper
INFO - 2025-03-20 03:45:19 --> Database Driver Class Initialized
DEBUG - 2025-03-20 03:45:19 --> Idgenerator class already loaded. Second attempt ignored.
INFO - 2025-03-20 03:45:19 --> Controller Class Initialized
INFO - 2025-03-20 03:45:19 --> Model Class Initialized
DEBUG - 2025-03-20 03:45:19 --> File loaded: /apps/web-drc/application/modules/visibility_program_active/models/Visibility_program_model.php
INFO - 2025-03-20 03:45:19 --> Model Class Initialized
DEBUG - 2025-03-20 03:45:19 --> File loaded: /apps/web-drc/application/modules/visibility_program_active/views/content.php
DEBUG - 2025-03-20 03:45:19 --> File loaded: /apps/web-drc/application/views/templates/header.php
DEBUG - 2025-03-20 03:45:19 --> File loaded: /apps/web-drc/application/views/templates/toolbar.php
DEBUG - 2025-03-20 03:45:19 --> File loaded: /apps/web-drc/application/views/templates/sidebar.php
DEBUG - 2025-03-20 03:45:19 --> File loaded: /apps/web-drc/application/views/templates/contents.php
DEBUG - 2025-03-20 03:45:19 --> File loaded: /apps/web-drc/application/views/templates/content_footer.php
DEBUG - 2025-03-20 03:45:19 --> File loaded: /apps/web-drc/application/views/templates/footer.php
DEBUG - 2025-03-20 03:45:19 --> File loaded: /apps/web-drc/application/views/templates/default.php
INFO - 2025-03-20 03:45:19 --> Final output sent to browser
DEBUG - 2025-03-20 03:45:19 --> Total execution time: 0.0057
INFO - 2025-03-20 03:45:21 --> Config Class Initialized
INFO - 2025-03-20 03:45:21 --> Hooks Class Initialized
DEBUG - 2025-03-20 03:45:21 --> UTF-8 Support Enabled
INFO - 2025-03-20 03:45:21 --> Utf8 Class Initialized
INFO - 2025-03-20 03:45:21 --> URI Class Initialized
INFO - 2025-03-20 03:45:21 --> Router Class Initialized
INFO - 2025-03-20 03:45:21 --> Output Class Initialized
INFO - 2025-03-20 03:45:21 --> Security Class Initialized
DEBUG - 2025-03-20 03:45:21 --> Global POST, GET and COOKIE data sanitized
INFO - 2025-03-20 03:45:21 --> Input Class Initialized
INFO - 2025-03-20 03:45:21 --> Language Class Initialized
ERROR - 2025-03-20 03:45:21 --> 404 Page Not Found: /index
INFO - 2025-03-20 03:45:21 --> Config Class Initialized
INFO - 2025-03-20 03:45:21 --> Hooks Class Initialized
DEBUG - 2025-03-20 03:45:21 --> UTF-8 Support Enabled
INFO - 2025-03-20 03:45:21 --> Utf8 Class Initialized
INFO - 2025-03-20 03:45:21 --> URI Class Initialized
INFO - 2025-03-20 03:45:21 --> Router Class Initialized
INFO - 2025-03-20 03:45:21 --> Output Class Initialized
INFO - 2025-03-20 03:45:21 --> Security Class Initialized
DEBUG - 2025-03-20 03:45:21 --> Global POST, GET and COOKIE data sanitized
INFO - 2025-03-20 03:45:21 --> Input Class Initialized
INFO - 2025-03-20 03:45:21 --> Language Class Initialized
INFO - 2025-03-20 03:45:21 --> Language Class Initialized
INFO - 2025-03-20 03:45:21 --> Config Class Initialized
INFO - 2025-03-20 03:45:21 --> Loader Class Initialized
INFO - 2025-03-20 03:45:21 --> Helper loaded: url_helper
INFO - 2025-03-20 03:45:21 --> Helper loaded: easyui_helper
INFO - 2025-03-20 03:45:21 --> Helper loaded: param_helper
INFO - 2025-03-20 03:45:21 --> Helper loaded: credential_helper
INFO - 2025-03-20 03:45:21 --> Helper loaded: template_helper
INFO - 2025-03-20 03:45:21 --> Helper loaded: rest_helper
INFO - 2025-03-20 03:45:21 --> Database Driver Class Initialized
DEBUG - 2025-03-20 03:45:21 --> Idgenerator class already loaded. Second attempt ignored.
INFO - 2025-03-20 03:45:21 --> Controller Class Initialized
INFO - 2025-03-20 03:45:21 --> Model Class Initialized
DEBUG - 2025-03-20 03:45:21 --> File loaded: /apps/web-drc/application/modules/visibility_program_active/models/Visibility_program_model.php
INFO - 2025-03-20 03:45:21 --> Model Class Initialized
INFO - 2025-03-20 03:45:21 --> Final output sent to browser
DEBUG - 2025-03-20 03:45:21 --> Total execution time: 0.0072
INFO - 2025-03-20 03:45:21 --> Config Class Initialized
INFO - 2025-03-20 03:45:21 --> Hooks Class Initialized
DEBUG - 2025-03-20 03:45:21 --> UTF-8 Support Enabled
INFO - 2025-03-20 03:45:21 --> Utf8 Class Initialized
INFO - 2025-03-20 03:45:21 --> URI Class Initialized
INFO - 2025-03-20 03:45:21 --> Router Class Initialized
INFO - 2025-03-20 03:45:21 --> Output Class Initialized
INFO - 2025-03-20 03:45:21 --> Security Class Initialized
DEBUG - 2025-03-20 03:45:21 --> Global POST, GET and COOKIE data sanitized
INFO - 2025-03-20 03:45:21 --> Input Class Initialized
INFO - 2025-03-20 03:45:21 --> Language Class Initialized
ERROR - 2025-03-20 03:45:21 --> 404 Page Not Found: /index
INFO - 2025-03-20 03:45:27 --> Config Class Initialized
INFO - 2025-03-20 03:45:27 --> Hooks Class Initialized
DEBUG - 2025-03-20 03:45:27 --> UTF-8 Support Enabled
INFO - 2025-03-20 03:45:27 --> Utf8 Class Initialized
INFO - 2025-03-20 03:45:27 --> URI Class Initialized
INFO - 2025-03-20 03:45:27 --> Router Class Initialized
INFO - 2025-03-20 03:45:27 --> Output Class Initialized
INFO - 2025-03-20 03:45:27 --> Security Class Initialized
DEBUG - 2025-03-20 03:45:27 --> Global POST, GET and COOKIE data sanitized
INFO - 2025-03-20 03:45:27 --> Input Class Initialized
INFO - 2025-03-20 03:45:27 --> Language Class Initialized
INFO - 2025-03-20 03:45:27 --> Language Class Initialized
INFO - 2025-03-20 03:45:27 --> Config Class Initialized
INFO - 2025-03-20 03:45:27 --> Loader Class Initialized
INFO - 2025-03-20 03:45:27 --> Helper loaded: url_helper
INFO - 2025-03-20 03:45:27 --> Helper loaded: easyui_helper
INFO - 2025-03-20 03:45:27 --> Helper loaded: param_helper
INFO - 2025-03-20 03:45:27 --> Helper loaded: credential_helper
INFO - 2025-03-20 03:45:27 --> Helper loaded: template_helper
INFO - 2025-03-20 03:45:27 --> Helper loaded: rest_helper
INFO - 2025-03-20 03:45:27 --> Database Driver Class Initialized
DEBUG - 2025-03-20 03:45:27 --> Idgenerator class already loaded. Second attempt ignored.
INFO - 2025-03-20 03:45:27 --> Controller Class Initialized
INFO - 2025-03-20 03:45:27 --> Model Class Initialized
DEBUG - 2025-03-20 03:45:27 --> File loaded: /apps/web-drc/application/modules/visibility_program_active/models/Visibility_program_model.php
INFO - 2025-03-20 03:45:27 --> Model Class Initialized
DEBUG - 2025-03-20 03:45:27 --> File loaded: /apps/web-drc/application/modules/visibility_program_active/views/form.php
DEBUG - 2025-03-20 03:45:27 --> File loaded: /apps/web-drc/application/views/templates/header.php
DEBUG - 2025-03-20 03:45:27 --> File loaded: /apps/web-drc/application/views/templates/toolbar.php
DEBUG - 2025-03-20 03:45:27 --> File loaded: /apps/web-drc/application/views/templates/sidebar.php
DEBUG - 2025-03-20 03:45:27 --> File loaded: /apps/web-drc/application/views/templates/contents.php
DEBUG - 2025-03-20 03:45:27 --> File loaded: /apps/web-drc/application/views/templates/content_footer.php
DEBUG - 2025-03-20 03:45:27 --> File loaded: /apps/web-drc/application/views/templates/footer.php
DEBUG - 2025-03-20 03:45:27 --> File loaded: /apps/web-drc/application/views/templates/default.php
INFO - 2025-03-20 03:45:27 --> Final output sent to browser
DEBUG - 2025-03-20 03:45:27 --> Total execution time: 0.0053
INFO - 2025-03-20 03:45:27 --> Config Class Initialized
INFO - 2025-03-20 03:45:27 --> Hooks Class Initialized
DEBUG - 2025-03-20 03:45:27 --> UTF-8 Support Enabled
INFO - 2025-03-20 03:45:27 --> Utf8 Class Initialized
INFO - 2025-03-20 03:45:27 --> URI Class Initialized
INFO - 2025-03-20 03:45:27 --> Router Class Initialized
INFO - 2025-03-20 03:45:27 --> Output Class Initialized
INFO - 2025-03-20 03:45:27 --> Security Class Initialized
DEBUG - 2025-03-20 03:45:27 --> Global POST, GET and COOKIE data sanitized
INFO - 2025-03-20 03:45:27 --> Input Class Initialized
INFO - 2025-03-20 03:45:27 --> Language Class Initialized
ERROR - 2025-03-20 03:45:27 --> 404 Page Not Found: /index
INFO - 2025-03-20 03:45:27 --> Config Class Initialized
INFO - 2025-03-20 03:45:27 --> Hooks Class Initialized
DEBUG - 2025-03-20 03:45:27 --> UTF-8 Support Enabled
INFO - 2025-03-20 03:45:27 --> Utf8 Class Initialized
INFO - 2025-03-20 03:45:27 --> URI Class Initialized
INFO - 2025-03-20 03:45:27 --> Router Class Initialized
INFO - 2025-03-20 03:45:27 --> Output Class Initialized
INFO - 2025-03-20 03:45:27 --> Security Class Initialized
DEBUG - 2025-03-20 03:45:27 --> Global POST, GET and COOKIE data sanitized
INFO - 2025-03-20 03:45:27 --> Input Class Initialized
INFO - 2025-03-20 03:45:27 --> Language Class Initialized
INFO - 2025-03-20 03:45:27 --> Language Class Initialized
INFO - 2025-03-20 03:45:27 --> Config Class Initialized
INFO - 2025-03-20 03:45:27 --> Loader Class Initialized
INFO - 2025-03-20 03:45:27 --> Helper loaded: url_helper
INFO - 2025-03-20 03:45:27 --> Helper loaded: easyui_helper
INFO - 2025-03-20 03:45:27 --> Helper loaded: param_helper
INFO - 2025-03-20 03:45:27 --> Helper loaded: credential_helper
INFO - 2025-03-20 03:45:27 --> Helper loaded: template_helper
INFO - 2025-03-20 03:45:27 --> Helper loaded: rest_helper
INFO - 2025-03-20 03:45:27 --> Database Driver Class Initialized
DEBUG - 2025-03-20 03:45:27 --> Idgenerator class already loaded. Second attempt ignored.
INFO - 2025-03-20 03:45:27 --> Controller Class Initialized
INFO - 2025-03-20 03:45:27 --> Model Class Initialized
DEBUG - 2025-03-20 03:45:27 --> File loaded: /apps/web-drc/application/modules/api_v1/models/Api_v1_model.php
INFO - 2025-03-20 03:45:27 --> Model Class Initialized
INFO - 2025-03-20 03:45:27 --> Final output sent to browser
DEBUG - 2025-03-20 03:45:27 --> Total execution time: 0.0033
INFO - 2025-03-20 03:45:27 --> Config Class Initialized
INFO - 2025-03-20 03:45:27 --> Hooks Class Initialized
DEBUG - 2025-03-20 03:45:27 --> UTF-8 Support Enabled
INFO - 2025-03-20 03:45:27 --> Utf8 Class Initialized
INFO - 2025-03-20 03:45:27 --> URI Class Initialized
INFO - 2025-03-20 03:45:27 --> Router Class Initialized
INFO - 2025-03-20 03:45:27 --> Output Class Initialized
INFO - 2025-03-20 03:45:27 --> Security Class Initialized
DEBUG - 2025-03-20 03:45:27 --> Global POST, GET and COOKIE data sanitized
INFO - 2025-03-20 03:45:27 --> Input Class Initialized
INFO - 2025-03-20 03:45:27 --> Language Class Initialized
INFO - 2025-03-20 03:45:27 --> Language Class Initialized
INFO - 2025-03-20 03:45:27 --> Config Class Initialized
INFO - 2025-03-20 03:45:27 --> Loader Class Initialized
INFO - 2025-03-20 03:45:27 --> Helper loaded: url_helper
INFO - 2025-03-20 03:45:27 --> Helper loaded: easyui_helper
INFO - 2025-03-20 03:45:27 --> Helper loaded: param_helper
INFO - 2025-03-20 03:45:27 --> Helper loaded: credential_helper
INFO - 2025-03-20 03:45:27 --> Helper loaded: template_helper
INFO - 2025-03-20 03:45:27 --> Helper loaded: rest_helper
INFO - 2025-03-20 03:45:27 --> Database Driver Class Initialized
DEBUG - 2025-03-20 03:45:27 --> Idgenerator class already loaded. Second attempt ignored.
INFO - 2025-03-20 03:45:27 --> Controller Class Initialized
INFO - 2025-03-20 03:45:27 --> Model Class Initialized
DEBUG - 2025-03-20 03:45:27 --> File loaded: /apps/web-drc/application/modules/api_v1/models/Api_v1_model.php
INFO - 2025-03-20 03:45:27 --> Model Class Initialized
INFO - 2025-03-20 03:45:27 --> Final output sent to browser
DEBUG - 2025-03-20 03:45:27 --> Total execution time: 0.0028
INFO - 2025-03-20 03:45:27 --> Config Class Initialized
INFO - 2025-03-20 03:45:27 --> Hooks Class Initialized
DEBUG - 2025-03-20 03:45:27 --> UTF-8 Support Enabled
INFO - 2025-03-20 03:45:27 --> Utf8 Class Initialized
INFO - 2025-03-20 03:45:27 --> URI Class Initialized
INFO - 2025-03-20 03:45:27 --> Router Class Initialized
INFO - 2025-03-20 03:45:27 --> Output Class Initialized
INFO - 2025-03-20 03:45:27 --> Security Class Initialized
DEBUG - 2025-03-20 03:45:27 --> Global POST, GET and COOKIE data sanitized
INFO - 2025-03-20 03:45:27 --> Input Class Initialized
INFO - 2025-03-20 03:45:27 --> Language Class Initialized
INFO - 2025-03-20 03:45:27 --> Language Class Initialized
INFO - 2025-03-20 03:45:27 --> Config Class Initialized
INFO - 2025-03-20 03:45:27 --> Loader Class Initialized
INFO - 2025-03-20 03:45:27 --> Helper loaded: url_helper
INFO - 2025-03-20 03:45:27 --> Helper loaded: easyui_helper
INFO - 2025-03-20 03:45:27 --> Helper loaded: param_helper
INFO - 2025-03-20 03:45:27 --> Helper loaded: credential_helper
INFO - 2025-03-20 03:45:27 --> Helper loaded: template_helper
INFO - 2025-03-20 03:45:27 --> Helper loaded: rest_helper
INFO - 2025-03-20 03:45:27 --> Database Driver Class Initialized
DEBUG - 2025-03-20 03:45:27 --> Idgenerator class already loaded. Second attempt ignored.
INFO - 2025-03-20 03:45:27 --> Controller Class Initialized
INFO - 2025-03-20 03:45:27 --> Model Class Initialized
DEBUG - 2025-03-20 03:45:27 --> File loaded: /apps/web-drc/application/modules/api_v1/models/Api_v1_model.php
INFO - 2025-03-20 03:45:27 --> Model Class Initialized
INFO - 2025-03-20 03:45:27 --> Final output sent to browser
DEBUG - 2025-03-20 03:45:27 --> Total execution time: 0.0037
INFO - 2025-03-20 03:45:27 --> Config Class Initialized
INFO - 2025-03-20 03:45:27 --> Hooks Class Initialized
DEBUG - 2025-03-20 03:45:27 --> UTF-8 Support Enabled
INFO - 2025-03-20 03:45:27 --> Utf8 Class Initialized
INFO - 2025-03-20 03:45:27 --> URI Class Initialized
INFO - 2025-03-20 03:45:27 --> Router Class Initialized
INFO - 2025-03-20 03:45:27 --> Output Class Initialized
INFO - 2025-03-20 03:45:27 --> Security Class Initialized
DEBUG - 2025-03-20 03:45:27 --> Global POST, GET and COOKIE data sanitized
INFO - 2025-03-20 03:45:27 --> Input Class Initialized
INFO - 2025-03-20 03:45:27 --> Language Class Initialized
INFO - 2025-03-20 03:45:27 --> Language Class Initialized
INFO - 2025-03-20 03:45:27 --> Config Class Initialized
INFO - 2025-03-20 03:45:27 --> Loader Class Initialized
INFO - 2025-03-20 03:45:27 --> Helper loaded: url_helper
INFO - 2025-03-20 03:45:27 --> Helper loaded: easyui_helper
INFO - 2025-03-20 03:45:27 --> Helper loaded: param_helper
INFO - 2025-03-20 03:45:27 --> Helper loaded: credential_helper
INFO - 2025-03-20 03:45:27 --> Helper loaded: template_helper
INFO - 2025-03-20 03:45:27 --> Helper loaded: rest_helper
INFO - 2025-03-20 03:45:27 --> Database Driver Class Initialized
DEBUG - 2025-03-20 03:45:27 --> Idgenerator class already loaded. Second attempt ignored.
INFO - 2025-03-20 03:45:27 --> Controller Class Initialized
INFO - 2025-03-20 03:45:27 --> Model Class Initialized
DEBUG - 2025-03-20 03:45:27 --> File loaded: /apps/web-drc/application/modules/api_v1/models/Api_v1_model.php
INFO - 2025-03-20 03:45:27 --> Model Class Initialized
INFO - 2025-03-20 03:45:27 --> Final output sent to browser
DEBUG - 2025-03-20 03:45:27 --> Total execution time: 0.0043
INFO - 2025-03-20 03:48:23 --> Config Class Initialized
INFO - 2025-03-20 03:48:23 --> Hooks Class Initialized
DEBUG - 2025-03-20 03:48:23 --> UTF-8 Support Enabled
INFO - 2025-03-20 03:48:23 --> Utf8 Class Initialized
INFO - 2025-03-20 03:48:23 --> URI Class Initialized
INFO - 2025-03-20 03:48:23 --> Router Class Initialized
INFO - 2025-03-20 03:48:23 --> Output Class Initialized
INFO - 2025-03-20 03:48:23 --> Security Class Initialized
DEBUG - 2025-03-20 03:48:23 --> Global POST, GET and COOKIE data sanitized
INFO - 2025-03-20 03:48:23 --> Input Class Initialized
INFO - 2025-03-20 03:48:23 --> Language Class Initialized
INFO - 2025-03-20 03:48:23 --> Language Class Initialized
INFO - 2025-03-20 03:48:23 --> Config Class Initialized
INFO - 2025-03-20 03:48:23 --> Loader Class Initialized
INFO - 2025-03-20 03:48:23 --> Helper loaded: url_helper
INFO - 2025-03-20 03:48:23 --> Helper loaded: easyui_helper
INFO - 2025-03-20 03:48:23 --> Helper loaded: param_helper
INFO - 2025-03-20 03:48:23 --> Helper loaded: credential_helper
INFO - 2025-03-20 03:48:23 --> Helper loaded: template_helper
INFO - 2025-03-20 03:48:23 --> Helper loaded: rest_helper
INFO - 2025-03-20 03:48:23 --> Database Driver Class Initialized
DEBUG - 2025-03-20 03:48:23 --> Idgenerator class already loaded. Second attempt ignored.
INFO - 2025-03-20 03:48:23 --> Controller Class Initialized
INFO - 2025-03-20 03:48:23 --> Model Class Initialized
DEBUG - 2025-03-20 03:48:23 --> File loaded: /apps/web-drc/application/modules/visibility_program_active/models/Visibility_program_model.php
INFO - 2025-03-20 03:48:23 --> Model Class Initialized
DEBUG - 2025-03-20 03:48:23 --> File loaded: /apps/web-drc/application/modules/visibility_program_active/views/form.php
DEBUG - 2025-03-20 03:48:23 --> File loaded: /apps/web-drc/application/views/templates/header.php
DEBUG - 2025-03-20 03:48:23 --> File loaded: /apps/web-drc/application/views/templates/toolbar.php
DEBUG - 2025-03-20 03:48:23 --> File loaded: /apps/web-drc/application/views/templates/sidebar.php
DEBUG - 2025-03-20 03:48:23 --> File loaded: /apps/web-drc/application/views/templates/contents.php
DEBUG - 2025-03-20 03:48:23 --> File loaded: /apps/web-drc/application/views/templates/content_footer.php
DEBUG - 2025-03-20 03:48:23 --> File loaded: /apps/web-drc/application/views/templates/footer.php
DEBUG - 2025-03-20 03:48:23 --> File loaded: /apps/web-drc/application/views/templates/default.php
INFO - 2025-03-20 03:48:23 --> Final output sent to browser
DEBUG - 2025-03-20 03:48:23 --> Total execution time: 0.0068
INFO - 2025-03-20 03:48:25 --> Config Class Initialized
INFO - 2025-03-20 03:48:25 --> Hooks Class Initialized
DEBUG - 2025-03-20 03:48:25 --> UTF-8 Support Enabled
INFO - 2025-03-20 03:48:25 --> Utf8 Class Initialized
INFO - 2025-03-20 03:48:25 --> URI Class Initialized
INFO - 2025-03-20 03:48:25 --> Router Class Initialized
INFO - 2025-03-20 03:48:25 --> Output Class Initialized
INFO - 2025-03-20 03:48:25 --> Security Class Initialized
DEBUG - 2025-03-20 03:48:25 --> Global POST, GET and COOKIE data sanitized
INFO - 2025-03-20 03:48:25 --> Input Class Initialized
INFO - 2025-03-20 03:48:25 --> Language Class Initialized
ERROR - 2025-03-20 03:48:25 --> 404 Page Not Found: /index
INFO - 2025-03-20 03:48:25 --> Config Class Initialized
INFO - 2025-03-20 03:48:25 --> Hooks Class Initialized
DEBUG - 2025-03-20 03:48:25 --> UTF-8 Support Enabled
INFO - 2025-03-20 03:48:25 --> Utf8 Class Initialized
INFO - 2025-03-20 03:48:25 --> URI Class Initialized
INFO - 2025-03-20 03:48:25 --> Router Class Initialized
INFO - 2025-03-20 03:48:25 --> Output Class Initialized
INFO - 2025-03-20 03:48:25 --> Security Class Initialized
DEBUG - 2025-03-20 03:48:25 --> Global POST, GET and COOKIE data sanitized
INFO - 2025-03-20 03:48:25 --> Input Class Initialized
INFO - 2025-03-20 03:48:25 --> Language Class Initialized
INFO - 2025-03-20 03:48:25 --> Language Class Initialized
INFO - 2025-03-20 03:48:25 --> Config Class Initialized
INFO - 2025-03-20 03:48:25 --> Loader Class Initialized
INFO - 2025-03-20 03:48:25 --> Helper loaded: url_helper
INFO - 2025-03-20 03:48:25 --> Helper loaded: easyui_helper
INFO - 2025-03-20 03:48:25 --> Helper loaded: param_helper
INFO - 2025-03-20 03:48:25 --> Helper loaded: credential_helper
INFO - 2025-03-20 03:48:25 --> Helper loaded: template_helper
INFO - 2025-03-20 03:48:25 --> Helper loaded: rest_helper
INFO - 2025-03-20 03:48:25 --> Database Driver Class Initialized
DEBUG - 2025-03-20 03:48:25 --> Idgenerator class already loaded. Second attempt ignored.
INFO - 2025-03-20 03:48:25 --> Controller Class Initialized
INFO - 2025-03-20 03:48:25 --> Model Class Initialized
DEBUG - 2025-03-20 03:48:25 --> File loaded: /apps/web-drc/application/modules/api_v1/models/Api_v1_model.php
INFO - 2025-03-20 03:48:25 --> Model Class Initialized
INFO - 2025-03-20 03:48:25 --> Final output sent to browser
DEBUG - 2025-03-20 03:48:25 --> Total execution time: 0.0036
INFO - 2025-03-20 03:48:25 --> Config Class Initialized
INFO - 2025-03-20 03:48:25 --> Hooks Class Initialized
DEBUG - 2025-03-20 03:48:25 --> UTF-8 Support Enabled
INFO - 2025-03-20 03:48:25 --> Utf8 Class Initialized
INFO - 2025-03-20 03:48:25 --> URI Class Initialized
INFO - 2025-03-20 03:48:25 --> Router Class Initialized
INFO - 2025-03-20 03:48:25 --> Output Class Initialized
INFO - 2025-03-20 03:48:25 --> Security Class Initialized
DEBUG - 2025-03-20 03:48:25 --> Global POST, GET and COOKIE data sanitized
INFO - 2025-03-20 03:48:25 --> Input Class Initialized
INFO - 2025-03-20 03:48:25 --> Language Class Initialized
INFO - 2025-03-20 03:48:25 --> Language Class Initialized
INFO - 2025-03-20 03:48:25 --> Config Class Initialized
INFO - 2025-03-20 03:48:25 --> Loader Class Initialized
INFO - 2025-03-20 03:48:25 --> Helper loaded: url_helper
INFO - 2025-03-20 03:48:25 --> Helper loaded: easyui_helper
INFO - 2025-03-20 03:48:25 --> Helper loaded: param_helper
INFO - 2025-03-20 03:48:25 --> Helper loaded: credential_helper
INFO - 2025-03-20 03:48:25 --> Helper loaded: template_helper
INFO - 2025-03-20 03:48:25 --> Helper loaded: rest_helper
INFO - 2025-03-20 03:48:25 --> Database Driver Class Initialized
DEBUG - 2025-03-20 03:48:25 --> Idgenerator class already loaded. Second attempt ignored.
INFO - 2025-03-20 03:48:25 --> Controller Class Initialized
INFO - 2025-03-20 03:48:25 --> Model Class Initialized
DEBUG - 2025-03-20 03:48:25 --> File loaded: /apps/web-drc/application/modules/api_v1/models/Api_v1_model.php
INFO - 2025-03-20 03:48:25 --> Model Class Initialized
INFO - 2025-03-20 03:48:25 --> Final output sent to browser
DEBUG - 2025-03-20 03:48:25 --> Total execution time: 0.0029
INFO - 2025-03-20 03:48:25 --> Config Class Initialized
INFO - 2025-03-20 03:48:25 --> Hooks Class Initialized
DEBUG - 2025-03-20 03:48:25 --> UTF-8 Support Enabled
INFO - 2025-03-20 03:48:25 --> Utf8 Class Initialized
INFO - 2025-03-20 03:48:25 --> URI Class Initialized
INFO - 2025-03-20 03:48:25 --> Router Class Initialized
INFO - 2025-03-20 03:48:25 --> Output Class Initialized
INFO - 2025-03-20 03:48:25 --> Security Class Initialized
DEBUG - 2025-03-20 03:48:25 --> Global POST, GET and COOKIE data sanitized
INFO - 2025-03-20 03:48:25 --> Input Class Initialized
INFO - 2025-03-20 03:48:25 --> Language Class Initialized
INFO - 2025-03-20 03:48:25 --> Language Class Initialized
INFO - 2025-03-20 03:48:25 --> Config Class Initialized
INFO - 2025-03-20 03:48:25 --> Loader Class Initialized
INFO - 2025-03-20 03:48:25 --> Helper loaded: url_helper
INFO - 2025-03-20 03:48:25 --> Helper loaded: easyui_helper
INFO - 2025-03-20 03:48:25 --> Helper loaded: param_helper
INFO - 2025-03-20 03:48:25 --> Helper loaded: credential_helper
INFO - 2025-03-20 03:48:25 --> Helper loaded: template_helper
INFO - 2025-03-20 03:48:25 --> Helper loaded: rest_helper
INFO - 2025-03-20 03:48:25 --> Database Driver Class Initialized
DEBUG - 2025-03-20 03:48:25 --> Idgenerator class already loaded. Second attempt ignored.
INFO - 2025-03-20 03:48:25 --> Controller Class Initialized
INFO - 2025-03-20 03:48:25 --> Model Class Initialized
DEBUG - 2025-03-20 03:48:25 --> File loaded: /apps/web-drc/application/modules/api_v1/models/Api_v1_model.php
INFO - 2025-03-20 03:48:25 --> Model Class Initialized
INFO - 2025-03-20 03:48:25 --> Final output sent to browser
DEBUG - 2025-03-20 03:48:25 --> Total execution time: 0.0022
INFO - 2025-03-20 03:48:25 --> Config Class Initialized
INFO - 2025-03-20 03:48:25 --> Hooks Class Initialized
DEBUG - 2025-03-20 03:48:25 --> UTF-8 Support Enabled
INFO - 2025-03-20 03:48:25 --> Utf8 Class Initialized
INFO - 2025-03-20 03:48:25 --> URI Class Initialized
INFO - 2025-03-20 03:48:25 --> Router Class Initialized
INFO - 2025-03-20 03:48:25 --> Output Class Initialized
INFO - 2025-03-20 03:48:25 --> Security Class Initialized
DEBUG - 2025-03-20 03:48:25 --> Global POST, GET and COOKIE data sanitized
INFO - 2025-03-20 03:48:25 --> Input Class Initialized
INFO - 2025-03-20 03:48:25 --> Language Class Initialized
INFO - 2025-03-20 03:48:25 --> Language Class Initialized
INFO - 2025-03-20 03:48:25 --> Config Class Initialized
INFO - 2025-03-20 03:48:25 --> Loader Class Initialized
INFO - 2025-03-20 03:48:25 --> Helper loaded: url_helper
INFO - 2025-03-20 03:48:25 --> Helper loaded: easyui_helper
INFO - 2025-03-20 03:48:25 --> Helper loaded: param_helper
INFO - 2025-03-20 03:48:25 --> Helper loaded: credential_helper
INFO - 2025-03-20 03:48:25 --> Helper loaded: template_helper
INFO - 2025-03-20 03:48:25 --> Helper loaded: rest_helper
INFO - 2025-03-20 03:48:25 --> Database Driver Class Initialized
DEBUG - 2025-03-20 03:48:25 --> Idgenerator class already loaded. Second attempt ignored.
INFO - 2025-03-20 03:48:25 --> Controller Class Initialized
INFO - 2025-03-20 03:48:25 --> Model Class Initialized
DEBUG - 2025-03-20 03:48:25 --> File loaded: /apps/web-drc/application/modules/api_v1/models/Api_v1_model.php
INFO - 2025-03-20 03:48:25 --> Model Class Initialized
INFO - 2025-03-20 03:48:25 --> Final output sent to browser
DEBUG - 2025-03-20 03:48:25 --> Total execution time: 0.0028
INFO - 2025-03-20 03:48:26 --> Config Class Initialized
INFO - 2025-03-20 03:48:26 --> Hooks Class Initialized
DEBUG - 2025-03-20 03:48:26 --> UTF-8 Support Enabled
INFO - 2025-03-20 03:48:26 --> Utf8 Class Initialized
INFO - 2025-03-20 03:48:26 --> URI Class Initialized
INFO - 2025-03-20 03:48:26 --> Router Class Initialized
INFO - 2025-03-20 03:48:26 --> Output Class Initialized
INFO - 2025-03-20 03:48:26 --> Security Class Initialized
DEBUG - 2025-03-20 03:48:26 --> Global POST, GET and COOKIE data sanitized
INFO - 2025-03-20 03:48:26 --> Input Class Initialized
INFO - 2025-03-20 03:48:26 --> Language Class Initialized
ERROR - 2025-03-20 03:48:26 --> 404 Page Not Found: /index
INFO - 2025-03-20 03:48:39 --> Config Class Initialized
INFO - 2025-03-20 03:48:39 --> Hooks Class Initialized
DEBUG - 2025-03-20 03:48:39 --> UTF-8 Support Enabled
INFO - 2025-03-20 03:48:39 --> Utf8 Class Initialized
INFO - 2025-03-20 03:48:39 --> URI Class Initialized
INFO - 2025-03-20 03:48:39 --> Router Class Initialized
INFO - 2025-03-20 03:48:39 --> Output Class Initialized
INFO - 2025-03-20 03:48:39 --> Security Class Initialized
DEBUG - 2025-03-20 03:48:39 --> Global POST, GET and COOKIE data sanitized
INFO - 2025-03-20 03:48:39 --> Input Class Initialized
INFO - 2025-03-20 03:48:39 --> Language Class Initialized
INFO - 2025-03-20 03:48:39 --> Language Class Initialized
INFO - 2025-03-20 03:48:39 --> Config Class Initialized
INFO - 2025-03-20 03:48:39 --> Loader Class Initialized
INFO - 2025-03-20 03:48:39 --> Helper loaded: url_helper
INFO - 2025-03-20 03:48:39 --> Helper loaded: easyui_helper
INFO - 2025-03-20 03:48:39 --> Helper loaded: param_helper
INFO - 2025-03-20 03:48:39 --> Helper loaded: credential_helper
INFO - 2025-03-20 03:48:39 --> Helper loaded: template_helper
INFO - 2025-03-20 03:48:39 --> Helper loaded: rest_helper
INFO - 2025-03-20 03:48:39 --> Database Driver Class Initialized
DEBUG - 2025-03-20 03:48:39 --> Idgenerator class already loaded. Second attempt ignored.
INFO - 2025-03-20 03:48:39 --> Controller Class Initialized
INFO - 2025-03-20 03:48:39 --> Model Class Initialized
DEBUG - 2025-03-20 03:48:39 --> File loaded: /apps/web-drc/application/modules/visibility_program_active/models/Visibility_program_model.php
INFO - 2025-03-20 03:48:39 --> Model Class Initialized
INFO - 2025-03-20 03:48:39 --> Final output sent to browser
DEBUG - 2025-03-20 03:48:39 --> Total execution time: 0.0061
INFO - 2025-03-20 03:48:39 --> Config Class Initialized
INFO - 2025-03-20 03:48:39 --> Hooks Class Initialized
DEBUG - 2025-03-20 03:48:39 --> UTF-8 Support Enabled
INFO - 2025-03-20 03:48:39 --> Utf8 Class Initialized
INFO - 2025-03-20 03:48:39 --> URI Class Initialized
INFO - 2025-03-20 03:48:39 --> Router Class Initialized
INFO - 2025-03-20 03:48:39 --> Output Class Initialized
INFO - 2025-03-20 03:48:39 --> Security Class Initialized
DEBUG - 2025-03-20 03:48:39 --> Global POST, GET and COOKIE data sanitized
INFO - 2025-03-20 03:48:39 --> Input Class Initialized
INFO - 2025-03-20 03:48:39 --> Language Class Initialized
INFO - 2025-03-20 03:48:39 --> Language Class Initialized
INFO - 2025-03-20 03:48:39 --> Config Class Initialized
INFO - 2025-03-20 03:48:39 --> Loader Class Initialized
INFO - 2025-03-20 03:48:39 --> Helper loaded: url_helper
INFO - 2025-03-20 03:48:39 --> Helper loaded: easyui_helper
INFO - 2025-03-20 03:48:39 --> Helper loaded: param_helper
INFO - 2025-03-20 03:48:39 --> Helper loaded: credential_helper
INFO - 2025-03-20 03:48:39 --> Helper loaded: template_helper
INFO - 2025-03-20 03:48:39 --> Helper loaded: rest_helper
INFO - 2025-03-20 03:48:39 --> Database Driver Class Initialized
DEBUG - 2025-03-20 03:48:39 --> Idgenerator class already loaded. Second attempt ignored.
INFO - 2025-03-20 03:48:39 --> Controller Class Initialized
INFO - 2025-03-20 03:48:39 --> Model Class Initialized
DEBUG - 2025-03-20 03:48:39 --> File loaded: /apps/web-drc/application/modules/visibility_program_active/models/Visibility_program_model.php
INFO - 2025-03-20 03:48:39 --> Model Class Initialized
DEBUG - 2025-03-20 03:48:39 --> File loaded: /apps/web-drc/application/modules/visibility_program_active/views/content.php
DEBUG - 2025-03-20 03:48:39 --> File loaded: /apps/web-drc/application/views/templates/header.php
DEBUG - 2025-03-20 03:48:39 --> File loaded: /apps/web-drc/application/views/templates/toolbar.php
DEBUG - 2025-03-20 03:48:39 --> File loaded: /apps/web-drc/application/views/templates/sidebar.php
DEBUG - 2025-03-20 03:48:39 --> File loaded: /apps/web-drc/application/views/templates/contents.php
DEBUG - 2025-03-20 03:48:39 --> File loaded: /apps/web-drc/application/views/templates/content_footer.php
DEBUG - 2025-03-20 03:48:39 --> File loaded: /apps/web-drc/application/views/templates/footer.php
DEBUG - 2025-03-20 03:48:39 --> File loaded: /apps/web-drc/application/views/templates/default.php
INFO - 2025-03-20 03:48:39 --> Final output sent to browser
DEBUG - 2025-03-20 03:48:39 --> Total execution time: 0.0060
INFO - 2025-03-20 03:48:40 --> Config Class Initialized
INFO - 2025-03-20 03:48:40 --> Hooks Class Initialized
DEBUG - 2025-03-20 03:48:40 --> UTF-8 Support Enabled
INFO - 2025-03-20 03:48:40 --> Utf8 Class Initialized
INFO - 2025-03-20 03:48:40 --> URI Class Initialized
INFO - 2025-03-20 03:48:40 --> Router Class Initialized
INFO - 2025-03-20 03:48:40 --> Output Class Initialized
INFO - 2025-03-20 03:48:40 --> Security Class Initialized
DEBUG - 2025-03-20 03:48:40 --> Global POST, GET and COOKIE data sanitized
INFO - 2025-03-20 03:48:40 --> Input Class Initialized
INFO - 2025-03-20 03:48:40 --> Language Class Initialized
ERROR - 2025-03-20 03:48:40 --> 404 Page Not Found: /index
INFO - 2025-03-20 03:48:40 --> Config Class Initialized
INFO - 2025-03-20 03:48:40 --> Hooks Class Initialized
DEBUG - 2025-03-20 03:48:40 --> UTF-8 Support Enabled
INFO - 2025-03-20 03:48:40 --> Utf8 Class Initialized
INFO - 2025-03-20 03:48:40 --> URI Class Initialized
INFO - 2025-03-20 03:48:40 --> Router Class Initialized
INFO - 2025-03-20 03:48:40 --> Output Class Initialized
INFO - 2025-03-20 03:48:40 --> Security Class Initialized
DEBUG - 2025-03-20 03:48:40 --> Global POST, GET and COOKIE data sanitized
INFO - 2025-03-20 03:48:40 --> Input Class Initialized
INFO - 2025-03-20 03:48:40 --> Language Class Initialized
INFO - 2025-03-20 03:48:40 --> Language Class Initialized
INFO - 2025-03-20 03:48:40 --> Config Class Initialized
INFO - 2025-03-20 03:48:40 --> Loader Class Initialized
INFO - 2025-03-20 03:48:40 --> Helper loaded: url_helper
INFO - 2025-03-20 03:48:40 --> Helper loaded: easyui_helper
INFO - 2025-03-20 03:48:40 --> Helper loaded: param_helper
INFO - 2025-03-20 03:48:40 --> Helper loaded: credential_helper
INFO - 2025-03-20 03:48:40 --> Helper loaded: template_helper
INFO - 2025-03-20 03:48:40 --> Helper loaded: rest_helper
INFO - 2025-03-20 03:48:40 --> Database Driver Class Initialized
DEBUG - 2025-03-20 03:48:40 --> Idgenerator class already loaded. Second attempt ignored.
INFO - 2025-03-20 03:48:40 --> Controller Class Initialized
INFO - 2025-03-20 03:48:40 --> Model Class Initialized
DEBUG - 2025-03-20 03:48:40 --> File loaded: /apps/web-drc/application/modules/visibility_program_active/models/Visibility_program_model.php
INFO - 2025-03-20 03:48:40 --> Model Class Initialized
INFO - 2025-03-20 03:48:40 --> Final output sent to browser
DEBUG - 2025-03-20 03:48:40 --> Total execution time: 0.0088
INFO - 2025-03-20 03:51:31 --> Config Class Initialized
INFO - 2025-03-20 03:51:31 --> Hooks Class Initialized
DEBUG - 2025-03-20 03:51:31 --> UTF-8 Support Enabled
INFO - 2025-03-20 03:51:31 --> Utf8 Class Initialized
INFO - 2025-03-20 03:51:31 --> URI Class Initialized
INFO - 2025-03-20 03:51:31 --> Router Class Initialized
INFO - 2025-03-20 03:51:31 --> Output Class Initialized
INFO - 2025-03-20 03:51:31 --> Security Class Initialized
DEBUG - 2025-03-20 03:51:31 --> Global POST, GET and COOKIE data sanitized
INFO - 2025-03-20 03:51:31 --> Input Class Initialized
INFO - 2025-03-20 03:51:31 --> Language Class Initialized
INFO - 2025-03-20 03:51:31 --> Language Class Initialized
INFO - 2025-03-20 03:51:31 --> Config Class Initialized
INFO - 2025-03-20 03:51:31 --> Loader Class Initialized
INFO - 2025-03-20 03:51:31 --> Helper loaded: url_helper
INFO - 2025-03-20 03:51:31 --> Helper loaded: easyui_helper
INFO - 2025-03-20 03:51:31 --> Helper loaded: param_helper
INFO - 2025-03-20 03:51:31 --> Helper loaded: credential_helper
INFO - 2025-03-20 03:51:31 --> Helper loaded: template_helper
INFO - 2025-03-20 03:51:31 --> Helper loaded: rest_helper
INFO - 2025-03-20 03:51:31 --> Database Driver Class Initialized
DEBUG - 2025-03-20 03:51:31 --> Idgenerator class already loaded. Second attempt ignored.
INFO - 2025-03-20 03:51:31 --> Controller Class Initialized
INFO - 2025-03-20 03:51:31 --> Model Class Initialized
DEBUG - 2025-03-20 03:51:31 --> File loaded: /apps/web-drc/application/modules/visibility_program_active/models/Visibility_program_model.php
INFO - 2025-03-20 03:51:31 --> Model Class Initialized
DEBUG - 2025-03-20 03:51:31 --> File loaded: /apps/web-drc/application/modules/visibility_program_active/views/content.php
DEBUG - 2025-03-20 03:51:31 --> File loaded: /apps/web-drc/application/views/templates/header.php
DEBUG - 2025-03-20 03:51:31 --> File loaded: /apps/web-drc/application/views/templates/toolbar.php
DEBUG - 2025-03-20 03:51:31 --> File loaded: /apps/web-drc/application/views/templates/sidebar.php
DEBUG - 2025-03-20 03:51:31 --> File loaded: /apps/web-drc/application/views/templates/contents.php
DEBUG - 2025-03-20 03:51:31 --> File loaded: /apps/web-drc/application/views/templates/content_footer.php
DEBUG - 2025-03-20 03:51:31 --> File loaded: /apps/web-drc/application/views/templates/footer.php
DEBUG - 2025-03-20 03:51:31 --> File loaded: /apps/web-drc/application/views/templates/default.php
INFO - 2025-03-20 03:51:31 --> Final output sent to browser
DEBUG - 2025-03-20 03:51:31 --> Total execution time: 0.0082
INFO - 2025-03-20 03:51:33 --> Config Class Initialized
INFO - 2025-03-20 03:51:33 --> Hooks Class Initialized
DEBUG - 2025-03-20 03:51:33 --> UTF-8 Support Enabled
INFO - 2025-03-20 03:51:33 --> Utf8 Class Initialized
INFO - 2025-03-20 03:51:33 --> URI Class Initialized
INFO - 2025-03-20 03:51:33 --> Router Class Initialized
INFO - 2025-03-20 03:51:33 --> Output Class Initialized
INFO - 2025-03-20 03:51:33 --> Security Class Initialized
DEBUG - 2025-03-20 03:51:33 --> Global POST, GET and COOKIE data sanitized
INFO - 2025-03-20 03:51:33 --> Input Class Initialized
INFO - 2025-03-20 03:51:33 --> Language Class Initialized
ERROR - 2025-03-20 03:51:33 --> 404 Page Not Found: /index
INFO - 2025-03-20 03:51:33 --> Config Class Initialized
INFO - 2025-03-20 03:51:33 --> Hooks Class Initialized
DEBUG - 2025-03-20 03:51:33 --> UTF-8 Support Enabled
INFO - 2025-03-20 03:51:33 --> Utf8 Class Initialized
INFO - 2025-03-20 03:51:33 --> URI Class Initialized
INFO - 2025-03-20 03:51:33 --> Router Class Initialized
INFO - 2025-03-20 03:51:33 --> Output Class Initialized
INFO - 2025-03-20 03:51:33 --> Security Class Initialized
DEBUG - 2025-03-20 03:51:33 --> Global POST, GET and COOKIE data sanitized
INFO - 2025-03-20 03:51:33 --> Input Class Initialized
INFO - 2025-03-20 03:51:33 --> Language Class Initialized
INFO - 2025-03-20 03:51:33 --> Language Class Initialized
INFO - 2025-03-20 03:51:33 --> Config Class Initialized
INFO - 2025-03-20 03:51:33 --> Loader Class Initialized
INFO - 2025-03-20 03:51:33 --> Helper loaded: url_helper
INFO - 2025-03-20 03:51:33 --> Helper loaded: easyui_helper
INFO - 2025-03-20 03:51:33 --> Helper loaded: param_helper
INFO - 2025-03-20 03:51:33 --> Helper loaded: credential_helper
INFO - 2025-03-20 03:51:33 --> Helper loaded: template_helper
INFO - 2025-03-20 03:51:33 --> Helper loaded: rest_helper
INFO - 2025-03-20 03:51:33 --> Database Driver Class Initialized
DEBUG - 2025-03-20 03:51:33 --> Idgenerator class already loaded. Second attempt ignored.
INFO - 2025-03-20 03:51:33 --> Controller Class Initialized
INFO - 2025-03-20 03:51:33 --> Model Class Initialized
DEBUG - 2025-03-20 03:51:33 --> File loaded: /apps/web-drc/application/modules/visibility_program_active/models/Visibility_program_model.php
INFO - 2025-03-20 03:51:33 --> Model Class Initialized
INFO - 2025-03-20 03:51:33 --> Final output sent to browser
DEBUG - 2025-03-20 03:51:33 --> Total execution time: 0.0075
INFO - 2025-03-20 03:51:34 --> Config Class Initialized
INFO - 2025-03-20 03:51:34 --> Hooks Class Initialized
DEBUG - 2025-03-20 03:51:34 --> UTF-8 Support Enabled
INFO - 2025-03-20 03:51:34 --> Utf8 Class Initialized
INFO - 2025-03-20 03:51:34 --> URI Class Initialized
INFO - 2025-03-20 03:51:34 --> Router Class Initialized
INFO - 2025-03-20 03:51:34 --> Output Class Initialized
INFO - 2025-03-20 03:51:34 --> Security Class Initialized
DEBUG - 2025-03-20 03:51:34 --> Global POST, GET and COOKIE data sanitized
INFO - 2025-03-20 03:51:34 --> Input Class Initialized
INFO - 2025-03-20 03:51:34 --> Language Class Initialized
ERROR - 2025-03-20 03:51:34 --> 404 Page Not Found: /index
INFO - 2025-03-20 03:51:38 --> Config Class Initialized
INFO - 2025-03-20 03:51:38 --> Hooks Class Initialized
DEBUG - 2025-03-20 03:51:38 --> UTF-8 Support Enabled
INFO - 2025-03-20 03:51:38 --> Utf8 Class Initialized
INFO - 2025-03-20 03:51:38 --> URI Class Initialized
INFO - 2025-03-20 03:51:38 --> Router Class Initialized
INFO - 2025-03-20 03:51:38 --> Output Class Initialized
INFO - 2025-03-20 03:51:38 --> Security Class Initialized
DEBUG - 2025-03-20 03:51:38 --> Global POST, GET and COOKIE data sanitized
INFO - 2025-03-20 03:51:38 --> Input Class Initialized
INFO - 2025-03-20 03:51:38 --> Language Class Initialized
INFO - 2025-03-20 03:51:38 --> Language Class Initialized
INFO - 2025-03-20 03:51:38 --> Config Class Initialized
INFO - 2025-03-20 03:51:38 --> Loader Class Initialized
INFO - 2025-03-20 03:51:38 --> Helper loaded: url_helper
INFO - 2025-03-20 03:51:38 --> Helper loaded: easyui_helper
INFO - 2025-03-20 03:51:38 --> Helper loaded: param_helper
INFO - 2025-03-20 03:51:38 --> Helper loaded: credential_helper
INFO - 2025-03-20 03:51:38 --> Helper loaded: template_helper
INFO - 2025-03-20 03:51:38 --> Helper loaded: rest_helper
INFO - 2025-03-20 03:51:38 --> Database Driver Class Initialized
DEBUG - 2025-03-20 03:51:38 --> Idgenerator class already loaded. Second attempt ignored.
INFO - 2025-03-20 03:51:38 --> Controller Class Initialized
INFO - 2025-03-20 03:51:38 --> Model Class Initialized
DEBUG - 2025-03-20 03:51:38 --> File loaded: /apps/web-drc/application/modules/visibility_program_active/models/Visibility_program_model.php
INFO - 2025-03-20 03:51:38 --> Model Class Initialized
DEBUG - 2025-03-20 03:51:38 --> File loaded: /apps/web-drc/application/modules/visibility_program_active/views/form.php
DEBUG - 2025-03-20 03:51:38 --> File loaded: /apps/web-drc/application/views/templates/header.php
DEBUG - 2025-03-20 03:51:38 --> File loaded: /apps/web-drc/application/views/templates/toolbar.php
DEBUG - 2025-03-20 03:51:38 --> File loaded: /apps/web-drc/application/views/templates/sidebar.php
DEBUG - 2025-03-20 03:51:38 --> File loaded: /apps/web-drc/application/views/templates/contents.php
DEBUG - 2025-03-20 03:51:38 --> File loaded: /apps/web-drc/application/views/templates/content_footer.php
DEBUG - 2025-03-20 03:51:38 --> File loaded: /apps/web-drc/application/views/templates/footer.php
DEBUG - 2025-03-20 03:51:38 --> File loaded: /apps/web-drc/application/views/templates/default.php
INFO - 2025-03-20 03:51:38 --> Final output sent to browser
DEBUG - 2025-03-20 03:51:38 --> Total execution time: 0.0060
INFO - 2025-03-20 03:51:39 --> Config Class Initialized
INFO - 2025-03-20 03:51:39 --> Hooks Class Initialized
DEBUG - 2025-03-20 03:51:39 --> UTF-8 Support Enabled
INFO - 2025-03-20 03:51:39 --> Utf8 Class Initialized
INFO - 2025-03-20 03:51:39 --> URI Class Initialized
INFO - 2025-03-20 03:51:39 --> Router Class Initialized
INFO - 2025-03-20 03:51:39 --> Output Class Initialized
INFO - 2025-03-20 03:51:39 --> Security Class Initialized
DEBUG - 2025-03-20 03:51:39 --> Global POST, GET and COOKIE data sanitized
INFO - 2025-03-20 03:51:39 --> Input Class Initialized
INFO - 2025-03-20 03:51:39 --> Language Class Initialized
ERROR - 2025-03-20 03:51:39 --> 404 Page Not Found: /index
INFO - 2025-03-20 03:51:39 --> Config Class Initialized
INFO - 2025-03-20 03:51:39 --> Hooks Class Initialized
DEBUG - 2025-03-20 03:51:39 --> UTF-8 Support Enabled
INFO - 2025-03-20 03:51:39 --> Utf8 Class Initialized
INFO - 2025-03-20 03:51:39 --> URI Class Initialized
INFO - 2025-03-20 03:51:39 --> Router Class Initialized
INFO - 2025-03-20 03:51:39 --> Output Class Initialized
INFO - 2025-03-20 03:51:39 --> Security Class Initialized
DEBUG - 2025-03-20 03:51:39 --> Global POST, GET and COOKIE data sanitized
INFO - 2025-03-20 03:51:39 --> Input Class Initialized
INFO - 2025-03-20 03:51:39 --> Language Class Initialized
INFO - 2025-03-20 03:51:39 --> Language Class Initialized
INFO - 2025-03-20 03:51:39 --> Config Class Initialized
INFO - 2025-03-20 03:51:39 --> Loader Class Initialized
INFO - 2025-03-20 03:51:39 --> Helper loaded: url_helper
INFO - 2025-03-20 03:51:39 --> Helper loaded: easyui_helper
INFO - 2025-03-20 03:51:39 --> Helper loaded: param_helper
INFO - 2025-03-20 03:51:39 --> Helper loaded: credential_helper
INFO - 2025-03-20 03:51:39 --> Helper loaded: template_helper
INFO - 2025-03-20 03:51:39 --> Helper loaded: rest_helper
INFO - 2025-03-20 03:51:39 --> Database Driver Class Initialized
DEBUG - 2025-03-20 03:51:39 --> Idgenerator class already loaded. Second attempt ignored.
INFO - 2025-03-20 03:51:39 --> Controller Class Initialized
INFO - 2025-03-20 03:51:39 --> Model Class Initialized
DEBUG - 2025-03-20 03:51:39 --> File loaded: /apps/web-drc/application/modules/api_v1/models/Api_v1_model.php
INFO - 2025-03-20 03:51:39 --> Model Class Initialized
INFO - 2025-03-20 03:51:39 --> Final output sent to browser
DEBUG - 2025-03-20 03:51:39 --> Total execution time: 0.0029
INFO - 2025-03-20 03:51:39 --> Config Class Initialized
INFO - 2025-03-20 03:51:39 --> Hooks Class Initialized
DEBUG - 2025-03-20 03:51:39 --> UTF-8 Support Enabled
INFO - 2025-03-20 03:51:39 --> Utf8 Class Initialized
INFO - 2025-03-20 03:51:39 --> URI Class Initialized
INFO - 2025-03-20 03:51:39 --> Router Class Initialized
INFO - 2025-03-20 03:51:39 --> Output Class Initialized
INFO - 2025-03-20 03:51:39 --> Security Class Initialized
DEBUG - 2025-03-20 03:51:39 --> Global POST, GET and COOKIE data sanitized
INFO - 2025-03-20 03:51:39 --> Input Class Initialized
INFO - 2025-03-20 03:51:39 --> Language Class Initialized
INFO - 2025-03-20 03:51:39 --> Language Class Initialized
INFO - 2025-03-20 03:51:39 --> Config Class Initialized
INFO - 2025-03-20 03:51:39 --> Loader Class Initialized
INFO - 2025-03-20 03:51:39 --> Helper loaded: url_helper
INFO - 2025-03-20 03:51:39 --> Helper loaded: easyui_helper
INFO - 2025-03-20 03:51:39 --> Helper loaded: param_helper
INFO - 2025-03-20 03:51:39 --> Helper loaded: credential_helper
INFO - 2025-03-20 03:51:39 --> Helper loaded: template_helper
INFO - 2025-03-20 03:51:39 --> Helper loaded: rest_helper
INFO - 2025-03-20 03:51:39 --> Database Driver Class Initialized
DEBUG - 2025-03-20 03:51:39 --> Idgenerator class already loaded. Second attempt ignored.
INFO - 2025-03-20 03:51:39 --> Controller Class Initialized
INFO - 2025-03-20 03:51:39 --> Model Class Initialized
DEBUG - 2025-03-20 03:51:39 --> File loaded: /apps/web-drc/application/modules/api_v1/models/Api_v1_model.php
INFO - 2025-03-20 03:51:39 --> Model Class Initialized
INFO - 2025-03-20 03:51:39 --> Final output sent to browser
DEBUG - 2025-03-20 03:51:39 --> Total execution time: 0.0024
INFO - 2025-03-20 03:51:39 --> Config Class Initialized
INFO - 2025-03-20 03:51:39 --> Hooks Class Initialized
DEBUG - 2025-03-20 03:51:39 --> UTF-8 Support Enabled
INFO - 2025-03-20 03:51:39 --> Utf8 Class Initialized
INFO - 2025-03-20 03:51:39 --> URI Class Initialized
INFO - 2025-03-20 03:51:39 --> Router Class Initialized
INFO - 2025-03-20 03:51:39 --> Output Class Initialized
INFO - 2025-03-20 03:51:39 --> Security Class Initialized
DEBUG - 2025-03-20 03:51:39 --> Global POST, GET and COOKIE data sanitized
INFO - 2025-03-20 03:51:39 --> Input Class Initialized
INFO - 2025-03-20 03:51:39 --> Language Class Initialized
INFO - 2025-03-20 03:51:39 --> Language Class Initialized
INFO - 2025-03-20 03:51:39 --> Config Class Initialized
INFO - 2025-03-20 03:51:39 --> Loader Class Initialized
INFO - 2025-03-20 03:51:39 --> Helper loaded: url_helper
INFO - 2025-03-20 03:51:39 --> Helper loaded: easyui_helper
INFO - 2025-03-20 03:51:39 --> Helper loaded: param_helper
INFO - 2025-03-20 03:51:39 --> Helper loaded: credential_helper
INFO - 2025-03-20 03:51:39 --> Helper loaded: template_helper
INFO - 2025-03-20 03:51:39 --> Helper loaded: rest_helper
INFO - 2025-03-20 03:51:39 --> Database Driver Class Initialized
DEBUG - 2025-03-20 03:51:39 --> Idgenerator class already loaded. Second attempt ignored.
INFO - 2025-03-20 03:51:39 --> Controller Class Initialized
INFO - 2025-03-20 03:51:39 --> Model Class Initialized
DEBUG - 2025-03-20 03:51:39 --> File loaded: /apps/web-drc/application/modules/api_v1/models/Api_v1_model.php
INFO - 2025-03-20 03:51:39 --> Model Class Initialized
INFO - 2025-03-20 03:51:39 --> Final output sent to browser
DEBUG - 2025-03-20 03:51:39 --> Total execution time: 0.0029
INFO - 2025-03-20 03:51:39 --> Config Class Initialized
INFO - 2025-03-20 03:51:39 --> Hooks Class Initialized
DEBUG - 2025-03-20 03:51:39 --> UTF-8 Support Enabled
INFO - 2025-03-20 03:51:39 --> Utf8 Class Initialized
INFO - 2025-03-20 03:51:39 --> URI Class Initialized
INFO - 2025-03-20 03:51:39 --> Router Class Initialized
INFO - 2025-03-20 03:51:39 --> Output Class Initialized
INFO - 2025-03-20 03:51:39 --> Security Class Initialized
DEBUG - 2025-03-20 03:51:39 --> Global POST, GET and COOKIE data sanitized
INFO - 2025-03-20 03:51:39 --> Input Class Initialized
INFO - 2025-03-20 03:51:39 --> Language Class Initialized
INFO - 2025-03-20 03:51:39 --> Language Class Initialized
INFO - 2025-03-20 03:51:39 --> Config Class Initialized
INFO - 2025-03-20 03:51:39 --> Loader Class Initialized
INFO - 2025-03-20 03:51:39 --> Helper loaded: url_helper
INFO - 2025-03-20 03:51:39 --> Helper loaded: easyui_helper
INFO - 2025-03-20 03:51:39 --> Helper loaded: param_helper
INFO - 2025-03-20 03:51:39 --> Helper loaded: credential_helper
INFO - 2025-03-20 03:51:39 --> Helper loaded: template_helper
INFO - 2025-03-20 03:51:39 --> Helper loaded: rest_helper
INFO - 2025-03-20 03:51:39 --> Database Driver Class Initialized
DEBUG - 2025-03-20 03:51:39 --> Idgenerator class already loaded. Second attempt ignored.
INFO - 2025-03-20 03:51:39 --> Controller Class Initialized
INFO - 2025-03-20 03:51:39 --> Model Class Initialized
DEBUG - 2025-03-20 03:51:39 --> File loaded: /apps/web-drc/application/modules/api_v1/models/Api_v1_model.php
INFO - 2025-03-20 03:51:39 --> Model Class Initialized
INFO - 2025-03-20 03:51:39 --> Final output sent to browser
DEBUG - 2025-03-20 03:51:39 --> Total execution time: 0.0030
INFO - 2025-03-20 03:51:42 --> Config Class Initialized
INFO - 2025-03-20 03:51:42 --> Hooks Class Initialized
DEBUG - 2025-03-20 03:51:42 --> UTF-8 Support Enabled
INFO - 2025-03-20 03:51:42 --> Utf8 Class Initialized
INFO - 2025-03-20 03:51:42 --> URI Class Initialized
INFO - 2025-03-20 03:51:42 --> Router Class Initialized
INFO - 2025-03-20 03:51:42 --> Output Class Initialized
INFO - 2025-03-20 03:51:42 --> Security Class Initialized
DEBUG - 2025-03-20 03:51:42 --> Global POST, GET and COOKIE data sanitized
INFO - 2025-03-20 03:51:42 --> Input Class Initialized
INFO - 2025-03-20 03:51:42 --> Language Class Initialized
INFO - 2025-03-20 03:51:42 --> Language Class Initialized
INFO - 2025-03-20 03:51:42 --> Config Class Initialized
INFO - 2025-03-20 03:51:42 --> Loader Class Initialized
INFO - 2025-03-20 03:51:42 --> Helper loaded: url_helper
INFO - 2025-03-20 03:51:42 --> Helper loaded: easyui_helper
INFO - 2025-03-20 03:51:42 --> Helper loaded: param_helper
INFO - 2025-03-20 03:51:42 --> Helper loaded: credential_helper
INFO - 2025-03-20 03:51:42 --> Helper loaded: template_helper
INFO - 2025-03-20 03:51:42 --> Helper loaded: rest_helper
INFO - 2025-03-20 03:51:42 --> Database Driver Class Initialized
DEBUG - 2025-03-20 03:51:42 --> Idgenerator class already loaded. Second attempt ignored.
INFO - 2025-03-20 03:51:42 --> Controller Class Initialized
INFO - 2025-03-20 03:51:42 --> Model Class Initialized
DEBUG - 2025-03-20 03:51:42 --> File loaded: /apps/web-drc/application/modules/api_v1/models/Api_v1_model.php
INFO - 2025-03-20 03:51:42 --> Model Class Initialized
INFO - 2025-03-20 03:51:42 --> Final output sent to browser
DEBUG - 2025-03-20 03:51:42 --> Total execution time: 0.0034
INFO - 2025-03-20 03:51:45 --> Config Class Initialized
INFO - 2025-03-20 03:51:45 --> Hooks Class Initialized
DEBUG - 2025-03-20 03:51:45 --> UTF-8 Support Enabled
INFO - 2025-03-20 03:51:45 --> Utf8 Class Initialized
INFO - 2025-03-20 03:51:45 --> URI Class Initialized
INFO - 2025-03-20 03:51:45 --> Router Class Initialized
INFO - 2025-03-20 03:51:45 --> Output Class Initialized
INFO - 2025-03-20 03:51:45 --> Security Class Initialized
DEBUG - 2025-03-20 03:51:45 --> Global POST, GET and COOKIE data sanitized
INFO - 2025-03-20 03:51:45 --> Input Class Initialized
INFO - 2025-03-20 03:51:45 --> Language Class Initialized
INFO - 2025-03-20 03:51:45 --> Language Class Initialized
INFO - 2025-03-20 03:51:45 --> Config Class Initialized
INFO - 2025-03-20 03:51:45 --> Loader Class Initialized
INFO - 2025-03-20 03:51:45 --> Helper loaded: url_helper
INFO - 2025-03-20 03:51:45 --> Helper loaded: easyui_helper
INFO - 2025-03-20 03:51:45 --> Helper loaded: param_helper
INFO - 2025-03-20 03:51:45 --> Helper loaded: credential_helper
INFO - 2025-03-20 03:51:45 --> Helper loaded: template_helper
INFO - 2025-03-20 03:51:45 --> Helper loaded: rest_helper
INFO - 2025-03-20 03:51:45 --> Database Driver Class Initialized
DEBUG - 2025-03-20 03:51:45 --> Idgenerator class already loaded. Second attempt ignored.
INFO - 2025-03-20 03:51:45 --> Controller Class Initialized
INFO - 2025-03-20 03:51:45 --> Model Class Initialized
DEBUG - 2025-03-20 03:51:45 --> File loaded: /apps/web-drc/application/modules/api_v1/models/Api_v1_model.php
INFO - 2025-03-20 03:51:45 --> Model Class Initialized
INFO - 2025-03-20 03:51:45 --> Final output sent to browser
DEBUG - 2025-03-20 03:51:45 --> Total execution time: 0.0039
INFO - 2025-03-20 03:51:53 --> Config Class Initialized
INFO - 2025-03-20 03:51:53 --> Hooks Class Initialized
DEBUG - 2025-03-20 03:51:53 --> UTF-8 Support Enabled
INFO - 2025-03-20 03:51:53 --> Utf8 Class Initialized
INFO - 2025-03-20 03:51:53 --> URI Class Initialized
INFO - 2025-03-20 03:51:53 --> Router Class Initialized
INFO - 2025-03-20 03:51:53 --> Output Class Initialized
INFO - 2025-03-20 03:51:53 --> Security Class Initialized
DEBUG - 2025-03-20 03:51:53 --> Global POST, GET and COOKIE data sanitized
INFO - 2025-03-20 03:51:53 --> Input Class Initialized
INFO - 2025-03-20 03:51:53 --> Language Class Initialized
INFO - 2025-03-20 03:51:53 --> Language Class Initialized
INFO - 2025-03-20 03:51:53 --> Config Class Initialized
INFO - 2025-03-20 03:51:53 --> Loader Class Initialized
INFO - 2025-03-20 03:51:53 --> Helper loaded: url_helper
INFO - 2025-03-20 03:51:53 --> Helper loaded: easyui_helper
INFO - 2025-03-20 03:51:53 --> Helper loaded: param_helper
INFO - 2025-03-20 03:51:53 --> Helper loaded: credential_helper
INFO - 2025-03-20 03:51:53 --> Helper loaded: template_helper
INFO - 2025-03-20 03:51:53 --> Helper loaded: rest_helper
INFO - 2025-03-20 03:51:53 --> Database Driver Class Initialized
DEBUG - 2025-03-20 03:51:53 --> Idgenerator class already loaded. Second attempt ignored.
INFO - 2025-03-20 03:51:53 --> Controller Class Initialized
INFO - 2025-03-20 03:51:53 --> Model Class Initialized
DEBUG - 2025-03-20 03:51:53 --> File loaded: /apps/web-drc/application/modules/visibility_program_active/models/Visibility_program_model.php
INFO - 2025-03-20 03:51:53 --> Model Class Initialized
INFO - 2025-03-20 03:51:53 --> Final output sent to browser
DEBUG - 2025-03-20 03:51:53 --> Total execution time: 0.0069
INFO - 2025-03-20 03:51:53 --> Config Class Initialized
INFO - 2025-03-20 03:51:53 --> Hooks Class Initialized
DEBUG - 2025-03-20 03:51:53 --> UTF-8 Support Enabled
INFO - 2025-03-20 03:51:53 --> Utf8 Class Initialized
INFO - 2025-03-20 03:51:53 --> URI Class Initialized
INFO - 2025-03-20 03:51:53 --> Router Class Initialized
INFO - 2025-03-20 03:51:53 --> Output Class Initialized
INFO - 2025-03-20 03:51:53 --> Security Class Initialized
DEBUG - 2025-03-20 03:51:53 --> Global POST, GET and COOKIE data sanitized
INFO - 2025-03-20 03:51:53 --> Input Class Initialized
INFO - 2025-03-20 03:51:53 --> Language Class Initialized
INFO - 2025-03-20 03:51:53 --> Language Class Initialized
INFO - 2025-03-20 03:51:53 --> Config Class Initialized
INFO - 2025-03-20 03:51:53 --> Loader Class Initialized
INFO - 2025-03-20 03:51:53 --> Helper loaded: url_helper
INFO - 2025-03-20 03:51:53 --> Helper loaded: easyui_helper
INFO - 2025-03-20 03:51:53 --> Helper loaded: param_helper
INFO - 2025-03-20 03:51:53 --> Helper loaded: credential_helper
INFO - 2025-03-20 03:51:53 --> Helper loaded: template_helper
INFO - 2025-03-20 03:51:53 --> Helper loaded: rest_helper
INFO - 2025-03-20 03:51:53 --> Database Driver Class Initialized
DEBUG - 2025-03-20 03:51:53 --> Idgenerator class already loaded. Second attempt ignored.
INFO - 2025-03-20 03:51:53 --> Controller Class Initialized
INFO - 2025-03-20 03:51:53 --> Model Class Initialized
DEBUG - 2025-03-20 03:51:53 --> File loaded: /apps/web-drc/application/modules/visibility_program_active/models/Visibility_program_model.php
INFO - 2025-03-20 03:51:53 --> Model Class Initialized
DEBUG - 2025-03-20 03:51:53 --> File loaded: /apps/web-drc/application/modules/visibility_program_active/views/content.php
DEBUG - 2025-03-20 03:51:53 --> File loaded: /apps/web-drc/application/views/templates/header.php
DEBUG - 2025-03-20 03:51:53 --> File loaded: /apps/web-drc/application/views/templates/toolbar.php
DEBUG - 2025-03-20 03:51:53 --> File loaded: /apps/web-drc/application/views/templates/sidebar.php
DEBUG - 2025-03-20 03:51:53 --> File loaded: /apps/web-drc/application/views/templates/contents.php
DEBUG - 2025-03-20 03:51:53 --> File loaded: /apps/web-drc/application/views/templates/content_footer.php
DEBUG - 2025-03-20 03:51:53 --> File loaded: /apps/web-drc/application/views/templates/footer.php
DEBUG - 2025-03-20 03:51:53 --> File loaded: /apps/web-drc/application/views/templates/default.php
INFO - 2025-03-20 03:51:53 --> Final output sent to browser
DEBUG - 2025-03-20 03:51:53 --> Total execution time: 0.0058
INFO - 2025-03-20 03:51:53 --> Config Class Initialized
INFO - 2025-03-20 03:51:53 --> Hooks Class Initialized
DEBUG - 2025-03-20 03:51:53 --> UTF-8 Support Enabled
INFO - 2025-03-20 03:51:53 --> Utf8 Class Initialized
INFO - 2025-03-20 03:51:53 --> URI Class Initialized
INFO - 2025-03-20 03:51:53 --> Router Class Initialized
INFO - 2025-03-20 03:51:53 --> Output Class Initialized
INFO - 2025-03-20 03:51:53 --> Security Class Initialized
DEBUG - 2025-03-20 03:51:53 --> Global POST, GET and COOKIE data sanitized
INFO - 2025-03-20 03:51:53 --> Input Class Initialized
INFO - 2025-03-20 03:51:53 --> Language Class Initialized
ERROR - 2025-03-20 03:51:53 --> 404 Page Not Found: /index
INFO - 2025-03-20 03:51:53 --> Config Class Initialized
INFO - 2025-03-20 03:51:53 --> Hooks Class Initialized
DEBUG - 2025-03-20 03:51:53 --> UTF-8 Support Enabled
INFO - 2025-03-20 03:51:53 --> Utf8 Class Initialized
INFO - 2025-03-20 03:51:53 --> URI Class Initialized
INFO - 2025-03-20 03:51:53 --> Router Class Initialized
INFO - 2025-03-20 03:51:53 --> Output Class Initialized
INFO - 2025-03-20 03:51:53 --> Security Class Initialized
DEBUG - 2025-03-20 03:51:53 --> Global POST, GET and COOKIE data sanitized
INFO - 2025-03-20 03:51:53 --> Input Class Initialized
INFO - 2025-03-20 03:51:53 --> Language Class Initialized
INFO - 2025-03-20 03:51:53 --> Language Class Initialized
INFO - 2025-03-20 03:51:53 --> Config Class Initialized
INFO - 2025-03-20 03:51:53 --> Loader Class Initialized
INFO - 2025-03-20 03:51:53 --> Helper loaded: url_helper
INFO - 2025-03-20 03:51:53 --> Helper loaded: easyui_helper
INFO - 2025-03-20 03:51:53 --> Helper loaded: param_helper
INFO - 2025-03-20 03:51:53 --> Helper loaded: credential_helper
INFO - 2025-03-20 03:51:53 --> Helper loaded: template_helper
INFO - 2025-03-20 03:51:53 --> Helper loaded: rest_helper
INFO - 2025-03-20 03:51:53 --> Database Driver Class Initialized
DEBUG - 2025-03-20 03:51:53 --> Idgenerator class already loaded. Second attempt ignored.
INFO - 2025-03-20 03:51:53 --> Controller Class Initialized
INFO - 2025-03-20 03:51:53 --> Model Class Initialized
DEBUG - 2025-03-20 03:51:53 --> File loaded: /apps/web-drc/application/modules/visibility_program_active/models/Visibility_program_model.php
INFO - 2025-03-20 03:51:53 --> Model Class Initialized
INFO - 2025-03-20 03:51:53 --> Final output sent to browser
DEBUG - 2025-03-20 03:51:53 --> Total execution time: 0.0110
INFO - 2025-03-20 03:51:59 --> Config Class Initialized
INFO - 2025-03-20 03:51:59 --> Hooks Class Initialized
DEBUG - 2025-03-20 03:51:59 --> UTF-8 Support Enabled
INFO - 2025-03-20 03:51:59 --> Utf8 Class Initialized
INFO - 2025-03-20 03:51:59 --> URI Class Initialized
INFO - 2025-03-20 03:51:59 --> Router Class Initialized
INFO - 2025-03-20 03:51:59 --> Output Class Initialized
INFO - 2025-03-20 03:51:59 --> Security Class Initialized
DEBUG - 2025-03-20 03:51:59 --> Global POST, GET and COOKIE data sanitized
INFO - 2025-03-20 03:51:59 --> Input Class Initialized
INFO - 2025-03-20 03:51:59 --> Language Class Initialized
INFO - 2025-03-20 03:51:59 --> Language Class Initialized
INFO - 2025-03-20 03:51:59 --> Config Class Initialized
INFO - 2025-03-20 03:51:59 --> Loader Class Initialized
INFO - 2025-03-20 03:51:59 --> Helper loaded: url_helper
INFO - 2025-03-20 03:51:59 --> Helper loaded: easyui_helper
INFO - 2025-03-20 03:51:59 --> Helper loaded: param_helper
INFO - 2025-03-20 03:51:59 --> Helper loaded: credential_helper
INFO - 2025-03-20 03:51:59 --> Helper loaded: template_helper
INFO - 2025-03-20 03:51:59 --> Helper loaded: rest_helper
INFO - 2025-03-20 03:51:59 --> Database Driver Class Initialized
DEBUG - 2025-03-20 03:51:59 --> Idgenerator class already loaded. Second attempt ignored.
INFO - 2025-03-20 03:51:59 --> Controller Class Initialized
INFO - 2025-03-20 03:51:59 --> Model Class Initialized
DEBUG - 2025-03-20 03:51:59 --> File loaded: /apps/web-drc/application/modules/visibility_program_active/models/Visibility_program_model.php
INFO - 2025-03-20 03:51:59 --> Model Class Initialized
INFO - 2025-03-20 03:51:59 --> Final output sent to browser
DEBUG - 2025-03-20 03:51:59 --> Total execution time: 0.0048
INFO - 2025-03-20 03:51:59 --> Config Class Initialized
INFO - 2025-03-20 03:51:59 --> Hooks Class Initialized
DEBUG - 2025-03-20 03:51:59 --> UTF-8 Support Enabled
INFO - 2025-03-20 03:51:59 --> Utf8 Class Initialized
INFO - 2025-03-20 03:51:59 --> URI Class Initialized
INFO - 2025-03-20 03:51:59 --> Router Class Initialized
INFO - 2025-03-20 03:51:59 --> Output Class Initialized
INFO - 2025-03-20 03:51:59 --> Security Class Initialized
DEBUG - 2025-03-20 03:51:59 --> Global POST, GET and COOKIE data sanitized
INFO - 2025-03-20 03:51:59 --> Input Class Initialized
INFO - 2025-03-20 03:51:59 --> Language Class Initialized
INFO - 2025-03-20 03:51:59 --> Language Class Initialized
INFO - 2025-03-20 03:51:59 --> Config Class Initialized
INFO - 2025-03-20 03:51:59 --> Loader Class Initialized
INFO - 2025-03-20 03:51:59 --> Helper loaded: url_helper
INFO - 2025-03-20 03:51:59 --> Helper loaded: easyui_helper
INFO - 2025-03-20 03:51:59 --> Helper loaded: param_helper
INFO - 2025-03-20 03:51:59 --> Helper loaded: credential_helper
INFO - 2025-03-20 03:51:59 --> Helper loaded: template_helper
INFO - 2025-03-20 03:51:59 --> Helper loaded: rest_helper
INFO - 2025-03-20 03:51:59 --> Database Driver Class Initialized
DEBUG - 2025-03-20 03:51:59 --> Idgenerator class already loaded. Second attempt ignored.
INFO - 2025-03-20 03:51:59 --> Controller Class Initialized
INFO - 2025-03-20 03:51:59 --> Model Class Initialized
DEBUG - 2025-03-20 03:51:59 --> File loaded: /apps/web-drc/application/modules/visibility_program_active/models/Visibility_program_model.php
INFO - 2025-03-20 03:51:59 --> Model Class Initialized
INFO - 2025-03-20 03:51:59 --> Final output sent to browser
DEBUG - 2025-03-20 03:51:59 --> Total execution time: 0.0051
INFO - 2025-03-20 03:52:05 --> Config Class Initialized
INFO - 2025-03-20 03:52:05 --> Hooks Class Initialized
DEBUG - 2025-03-20 03:52:05 --> UTF-8 Support Enabled
INFO - 2025-03-20 03:52:05 --> Utf8 Class Initialized
INFO - 2025-03-20 03:52:05 --> URI Class Initialized
INFO - 2025-03-20 03:52:05 --> Router Class Initialized
INFO - 2025-03-20 03:52:05 --> Output Class Initialized
INFO - 2025-03-20 03:52:05 --> Security Class Initialized
DEBUG - 2025-03-20 03:52:05 --> Global POST, GET and COOKIE data sanitized
INFO - 2025-03-20 03:52:05 --> Input Class Initialized
INFO - 2025-03-20 03:52:05 --> Language Class Initialized
INFO - 2025-03-20 03:52:05 --> Language Class Initialized
INFO - 2025-03-20 03:52:05 --> Config Class Initialized
INFO - 2025-03-20 03:52:05 --> Loader Class Initialized
INFO - 2025-03-20 03:52:05 --> Helper loaded: url_helper
INFO - 2025-03-20 03:52:05 --> Helper loaded: easyui_helper
INFO - 2025-03-20 03:52:05 --> Helper loaded: param_helper
INFO - 2025-03-20 03:52:05 --> Helper loaded: credential_helper
INFO - 2025-03-20 03:52:05 --> Helper loaded: template_helper
INFO - 2025-03-20 03:52:05 --> Helper loaded: rest_helper
INFO - 2025-03-20 03:52:05 --> Database Driver Class Initialized
DEBUG - 2025-03-20 03:52:05 --> Idgenerator class already loaded. Second attempt ignored.
INFO - 2025-03-20 03:52:05 --> Controller Class Initialized
INFO - 2025-03-20 03:52:05 --> Model Class Initialized
DEBUG - 2025-03-20 03:52:05 --> File loaded: /apps/web-drc/application/modules/visibility_program_active/models/Visibility_program_model.php
INFO - 2025-03-20 03:52:05 --> Model Class Initialized
INFO - 2025-03-20 03:52:05 --> Final output sent to browser
DEBUG - 2025-03-20 03:52:05 --> Total execution time: 0.0054
INFO - 2025-03-20 03:52:05 --> Config Class Initialized
INFO - 2025-03-20 03:52:05 --> Hooks Class Initialized
DEBUG - 2025-03-20 03:52:05 --> UTF-8 Support Enabled
INFO - 2025-03-20 03:52:05 --> Utf8 Class Initialized
INFO - 2025-03-20 03:52:05 --> URI Class Initialized
INFO - 2025-03-20 03:52:05 --> Router Class Initialized
INFO - 2025-03-20 03:52:05 --> Output Class Initialized
INFO - 2025-03-20 03:52:05 --> Security Class Initialized
DEBUG - 2025-03-20 03:52:05 --> Global POST, GET and COOKIE data sanitized
INFO - 2025-03-20 03:52:05 --> Input Class Initialized
INFO - 2025-03-20 03:52:05 --> Language Class Initialized
INFO - 2025-03-20 03:52:05 --> Language Class Initialized
INFO - 2025-03-20 03:52:05 --> Config Class Initialized
INFO - 2025-03-20 03:52:05 --> Loader Class Initialized
INFO - 2025-03-20 03:52:05 --> Helper loaded: url_helper
INFO - 2025-03-20 03:52:05 --> Helper loaded: easyui_helper
INFO - 2025-03-20 03:52:05 --> Helper loaded: param_helper
INFO - 2025-03-20 03:52:05 --> Helper loaded: credential_helper
INFO - 2025-03-20 03:52:05 --> Helper loaded: template_helper
INFO - 2025-03-20 03:52:05 --> Helper loaded: rest_helper
INFO - 2025-03-20 03:52:05 --> Database Driver Class Initialized
DEBUG - 2025-03-20 03:52:05 --> Idgenerator class already loaded. Second attempt ignored.
INFO - 2025-03-20 03:52:05 --> Controller Class Initialized
INFO - 2025-03-20 03:52:05 --> Model Class Initialized
DEBUG - 2025-03-20 03:52:05 --> File loaded: /apps/web-drc/application/modules/visibility_program_active/models/Visibility_program_model.php
INFO - 2025-03-20 03:52:05 --> Model Class Initialized
INFO - 2025-03-20 03:52:05 --> Final output sent to browser
DEBUG - 2025-03-20 03:52:05 --> Total execution time: 0.0059
INFO - 2025-03-20 03:52:46 --> Config Class Initialized
INFO - 2025-03-20 03:52:46 --> Hooks Class Initialized
DEBUG - 2025-03-20 03:52:46 --> UTF-8 Support Enabled
INFO - 2025-03-20 03:52:46 --> Utf8 Class Initialized
INFO - 2025-03-20 03:52:46 --> URI Class Initialized
INFO - 2025-03-20 03:52:46 --> Router Class Initialized
INFO - 2025-03-20 03:52:46 --> Output Class Initialized
INFO - 2025-03-20 03:52:46 --> Security Class Initialized
DEBUG - 2025-03-20 03:52:46 --> Global POST, GET and COOKIE data sanitized
INFO - 2025-03-20 03:52:46 --> Input Class Initialized
INFO - 2025-03-20 03:52:46 --> Language Class Initialized
INFO - 2025-03-20 03:52:46 --> Language Class Initialized
INFO - 2025-03-20 03:52:46 --> Config Class Initialized
INFO - 2025-03-20 03:52:46 --> Loader Class Initialized
INFO - 2025-03-20 03:52:46 --> Helper loaded: url_helper
INFO - 2025-03-20 03:52:46 --> Helper loaded: easyui_helper
INFO - 2025-03-20 03:52:46 --> Helper loaded: param_helper
INFO - 2025-03-20 03:52:46 --> Helper loaded: credential_helper
INFO - 2025-03-20 03:52:46 --> Helper loaded: template_helper
INFO - 2025-03-20 03:52:46 --> Helper loaded: rest_helper
INFO - 2025-03-20 03:52:46 --> Database Driver Class Initialized
DEBUG - 2025-03-20 03:52:46 --> Idgenerator class already loaded. Second attempt ignored.
INFO - 2025-03-20 03:52:46 --> Controller Class Initialized
INFO - 2025-03-20 03:52:46 --> Model Class Initialized
DEBUG - 2025-03-20 03:52:46 --> File loaded: /apps/web-drc/application/modules/visibility_program_active/models/Visibility_program_model.php
INFO - 2025-03-20 03:52:46 --> Model Class Initialized
DEBUG - 2025-03-20 03:52:46 --> File loaded: /apps/web-drc/application/modules/visibility_program_active/views/content.php
DEBUG - 2025-03-20 03:52:46 --> File loaded: /apps/web-drc/application/views/templates/header.php
DEBUG - 2025-03-20 03:52:46 --> File loaded: /apps/web-drc/application/views/templates/toolbar.php
DEBUG - 2025-03-20 03:52:46 --> File loaded: /apps/web-drc/application/views/templates/sidebar.php
DEBUG - 2025-03-20 03:52:46 --> File loaded: /apps/web-drc/application/views/templates/contents.php
DEBUG - 2025-03-20 03:52:46 --> File loaded: /apps/web-drc/application/views/templates/content_footer.php
DEBUG - 2025-03-20 03:52:46 --> File loaded: /apps/web-drc/application/views/templates/footer.php
DEBUG - 2025-03-20 03:52:46 --> File loaded: /apps/web-drc/application/views/templates/default.php
INFO - 2025-03-20 03:52:46 --> Final output sent to browser
DEBUG - 2025-03-20 03:52:46 --> Total execution time: 0.0060
INFO - 2025-03-20 03:52:48 --> Config Class Initialized
INFO - 2025-03-20 03:52:48 --> Hooks Class Initialized
DEBUG - 2025-03-20 03:52:48 --> UTF-8 Support Enabled
INFO - 2025-03-20 03:52:48 --> Utf8 Class Initialized
INFO - 2025-03-20 03:52:48 --> URI Class Initialized
INFO - 2025-03-20 03:52:48 --> Router Class Initialized
INFO - 2025-03-20 03:52:48 --> Output Class Initialized
INFO - 2025-03-20 03:52:48 --> Security Class Initialized
DEBUG - 2025-03-20 03:52:48 --> Global POST, GET and COOKIE data sanitized
INFO - 2025-03-20 03:52:48 --> Input Class Initialized
INFO - 2025-03-20 03:52:48 --> Language Class Initialized
ERROR - 2025-03-20 03:52:48 --> 404 Page Not Found: /index
INFO - 2025-03-20 03:52:48 --> Config Class Initialized
INFO - 2025-03-20 03:52:48 --> Hooks Class Initialized
DEBUG - 2025-03-20 03:52:48 --> UTF-8 Support Enabled
INFO - 2025-03-20 03:52:48 --> Utf8 Class Initialized
INFO - 2025-03-20 03:52:48 --> URI Class Initialized
INFO - 2025-03-20 03:52:48 --> Router Class Initialized
INFO - 2025-03-20 03:52:48 --> Output Class Initialized
INFO - 2025-03-20 03:52:48 --> Security Class Initialized
DEBUG - 2025-03-20 03:52:48 --> Global POST, GET and COOKIE data sanitized
INFO - 2025-03-20 03:52:48 --> Input Class Initialized
INFO - 2025-03-20 03:52:48 --> Language Class Initialized
INFO - 2025-03-20 03:52:48 --> Language Class Initialized
INFO - 2025-03-20 03:52:48 --> Config Class Initialized
INFO - 2025-03-20 03:52:48 --> Loader Class Initialized
INFO - 2025-03-20 03:52:48 --> Helper loaded: url_helper
INFO - 2025-03-20 03:52:48 --> Helper loaded: easyui_helper
INFO - 2025-03-20 03:52:48 --> Helper loaded: param_helper
INFO - 2025-03-20 03:52:48 --> Helper loaded: credential_helper
INFO - 2025-03-20 03:52:48 --> Helper loaded: template_helper
INFO - 2025-03-20 03:52:48 --> Helper loaded: rest_helper
INFO - 2025-03-20 03:52:48 --> Database Driver Class Initialized
DEBUG - 2025-03-20 03:52:48 --> Idgenerator class already loaded. Second attempt ignored.
INFO - 2025-03-20 03:52:48 --> Controller Class Initialized
INFO - 2025-03-20 03:52:48 --> Model Class Initialized
DEBUG - 2025-03-20 03:52:48 --> File loaded: /apps/web-drc/application/modules/visibility_program_active/models/Visibility_program_model.php
INFO - 2025-03-20 03:52:48 --> Model Class Initialized
INFO - 2025-03-20 03:52:48 --> Final output sent to browser
DEBUG - 2025-03-20 03:52:48 --> Total execution time: 0.0047
INFO - 2025-03-20 03:52:48 --> Config Class Initialized
INFO - 2025-03-20 03:52:48 --> Hooks Class Initialized
DEBUG - 2025-03-20 03:52:48 --> UTF-8 Support Enabled
INFO - 2025-03-20 03:52:48 --> Utf8 Class Initialized
INFO - 2025-03-20 03:52:48 --> URI Class Initialized
INFO - 2025-03-20 03:52:48 --> Router Class Initialized
INFO - 2025-03-20 03:52:48 --> Output Class Initialized
INFO - 2025-03-20 03:52:48 --> Security Class Initialized
DEBUG - 2025-03-20 03:52:48 --> Global POST, GET and COOKIE data sanitized
INFO - 2025-03-20 03:52:48 --> Input Class Initialized
INFO - 2025-03-20 03:52:48 --> Language Class Initialized
ERROR - 2025-03-20 03:52:48 --> 404 Page Not Found: /index
INFO - 2025-03-20 03:52:53 --> Config Class Initialized
INFO - 2025-03-20 03:52:53 --> Hooks Class Initialized
DEBUG - 2025-03-20 03:52:53 --> UTF-8 Support Enabled
INFO - 2025-03-20 03:52:53 --> Utf8 Class Initialized
INFO - 2025-03-20 03:52:53 --> URI Class Initialized
INFO - 2025-03-20 03:52:53 --> Router Class Initialized
INFO - 2025-03-20 03:52:53 --> Output Class Initialized
INFO - 2025-03-20 03:52:53 --> Security Class Initialized
DEBUG - 2025-03-20 03:52:53 --> Global POST, GET and COOKIE data sanitized
INFO - 2025-03-20 03:52:53 --> Input Class Initialized
INFO - 2025-03-20 03:52:53 --> Language Class Initialized
INFO - 2025-03-20 03:52:53 --> Language Class Initialized
INFO - 2025-03-20 03:52:53 --> Config Class Initialized
INFO - 2025-03-20 03:52:53 --> Loader Class Initialized
INFO - 2025-03-20 03:52:53 --> Helper loaded: url_helper
INFO - 2025-03-20 03:52:53 --> Helper loaded: easyui_helper
INFO - 2025-03-20 03:52:53 --> Helper loaded: param_helper
INFO - 2025-03-20 03:52:53 --> Helper loaded: credential_helper
INFO - 2025-03-20 03:52:53 --> Helper loaded: template_helper
INFO - 2025-03-20 03:52:53 --> Helper loaded: rest_helper
INFO - 2025-03-20 03:52:53 --> Database Driver Class Initialized
DEBUG - 2025-03-20 03:52:53 --> Idgenerator class already loaded. Second attempt ignored.
INFO - 2025-03-20 03:52:53 --> Controller Class Initialized
INFO - 2025-03-20 03:52:53 --> Model Class Initialized
DEBUG - 2025-03-20 03:52:53 --> File loaded: /apps/web-drc/application/modules/visibility_program_active/models/Visibility_program_model.php
INFO - 2025-03-20 03:52:53 --> Model Class Initialized
DEBUG - 2025-03-20 03:52:53 --> File loaded: /apps/web-drc/application/modules/visibility_program_active/views/content.php
DEBUG - 2025-03-20 03:52:53 --> File loaded: /apps/web-drc/application/views/templates/header.php
DEBUG - 2025-03-20 03:52:53 --> File loaded: /apps/web-drc/application/views/templates/toolbar.php
DEBUG - 2025-03-20 03:52:53 --> File loaded: /apps/web-drc/application/views/templates/sidebar.php
DEBUG - 2025-03-20 03:52:53 --> File loaded: /apps/web-drc/application/views/templates/contents.php
DEBUG - 2025-03-20 03:52:53 --> File loaded: /apps/web-drc/application/views/templates/content_footer.php
DEBUG - 2025-03-20 03:52:53 --> File loaded: /apps/web-drc/application/views/templates/footer.php
DEBUG - 2025-03-20 03:52:53 --> File loaded: /apps/web-drc/application/views/templates/default.php
INFO - 2025-03-20 03:52:53 --> Final output sent to browser
DEBUG - 2025-03-20 03:52:53 --> Total execution time: 0.0059
INFO - 2025-03-20 03:52:54 --> Config Class Initialized
INFO - 2025-03-20 03:52:54 --> Hooks Class Initialized
DEBUG - 2025-03-20 03:52:54 --> UTF-8 Support Enabled
INFO - 2025-03-20 03:52:54 --> Utf8 Class Initialized
INFO - 2025-03-20 03:52:54 --> URI Class Initialized
INFO - 2025-03-20 03:52:54 --> Router Class Initialized
INFO - 2025-03-20 03:52:54 --> Output Class Initialized
INFO - 2025-03-20 03:52:54 --> Security Class Initialized
DEBUG - 2025-03-20 03:52:54 --> Global POST, GET and COOKIE data sanitized
INFO - 2025-03-20 03:52:54 --> Input Class Initialized
INFO - 2025-03-20 03:52:54 --> Language Class Initialized
ERROR - 2025-03-20 03:52:54 --> 404 Page Not Found: /index
INFO - 2025-03-20 03:52:54 --> Config Class Initialized
INFO - 2025-03-20 03:52:54 --> Hooks Class Initialized
DEBUG - 2025-03-20 03:52:54 --> UTF-8 Support Enabled
INFO - 2025-03-20 03:52:54 --> Utf8 Class Initialized
INFO - 2025-03-20 03:52:54 --> URI Class Initialized
INFO - 2025-03-20 03:52:54 --> Router Class Initialized
INFO - 2025-03-20 03:52:54 --> Output Class Initialized
INFO - 2025-03-20 03:52:54 --> Security Class Initialized
DEBUG - 2025-03-20 03:52:54 --> Global POST, GET and COOKIE data sanitized
INFO - 2025-03-20 03:52:54 --> Input Class Initialized
INFO - 2025-03-20 03:52:54 --> Language Class Initialized
INFO - 2025-03-20 03:52:54 --> Language Class Initialized
INFO - 2025-03-20 03:52:54 --> Config Class Initialized
INFO - 2025-03-20 03:52:54 --> Loader Class Initialized
INFO - 2025-03-20 03:52:54 --> Helper loaded: url_helper
INFO - 2025-03-20 03:52:54 --> Helper loaded: easyui_helper
INFO - 2025-03-20 03:52:54 --> Helper loaded: param_helper
INFO - 2025-03-20 03:52:54 --> Helper loaded: credential_helper
INFO - 2025-03-20 03:52:54 --> Helper loaded: template_helper
INFO - 2025-03-20 03:52:54 --> Helper loaded: rest_helper
INFO - 2025-03-20 03:52:54 --> Database Driver Class Initialized
DEBUG - 2025-03-20 03:52:54 --> Idgenerator class already loaded. Second attempt ignored.
INFO - 2025-03-20 03:52:54 --> Controller Class Initialized
INFO - 2025-03-20 03:52:54 --> Model Class Initialized
DEBUG - 2025-03-20 03:52:54 --> File loaded: /apps/web-drc/application/modules/visibility_program_active/models/Visibility_program_model.php
INFO - 2025-03-20 03:52:54 --> Model Class Initialized
INFO - 2025-03-20 03:52:54 --> Final output sent to browser
DEBUG - 2025-03-20 03:52:54 --> Total execution time: 0.0048
INFO - 2025-03-20 03:52:55 --> Config Class Initialized
INFO - 2025-03-20 03:52:55 --> Hooks Class Initialized
DEBUG - 2025-03-20 03:52:55 --> UTF-8 Support Enabled
INFO - 2025-03-20 03:52:55 --> Utf8 Class Initialized
INFO - 2025-03-20 03:52:55 --> URI Class Initialized
INFO - 2025-03-20 03:52:55 --> Router Class Initialized
INFO - 2025-03-20 03:52:55 --> Output Class Initialized
INFO - 2025-03-20 03:52:55 --> Security Class Initialized
DEBUG - 2025-03-20 03:52:55 --> Global POST, GET and COOKIE data sanitized
INFO - 2025-03-20 03:52:55 --> Input Class Initialized
INFO - 2025-03-20 03:52:55 --> Language Class Initialized
ERROR - 2025-03-20 03:52:55 --> 404 Page Not Found: /index
INFO - 2025-03-20 03:52:57 --> Config Class Initialized
INFO - 2025-03-20 03:52:57 --> Hooks Class Initialized
DEBUG - 2025-03-20 03:52:57 --> UTF-8 Support Enabled
INFO - 2025-03-20 03:52:57 --> Utf8 Class Initialized
INFO - 2025-03-20 03:52:57 --> URI Class Initialized
INFO - 2025-03-20 03:52:57 --> Router Class Initialized
INFO - 2025-03-20 03:52:57 --> Output Class Initialized
INFO - 2025-03-20 03:52:57 --> Security Class Initialized
DEBUG - 2025-03-20 03:52:57 --> Global POST, GET and COOKIE data sanitized
INFO - 2025-03-20 03:52:57 --> Input Class Initialized
INFO - 2025-03-20 03:52:57 --> Language Class Initialized
INFO - 2025-03-20 03:52:57 --> Language Class Initialized
INFO - 2025-03-20 03:52:57 --> Config Class Initialized
INFO - 2025-03-20 03:52:57 --> Loader Class Initialized
INFO - 2025-03-20 03:52:57 --> Helper loaded: url_helper
INFO - 2025-03-20 03:52:57 --> Helper loaded: easyui_helper
INFO - 2025-03-20 03:52:57 --> Helper loaded: param_helper
INFO - 2025-03-20 03:52:57 --> Helper loaded: credential_helper
INFO - 2025-03-20 03:52:57 --> Helper loaded: template_helper
INFO - 2025-03-20 03:52:57 --> Helper loaded: rest_helper
INFO - 2025-03-20 03:52:57 --> Database Driver Class Initialized
DEBUG - 2025-03-20 03:52:57 --> Idgenerator class already loaded. Second attempt ignored.
INFO - 2025-03-20 03:52:57 --> Controller Class Initialized
INFO - 2025-03-20 03:52:57 --> Model Class Initialized
DEBUG - 2025-03-20 03:52:57 --> File loaded: /apps/web-drc/application/modules/visibility_program_active/models/Visibility_program_model.php
INFO - 2025-03-20 03:52:57 --> Model Class Initialized
DEBUG - 2025-03-20 03:52:57 --> File loaded: /apps/web-drc/application/modules/visibility_program_active/views/form.php
DEBUG - 2025-03-20 03:52:57 --> File loaded: /apps/web-drc/application/views/templates/header.php
DEBUG - 2025-03-20 03:52:57 --> File loaded: /apps/web-drc/application/views/templates/toolbar.php
DEBUG - 2025-03-20 03:52:57 --> File loaded: /apps/web-drc/application/views/templates/sidebar.php
DEBUG - 2025-03-20 03:52:57 --> File loaded: /apps/web-drc/application/views/templates/contents.php
DEBUG - 2025-03-20 03:52:57 --> File loaded: /apps/web-drc/application/views/templates/content_footer.php
DEBUG - 2025-03-20 03:52:57 --> File loaded: /apps/web-drc/application/views/templates/footer.php
DEBUG - 2025-03-20 03:52:57 --> File loaded: /apps/web-drc/application/views/templates/default.php
INFO - 2025-03-20 03:52:57 --> Final output sent to browser
DEBUG - 2025-03-20 03:52:57 --> Total execution time: 0.0118
INFO - 2025-03-20 03:52:58 --> Config Class Initialized
INFO - 2025-03-20 03:52:58 --> Hooks Class Initialized
DEBUG - 2025-03-20 03:52:58 --> UTF-8 Support Enabled
INFO - 2025-03-20 03:52:58 --> Utf8 Class Initialized
INFO - 2025-03-20 03:52:58 --> URI Class Initialized
INFO - 2025-03-20 03:52:58 --> Router Class Initialized
INFO - 2025-03-20 03:52:58 --> Output Class Initialized
INFO - 2025-03-20 03:52:58 --> Security Class Initialized
DEBUG - 2025-03-20 03:52:58 --> Global POST, GET and COOKIE data sanitized
INFO - 2025-03-20 03:52:58 --> Input Class Initialized
INFO - 2025-03-20 03:52:58 --> Language Class Initialized
ERROR - 2025-03-20 03:52:58 --> 404 Page Not Found: /index
INFO - 2025-03-20 03:52:58 --> Config Class Initialized
INFO - 2025-03-20 03:52:58 --> Hooks Class Initialized
DEBUG - 2025-03-20 03:52:58 --> UTF-8 Support Enabled
INFO - 2025-03-20 03:52:58 --> Utf8 Class Initialized
INFO - 2025-03-20 03:52:58 --> URI Class Initialized
INFO - 2025-03-20 03:52:58 --> Router Class Initialized
INFO - 2025-03-20 03:52:58 --> Output Class Initialized
INFO - 2025-03-20 03:52:58 --> Security Class Initialized
DEBUG - 2025-03-20 03:52:58 --> Global POST, GET and COOKIE data sanitized
INFO - 2025-03-20 03:52:58 --> Input Class Initialized
INFO - 2025-03-20 03:52:58 --> Language Class Initialized
INFO - 2025-03-20 03:52:58 --> Language Class Initialized
INFO - 2025-03-20 03:52:58 --> Config Class Initialized
INFO - 2025-03-20 03:52:58 --> Loader Class Initialized
INFO - 2025-03-20 03:52:58 --> Helper loaded: url_helper
INFO - 2025-03-20 03:52:58 --> Helper loaded: easyui_helper
INFO - 2025-03-20 03:52:58 --> Helper loaded: param_helper
INFO - 2025-03-20 03:52:58 --> Helper loaded: credential_helper
INFO - 2025-03-20 03:52:58 --> Helper loaded: template_helper
INFO - 2025-03-20 03:52:58 --> Helper loaded: rest_helper
INFO - 2025-03-20 03:52:58 --> Database Driver Class Initialized
DEBUG - 2025-03-20 03:52:58 --> Idgenerator class already loaded. Second attempt ignored.
INFO - 2025-03-20 03:52:58 --> Controller Class Initialized
INFO - 2025-03-20 03:52:58 --> Model Class Initialized
DEBUG - 2025-03-20 03:52:58 --> File loaded: /apps/web-drc/application/modules/api_v1/models/Api_v1_model.php
INFO - 2025-03-20 03:52:58 --> Model Class Initialized
INFO - 2025-03-20 03:52:58 --> Final output sent to browser
DEBUG - 2025-03-20 03:52:58 --> Total execution time: 0.0033
INFO - 2025-03-20 03:52:58 --> Config Class Initialized
INFO - 2025-03-20 03:52:58 --> Hooks Class Initialized
DEBUG - 2025-03-20 03:52:58 --> UTF-8 Support Enabled
INFO - 2025-03-20 03:52:58 --> Utf8 Class Initialized
INFO - 2025-03-20 03:52:58 --> URI Class Initialized
INFO - 2025-03-20 03:52:58 --> Router Class Initialized
INFO - 2025-03-20 03:52:58 --> Output Class Initialized
INFO - 2025-03-20 03:52:58 --> Security Class Initialized
DEBUG - 2025-03-20 03:52:58 --> Global POST, GET and COOKIE data sanitized
INFO - 2025-03-20 03:52:58 --> Input Class Initialized
INFO - 2025-03-20 03:52:58 --> Language Class Initialized
INFO - 2025-03-20 03:52:58 --> Language Class Initialized
INFO - 2025-03-20 03:52:58 --> Config Class Initialized
INFO - 2025-03-20 03:52:58 --> Loader Class Initialized
INFO - 2025-03-20 03:52:58 --> Helper loaded: url_helper
INFO - 2025-03-20 03:52:58 --> Helper loaded: easyui_helper
INFO - 2025-03-20 03:52:58 --> Helper loaded: param_helper
INFO - 2025-03-20 03:52:58 --> Helper loaded: credential_helper
INFO - 2025-03-20 03:52:58 --> Helper loaded: template_helper
INFO - 2025-03-20 03:52:58 --> Helper loaded: rest_helper
INFO - 2025-03-20 03:52:58 --> Database Driver Class Initialized
DEBUG - 2025-03-20 03:52:58 --> Idgenerator class already loaded. Second attempt ignored.
INFO - 2025-03-20 03:52:58 --> Controller Class Initialized
INFO - 2025-03-20 03:52:58 --> Model Class Initialized
DEBUG - 2025-03-20 03:52:58 --> File loaded: /apps/web-drc/application/modules/api_v1/models/Api_v1_model.php
INFO - 2025-03-20 03:52:58 --> Model Class Initialized
INFO - 2025-03-20 03:52:58 --> Final output sent to browser
DEBUG - 2025-03-20 03:52:58 --> Total execution time: 0.0026
INFO - 2025-03-20 03:53:30 --> Config Class Initialized
INFO - 2025-03-20 03:53:30 --> Hooks Class Initialized
DEBUG - 2025-03-20 03:53:30 --> UTF-8 Support Enabled
INFO - 2025-03-20 03:53:30 --> Utf8 Class Initialized
INFO - 2025-03-20 03:53:30 --> URI Class Initialized
INFO - 2025-03-20 03:53:30 --> Router Class Initialized
INFO - 2025-03-20 03:53:30 --> Output Class Initialized
INFO - 2025-03-20 03:53:30 --> Security Class Initialized
DEBUG - 2025-03-20 03:53:30 --> Global POST, GET and COOKIE data sanitized
INFO - 2025-03-20 03:53:30 --> Input Class Initialized
INFO - 2025-03-20 03:53:30 --> Language Class Initialized
INFO - 2025-03-20 03:53:30 --> Language Class Initialized
INFO - 2025-03-20 03:53:30 --> Config Class Initialized
INFO - 2025-03-20 03:53:30 --> Loader Class Initialized
INFO - 2025-03-20 03:53:30 --> Helper loaded: url_helper
INFO - 2025-03-20 03:53:30 --> Helper loaded: easyui_helper
INFO - 2025-03-20 03:53:30 --> Helper loaded: param_helper
INFO - 2025-03-20 03:53:30 --> Helper loaded: credential_helper
INFO - 2025-03-20 03:53:30 --> Helper loaded: template_helper
INFO - 2025-03-20 03:53:30 --> Helper loaded: rest_helper
INFO - 2025-03-20 03:53:30 --> Database Driver Class Initialized
DEBUG - 2025-03-20 03:53:30 --> Idgenerator class already loaded. Second attempt ignored.
INFO - 2025-03-20 03:53:30 --> Controller Class Initialized
INFO - 2025-03-20 03:53:30 --> Model Class Initialized
DEBUG - 2025-03-20 03:53:30 --> File loaded: /apps/web-drc/application/modules/api_v1/models/Api_v1_model.php
INFO - 2025-03-20 03:53:30 --> Model Class Initialized
INFO - 2025-03-20 03:53:30 --> Final output sent to browser
DEBUG - 2025-03-20 03:53:30 --> Total execution time: 0.0035
INFO - 2025-03-20 03:53:32 --> Config Class Initialized
INFO - 2025-03-20 03:53:32 --> Hooks Class Initialized
DEBUG - 2025-03-20 03:53:32 --> UTF-8 Support Enabled
INFO - 2025-03-20 03:53:32 --> Utf8 Class Initialized
INFO - 2025-03-20 03:53:32 --> URI Class Initialized
INFO - 2025-03-20 03:53:32 --> Router Class Initialized
INFO - 2025-03-20 03:53:32 --> Output Class Initialized
INFO - 2025-03-20 03:53:32 --> Security Class Initialized
DEBUG - 2025-03-20 03:53:32 --> Global POST, GET and COOKIE data sanitized
INFO - 2025-03-20 03:53:32 --> Input Class Initialized
INFO - 2025-03-20 03:53:32 --> Language Class Initialized
INFO - 2025-03-20 03:53:32 --> Language Class Initialized
INFO - 2025-03-20 03:53:32 --> Config Class Initialized
INFO - 2025-03-20 03:53:32 --> Loader Class Initialized
INFO - 2025-03-20 03:53:32 --> Helper loaded: url_helper
INFO - 2025-03-20 03:53:32 --> Helper loaded: easyui_helper
INFO - 2025-03-20 03:53:32 --> Helper loaded: param_helper
INFO - 2025-03-20 03:53:32 --> Helper loaded: credential_helper
INFO - 2025-03-20 03:53:32 --> Helper loaded: template_helper
INFO - 2025-03-20 03:53:32 --> Helper loaded: rest_helper
INFO - 2025-03-20 03:53:32 --> Database Driver Class Initialized
DEBUG - 2025-03-20 03:53:32 --> Idgenerator class already loaded. Second attempt ignored.
INFO - 2025-03-20 03:53:32 --> Controller Class Initialized
INFO - 2025-03-20 03:53:32 --> Model Class Initialized
DEBUG - 2025-03-20 03:53:32 --> File loaded: /apps/web-drc/application/modules/api_v1/models/Api_v1_model.php
INFO - 2025-03-20 03:53:32 --> Model Class Initialized
INFO - 2025-03-20 03:53:32 --> Final output sent to browser
DEBUG - 2025-03-20 03:53:32 --> Total execution time: 0.0038
INFO - 2025-03-20 03:53:38 --> Config Class Initialized
INFO - 2025-03-20 03:53:38 --> Hooks Class Initialized
DEBUG - 2025-03-20 03:53:38 --> UTF-8 Support Enabled
INFO - 2025-03-20 03:53:38 --> Utf8 Class Initialized
INFO - 2025-03-20 03:53:38 --> URI Class Initialized
INFO - 2025-03-20 03:53:38 --> Router Class Initialized
INFO - 2025-03-20 03:53:38 --> Output Class Initialized
INFO - 2025-03-20 03:53:38 --> Security Class Initialized
DEBUG - 2025-03-20 03:53:38 --> Global POST, GET and COOKIE data sanitized
INFO - 2025-03-20 03:53:38 --> Input Class Initialized
INFO - 2025-03-20 03:53:38 --> Language Class Initialized
INFO - 2025-03-20 03:53:38 --> Language Class Initialized
INFO - 2025-03-20 03:53:38 --> Config Class Initialized
INFO - 2025-03-20 03:53:38 --> Loader Class Initialized
INFO - 2025-03-20 03:53:38 --> Helper loaded: url_helper
INFO - 2025-03-20 03:53:38 --> Helper loaded: easyui_helper
INFO - 2025-03-20 03:53:38 --> Helper loaded: param_helper
INFO - 2025-03-20 03:53:38 --> Helper loaded: credential_helper
INFO - 2025-03-20 03:53:38 --> Helper loaded: template_helper
INFO - 2025-03-20 03:53:38 --> Helper loaded: rest_helper
INFO - 2025-03-20 03:53:38 --> Database Driver Class Initialized
DEBUG - 2025-03-20 03:53:38 --> Idgenerator class already loaded. Second attempt ignored.
INFO - 2025-03-20 03:53:38 --> Controller Class Initialized
INFO - 2025-03-20 03:53:38 --> Model Class Initialized
DEBUG - 2025-03-20 03:53:38 --> File loaded: /apps/web-drc/application/modules/visibility_program_active/models/Visibility_program_model.php
INFO - 2025-03-20 03:53:38 --> Model Class Initialized
INFO - 2025-03-20 03:53:38 --> Final output sent to browser
DEBUG - 2025-03-20 03:53:38 --> Total execution time: 0.0042
INFO - 2025-03-20 03:53:38 --> Config Class Initialized
INFO - 2025-03-20 03:53:38 --> Hooks Class Initialized
DEBUG - 2025-03-20 03:53:38 --> UTF-8 Support Enabled
INFO - 2025-03-20 03:53:38 --> Utf8 Class Initialized
INFO - 2025-03-20 03:53:38 --> URI Class Initialized
INFO - 2025-03-20 03:53:38 --> Router Class Initialized
INFO - 2025-03-20 03:53:38 --> Output Class Initialized
INFO - 2025-03-20 03:53:38 --> Security Class Initialized
DEBUG - 2025-03-20 03:53:38 --> Global POST, GET and COOKIE data sanitized
INFO - 2025-03-20 03:53:38 --> Input Class Initialized
INFO - 2025-03-20 03:53:38 --> Language Class Initialized
INFO - 2025-03-20 03:53:38 --> Language Class Initialized
INFO - 2025-03-20 03:53:38 --> Config Class Initialized
INFO - 2025-03-20 03:53:38 --> Loader Class Initialized
INFO - 2025-03-20 03:53:38 --> Helper loaded: url_helper
INFO - 2025-03-20 03:53:38 --> Helper loaded: easyui_helper
INFO - 2025-03-20 03:53:38 --> Helper loaded: param_helper
INFO - 2025-03-20 03:53:38 --> Helper loaded: credential_helper
INFO - 2025-03-20 03:53:38 --> Helper loaded: template_helper
INFO - 2025-03-20 03:53:38 --> Helper loaded: rest_helper
INFO - 2025-03-20 03:53:38 --> Database Driver Class Initialized
DEBUG - 2025-03-20 03:53:38 --> Idgenerator class already loaded. Second attempt ignored.
INFO - 2025-03-20 03:53:38 --> Controller Class Initialized
INFO - 2025-03-20 03:53:38 --> Model Class Initialized
DEBUG - 2025-03-20 03:53:38 --> File loaded: /apps/web-drc/application/modules/visibility_program_active/models/Visibility_program_model.php
INFO - 2025-03-20 03:53:38 --> Model Class Initialized
DEBUG - 2025-03-20 03:53:38 --> File loaded: /apps/web-drc/application/modules/visibility_program_active/views/content.php
DEBUG - 2025-03-20 03:53:38 --> File loaded: /apps/web-drc/application/views/templates/header.php
DEBUG - 2025-03-20 03:53:38 --> File loaded: /apps/web-drc/application/views/templates/toolbar.php
DEBUG - 2025-03-20 03:53:38 --> File loaded: /apps/web-drc/application/views/templates/sidebar.php
DEBUG - 2025-03-20 03:53:38 --> File loaded: /apps/web-drc/application/views/templates/contents.php
DEBUG - 2025-03-20 03:53:38 --> File loaded: /apps/web-drc/application/views/templates/content_footer.php
DEBUG - 2025-03-20 03:53:38 --> File loaded: /apps/web-drc/application/views/templates/footer.php
DEBUG - 2025-03-20 03:53:38 --> File loaded: /apps/web-drc/application/views/templates/default.php
INFO - 2025-03-20 03:53:38 --> Final output sent to browser
DEBUG - 2025-03-20 03:53:38 --> Total execution time: 0.0054
INFO - 2025-03-20 03:53:38 --> Config Class Initialized
INFO - 2025-03-20 03:53:38 --> Hooks Class Initialized
DEBUG - 2025-03-20 03:53:38 --> UTF-8 Support Enabled
INFO - 2025-03-20 03:53:38 --> Utf8 Class Initialized
INFO - 2025-03-20 03:53:38 --> URI Class Initialized
INFO - 2025-03-20 03:53:38 --> Router Class Initialized
INFO - 2025-03-20 03:53:38 --> Output Class Initialized
INFO - 2025-03-20 03:53:38 --> Security Class Initialized
DEBUG - 2025-03-20 03:53:38 --> Global POST, GET and COOKIE data sanitized
INFO - 2025-03-20 03:53:38 --> Input Class Initialized
INFO - 2025-03-20 03:53:38 --> Language Class Initialized
ERROR - 2025-03-20 03:53:38 --> 404 Page Not Found: /index
INFO - 2025-03-20 03:53:38 --> Config Class Initialized
INFO - 2025-03-20 03:53:38 --> Hooks Class Initialized
DEBUG - 2025-03-20 03:53:38 --> UTF-8 Support Enabled
INFO - 2025-03-20 03:53:38 --> Utf8 Class Initialized
INFO - 2025-03-20 03:53:38 --> URI Class Initialized
INFO - 2025-03-20 03:53:38 --> Router Class Initialized
INFO - 2025-03-20 03:53:38 --> Output Class Initialized
INFO - 2025-03-20 03:53:38 --> Security Class Initialized
DEBUG - 2025-03-20 03:53:38 --> Global POST, GET and COOKIE data sanitized
INFO - 2025-03-20 03:53:38 --> Input Class Initialized
INFO - 2025-03-20 03:53:38 --> Language Class Initialized
INFO - 2025-03-20 03:53:38 --> Language Class Initialized
INFO - 2025-03-20 03:53:38 --> Config Class Initialized
INFO - 2025-03-20 03:53:38 --> Loader Class Initialized
INFO - 2025-03-20 03:53:38 --> Helper loaded: url_helper
INFO - 2025-03-20 03:53:38 --> Helper loaded: easyui_helper
INFO - 2025-03-20 03:53:38 --> Helper loaded: param_helper
INFO - 2025-03-20 03:53:38 --> Helper loaded: credential_helper
INFO - 2025-03-20 03:53:38 --> Helper loaded: template_helper
INFO - 2025-03-20 03:53:38 --> Helper loaded: rest_helper
INFO - 2025-03-20 03:53:38 --> Database Driver Class Initialized
DEBUG - 2025-03-20 03:53:38 --> Idgenerator class already loaded. Second attempt ignored.
INFO - 2025-03-20 03:53:38 --> Controller Class Initialized
INFO - 2025-03-20 03:53:38 --> Model Class Initialized
DEBUG - 2025-03-20 03:53:38 --> File loaded: /apps/web-drc/application/modules/visibility_program_active/models/Visibility_program_model.php
INFO - 2025-03-20 03:53:38 --> Model Class Initialized
INFO - 2025-03-20 03:53:38 --> Final output sent to browser
DEBUG - 2025-03-20 03:53:38 --> Total execution time: 0.0060
INFO - 2025-03-20 04:46:45 --> Config Class Initialized
INFO - 2025-03-20 04:46:45 --> Hooks Class Initialized
DEBUG - 2025-03-20 04:46:45 --> UTF-8 Support Enabled
INFO - 2025-03-20 04:46:45 --> Utf8 Class Initialized
INFO - 2025-03-20 04:46:45 --> URI Class Initialized
INFO - 2025-03-20 04:46:45 --> Router Class Initialized
INFO - 2025-03-20 04:46:45 --> Output Class Initialized
INFO - 2025-03-20 04:46:45 --> Security Class Initialized
DEBUG - 2025-03-20 04:46:45 --> Global POST, GET and COOKIE data sanitized
INFO - 2025-03-20 04:46:45 --> Input Class Initialized
INFO - 2025-03-20 04:46:45 --> Language Class Initialized
INFO - 2025-03-20 04:46:45 --> Language Class Initialized
INFO - 2025-03-20 04:46:45 --> Config Class Initialized
INFO - 2025-03-20 04:46:45 --> Loader Class Initialized
INFO - 2025-03-20 04:46:45 --> Helper loaded: url_helper
INFO - 2025-03-20 04:46:45 --> Helper loaded: easyui_helper
INFO - 2025-03-20 04:46:45 --> Helper loaded: param_helper
INFO - 2025-03-20 04:46:45 --> Helper loaded: credential_helper
INFO - 2025-03-20 04:46:45 --> Helper loaded: template_helper
INFO - 2025-03-20 04:46:45 --> Helper loaded: rest_helper
INFO - 2025-03-20 04:46:45 --> Database Driver Class Initialized
DEBUG - 2025-03-20 04:46:45 --> Idgenerator class already loaded. Second attempt ignored.
INFO - 2025-03-20 04:46:45 --> Controller Class Initialized
INFO - 2025-03-20 04:46:45 --> Model Class Initialized
DEBUG - 2025-03-20 04:46:45 --> File loaded: /apps/web-drc/application/modules/visibility_program_active/models/Visibility_program_model.php
INFO - 2025-03-20 04:46:45 --> Model Class Initialized
DEBUG - 2025-03-20 04:46:45 --> File loaded: /apps/web-drc/application/modules/visibility_program_active/views/form.php
DEBUG - 2025-03-20 04:46:45 --> File loaded: /apps/web-drc/application/views/templates/header.php
DEBUG - 2025-03-20 04:46:45 --> File loaded: /apps/web-drc/application/views/templates/toolbar.php
DEBUG - 2025-03-20 04:46:45 --> File loaded: /apps/web-drc/application/views/templates/sidebar.php
DEBUG - 2025-03-20 04:46:45 --> File loaded: /apps/web-drc/application/views/templates/contents.php
DEBUG - 2025-03-20 04:46:45 --> File loaded: /apps/web-drc/application/views/templates/content_footer.php
DEBUG - 2025-03-20 04:46:45 --> File loaded: /apps/web-drc/application/views/templates/footer.php
INFO - 2025-03-20 04:46:45 --> Config Class Initialized
INFO - 2025-03-20 04:46:45 --> Hooks Class Initialized
DEBUG - 2025-03-20 04:46:45 --> UTF-8 Support Enabled
INFO - 2025-03-20 04:46:45 --> Utf8 Class Initialized
INFO - 2025-03-20 04:46:45 --> URI Class Initialized
DEBUG - 2025-03-20 04:46:45 --> No URI present. Default controller set.
INFO - 2025-03-20 04:46:45 --> Router Class Initialized
INFO - 2025-03-20 04:46:45 --> Output Class Initialized
INFO - 2025-03-20 04:46:45 --> Security Class Initialized
DEBUG - 2025-03-20 04:46:45 --> Global POST, GET and COOKIE data sanitized
INFO - 2025-03-20 04:46:45 --> Input Class Initialized
INFO - 2025-03-20 04:46:45 --> Language Class Initialized
INFO - 2025-03-20 04:46:45 --> Language Class Initialized
INFO - 2025-03-20 04:46:45 --> Config Class Initialized
INFO - 2025-03-20 04:46:45 --> Loader Class Initialized
INFO - 2025-03-20 04:46:45 --> Helper loaded: url_helper
INFO - 2025-03-20 04:46:45 --> Helper loaded: easyui_helper
INFO - 2025-03-20 04:46:45 --> Helper loaded: param_helper
INFO - 2025-03-20 04:46:45 --> Helper loaded: credential_helper
INFO - 2025-03-20 04:46:45 --> Helper loaded: template_helper
INFO - 2025-03-20 04:46:45 --> Helper loaded: rest_helper
INFO - 2025-03-20 04:46:45 --> Database Driver Class Initialized
DEBUG - 2025-03-20 04:46:45 --> Idgenerator class already loaded. Second attempt ignored.
INFO - 2025-03-20 04:46:45 --> Controller Class Initialized
DEBUG - 2025-03-20 04:46:45 --> File loaded: /apps/web-drc/application/modules/app_auth/views/login_lte_template.php
DEBUG - 2025-03-20 04:46:45 --> File loaded: /apps/web-drc/application/views/template_login_lte/header.php
DEBUG - 2025-03-20 04:46:45 --> File loaded: /apps/web-drc/application/views/template_login_lte/contents.php
DEBUG - 2025-03-20 04:46:45 --> File loaded: /apps/web-drc/application/views/template_login_lte/default.php
INFO - 2025-03-20 04:46:45 --> Final output sent to browser
DEBUG - 2025-03-20 04:46:45 --> Total execution time: 0.0033
INFO - 2025-03-20 04:46:45 --> Config Class Initialized
INFO - 2025-03-20 04:46:45 --> Hooks Class Initialized
DEBUG - 2025-03-20 04:46:45 --> UTF-8 Support Enabled
INFO - 2025-03-20 04:46:45 --> Utf8 Class Initialized
INFO - 2025-03-20 04:46:45 --> URI Class Initialized
INFO - 2025-03-20 04:46:45 --> Router Class Initialized
INFO - 2025-03-20 04:46:45 --> Output Class Initialized
INFO - 2025-03-20 04:46:45 --> Security Class Initialized
DEBUG - 2025-03-20 04:46:45 --> Global POST, GET and COOKIE data sanitized
INFO - 2025-03-20 04:46:45 --> Input Class Initialized
INFO - 2025-03-20 04:46:45 --> Language Class Initialized
ERROR - 2025-03-20 04:46:45 --> 404 Page Not Found: /index
INFO - 2025-03-20 04:46:47 --> Config Class Initialized
INFO - 2025-03-20 04:46:47 --> Hooks Class Initialized
DEBUG - 2025-03-20 04:46:47 --> UTF-8 Support Enabled
INFO - 2025-03-20 04:46:47 --> Utf8 Class Initialized
INFO - 2025-03-20 04:46:47 --> URI Class Initialized
INFO - 2025-03-20 04:46:47 --> Router Class Initialized
INFO - 2025-03-20 04:46:47 --> Output Class Initialized
INFO - 2025-03-20 04:46:47 --> Security Class Initialized
DEBUG - 2025-03-20 04:46:47 --> Global POST, GET and COOKIE data sanitized
INFO - 2025-03-20 04:46:47 --> Input Class Initialized
INFO - 2025-03-20 04:46:47 --> Language Class Initialized
INFO - 2025-03-20 04:46:47 --> Language Class Initialized
INFO - 2025-03-20 04:46:47 --> Config Class Initialized
INFO - 2025-03-20 04:46:47 --> Loader Class Initialized
INFO - 2025-03-20 04:46:47 --> Helper loaded: url_helper
INFO - 2025-03-20 04:46:47 --> Helper loaded: easyui_helper
INFO - 2025-03-20 04:46:47 --> Helper loaded: param_helper
INFO - 2025-03-20 04:46:47 --> Helper loaded: credential_helper
INFO - 2025-03-20 04:46:47 --> Helper loaded: template_helper
INFO - 2025-03-20 04:46:47 --> Helper loaded: rest_helper
INFO - 2025-03-20 04:46:47 --> Database Driver Class Initialized
DEBUG - 2025-03-20 04:46:47 --> Idgenerator class already loaded. Second attempt ignored.
INFO - 2025-03-20 04:46:47 --> Controller Class Initialized
INFO - 2025-03-20 04:46:47 --> Final output sent to browser
DEBUG - 2025-03-20 04:46:47 --> Total execution time: 0.0054
INFO - 2025-03-20 04:46:47 --> Config Class Initialized
INFO - 2025-03-20 04:46:47 --> Hooks Class Initialized
DEBUG - 2025-03-20 04:46:47 --> UTF-8 Support Enabled
INFO - 2025-03-20 04:46:47 --> Utf8 Class Initialized
INFO - 2025-03-20 04:46:47 --> URI Class Initialized
INFO - 2025-03-20 04:46:47 --> Router Class Initialized
INFO - 2025-03-20 04:46:47 --> Output Class Initialized
INFO - 2025-03-20 04:46:47 --> Security Class Initialized
DEBUG - 2025-03-20 04:46:47 --> Global POST, GET and COOKIE data sanitized
INFO - 2025-03-20 04:46:47 --> Input Class Initialized
INFO - 2025-03-20 04:46:47 --> Language Class Initialized
INFO - 2025-03-20 04:46:47 --> Language Class Initialized
INFO - 2025-03-20 04:46:47 --> Config Class Initialized
INFO - 2025-03-20 04:46:47 --> Loader Class Initialized
INFO - 2025-03-20 04:46:47 --> Helper loaded: url_helper
INFO - 2025-03-20 04:46:47 --> Helper loaded: easyui_helper
INFO - 2025-03-20 04:46:47 --> Helper loaded: param_helper
INFO - 2025-03-20 04:46:47 --> Helper loaded: credential_helper
INFO - 2025-03-20 04:46:47 --> Helper loaded: template_helper
INFO - 2025-03-20 04:46:47 --> Helper loaded: rest_helper
INFO - 2025-03-20 04:46:47 --> Database Driver Class Initialized
DEBUG - 2025-03-20 04:46:47 --> Idgenerator class already loaded. Second attempt ignored.
INFO - 2025-03-20 04:46:47 --> Controller Class Initialized
INFO - 2025-03-20 04:46:47 --> Model Class Initialized
DEBUG - 2025-03-20 04:46:47 --> File loaded: /apps/web-drc/application/modules/app_dashboard/models/App_dashboard_model.php
INFO - 2025-03-20 04:46:47 --> Model Class Initialized
DEBUG - 2025-03-20 04:46:47 --> File loaded: /apps/web-drc/application/modules/app_dashboard/views/content.php
DEBUG - 2025-03-20 04:46:47 --> File loaded: /apps/web-drc/application/views/templates/header.php
DEBUG - 2025-03-20 04:46:47 --> File loaded: /apps/web-drc/application/views/templates/toolbar.php
DEBUG - 2025-03-20 04:46:47 --> File loaded: /apps/web-drc/application/views/templates/sidebar.php
DEBUG - 2025-03-20 04:46:47 --> File loaded: /apps/web-drc/application/views/templates/contents.php
DEBUG - 2025-03-20 04:46:47 --> File loaded: /apps/web-drc/application/views/templates/content_footer.php
DEBUG - 2025-03-20 04:46:47 --> File loaded: /apps/web-drc/application/views/templates/footer.php
DEBUG - 2025-03-20 04:46:47 --> File loaded: /apps/web-drc/application/views/templates/default.php
INFO - 2025-03-20 04:46:47 --> Final output sent to browser
DEBUG - 2025-03-20 04:46:47 --> Total execution time: 0.0061
INFO - 2025-03-20 04:46:47 --> Config Class Initialized
INFO - 2025-03-20 04:46:47 --> Hooks Class Initialized
DEBUG - 2025-03-20 04:46:47 --> UTF-8 Support Enabled
INFO - 2025-03-20 04:46:47 --> Utf8 Class Initialized
INFO - 2025-03-20 04:46:47 --> URI Class Initialized
INFO - 2025-03-20 04:46:47 --> Router Class Initialized
INFO - 2025-03-20 04:46:47 --> Output Class Initialized
INFO - 2025-03-20 04:46:47 --> Security Class Initialized
DEBUG - 2025-03-20 04:46:47 --> Global POST, GET and COOKIE data sanitized
INFO - 2025-03-20 04:46:47 --> Input Class Initialized
INFO - 2025-03-20 04:46:47 --> Language Class Initialized
ERROR - 2025-03-20 04:46:47 --> 404 Page Not Found: /index
INFO - 2025-03-20 04:46:48 --> Config Class Initialized
INFO - 2025-03-20 04:46:48 --> Hooks Class Initialized
DEBUG - 2025-03-20 04:46:48 --> UTF-8 Support Enabled
INFO - 2025-03-20 04:46:48 --> Utf8 Class Initialized
INFO - 2025-03-20 04:46:48 --> URI Class Initialized
INFO - 2025-03-20 04:46:48 --> Router Class Initialized
INFO - 2025-03-20 04:46:48 --> Output Class Initialized
INFO - 2025-03-20 04:46:48 --> Security Class Initialized
DEBUG - 2025-03-20 04:46:48 --> Global POST, GET and COOKIE data sanitized
INFO - 2025-03-20 04:46:48 --> Input Class Initialized
INFO - 2025-03-20 04:46:48 --> Language Class Initialized
INFO - 2025-03-20 04:46:48 --> Language Class Initialized
INFO - 2025-03-20 04:46:48 --> Config Class Initialized
INFO - 2025-03-20 04:46:48 --> Loader Class Initialized
INFO - 2025-03-20 04:46:48 --> Helper loaded: url_helper
INFO - 2025-03-20 04:46:48 --> Helper loaded: easyui_helper
INFO - 2025-03-20 04:46:48 --> Helper loaded: param_helper
INFO - 2025-03-20 04:46:48 --> Helper loaded: credential_helper
INFO - 2025-03-20 04:46:48 --> Helper loaded: template_helper
INFO - 2025-03-20 04:46:48 --> Helper loaded: rest_helper
INFO - 2025-03-20 04:46:48 --> Database Driver Class Initialized
DEBUG - 2025-03-20 04:46:48 --> Idgenerator class already loaded. Second attempt ignored.
INFO - 2025-03-20 04:46:48 --> Controller Class Initialized
INFO - 2025-03-20 04:46:48 --> Model Class Initialized
DEBUG - 2025-03-20 04:46:48 --> File loaded: /apps/web-drc/application/modules/app_dashboard/models/App_dashboard_model.php
INFO - 2025-03-20 04:46:48 --> Model Class Initialized
INFO - 2025-03-20 04:46:48 --> Final output sent to browser
DEBUG - 2025-03-20 04:46:48 --> Total execution time: 0.0054
INFO - 2025-03-20 04:46:48 --> Config Class Initialized
INFO - 2025-03-20 04:46:48 --> Hooks Class Initialized
DEBUG - 2025-03-20 04:46:48 --> UTF-8 Support Enabled
INFO - 2025-03-20 04:46:48 --> Utf8 Class Initialized
INFO - 2025-03-20 04:46:48 --> URI Class Initialized
INFO - 2025-03-20 04:46:48 --> Router Class Initialized
INFO - 2025-03-20 04:46:48 --> Output Class Initialized
INFO - 2025-03-20 04:46:48 --> Security Class Initialized
DEBUG - 2025-03-20 04:46:48 --> Global POST, GET and COOKIE data sanitized
INFO - 2025-03-20 04:46:48 --> Input Class Initialized
INFO - 2025-03-20 04:46:48 --> Language Class Initialized
INFO - 2025-03-20 04:46:48 --> Language Class Initialized
INFO - 2025-03-20 04:46:48 --> Config Class Initialized
INFO - 2025-03-20 04:46:48 --> Loader Class Initialized
INFO - 2025-03-20 04:46:48 --> Helper loaded: url_helper
INFO - 2025-03-20 04:46:48 --> Helper loaded: easyui_helper
INFO - 2025-03-20 04:46:48 --> Helper loaded: param_helper
INFO - 2025-03-20 04:46:48 --> Helper loaded: credential_helper
INFO - 2025-03-20 04:46:48 --> Helper loaded: template_helper
INFO - 2025-03-20 04:46:48 --> Helper loaded: rest_helper
INFO - 2025-03-20 04:46:48 --> Database Driver Class Initialized
DEBUG - 2025-03-20 04:46:48 --> Idgenerator class already loaded. Second attempt ignored.
INFO - 2025-03-20 04:46:48 --> Controller Class Initialized
INFO - 2025-03-20 04:46:48 --> Model Class Initialized
DEBUG - 2025-03-20 04:46:48 --> File loaded: /apps/web-drc/application/modules/api_v1/models/Api_v1_model.php
INFO - 2025-03-20 04:46:48 --> Model Class Initialized
INFO - 2025-03-20 04:46:48 --> Final output sent to browser
DEBUG - 2025-03-20 04:46:48 --> Total execution time: 0.0031
INFO - 2025-03-20 04:46:52 --> Config Class Initialized
INFO - 2025-03-20 04:46:52 --> Hooks Class Initialized
DEBUG - 2025-03-20 04:46:52 --> UTF-8 Support Enabled
INFO - 2025-03-20 04:46:52 --> Utf8 Class Initialized
INFO - 2025-03-20 04:46:52 --> URI Class Initialized
INFO - 2025-03-20 04:46:52 --> Router Class Initialized
INFO - 2025-03-20 04:46:52 --> Output Class Initialized
INFO - 2025-03-20 04:46:52 --> Security Class Initialized
DEBUG - 2025-03-20 04:46:52 --> Global POST, GET and COOKIE data sanitized
INFO - 2025-03-20 04:46:52 --> Input Class Initialized
INFO - 2025-03-20 04:46:52 --> Language Class Initialized
INFO - 2025-03-20 04:46:52 --> Language Class Initialized
INFO - 2025-03-20 04:46:52 --> Config Class Initialized
INFO - 2025-03-20 04:46:52 --> Loader Class Initialized
INFO - 2025-03-20 04:46:52 --> Helper loaded: url_helper
INFO - 2025-03-20 04:46:52 --> Helper loaded: easyui_helper
INFO - 2025-03-20 04:46:52 --> Helper loaded: param_helper
INFO - 2025-03-20 04:46:52 --> Helper loaded: credential_helper
INFO - 2025-03-20 04:46:52 --> Helper loaded: template_helper
INFO - 2025-03-20 04:46:52 --> Helper loaded: rest_helper
INFO - 2025-03-20 04:46:52 --> Database Driver Class Initialized
DEBUG - 2025-03-20 04:46:52 --> Idgenerator class already loaded. Second attempt ignored.
INFO - 2025-03-20 04:46:52 --> Controller Class Initialized
INFO - 2025-03-20 04:46:52 --> Model Class Initialized
DEBUG - 2025-03-20 04:46:52 --> File loaded: /apps/web-drc/application/modules/visibility_program_active/models/Visibility_program_model.php
INFO - 2025-03-20 04:46:52 --> Model Class Initialized
DEBUG - 2025-03-20 04:46:52 --> File loaded: /apps/web-drc/application/modules/visibility_program_active/views/content.php
DEBUG - 2025-03-20 04:46:52 --> File loaded: /apps/web-drc/application/views/templates/header.php
DEBUG - 2025-03-20 04:46:52 --> File loaded: /apps/web-drc/application/views/templates/toolbar.php
DEBUG - 2025-03-20 04:46:52 --> File loaded: /apps/web-drc/application/views/templates/sidebar.php
DEBUG - 2025-03-20 04:46:52 --> File loaded: /apps/web-drc/application/views/templates/contents.php
DEBUG - 2025-03-20 04:46:52 --> File loaded: /apps/web-drc/application/views/templates/content_footer.php
DEBUG - 2025-03-20 04:46:52 --> File loaded: /apps/web-drc/application/views/templates/footer.php
DEBUG - 2025-03-20 04:46:52 --> File loaded: /apps/web-drc/application/views/templates/default.php
INFO - 2025-03-20 04:46:52 --> Final output sent to browser
DEBUG - 2025-03-20 04:46:52 --> Total execution time: 0.0068
INFO - 2025-03-20 04:46:52 --> Config Class Initialized
INFO - 2025-03-20 04:46:52 --> Hooks Class Initialized
DEBUG - 2025-03-20 04:46:52 --> UTF-8 Support Enabled
INFO - 2025-03-20 04:46:52 --> Utf8 Class Initialized
INFO - 2025-03-20 04:46:52 --> URI Class Initialized
INFO - 2025-03-20 04:46:52 --> Router Class Initialized
INFO - 2025-03-20 04:46:52 --> Output Class Initialized
INFO - 2025-03-20 04:46:52 --> Security Class Initialized
DEBUG - 2025-03-20 04:46:52 --> Global POST, GET and COOKIE data sanitized
INFO - 2025-03-20 04:46:52 --> Input Class Initialized
INFO - 2025-03-20 04:46:52 --> Language Class Initialized
ERROR - 2025-03-20 04:46:52 --> 404 Page Not Found: /index
INFO - 2025-03-20 04:46:52 --> Config Class Initialized
INFO - 2025-03-20 04:46:52 --> Hooks Class Initialized
DEBUG - 2025-03-20 04:46:52 --> UTF-8 Support Enabled
INFO - 2025-03-20 04:46:52 --> Utf8 Class Initialized
INFO - 2025-03-20 04:46:52 --> URI Class Initialized
INFO - 2025-03-20 04:46:52 --> Router Class Initialized
INFO - 2025-03-20 04:46:52 --> Output Class Initialized
INFO - 2025-03-20 04:46:52 --> Security Class Initialized
DEBUG - 2025-03-20 04:46:52 --> Global POST, GET and COOKIE data sanitized
INFO - 2025-03-20 04:46:52 --> Input Class Initialized
INFO - 2025-03-20 04:46:52 --> Language Class Initialized
INFO - 2025-03-20 04:46:52 --> Language Class Initialized
INFO - 2025-03-20 04:46:52 --> Config Class Initialized
INFO - 2025-03-20 04:46:52 --> Loader Class Initialized
INFO - 2025-03-20 04:46:52 --> Helper loaded: url_helper
INFO - 2025-03-20 04:46:52 --> Helper loaded: easyui_helper
INFO - 2025-03-20 04:46:52 --> Helper loaded: param_helper
INFO - 2025-03-20 04:46:52 --> Helper loaded: credential_helper
INFO - 2025-03-20 04:46:52 --> Helper loaded: template_helper
INFO - 2025-03-20 04:46:52 --> Helper loaded: rest_helper
INFO - 2025-03-20 04:46:52 --> Database Driver Class Initialized
DEBUG - 2025-03-20 04:46:52 --> Idgenerator class already loaded. Second attempt ignored.
INFO - 2025-03-20 04:46:52 --> Controller Class Initialized
INFO - 2025-03-20 04:46:52 --> Model Class Initialized
DEBUG - 2025-03-20 04:46:52 --> File loaded: /apps/web-drc/application/modules/visibility_program_active/models/Visibility_program_model.php
INFO - 2025-03-20 04:46:52 --> Model Class Initialized
INFO - 2025-03-20 04:46:52 --> Final output sent to browser
DEBUG - 2025-03-20 04:46:52 --> Total execution time: 0.0056
INFO - 2025-03-20 04:46:54 --> Config Class Initialized
INFO - 2025-03-20 04:46:54 --> Hooks Class Initialized
DEBUG - 2025-03-20 04:46:54 --> UTF-8 Support Enabled
INFO - 2025-03-20 04:46:54 --> Utf8 Class Initialized
INFO - 2025-03-20 04:46:54 --> URI Class Initialized
INFO - 2025-03-20 04:46:54 --> Router Class Initialized
INFO - 2025-03-20 04:46:54 --> Output Class Initialized
INFO - 2025-03-20 04:46:54 --> Security Class Initialized
DEBUG - 2025-03-20 04:46:54 --> Global POST, GET and COOKIE data sanitized
INFO - 2025-03-20 04:46:54 --> Input Class Initialized
INFO - 2025-03-20 04:46:54 --> Language Class Initialized
INFO - 2025-03-20 04:46:54 --> Language Class Initialized
INFO - 2025-03-20 04:46:54 --> Config Class Initialized
INFO - 2025-03-20 04:46:54 --> Loader Class Initialized
INFO - 2025-03-20 04:46:54 --> Helper loaded: url_helper
INFO - 2025-03-20 04:46:54 --> Helper loaded: easyui_helper
INFO - 2025-03-20 04:46:54 --> Helper loaded: param_helper
INFO - 2025-03-20 04:46:54 --> Helper loaded: credential_helper
INFO - 2025-03-20 04:46:54 --> Helper loaded: template_helper
INFO - 2025-03-20 04:46:54 --> Helper loaded: rest_helper
INFO - 2025-03-20 04:46:54 --> Database Driver Class Initialized
DEBUG - 2025-03-20 04:46:54 --> Idgenerator class already loaded. Second attempt ignored.
INFO - 2025-03-20 04:46:54 --> Controller Class Initialized
INFO - 2025-03-20 04:46:54 --> Model Class Initialized
DEBUG - 2025-03-20 04:46:54 --> File loaded: /apps/web-drc/application/modules/visibility_program_active/models/Visibility_program_model.php
INFO - 2025-03-20 04:46:54 --> Model Class Initialized
DEBUG - 2025-03-20 04:46:54 --> File loaded: /apps/web-drc/application/modules/visibility_program_active/views/form.php
DEBUG - 2025-03-20 04:46:54 --> File loaded: /apps/web-drc/application/views/templates/header.php
DEBUG - 2025-03-20 04:46:54 --> File loaded: /apps/web-drc/application/views/templates/toolbar.php
DEBUG - 2025-03-20 04:46:54 --> File loaded: /apps/web-drc/application/views/templates/sidebar.php
DEBUG - 2025-03-20 04:46:54 --> File loaded: /apps/web-drc/application/views/templates/contents.php
DEBUG - 2025-03-20 04:46:54 --> File loaded: /apps/web-drc/application/views/templates/content_footer.php
DEBUG - 2025-03-20 04:46:54 --> File loaded: /apps/web-drc/application/views/templates/footer.php
DEBUG - 2025-03-20 04:46:54 --> File loaded: /apps/web-drc/application/views/templates/default.php
INFO - 2025-03-20 04:46:54 --> Final output sent to browser
DEBUG - 2025-03-20 04:46:54 --> Total execution time: 0.0056
INFO - 2025-03-20 04:46:54 --> Config Class Initialized
INFO - 2025-03-20 04:46:54 --> Hooks Class Initialized
DEBUG - 2025-03-20 04:46:54 --> UTF-8 Support Enabled
INFO - 2025-03-20 04:46:54 --> Utf8 Class Initialized
INFO - 2025-03-20 04:46:54 --> URI Class Initialized
INFO - 2025-03-20 04:46:54 --> Router Class Initialized
INFO - 2025-03-20 04:46:54 --> Output Class Initialized
INFO - 2025-03-20 04:46:54 --> Security Class Initialized
DEBUG - 2025-03-20 04:46:54 --> Global POST, GET and COOKIE data sanitized
INFO - 2025-03-20 04:46:54 --> Input Class Initialized
INFO - 2025-03-20 04:46:54 --> Language Class Initialized
ERROR - 2025-03-20 04:46:54 --> 404 Page Not Found: /index
INFO - 2025-03-20 04:46:54 --> Config Class Initialized
INFO - 2025-03-20 04:46:54 --> Hooks Class Initialized
DEBUG - 2025-03-20 04:46:54 --> UTF-8 Support Enabled
INFO - 2025-03-20 04:46:54 --> Utf8 Class Initialized
INFO - 2025-03-20 04:46:54 --> URI Class Initialized
INFO - 2025-03-20 04:46:54 --> Router Class Initialized
INFO - 2025-03-20 04:46:54 --> Output Class Initialized
INFO - 2025-03-20 04:46:54 --> Security Class Initialized
DEBUG - 2025-03-20 04:46:54 --> Global POST, GET and COOKIE data sanitized
INFO - 2025-03-20 04:46:54 --> Input Class Initialized
INFO - 2025-03-20 04:46:54 --> Language Class Initialized
INFO - 2025-03-20 04:46:54 --> Language Class Initialized
INFO - 2025-03-20 04:46:54 --> Config Class Initialized
INFO - 2025-03-20 04:46:54 --> Loader Class Initialized
INFO - 2025-03-20 04:46:54 --> Helper loaded: url_helper
INFO - 2025-03-20 04:46:54 --> Helper loaded: easyui_helper
INFO - 2025-03-20 04:46:54 --> Helper loaded: param_helper
INFO - 2025-03-20 04:46:54 --> Helper loaded: credential_helper
INFO - 2025-03-20 04:46:54 --> Helper loaded: template_helper
INFO - 2025-03-20 04:46:54 --> Helper loaded: rest_helper
INFO - 2025-03-20 04:46:54 --> Database Driver Class Initialized
DEBUG - 2025-03-20 04:46:54 --> Idgenerator class already loaded. Second attempt ignored.
INFO - 2025-03-20 04:46:54 --> Controller Class Initialized
INFO - 2025-03-20 04:46:54 --> Model Class Initialized
DEBUG - 2025-03-20 04:46:54 --> File loaded: /apps/web-drc/application/modules/api_v1/models/Api_v1_model.php
INFO - 2025-03-20 04:46:54 --> Model Class Initialized
INFO - 2025-03-20 04:46:54 --> Final output sent to browser
DEBUG - 2025-03-20 04:46:54 --> Total execution time: 0.0032
INFO - 2025-03-20 04:46:54 --> Config Class Initialized
INFO - 2025-03-20 04:46:54 --> Hooks Class Initialized
DEBUG - 2025-03-20 04:46:54 --> UTF-8 Support Enabled
INFO - 2025-03-20 04:46:54 --> Utf8 Class Initialized
INFO - 2025-03-20 04:46:54 --> URI Class Initialized
INFO - 2025-03-20 04:46:54 --> Router Class Initialized
INFO - 2025-03-20 04:46:54 --> Output Class Initialized
INFO - 2025-03-20 04:46:54 --> Security Class Initialized
DEBUG - 2025-03-20 04:46:54 --> Global POST, GET and COOKIE data sanitized
INFO - 2025-03-20 04:46:54 --> Input Class Initialized
INFO - 2025-03-20 04:46:54 --> Language Class Initialized
INFO - 2025-03-20 04:46:54 --> Language Class Initialized
INFO - 2025-03-20 04:46:54 --> Config Class Initialized
INFO - 2025-03-20 04:46:54 --> Loader Class Initialized
INFO - 2025-03-20 04:46:54 --> Helper loaded: url_helper
INFO - 2025-03-20 04:46:54 --> Helper loaded: easyui_helper
INFO - 2025-03-20 04:46:54 --> Helper loaded: param_helper
INFO - 2025-03-20 04:46:54 --> Helper loaded: credential_helper
INFO - 2025-03-20 04:46:54 --> Helper loaded: template_helper
INFO - 2025-03-20 04:46:54 --> Helper loaded: rest_helper
INFO - 2025-03-20 04:46:54 --> Database Driver Class Initialized
DEBUG - 2025-03-20 04:46:54 --> Idgenerator class already loaded. Second attempt ignored.
INFO - 2025-03-20 04:46:54 --> Controller Class Initialized
INFO - 2025-03-20 04:46:54 --> Model Class Initialized
DEBUG - 2025-03-20 04:46:54 --> File loaded: /apps/web-drc/application/modules/api_v1/models/Api_v1_model.php
INFO - 2025-03-20 04:46:54 --> Model Class Initialized
INFO - 2025-03-20 04:46:54 --> Final output sent to browser
DEBUG - 2025-03-20 04:46:54 --> Total execution time: 0.0029
INFO - 2025-03-20 04:46:54 --> Config Class Initialized
INFO - 2025-03-20 04:46:54 --> Hooks Class Initialized
DEBUG - 2025-03-20 04:46:54 --> UTF-8 Support Enabled
INFO - 2025-03-20 04:46:54 --> Utf8 Class Initialized
INFO - 2025-03-20 04:46:54 --> URI Class Initialized
INFO - 2025-03-20 04:46:54 --> Router Class Initialized
INFO - 2025-03-20 04:46:54 --> Output Class Initialized
INFO - 2025-03-20 04:46:54 --> Security Class Initialized
DEBUG - 2025-03-20 04:46:54 --> Global POST, GET and COOKIE data sanitized
INFO - 2025-03-20 04:46:54 --> Input Class Initialized
INFO - 2025-03-20 04:46:54 --> Language Class Initialized
INFO - 2025-03-20 04:46:54 --> Language Class Initialized
INFO - 2025-03-20 04:46:54 --> Config Class Initialized
INFO - 2025-03-20 04:46:54 --> Loader Class Initialized
INFO - 2025-03-20 04:46:54 --> Helper loaded: url_helper
INFO - 2025-03-20 04:46:54 --> Helper loaded: easyui_helper
INFO - 2025-03-20 04:46:54 --> Helper loaded: param_helper
INFO - 2025-03-20 04:46:54 --> Helper loaded: credential_helper
INFO - 2025-03-20 04:46:54 --> Helper loaded: template_helper
INFO - 2025-03-20 04:46:54 --> Helper loaded: rest_helper
INFO - 2025-03-20 04:46:54 --> Database Driver Class Initialized
DEBUG - 2025-03-20 04:46:54 --> Idgenerator class already loaded. Second attempt ignored.
INFO - 2025-03-20 04:46:54 --> Controller Class Initialized
INFO - 2025-03-20 04:46:54 --> Model Class Initialized
DEBUG - 2025-03-20 04:46:54 --> File loaded: /apps/web-drc/application/modules/api_v1/models/Api_v1_model.php
INFO - 2025-03-20 04:46:54 --> Model Class Initialized
INFO - 2025-03-20 04:46:54 --> Final output sent to browser
DEBUG - 2025-03-20 04:46:54 --> Total execution time: 0.0037
INFO - 2025-03-20 04:46:54 --> Config Class Initialized
INFO - 2025-03-20 04:46:54 --> Hooks Class Initialized
DEBUG - 2025-03-20 04:46:54 --> UTF-8 Support Enabled
INFO - 2025-03-20 04:46:54 --> Utf8 Class Initialized
INFO - 2025-03-20 04:46:54 --> URI Class Initialized
INFO - 2025-03-20 04:46:54 --> Router Class Initialized
INFO - 2025-03-20 04:46:54 --> Output Class Initialized
INFO - 2025-03-20 04:46:54 --> Security Class Initialized
DEBUG - 2025-03-20 04:46:54 --> Global POST, GET and COOKIE data sanitized
INFO - 2025-03-20 04:46:54 --> Input Class Initialized
INFO - 2025-03-20 04:46:54 --> Language Class Initialized
INFO - 2025-03-20 04:46:54 --> Language Class Initialized
INFO - 2025-03-20 04:46:54 --> Config Class Initialized
INFO - 2025-03-20 04:46:54 --> Loader Class Initialized
INFO - 2025-03-20 04:46:54 --> Helper loaded: url_helper
INFO - 2025-03-20 04:46:54 --> Helper loaded: easyui_helper
INFO - 2025-03-20 04:46:54 --> Helper loaded: param_helper
INFO - 2025-03-20 04:46:54 --> Helper loaded: credential_helper
INFO - 2025-03-20 04:46:54 --> Helper loaded: template_helper
INFO - 2025-03-20 04:46:54 --> Helper loaded: rest_helper
INFO - 2025-03-20 04:46:54 --> Database Driver Class Initialized
DEBUG - 2025-03-20 04:46:54 --> Idgenerator class already loaded. Second attempt ignored.
INFO - 2025-03-20 04:46:54 --> Controller Class Initialized
INFO - 2025-03-20 04:46:54 --> Model Class Initialized
DEBUG - 2025-03-20 04:46:54 --> File loaded: /apps/web-drc/application/modules/api_v1/models/Api_v1_model.php
INFO - 2025-03-20 04:46:54 --> Model Class Initialized
INFO - 2025-03-20 04:46:54 --> Final output sent to browser
DEBUG - 2025-03-20 04:46:54 --> Total execution time: 0.0036
INFO - 2025-03-20 04:47:23 --> Config Class Initialized
INFO - 2025-03-20 04:47:23 --> Hooks Class Initialized
DEBUG - 2025-03-20 04:47:23 --> UTF-8 Support Enabled
INFO - 2025-03-20 04:47:23 --> Utf8 Class Initialized
INFO - 2025-03-20 04:47:23 --> URI Class Initialized
INFO - 2025-03-20 04:47:23 --> Router Class Initialized
INFO - 2025-03-20 04:47:23 --> Output Class Initialized
INFO - 2025-03-20 04:47:23 --> Security Class Initialized
DEBUG - 2025-03-20 04:47:23 --> Global POST, GET and COOKIE data sanitized
INFO - 2025-03-20 04:47:23 --> Input Class Initialized
INFO - 2025-03-20 04:47:23 --> Language Class Initialized
INFO - 2025-03-20 04:47:23 --> Language Class Initialized
INFO - 2025-03-20 04:47:23 --> Config Class Initialized
INFO - 2025-03-20 04:47:23 --> Loader Class Initialized
INFO - 2025-03-20 04:47:23 --> Helper loaded: url_helper
INFO - 2025-03-20 04:47:23 --> Helper loaded: easyui_helper
INFO - 2025-03-20 04:47:23 --> Helper loaded: param_helper
INFO - 2025-03-20 04:47:23 --> Helper loaded: credential_helper
INFO - 2025-03-20 04:47:23 --> Helper loaded: template_helper
INFO - 2025-03-20 04:47:23 --> Helper loaded: rest_helper
INFO - 2025-03-20 04:47:23 --> Database Driver Class Initialized
DEBUG - 2025-03-20 04:47:23 --> Idgenerator class already loaded. Second attempt ignored.
INFO - 2025-03-20 04:47:23 --> Controller Class Initialized
INFO - 2025-03-20 04:47:23 --> Model Class Initialized
DEBUG - 2025-03-20 04:47:23 --> File loaded: /apps/web-drc/application/modules/visibility_program_active/models/Visibility_program_model.php
INFO - 2025-03-20 04:47:23 --> Model Class Initialized
INFO - 2025-03-20 04:47:23 --> Final output sent to browser
DEBUG - 2025-03-20 04:47:23 --> Total execution time: 0.0062
INFO - 2025-03-20 04:47:23 --> Config Class Initialized
INFO - 2025-03-20 04:47:23 --> Hooks Class Initialized
DEBUG - 2025-03-20 04:47:23 --> UTF-8 Support Enabled
INFO - 2025-03-20 04:47:23 --> Utf8 Class Initialized
INFO - 2025-03-20 04:47:23 --> URI Class Initialized
INFO - 2025-03-20 04:47:23 --> Router Class Initialized
INFO - 2025-03-20 04:47:23 --> Output Class Initialized
INFO - 2025-03-20 04:47:23 --> Security Class Initialized
DEBUG - 2025-03-20 04:47:23 --> Global POST, GET and COOKIE data sanitized
INFO - 2025-03-20 04:47:23 --> Input Class Initialized
INFO - 2025-03-20 04:47:23 --> Language Class Initialized
INFO - 2025-03-20 04:47:23 --> Language Class Initialized
INFO - 2025-03-20 04:47:23 --> Config Class Initialized
INFO - 2025-03-20 04:47:23 --> Loader Class Initialized
INFO - 2025-03-20 04:47:23 --> Helper loaded: url_helper
INFO - 2025-03-20 04:47:23 --> Helper loaded: easyui_helper
INFO - 2025-03-20 04:47:23 --> Helper loaded: param_helper
INFO - 2025-03-20 04:47:23 --> Helper loaded: credential_helper
INFO - 2025-03-20 04:47:23 --> Helper loaded: template_helper
INFO - 2025-03-20 04:47:23 --> Helper loaded: rest_helper
INFO - 2025-03-20 04:47:23 --> Database Driver Class Initialized
DEBUG - 2025-03-20 04:47:23 --> Idgenerator class already loaded. Second attempt ignored.
INFO - 2025-03-20 04:47:23 --> Controller Class Initialized
INFO - 2025-03-20 04:47:23 --> Model Class Initialized
DEBUG - 2025-03-20 04:47:23 --> File loaded: /apps/web-drc/application/modules/visibility_program_active/models/Visibility_program_model.php
INFO - 2025-03-20 04:47:23 --> Model Class Initialized
DEBUG - 2025-03-20 04:47:23 --> File loaded: /apps/web-drc/application/modules/visibility_program_active/views/content.php
DEBUG - 2025-03-20 04:47:23 --> File loaded: /apps/web-drc/application/views/templates/header.php
DEBUG - 2025-03-20 04:47:23 --> File loaded: /apps/web-drc/application/views/templates/toolbar.php
DEBUG - 2025-03-20 04:47:23 --> File loaded: /apps/web-drc/application/views/templates/sidebar.php
DEBUG - 2025-03-20 04:47:23 --> File loaded: /apps/web-drc/application/views/templates/contents.php
DEBUG - 2025-03-20 04:47:23 --> File loaded: /apps/web-drc/application/views/templates/content_footer.php
DEBUG - 2025-03-20 04:47:23 --> File loaded: /apps/web-drc/application/views/templates/footer.php
DEBUG - 2025-03-20 04:47:23 --> File loaded: /apps/web-drc/application/views/templates/default.php
INFO - 2025-03-20 04:47:23 --> Final output sent to browser
DEBUG - 2025-03-20 04:47:23 --> Total execution time: 0.0068
INFO - 2025-03-20 04:47:24 --> Config Class Initialized
INFO - 2025-03-20 04:47:24 --> Hooks Class Initialized
DEBUG - 2025-03-20 04:47:24 --> UTF-8 Support Enabled
INFO - 2025-03-20 04:47:24 --> Utf8 Class Initialized
INFO - 2025-03-20 04:47:24 --> URI Class Initialized
INFO - 2025-03-20 04:47:24 --> Router Class Initialized
INFO - 2025-03-20 04:47:24 --> Output Class Initialized
INFO - 2025-03-20 04:47:24 --> Security Class Initialized
DEBUG - 2025-03-20 04:47:24 --> Global POST, GET and COOKIE data sanitized
INFO - 2025-03-20 04:47:24 --> Input Class Initialized
INFO - 2025-03-20 04:47:24 --> Language Class Initialized
ERROR - 2025-03-20 04:47:24 --> 404 Page Not Found: /index
INFO - 2025-03-20 04:47:24 --> Config Class Initialized
INFO - 2025-03-20 04:47:24 --> Hooks Class Initialized
DEBUG - 2025-03-20 04:47:24 --> UTF-8 Support Enabled
INFO - 2025-03-20 04:47:24 --> Utf8 Class Initialized
INFO - 2025-03-20 04:47:24 --> URI Class Initialized
INFO - 2025-03-20 04:47:24 --> Router Class Initialized
INFO - 2025-03-20 04:47:24 --> Output Class Initialized
INFO - 2025-03-20 04:47:24 --> Security Class Initialized
DEBUG - 2025-03-20 04:47:24 --> Global POST, GET and COOKIE data sanitized
INFO - 2025-03-20 04:47:24 --> Input Class Initialized
INFO - 2025-03-20 04:47:24 --> Language Class Initialized
INFO - 2025-03-20 04:47:24 --> Language Class Initialized
INFO - 2025-03-20 04:47:24 --> Config Class Initialized
INFO - 2025-03-20 04:47:24 --> Loader Class Initialized
INFO - 2025-03-20 04:47:24 --> Helper loaded: url_helper
INFO - 2025-03-20 04:47:24 --> Helper loaded: easyui_helper
INFO - 2025-03-20 04:47:24 --> Helper loaded: param_helper
INFO - 2025-03-20 04:47:24 --> Helper loaded: credential_helper
INFO - 2025-03-20 04:47:24 --> Helper loaded: template_helper
INFO - 2025-03-20 04:47:24 --> Helper loaded: rest_helper
INFO - 2025-03-20 04:47:24 --> Database Driver Class Initialized
DEBUG - 2025-03-20 04:47:24 --> Idgenerator class already loaded. Second attempt ignored.
INFO - 2025-03-20 04:47:24 --> Controller Class Initialized
INFO - 2025-03-20 04:47:24 --> Model Class Initialized
DEBUG - 2025-03-20 04:47:24 --> File loaded: /apps/web-drc/application/modules/visibility_program_active/models/Visibility_program_model.php
INFO - 2025-03-20 04:47:24 --> Model Class Initialized
INFO - 2025-03-20 04:47:24 --> Final output sent to browser
DEBUG - 2025-03-20 04:47:24 --> Total execution time: 0.0053
INFO - 2025-03-20 18:43:44 --> Config Class Initialized
INFO - 2025-03-20 18:43:44 --> Hooks Class Initialized
DEBUG - 2025-03-20 18:43:44 --> UTF-8 Support Enabled
INFO - 2025-03-20 18:43:44 --> Utf8 Class Initialized
INFO - 2025-03-20 18:43:44 --> URI Class Initialized
DEBUG - 2025-03-20 18:43:44 --> No URI present. Default controller set.
INFO - 2025-03-20 18:43:44 --> Router Class Initialized
INFO - 2025-03-20 18:43:44 --> Output Class Initialized
INFO - 2025-03-20 18:43:44 --> Security Class Initialized
DEBUG - 2025-03-20 18:43:44 --> Global POST, GET and COOKIE data sanitized
INFO - 2025-03-20 18:43:44 --> Input Class Initialized
INFO - 2025-03-20 18:43:44 --> Language Class Initialized
INFO - 2025-03-20 18:43:44 --> Language Class Initialized
INFO - 2025-03-20 18:43:44 --> Config Class Initialized
INFO - 2025-03-20 18:43:44 --> Loader Class Initialized
INFO - 2025-03-20 18:43:44 --> Helper loaded: url_helper
INFO - 2025-03-20 18:43:44 --> Helper loaded: easyui_helper
INFO - 2025-03-20 18:43:44 --> Helper loaded: param_helper
INFO - 2025-03-20 18:43:44 --> Helper loaded: credential_helper
INFO - 2025-03-20 18:43:44 --> Helper loaded: template_helper
INFO - 2025-03-20 18:43:44 --> Helper loaded: rest_helper
INFO - 2025-03-20 18:43:44 --> Database Driver Class Initialized
DEBUG - 2025-03-20 18:43:44 --> Idgenerator class already loaded. Second attempt ignored.
INFO - 2025-03-20 18:43:44 --> Controller Class Initialized
DEBUG - 2025-03-20 18:43:44 --> File loaded: /apps/web-drc/application/modules/app_auth/views/login_lte_template.php
DEBUG - 2025-03-20 18:43:44 --> File loaded: /apps/web-drc/application/views/template_login_lte/header.php
DEBUG - 2025-03-20 18:43:44 --> File loaded: /apps/web-drc/application/views/template_login_lte/contents.php
DEBUG - 2025-03-20 18:43:44 --> File loaded: /apps/web-drc/application/views/template_login_lte/default.php
INFO - 2025-03-20 18:43:44 --> Final output sent to browser
DEBUG - 2025-03-20 18:43:44 --> Total execution time: 0.0788
INFO - 2025-03-20 18:43:45 --> Config Class Initialized
INFO - 2025-03-20 18:43:45 --> Hooks Class Initialized
DEBUG - 2025-03-20 18:43:45 --> UTF-8 Support Enabled
INFO - 2025-03-20 18:43:45 --> Utf8 Class Initialized
INFO - 2025-03-20 18:43:45 --> URI Class Initialized
DEBUG - 2025-03-20 18:43:45 --> No URI present. Default controller set.
INFO - 2025-03-20 18:43:45 --> Router Class Initialized
INFO - 2025-03-20 18:43:45 --> Output Class Initialized
INFO - 2025-03-20 18:43:45 --> Security Class Initialized
DEBUG - 2025-03-20 18:43:45 --> Global POST, GET and COOKIE data sanitized
INFO - 2025-03-20 18:43:45 --> Input Class Initialized
INFO - 2025-03-20 18:43:45 --> Language Class Initialized
INFO - 2025-03-20 18:43:45 --> Language Class Initialized
INFO - 2025-03-20 18:43:45 --> Config Class Initialized
INFO - 2025-03-20 18:43:45 --> Loader Class Initialized
INFO - 2025-03-20 18:43:45 --> Helper loaded: url_helper
INFO - 2025-03-20 18:43:45 --> Helper loaded: easyui_helper
INFO - 2025-03-20 18:43:45 --> Helper loaded: param_helper
INFO - 2025-03-20 18:43:45 --> Helper loaded: credential_helper
INFO - 2025-03-20 18:43:45 --> Helper loaded: template_helper
INFO - 2025-03-20 18:43:45 --> Helper loaded: rest_helper
INFO - 2025-03-20 18:43:45 --> Database Driver Class Initialized
DEBUG - 2025-03-20 18:43:45 --> Idgenerator class already loaded. Second attempt ignored.
INFO - 2025-03-20 18:43:45 --> Controller Class Initialized
DEBUG - 2025-03-20 18:43:45 --> File loaded: /apps/web-drc/application/modules/app_auth/views/login_lte_template.php
DEBUG - 2025-03-20 18:43:45 --> File loaded: /apps/web-drc/application/views/template_login_lte/header.php
DEBUG - 2025-03-20 18:43:45 --> File loaded: /apps/web-drc/application/views/template_login_lte/contents.php
DEBUG - 2025-03-20 18:43:45 --> File loaded: /apps/web-drc/application/views/template_login_lte/default.php
INFO - 2025-03-20 18:43:45 --> Final output sent to browser
DEBUG - 2025-03-20 18:43:45 --> Total execution time: 0.0034
INFO - 2025-03-20 23:05:41 --> Config Class Initialized
INFO - 2025-03-20 23:05:41 --> Hooks Class Initialized
DEBUG - 2025-03-20 23:05:41 --> UTF-8 Support Enabled
INFO - 2025-03-20 23:05:41 --> Utf8 Class Initialized
INFO - 2025-03-20 23:05:41 --> URI Class Initialized
DEBUG - 2025-03-20 23:05:41 --> No URI present. Default controller set.
INFO - 2025-03-20 23:05:41 --> Router Class Initialized
INFO - 2025-03-20 23:05:41 --> Output Class Initialized
INFO - 2025-03-20 23:05:41 --> Security Class Initialized
DEBUG - 2025-03-20 23:05:41 --> Global POST, GET and COOKIE data sanitized
INFO - 2025-03-20 23:05:41 --> Input Class Initialized
INFO - 2025-03-20 23:05:41 --> Language Class Initialized
INFO - 2025-03-20 23:05:41 --> Language Class Initialized
INFO - 2025-03-20 23:05:41 --> Config Class Initialized
INFO - 2025-03-20 23:05:41 --> Loader Class Initialized
INFO - 2025-03-20 23:05:41 --> Helper loaded: url_helper
INFO - 2025-03-20 23:05:41 --> Helper loaded: easyui_helper
INFO - 2025-03-20 23:05:41 --> Helper loaded: param_helper
INFO - 2025-03-20 23:05:41 --> Helper loaded: credential_helper
INFO - 2025-03-20 23:05:41 --> Helper loaded: template_helper
INFO - 2025-03-20 23:05:41 --> Helper loaded: rest_helper
INFO - 2025-03-20 23:05:41 --> Database Driver Class Initialized
DEBUG - 2025-03-20 23:05:41 --> Idgenerator class already loaded. Second attempt ignored.
INFO - 2025-03-20 23:05:41 --> Controller Class Initialized
DEBUG - 2025-03-20 23:05:41 --> File loaded: /apps/web-drc/application/modules/app_auth/views/login_lte_template.php
DEBUG - 2025-03-20 23:05:41 --> File loaded: /apps/web-drc/application/views/template_login_lte/header.php
DEBUG - 2025-03-20 23:05:41 --> File loaded: /apps/web-drc/application/views/template_login_lte/contents.php
DEBUG - 2025-03-20 23:05:41 --> File loaded: /apps/web-drc/application/views/template_login_lte/default.php
INFO - 2025-03-20 23:05:41 --> Final output sent to browser
DEBUG - 2025-03-20 23:05:41 --> Total execution time: 0.0190
