INFO - 2024-12-25 00:28:30 --> Config Class Initialized
INFO - 2024-12-25 00:28:30 --> Hooks Class Initialized
DEBUG - 2024-12-25 00:28:30 --> UTF-8 Support Enabled
INFO - 2024-12-25 00:28:30 --> Utf8 Class Initialized
INFO - 2024-12-25 00:28:30 --> URI Class Initialized
INFO - 2024-12-25 00:28:30 --> Router Class Initialized
INFO - 2024-12-25 00:28:30 --> Output Class Initialized
INFO - 2024-12-25 00:28:30 --> Security Class Initialized
DEBUG - 2024-12-25 00:28:30 --> Global POST, GET and COOKIE data sanitized
INFO - 2024-12-25 00:28:30 --> Input Class Initialized
INFO - 2024-12-25 00:28:30 --> Language Class Initialized
INFO - 2024-12-25 00:28:30 --> Language Class Initialized
INFO - 2024-12-25 00:28:30 --> Config Class Initialized
INFO - 2024-12-25 00:28:30 --> Loader Class Initialized
INFO - 2024-12-25 00:28:30 --> Helper loaded: url_helper
INFO - 2024-12-25 00:28:30 --> Helper loaded: easyui_helper
INFO - 2024-12-25 00:28:30 --> Helper loaded: param_helper
INFO - 2024-12-25 00:28:30 --> Helper loaded: credential_helper
INFO - 2024-12-25 00:28:30 --> Helper loaded: template_helper
INFO - 2024-12-25 00:28:30 --> Helper loaded: rest_helper
INFO - 2024-12-25 00:28:30 --> Database Driver Class Initialized
DEBUG - 2024-12-25 00:28:30 --> Idgenerator class already loaded. Second attempt ignored.
INFO - 2024-12-25 00:28:30 --> Controller Class Initialized
INFO - 2024-12-25 00:28:30 --> Model Class Initialized
DEBUG - 2024-12-25 00:28:30 --> File loaded: /apps/web-drc/application/modules/ref_customer/models/Customer_model.php
INFO - 2024-12-25 00:28:30 --> Model Class Initialized
DEBUG - 2024-12-25 00:28:30 --> File loaded: /apps/web-drc/application/modules/ref_customer/views/form.php
DEBUG - 2024-12-25 00:28:30 --> File loaded: /apps/web-drc/application/views/templates/header.php
DEBUG - 2024-12-25 00:28:30 --> File loaded: /apps/web-drc/application/views/templates/toolbar.php
DEBUG - 2024-12-25 00:28:30 --> File loaded: /apps/web-drc/application/views/templates/sidebar.php
DEBUG - 2024-12-25 00:28:30 --> File loaded: /apps/web-drc/application/views/templates/contents.php
DEBUG - 2024-12-25 00:28:30 --> File loaded: /apps/web-drc/application/views/templates/content_footer.php
DEBUG - 2024-12-25 00:28:30 --> File loaded: /apps/web-drc/application/views/templates/footer.php
INFO - 2024-12-25 00:28:30 --> Config Class Initialized
INFO - 2024-12-25 00:28:30 --> Hooks Class Initialized
DEBUG - 2024-12-25 00:28:30 --> UTF-8 Support Enabled
INFO - 2024-12-25 00:28:30 --> Utf8 Class Initialized
INFO - 2024-12-25 00:28:30 --> URI Class Initialized
DEBUG - 2024-12-25 00:28:30 --> No URI present. Default controller set.
INFO - 2024-12-25 00:28:30 --> Router Class Initialized
INFO - 2024-12-25 00:28:30 --> Output Class Initialized
INFO - 2024-12-25 00:28:30 --> Security Class Initialized
DEBUG - 2024-12-25 00:28:30 --> Global POST, GET and COOKIE data sanitized
INFO - 2024-12-25 00:28:30 --> Input Class Initialized
INFO - 2024-12-25 00:28:30 --> Language Class Initialized
INFO - 2024-12-25 00:28:30 --> Language Class Initialized
INFO - 2024-12-25 00:28:30 --> Config Class Initialized
INFO - 2024-12-25 00:28:30 --> Loader Class Initialized
INFO - 2024-12-25 00:28:30 --> Helper loaded: url_helper
INFO - 2024-12-25 00:28:30 --> Helper loaded: easyui_helper
INFO - 2024-12-25 00:28:30 --> Helper loaded: param_helper
INFO - 2024-12-25 00:28:30 --> Helper loaded: credential_helper
INFO - 2024-12-25 00:28:30 --> Helper loaded: template_helper
INFO - 2024-12-25 00:28:30 --> Helper loaded: rest_helper
INFO - 2024-12-25 00:28:30 --> Database Driver Class Initialized
DEBUG - 2024-12-25 00:28:30 --> Idgenerator class already loaded. Second attempt ignored.
INFO - 2024-12-25 00:28:30 --> Controller Class Initialized
DEBUG - 2024-12-25 00:28:30 --> File loaded: /apps/web-drc/application/modules/app_auth/views/login_lte_template.php
DEBUG - 2024-12-25 00:28:30 --> File loaded: /apps/web-drc/application/views/template_login_lte/header.php
DEBUG - 2024-12-25 00:28:30 --> File loaded: /apps/web-drc/application/views/template_login_lte/contents.php
DEBUG - 2024-12-25 00:28:30 --> File loaded: /apps/web-drc/application/views/template_login_lte/default.php
INFO - 2024-12-25 00:28:30 --> Final output sent to browser
DEBUG - 2024-12-25 00:28:30 --> Total execution time: 0.0026
INFO - 2024-12-25 00:28:32 --> Config Class Initialized
INFO - 2024-12-25 00:28:32 --> Hooks Class Initialized
DEBUG - 2024-12-25 00:28:32 --> UTF-8 Support Enabled
INFO - 2024-12-25 00:28:32 --> Utf8 Class Initialized
INFO - 2024-12-25 00:28:32 --> URI Class Initialized
INFO - 2024-12-25 00:28:32 --> Router Class Initialized
INFO - 2024-12-25 00:28:32 --> Output Class Initialized
INFO - 2024-12-25 00:28:32 --> Security Class Initialized
DEBUG - 2024-12-25 00:28:32 --> Global POST, GET and COOKIE data sanitized
INFO - 2024-12-25 00:28:32 --> Input Class Initialized
INFO - 2024-12-25 00:28:32 --> Language Class Initialized
INFO - 2024-12-25 00:28:32 --> Language Class Initialized
INFO - 2024-12-25 00:28:32 --> Config Class Initialized
INFO - 2024-12-25 00:28:32 --> Loader Class Initialized
INFO - 2024-12-25 00:28:32 --> Helper loaded: url_helper
INFO - 2024-12-25 00:28:32 --> Helper loaded: easyui_helper
INFO - 2024-12-25 00:28:32 --> Helper loaded: param_helper
INFO - 2024-12-25 00:28:32 --> Helper loaded: credential_helper
INFO - 2024-12-25 00:28:32 --> Helper loaded: template_helper
INFO - 2024-12-25 00:28:32 --> Helper loaded: rest_helper
INFO - 2024-12-25 00:28:32 --> Database Driver Class Initialized
DEBUG - 2024-12-25 00:28:32 --> Idgenerator class already loaded. Second attempt ignored.
INFO - 2024-12-25 00:28:32 --> Controller Class Initialized
INFO - 2024-12-25 00:28:32 --> Final output sent to browser
DEBUG - 2024-12-25 00:28:32 --> Total execution time: 0.0046
INFO - 2024-12-25 00:28:33 --> Config Class Initialized
INFO - 2024-12-25 00:28:33 --> Hooks Class Initialized
DEBUG - 2024-12-25 00:28:33 --> UTF-8 Support Enabled
INFO - 2024-12-25 00:28:33 --> Utf8 Class Initialized
INFO - 2024-12-25 00:28:33 --> URI Class Initialized
INFO - 2024-12-25 00:28:33 --> Router Class Initialized
INFO - 2024-12-25 00:28:33 --> Output Class Initialized
INFO - 2024-12-25 00:28:33 --> Security Class Initialized
DEBUG - 2024-12-25 00:28:33 --> Global POST, GET and COOKIE data sanitized
INFO - 2024-12-25 00:28:33 --> Input Class Initialized
INFO - 2024-12-25 00:28:33 --> Language Class Initialized
INFO - 2024-12-25 00:28:33 --> Language Class Initialized
INFO - 2024-12-25 00:28:33 --> Config Class Initialized
INFO - 2024-12-25 00:28:33 --> Loader Class Initialized
INFO - 2024-12-25 00:28:33 --> Helper loaded: url_helper
INFO - 2024-12-25 00:28:33 --> Helper loaded: easyui_helper
INFO - 2024-12-25 00:28:33 --> Helper loaded: param_helper
INFO - 2024-12-25 00:28:33 --> Helper loaded: credential_helper
INFO - 2024-12-25 00:28:33 --> Helper loaded: template_helper
INFO - 2024-12-25 00:28:33 --> Helper loaded: rest_helper
INFO - 2024-12-25 00:28:33 --> Database Driver Class Initialized
DEBUG - 2024-12-25 00:28:33 --> Idgenerator class already loaded. Second attempt ignored.
INFO - 2024-12-25 00:28:33 --> Controller Class Initialized
INFO - 2024-12-25 00:28:33 --> Model Class Initialized
DEBUG - 2024-12-25 00:28:33 --> File loaded: /apps/web-drc/application/modules/app_dashboard/models/App_dashboard_model.php
INFO - 2024-12-25 00:28:33 --> Model Class Initialized
DEBUG - 2024-12-25 00:28:33 --> File loaded: /apps/web-drc/application/modules/app_dashboard/views/content.php
DEBUG - 2024-12-25 00:28:33 --> File loaded: /apps/web-drc/application/views/templates/header.php
DEBUG - 2024-12-25 00:28:33 --> File loaded: /apps/web-drc/application/views/templates/toolbar.php
DEBUG - 2024-12-25 00:28:33 --> File loaded: /apps/web-drc/application/views/templates/sidebar.php
DEBUG - 2024-12-25 00:28:33 --> File loaded: /apps/web-drc/application/views/templates/contents.php
DEBUG - 2024-12-25 00:28:33 --> File loaded: /apps/web-drc/application/views/templates/content_footer.php
DEBUG - 2024-12-25 00:28:33 --> File loaded: /apps/web-drc/application/views/templates/footer.php
DEBUG - 2024-12-25 00:28:33 --> File loaded: /apps/web-drc/application/views/templates/default.php
INFO - 2024-12-25 00:28:33 --> Final output sent to browser
DEBUG - 2024-12-25 00:28:33 --> Total execution time: 0.0071
INFO - 2024-12-25 00:28:33 --> Config Class Initialized
INFO - 2024-12-25 00:28:33 --> Hooks Class Initialized
DEBUG - 2024-12-25 00:28:33 --> UTF-8 Support Enabled
INFO - 2024-12-25 00:28:33 --> Utf8 Class Initialized
INFO - 2024-12-25 00:28:33 --> URI Class Initialized
INFO - 2024-12-25 00:28:33 --> Router Class Initialized
INFO - 2024-12-25 00:28:33 --> Output Class Initialized
INFO - 2024-12-25 00:28:33 --> Security Class Initialized
DEBUG - 2024-12-25 00:28:33 --> Global POST, GET and COOKIE data sanitized
INFO - 2024-12-25 00:28:33 --> Input Class Initialized
INFO - 2024-12-25 00:28:33 --> Language Class Initialized
INFO - 2024-12-25 00:28:33 --> Language Class Initialized
INFO - 2024-12-25 00:28:33 --> Config Class Initialized
INFO - 2024-12-25 00:28:33 --> Loader Class Initialized
INFO - 2024-12-25 00:28:33 --> Helper loaded: url_helper
INFO - 2024-12-25 00:28:33 --> Helper loaded: easyui_helper
INFO - 2024-12-25 00:28:33 --> Helper loaded: param_helper
INFO - 2024-12-25 00:28:33 --> Helper loaded: credential_helper
INFO - 2024-12-25 00:28:33 --> Helper loaded: template_helper
INFO - 2024-12-25 00:28:33 --> Helper loaded: rest_helper
INFO - 2024-12-25 00:28:33 --> Database Driver Class Initialized
DEBUG - 2024-12-25 00:28:33 --> Idgenerator class already loaded. Second attempt ignored.
INFO - 2024-12-25 00:28:33 --> Controller Class Initialized
INFO - 2024-12-25 00:28:33 --> Model Class Initialized
DEBUG - 2024-12-25 00:28:33 --> File loaded: /apps/web-drc/application/modules/app_dashboard/models/App_dashboard_model.php
INFO - 2024-12-25 00:28:33 --> Model Class Initialized
INFO - 2024-12-25 00:28:33 --> Final output sent to browser
DEBUG - 2024-12-25 00:28:33 --> Total execution time: 0.0071
INFO - 2024-12-25 00:28:33 --> Config Class Initialized
INFO - 2024-12-25 00:28:33 --> Hooks Class Initialized
DEBUG - 2024-12-25 00:28:33 --> UTF-8 Support Enabled
INFO - 2024-12-25 00:28:33 --> Utf8 Class Initialized
INFO - 2024-12-25 00:28:33 --> URI Class Initialized
INFO - 2024-12-25 00:28:33 --> Router Class Initialized
INFO - 2024-12-25 00:28:33 --> Output Class Initialized
INFO - 2024-12-25 00:28:33 --> Security Class Initialized
DEBUG - 2024-12-25 00:28:33 --> Global POST, GET and COOKIE data sanitized
INFO - 2024-12-25 00:28:33 --> Input Class Initialized
INFO - 2024-12-25 00:28:33 --> Language Class Initialized
INFO - 2024-12-25 00:28:33 --> Language Class Initialized
INFO - 2024-12-25 00:28:33 --> Config Class Initialized
INFO - 2024-12-25 00:28:33 --> Loader Class Initialized
INFO - 2024-12-25 00:28:33 --> Helper loaded: url_helper
INFO - 2024-12-25 00:28:33 --> Helper loaded: easyui_helper
INFO - 2024-12-25 00:28:33 --> Helper loaded: param_helper
INFO - 2024-12-25 00:28:33 --> Helper loaded: credential_helper
INFO - 2024-12-25 00:28:33 --> Helper loaded: template_helper
INFO - 2024-12-25 00:28:33 --> Helper loaded: rest_helper
INFO - 2024-12-25 00:28:33 --> Database Driver Class Initialized
DEBUG - 2024-12-25 00:28:33 --> Idgenerator class already loaded. Second attempt ignored.
INFO - 2024-12-25 00:28:33 --> Controller Class Initialized
INFO - 2024-12-25 00:28:33 --> Model Class Initialized
DEBUG - 2024-12-25 00:28:33 --> File loaded: /apps/web-drc/application/modules/api_v1/models/Api_v1_model.php
INFO - 2024-12-25 00:28:33 --> Model Class Initialized
INFO - 2024-12-25 00:28:33 --> Final output sent to browser
DEBUG - 2024-12-25 00:28:33 --> Total execution time: 0.0050
INFO - 2024-12-25 00:29:44 --> Config Class Initialized
INFO - 2024-12-25 00:29:44 --> Hooks Class Initialized
DEBUG - 2024-12-25 00:29:44 --> UTF-8 Support Enabled
INFO - 2024-12-25 00:29:44 --> Utf8 Class Initialized
INFO - 2024-12-25 00:29:44 --> URI Class Initialized
INFO - 2024-12-25 00:29:44 --> Router Class Initialized
INFO - 2024-12-25 00:29:44 --> Output Class Initialized
INFO - 2024-12-25 00:29:44 --> Security Class Initialized
DEBUG - 2024-12-25 00:29:44 --> Global POST, GET and COOKIE data sanitized
INFO - 2024-12-25 00:29:44 --> Input Class Initialized
INFO - 2024-12-25 00:29:44 --> Language Class Initialized
INFO - 2024-12-25 00:29:44 --> Language Class Initialized
INFO - 2024-12-25 00:29:44 --> Config Class Initialized
INFO - 2024-12-25 00:29:44 --> Loader Class Initialized
INFO - 2024-12-25 00:29:44 --> Helper loaded: url_helper
INFO - 2024-12-25 00:29:44 --> Helper loaded: easyui_helper
INFO - 2024-12-25 00:29:44 --> Helper loaded: param_helper
INFO - 2024-12-25 00:29:44 --> Helper loaded: credential_helper
INFO - 2024-12-25 00:29:44 --> Helper loaded: template_helper
INFO - 2024-12-25 00:29:44 --> Helper loaded: rest_helper
INFO - 2024-12-25 00:29:44 --> Database Driver Class Initialized
DEBUG - 2024-12-25 00:29:44 --> Idgenerator class already loaded. Second attempt ignored.
INFO - 2024-12-25 00:29:44 --> Controller Class Initialized
INFO - 2024-12-25 00:29:44 --> Model Class Initialized
DEBUG - 2024-12-25 00:29:44 --> File loaded: /apps/web-drc/application/modules/ref_request_new_outlet/models/Request_new_outlet_model.php
INFO - 2024-12-25 00:29:44 --> Model Class Initialized
DEBUG - 2024-12-25 00:29:44 --> File loaded: /apps/web-drc/application/modules/ref_request_new_outlet/views/content.php
DEBUG - 2024-12-25 00:29:44 --> File loaded: /apps/web-drc/application/views/templates/header.php
DEBUG - 2024-12-25 00:29:44 --> File loaded: /apps/web-drc/application/views/templates/toolbar.php
DEBUG - 2024-12-25 00:29:44 --> File loaded: /apps/web-drc/application/views/templates/sidebar.php
DEBUG - 2024-12-25 00:29:44 --> File loaded: /apps/web-drc/application/views/templates/contents.php
DEBUG - 2024-12-25 00:29:44 --> File loaded: /apps/web-drc/application/views/templates/content_footer.php
DEBUG - 2024-12-25 00:29:44 --> File loaded: /apps/web-drc/application/views/templates/footer.php
DEBUG - 2024-12-25 00:29:44 --> File loaded: /apps/web-drc/application/views/templates/default.php
INFO - 2024-12-25 00:29:44 --> Final output sent to browser
DEBUG - 2024-12-25 00:29:44 --> Total execution time: 0.0115
INFO - 2024-12-25 00:29:44 --> Config Class Initialized
INFO - 2024-12-25 00:29:44 --> Hooks Class Initialized
DEBUG - 2024-12-25 00:29:44 --> UTF-8 Support Enabled
INFO - 2024-12-25 00:29:44 --> Utf8 Class Initialized
INFO - 2024-12-25 00:29:44 --> URI Class Initialized
INFO - 2024-12-25 00:29:44 --> Router Class Initialized
INFO - 2024-12-25 00:29:44 --> Output Class Initialized
INFO - 2024-12-25 00:29:44 --> Security Class Initialized
DEBUG - 2024-12-25 00:29:44 --> Global POST, GET and COOKIE data sanitized
INFO - 2024-12-25 00:29:44 --> Input Class Initialized
INFO - 2024-12-25 00:29:44 --> Language Class Initialized
INFO - 2024-12-25 00:29:44 --> Language Class Initialized
INFO - 2024-12-25 00:29:44 --> Config Class Initialized
INFO - 2024-12-25 00:29:44 --> Loader Class Initialized
INFO - 2024-12-25 00:29:44 --> Helper loaded: url_helper
INFO - 2024-12-25 00:29:44 --> Helper loaded: easyui_helper
INFO - 2024-12-25 00:29:44 --> Helper loaded: param_helper
INFO - 2024-12-25 00:29:44 --> Helper loaded: credential_helper
INFO - 2024-12-25 00:29:44 --> Helper loaded: template_helper
INFO - 2024-12-25 00:29:44 --> Helper loaded: rest_helper
INFO - 2024-12-25 00:29:44 --> Database Driver Class Initialized
DEBUG - 2024-12-25 00:29:44 --> Idgenerator class already loaded. Second attempt ignored.
INFO - 2024-12-25 00:29:44 --> Controller Class Initialized
INFO - 2024-12-25 00:29:44 --> Model Class Initialized
DEBUG - 2024-12-25 00:29:44 --> File loaded: /apps/web-drc/application/modules/ref_request_new_outlet/models/Request_new_outlet_model.php
INFO - 2024-12-25 00:29:44 --> Model Class Initialized
INFO - 2024-12-25 00:29:44 --> Final output sent to browser
DEBUG - 2024-12-25 00:29:44 --> Total execution time: 0.2564
INFO - 2024-12-25 00:29:47 --> Config Class Initialized
INFO - 2024-12-25 00:29:47 --> Hooks Class Initialized
DEBUG - 2024-12-25 00:29:47 --> UTF-8 Support Enabled
INFO - 2024-12-25 00:29:47 --> Utf8 Class Initialized
INFO - 2024-12-25 00:29:47 --> URI Class Initialized
INFO - 2024-12-25 00:29:47 --> Router Class Initialized
INFO - 2024-12-25 00:29:47 --> Output Class Initialized
INFO - 2024-12-25 00:29:47 --> Security Class Initialized
DEBUG - 2024-12-25 00:29:47 --> Global POST, GET and COOKIE data sanitized
INFO - 2024-12-25 00:29:47 --> Input Class Initialized
INFO - 2024-12-25 00:29:47 --> Language Class Initialized
INFO - 2024-12-25 00:29:47 --> Language Class Initialized
INFO - 2024-12-25 00:29:47 --> Config Class Initialized
INFO - 2024-12-25 00:29:47 --> Loader Class Initialized
INFO - 2024-12-25 00:29:47 --> Helper loaded: url_helper
INFO - 2024-12-25 00:29:47 --> Helper loaded: easyui_helper
INFO - 2024-12-25 00:29:47 --> Helper loaded: param_helper
INFO - 2024-12-25 00:29:47 --> Helper loaded: credential_helper
INFO - 2024-12-25 00:29:47 --> Helper loaded: template_helper
INFO - 2024-12-25 00:29:47 --> Helper loaded: rest_helper
INFO - 2024-12-25 00:29:47 --> Database Driver Class Initialized
DEBUG - 2024-12-25 00:29:47 --> Idgenerator class already loaded. Second attempt ignored.
INFO - 2024-12-25 00:29:47 --> Controller Class Initialized
INFO - 2024-12-25 00:29:47 --> Model Class Initialized
DEBUG - 2024-12-25 00:29:47 --> File loaded: /apps/web-drc/application/modules/ref_request_new_outlet/models/Request_new_outlet_model.php
INFO - 2024-12-25 00:29:47 --> Model Class Initialized
DEBUG - 2024-12-25 00:29:47 --> File loaded: /apps/web-drc/application/modules/ref_request_new_outlet/views/form.php
DEBUG - 2024-12-25 00:29:47 --> File loaded: /apps/web-drc/application/views/templates/header.php
DEBUG - 2024-12-25 00:29:47 --> File loaded: /apps/web-drc/application/views/templates/toolbar.php
DEBUG - 2024-12-25 00:29:47 --> File loaded: /apps/web-drc/application/views/templates/sidebar.php
DEBUG - 2024-12-25 00:29:47 --> File loaded: /apps/web-drc/application/views/templates/contents.php
DEBUG - 2024-12-25 00:29:47 --> File loaded: /apps/web-drc/application/views/templates/content_footer.php
DEBUG - 2024-12-25 00:29:47 --> File loaded: /apps/web-drc/application/views/templates/footer.php
DEBUG - 2024-12-25 00:29:47 --> File loaded: /apps/web-drc/application/views/templates/default.php
INFO - 2024-12-25 00:29:47 --> Final output sent to browser
DEBUG - 2024-12-25 00:29:47 --> Total execution time: 0.0075
INFO - 2024-12-25 00:29:47 --> Config Class Initialized
INFO - 2024-12-25 00:29:47 --> Hooks Class Initialized
DEBUG - 2024-12-25 00:29:47 --> UTF-8 Support Enabled
INFO - 2024-12-25 00:29:47 --> Utf8 Class Initialized
INFO - 2024-12-25 00:29:47 --> URI Class Initialized
INFO - 2024-12-25 00:29:47 --> Router Class Initialized
INFO - 2024-12-25 00:29:47 --> Output Class Initialized
INFO - 2024-12-25 00:29:47 --> Security Class Initialized
DEBUG - 2024-12-25 00:29:47 --> Global POST, GET and COOKIE data sanitized
INFO - 2024-12-25 00:29:47 --> Input Class Initialized
INFO - 2024-12-25 00:29:47 --> Language Class Initialized
INFO - 2024-12-25 00:29:47 --> Language Class Initialized
INFO - 2024-12-25 00:29:47 --> Config Class Initialized
INFO - 2024-12-25 00:29:47 --> Loader Class Initialized
INFO - 2024-12-25 00:29:47 --> Helper loaded: url_helper
INFO - 2024-12-25 00:29:47 --> Helper loaded: easyui_helper
INFO - 2024-12-25 00:29:47 --> Helper loaded: param_helper
INFO - 2024-12-25 00:29:47 --> Helper loaded: credential_helper
INFO - 2024-12-25 00:29:47 --> Helper loaded: template_helper
INFO - 2024-12-25 00:29:47 --> Helper loaded: rest_helper
INFO - 2024-12-25 00:29:47 --> Database Driver Class Initialized
DEBUG - 2024-12-25 00:29:47 --> Idgenerator class already loaded. Second attempt ignored.
INFO - 2024-12-25 00:29:47 --> Controller Class Initialized
INFO - 2024-12-25 00:29:47 --> Model Class Initialized
DEBUG - 2024-12-25 00:29:47 --> File loaded: /apps/web-drc/application/modules/ref_customer_type/models/Customer_type_model.php
INFO - 2024-12-25 00:29:47 --> Model Class Initialized
INFO - 2024-12-25 00:29:47 --> Final output sent to browser
DEBUG - 2024-12-25 00:29:47 --> Total execution time: 0.0037
INFO - 2024-12-25 00:29:47 --> Config Class Initialized
INFO - 2024-12-25 00:29:47 --> Hooks Class Initialized
DEBUG - 2024-12-25 00:29:47 --> UTF-8 Support Enabled
INFO - 2024-12-25 00:29:47 --> Utf8 Class Initialized
INFO - 2024-12-25 00:29:47 --> URI Class Initialized
INFO - 2024-12-25 00:29:47 --> Router Class Initialized
INFO - 2024-12-25 00:29:47 --> Output Class Initialized
INFO - 2024-12-25 00:29:47 --> Security Class Initialized
DEBUG - 2024-12-25 00:29:47 --> Global POST, GET and COOKIE data sanitized
INFO - 2024-12-25 00:29:47 --> Input Class Initialized
INFO - 2024-12-25 00:29:47 --> Language Class Initialized
INFO - 2024-12-25 00:29:47 --> Language Class Initialized
INFO - 2024-12-25 00:29:47 --> Config Class Initialized
INFO - 2024-12-25 00:29:47 --> Loader Class Initialized
INFO - 2024-12-25 00:29:47 --> Helper loaded: url_helper
INFO - 2024-12-25 00:29:47 --> Helper loaded: easyui_helper
INFO - 2024-12-25 00:29:47 --> Helper loaded: param_helper
INFO - 2024-12-25 00:29:47 --> Helper loaded: credential_helper
INFO - 2024-12-25 00:29:47 --> Helper loaded: template_helper
INFO - 2024-12-25 00:29:47 --> Helper loaded: rest_helper
INFO - 2024-12-25 00:29:47 --> Database Driver Class Initialized
DEBUG - 2024-12-25 00:29:47 --> Idgenerator class already loaded. Second attempt ignored.
INFO - 2024-12-25 00:29:47 --> Controller Class Initialized
INFO - 2024-12-25 00:29:47 --> Model Class Initialized
DEBUG - 2024-12-25 00:29:47 --> File loaded: /apps/web-drc/application/modules/ref_customer_segment/models/Customer_segment_model.php
INFO - 2024-12-25 00:29:47 --> Model Class Initialized
INFO - 2024-12-25 00:29:47 --> Final output sent to browser
DEBUG - 2024-12-25 00:29:47 --> Total execution time: 0.0045
INFO - 2024-12-25 00:29:47 --> Config Class Initialized
INFO - 2024-12-25 00:29:47 --> Hooks Class Initialized
DEBUG - 2024-12-25 00:29:47 --> UTF-8 Support Enabled
INFO - 2024-12-25 00:29:47 --> Utf8 Class Initialized
INFO - 2024-12-25 00:29:47 --> URI Class Initialized
INFO - 2024-12-25 00:29:47 --> Router Class Initialized
INFO - 2024-12-25 00:29:47 --> Output Class Initialized
INFO - 2024-12-25 00:29:47 --> Security Class Initialized
DEBUG - 2024-12-25 00:29:47 --> Global POST, GET and COOKIE data sanitized
INFO - 2024-12-25 00:29:47 --> Input Class Initialized
INFO - 2024-12-25 00:29:47 --> Language Class Initialized
INFO - 2024-12-25 00:29:47 --> Language Class Initialized
INFO - 2024-12-25 00:29:47 --> Config Class Initialized
INFO - 2024-12-25 00:29:47 --> Loader Class Initialized
INFO - 2024-12-25 00:29:47 --> Helper loaded: url_helper
INFO - 2024-12-25 00:29:47 --> Helper loaded: easyui_helper
INFO - 2024-12-25 00:29:47 --> Helper loaded: param_helper
INFO - 2024-12-25 00:29:47 --> Helper loaded: credential_helper
INFO - 2024-12-25 00:29:47 --> Helper loaded: template_helper
INFO - 2024-12-25 00:29:47 --> Helper loaded: rest_helper
INFO - 2024-12-25 00:29:47 --> Database Driver Class Initialized
DEBUG - 2024-12-25 00:29:47 --> Idgenerator class already loaded. Second attempt ignored.
INFO - 2024-12-25 00:29:47 --> Controller Class Initialized
INFO - 2024-12-25 00:29:47 --> Model Class Initialized
DEBUG - 2024-12-25 00:29:47 --> File loaded: /apps/web-drc/application/modules/ref_customer_class/models/Customer_class_model.php
INFO - 2024-12-25 00:29:47 --> Model Class Initialized
INFO - 2024-12-25 00:29:47 --> Final output sent to browser
DEBUG - 2024-12-25 00:29:47 --> Total execution time: 0.0053
INFO - 2024-12-25 00:29:47 --> Config Class Initialized
INFO - 2024-12-25 00:29:47 --> Hooks Class Initialized
DEBUG - 2024-12-25 00:29:47 --> UTF-8 Support Enabled
INFO - 2024-12-25 00:29:47 --> Utf8 Class Initialized
INFO - 2024-12-25 00:29:47 --> URI Class Initialized
INFO - 2024-12-25 00:29:47 --> Router Class Initialized
INFO - 2024-12-25 00:29:47 --> Output Class Initialized
INFO - 2024-12-25 00:29:47 --> Security Class Initialized
DEBUG - 2024-12-25 00:29:47 --> Global POST, GET and COOKIE data sanitized
INFO - 2024-12-25 00:29:47 --> Input Class Initialized
INFO - 2024-12-25 00:29:47 --> Language Class Initialized
INFO - 2024-12-25 00:29:47 --> Language Class Initialized
INFO - 2024-12-25 00:29:47 --> Config Class Initialized
INFO - 2024-12-25 00:29:47 --> Loader Class Initialized
INFO - 2024-12-25 00:29:47 --> Helper loaded: url_helper
INFO - 2024-12-25 00:29:47 --> Helper loaded: easyui_helper
INFO - 2024-12-25 00:29:47 --> Helper loaded: param_helper
INFO - 2024-12-25 00:29:47 --> Helper loaded: credential_helper
INFO - 2024-12-25 00:29:47 --> Helper loaded: template_helper
INFO - 2024-12-25 00:29:47 --> Helper loaded: rest_helper
INFO - 2024-12-25 00:29:47 --> Database Driver Class Initialized
DEBUG - 2024-12-25 00:29:47 --> Idgenerator class already loaded. Second attempt ignored.
INFO - 2024-12-25 00:29:47 --> Controller Class Initialized
INFO - 2024-12-25 00:29:47 --> Model Class Initialized
DEBUG - 2024-12-25 00:29:47 --> File loaded: /apps/web-drc/application/modules/api_v1/models/Api_v1_model.php
INFO - 2024-12-25 00:29:47 --> Model Class Initialized
INFO - 2024-12-25 00:29:47 --> Final output sent to browser
DEBUG - 2024-12-25 00:29:47 --> Total execution time: 0.0038
INFO - 2024-12-25 00:29:47 --> Config Class Initialized
INFO - 2024-12-25 00:29:47 --> Hooks Class Initialized
DEBUG - 2024-12-25 00:29:47 --> UTF-8 Support Enabled
INFO - 2024-12-25 00:29:47 --> Utf8 Class Initialized
INFO - 2024-12-25 00:29:47 --> URI Class Initialized
INFO - 2024-12-25 00:29:47 --> Router Class Initialized
INFO - 2024-12-25 00:29:47 --> Output Class Initialized
INFO - 2024-12-25 00:29:47 --> Security Class Initialized
DEBUG - 2024-12-25 00:29:47 --> Global POST, GET and COOKIE data sanitized
INFO - 2024-12-25 00:29:47 --> Input Class Initialized
INFO - 2024-12-25 00:29:47 --> Language Class Initialized
INFO - 2024-12-25 00:29:47 --> Language Class Initialized
INFO - 2024-12-25 00:29:47 --> Config Class Initialized
INFO - 2024-12-25 00:29:47 --> Loader Class Initialized
INFO - 2024-12-25 00:29:47 --> Helper loaded: url_helper
INFO - 2024-12-25 00:29:47 --> Helper loaded: easyui_helper
INFO - 2024-12-25 00:29:47 --> Helper loaded: param_helper
INFO - 2024-12-25 00:29:47 --> Helper loaded: credential_helper
INFO - 2024-12-25 00:29:47 --> Helper loaded: template_helper
INFO - 2024-12-25 00:29:47 --> Helper loaded: rest_helper
INFO - 2024-12-25 00:29:47 --> Database Driver Class Initialized
DEBUG - 2024-12-25 00:29:47 --> Idgenerator class already loaded. Second attempt ignored.
INFO - 2024-12-25 00:29:47 --> Controller Class Initialized
INFO - 2024-12-25 00:29:47 --> Model Class Initialized
DEBUG - 2024-12-25 00:29:47 --> File loaded: /apps/web-drc/application/modules/api_v1/models/Api_v1_model.php
INFO - 2024-12-25 00:29:47 --> Model Class Initialized
INFO - 2024-12-25 00:29:47 --> Final output sent to browser
DEBUG - 2024-12-25 00:29:47 --> Total execution time: 0.0032
INFO - 2024-12-25 00:29:47 --> Config Class Initialized
INFO - 2024-12-25 00:29:47 --> Hooks Class Initialized
DEBUG - 2024-12-25 00:29:47 --> UTF-8 Support Enabled
INFO - 2024-12-25 00:29:47 --> Utf8 Class Initialized
INFO - 2024-12-25 00:29:47 --> URI Class Initialized
INFO - 2024-12-25 00:29:47 --> Router Class Initialized
INFO - 2024-12-25 00:29:47 --> Output Class Initialized
INFO - 2024-12-25 00:29:47 --> Security Class Initialized
DEBUG - 2024-12-25 00:29:47 --> Global POST, GET and COOKIE data sanitized
INFO - 2024-12-25 00:29:47 --> Input Class Initialized
INFO - 2024-12-25 00:29:47 --> Language Class Initialized
INFO - 2024-12-25 00:29:47 --> Language Class Initialized
INFO - 2024-12-25 00:29:47 --> Config Class Initialized
INFO - 2024-12-25 00:29:47 --> Loader Class Initialized
INFO - 2024-12-25 00:29:47 --> Helper loaded: url_helper
INFO - 2024-12-25 00:29:47 --> Helper loaded: easyui_helper
INFO - 2024-12-25 00:29:47 --> Helper loaded: param_helper
INFO - 2024-12-25 00:29:47 --> Helper loaded: credential_helper
INFO - 2024-12-25 00:29:47 --> Helper loaded: template_helper
INFO - 2024-12-25 00:29:47 --> Helper loaded: rest_helper
INFO - 2024-12-25 00:29:47 --> Database Driver Class Initialized
DEBUG - 2024-12-25 00:29:47 --> Idgenerator class already loaded. Second attempt ignored.
INFO - 2024-12-25 00:29:47 --> Controller Class Initialized
INFO - 2024-12-25 00:29:47 --> Model Class Initialized
DEBUG - 2024-12-25 00:29:47 --> File loaded: /apps/web-drc/application/modules/api_v1/models/Api_v1_model.php
INFO - 2024-12-25 00:29:47 --> Model Class Initialized
INFO - 2024-12-25 00:29:47 --> Final output sent to browser
DEBUG - 2024-12-25 00:29:47 --> Total execution time: 0.0034
INFO - 2024-12-25 00:29:47 --> Config Class Initialized
INFO - 2024-12-25 00:29:47 --> Hooks Class Initialized
DEBUG - 2024-12-25 00:29:47 --> UTF-8 Support Enabled
INFO - 2024-12-25 00:29:47 --> Utf8 Class Initialized
INFO - 2024-12-25 00:29:47 --> URI Class Initialized
INFO - 2024-12-25 00:29:47 --> Router Class Initialized
INFO - 2024-12-25 00:29:47 --> Output Class Initialized
INFO - 2024-12-25 00:29:47 --> Security Class Initialized
DEBUG - 2024-12-25 00:29:47 --> Global POST, GET and COOKIE data sanitized
INFO - 2024-12-25 00:29:47 --> Input Class Initialized
INFO - 2024-12-25 00:29:47 --> Language Class Initialized
INFO - 2024-12-25 00:29:47 --> Language Class Initialized
INFO - 2024-12-25 00:29:47 --> Config Class Initialized
INFO - 2024-12-25 00:29:47 --> Loader Class Initialized
INFO - 2024-12-25 00:29:47 --> Helper loaded: url_helper
INFO - 2024-12-25 00:29:47 --> Helper loaded: easyui_helper
INFO - 2024-12-25 00:29:47 --> Helper loaded: param_helper
INFO - 2024-12-25 00:29:47 --> Helper loaded: credential_helper
INFO - 2024-12-25 00:29:47 --> Helper loaded: template_helper
INFO - 2024-12-25 00:29:47 --> Helper loaded: rest_helper
INFO - 2024-12-25 00:29:47 --> Database Driver Class Initialized
DEBUG - 2024-12-25 00:29:47 --> Idgenerator class already loaded. Second attempt ignored.
INFO - 2024-12-25 00:29:47 --> Controller Class Initialized
INFO - 2024-12-25 00:29:47 --> Model Class Initialized
DEBUG - 2024-12-25 00:29:47 --> File loaded: /apps/web-drc/application/modules/api_v1/models/Api_v1_model.php
INFO - 2024-12-25 00:29:47 --> Model Class Initialized
INFO - 2024-12-25 00:29:48 --> Final output sent to browser
DEBUG - 2024-12-25 00:29:48 --> Total execution time: 0.6753
INFO - 2024-12-25 00:29:48 --> Config Class Initialized
INFO - 2024-12-25 00:29:48 --> Hooks Class Initialized
DEBUG - 2024-12-25 00:29:48 --> UTF-8 Support Enabled
INFO - 2024-12-25 00:29:48 --> Utf8 Class Initialized
INFO - 2024-12-25 00:29:48 --> URI Class Initialized
INFO - 2024-12-25 00:29:48 --> Router Class Initialized
INFO - 2024-12-25 00:29:48 --> Output Class Initialized
INFO - 2024-12-25 00:29:48 --> Security Class Initialized
DEBUG - 2024-12-25 00:29:48 --> Global POST, GET and COOKIE data sanitized
INFO - 2024-12-25 00:29:48 --> Input Class Initialized
INFO - 2024-12-25 00:29:48 --> Language Class Initialized
INFO - 2024-12-25 00:29:48 --> Language Class Initialized
INFO - 2024-12-25 00:29:48 --> Config Class Initialized
INFO - 2024-12-25 00:29:48 --> Loader Class Initialized
INFO - 2024-12-25 00:29:48 --> Helper loaded: url_helper
INFO - 2024-12-25 00:29:48 --> Helper loaded: easyui_helper
INFO - 2024-12-25 00:29:48 --> Helper loaded: param_helper
INFO - 2024-12-25 00:29:48 --> Helper loaded: credential_helper
INFO - 2024-12-25 00:29:48 --> Helper loaded: template_helper
INFO - 2024-12-25 00:29:48 --> Helper loaded: rest_helper
INFO - 2024-12-25 00:29:48 --> Database Driver Class Initialized
DEBUG - 2024-12-25 00:29:48 --> Idgenerator class already loaded. Second attempt ignored.
INFO - 2024-12-25 00:29:48 --> Controller Class Initialized
INFO - 2024-12-25 00:29:48 --> Model Class Initialized
DEBUG - 2024-12-25 00:29:48 --> File loaded: /apps/web-drc/application/modules/api_v1/models/Api_v1_model.php
INFO - 2024-12-25 00:29:48 --> Model Class Initialized
INFO - 2024-12-25 00:29:48 --> Final output sent to browser
DEBUG - 2024-12-25 00:29:48 --> Total execution time: 0.0038
INFO - 2024-12-25 00:29:48 --> Config Class Initialized
INFO - 2024-12-25 00:29:48 --> Hooks Class Initialized
DEBUG - 2024-12-25 00:29:48 --> UTF-8 Support Enabled
INFO - 2024-12-25 00:29:48 --> Utf8 Class Initialized
INFO - 2024-12-25 00:29:48 --> URI Class Initialized
INFO - 2024-12-25 00:29:48 --> Router Class Initialized
INFO - 2024-12-25 00:29:48 --> Output Class Initialized
INFO - 2024-12-25 00:29:48 --> Security Class Initialized
DEBUG - 2024-12-25 00:29:48 --> Global POST, GET and COOKIE data sanitized
INFO - 2024-12-25 00:29:48 --> Input Class Initialized
INFO - 2024-12-25 00:29:48 --> Language Class Initialized
INFO - 2024-12-25 00:29:48 --> Language Class Initialized
INFO - 2024-12-25 00:29:48 --> Config Class Initialized
INFO - 2024-12-25 00:29:48 --> Loader Class Initialized
INFO - 2024-12-25 00:29:48 --> Helper loaded: url_helper
INFO - 2024-12-25 00:29:48 --> Helper loaded: easyui_helper
INFO - 2024-12-25 00:29:48 --> Helper loaded: param_helper
INFO - 2024-12-25 00:29:48 --> Helper loaded: credential_helper
INFO - 2024-12-25 00:29:48 --> Helper loaded: template_helper
INFO - 2024-12-25 00:29:48 --> Helper loaded: rest_helper
INFO - 2024-12-25 00:29:48 --> Database Driver Class Initialized
DEBUG - 2024-12-25 00:29:48 --> Idgenerator class already loaded. Second attempt ignored.
INFO - 2024-12-25 00:29:48 --> Controller Class Initialized
INFO - 2024-12-25 00:29:48 --> Model Class Initialized
DEBUG - 2024-12-25 00:29:48 --> File loaded: /apps/web-drc/application/modules/api_v1/models/Api_v1_model.php
INFO - 2024-12-25 00:29:48 --> Model Class Initialized
INFO - 2024-12-25 00:29:48 --> Final output sent to browser
DEBUG - 2024-12-25 00:29:48 --> Total execution time: 0.0043
INFO - 2024-12-25 00:29:48 --> Config Class Initialized
INFO - 2024-12-25 00:29:48 --> Hooks Class Initialized
DEBUG - 2024-12-25 00:29:48 --> UTF-8 Support Enabled
INFO - 2024-12-25 00:29:48 --> Utf8 Class Initialized
INFO - 2024-12-25 00:29:48 --> URI Class Initialized
INFO - 2024-12-25 00:29:48 --> Router Class Initialized
INFO - 2024-12-25 00:29:48 --> Output Class Initialized
INFO - 2024-12-25 00:29:48 --> Security Class Initialized
DEBUG - 2024-12-25 00:29:48 --> Global POST, GET and COOKIE data sanitized
INFO - 2024-12-25 00:29:48 --> Input Class Initialized
INFO - 2024-12-25 00:29:48 --> Language Class Initialized
INFO - 2024-12-25 00:29:48 --> Language Class Initialized
INFO - 2024-12-25 00:29:48 --> Config Class Initialized
INFO - 2024-12-25 00:29:48 --> Loader Class Initialized
INFO - 2024-12-25 00:29:48 --> Helper loaded: url_helper
INFO - 2024-12-25 00:29:48 --> Helper loaded: easyui_helper
INFO - 2024-12-25 00:29:48 --> Helper loaded: param_helper
INFO - 2024-12-25 00:29:48 --> Helper loaded: credential_helper
INFO - 2024-12-25 00:29:48 --> Helper loaded: template_helper
INFO - 2024-12-25 00:29:48 --> Helper loaded: rest_helper
INFO - 2024-12-25 00:29:48 --> Database Driver Class Initialized
DEBUG - 2024-12-25 00:29:48 --> Idgenerator class already loaded. Second attempt ignored.
INFO - 2024-12-25 00:29:48 --> Controller Class Initialized
INFO - 2024-12-25 00:29:48 --> Model Class Initialized
DEBUG - 2024-12-25 00:29:48 --> File loaded: /apps/web-drc/application/modules/api_v1/models/Api_v1_model.php
INFO - 2024-12-25 00:29:48 --> Model Class Initialized
INFO - 2024-12-25 00:29:48 --> Final output sent to browser
DEBUG - 2024-12-25 00:29:48 --> Total execution time: 0.0042
INFO - 2024-12-25 00:29:48 --> Config Class Initialized
INFO - 2024-12-25 00:29:48 --> Hooks Class Initialized
DEBUG - 2024-12-25 00:29:48 --> UTF-8 Support Enabled
INFO - 2024-12-25 00:29:48 --> Utf8 Class Initialized
INFO - 2024-12-25 00:29:48 --> URI Class Initialized
INFO - 2024-12-25 00:29:48 --> Router Class Initialized
INFO - 2024-12-25 00:29:48 --> Output Class Initialized
INFO - 2024-12-25 00:29:48 --> Security Class Initialized
DEBUG - 2024-12-25 00:29:48 --> Global POST, GET and COOKIE data sanitized
INFO - 2024-12-25 00:29:48 --> Input Class Initialized
INFO - 2024-12-25 00:29:48 --> Language Class Initialized
INFO - 2024-12-25 00:29:48 --> Language Class Initialized
INFO - 2024-12-25 00:29:48 --> Config Class Initialized
INFO - 2024-12-25 00:29:48 --> Loader Class Initialized
INFO - 2024-12-25 00:29:48 --> Helper loaded: url_helper
INFO - 2024-12-25 00:29:48 --> Helper loaded: easyui_helper
INFO - 2024-12-25 00:29:48 --> Helper loaded: param_helper
INFO - 2024-12-25 00:29:48 --> Helper loaded: credential_helper
INFO - 2024-12-25 00:29:48 --> Helper loaded: template_helper
INFO - 2024-12-25 00:29:48 --> Helper loaded: rest_helper
INFO - 2024-12-25 00:29:48 --> Database Driver Class Initialized
DEBUG - 2024-12-25 00:29:48 --> Idgenerator class already loaded. Second attempt ignored.
INFO - 2024-12-25 00:29:48 --> Controller Class Initialized
INFO - 2024-12-25 00:29:48 --> Model Class Initialized
DEBUG - 2024-12-25 00:29:48 --> File loaded: /apps/web-drc/application/modules/api_v1/models/Api_v1_model.php
INFO - 2024-12-25 00:29:48 --> Model Class Initialized
INFO - 2024-12-25 00:29:48 --> Final output sent to browser
DEBUG - 2024-12-25 00:29:48 --> Total execution time: 0.0042
INFO - 2024-12-25 00:29:48 --> Config Class Initialized
INFO - 2024-12-25 00:29:48 --> Hooks Class Initialized
DEBUG - 2024-12-25 00:29:48 --> UTF-8 Support Enabled
INFO - 2024-12-25 00:29:48 --> Utf8 Class Initialized
INFO - 2024-12-25 00:29:48 --> URI Class Initialized
INFO - 2024-12-25 00:29:48 --> Router Class Initialized
INFO - 2024-12-25 00:29:48 --> Output Class Initialized
INFO - 2024-12-25 00:29:48 --> Security Class Initialized
DEBUG - 2024-12-25 00:29:48 --> Global POST, GET and COOKIE data sanitized
INFO - 2024-12-25 00:29:48 --> Input Class Initialized
INFO - 2024-12-25 00:29:48 --> Language Class Initialized
INFO - 2024-12-25 00:29:48 --> Language Class Initialized
INFO - 2024-12-25 00:29:48 --> Config Class Initialized
INFO - 2024-12-25 00:29:48 --> Loader Class Initialized
INFO - 2024-12-25 00:29:48 --> Helper loaded: url_helper
INFO - 2024-12-25 00:29:48 --> Helper loaded: easyui_helper
INFO - 2024-12-25 00:29:48 --> Helper loaded: param_helper
INFO - 2024-12-25 00:29:48 --> Helper loaded: credential_helper
INFO - 2024-12-25 00:29:48 --> Helper loaded: template_helper
INFO - 2024-12-25 00:29:48 --> Helper loaded: rest_helper
INFO - 2024-12-25 00:29:48 --> Database Driver Class Initialized
DEBUG - 2024-12-25 00:29:48 --> Idgenerator class already loaded. Second attempt ignored.
INFO - 2024-12-25 00:29:48 --> Controller Class Initialized
INFO - 2024-12-25 00:29:48 --> Model Class Initialized
DEBUG - 2024-12-25 00:29:48 --> File loaded: /apps/web-drc/application/modules/api_v1/models/Api_v1_model.php
INFO - 2024-12-25 00:29:48 --> Model Class Initialized
INFO - 2024-12-25 00:29:48 --> Final output sent to browser
DEBUG - 2024-12-25 00:29:48 --> Total execution time: 0.0056
INFO - 2024-12-25 00:29:48 --> Config Class Initialized
INFO - 2024-12-25 00:29:48 --> Hooks Class Initialized
DEBUG - 2024-12-25 00:29:48 --> UTF-8 Support Enabled
INFO - 2024-12-25 00:29:48 --> Utf8 Class Initialized
INFO - 2024-12-25 00:29:48 --> URI Class Initialized
INFO - 2024-12-25 00:29:48 --> Router Class Initialized
INFO - 2024-12-25 00:29:48 --> Output Class Initialized
INFO - 2024-12-25 00:29:48 --> Security Class Initialized
DEBUG - 2024-12-25 00:29:48 --> Global POST, GET and COOKIE data sanitized
INFO - 2024-12-25 00:29:48 --> Input Class Initialized
INFO - 2024-12-25 00:29:48 --> Language Class Initialized
INFO - 2024-12-25 00:29:48 --> Language Class Initialized
INFO - 2024-12-25 00:29:48 --> Config Class Initialized
INFO - 2024-12-25 00:29:48 --> Loader Class Initialized
INFO - 2024-12-25 00:29:48 --> Helper loaded: url_helper
INFO - 2024-12-25 00:29:48 --> Helper loaded: easyui_helper
INFO - 2024-12-25 00:29:48 --> Helper loaded: param_helper
INFO - 2024-12-25 00:29:48 --> Helper loaded: credential_helper
INFO - 2024-12-25 00:29:48 --> Helper loaded: template_helper
INFO - 2024-12-25 00:29:48 --> Helper loaded: rest_helper
INFO - 2024-12-25 00:29:48 --> Database Driver Class Initialized
DEBUG - 2024-12-25 00:29:48 --> Idgenerator class already loaded. Second attempt ignored.
INFO - 2024-12-25 00:29:48 --> Controller Class Initialized
INFO - 2024-12-25 00:29:48 --> Model Class Initialized
DEBUG - 2024-12-25 00:29:48 --> File loaded: /apps/web-drc/application/modules/api_v1/models/Api_v1_model.php
INFO - 2024-12-25 00:29:48 --> Model Class Initialized
INFO - 2024-12-25 00:29:49 --> Final output sent to browser
DEBUG - 2024-12-25 00:29:49 --> Total execution time: 0.7387
INFO - 2024-12-25 00:29:49 --> Config Class Initialized
INFO - 2024-12-25 00:29:49 --> Hooks Class Initialized
DEBUG - 2024-12-25 00:29:49 --> UTF-8 Support Enabled
INFO - 2024-12-25 00:29:49 --> Utf8 Class Initialized
INFO - 2024-12-25 00:29:49 --> URI Class Initialized
INFO - 2024-12-25 00:29:49 --> Router Class Initialized
INFO - 2024-12-25 00:29:49 --> Output Class Initialized
INFO - 2024-12-25 00:29:49 --> Security Class Initialized
DEBUG - 2024-12-25 00:29:49 --> Global POST, GET and COOKIE data sanitized
INFO - 2024-12-25 00:29:49 --> Input Class Initialized
INFO - 2024-12-25 00:29:49 --> Language Class Initialized
INFO - 2024-12-25 00:29:49 --> Language Class Initialized
INFO - 2024-12-25 00:29:49 --> Config Class Initialized
INFO - 2024-12-25 00:29:49 --> Loader Class Initialized
INFO - 2024-12-25 00:29:49 --> Helper loaded: url_helper
INFO - 2024-12-25 00:29:49 --> Helper loaded: easyui_helper
INFO - 2024-12-25 00:29:49 --> Helper loaded: param_helper
INFO - 2024-12-25 00:29:49 --> Helper loaded: credential_helper
INFO - 2024-12-25 00:29:49 --> Helper loaded: template_helper
INFO - 2024-12-25 00:29:49 --> Helper loaded: rest_helper
INFO - 2024-12-25 00:29:49 --> Database Driver Class Initialized
DEBUG - 2024-12-25 00:29:49 --> Idgenerator class already loaded. Second attempt ignored.
INFO - 2024-12-25 00:29:49 --> Controller Class Initialized
INFO - 2024-12-25 00:29:49 --> Model Class Initialized
DEBUG - 2024-12-25 00:29:49 --> File loaded: /apps/web-drc/application/modules/api_v1/models/Api_v1_model.php
INFO - 2024-12-25 00:29:49 --> Model Class Initialized
INFO - 2024-12-25 00:29:49 --> Final output sent to browser
DEBUG - 2024-12-25 00:29:49 --> Total execution time: 0.0040
INFO - 2024-12-25 00:29:49 --> Config Class Initialized
INFO - 2024-12-25 00:29:49 --> Hooks Class Initialized
DEBUG - 2024-12-25 00:29:49 --> UTF-8 Support Enabled
INFO - 2024-12-25 00:29:49 --> Utf8 Class Initialized
INFO - 2024-12-25 00:29:49 --> URI Class Initialized
INFO - 2024-12-25 00:29:49 --> Router Class Initialized
INFO - 2024-12-25 00:29:49 --> Output Class Initialized
INFO - 2024-12-25 00:29:49 --> Security Class Initialized
DEBUG - 2024-12-25 00:29:49 --> Global POST, GET and COOKIE data sanitized
INFO - 2024-12-25 00:29:49 --> Input Class Initialized
INFO - 2024-12-25 00:29:49 --> Language Class Initialized
INFO - 2024-12-25 00:29:49 --> Language Class Initialized
INFO - 2024-12-25 00:29:49 --> Config Class Initialized
INFO - 2024-12-25 00:29:49 --> Loader Class Initialized
INFO - 2024-12-25 00:29:49 --> Helper loaded: url_helper
INFO - 2024-12-25 00:29:49 --> Helper loaded: easyui_helper
INFO - 2024-12-25 00:29:49 --> Helper loaded: param_helper
INFO - 2024-12-25 00:29:49 --> Helper loaded: credential_helper
INFO - 2024-12-25 00:29:49 --> Helper loaded: template_helper
INFO - 2024-12-25 00:29:49 --> Helper loaded: rest_helper
INFO - 2024-12-25 00:29:49 --> Database Driver Class Initialized
DEBUG - 2024-12-25 00:29:49 --> Idgenerator class already loaded. Second attempt ignored.
INFO - 2024-12-25 00:29:49 --> Controller Class Initialized
INFO - 2024-12-25 00:29:49 --> Model Class Initialized
DEBUG - 2024-12-25 00:29:49 --> File loaded: /apps/web-drc/application/modules/api_v1/models/Api_v1_model.php
INFO - 2024-12-25 00:29:49 --> Model Class Initialized
INFO - 2024-12-25 00:29:49 --> Final output sent to browser
DEBUG - 2024-12-25 00:29:49 --> Total execution time: 0.0031
INFO - 2024-12-25 00:29:49 --> Config Class Initialized
INFO - 2024-12-25 00:29:49 --> Hooks Class Initialized
DEBUG - 2024-12-25 00:29:49 --> UTF-8 Support Enabled
INFO - 2024-12-25 00:29:49 --> Utf8 Class Initialized
INFO - 2024-12-25 00:29:49 --> URI Class Initialized
INFO - 2024-12-25 00:29:49 --> Router Class Initialized
INFO - 2024-12-25 00:29:49 --> Output Class Initialized
INFO - 2024-12-25 00:29:49 --> Security Class Initialized
DEBUG - 2024-12-25 00:29:49 --> Global POST, GET and COOKIE data sanitized
INFO - 2024-12-25 00:29:49 --> Input Class Initialized
INFO - 2024-12-25 00:29:49 --> Language Class Initialized
INFO - 2024-12-25 00:29:49 --> Language Class Initialized
INFO - 2024-12-25 00:29:49 --> Config Class Initialized
INFO - 2024-12-25 00:29:49 --> Loader Class Initialized
INFO - 2024-12-25 00:29:49 --> Helper loaded: url_helper
INFO - 2024-12-25 00:29:49 --> Helper loaded: easyui_helper
INFO - 2024-12-25 00:29:49 --> Helper loaded: param_helper
INFO - 2024-12-25 00:29:49 --> Helper loaded: credential_helper
INFO - 2024-12-25 00:29:49 --> Helper loaded: template_helper
INFO - 2024-12-25 00:29:49 --> Helper loaded: rest_helper
INFO - 2024-12-25 00:29:49 --> Database Driver Class Initialized
DEBUG - 2024-12-25 00:29:49 --> Idgenerator class already loaded. Second attempt ignored.
INFO - 2024-12-25 00:29:49 --> Controller Class Initialized
INFO - 2024-12-25 00:29:49 --> Model Class Initialized
DEBUG - 2024-12-25 00:29:49 --> File loaded: /apps/web-drc/application/modules/api_v1/models/Api_v1_model.php
INFO - 2024-12-25 00:29:49 --> Model Class Initialized
INFO - 2024-12-25 00:29:49 --> Final output sent to browser
DEBUG - 2024-12-25 00:29:49 --> Total execution time: 0.0027
INFO - 2024-12-25 00:30:01 --> Config Class Initialized
INFO - 2024-12-25 00:30:01 --> Hooks Class Initialized
DEBUG - 2024-12-25 00:30:01 --> UTF-8 Support Enabled
INFO - 2024-12-25 00:30:01 --> Utf8 Class Initialized
INFO - 2024-12-25 00:30:01 --> URI Class Initialized
INFO - 2024-12-25 00:30:01 --> Router Class Initialized
INFO - 2024-12-25 00:30:01 --> Output Class Initialized
INFO - 2024-12-25 00:30:01 --> Security Class Initialized
DEBUG - 2024-12-25 00:30:01 --> Global POST, GET and COOKIE data sanitized
INFO - 2024-12-25 00:30:01 --> Input Class Initialized
INFO - 2024-12-25 00:30:01 --> Language Class Initialized
INFO - 2024-12-25 00:30:01 --> Language Class Initialized
INFO - 2024-12-25 00:30:01 --> Config Class Initialized
INFO - 2024-12-25 00:30:01 --> Loader Class Initialized
INFO - 2024-12-25 00:30:01 --> Helper loaded: url_helper
INFO - 2024-12-25 00:30:01 --> Helper loaded: easyui_helper
INFO - 2024-12-25 00:30:01 --> Helper loaded: param_helper
INFO - 2024-12-25 00:30:01 --> Helper loaded: credential_helper
INFO - 2024-12-25 00:30:01 --> Helper loaded: template_helper
INFO - 2024-12-25 00:30:01 --> Helper loaded: rest_helper
INFO - 2024-12-25 00:30:01 --> Database Driver Class Initialized
DEBUG - 2024-12-25 00:30:01 --> Idgenerator class already loaded. Second attempt ignored.
INFO - 2024-12-25 00:30:01 --> Controller Class Initialized
INFO - 2024-12-25 00:30:01 --> Model Class Initialized
DEBUG - 2024-12-25 00:30:01 --> File loaded: /apps/web-drc/application/modules/conf_setup_pjp/models/Setup_pjp_model.php
INFO - 2024-12-25 00:30:01 --> Model Class Initialized
DEBUG - 2024-12-25 00:30:01 --> File loaded: /apps/web-drc/application/modules/conf_setup_pjp/views/content.php
DEBUG - 2024-12-25 00:30:01 --> File loaded: /apps/web-drc/application/views/templates/header.php
DEBUG - 2024-12-25 00:30:01 --> File loaded: /apps/web-drc/application/views/templates/toolbar.php
DEBUG - 2024-12-25 00:30:01 --> File loaded: /apps/web-drc/application/views/templates/sidebar.php
DEBUG - 2024-12-25 00:30:01 --> File loaded: /apps/web-drc/application/views/templates/contents.php
DEBUG - 2024-12-25 00:30:01 --> File loaded: /apps/web-drc/application/views/templates/content_footer.php
DEBUG - 2024-12-25 00:30:01 --> File loaded: /apps/web-drc/application/views/templates/footer.php
DEBUG - 2024-12-25 00:30:01 --> File loaded: /apps/web-drc/application/views/templates/default.php
INFO - 2024-12-25 00:30:01 --> Final output sent to browser
DEBUG - 2024-12-25 00:30:01 --> Total execution time: 0.0139
INFO - 2024-12-25 00:30:01 --> Config Class Initialized
INFO - 2024-12-25 00:30:01 --> Hooks Class Initialized
DEBUG - 2024-12-25 00:30:01 --> UTF-8 Support Enabled
INFO - 2024-12-25 00:30:01 --> Utf8 Class Initialized
INFO - 2024-12-25 00:30:01 --> URI Class Initialized
INFO - 2024-12-25 00:30:01 --> Router Class Initialized
INFO - 2024-12-25 00:30:01 --> Output Class Initialized
INFO - 2024-12-25 00:30:01 --> Security Class Initialized
DEBUG - 2024-12-25 00:30:01 --> Global POST, GET and COOKIE data sanitized
INFO - 2024-12-25 00:30:01 --> Input Class Initialized
INFO - 2024-12-25 00:30:01 --> Language Class Initialized
INFO - 2024-12-25 00:30:01 --> Language Class Initialized
INFO - 2024-12-25 00:30:01 --> Config Class Initialized
INFO - 2024-12-25 00:30:01 --> Loader Class Initialized
INFO - 2024-12-25 00:30:01 --> Helper loaded: url_helper
INFO - 2024-12-25 00:30:01 --> Helper loaded: easyui_helper
INFO - 2024-12-25 00:30:01 --> Helper loaded: param_helper
INFO - 2024-12-25 00:30:01 --> Helper loaded: credential_helper
INFO - 2024-12-25 00:30:01 --> Helper loaded: template_helper
INFO - 2024-12-25 00:30:01 --> Helper loaded: rest_helper
INFO - 2024-12-25 00:30:01 --> Database Driver Class Initialized
DEBUG - 2024-12-25 00:30:01 --> Idgenerator class already loaded. Second attempt ignored.
INFO - 2024-12-25 00:30:01 --> Controller Class Initialized
INFO - 2024-12-25 00:30:01 --> Model Class Initialized
DEBUG - 2024-12-25 00:30:01 --> File loaded: /apps/web-drc/application/modules/conf_setup_pjp/models/Setup_pjp_model.php
INFO - 2024-12-25 00:30:01 --> Model Class Initialized
INFO - 2024-12-25 00:30:23 --> Final output sent to browser
DEBUG - 2024-12-25 00:30:23 --> Total execution time: 21.6397
INFO - 2024-12-25 00:30:44 --> Config Class Initialized
INFO - 2024-12-25 00:30:44 --> Hooks Class Initialized
DEBUG - 2024-12-25 00:30:44 --> UTF-8 Support Enabled
INFO - 2024-12-25 00:30:44 --> Utf8 Class Initialized
INFO - 2024-12-25 00:30:44 --> URI Class Initialized
INFO - 2024-12-25 00:30:44 --> Router Class Initialized
INFO - 2024-12-25 00:30:44 --> Output Class Initialized
INFO - 2024-12-25 00:30:44 --> Security Class Initialized
DEBUG - 2024-12-25 00:30:44 --> Global POST, GET and COOKIE data sanitized
INFO - 2024-12-25 00:30:44 --> Input Class Initialized
INFO - 2024-12-25 00:30:44 --> Language Class Initialized
INFO - 2024-12-25 00:30:44 --> Language Class Initialized
INFO - 2024-12-25 00:30:44 --> Config Class Initialized
INFO - 2024-12-25 00:30:44 --> Loader Class Initialized
INFO - 2024-12-25 00:30:44 --> Helper loaded: url_helper
INFO - 2024-12-25 00:30:44 --> Helper loaded: easyui_helper
INFO - 2024-12-25 00:30:44 --> Helper loaded: param_helper
INFO - 2024-12-25 00:30:44 --> Helper loaded: credential_helper
INFO - 2024-12-25 00:30:44 --> Helper loaded: template_helper
INFO - 2024-12-25 00:30:44 --> Helper loaded: rest_helper
INFO - 2024-12-25 00:30:44 --> Database Driver Class Initialized
DEBUG - 2024-12-25 00:30:44 --> Idgenerator class already loaded. Second attempt ignored.
INFO - 2024-12-25 00:30:44 --> Controller Class Initialized
INFO - 2024-12-25 00:30:44 --> Model Class Initialized
DEBUG - 2024-12-25 00:30:44 --> File loaded: /apps/web-drc/application/modules/conf_setup_pjp/models/Setup_pjp_model.php
INFO - 2024-12-25 00:30:44 --> Model Class Initialized
DEBUG - 2024-12-25 00:30:44 --> File loaded: /apps/web-drc/application/modules/conf_setup_pjp/views/form_upload.php
DEBUG - 2024-12-25 00:30:44 --> File loaded: /apps/web-drc/application/views/templates/header.php
DEBUG - 2024-12-25 00:30:44 --> File loaded: /apps/web-drc/application/views/templates/toolbar.php
DEBUG - 2024-12-25 00:30:44 --> File loaded: /apps/web-drc/application/views/templates/sidebar.php
DEBUG - 2024-12-25 00:30:44 --> File loaded: /apps/web-drc/application/views/templates/contents.php
DEBUG - 2024-12-25 00:30:44 --> File loaded: /apps/web-drc/application/views/templates/content_footer.php
DEBUG - 2024-12-25 00:30:44 --> File loaded: /apps/web-drc/application/views/templates/footer.php
DEBUG - 2024-12-25 00:30:44 --> File loaded: /apps/web-drc/application/views/templates/default.php
INFO - 2024-12-25 00:30:44 --> Final output sent to browser
DEBUG - 2024-12-25 00:30:44 --> Total execution time: 0.0079
INFO - 2024-12-25 00:46:56 --> Config Class Initialized
INFO - 2024-12-25 00:46:56 --> Hooks Class Initialized
DEBUG - 2024-12-25 00:46:56 --> UTF-8 Support Enabled
INFO - 2024-12-25 00:46:56 --> Utf8 Class Initialized
INFO - 2024-12-25 00:46:56 --> URI Class Initialized
INFO - 2024-12-25 00:46:56 --> Router Class Initialized
INFO - 2024-12-25 00:46:56 --> Output Class Initialized
INFO - 2024-12-25 00:46:56 --> Security Class Initialized
DEBUG - 2024-12-25 00:46:56 --> Global POST, GET and COOKIE data sanitized
INFO - 2024-12-25 00:46:56 --> Input Class Initialized
INFO - 2024-12-25 00:46:56 --> Language Class Initialized
INFO - 2024-12-25 00:46:56 --> Language Class Initialized
INFO - 2024-12-25 00:46:56 --> Config Class Initialized
INFO - 2024-12-25 00:46:56 --> Loader Class Initialized
INFO - 2024-12-25 00:46:56 --> Helper loaded: url_helper
INFO - 2024-12-25 00:46:56 --> Helper loaded: easyui_helper
INFO - 2024-12-25 00:46:56 --> Helper loaded: param_helper
INFO - 2024-12-25 00:46:56 --> Helper loaded: credential_helper
INFO - 2024-12-25 00:46:56 --> Helper loaded: template_helper
INFO - 2024-12-25 00:46:56 --> Helper loaded: rest_helper
INFO - 2024-12-25 00:46:56 --> Database Driver Class Initialized
DEBUG - 2024-12-25 00:46:56 --> Idgenerator class already loaded. Second attempt ignored.
INFO - 2024-12-25 00:46:56 --> Controller Class Initialized
INFO - 2024-12-25 00:46:56 --> Model Class Initialized
DEBUG - 2024-12-25 00:46:56 --> File loaded: /apps/web-drc/application/modules/ref_customer/models/Customer_model.php
INFO - 2024-12-25 00:46:56 --> Model Class Initialized
DEBUG - 2024-12-25 00:46:56 --> File loaded: /apps/web-drc/application/modules/ref_customer/views/content.php
DEBUG - 2024-12-25 00:46:56 --> File loaded: /apps/web-drc/application/views/templates/header.php
DEBUG - 2024-12-25 00:46:56 --> File loaded: /apps/web-drc/application/views/templates/toolbar.php
DEBUG - 2024-12-25 00:46:56 --> File loaded: /apps/web-drc/application/views/templates/sidebar.php
DEBUG - 2024-12-25 00:46:56 --> File loaded: /apps/web-drc/application/views/templates/contents.php
DEBUG - 2024-12-25 00:46:56 --> File loaded: /apps/web-drc/application/views/templates/content_footer.php
DEBUG - 2024-12-25 00:46:56 --> File loaded: /apps/web-drc/application/views/templates/footer.php
DEBUG - 2024-12-25 00:46:56 --> File loaded: /apps/web-drc/application/views/templates/default.php
INFO - 2024-12-25 00:46:56 --> Final output sent to browser
DEBUG - 2024-12-25 00:46:56 --> Total execution time: 0.0094
INFO - 2024-12-25 00:46:56 --> Config Class Initialized
INFO - 2024-12-25 00:46:56 --> Hooks Class Initialized
DEBUG - 2024-12-25 00:46:56 --> UTF-8 Support Enabled
INFO - 2024-12-25 00:46:56 --> Utf8 Class Initialized
INFO - 2024-12-25 00:46:56 --> URI Class Initialized
INFO - 2024-12-25 00:46:56 --> Router Class Initialized
INFO - 2024-12-25 00:46:56 --> Output Class Initialized
INFO - 2024-12-25 00:46:56 --> Security Class Initialized
DEBUG - 2024-12-25 00:46:56 --> Global POST, GET and COOKIE data sanitized
INFO - 2024-12-25 00:46:56 --> Input Class Initialized
INFO - 2024-12-25 00:46:56 --> Language Class Initialized
INFO - 2024-12-25 00:46:56 --> Language Class Initialized
INFO - 2024-12-25 00:46:56 --> Config Class Initialized
INFO - 2024-12-25 00:46:56 --> Loader Class Initialized
INFO - 2024-12-25 00:46:56 --> Helper loaded: url_helper
INFO - 2024-12-25 00:46:56 --> Helper loaded: easyui_helper
INFO - 2024-12-25 00:46:56 --> Helper loaded: param_helper
INFO - 2024-12-25 00:46:56 --> Helper loaded: credential_helper
INFO - 2024-12-25 00:46:56 --> Helper loaded: template_helper
INFO - 2024-12-25 00:46:56 --> Helper loaded: rest_helper
INFO - 2024-12-25 00:46:56 --> Database Driver Class Initialized
DEBUG - 2024-12-25 00:46:56 --> Idgenerator class already loaded. Second attempt ignored.
INFO - 2024-12-25 00:46:56 --> Controller Class Initialized
INFO - 2024-12-25 00:46:56 --> Model Class Initialized
DEBUG - 2024-12-25 00:46:56 --> File loaded: /apps/web-drc/application/modules/ref_customer/models/Customer_model.php
INFO - 2024-12-25 00:46:56 --> Model Class Initialized
INFO - 2024-12-25 00:47:02 --> Final output sent to browser
DEBUG - 2024-12-25 00:47:02 --> Total execution time: 5.4281
INFO - 2024-12-25 00:49:29 --> Config Class Initialized
INFO - 2024-12-25 00:49:29 --> Hooks Class Initialized
DEBUG - 2024-12-25 00:49:29 --> UTF-8 Support Enabled
INFO - 2024-12-25 00:49:29 --> Utf8 Class Initialized
INFO - 2024-12-25 00:49:29 --> URI Class Initialized
INFO - 2024-12-25 00:49:29 --> Router Class Initialized
INFO - 2024-12-25 00:49:29 --> Output Class Initialized
INFO - 2024-12-25 00:49:29 --> Security Class Initialized
DEBUG - 2024-12-25 00:49:29 --> Global POST, GET and COOKIE data sanitized
INFO - 2024-12-25 00:49:29 --> Input Class Initialized
INFO - 2024-12-25 00:49:29 --> Language Class Initialized
INFO - 2024-12-25 00:49:29 --> Language Class Initialized
INFO - 2024-12-25 00:49:29 --> Config Class Initialized
INFO - 2024-12-25 00:49:29 --> Loader Class Initialized
INFO - 2024-12-25 00:49:29 --> Helper loaded: url_helper
INFO - 2024-12-25 00:49:29 --> Helper loaded: easyui_helper
INFO - 2024-12-25 00:49:29 --> Helper loaded: param_helper
INFO - 2024-12-25 00:49:29 --> Helper loaded: credential_helper
INFO - 2024-12-25 00:49:29 --> Helper loaded: template_helper
INFO - 2024-12-25 00:49:29 --> Helper loaded: rest_helper
INFO - 2024-12-25 00:49:29 --> Database Driver Class Initialized
DEBUG - 2024-12-25 00:49:29 --> Idgenerator class already loaded. Second attempt ignored.
INFO - 2024-12-25 00:49:29 --> Controller Class Initialized
INFO - 2024-12-25 00:49:29 --> Model Class Initialized
DEBUG - 2024-12-25 00:49:29 --> File loaded: /apps/web-drc/application/modules/ref_customer/models/Customer_model.php
INFO - 2024-12-25 00:49:29 --> Model Class Initialized
DEBUG - 2024-12-25 00:49:29 --> File loaded: /apps/web-drc/application/modules/ref_customer/views/form.php
DEBUG - 2024-12-25 00:49:29 --> File loaded: /apps/web-drc/application/views/templates/header.php
DEBUG - 2024-12-25 00:49:29 --> File loaded: /apps/web-drc/application/views/templates/toolbar.php
DEBUG - 2024-12-25 00:49:29 --> File loaded: /apps/web-drc/application/views/templates/sidebar.php
DEBUG - 2024-12-25 00:49:29 --> File loaded: /apps/web-drc/application/views/templates/contents.php
DEBUG - 2024-12-25 00:49:29 --> File loaded: /apps/web-drc/application/views/templates/content_footer.php
DEBUG - 2024-12-25 00:49:29 --> File loaded: /apps/web-drc/application/views/templates/footer.php
DEBUG - 2024-12-25 00:49:29 --> File loaded: /apps/web-drc/application/views/templates/default.php
INFO - 2024-12-25 00:49:29 --> Final output sent to browser
DEBUG - 2024-12-25 00:49:29 --> Total execution time: 0.0080
INFO - 2024-12-25 00:49:29 --> Config Class Initialized
INFO - 2024-12-25 00:49:29 --> Hooks Class Initialized
DEBUG - 2024-12-25 00:49:29 --> UTF-8 Support Enabled
INFO - 2024-12-25 00:49:29 --> Utf8 Class Initialized
INFO - 2024-12-25 00:49:29 --> URI Class Initialized
INFO - 2024-12-25 00:49:29 --> Router Class Initialized
INFO - 2024-12-25 00:49:29 --> Output Class Initialized
INFO - 2024-12-25 00:49:29 --> Security Class Initialized
DEBUG - 2024-12-25 00:49:29 --> Global POST, GET and COOKIE data sanitized
INFO - 2024-12-25 00:49:29 --> Input Class Initialized
INFO - 2024-12-25 00:49:29 --> Language Class Initialized
INFO - 2024-12-25 00:49:29 --> Language Class Initialized
INFO - 2024-12-25 00:49:29 --> Config Class Initialized
INFO - 2024-12-25 00:49:29 --> Loader Class Initialized
INFO - 2024-12-25 00:49:29 --> Helper loaded: url_helper
INFO - 2024-12-25 00:49:29 --> Helper loaded: easyui_helper
INFO - 2024-12-25 00:49:29 --> Helper loaded: param_helper
INFO - 2024-12-25 00:49:29 --> Helper loaded: credential_helper
INFO - 2024-12-25 00:49:29 --> Helper loaded: template_helper
INFO - 2024-12-25 00:49:29 --> Helper loaded: rest_helper
INFO - 2024-12-25 00:49:29 --> Database Driver Class Initialized
DEBUG - 2024-12-25 00:49:29 --> Idgenerator class already loaded. Second attempt ignored.
INFO - 2024-12-25 00:49:29 --> Controller Class Initialized
INFO - 2024-12-25 00:49:29 --> Model Class Initialized
DEBUG - 2024-12-25 00:49:29 --> File loaded: /apps/web-drc/application/modules/ref_customer_segment/models/Customer_segment_model.php
INFO - 2024-12-25 00:49:29 --> Model Class Initialized
INFO - 2024-12-25 00:49:29 --> Final output sent to browser
DEBUG - 2024-12-25 00:49:29 --> Total execution time: 0.0032
INFO - 2024-12-25 00:49:29 --> Config Class Initialized
INFO - 2024-12-25 00:49:29 --> Hooks Class Initialized
DEBUG - 2024-12-25 00:49:29 --> UTF-8 Support Enabled
INFO - 2024-12-25 00:49:29 --> Utf8 Class Initialized
INFO - 2024-12-25 00:49:29 --> URI Class Initialized
INFO - 2024-12-25 00:49:29 --> Router Class Initialized
INFO - 2024-12-25 00:49:29 --> Output Class Initialized
INFO - 2024-12-25 00:49:29 --> Security Class Initialized
DEBUG - 2024-12-25 00:49:29 --> Global POST, GET and COOKIE data sanitized
INFO - 2024-12-25 00:49:29 --> Input Class Initialized
INFO - 2024-12-25 00:49:29 --> Language Class Initialized
INFO - 2024-12-25 00:49:29 --> Language Class Initialized
INFO - 2024-12-25 00:49:29 --> Config Class Initialized
INFO - 2024-12-25 00:49:29 --> Loader Class Initialized
INFO - 2024-12-25 00:49:29 --> Helper loaded: url_helper
INFO - 2024-12-25 00:49:29 --> Helper loaded: easyui_helper
INFO - 2024-12-25 00:49:29 --> Helper loaded: param_helper
INFO - 2024-12-25 00:49:29 --> Helper loaded: credential_helper
INFO - 2024-12-25 00:49:29 --> Helper loaded: template_helper
INFO - 2024-12-25 00:49:29 --> Helper loaded: rest_helper
INFO - 2024-12-25 00:49:29 --> Database Driver Class Initialized
DEBUG - 2024-12-25 00:49:29 --> Idgenerator class already loaded. Second attempt ignored.
INFO - 2024-12-25 00:49:29 --> Controller Class Initialized
INFO - 2024-12-25 00:49:29 --> Model Class Initialized
DEBUG - 2024-12-25 00:49:29 --> File loaded: /apps/web-drc/application/modules/ref_customer_type/models/Customer_type_model.php
INFO - 2024-12-25 00:49:29 --> Model Class Initialized
INFO - 2024-12-25 00:49:29 --> Final output sent to browser
DEBUG - 2024-12-25 00:49:29 --> Total execution time: 0.0025
INFO - 2024-12-25 00:49:30 --> Config Class Initialized
INFO - 2024-12-25 00:49:30 --> Hooks Class Initialized
DEBUG - 2024-12-25 00:49:30 --> UTF-8 Support Enabled
INFO - 2024-12-25 00:49:30 --> Utf8 Class Initialized
INFO - 2024-12-25 00:49:30 --> URI Class Initialized
INFO - 2024-12-25 00:49:30 --> Router Class Initialized
INFO - 2024-12-25 00:49:30 --> Output Class Initialized
INFO - 2024-12-25 00:49:30 --> Security Class Initialized
DEBUG - 2024-12-25 00:49:30 --> Global POST, GET and COOKIE data sanitized
INFO - 2024-12-25 00:49:30 --> Input Class Initialized
INFO - 2024-12-25 00:49:30 --> Language Class Initialized
INFO - 2024-12-25 00:49:30 --> Language Class Initialized
INFO - 2024-12-25 00:49:30 --> Config Class Initialized
INFO - 2024-12-25 00:49:30 --> Loader Class Initialized
INFO - 2024-12-25 00:49:30 --> Helper loaded: url_helper
INFO - 2024-12-25 00:49:30 --> Helper loaded: easyui_helper
INFO - 2024-12-25 00:49:30 --> Helper loaded: param_helper
INFO - 2024-12-25 00:49:30 --> Helper loaded: credential_helper
INFO - 2024-12-25 00:49:30 --> Helper loaded: template_helper
INFO - 2024-12-25 00:49:30 --> Helper loaded: rest_helper
INFO - 2024-12-25 00:49:30 --> Database Driver Class Initialized
DEBUG - 2024-12-25 00:49:30 --> Idgenerator class already loaded. Second attempt ignored.
INFO - 2024-12-25 00:49:30 --> Controller Class Initialized
INFO - 2024-12-25 00:49:30 --> Model Class Initialized
DEBUG - 2024-12-25 00:49:30 --> File loaded: /apps/web-drc/application/modules/ref_customer_class/models/Customer_class_model.php
INFO - 2024-12-25 00:49:30 --> Model Class Initialized
INFO - 2024-12-25 00:49:30 --> Final output sent to browser
DEBUG - 2024-12-25 00:49:30 --> Total execution time: 0.0034
INFO - 2024-12-25 00:49:30 --> Config Class Initialized
INFO - 2024-12-25 00:49:30 --> Hooks Class Initialized
DEBUG - 2024-12-25 00:49:30 --> UTF-8 Support Enabled
INFO - 2024-12-25 00:49:30 --> Utf8 Class Initialized
INFO - 2024-12-25 00:49:30 --> URI Class Initialized
INFO - 2024-12-25 00:49:30 --> Router Class Initialized
INFO - 2024-12-25 00:49:30 --> Output Class Initialized
INFO - 2024-12-25 00:49:30 --> Security Class Initialized
DEBUG - 2024-12-25 00:49:30 --> Global POST, GET and COOKIE data sanitized
INFO - 2024-12-25 00:49:30 --> Input Class Initialized
INFO - 2024-12-25 00:49:30 --> Language Class Initialized
INFO - 2024-12-25 00:49:30 --> Language Class Initialized
INFO - 2024-12-25 00:49:30 --> Config Class Initialized
INFO - 2024-12-25 00:49:30 --> Loader Class Initialized
INFO - 2024-12-25 00:49:30 --> Helper loaded: url_helper
INFO - 2024-12-25 00:49:30 --> Helper loaded: easyui_helper
INFO - 2024-12-25 00:49:30 --> Helper loaded: param_helper
INFO - 2024-12-25 00:49:30 --> Helper loaded: credential_helper
INFO - 2024-12-25 00:49:30 --> Helper loaded: template_helper
INFO - 2024-12-25 00:49:30 --> Helper loaded: rest_helper
INFO - 2024-12-25 00:49:30 --> Database Driver Class Initialized
DEBUG - 2024-12-25 00:49:30 --> Idgenerator class already loaded. Second attempt ignored.
INFO - 2024-12-25 00:49:30 --> Controller Class Initialized
INFO - 2024-12-25 00:49:30 --> Model Class Initialized
DEBUG - 2024-12-25 00:49:30 --> File loaded: /apps/web-drc/application/modules/api_v1/models/Api_v1_model.php
INFO - 2024-12-25 00:49:30 --> Model Class Initialized
INFO - 2024-12-25 00:49:30 --> Final output sent to browser
DEBUG - 2024-12-25 00:49:30 --> Total execution time: 0.0028
INFO - 2024-12-25 00:49:30 --> Config Class Initialized
INFO - 2024-12-25 00:49:30 --> Hooks Class Initialized
DEBUG - 2024-12-25 00:49:30 --> UTF-8 Support Enabled
INFO - 2024-12-25 00:49:30 --> Utf8 Class Initialized
INFO - 2024-12-25 00:49:30 --> URI Class Initialized
INFO - 2024-12-25 00:49:30 --> Router Class Initialized
INFO - 2024-12-25 00:49:30 --> Output Class Initialized
INFO - 2024-12-25 00:49:30 --> Security Class Initialized
DEBUG - 2024-12-25 00:49:30 --> Global POST, GET and COOKIE data sanitized
INFO - 2024-12-25 00:49:30 --> Input Class Initialized
INFO - 2024-12-25 00:49:30 --> Language Class Initialized
INFO - 2024-12-25 00:49:30 --> Language Class Initialized
INFO - 2024-12-25 00:49:30 --> Config Class Initialized
INFO - 2024-12-25 00:49:30 --> Loader Class Initialized
INFO - 2024-12-25 00:49:30 --> Helper loaded: url_helper
INFO - 2024-12-25 00:49:30 --> Helper loaded: easyui_helper
INFO - 2024-12-25 00:49:30 --> Helper loaded: param_helper
INFO - 2024-12-25 00:49:30 --> Helper loaded: credential_helper
INFO - 2024-12-25 00:49:30 --> Helper loaded: template_helper
INFO - 2024-12-25 00:49:30 --> Helper loaded: rest_helper
INFO - 2024-12-25 00:49:30 --> Database Driver Class Initialized
DEBUG - 2024-12-25 00:49:30 --> Idgenerator class already loaded. Second attempt ignored.
INFO - 2024-12-25 00:49:30 --> Controller Class Initialized
INFO - 2024-12-25 00:49:30 --> Model Class Initialized
DEBUG - 2024-12-25 00:49:30 --> File loaded: /apps/web-drc/application/modules/api_v1/models/Api_v1_model.php
INFO - 2024-12-25 00:49:30 --> Model Class Initialized
INFO - 2024-12-25 00:49:30 --> Final output sent to browser
DEBUG - 2024-12-25 00:49:30 --> Total execution time: 0.0029
INFO - 2024-12-25 00:49:30 --> Config Class Initialized
INFO - 2024-12-25 00:49:30 --> Hooks Class Initialized
DEBUG - 2024-12-25 00:49:30 --> UTF-8 Support Enabled
INFO - 2024-12-25 00:49:30 --> Utf8 Class Initialized
INFO - 2024-12-25 00:49:30 --> URI Class Initialized
INFO - 2024-12-25 00:49:30 --> Router Class Initialized
INFO - 2024-12-25 00:49:30 --> Output Class Initialized
INFO - 2024-12-25 00:49:30 --> Security Class Initialized
DEBUG - 2024-12-25 00:49:30 --> Global POST, GET and COOKIE data sanitized
INFO - 2024-12-25 00:49:30 --> Input Class Initialized
INFO - 2024-12-25 00:49:30 --> Language Class Initialized
INFO - 2024-12-25 00:49:30 --> Language Class Initialized
INFO - 2024-12-25 00:49:30 --> Config Class Initialized
INFO - 2024-12-25 00:49:30 --> Loader Class Initialized
INFO - 2024-12-25 00:49:30 --> Helper loaded: url_helper
INFO - 2024-12-25 00:49:30 --> Helper loaded: easyui_helper
INFO - 2024-12-25 00:49:30 --> Helper loaded: param_helper
INFO - 2024-12-25 00:49:30 --> Helper loaded: credential_helper
INFO - 2024-12-25 00:49:30 --> Helper loaded: template_helper
INFO - 2024-12-25 00:49:30 --> Helper loaded: rest_helper
INFO - 2024-12-25 00:49:30 --> Database Driver Class Initialized
DEBUG - 2024-12-25 00:49:30 --> Idgenerator class already loaded. Second attempt ignored.
INFO - 2024-12-25 00:49:30 --> Controller Class Initialized
INFO - 2024-12-25 00:49:30 --> Model Class Initialized
DEBUG - 2024-12-25 00:49:30 --> File loaded: /apps/web-drc/application/modules/api_v1/models/Api_v1_model.php
INFO - 2024-12-25 00:49:30 --> Model Class Initialized
INFO - 2024-12-25 00:49:30 --> Final output sent to browser
DEBUG - 2024-12-25 00:49:30 --> Total execution time: 0.0031
INFO - 2024-12-25 00:49:30 --> Config Class Initialized
INFO - 2024-12-25 00:49:30 --> Hooks Class Initialized
DEBUG - 2024-12-25 00:49:30 --> UTF-8 Support Enabled
INFO - 2024-12-25 00:49:30 --> Utf8 Class Initialized
INFO - 2024-12-25 00:49:30 --> URI Class Initialized
INFO - 2024-12-25 00:49:30 --> Router Class Initialized
INFO - 2024-12-25 00:49:30 --> Output Class Initialized
INFO - 2024-12-25 00:49:30 --> Security Class Initialized
DEBUG - 2024-12-25 00:49:30 --> Global POST, GET and COOKIE data sanitized
INFO - 2024-12-25 00:49:30 --> Input Class Initialized
INFO - 2024-12-25 00:49:30 --> Language Class Initialized
INFO - 2024-12-25 00:49:30 --> Language Class Initialized
INFO - 2024-12-25 00:49:30 --> Config Class Initialized
INFO - 2024-12-25 00:49:30 --> Loader Class Initialized
INFO - 2024-12-25 00:49:30 --> Helper loaded: url_helper
INFO - 2024-12-25 00:49:30 --> Helper loaded: easyui_helper
INFO - 2024-12-25 00:49:30 --> Helper loaded: param_helper
INFO - 2024-12-25 00:49:30 --> Helper loaded: credential_helper
INFO - 2024-12-25 00:49:30 --> Helper loaded: template_helper
INFO - 2024-12-25 00:49:30 --> Helper loaded: rest_helper
INFO - 2024-12-25 00:49:30 --> Database Driver Class Initialized
DEBUG - 2024-12-25 00:49:30 --> Idgenerator class already loaded. Second attempt ignored.
INFO - 2024-12-25 00:49:30 --> Controller Class Initialized
INFO - 2024-12-25 00:49:30 --> Model Class Initialized
DEBUG - 2024-12-25 00:49:30 --> File loaded: /apps/web-drc/application/modules/api_v1/models/Api_v1_model.php
INFO - 2024-12-25 00:49:30 --> Model Class Initialized
INFO - 2024-12-25 00:49:30 --> Final output sent to browser
DEBUG - 2024-12-25 00:49:30 --> Total execution time: 0.2910
INFO - 2024-12-25 00:50:10 --> Config Class Initialized
INFO - 2024-12-25 00:50:10 --> Hooks Class Initialized
DEBUG - 2024-12-25 00:50:10 --> UTF-8 Support Enabled
INFO - 2024-12-25 00:50:10 --> Utf8 Class Initialized
INFO - 2024-12-25 00:50:10 --> URI Class Initialized
INFO - 2024-12-25 00:50:10 --> Router Class Initialized
INFO - 2024-12-25 00:50:10 --> Output Class Initialized
INFO - 2024-12-25 00:50:10 --> Security Class Initialized
DEBUG - 2024-12-25 00:50:10 --> Global POST, GET and COOKIE data sanitized
INFO - 2024-12-25 00:50:10 --> Input Class Initialized
INFO - 2024-12-25 00:50:10 --> Language Class Initialized
ERROR - 2024-12-25 00:50:10 --> 404 Page Not Found: /index
INFO - 2024-12-25 00:50:12 --> Config Class Initialized
INFO - 2024-12-25 00:50:12 --> Hooks Class Initialized
DEBUG - 2024-12-25 00:50:12 --> UTF-8 Support Enabled
INFO - 2024-12-25 00:50:12 --> Utf8 Class Initialized
INFO - 2024-12-25 00:50:12 --> URI Class Initialized
INFO - 2024-12-25 00:50:12 --> Router Class Initialized
INFO - 2024-12-25 00:50:12 --> Output Class Initialized
INFO - 2024-12-25 00:50:12 --> Security Class Initialized
DEBUG - 2024-12-25 00:50:12 --> Global POST, GET and COOKIE data sanitized
INFO - 2024-12-25 00:50:12 --> Input Class Initialized
INFO - 2024-12-25 00:50:12 --> Language Class Initialized
INFO - 2024-12-25 00:50:12 --> Language Class Initialized
INFO - 2024-12-25 00:50:12 --> Config Class Initialized
INFO - 2024-12-25 00:50:12 --> Loader Class Initialized
INFO - 2024-12-25 00:50:12 --> Helper loaded: url_helper
INFO - 2024-12-25 00:50:12 --> Helper loaded: easyui_helper
INFO - 2024-12-25 00:50:12 --> Helper loaded: param_helper
INFO - 2024-12-25 00:50:12 --> Helper loaded: credential_helper
INFO - 2024-12-25 00:50:12 --> Helper loaded: template_helper
INFO - 2024-12-25 00:50:12 --> Helper loaded: rest_helper
INFO - 2024-12-25 00:50:12 --> Database Driver Class Initialized
DEBUG - 2024-12-25 00:50:12 --> Idgenerator class already loaded. Second attempt ignored.
INFO - 2024-12-25 00:50:12 --> Controller Class Initialized
INFO - 2024-12-25 00:50:12 --> Model Class Initialized
DEBUG - 2024-12-25 00:50:12 --> File loaded: /apps/web-drc/application/modules/ref_customer/models/Customer_model.php
INFO - 2024-12-25 00:50:12 --> Model Class Initialized
DEBUG - 2024-12-25 00:50:12 --> File loaded: /apps/web-drc/application/modules/ref_customer/views/form.php
DEBUG - 2024-12-25 00:50:12 --> File loaded: /apps/web-drc/application/views/templates/header.php
DEBUG - 2024-12-25 00:50:12 --> File loaded: /apps/web-drc/application/views/templates/toolbar.php
DEBUG - 2024-12-25 00:50:12 --> File loaded: /apps/web-drc/application/views/templates/sidebar.php
DEBUG - 2024-12-25 00:50:12 --> File loaded: /apps/web-drc/application/views/templates/contents.php
DEBUG - 2024-12-25 00:50:12 --> File loaded: /apps/web-drc/application/views/templates/content_footer.php
DEBUG - 2024-12-25 00:50:12 --> File loaded: /apps/web-drc/application/views/templates/footer.php
DEBUG - 2024-12-25 00:50:12 --> File loaded: /apps/web-drc/application/views/templates/default.php
INFO - 2024-12-25 00:50:12 --> Final output sent to browser
DEBUG - 2024-12-25 00:50:12 --> Total execution time: 0.0081
INFO - 2024-12-25 00:50:12 --> Config Class Initialized
INFO - 2024-12-25 00:50:12 --> Hooks Class Initialized
DEBUG - 2024-12-25 00:50:12 --> UTF-8 Support Enabled
INFO - 2024-12-25 00:50:12 --> Utf8 Class Initialized
INFO - 2024-12-25 00:50:12 --> URI Class Initialized
INFO - 2024-12-25 00:50:12 --> Router Class Initialized
INFO - 2024-12-25 00:50:12 --> Output Class Initialized
INFO - 2024-12-25 00:50:12 --> Security Class Initialized
DEBUG - 2024-12-25 00:50:12 --> Global POST, GET and COOKIE data sanitized
INFO - 2024-12-25 00:50:12 --> Input Class Initialized
INFO - 2024-12-25 00:50:12 --> Language Class Initialized
INFO - 2024-12-25 00:50:12 --> Language Class Initialized
INFO - 2024-12-25 00:50:12 --> Config Class Initialized
INFO - 2024-12-25 00:50:12 --> Loader Class Initialized
INFO - 2024-12-25 00:50:12 --> Helper loaded: url_helper
INFO - 2024-12-25 00:50:12 --> Helper loaded: easyui_helper
INFO - 2024-12-25 00:50:12 --> Helper loaded: param_helper
INFO - 2024-12-25 00:50:12 --> Helper loaded: credential_helper
INFO - 2024-12-25 00:50:12 --> Helper loaded: template_helper
INFO - 2024-12-25 00:50:12 --> Helper loaded: rest_helper
INFO - 2024-12-25 00:50:12 --> Database Driver Class Initialized
DEBUG - 2024-12-25 00:50:12 --> Idgenerator class already loaded. Second attempt ignored.
INFO - 2024-12-25 00:50:12 --> Controller Class Initialized
INFO - 2024-12-25 00:50:12 --> Model Class Initialized
DEBUG - 2024-12-25 00:50:12 --> File loaded: /apps/web-drc/application/modules/ref_customer_segment/models/Customer_segment_model.php
INFO - 2024-12-25 00:50:12 --> Model Class Initialized
INFO - 2024-12-25 00:50:12 --> Final output sent to browser
DEBUG - 2024-12-25 00:50:12 --> Total execution time: 0.0040
INFO - 2024-12-25 00:50:12 --> Config Class Initialized
INFO - 2024-12-25 00:50:12 --> Hooks Class Initialized
DEBUG - 2024-12-25 00:50:12 --> UTF-8 Support Enabled
INFO - 2024-12-25 00:50:12 --> Utf8 Class Initialized
INFO - 2024-12-25 00:50:12 --> URI Class Initialized
INFO - 2024-12-25 00:50:12 --> Router Class Initialized
INFO - 2024-12-25 00:50:12 --> Output Class Initialized
INFO - 2024-12-25 00:50:12 --> Security Class Initialized
DEBUG - 2024-12-25 00:50:12 --> Global POST, GET and COOKIE data sanitized
INFO - 2024-12-25 00:50:12 --> Input Class Initialized
INFO - 2024-12-25 00:50:12 --> Language Class Initialized
INFO - 2024-12-25 00:50:12 --> Language Class Initialized
INFO - 2024-12-25 00:50:12 --> Config Class Initialized
INFO - 2024-12-25 00:50:12 --> Loader Class Initialized
INFO - 2024-12-25 00:50:12 --> Helper loaded: url_helper
INFO - 2024-12-25 00:50:12 --> Helper loaded: easyui_helper
INFO - 2024-12-25 00:50:12 --> Helper loaded: param_helper
INFO - 2024-12-25 00:50:12 --> Helper loaded: credential_helper
INFO - 2024-12-25 00:50:12 --> Helper loaded: template_helper
INFO - 2024-12-25 00:50:12 --> Helper loaded: rest_helper
INFO - 2024-12-25 00:50:12 --> Database Driver Class Initialized
DEBUG - 2024-12-25 00:50:12 --> Idgenerator class already loaded. Second attempt ignored.
INFO - 2024-12-25 00:50:12 --> Controller Class Initialized
INFO - 2024-12-25 00:50:12 --> Model Class Initialized
DEBUG - 2024-12-25 00:50:12 --> File loaded: /apps/web-drc/application/modules/ref_customer_type/models/Customer_type_model.php
INFO - 2024-12-25 00:50:12 --> Model Class Initialized
INFO - 2024-12-25 00:50:12 --> Final output sent to browser
DEBUG - 2024-12-25 00:50:12 --> Total execution time: 0.0036
INFO - 2024-12-25 00:50:13 --> Config Class Initialized
INFO - 2024-12-25 00:50:13 --> Hooks Class Initialized
DEBUG - 2024-12-25 00:50:13 --> UTF-8 Support Enabled
INFO - 2024-12-25 00:50:13 --> Utf8 Class Initialized
INFO - 2024-12-25 00:50:13 --> URI Class Initialized
INFO - 2024-12-25 00:50:13 --> Router Class Initialized
INFO - 2024-12-25 00:50:13 --> Output Class Initialized
INFO - 2024-12-25 00:50:13 --> Security Class Initialized
DEBUG - 2024-12-25 00:50:13 --> Global POST, GET and COOKIE data sanitized
INFO - 2024-12-25 00:50:13 --> Input Class Initialized
INFO - 2024-12-25 00:50:13 --> Language Class Initialized
INFO - 2024-12-25 00:50:13 --> Language Class Initialized
INFO - 2024-12-25 00:50:13 --> Config Class Initialized
INFO - 2024-12-25 00:50:13 --> Loader Class Initialized
INFO - 2024-12-25 00:50:13 --> Helper loaded: url_helper
INFO - 2024-12-25 00:50:13 --> Helper loaded: easyui_helper
INFO - 2024-12-25 00:50:13 --> Helper loaded: param_helper
INFO - 2024-12-25 00:50:13 --> Helper loaded: credential_helper
INFO - 2024-12-25 00:50:13 --> Helper loaded: template_helper
INFO - 2024-12-25 00:50:13 --> Helper loaded: rest_helper
INFO - 2024-12-25 00:50:13 --> Database Driver Class Initialized
DEBUG - 2024-12-25 00:50:13 --> Idgenerator class already loaded. Second attempt ignored.
INFO - 2024-12-25 00:50:13 --> Controller Class Initialized
INFO - 2024-12-25 00:50:13 --> Model Class Initialized
DEBUG - 2024-12-25 00:50:13 --> File loaded: /apps/web-drc/application/modules/ref_customer_class/models/Customer_class_model.php
INFO - 2024-12-25 00:50:13 --> Model Class Initialized
INFO - 2024-12-25 00:50:13 --> Final output sent to browser
DEBUG - 2024-12-25 00:50:13 --> Total execution time: 0.0038
INFO - 2024-12-25 00:50:13 --> Config Class Initialized
INFO - 2024-12-25 00:50:13 --> Hooks Class Initialized
DEBUG - 2024-12-25 00:50:13 --> UTF-8 Support Enabled
INFO - 2024-12-25 00:50:13 --> Utf8 Class Initialized
INFO - 2024-12-25 00:50:13 --> URI Class Initialized
INFO - 2024-12-25 00:50:13 --> Router Class Initialized
INFO - 2024-12-25 00:50:13 --> Output Class Initialized
INFO - 2024-12-25 00:50:13 --> Security Class Initialized
DEBUG - 2024-12-25 00:50:13 --> Global POST, GET and COOKIE data sanitized
INFO - 2024-12-25 00:50:13 --> Input Class Initialized
INFO - 2024-12-25 00:50:13 --> Language Class Initialized
INFO - 2024-12-25 00:50:13 --> Language Class Initialized
INFO - 2024-12-25 00:50:13 --> Config Class Initialized
INFO - 2024-12-25 00:50:13 --> Loader Class Initialized
INFO - 2024-12-25 00:50:13 --> Helper loaded: url_helper
INFO - 2024-12-25 00:50:13 --> Helper loaded: easyui_helper
INFO - 2024-12-25 00:50:13 --> Helper loaded: param_helper
INFO - 2024-12-25 00:50:13 --> Helper loaded: credential_helper
INFO - 2024-12-25 00:50:13 --> Helper loaded: template_helper
INFO - 2024-12-25 00:50:13 --> Helper loaded: rest_helper
INFO - 2024-12-25 00:50:13 --> Database Driver Class Initialized
DEBUG - 2024-12-25 00:50:13 --> Idgenerator class already loaded. Second attempt ignored.
INFO - 2024-12-25 00:50:13 --> Controller Class Initialized
INFO - 2024-12-25 00:50:13 --> Model Class Initialized
DEBUG - 2024-12-25 00:50:13 --> File loaded: /apps/web-drc/application/modules/api_v1/models/Api_v1_model.php
INFO - 2024-12-25 00:50:13 --> Model Class Initialized
INFO - 2024-12-25 00:50:13 --> Final output sent to browser
DEBUG - 2024-12-25 00:50:13 --> Total execution time: 0.0033
INFO - 2024-12-25 00:50:13 --> Config Class Initialized
INFO - 2024-12-25 00:50:13 --> Hooks Class Initialized
DEBUG - 2024-12-25 00:50:13 --> UTF-8 Support Enabled
INFO - 2024-12-25 00:50:13 --> Utf8 Class Initialized
INFO - 2024-12-25 00:50:13 --> URI Class Initialized
INFO - 2024-12-25 00:50:13 --> Router Class Initialized
INFO - 2024-12-25 00:50:13 --> Output Class Initialized
INFO - 2024-12-25 00:50:13 --> Security Class Initialized
DEBUG - 2024-12-25 00:50:13 --> Global POST, GET and COOKIE data sanitized
INFO - 2024-12-25 00:50:13 --> Input Class Initialized
INFO - 2024-12-25 00:50:13 --> Language Class Initialized
INFO - 2024-12-25 00:50:13 --> Language Class Initialized
INFO - 2024-12-25 00:50:13 --> Config Class Initialized
INFO - 2024-12-25 00:50:13 --> Loader Class Initialized
INFO - 2024-12-25 00:50:13 --> Helper loaded: url_helper
INFO - 2024-12-25 00:50:13 --> Helper loaded: easyui_helper
INFO - 2024-12-25 00:50:13 --> Helper loaded: param_helper
INFO - 2024-12-25 00:50:13 --> Helper loaded: credential_helper
INFO - 2024-12-25 00:50:13 --> Helper loaded: template_helper
INFO - 2024-12-25 00:50:13 --> Helper loaded: rest_helper
INFO - 2024-12-25 00:50:13 --> Database Driver Class Initialized
DEBUG - 2024-12-25 00:50:13 --> Idgenerator class already loaded. Second attempt ignored.
INFO - 2024-12-25 00:50:13 --> Controller Class Initialized
INFO - 2024-12-25 00:50:13 --> Model Class Initialized
DEBUG - 2024-12-25 00:50:13 --> File loaded: /apps/web-drc/application/modules/api_v1/models/Api_v1_model.php
INFO - 2024-12-25 00:50:13 --> Model Class Initialized
INFO - 2024-12-25 00:50:13 --> Final output sent to browser
DEBUG - 2024-12-25 00:50:13 --> Total execution time: 0.0043
INFO - 2024-12-25 00:50:13 --> Config Class Initialized
INFO - 2024-12-25 00:50:13 --> Hooks Class Initialized
DEBUG - 2024-12-25 00:50:13 --> UTF-8 Support Enabled
INFO - 2024-12-25 00:50:13 --> Utf8 Class Initialized
INFO - 2024-12-25 00:50:13 --> URI Class Initialized
INFO - 2024-12-25 00:50:13 --> Router Class Initialized
INFO - 2024-12-25 00:50:13 --> Output Class Initialized
INFO - 2024-12-25 00:50:13 --> Security Class Initialized
DEBUG - 2024-12-25 00:50:13 --> Global POST, GET and COOKIE data sanitized
INFO - 2024-12-25 00:50:13 --> Input Class Initialized
INFO - 2024-12-25 00:50:13 --> Language Class Initialized
INFO - 2024-12-25 00:50:13 --> Language Class Initialized
INFO - 2024-12-25 00:50:13 --> Config Class Initialized
INFO - 2024-12-25 00:50:13 --> Loader Class Initialized
INFO - 2024-12-25 00:50:13 --> Helper loaded: url_helper
INFO - 2024-12-25 00:50:13 --> Helper loaded: easyui_helper
INFO - 2024-12-25 00:50:13 --> Helper loaded: param_helper
INFO - 2024-12-25 00:50:13 --> Helper loaded: credential_helper
INFO - 2024-12-25 00:50:13 --> Helper loaded: template_helper
INFO - 2024-12-25 00:50:13 --> Helper loaded: rest_helper
INFO - 2024-12-25 00:50:13 --> Database Driver Class Initialized
DEBUG - 2024-12-25 00:50:13 --> Idgenerator class already loaded. Second attempt ignored.
INFO - 2024-12-25 00:50:13 --> Controller Class Initialized
INFO - 2024-12-25 00:50:13 --> Model Class Initialized
DEBUG - 2024-12-25 00:50:13 --> File loaded: /apps/web-drc/application/modules/api_v1/models/Api_v1_model.php
INFO - 2024-12-25 00:50:13 --> Model Class Initialized
INFO - 2024-12-25 00:50:13 --> Final output sent to browser
DEBUG - 2024-12-25 00:50:13 --> Total execution time: 0.0060
INFO - 2024-12-25 00:50:13 --> Config Class Initialized
INFO - 2024-12-25 00:50:13 --> Hooks Class Initialized
DEBUG - 2024-12-25 00:50:13 --> UTF-8 Support Enabled
INFO - 2024-12-25 00:50:13 --> Utf8 Class Initialized
INFO - 2024-12-25 00:50:13 --> URI Class Initialized
INFO - 2024-12-25 00:50:13 --> Router Class Initialized
INFO - 2024-12-25 00:50:13 --> Output Class Initialized
INFO - 2024-12-25 00:50:13 --> Security Class Initialized
DEBUG - 2024-12-25 00:50:13 --> Global POST, GET and COOKIE data sanitized
INFO - 2024-12-25 00:50:13 --> Input Class Initialized
INFO - 2024-12-25 00:50:13 --> Language Class Initialized
INFO - 2024-12-25 00:50:13 --> Language Class Initialized
INFO - 2024-12-25 00:50:13 --> Config Class Initialized
INFO - 2024-12-25 00:50:13 --> Loader Class Initialized
INFO - 2024-12-25 00:50:13 --> Helper loaded: url_helper
INFO - 2024-12-25 00:50:13 --> Helper loaded: easyui_helper
INFO - 2024-12-25 00:50:13 --> Helper loaded: param_helper
INFO - 2024-12-25 00:50:13 --> Helper loaded: credential_helper
INFO - 2024-12-25 00:50:13 --> Helper loaded: template_helper
INFO - 2024-12-25 00:50:13 --> Helper loaded: rest_helper
INFO - 2024-12-25 00:50:13 --> Database Driver Class Initialized
DEBUG - 2024-12-25 00:50:13 --> Idgenerator class already loaded. Second attempt ignored.
INFO - 2024-12-25 00:50:13 --> Controller Class Initialized
INFO - 2024-12-25 00:50:13 --> Model Class Initialized
DEBUG - 2024-12-25 00:50:13 --> File loaded: /apps/web-drc/application/modules/api_v1/models/Api_v1_model.php
INFO - 2024-12-25 00:50:13 --> Model Class Initialized
INFO - 2024-12-25 00:50:13 --> Final output sent to browser
DEBUG - 2024-12-25 00:50:13 --> Total execution time: 0.3113
INFO - 2024-12-25 00:50:22 --> Config Class Initialized
INFO - 2024-12-25 00:50:22 --> Hooks Class Initialized
DEBUG - 2024-12-25 00:50:22 --> UTF-8 Support Enabled
INFO - 2024-12-25 00:50:22 --> Utf8 Class Initialized
INFO - 2024-12-25 00:50:22 --> URI Class Initialized
INFO - 2024-12-25 00:50:22 --> Router Class Initialized
INFO - 2024-12-25 00:50:22 --> Output Class Initialized
INFO - 2024-12-25 00:50:22 --> Security Class Initialized
DEBUG - 2024-12-25 00:50:22 --> Global POST, GET and COOKIE data sanitized
INFO - 2024-12-25 00:50:22 --> Input Class Initialized
INFO - 2024-12-25 00:50:22 --> Language Class Initialized
INFO - 2024-12-25 00:50:22 --> Language Class Initialized
INFO - 2024-12-25 00:50:22 --> Config Class Initialized
INFO - 2024-12-25 00:50:22 --> Loader Class Initialized
INFO - 2024-12-25 00:50:22 --> Helper loaded: url_helper
INFO - 2024-12-25 00:50:22 --> Helper loaded: easyui_helper
INFO - 2024-12-25 00:50:22 --> Helper loaded: param_helper
INFO - 2024-12-25 00:50:22 --> Helper loaded: credential_helper
INFO - 2024-12-25 00:50:22 --> Helper loaded: template_helper
INFO - 2024-12-25 00:50:22 --> Helper loaded: rest_helper
INFO - 2024-12-25 00:50:22 --> Database Driver Class Initialized
DEBUG - 2024-12-25 00:50:22 --> Idgenerator class already loaded. Second attempt ignored.
INFO - 2024-12-25 00:50:22 --> Controller Class Initialized
INFO - 2024-12-25 00:50:22 --> Model Class Initialized
DEBUG - 2024-12-25 00:50:22 --> File loaded: /apps/web-drc/application/modules/ref_product/models/Product_model.php
INFO - 2024-12-25 00:50:22 --> Model Class Initialized
DEBUG - 2024-12-25 00:50:22 --> File loaded: /apps/web-drc/application/modules/ref_product/views/content.php
DEBUG - 2024-12-25 00:50:22 --> File loaded: /apps/web-drc/application/views/templates/header.php
DEBUG - 2024-12-25 00:50:22 --> File loaded: /apps/web-drc/application/views/templates/toolbar.php
DEBUG - 2024-12-25 00:50:22 --> File loaded: /apps/web-drc/application/views/templates/sidebar.php
DEBUG - 2024-12-25 00:50:22 --> File loaded: /apps/web-drc/application/views/templates/contents.php
DEBUG - 2024-12-25 00:50:22 --> File loaded: /apps/web-drc/application/views/templates/content_footer.php
DEBUG - 2024-12-25 00:50:22 --> File loaded: /apps/web-drc/application/views/templates/footer.php
DEBUG - 2024-12-25 00:50:22 --> File loaded: /apps/web-drc/application/views/templates/default.php
INFO - 2024-12-25 00:50:22 --> Final output sent to browser
DEBUG - 2024-12-25 00:50:22 --> Total execution time: 0.0162
INFO - 2024-12-25 00:50:22 --> Config Class Initialized
INFO - 2024-12-25 00:50:22 --> Hooks Class Initialized
DEBUG - 2024-12-25 00:50:22 --> UTF-8 Support Enabled
INFO - 2024-12-25 00:50:22 --> Utf8 Class Initialized
INFO - 2024-12-25 00:50:22 --> URI Class Initialized
INFO - 2024-12-25 00:50:22 --> Router Class Initialized
INFO - 2024-12-25 00:50:22 --> Output Class Initialized
INFO - 2024-12-25 00:50:22 --> Security Class Initialized
DEBUG - 2024-12-25 00:50:22 --> Global POST, GET and COOKIE data sanitized
INFO - 2024-12-25 00:50:22 --> Input Class Initialized
INFO - 2024-12-25 00:50:22 --> Language Class Initialized
INFO - 2024-12-25 00:50:22 --> Language Class Initialized
INFO - 2024-12-25 00:50:22 --> Config Class Initialized
INFO - 2024-12-25 00:50:22 --> Loader Class Initialized
INFO - 2024-12-25 00:50:22 --> Helper loaded: url_helper
INFO - 2024-12-25 00:50:22 --> Helper loaded: easyui_helper
INFO - 2024-12-25 00:50:22 --> Helper loaded: param_helper
INFO - 2024-12-25 00:50:22 --> Helper loaded: credential_helper
INFO - 2024-12-25 00:50:22 --> Helper loaded: template_helper
INFO - 2024-12-25 00:50:22 --> Helper loaded: rest_helper
INFO - 2024-12-25 00:50:22 --> Database Driver Class Initialized
DEBUG - 2024-12-25 00:50:22 --> Idgenerator class already loaded. Second attempt ignored.
INFO - 2024-12-25 00:50:22 --> Controller Class Initialized
INFO - 2024-12-25 00:50:22 --> Model Class Initialized
DEBUG - 2024-12-25 00:50:22 --> File loaded: /apps/web-drc/application/modules/ref_product/models/Product_model.php
INFO - 2024-12-25 00:50:22 --> Model Class Initialized
INFO - 2024-12-25 00:50:22 --> Final output sent to browser
DEBUG - 2024-12-25 00:50:22 --> Total execution time: 0.0150
INFO - 2024-12-25 00:50:31 --> Config Class Initialized
INFO - 2024-12-25 00:50:31 --> Hooks Class Initialized
DEBUG - 2024-12-25 00:50:31 --> UTF-8 Support Enabled
INFO - 2024-12-25 00:50:31 --> Utf8 Class Initialized
INFO - 2024-12-25 00:50:31 --> URI Class Initialized
INFO - 2024-12-25 00:50:31 --> Router Class Initialized
INFO - 2024-12-25 00:50:31 --> Output Class Initialized
INFO - 2024-12-25 00:50:31 --> Security Class Initialized
DEBUG - 2024-12-25 00:50:31 --> Global POST, GET and COOKIE data sanitized
INFO - 2024-12-25 00:50:31 --> Input Class Initialized
INFO - 2024-12-25 00:50:31 --> Language Class Initialized
INFO - 2024-12-25 00:50:31 --> Language Class Initialized
INFO - 2024-12-25 00:50:31 --> Config Class Initialized
INFO - 2024-12-25 00:50:31 --> Loader Class Initialized
INFO - 2024-12-25 00:50:31 --> Helper loaded: url_helper
INFO - 2024-12-25 00:50:31 --> Helper loaded: easyui_helper
INFO - 2024-12-25 00:50:31 --> Helper loaded: param_helper
INFO - 2024-12-25 00:50:31 --> Helper loaded: credential_helper
INFO - 2024-12-25 00:50:31 --> Helper loaded: template_helper
INFO - 2024-12-25 00:50:31 --> Helper loaded: rest_helper
INFO - 2024-12-25 00:50:31 --> Database Driver Class Initialized
DEBUG - 2024-12-25 00:50:31 --> Idgenerator class already loaded. Second attempt ignored.
INFO - 2024-12-25 00:50:31 --> Controller Class Initialized
INFO - 2024-12-25 00:50:31 --> Model Class Initialized
DEBUG - 2024-12-25 00:50:31 --> File loaded: /apps/web-drc/application/modules/mapping_sku_mcs/models/Sku_mcs_model.php
INFO - 2024-12-25 00:50:31 --> Model Class Initialized
DEBUG - 2024-12-25 00:50:31 --> File loaded: /apps/web-drc/application/modules/mapping_sku_mcs/views/content.php
DEBUG - 2024-12-25 00:50:31 --> File loaded: /apps/web-drc/application/views/templates/header.php
DEBUG - 2024-12-25 00:50:31 --> File loaded: /apps/web-drc/application/views/templates/toolbar.php
DEBUG - 2024-12-25 00:50:31 --> File loaded: /apps/web-drc/application/views/templates/sidebar.php
DEBUG - 2024-12-25 00:50:31 --> File loaded: /apps/web-drc/application/views/templates/contents.php
DEBUG - 2024-12-25 00:50:31 --> File loaded: /apps/web-drc/application/views/templates/content_footer.php
DEBUG - 2024-12-25 00:50:31 --> File loaded: /apps/web-drc/application/views/templates/footer.php
DEBUG - 2024-12-25 00:50:31 --> File loaded: /apps/web-drc/application/views/templates/default.php
INFO - 2024-12-25 00:50:31 --> Final output sent to browser
DEBUG - 2024-12-25 00:50:31 --> Total execution time: 0.0114
INFO - 2024-12-25 00:50:32 --> Config Class Initialized
INFO - 2024-12-25 00:50:32 --> Hooks Class Initialized
DEBUG - 2024-12-25 00:50:32 --> UTF-8 Support Enabled
INFO - 2024-12-25 00:50:32 --> Utf8 Class Initialized
INFO - 2024-12-25 00:50:32 --> URI Class Initialized
INFO - 2024-12-25 00:50:32 --> Router Class Initialized
INFO - 2024-12-25 00:50:32 --> Output Class Initialized
INFO - 2024-12-25 00:50:32 --> Security Class Initialized
DEBUG - 2024-12-25 00:50:32 --> Global POST, GET and COOKIE data sanitized
INFO - 2024-12-25 00:50:32 --> Input Class Initialized
INFO - 2024-12-25 00:50:32 --> Language Class Initialized
INFO - 2024-12-25 00:50:32 --> Language Class Initialized
INFO - 2024-12-25 00:50:32 --> Config Class Initialized
INFO - 2024-12-25 00:50:32 --> Loader Class Initialized
INFO - 2024-12-25 00:50:32 --> Helper loaded: url_helper
INFO - 2024-12-25 00:50:32 --> Helper loaded: easyui_helper
INFO - 2024-12-25 00:50:32 --> Helper loaded: param_helper
INFO - 2024-12-25 00:50:32 --> Helper loaded: credential_helper
INFO - 2024-12-25 00:50:32 --> Helper loaded: template_helper
INFO - 2024-12-25 00:50:32 --> Helper loaded: rest_helper
INFO - 2024-12-25 00:50:32 --> Database Driver Class Initialized
DEBUG - 2024-12-25 00:50:32 --> Idgenerator class already loaded. Second attempt ignored.
INFO - 2024-12-25 00:50:32 --> Controller Class Initialized
INFO - 2024-12-25 00:50:32 --> Model Class Initialized
DEBUG - 2024-12-25 00:50:32 --> File loaded: /apps/web-drc/application/modules/mapping_sku_mcs/models/Sku_mcs_model.php
INFO - 2024-12-25 00:50:32 --> Model Class Initialized
INFO - 2024-12-25 00:50:32 --> Final output sent to browser
DEBUG - 2024-12-25 00:50:32 --> Total execution time: 0.0163
INFO - 2024-12-25 00:50:34 --> Config Class Initialized
INFO - 2024-12-25 00:50:34 --> Hooks Class Initialized
DEBUG - 2024-12-25 00:50:34 --> UTF-8 Support Enabled
INFO - 2024-12-25 00:50:34 --> Utf8 Class Initialized
INFO - 2024-12-25 00:50:34 --> URI Class Initialized
INFO - 2024-12-25 00:50:34 --> Router Class Initialized
INFO - 2024-12-25 00:50:34 --> Output Class Initialized
INFO - 2024-12-25 00:50:34 --> Security Class Initialized
DEBUG - 2024-12-25 00:50:34 --> Global POST, GET and COOKIE data sanitized
INFO - 2024-12-25 00:50:34 --> Input Class Initialized
INFO - 2024-12-25 00:50:34 --> Language Class Initialized
INFO - 2024-12-25 00:50:34 --> Language Class Initialized
INFO - 2024-12-25 00:50:34 --> Config Class Initialized
INFO - 2024-12-25 00:50:34 --> Loader Class Initialized
INFO - 2024-12-25 00:50:34 --> Helper loaded: url_helper
INFO - 2024-12-25 00:50:34 --> Helper loaded: easyui_helper
INFO - 2024-12-25 00:50:34 --> Helper loaded: param_helper
INFO - 2024-12-25 00:50:34 --> Helper loaded: credential_helper
INFO - 2024-12-25 00:50:34 --> Helper loaded: template_helper
INFO - 2024-12-25 00:50:34 --> Helper loaded: rest_helper
INFO - 2024-12-25 00:50:34 --> Database Driver Class Initialized
DEBUG - 2024-12-25 00:50:34 --> Idgenerator class already loaded. Second attempt ignored.
INFO - 2024-12-25 00:50:34 --> Controller Class Initialized
INFO - 2024-12-25 00:50:34 --> Model Class Initialized
DEBUG - 2024-12-25 00:50:34 --> File loaded: /apps/web-drc/application/modules/mapping_sku_mcs/models/Sku_mcs_model.php
INFO - 2024-12-25 00:50:34 --> Model Class Initialized
DEBUG - 2024-12-25 00:50:34 --> File loaded: /apps/web-drc/application/modules/mapping_sku_mcs/views/form.php
DEBUG - 2024-12-25 00:50:34 --> File loaded: /apps/web-drc/application/views/templates/header.php
DEBUG - 2024-12-25 00:50:34 --> File loaded: /apps/web-drc/application/views/templates/toolbar.php
DEBUG - 2024-12-25 00:50:34 --> File loaded: /apps/web-drc/application/views/templates/sidebar.php
DEBUG - 2024-12-25 00:50:34 --> File loaded: /apps/web-drc/application/views/templates/contents.php
DEBUG - 2024-12-25 00:50:34 --> File loaded: /apps/web-drc/application/views/templates/content_footer.php
DEBUG - 2024-12-25 00:50:34 --> File loaded: /apps/web-drc/application/views/templates/footer.php
DEBUG - 2024-12-25 00:50:34 --> File loaded: /apps/web-drc/application/views/templates/default.php
INFO - 2024-12-25 00:50:34 --> Final output sent to browser
DEBUG - 2024-12-25 00:50:34 --> Total execution time: 0.0068
INFO - 2024-12-25 00:50:35 --> Config Class Initialized
INFO - 2024-12-25 00:50:35 --> Hooks Class Initialized
DEBUG - 2024-12-25 00:50:35 --> UTF-8 Support Enabled
INFO - 2024-12-25 00:50:35 --> Utf8 Class Initialized
INFO - 2024-12-25 00:50:35 --> URI Class Initialized
INFO - 2024-12-25 00:50:35 --> Router Class Initialized
INFO - 2024-12-25 00:50:35 --> Output Class Initialized
INFO - 2024-12-25 00:50:35 --> Security Class Initialized
DEBUG - 2024-12-25 00:50:35 --> Global POST, GET and COOKIE data sanitized
INFO - 2024-12-25 00:50:35 --> Input Class Initialized
INFO - 2024-12-25 00:50:35 --> Language Class Initialized
INFO - 2024-12-25 00:50:35 --> Language Class Initialized
INFO - 2024-12-25 00:50:35 --> Config Class Initialized
INFO - 2024-12-25 00:50:35 --> Loader Class Initialized
INFO - 2024-12-25 00:50:35 --> Helper loaded: url_helper
INFO - 2024-12-25 00:50:35 --> Helper loaded: easyui_helper
INFO - 2024-12-25 00:50:35 --> Helper loaded: param_helper
INFO - 2024-12-25 00:50:35 --> Helper loaded: credential_helper
INFO - 2024-12-25 00:50:35 --> Helper loaded: template_helper
INFO - 2024-12-25 00:50:35 --> Helper loaded: rest_helper
INFO - 2024-12-25 00:50:35 --> Database Driver Class Initialized
DEBUG - 2024-12-25 00:50:35 --> Idgenerator class already loaded. Second attempt ignored.
INFO - 2024-12-25 00:50:35 --> Controller Class Initialized
INFO - 2024-12-25 00:50:35 --> Model Class Initialized
DEBUG - 2024-12-25 00:50:35 --> File loaded: /apps/web-drc/application/modules/ref_customer_type/models/Customer_type_model.php
INFO - 2024-12-25 00:50:35 --> Model Class Initialized
INFO - 2024-12-25 00:50:35 --> Final output sent to browser
DEBUG - 2024-12-25 00:50:35 --> Total execution time: 0.0026
INFO - 2024-12-25 00:50:35 --> Config Class Initialized
INFO - 2024-12-25 00:50:35 --> Hooks Class Initialized
DEBUG - 2024-12-25 00:50:35 --> UTF-8 Support Enabled
INFO - 2024-12-25 00:50:35 --> Utf8 Class Initialized
INFO - 2024-12-25 00:50:35 --> URI Class Initialized
INFO - 2024-12-25 00:50:35 --> Router Class Initialized
INFO - 2024-12-25 00:50:35 --> Output Class Initialized
INFO - 2024-12-25 00:50:35 --> Security Class Initialized
DEBUG - 2024-12-25 00:50:35 --> Global POST, GET and COOKIE data sanitized
INFO - 2024-12-25 00:50:35 --> Input Class Initialized
INFO - 2024-12-25 00:50:35 --> Language Class Initialized
INFO - 2024-12-25 00:50:35 --> Language Class Initialized
INFO - 2024-12-25 00:50:35 --> Config Class Initialized
INFO - 2024-12-25 00:50:35 --> Loader Class Initialized
INFO - 2024-12-25 00:50:35 --> Helper loaded: url_helper
INFO - 2024-12-25 00:50:35 --> Helper loaded: easyui_helper
INFO - 2024-12-25 00:50:35 --> Helper loaded: param_helper
INFO - 2024-12-25 00:50:35 --> Helper loaded: credential_helper
INFO - 2024-12-25 00:50:35 --> Helper loaded: template_helper
INFO - 2024-12-25 00:50:35 --> Helper loaded: rest_helper
INFO - 2024-12-25 00:50:35 --> Database Driver Class Initialized
DEBUG - 2024-12-25 00:50:35 --> Idgenerator class already loaded. Second attempt ignored.
INFO - 2024-12-25 00:50:35 --> Controller Class Initialized
INFO - 2024-12-25 00:50:35 --> Model Class Initialized
DEBUG - 2024-12-25 00:50:35 --> File loaded: /apps/web-drc/application/modules/api_v1/models/Api_v1_model.php
INFO - 2024-12-25 00:50:35 --> Model Class Initialized
INFO - 2024-12-25 00:50:35 --> Final output sent to browser
DEBUG - 2024-12-25 00:50:35 --> Total execution time: 0.0055
INFO - 2024-12-25 00:50:56 --> Config Class Initialized
INFO - 2024-12-25 00:50:56 --> Hooks Class Initialized
DEBUG - 2024-12-25 00:50:56 --> UTF-8 Support Enabled
INFO - 2024-12-25 00:50:56 --> Utf8 Class Initialized
INFO - 2024-12-25 00:50:56 --> URI Class Initialized
INFO - 2024-12-25 00:50:56 --> Router Class Initialized
INFO - 2024-12-25 00:50:56 --> Output Class Initialized
INFO - 2024-12-25 00:50:56 --> Security Class Initialized
DEBUG - 2024-12-25 00:50:56 --> Global POST, GET and COOKIE data sanitized
INFO - 2024-12-25 00:50:56 --> Input Class Initialized
INFO - 2024-12-25 00:50:56 --> Language Class Initialized
INFO - 2024-12-25 00:50:56 --> Language Class Initialized
INFO - 2024-12-25 00:50:56 --> Config Class Initialized
INFO - 2024-12-25 00:50:56 --> Loader Class Initialized
INFO - 2024-12-25 00:50:56 --> Helper loaded: url_helper
INFO - 2024-12-25 00:50:56 --> Helper loaded: easyui_helper
INFO - 2024-12-25 00:50:56 --> Helper loaded: param_helper
INFO - 2024-12-25 00:50:56 --> Helper loaded: credential_helper
INFO - 2024-12-25 00:50:56 --> Helper loaded: template_helper
INFO - 2024-12-25 00:50:56 --> Helper loaded: rest_helper
INFO - 2024-12-25 00:50:56 --> Database Driver Class Initialized
DEBUG - 2024-12-25 00:50:56 --> Idgenerator class already loaded. Second attempt ignored.
INFO - 2024-12-25 00:50:56 --> Controller Class Initialized
INFO - 2024-12-25 00:50:56 --> Model Class Initialized
DEBUG - 2024-12-25 00:50:56 --> File loaded: /apps/web-drc/application/modules/mapping_sku_active/models/Sku_active_model.php
INFO - 2024-12-25 00:50:56 --> Model Class Initialized
DEBUG - 2024-12-25 00:50:56 --> File loaded: /apps/web-drc/application/modules/mapping_sku_active/views/content.php
DEBUG - 2024-12-25 00:50:56 --> File loaded: /apps/web-drc/application/views/templates/header.php
DEBUG - 2024-12-25 00:50:56 --> File loaded: /apps/web-drc/application/views/templates/toolbar.php
DEBUG - 2024-12-25 00:50:56 --> File loaded: /apps/web-drc/application/views/templates/sidebar.php
DEBUG - 2024-12-25 00:50:56 --> File loaded: /apps/web-drc/application/views/templates/contents.php
DEBUG - 2024-12-25 00:50:56 --> File loaded: /apps/web-drc/application/views/templates/content_footer.php
DEBUG - 2024-12-25 00:50:56 --> File loaded: /apps/web-drc/application/views/templates/footer.php
DEBUG - 2024-12-25 00:50:56 --> File loaded: /apps/web-drc/application/views/templates/default.php
INFO - 2024-12-25 00:50:56 --> Final output sent to browser
DEBUG - 2024-12-25 00:50:56 --> Total execution time: 0.0102
INFO - 2024-12-25 00:50:57 --> Config Class Initialized
INFO - 2024-12-25 00:50:57 --> Hooks Class Initialized
DEBUG - 2024-12-25 00:50:57 --> UTF-8 Support Enabled
INFO - 2024-12-25 00:50:57 --> Utf8 Class Initialized
INFO - 2024-12-25 00:50:57 --> URI Class Initialized
INFO - 2024-12-25 00:50:57 --> Router Class Initialized
INFO - 2024-12-25 00:50:57 --> Output Class Initialized
INFO - 2024-12-25 00:50:57 --> Security Class Initialized
DEBUG - 2024-12-25 00:50:57 --> Global POST, GET and COOKIE data sanitized
INFO - 2024-12-25 00:50:57 --> Input Class Initialized
INFO - 2024-12-25 00:50:57 --> Language Class Initialized
INFO - 2024-12-25 00:50:57 --> Language Class Initialized
INFO - 2024-12-25 00:50:57 --> Config Class Initialized
INFO - 2024-12-25 00:50:57 --> Loader Class Initialized
INFO - 2024-12-25 00:50:57 --> Helper loaded: url_helper
INFO - 2024-12-25 00:50:57 --> Helper loaded: easyui_helper
INFO - 2024-12-25 00:50:57 --> Helper loaded: param_helper
INFO - 2024-12-25 00:50:57 --> Helper loaded: credential_helper
INFO - 2024-12-25 00:50:57 --> Helper loaded: template_helper
INFO - 2024-12-25 00:50:57 --> Helper loaded: rest_helper
INFO - 2024-12-25 00:50:57 --> Database Driver Class Initialized
DEBUG - 2024-12-25 00:50:57 --> Idgenerator class already loaded. Second attempt ignored.
INFO - 2024-12-25 00:50:57 --> Controller Class Initialized
INFO - 2024-12-25 00:50:57 --> Model Class Initialized
DEBUG - 2024-12-25 00:50:57 --> File loaded: /apps/web-drc/application/modules/mapping_sku_active/models/Sku_active_model.php
INFO - 2024-12-25 00:50:57 --> Model Class Initialized
INFO - 2024-12-25 00:50:57 --> Final output sent to browser
DEBUG - 2024-12-25 00:50:57 --> Total execution time: 0.0196
INFO - 2024-12-25 01:10:36 --> Config Class Initialized
INFO - 2024-12-25 01:10:36 --> Hooks Class Initialized
DEBUG - 2024-12-25 01:10:36 --> UTF-8 Support Enabled
INFO - 2024-12-25 01:10:36 --> Utf8 Class Initialized
INFO - 2024-12-25 01:10:36 --> URI Class Initialized
INFO - 2024-12-25 01:10:36 --> Router Class Initialized
INFO - 2024-12-25 01:10:36 --> Output Class Initialized
INFO - 2024-12-25 01:10:36 --> Security Class Initialized
DEBUG - 2024-12-25 01:10:36 --> Global POST, GET and COOKIE data sanitized
INFO - 2024-12-25 01:10:36 --> Input Class Initialized
INFO - 2024-12-25 01:10:36 --> Language Class Initialized
INFO - 2024-12-25 01:10:36 --> Language Class Initialized
INFO - 2024-12-25 01:10:36 --> Config Class Initialized
INFO - 2024-12-25 01:10:36 --> Loader Class Initialized
INFO - 2024-12-25 01:10:36 --> Helper loaded: url_helper
INFO - 2024-12-25 01:10:36 --> Helper loaded: easyui_helper
INFO - 2024-12-25 01:10:36 --> Helper loaded: param_helper
INFO - 2024-12-25 01:10:36 --> Helper loaded: credential_helper
INFO - 2024-12-25 01:10:36 --> Helper loaded: template_helper
INFO - 2024-12-25 01:10:36 --> Helper loaded: rest_helper
INFO - 2024-12-25 01:10:36 --> Database Driver Class Initialized
DEBUG - 2024-12-25 01:10:36 --> Idgenerator class already loaded. Second attempt ignored.
INFO - 2024-12-25 01:10:36 --> Controller Class Initialized
INFO - 2024-12-25 01:10:36 --> Model Class Initialized
DEBUG - 2024-12-25 01:10:36 --> File loaded: /apps/web-drc/application/modules/rep_product_knowledge/models/Rep_product_knowledge_model.php
INFO - 2024-12-25 01:10:36 --> Model Class Initialized
DEBUG - 2024-12-25 01:10:36 --> File loaded: /apps/web-drc/application/modules/rep_product_knowledge/views/content.php
DEBUG - 2024-12-25 01:10:36 --> File loaded: /apps/web-drc/application/views/templates/header.php
DEBUG - 2024-12-25 01:10:36 --> File loaded: /apps/web-drc/application/views/templates/toolbar.php
DEBUG - 2024-12-25 01:10:36 --> File loaded: /apps/web-drc/application/views/templates/sidebar.php
DEBUG - 2024-12-25 01:10:36 --> File loaded: /apps/web-drc/application/views/templates/contents.php
DEBUG - 2024-12-25 01:10:36 --> File loaded: /apps/web-drc/application/views/templates/content_footer.php
DEBUG - 2024-12-25 01:10:36 --> File loaded: /apps/web-drc/application/views/templates/footer.php
DEBUG - 2024-12-25 01:10:36 --> File loaded: /apps/web-drc/application/views/templates/default.php
INFO - 2024-12-25 01:10:36 --> Final output sent to browser
DEBUG - 2024-12-25 01:10:36 --> Total execution time: 0.0134
INFO - 2024-12-25 01:10:36 --> Config Class Initialized
INFO - 2024-12-25 01:10:36 --> Hooks Class Initialized
DEBUG - 2024-12-25 01:10:36 --> UTF-8 Support Enabled
INFO - 2024-12-25 01:10:36 --> Utf8 Class Initialized
INFO - 2024-12-25 01:10:36 --> URI Class Initialized
INFO - 2024-12-25 01:10:36 --> Router Class Initialized
INFO - 2024-12-25 01:10:36 --> Output Class Initialized
INFO - 2024-12-25 01:10:36 --> Security Class Initialized
DEBUG - 2024-12-25 01:10:36 --> Global POST, GET and COOKIE data sanitized
INFO - 2024-12-25 01:10:36 --> Input Class Initialized
INFO - 2024-12-25 01:10:36 --> Language Class Initialized
INFO - 2024-12-25 01:10:36 --> Language Class Initialized
INFO - 2024-12-25 01:10:36 --> Config Class Initialized
INFO - 2024-12-25 01:10:36 --> Loader Class Initialized
INFO - 2024-12-25 01:10:36 --> Helper loaded: url_helper
INFO - 2024-12-25 01:10:36 --> Helper loaded: easyui_helper
INFO - 2024-12-25 01:10:36 --> Helper loaded: param_helper
INFO - 2024-12-25 01:10:36 --> Helper loaded: credential_helper
INFO - 2024-12-25 01:10:36 --> Helper loaded: template_helper
INFO - 2024-12-25 01:10:36 --> Helper loaded: rest_helper
INFO - 2024-12-25 01:10:36 --> Database Driver Class Initialized
DEBUG - 2024-12-25 01:10:36 --> Idgenerator class already loaded. Second attempt ignored.
INFO - 2024-12-25 01:10:36 --> Controller Class Initialized
INFO - 2024-12-25 01:10:36 --> Model Class Initialized
DEBUG - 2024-12-25 01:10:36 --> File loaded: /apps/web-drc/application/modules/rep_product_knowledge/models/Rep_product_knowledge_model.php
INFO - 2024-12-25 01:10:36 --> Model Class Initialized
INFO - 2024-12-25 01:10:36 --> Final output sent to browser
DEBUG - 2024-12-25 01:10:36 --> Total execution time: 0.0129
INFO - 2024-12-25 01:10:36 --> Config Class Initialized
INFO - 2024-12-25 01:10:36 --> Hooks Class Initialized
DEBUG - 2024-12-25 01:10:36 --> UTF-8 Support Enabled
INFO - 2024-12-25 01:10:36 --> Utf8 Class Initialized
INFO - 2024-12-25 01:10:36 --> URI Class Initialized
INFO - 2024-12-25 01:10:36 --> Router Class Initialized
INFO - 2024-12-25 01:10:36 --> Output Class Initialized
INFO - 2024-12-25 01:10:36 --> Security Class Initialized
DEBUG - 2024-12-25 01:10:36 --> Global POST, GET and COOKIE data sanitized
INFO - 2024-12-25 01:10:36 --> Input Class Initialized
INFO - 2024-12-25 01:10:36 --> Language Class Initialized
INFO - 2024-12-25 01:10:36 --> Language Class Initialized
INFO - 2024-12-25 01:10:36 --> Config Class Initialized
INFO - 2024-12-25 01:10:36 --> Loader Class Initialized
INFO - 2024-12-25 01:10:36 --> Helper loaded: url_helper
INFO - 2024-12-25 01:10:36 --> Helper loaded: easyui_helper
INFO - 2024-12-25 01:10:36 --> Helper loaded: param_helper
INFO - 2024-12-25 01:10:36 --> Helper loaded: credential_helper
INFO - 2024-12-25 01:10:36 --> Helper loaded: template_helper
INFO - 2024-12-25 01:10:36 --> Helper loaded: rest_helper
INFO - 2024-12-25 01:10:36 --> Database Driver Class Initialized
DEBUG - 2024-12-25 01:10:36 --> Idgenerator class already loaded. Second attempt ignored.
INFO - 2024-12-25 01:10:36 --> Controller Class Initialized
INFO - 2024-12-25 01:10:36 --> Model Class Initialized
DEBUG - 2024-12-25 01:10:36 --> File loaded: /apps/web-drc/application/modules/rep_product_knowledge/models/Rep_product_knowledge_model.php
INFO - 2024-12-25 01:10:36 --> Model Class Initialized
INFO - 2024-12-25 01:10:36 --> Final output sent to browser
DEBUG - 2024-12-25 01:10:36 --> Total execution time: 0.0032
INFO - 2024-12-25 01:10:41 --> Config Class Initialized
INFO - 2024-12-25 01:10:41 --> Hooks Class Initialized
DEBUG - 2024-12-25 01:10:41 --> UTF-8 Support Enabled
INFO - 2024-12-25 01:10:41 --> Utf8 Class Initialized
INFO - 2024-12-25 01:10:41 --> URI Class Initialized
INFO - 2024-12-25 01:10:41 --> Router Class Initialized
INFO - 2024-12-25 01:10:41 --> Output Class Initialized
INFO - 2024-12-25 01:10:41 --> Security Class Initialized
DEBUG - 2024-12-25 01:10:41 --> Global POST, GET and COOKIE data sanitized
INFO - 2024-12-25 01:10:41 --> Input Class Initialized
INFO - 2024-12-25 01:10:41 --> Language Class Initialized
INFO - 2024-12-25 01:10:41 --> Language Class Initialized
INFO - 2024-12-25 01:10:41 --> Config Class Initialized
INFO - 2024-12-25 01:10:41 --> Loader Class Initialized
INFO - 2024-12-25 01:10:41 --> Helper loaded: url_helper
INFO - 2024-12-25 01:10:41 --> Helper loaded: easyui_helper
INFO - 2024-12-25 01:10:41 --> Helper loaded: param_helper
INFO - 2024-12-25 01:10:41 --> Helper loaded: credential_helper
INFO - 2024-12-25 01:10:41 --> Helper loaded: template_helper
INFO - 2024-12-25 01:10:41 --> Helper loaded: rest_helper
INFO - 2024-12-25 01:10:41 --> Database Driver Class Initialized
DEBUG - 2024-12-25 01:10:41 --> Idgenerator class already loaded. Second attempt ignored.
INFO - 2024-12-25 01:10:41 --> Controller Class Initialized
INFO - 2024-12-25 01:10:41 --> Model Class Initialized
DEBUG - 2024-12-25 01:10:41 --> File loaded: /apps/web-drc/application/modules/rep_product_knowledge/models/Rep_product_knowledge_model.php
INFO - 2024-12-25 01:10:41 --> Model Class Initialized
INFO - 2024-12-25 01:10:41 --> Final output sent to browser
DEBUG - 2024-12-25 01:10:41 --> Total execution time: 0.4450
INFO - 2024-12-25 01:10:45 --> Config Class Initialized
INFO - 2024-12-25 01:10:45 --> Hooks Class Initialized
DEBUG - 2024-12-25 01:10:45 --> UTF-8 Support Enabled
INFO - 2024-12-25 01:10:45 --> Utf8 Class Initialized
INFO - 2024-12-25 01:10:45 --> URI Class Initialized
INFO - 2024-12-25 01:10:45 --> Router Class Initialized
INFO - 2024-12-25 01:10:45 --> Output Class Initialized
INFO - 2024-12-25 01:10:45 --> Security Class Initialized
DEBUG - 2024-12-25 01:10:45 --> Global POST, GET and COOKIE data sanitized
INFO - 2024-12-25 01:10:45 --> Input Class Initialized
INFO - 2024-12-25 01:10:45 --> Language Class Initialized
INFO - 2024-12-25 01:10:45 --> Language Class Initialized
INFO - 2024-12-25 01:10:45 --> Config Class Initialized
INFO - 2024-12-25 01:10:45 --> Loader Class Initialized
INFO - 2024-12-25 01:10:45 --> Helper loaded: url_helper
INFO - 2024-12-25 01:10:45 --> Helper loaded: easyui_helper
INFO - 2024-12-25 01:10:45 --> Helper loaded: param_helper
INFO - 2024-12-25 01:10:45 --> Helper loaded: credential_helper
INFO - 2024-12-25 01:10:45 --> Helper loaded: template_helper
INFO - 2024-12-25 01:10:45 --> Helper loaded: rest_helper
INFO - 2024-12-25 01:10:45 --> Database Driver Class Initialized
DEBUG - 2024-12-25 01:10:45 --> Idgenerator class already loaded. Second attempt ignored.
INFO - 2024-12-25 01:10:45 --> Controller Class Initialized
INFO - 2024-12-25 01:10:45 --> Model Class Initialized
DEBUG - 2024-12-25 01:10:45 --> File loaded: /apps/web-drc/application/modules/rep_join_visit_outlet/models/Rep_join_visit_outlet_model.php
INFO - 2024-12-25 01:10:45 --> Model Class Initialized
DEBUG - 2024-12-25 01:10:45 --> File loaded: /apps/web-drc/application/modules/rep_join_visit_outlet/views/content.php
DEBUG - 2024-12-25 01:10:45 --> File loaded: /apps/web-drc/application/views/templates/header.php
DEBUG - 2024-12-25 01:10:45 --> File loaded: /apps/web-drc/application/views/templates/toolbar.php
DEBUG - 2024-12-25 01:10:45 --> File loaded: /apps/web-drc/application/views/templates/sidebar.php
DEBUG - 2024-12-25 01:10:45 --> File loaded: /apps/web-drc/application/views/templates/contents.php
DEBUG - 2024-12-25 01:10:45 --> File loaded: /apps/web-drc/application/views/templates/content_footer.php
DEBUG - 2024-12-25 01:10:45 --> File loaded: /apps/web-drc/application/views/templates/footer.php
DEBUG - 2024-12-25 01:10:45 --> File loaded: /apps/web-drc/application/views/templates/default.php
INFO - 2024-12-25 01:10:45 --> Final output sent to browser
DEBUG - 2024-12-25 01:10:45 --> Total execution time: 0.0114
INFO - 2024-12-25 01:10:45 --> Config Class Initialized
INFO - 2024-12-25 01:10:45 --> Hooks Class Initialized
DEBUG - 2024-12-25 01:10:45 --> UTF-8 Support Enabled
INFO - 2024-12-25 01:10:45 --> Utf8 Class Initialized
INFO - 2024-12-25 01:10:45 --> URI Class Initialized
INFO - 2024-12-25 01:10:45 --> Router Class Initialized
INFO - 2024-12-25 01:10:45 --> Output Class Initialized
INFO - 2024-12-25 01:10:45 --> Security Class Initialized
DEBUG - 2024-12-25 01:10:45 --> Global POST, GET and COOKIE data sanitized
INFO - 2024-12-25 01:10:45 --> Input Class Initialized
INFO - 2024-12-25 01:10:45 --> Language Class Initialized
INFO - 2024-12-25 01:10:45 --> Language Class Initialized
INFO - 2024-12-25 01:10:45 --> Config Class Initialized
INFO - 2024-12-25 01:10:45 --> Loader Class Initialized
INFO - 2024-12-25 01:10:45 --> Helper loaded: url_helper
INFO - 2024-12-25 01:10:45 --> Helper loaded: easyui_helper
INFO - 2024-12-25 01:10:45 --> Helper loaded: param_helper
INFO - 2024-12-25 01:10:45 --> Helper loaded: credential_helper
INFO - 2024-12-25 01:10:45 --> Helper loaded: template_helper
INFO - 2024-12-25 01:10:45 --> Helper loaded: rest_helper
INFO - 2024-12-25 01:10:45 --> Database Driver Class Initialized
DEBUG - 2024-12-25 01:10:45 --> Idgenerator class already loaded. Second attempt ignored.
INFO - 2024-12-25 01:10:45 --> Controller Class Initialized
INFO - 2024-12-25 01:10:45 --> Model Class Initialized
DEBUG - 2024-12-25 01:10:45 --> File loaded: /apps/web-drc/application/modules/rep_join_visit_outlet/models/Rep_join_visit_outlet_model.php
INFO - 2024-12-25 01:10:45 --> Model Class Initialized
INFO - 2024-12-25 01:10:45 --> Final output sent to browser
DEBUG - 2024-12-25 01:10:45 --> Total execution time: 0.0072
INFO - 2024-12-25 01:10:45 --> Config Class Initialized
INFO - 2024-12-25 01:10:45 --> Hooks Class Initialized
DEBUG - 2024-12-25 01:10:45 --> UTF-8 Support Enabled
INFO - 2024-12-25 01:10:45 --> Utf8 Class Initialized
INFO - 2024-12-25 01:10:45 --> URI Class Initialized
INFO - 2024-12-25 01:10:45 --> Router Class Initialized
INFO - 2024-12-25 01:10:45 --> Output Class Initialized
INFO - 2024-12-25 01:10:45 --> Security Class Initialized
DEBUG - 2024-12-25 01:10:45 --> Global POST, GET and COOKIE data sanitized
INFO - 2024-12-25 01:10:45 --> Input Class Initialized
INFO - 2024-12-25 01:10:45 --> Language Class Initialized
INFO - 2024-12-25 01:10:45 --> Language Class Initialized
INFO - 2024-12-25 01:10:45 --> Config Class Initialized
INFO - 2024-12-25 01:10:45 --> Loader Class Initialized
INFO - 2024-12-25 01:10:45 --> Helper loaded: url_helper
INFO - 2024-12-25 01:10:45 --> Helper loaded: easyui_helper
INFO - 2024-12-25 01:10:45 --> Helper loaded: param_helper
INFO - 2024-12-25 01:10:45 --> Helper loaded: credential_helper
INFO - 2024-12-25 01:10:45 --> Helper loaded: template_helper
INFO - 2024-12-25 01:10:45 --> Helper loaded: rest_helper
INFO - 2024-12-25 01:10:45 --> Database Driver Class Initialized
DEBUG - 2024-12-25 01:10:45 --> Idgenerator class already loaded. Second attempt ignored.
INFO - 2024-12-25 01:10:45 --> Controller Class Initialized
INFO - 2024-12-25 01:10:45 --> Model Class Initialized
DEBUG - 2024-12-25 01:10:45 --> File loaded: /apps/web-drc/application/modules/rep_join_visit_outlet/models/Rep_join_visit_outlet_model.php
INFO - 2024-12-25 01:10:45 --> Model Class Initialized
INFO - 2024-12-25 01:10:45 --> Final output sent to browser
DEBUG - 2024-12-25 01:10:45 --> Total execution time: 0.0120
INFO - 2024-12-25 01:10:53 --> Config Class Initialized
INFO - 2024-12-25 01:10:53 --> Hooks Class Initialized
DEBUG - 2024-12-25 01:10:53 --> UTF-8 Support Enabled
INFO - 2024-12-25 01:10:53 --> Utf8 Class Initialized
INFO - 2024-12-25 01:10:53 --> URI Class Initialized
INFO - 2024-12-25 01:10:53 --> Router Class Initialized
INFO - 2024-12-25 01:10:53 --> Output Class Initialized
INFO - 2024-12-25 01:10:53 --> Security Class Initialized
DEBUG - 2024-12-25 01:10:53 --> Global POST, GET and COOKIE data sanitized
INFO - 2024-12-25 01:10:53 --> Input Class Initialized
INFO - 2024-12-25 01:10:53 --> Language Class Initialized
INFO - 2024-12-25 01:10:53 --> Language Class Initialized
INFO - 2024-12-25 01:10:53 --> Config Class Initialized
INFO - 2024-12-25 01:10:53 --> Loader Class Initialized
INFO - 2024-12-25 01:10:53 --> Helper loaded: url_helper
INFO - 2024-12-25 01:10:53 --> Helper loaded: easyui_helper
INFO - 2024-12-25 01:10:53 --> Helper loaded: param_helper
INFO - 2024-12-25 01:10:53 --> Helper loaded: credential_helper
INFO - 2024-12-25 01:10:53 --> Helper loaded: template_helper
INFO - 2024-12-25 01:10:53 --> Helper loaded: rest_helper
INFO - 2024-12-25 01:10:53 --> Database Driver Class Initialized
DEBUG - 2024-12-25 01:10:53 --> Idgenerator class already loaded. Second attempt ignored.
INFO - 2024-12-25 01:10:53 --> Controller Class Initialized
INFO - 2024-12-25 01:10:53 --> Model Class Initialized
DEBUG - 2024-12-25 01:10:53 --> File loaded: /apps/web-drc/application/modules/rep_join_visit_outlet/models/Rep_join_visit_outlet_model.php
INFO - 2024-12-25 01:10:53 --> Model Class Initialized
INFO - 2024-12-25 01:10:53 --> Final output sent to browser
DEBUG - 2024-12-25 01:10:53 --> Total execution time: 0.0043
INFO - 2024-12-25 01:10:55 --> Config Class Initialized
INFO - 2024-12-25 01:10:55 --> Hooks Class Initialized
DEBUG - 2024-12-25 01:10:55 --> UTF-8 Support Enabled
INFO - 2024-12-25 01:10:55 --> Utf8 Class Initialized
INFO - 2024-12-25 01:10:55 --> URI Class Initialized
INFO - 2024-12-25 01:10:55 --> Router Class Initialized
INFO - 2024-12-25 01:10:55 --> Output Class Initialized
INFO - 2024-12-25 01:10:55 --> Security Class Initialized
DEBUG - 2024-12-25 01:10:55 --> Global POST, GET and COOKIE data sanitized
INFO - 2024-12-25 01:10:55 --> Input Class Initialized
INFO - 2024-12-25 01:10:55 --> Language Class Initialized
INFO - 2024-12-25 01:10:55 --> Language Class Initialized
INFO - 2024-12-25 01:10:55 --> Config Class Initialized
INFO - 2024-12-25 01:10:55 --> Loader Class Initialized
INFO - 2024-12-25 01:10:55 --> Helper loaded: url_helper
INFO - 2024-12-25 01:10:55 --> Helper loaded: easyui_helper
INFO - 2024-12-25 01:10:55 --> Helper loaded: param_helper
INFO - 2024-12-25 01:10:55 --> Helper loaded: credential_helper
INFO - 2024-12-25 01:10:55 --> Helper loaded: template_helper
INFO - 2024-12-25 01:10:55 --> Helper loaded: rest_helper
INFO - 2024-12-25 01:10:55 --> Database Driver Class Initialized
DEBUG - 2024-12-25 01:10:55 --> Idgenerator class already loaded. Second attempt ignored.
INFO - 2024-12-25 01:10:55 --> Controller Class Initialized
INFO - 2024-12-25 01:10:55 --> Model Class Initialized
DEBUG - 2024-12-25 01:10:55 --> File loaded: /apps/web-drc/application/modules/rep_join_visit_outlet/models/Rep_join_visit_outlet_model.php
INFO - 2024-12-25 01:10:55 --> Model Class Initialized
INFO - 2024-12-25 01:10:55 --> Final output sent to browser
DEBUG - 2024-12-25 01:10:55 --> Total execution time: 0.0096
INFO - 2024-12-25 01:11:40 --> Config Class Initialized
INFO - 2024-12-25 01:11:40 --> Hooks Class Initialized
DEBUG - 2024-12-25 01:11:40 --> UTF-8 Support Enabled
INFO - 2024-12-25 01:11:40 --> Utf8 Class Initialized
INFO - 2024-12-25 01:11:40 --> URI Class Initialized
INFO - 2024-12-25 01:11:40 --> Router Class Initialized
INFO - 2024-12-25 01:11:40 --> Output Class Initialized
INFO - 2024-12-25 01:11:40 --> Security Class Initialized
DEBUG - 2024-12-25 01:11:40 --> Global POST, GET and COOKIE data sanitized
INFO - 2024-12-25 01:11:40 --> Input Class Initialized
INFO - 2024-12-25 01:11:40 --> Language Class Initialized
INFO - 2024-12-25 01:11:40 --> Language Class Initialized
INFO - 2024-12-25 01:11:40 --> Config Class Initialized
INFO - 2024-12-25 01:11:40 --> Loader Class Initialized
INFO - 2024-12-25 01:11:40 --> Helper loaded: url_helper
INFO - 2024-12-25 01:11:40 --> Helper loaded: easyui_helper
INFO - 2024-12-25 01:11:40 --> Helper loaded: param_helper
INFO - 2024-12-25 01:11:40 --> Helper loaded: credential_helper
INFO - 2024-12-25 01:11:40 --> Helper loaded: template_helper
INFO - 2024-12-25 01:11:40 --> Helper loaded: rest_helper
INFO - 2024-12-25 01:11:40 --> Database Driver Class Initialized
DEBUG - 2024-12-25 01:11:40 --> Idgenerator class already loaded. Second attempt ignored.
INFO - 2024-12-25 01:11:40 --> Controller Class Initialized
INFO - 2024-12-25 01:11:40 --> Model Class Initialized
DEBUG - 2024-12-25 01:11:40 --> File loaded: /apps/web-drc/application/modules/ref_jabatan/models/Jabatan_model.php
INFO - 2024-12-25 01:11:40 --> Model Class Initialized
DEBUG - 2024-12-25 01:11:40 --> File loaded: /apps/web-drc/application/modules/ref_jabatan/views/content.php
DEBUG - 2024-12-25 01:11:40 --> File loaded: /apps/web-drc/application/views/templates/header.php
DEBUG - 2024-12-25 01:11:40 --> File loaded: /apps/web-drc/application/views/templates/toolbar.php
DEBUG - 2024-12-25 01:11:40 --> File loaded: /apps/web-drc/application/views/templates/sidebar.php
DEBUG - 2024-12-25 01:11:40 --> File loaded: /apps/web-drc/application/views/templates/contents.php
DEBUG - 2024-12-25 01:11:40 --> File loaded: /apps/web-drc/application/views/templates/content_footer.php
DEBUG - 2024-12-25 01:11:40 --> File loaded: /apps/web-drc/application/views/templates/footer.php
DEBUG - 2024-12-25 01:11:40 --> File loaded: /apps/web-drc/application/views/templates/default.php
INFO - 2024-12-25 01:11:40 --> Final output sent to browser
DEBUG - 2024-12-25 01:11:40 --> Total execution time: 0.0108
INFO - 2024-12-25 01:11:42 --> Config Class Initialized
INFO - 2024-12-25 01:11:42 --> Hooks Class Initialized
DEBUG - 2024-12-25 01:11:42 --> UTF-8 Support Enabled
INFO - 2024-12-25 01:11:42 --> Utf8 Class Initialized
INFO - 2024-12-25 01:11:42 --> URI Class Initialized
INFO - 2024-12-25 01:11:42 --> Router Class Initialized
INFO - 2024-12-25 01:11:42 --> Output Class Initialized
INFO - 2024-12-25 01:11:42 --> Security Class Initialized
DEBUG - 2024-12-25 01:11:42 --> Global POST, GET and COOKIE data sanitized
INFO - 2024-12-25 01:11:42 --> Input Class Initialized
INFO - 2024-12-25 01:11:42 --> Language Class Initialized
INFO - 2024-12-25 01:11:42 --> Language Class Initialized
INFO - 2024-12-25 01:11:42 --> Config Class Initialized
INFO - 2024-12-25 01:11:42 --> Loader Class Initialized
INFO - 2024-12-25 01:11:42 --> Helper loaded: url_helper
INFO - 2024-12-25 01:11:42 --> Helper loaded: easyui_helper
INFO - 2024-12-25 01:11:42 --> Helper loaded: param_helper
INFO - 2024-12-25 01:11:42 --> Helper loaded: credential_helper
INFO - 2024-12-25 01:11:42 --> Helper loaded: template_helper
INFO - 2024-12-25 01:11:42 --> Helper loaded: rest_helper
INFO - 2024-12-25 01:11:42 --> Database Driver Class Initialized
DEBUG - 2024-12-25 01:11:42 --> Idgenerator class already loaded. Second attempt ignored.
INFO - 2024-12-25 01:11:42 --> Controller Class Initialized
INFO - 2024-12-25 01:11:42 --> Model Class Initialized
DEBUG - 2024-12-25 01:11:42 --> File loaded: /apps/web-drc/application/modules/ref_jabatan/models/Jabatan_model.php
INFO - 2024-12-25 01:11:42 --> Model Class Initialized
INFO - 2024-12-25 01:11:42 --> Final output sent to browser
DEBUG - 2024-12-25 01:11:42 --> Total execution time: 0.0048
INFO - 2024-12-25 01:11:44 --> Config Class Initialized
INFO - 2024-12-25 01:11:44 --> Hooks Class Initialized
DEBUG - 2024-12-25 01:11:44 --> UTF-8 Support Enabled
INFO - 2024-12-25 01:11:44 --> Utf8 Class Initialized
INFO - 2024-12-25 01:11:44 --> URI Class Initialized
INFO - 2024-12-25 01:11:44 --> Router Class Initialized
INFO - 2024-12-25 01:11:44 --> Output Class Initialized
INFO - 2024-12-25 01:11:44 --> Security Class Initialized
DEBUG - 2024-12-25 01:11:44 --> Global POST, GET and COOKIE data sanitized
INFO - 2024-12-25 01:11:44 --> Input Class Initialized
INFO - 2024-12-25 01:11:44 --> Language Class Initialized
INFO - 2024-12-25 01:11:44 --> Language Class Initialized
INFO - 2024-12-25 01:11:44 --> Config Class Initialized
INFO - 2024-12-25 01:11:44 --> Loader Class Initialized
INFO - 2024-12-25 01:11:44 --> Helper loaded: url_helper
INFO - 2024-12-25 01:11:44 --> Helper loaded: easyui_helper
INFO - 2024-12-25 01:11:44 --> Helper loaded: param_helper
INFO - 2024-12-25 01:11:44 --> Helper loaded: credential_helper
INFO - 2024-12-25 01:11:44 --> Helper loaded: template_helper
INFO - 2024-12-25 01:11:44 --> Helper loaded: rest_helper
INFO - 2024-12-25 01:11:44 --> Database Driver Class Initialized
DEBUG - 2024-12-25 01:11:44 --> Idgenerator class already loaded. Second attempt ignored.
INFO - 2024-12-25 01:11:44 --> Controller Class Initialized
INFO - 2024-12-25 01:11:44 --> Model Class Initialized
DEBUG - 2024-12-25 01:11:44 --> File loaded: /apps/web-drc/application/modules/ref_jabatan/models/Jabatan_model.php
INFO - 2024-12-25 01:11:44 --> Model Class Initialized
DEBUG - 2024-12-25 01:11:44 --> File loaded: /apps/web-drc/application/modules/ref_jabatan/views/form.php
DEBUG - 2024-12-25 01:11:44 --> File loaded: /apps/web-drc/application/views/templates/header.php
DEBUG - 2024-12-25 01:11:44 --> File loaded: /apps/web-drc/application/views/templates/toolbar.php
DEBUG - 2024-12-25 01:11:44 --> File loaded: /apps/web-drc/application/views/templates/sidebar.php
DEBUG - 2024-12-25 01:11:44 --> File loaded: /apps/web-drc/application/views/templates/contents.php
DEBUG - 2024-12-25 01:11:44 --> File loaded: /apps/web-drc/application/views/templates/content_footer.php
DEBUG - 2024-12-25 01:11:44 --> File loaded: /apps/web-drc/application/views/templates/footer.php
DEBUG - 2024-12-25 01:11:44 --> File loaded: /apps/web-drc/application/views/templates/default.php
INFO - 2024-12-25 01:11:44 --> Final output sent to browser
DEBUG - 2024-12-25 01:11:44 --> Total execution time: 0.0071
INFO - 2024-12-25 01:11:44 --> Config Class Initialized
INFO - 2024-12-25 01:11:44 --> Hooks Class Initialized
DEBUG - 2024-12-25 01:11:44 --> UTF-8 Support Enabled
INFO - 2024-12-25 01:11:44 --> Utf8 Class Initialized
INFO - 2024-12-25 01:11:44 --> URI Class Initialized
INFO - 2024-12-25 01:11:44 --> Router Class Initialized
INFO - 2024-12-25 01:11:44 --> Output Class Initialized
INFO - 2024-12-25 01:11:44 --> Security Class Initialized
DEBUG - 2024-12-25 01:11:44 --> Global POST, GET and COOKIE data sanitized
INFO - 2024-12-25 01:11:44 --> Input Class Initialized
INFO - 2024-12-25 01:11:44 --> Language Class Initialized
INFO - 2024-12-25 01:11:44 --> Language Class Initialized
INFO - 2024-12-25 01:11:44 --> Config Class Initialized
INFO - 2024-12-25 01:11:44 --> Loader Class Initialized
INFO - 2024-12-25 01:11:44 --> Helper loaded: url_helper
INFO - 2024-12-25 01:11:44 --> Helper loaded: easyui_helper
INFO - 2024-12-25 01:11:44 --> Helper loaded: param_helper
INFO - 2024-12-25 01:11:44 --> Helper loaded: credential_helper
INFO - 2024-12-25 01:11:44 --> Helper loaded: template_helper
INFO - 2024-12-25 01:11:44 --> Helper loaded: rest_helper
INFO - 2024-12-25 01:11:44 --> Database Driver Class Initialized
DEBUG - 2024-12-25 01:11:44 --> Idgenerator class already loaded. Second attempt ignored.
INFO - 2024-12-25 01:11:44 --> Controller Class Initialized
INFO - 2024-12-25 01:11:44 --> Model Class Initialized
DEBUG - 2024-12-25 01:11:44 --> File loaded: /apps/web-drc/application/modules/ref_customer_segment/models/Customer_segment_model.php
INFO - 2024-12-25 01:11:44 --> Model Class Initialized
INFO - 2024-12-25 01:11:44 --> Final output sent to browser
DEBUG - 2024-12-25 01:11:44 --> Total execution time: 0.0034
INFO - 2024-12-25 01:11:44 --> Config Class Initialized
INFO - 2024-12-25 01:11:44 --> Hooks Class Initialized
DEBUG - 2024-12-25 01:11:44 --> UTF-8 Support Enabled
INFO - 2024-12-25 01:11:44 --> Utf8 Class Initialized
INFO - 2024-12-25 01:11:44 --> URI Class Initialized
INFO - 2024-12-25 01:11:44 --> Router Class Initialized
INFO - 2024-12-25 01:11:44 --> Output Class Initialized
INFO - 2024-12-25 01:11:44 --> Security Class Initialized
DEBUG - 2024-12-25 01:11:44 --> Global POST, GET and COOKIE data sanitized
INFO - 2024-12-25 01:11:44 --> Input Class Initialized
INFO - 2024-12-25 01:11:44 --> Language Class Initialized
INFO - 2024-12-25 01:11:44 --> Language Class Initialized
INFO - 2024-12-25 01:11:44 --> Config Class Initialized
INFO - 2024-12-25 01:11:44 --> Loader Class Initialized
INFO - 2024-12-25 01:11:44 --> Helper loaded: url_helper
INFO - 2024-12-25 01:11:44 --> Helper loaded: easyui_helper
INFO - 2024-12-25 01:11:44 --> Helper loaded: param_helper
INFO - 2024-12-25 01:11:44 --> Helper loaded: credential_helper
INFO - 2024-12-25 01:11:44 --> Helper loaded: template_helper
INFO - 2024-12-25 01:11:44 --> Helper loaded: rest_helper
INFO - 2024-12-25 01:11:44 --> Database Driver Class Initialized
DEBUG - 2024-12-25 01:11:44 --> Idgenerator class already loaded. Second attempt ignored.
INFO - 2024-12-25 01:11:44 --> Controller Class Initialized
INFO - 2024-12-25 01:11:44 --> Model Class Initialized
DEBUG - 2024-12-25 01:11:44 --> File loaded: /apps/web-drc/application/modules/api_v1/models/Api_v1_model.php
INFO - 2024-12-25 01:11:44 --> Model Class Initialized
INFO - 2024-12-25 01:11:44 --> Final output sent to browser
DEBUG - 2024-12-25 01:11:44 --> Total execution time: 0.0036
INFO - 2024-12-25 01:11:49 --> Config Class Initialized
INFO - 2024-12-25 01:11:49 --> Hooks Class Initialized
DEBUG - 2024-12-25 01:11:49 --> UTF-8 Support Enabled
INFO - 2024-12-25 01:11:49 --> Utf8 Class Initialized
INFO - 2024-12-25 01:11:49 --> URI Class Initialized
INFO - 2024-12-25 01:11:49 --> Router Class Initialized
INFO - 2024-12-25 01:11:49 --> Output Class Initialized
INFO - 2024-12-25 01:11:49 --> Security Class Initialized
DEBUG - 2024-12-25 01:11:49 --> Global POST, GET and COOKIE data sanitized
INFO - 2024-12-25 01:11:49 --> Input Class Initialized
INFO - 2024-12-25 01:11:49 --> Language Class Initialized
INFO - 2024-12-25 01:11:49 --> Language Class Initialized
INFO - 2024-12-25 01:11:49 --> Config Class Initialized
INFO - 2024-12-25 01:11:49 --> Loader Class Initialized
INFO - 2024-12-25 01:11:49 --> Helper loaded: url_helper
INFO - 2024-12-25 01:11:49 --> Helper loaded: easyui_helper
INFO - 2024-12-25 01:11:49 --> Helper loaded: param_helper
INFO - 2024-12-25 01:11:49 --> Helper loaded: credential_helper
INFO - 2024-12-25 01:11:49 --> Helper loaded: template_helper
INFO - 2024-12-25 01:11:49 --> Helper loaded: rest_helper
INFO - 2024-12-25 01:11:49 --> Database Driver Class Initialized
DEBUG - 2024-12-25 01:11:49 --> Idgenerator class already loaded. Second attempt ignored.
INFO - 2024-12-25 01:11:49 --> Controller Class Initialized
INFO - 2024-12-25 01:11:49 --> Model Class Initialized
DEBUG - 2024-12-25 01:11:49 --> File loaded: /apps/web-drc/application/modules/ref_jabatan/models/Jabatan_model.php
INFO - 2024-12-25 01:11:49 --> Model Class Initialized
DEBUG - 2024-12-25 01:11:49 --> File loaded: /apps/web-drc/application/modules/ref_jabatan/views/content.php
DEBUG - 2024-12-25 01:11:49 --> File loaded: /apps/web-drc/application/views/templates/header.php
DEBUG - 2024-12-25 01:11:49 --> File loaded: /apps/web-drc/application/views/templates/toolbar.php
DEBUG - 2024-12-25 01:11:49 --> File loaded: /apps/web-drc/application/views/templates/sidebar.php
DEBUG - 2024-12-25 01:11:49 --> File loaded: /apps/web-drc/application/views/templates/contents.php
DEBUG - 2024-12-25 01:11:49 --> File loaded: /apps/web-drc/application/views/templates/content_footer.php
DEBUG - 2024-12-25 01:11:49 --> File loaded: /apps/web-drc/application/views/templates/footer.php
DEBUG - 2024-12-25 01:11:49 --> File loaded: /apps/web-drc/application/views/templates/default.php
INFO - 2024-12-25 01:11:49 --> Final output sent to browser
DEBUG - 2024-12-25 01:11:49 --> Total execution time: 0.0099
INFO - 2024-12-25 01:11:49 --> Config Class Initialized
INFO - 2024-12-25 01:11:49 --> Hooks Class Initialized
DEBUG - 2024-12-25 01:11:49 --> UTF-8 Support Enabled
INFO - 2024-12-25 01:11:49 --> Utf8 Class Initialized
INFO - 2024-12-25 01:11:49 --> URI Class Initialized
INFO - 2024-12-25 01:11:49 --> Router Class Initialized
INFO - 2024-12-25 01:11:49 --> Output Class Initialized
INFO - 2024-12-25 01:11:49 --> Security Class Initialized
DEBUG - 2024-12-25 01:11:49 --> Global POST, GET and COOKIE data sanitized
INFO - 2024-12-25 01:11:49 --> Input Class Initialized
INFO - 2024-12-25 01:11:49 --> Language Class Initialized
INFO - 2024-12-25 01:11:49 --> Language Class Initialized
INFO - 2024-12-25 01:11:49 --> Config Class Initialized
INFO - 2024-12-25 01:11:49 --> Loader Class Initialized
INFO - 2024-12-25 01:11:49 --> Helper loaded: url_helper
INFO - 2024-12-25 01:11:49 --> Helper loaded: easyui_helper
INFO - 2024-12-25 01:11:49 --> Helper loaded: param_helper
INFO - 2024-12-25 01:11:49 --> Helper loaded: credential_helper
INFO - 2024-12-25 01:11:49 --> Helper loaded: template_helper
INFO - 2024-12-25 01:11:49 --> Helper loaded: rest_helper
INFO - 2024-12-25 01:11:49 --> Database Driver Class Initialized
DEBUG - 2024-12-25 01:11:49 --> Idgenerator class already loaded. Second attempt ignored.
INFO - 2024-12-25 01:11:49 --> Controller Class Initialized
INFO - 2024-12-25 01:11:49 --> Model Class Initialized
DEBUG - 2024-12-25 01:11:49 --> File loaded: /apps/web-drc/application/modules/ref_jabatan/models/Jabatan_model.php
INFO - 2024-12-25 01:11:49 --> Model Class Initialized
INFO - 2024-12-25 01:11:49 --> Final output sent to browser
DEBUG - 2024-12-25 01:11:49 --> Total execution time: 0.0033
INFO - 2024-12-25 01:11:53 --> Config Class Initialized
INFO - 2024-12-25 01:11:53 --> Hooks Class Initialized
DEBUG - 2024-12-25 01:11:53 --> UTF-8 Support Enabled
INFO - 2024-12-25 01:11:53 --> Utf8 Class Initialized
INFO - 2024-12-25 01:11:53 --> URI Class Initialized
INFO - 2024-12-25 01:11:53 --> Router Class Initialized
INFO - 2024-12-25 01:11:53 --> Output Class Initialized
INFO - 2024-12-25 01:11:53 --> Security Class Initialized
DEBUG - 2024-12-25 01:11:53 --> Global POST, GET and COOKIE data sanitized
INFO - 2024-12-25 01:11:53 --> Input Class Initialized
INFO - 2024-12-25 01:11:53 --> Language Class Initialized
INFO - 2024-12-25 01:11:53 --> Language Class Initialized
INFO - 2024-12-25 01:11:53 --> Config Class Initialized
INFO - 2024-12-25 01:11:53 --> Loader Class Initialized
INFO - 2024-12-25 01:11:53 --> Helper loaded: url_helper
INFO - 2024-12-25 01:11:53 --> Helper loaded: easyui_helper
INFO - 2024-12-25 01:11:53 --> Helper loaded: param_helper
INFO - 2024-12-25 01:11:53 --> Helper loaded: credential_helper
INFO - 2024-12-25 01:11:53 --> Helper loaded: template_helper
INFO - 2024-12-25 01:11:53 --> Helper loaded: rest_helper
INFO - 2024-12-25 01:11:53 --> Database Driver Class Initialized
DEBUG - 2024-12-25 01:11:53 --> Idgenerator class already loaded. Second attempt ignored.
INFO - 2024-12-25 01:11:53 --> Controller Class Initialized
INFO - 2024-12-25 01:11:53 --> Model Class Initialized
DEBUG - 2024-12-25 01:11:53 --> File loaded: /apps/web-drc/application/modules/ref_jabatan/models/Jabatan_model.php
INFO - 2024-12-25 01:11:53 --> Model Class Initialized
DEBUG - 2024-12-25 01:11:53 --> File loaded: /apps/web-drc/application/modules/ref_jabatan/views/form.php
DEBUG - 2024-12-25 01:11:53 --> File loaded: /apps/web-drc/application/views/templates/header.php
DEBUG - 2024-12-25 01:11:53 --> File loaded: /apps/web-drc/application/views/templates/toolbar.php
DEBUG - 2024-12-25 01:11:53 --> File loaded: /apps/web-drc/application/views/templates/sidebar.php
DEBUG - 2024-12-25 01:11:53 --> File loaded: /apps/web-drc/application/views/templates/contents.php
DEBUG - 2024-12-25 01:11:53 --> File loaded: /apps/web-drc/application/views/templates/content_footer.php
DEBUG - 2024-12-25 01:11:53 --> File loaded: /apps/web-drc/application/views/templates/footer.php
DEBUG - 2024-12-25 01:11:53 --> File loaded: /apps/web-drc/application/views/templates/default.php
INFO - 2024-12-25 01:11:53 --> Final output sent to browser
DEBUG - 2024-12-25 01:11:53 --> Total execution time: 0.0057
INFO - 2024-12-25 01:11:54 --> Config Class Initialized
INFO - 2024-12-25 01:11:54 --> Hooks Class Initialized
DEBUG - 2024-12-25 01:11:54 --> UTF-8 Support Enabled
INFO - 2024-12-25 01:11:54 --> Utf8 Class Initialized
INFO - 2024-12-25 01:11:54 --> URI Class Initialized
INFO - 2024-12-25 01:11:54 --> Router Class Initialized
INFO - 2024-12-25 01:11:54 --> Output Class Initialized
INFO - 2024-12-25 01:11:54 --> Security Class Initialized
DEBUG - 2024-12-25 01:11:54 --> Global POST, GET and COOKIE data sanitized
INFO - 2024-12-25 01:11:54 --> Input Class Initialized
INFO - 2024-12-25 01:11:54 --> Language Class Initialized
INFO - 2024-12-25 01:11:54 --> Language Class Initialized
INFO - 2024-12-25 01:11:54 --> Config Class Initialized
INFO - 2024-12-25 01:11:54 --> Loader Class Initialized
INFO - 2024-12-25 01:11:54 --> Helper loaded: url_helper
INFO - 2024-12-25 01:11:54 --> Helper loaded: easyui_helper
INFO - 2024-12-25 01:11:54 --> Helper loaded: param_helper
INFO - 2024-12-25 01:11:54 --> Helper loaded: credential_helper
INFO - 2024-12-25 01:11:54 --> Helper loaded: template_helper
INFO - 2024-12-25 01:11:54 --> Helper loaded: rest_helper
INFO - 2024-12-25 01:11:54 --> Database Driver Class Initialized
DEBUG - 2024-12-25 01:11:54 --> Idgenerator class already loaded. Second attempt ignored.
INFO - 2024-12-25 01:11:54 --> Controller Class Initialized
INFO - 2024-12-25 01:11:54 --> Model Class Initialized
DEBUG - 2024-12-25 01:11:54 --> File loaded: /apps/web-drc/application/modules/api_v1/models/Api_v1_model.php
INFO - 2024-12-25 01:11:54 --> Model Class Initialized
INFO - 2024-12-25 01:11:54 --> Final output sent to browser
DEBUG - 2024-12-25 01:11:54 --> Total execution time: 0.0029
INFO - 2024-12-25 01:11:54 --> Config Class Initialized
INFO - 2024-12-25 01:11:54 --> Hooks Class Initialized
DEBUG - 2024-12-25 01:11:54 --> UTF-8 Support Enabled
INFO - 2024-12-25 01:11:54 --> Utf8 Class Initialized
INFO - 2024-12-25 01:11:54 --> URI Class Initialized
INFO - 2024-12-25 01:11:54 --> Router Class Initialized
INFO - 2024-12-25 01:11:54 --> Output Class Initialized
INFO - 2024-12-25 01:11:54 --> Security Class Initialized
DEBUG - 2024-12-25 01:11:54 --> Global POST, GET and COOKIE data sanitized
INFO - 2024-12-25 01:11:54 --> Input Class Initialized
INFO - 2024-12-25 01:11:54 --> Language Class Initialized
INFO - 2024-12-25 01:11:54 --> Language Class Initialized
INFO - 2024-12-25 01:11:54 --> Config Class Initialized
INFO - 2024-12-25 01:11:54 --> Loader Class Initialized
INFO - 2024-12-25 01:11:54 --> Helper loaded: url_helper
INFO - 2024-12-25 01:11:54 --> Helper loaded: easyui_helper
INFO - 2024-12-25 01:11:54 --> Helper loaded: param_helper
INFO - 2024-12-25 01:11:54 --> Helper loaded: credential_helper
INFO - 2024-12-25 01:11:54 --> Helper loaded: template_helper
INFO - 2024-12-25 01:11:54 --> Helper loaded: rest_helper
INFO - 2024-12-25 01:11:54 --> Database Driver Class Initialized
DEBUG - 2024-12-25 01:11:54 --> Idgenerator class already loaded. Second attempt ignored.
INFO - 2024-12-25 01:11:54 --> Controller Class Initialized
INFO - 2024-12-25 01:11:54 --> Model Class Initialized
DEBUG - 2024-12-25 01:11:54 --> File loaded: /apps/web-drc/application/modules/ref_customer_segment/models/Customer_segment_model.php
INFO - 2024-12-25 01:11:54 --> Model Class Initialized
INFO - 2024-12-25 01:11:54 --> Final output sent to browser
DEBUG - 2024-12-25 01:11:54 --> Total execution time: 0.0036
INFO - 2024-12-25 01:11:55 --> Config Class Initialized
INFO - 2024-12-25 01:11:55 --> Hooks Class Initialized
DEBUG - 2024-12-25 01:11:55 --> UTF-8 Support Enabled
INFO - 2024-12-25 01:11:55 --> Utf8 Class Initialized
INFO - 2024-12-25 01:11:55 --> URI Class Initialized
INFO - 2024-12-25 01:11:55 --> Router Class Initialized
INFO - 2024-12-25 01:11:55 --> Output Class Initialized
INFO - 2024-12-25 01:11:55 --> Security Class Initialized
DEBUG - 2024-12-25 01:11:55 --> Global POST, GET and COOKIE data sanitized
INFO - 2024-12-25 01:11:55 --> Input Class Initialized
INFO - 2024-12-25 01:11:55 --> Language Class Initialized
INFO - 2024-12-25 01:11:55 --> Language Class Initialized
INFO - 2024-12-25 01:11:55 --> Config Class Initialized
INFO - 2024-12-25 01:11:55 --> Loader Class Initialized
INFO - 2024-12-25 01:11:55 --> Helper loaded: url_helper
INFO - 2024-12-25 01:11:55 --> Helper loaded: easyui_helper
INFO - 2024-12-25 01:11:55 --> Helper loaded: param_helper
INFO - 2024-12-25 01:11:55 --> Helper loaded: credential_helper
INFO - 2024-12-25 01:11:55 --> Helper loaded: template_helper
INFO - 2024-12-25 01:11:55 --> Helper loaded: rest_helper
INFO - 2024-12-25 01:11:55 --> Database Driver Class Initialized
DEBUG - 2024-12-25 01:11:55 --> Idgenerator class already loaded. Second attempt ignored.
INFO - 2024-12-25 01:11:55 --> Controller Class Initialized
INFO - 2024-12-25 01:11:55 --> Model Class Initialized
DEBUG - 2024-12-25 01:11:55 --> File loaded: /apps/web-drc/application/modules/ref_jabatan/models/Jabatan_model.php
INFO - 2024-12-25 01:11:55 --> Model Class Initialized
DEBUG - 2024-12-25 01:11:55 --> File loaded: /apps/web-drc/application/modules/ref_jabatan/views/content.php
DEBUG - 2024-12-25 01:11:55 --> File loaded: /apps/web-drc/application/views/templates/header.php
DEBUG - 2024-12-25 01:11:55 --> File loaded: /apps/web-drc/application/views/templates/toolbar.php
DEBUG - 2024-12-25 01:11:55 --> File loaded: /apps/web-drc/application/views/templates/sidebar.php
DEBUG - 2024-12-25 01:11:55 --> File loaded: /apps/web-drc/application/views/templates/contents.php
DEBUG - 2024-12-25 01:11:55 --> File loaded: /apps/web-drc/application/views/templates/content_footer.php
DEBUG - 2024-12-25 01:11:55 --> File loaded: /apps/web-drc/application/views/templates/footer.php
DEBUG - 2024-12-25 01:11:55 --> File loaded: /apps/web-drc/application/views/templates/default.php
INFO - 2024-12-25 01:11:55 --> Final output sent to browser
DEBUG - 2024-12-25 01:11:55 --> Total execution time: 0.0053
INFO - 2024-12-25 01:11:55 --> Config Class Initialized
INFO - 2024-12-25 01:11:55 --> Hooks Class Initialized
DEBUG - 2024-12-25 01:11:55 --> UTF-8 Support Enabled
INFO - 2024-12-25 01:11:55 --> Utf8 Class Initialized
INFO - 2024-12-25 01:11:55 --> URI Class Initialized
INFO - 2024-12-25 01:11:55 --> Router Class Initialized
INFO - 2024-12-25 01:11:55 --> Output Class Initialized
INFO - 2024-12-25 01:11:55 --> Security Class Initialized
DEBUG - 2024-12-25 01:11:55 --> Global POST, GET and COOKIE data sanitized
INFO - 2024-12-25 01:11:55 --> Input Class Initialized
INFO - 2024-12-25 01:11:55 --> Language Class Initialized
INFO - 2024-12-25 01:11:55 --> Language Class Initialized
INFO - 2024-12-25 01:11:55 --> Config Class Initialized
INFO - 2024-12-25 01:11:55 --> Loader Class Initialized
INFO - 2024-12-25 01:11:55 --> Helper loaded: url_helper
INFO - 2024-12-25 01:11:55 --> Helper loaded: easyui_helper
INFO - 2024-12-25 01:11:55 --> Helper loaded: param_helper
INFO - 2024-12-25 01:11:55 --> Helper loaded: credential_helper
INFO - 2024-12-25 01:11:55 --> Helper loaded: template_helper
INFO - 2024-12-25 01:11:55 --> Helper loaded: rest_helper
INFO - 2024-12-25 01:11:55 --> Database Driver Class Initialized
DEBUG - 2024-12-25 01:11:55 --> Idgenerator class already loaded. Second attempt ignored.
INFO - 2024-12-25 01:11:55 --> Controller Class Initialized
INFO - 2024-12-25 01:11:55 --> Model Class Initialized
DEBUG - 2024-12-25 01:11:55 --> File loaded: /apps/web-drc/application/modules/ref_jabatan/models/Jabatan_model.php
INFO - 2024-12-25 01:11:55 --> Model Class Initialized
INFO - 2024-12-25 01:11:55 --> Final output sent to browser
DEBUG - 2024-12-25 01:11:55 --> Total execution time: 0.0033
INFO - 2024-12-25 01:12:00 --> Config Class Initialized
INFO - 2024-12-25 01:12:00 --> Hooks Class Initialized
DEBUG - 2024-12-25 01:12:00 --> UTF-8 Support Enabled
INFO - 2024-12-25 01:12:00 --> Utf8 Class Initialized
INFO - 2024-12-25 01:12:00 --> URI Class Initialized
INFO - 2024-12-25 01:12:00 --> Router Class Initialized
INFO - 2024-12-25 01:12:00 --> Output Class Initialized
INFO - 2024-12-25 01:12:00 --> Security Class Initialized
DEBUG - 2024-12-25 01:12:00 --> Global POST, GET and COOKIE data sanitized
INFO - 2024-12-25 01:12:00 --> Input Class Initialized
INFO - 2024-12-25 01:12:00 --> Language Class Initialized
INFO - 2024-12-25 01:12:00 --> Language Class Initialized
INFO - 2024-12-25 01:12:00 --> Config Class Initialized
INFO - 2024-12-25 01:12:00 --> Loader Class Initialized
INFO - 2024-12-25 01:12:00 --> Helper loaded: url_helper
INFO - 2024-12-25 01:12:00 --> Helper loaded: easyui_helper
INFO - 2024-12-25 01:12:00 --> Helper loaded: param_helper
INFO - 2024-12-25 01:12:00 --> Helper loaded: credential_helper
INFO - 2024-12-25 01:12:00 --> Helper loaded: template_helper
INFO - 2024-12-25 01:12:00 --> Helper loaded: rest_helper
INFO - 2024-12-25 01:12:00 --> Database Driver Class Initialized
DEBUG - 2024-12-25 01:12:00 --> Idgenerator class already loaded. Second attempt ignored.
INFO - 2024-12-25 01:12:00 --> Controller Class Initialized
INFO - 2024-12-25 01:12:00 --> Model Class Initialized
DEBUG - 2024-12-25 01:12:00 --> File loaded: /apps/web-drc/application/modules/ref_jabatan/models/Jabatan_model.php
INFO - 2024-12-25 01:12:00 --> Model Class Initialized
DEBUG - 2024-12-25 01:12:00 --> File loaded: /apps/web-drc/application/modules/ref_jabatan/views/form.php
DEBUG - 2024-12-25 01:12:00 --> File loaded: /apps/web-drc/application/views/templates/header.php
DEBUG - 2024-12-25 01:12:00 --> File loaded: /apps/web-drc/application/views/templates/toolbar.php
DEBUG - 2024-12-25 01:12:00 --> File loaded: /apps/web-drc/application/views/templates/sidebar.php
DEBUG - 2024-12-25 01:12:00 --> File loaded: /apps/web-drc/application/views/templates/contents.php
DEBUG - 2024-12-25 01:12:00 --> File loaded: /apps/web-drc/application/views/templates/content_footer.php
DEBUG - 2024-12-25 01:12:00 --> File loaded: /apps/web-drc/application/views/templates/footer.php
DEBUG - 2024-12-25 01:12:00 --> File loaded: /apps/web-drc/application/views/templates/default.php
INFO - 2024-12-25 01:12:00 --> Final output sent to browser
DEBUG - 2024-12-25 01:12:00 --> Total execution time: 0.0075
INFO - 2024-12-25 01:12:00 --> Config Class Initialized
INFO - 2024-12-25 01:12:00 --> Hooks Class Initialized
DEBUG - 2024-12-25 01:12:00 --> UTF-8 Support Enabled
INFO - 2024-12-25 01:12:00 --> Utf8 Class Initialized
INFO - 2024-12-25 01:12:00 --> URI Class Initialized
INFO - 2024-12-25 01:12:00 --> Router Class Initialized
INFO - 2024-12-25 01:12:00 --> Output Class Initialized
INFO - 2024-12-25 01:12:00 --> Security Class Initialized
DEBUG - 2024-12-25 01:12:00 --> Global POST, GET and COOKIE data sanitized
INFO - 2024-12-25 01:12:00 --> Input Class Initialized
INFO - 2024-12-25 01:12:00 --> Language Class Initialized
INFO - 2024-12-25 01:12:00 --> Language Class Initialized
INFO - 2024-12-25 01:12:00 --> Config Class Initialized
INFO - 2024-12-25 01:12:00 --> Loader Class Initialized
INFO - 2024-12-25 01:12:00 --> Helper loaded: url_helper
INFO - 2024-12-25 01:12:00 --> Helper loaded: easyui_helper
INFO - 2024-12-25 01:12:00 --> Helper loaded: param_helper
INFO - 2024-12-25 01:12:00 --> Helper loaded: credential_helper
INFO - 2024-12-25 01:12:00 --> Helper loaded: template_helper
INFO - 2024-12-25 01:12:00 --> Helper loaded: rest_helper
INFO - 2024-12-25 01:12:00 --> Database Driver Class Initialized
DEBUG - 2024-12-25 01:12:00 --> Idgenerator class already loaded. Second attempt ignored.
INFO - 2024-12-25 01:12:00 --> Controller Class Initialized
INFO - 2024-12-25 01:12:00 --> Model Class Initialized
DEBUG - 2024-12-25 01:12:00 --> File loaded: /apps/web-drc/application/modules/ref_customer_segment/models/Customer_segment_model.php
INFO - 2024-12-25 01:12:00 --> Model Class Initialized
INFO - 2024-12-25 01:12:00 --> Final output sent to browser
DEBUG - 2024-12-25 01:12:00 --> Total execution time: 0.0034
INFO - 2024-12-25 01:12:00 --> Config Class Initialized
INFO - 2024-12-25 01:12:00 --> Hooks Class Initialized
DEBUG - 2024-12-25 01:12:00 --> UTF-8 Support Enabled
INFO - 2024-12-25 01:12:00 --> Utf8 Class Initialized
INFO - 2024-12-25 01:12:00 --> URI Class Initialized
INFO - 2024-12-25 01:12:00 --> Router Class Initialized
INFO - 2024-12-25 01:12:00 --> Output Class Initialized
INFO - 2024-12-25 01:12:00 --> Security Class Initialized
DEBUG - 2024-12-25 01:12:00 --> Global POST, GET and COOKIE data sanitized
INFO - 2024-12-25 01:12:00 --> Input Class Initialized
INFO - 2024-12-25 01:12:00 --> Language Class Initialized
INFO - 2024-12-25 01:12:00 --> Language Class Initialized
INFO - 2024-12-25 01:12:00 --> Config Class Initialized
INFO - 2024-12-25 01:12:00 --> Loader Class Initialized
INFO - 2024-12-25 01:12:00 --> Helper loaded: url_helper
INFO - 2024-12-25 01:12:00 --> Helper loaded: easyui_helper
INFO - 2024-12-25 01:12:00 --> Helper loaded: param_helper
INFO - 2024-12-25 01:12:00 --> Helper loaded: credential_helper
INFO - 2024-12-25 01:12:00 --> Helper loaded: template_helper
INFO - 2024-12-25 01:12:00 --> Helper loaded: rest_helper
INFO - 2024-12-25 01:12:00 --> Database Driver Class Initialized
DEBUG - 2024-12-25 01:12:00 --> Idgenerator class already loaded. Second attempt ignored.
INFO - 2024-12-25 01:12:00 --> Controller Class Initialized
INFO - 2024-12-25 01:12:00 --> Model Class Initialized
DEBUG - 2024-12-25 01:12:00 --> File loaded: /apps/web-drc/application/modules/api_v1/models/Api_v1_model.php
INFO - 2024-12-25 01:12:00 --> Model Class Initialized
INFO - 2024-12-25 01:12:00 --> Final output sent to browser
DEBUG - 2024-12-25 01:12:00 --> Total execution time: 0.0028
INFO - 2024-12-25 01:12:02 --> Config Class Initialized
INFO - 2024-12-25 01:12:02 --> Hooks Class Initialized
DEBUG - 2024-12-25 01:12:02 --> UTF-8 Support Enabled
INFO - 2024-12-25 01:12:02 --> Utf8 Class Initialized
INFO - 2024-12-25 01:12:02 --> URI Class Initialized
INFO - 2024-12-25 01:12:02 --> Router Class Initialized
INFO - 2024-12-25 01:12:02 --> Output Class Initialized
INFO - 2024-12-25 01:12:02 --> Security Class Initialized
DEBUG - 2024-12-25 01:12:02 --> Global POST, GET and COOKIE data sanitized
INFO - 2024-12-25 01:12:02 --> Input Class Initialized
INFO - 2024-12-25 01:12:02 --> Language Class Initialized
INFO - 2024-12-25 01:12:02 --> Language Class Initialized
INFO - 2024-12-25 01:12:02 --> Config Class Initialized
INFO - 2024-12-25 01:12:02 --> Loader Class Initialized
INFO - 2024-12-25 01:12:02 --> Helper loaded: url_helper
INFO - 2024-12-25 01:12:02 --> Helper loaded: easyui_helper
INFO - 2024-12-25 01:12:02 --> Helper loaded: param_helper
INFO - 2024-12-25 01:12:02 --> Helper loaded: credential_helper
INFO - 2024-12-25 01:12:02 --> Helper loaded: template_helper
INFO - 2024-12-25 01:12:02 --> Helper loaded: rest_helper
INFO - 2024-12-25 01:12:02 --> Database Driver Class Initialized
DEBUG - 2024-12-25 01:12:02 --> Idgenerator class already loaded. Second attempt ignored.
INFO - 2024-12-25 01:12:02 --> Controller Class Initialized
INFO - 2024-12-25 01:12:02 --> Model Class Initialized
DEBUG - 2024-12-25 01:12:02 --> File loaded: /apps/web-drc/application/modules/ref_jabatan/models/Jabatan_model.php
INFO - 2024-12-25 01:12:02 --> Model Class Initialized
DEBUG - 2024-12-25 01:12:02 --> File loaded: /apps/web-drc/application/modules/ref_jabatan/views/content.php
DEBUG - 2024-12-25 01:12:02 --> File loaded: /apps/web-drc/application/views/templates/header.php
DEBUG - 2024-12-25 01:12:02 --> File loaded: /apps/web-drc/application/views/templates/toolbar.php
DEBUG - 2024-12-25 01:12:02 --> File loaded: /apps/web-drc/application/views/templates/sidebar.php
DEBUG - 2024-12-25 01:12:02 --> File loaded: /apps/web-drc/application/views/templates/contents.php
DEBUG - 2024-12-25 01:12:02 --> File loaded: /apps/web-drc/application/views/templates/content_footer.php
DEBUG - 2024-12-25 01:12:02 --> File loaded: /apps/web-drc/application/views/templates/footer.php
DEBUG - 2024-12-25 01:12:02 --> File loaded: /apps/web-drc/application/views/templates/default.php
INFO - 2024-12-25 01:12:02 --> Final output sent to browser
DEBUG - 2024-12-25 01:12:02 --> Total execution time: 0.0086
INFO - 2024-12-25 01:12:02 --> Config Class Initialized
INFO - 2024-12-25 01:12:02 --> Hooks Class Initialized
DEBUG - 2024-12-25 01:12:02 --> UTF-8 Support Enabled
INFO - 2024-12-25 01:12:02 --> Utf8 Class Initialized
INFO - 2024-12-25 01:12:02 --> URI Class Initialized
INFO - 2024-12-25 01:12:02 --> Router Class Initialized
INFO - 2024-12-25 01:12:02 --> Output Class Initialized
INFO - 2024-12-25 01:12:02 --> Security Class Initialized
DEBUG - 2024-12-25 01:12:02 --> Global POST, GET and COOKIE data sanitized
INFO - 2024-12-25 01:12:02 --> Input Class Initialized
INFO - 2024-12-25 01:12:02 --> Language Class Initialized
INFO - 2024-12-25 01:12:02 --> Language Class Initialized
INFO - 2024-12-25 01:12:02 --> Config Class Initialized
INFO - 2024-12-25 01:12:02 --> Loader Class Initialized
INFO - 2024-12-25 01:12:02 --> Helper loaded: url_helper
INFO - 2024-12-25 01:12:02 --> Helper loaded: easyui_helper
INFO - 2024-12-25 01:12:02 --> Helper loaded: param_helper
INFO - 2024-12-25 01:12:02 --> Helper loaded: credential_helper
INFO - 2024-12-25 01:12:02 --> Helper loaded: template_helper
INFO - 2024-12-25 01:12:02 --> Helper loaded: rest_helper
INFO - 2024-12-25 01:12:02 --> Database Driver Class Initialized
DEBUG - 2024-12-25 01:12:02 --> Idgenerator class already loaded. Second attempt ignored.
INFO - 2024-12-25 01:12:02 --> Controller Class Initialized
INFO - 2024-12-25 01:12:02 --> Model Class Initialized
DEBUG - 2024-12-25 01:12:02 --> File loaded: /apps/web-drc/application/modules/ref_jabatan/models/Jabatan_model.php
INFO - 2024-12-25 01:12:02 --> Model Class Initialized
INFO - 2024-12-25 01:12:02 --> Final output sent to browser
DEBUG - 2024-12-25 01:12:02 --> Total execution time: 0.0040
INFO - 2024-12-25 01:12:13 --> Config Class Initialized
INFO - 2024-12-25 01:12:13 --> Hooks Class Initialized
DEBUG - 2024-12-25 01:12:13 --> UTF-8 Support Enabled
INFO - 2024-12-25 01:12:13 --> Utf8 Class Initialized
INFO - 2024-12-25 01:12:13 --> URI Class Initialized
INFO - 2024-12-25 01:12:13 --> Router Class Initialized
INFO - 2024-12-25 01:12:13 --> Output Class Initialized
INFO - 2024-12-25 01:12:13 --> Security Class Initialized
DEBUG - 2024-12-25 01:12:13 --> Global POST, GET and COOKIE data sanitized
INFO - 2024-12-25 01:12:13 --> Input Class Initialized
INFO - 2024-12-25 01:12:13 --> Language Class Initialized
INFO - 2024-12-25 01:12:13 --> Language Class Initialized
INFO - 2024-12-25 01:12:13 --> Config Class Initialized
INFO - 2024-12-25 01:12:13 --> Loader Class Initialized
INFO - 2024-12-25 01:12:13 --> Helper loaded: url_helper
INFO - 2024-12-25 01:12:13 --> Helper loaded: easyui_helper
INFO - 2024-12-25 01:12:13 --> Helper loaded: param_helper
INFO - 2024-12-25 01:12:13 --> Helper loaded: credential_helper
INFO - 2024-12-25 01:12:13 --> Helper loaded: template_helper
INFO - 2024-12-25 01:12:13 --> Helper loaded: rest_helper
INFO - 2024-12-25 01:12:13 --> Database Driver Class Initialized
DEBUG - 2024-12-25 01:12:13 --> Idgenerator class already loaded. Second attempt ignored.
INFO - 2024-12-25 01:12:13 --> Controller Class Initialized
INFO - 2024-12-25 01:12:13 --> Model Class Initialized
DEBUG - 2024-12-25 01:12:13 --> File loaded: /apps/web-drc/application/modules/ref_jabatan/models/Jabatan_model.php
INFO - 2024-12-25 01:12:13 --> Model Class Initialized
DEBUG - 2024-12-25 01:12:13 --> File loaded: /apps/web-drc/application/modules/ref_jabatan/views/content.php
DEBUG - 2024-12-25 01:12:13 --> File loaded: /apps/web-drc/application/views/templates/header.php
DEBUG - 2024-12-25 01:12:13 --> File loaded: /apps/web-drc/application/views/templates/toolbar.php
DEBUG - 2024-12-25 01:12:13 --> File loaded: /apps/web-drc/application/views/templates/sidebar.php
DEBUG - 2024-12-25 01:12:13 --> File loaded: /apps/web-drc/application/views/templates/contents.php
DEBUG - 2024-12-25 01:12:13 --> File loaded: /apps/web-drc/application/views/templates/content_footer.php
DEBUG - 2024-12-25 01:12:13 --> File loaded: /apps/web-drc/application/views/templates/footer.php
DEBUG - 2024-12-25 01:12:13 --> File loaded: /apps/web-drc/application/views/templates/default.php
INFO - 2024-12-25 01:12:13 --> Final output sent to browser
DEBUG - 2024-12-25 01:12:13 --> Total execution time: 0.0078
INFO - 2024-12-25 01:12:13 --> Config Class Initialized
INFO - 2024-12-25 01:12:13 --> Hooks Class Initialized
DEBUG - 2024-12-25 01:12:13 --> UTF-8 Support Enabled
INFO - 2024-12-25 01:12:13 --> Utf8 Class Initialized
INFO - 2024-12-25 01:12:13 --> URI Class Initialized
INFO - 2024-12-25 01:12:13 --> Router Class Initialized
INFO - 2024-12-25 01:12:13 --> Output Class Initialized
INFO - 2024-12-25 01:12:13 --> Security Class Initialized
DEBUG - 2024-12-25 01:12:13 --> Global POST, GET and COOKIE data sanitized
INFO - 2024-12-25 01:12:13 --> Input Class Initialized
INFO - 2024-12-25 01:12:13 --> Language Class Initialized
INFO - 2024-12-25 01:12:13 --> Language Class Initialized
INFO - 2024-12-25 01:12:13 --> Config Class Initialized
INFO - 2024-12-25 01:12:13 --> Loader Class Initialized
INFO - 2024-12-25 01:12:13 --> Helper loaded: url_helper
INFO - 2024-12-25 01:12:13 --> Helper loaded: easyui_helper
INFO - 2024-12-25 01:12:13 --> Helper loaded: param_helper
INFO - 2024-12-25 01:12:13 --> Helper loaded: credential_helper
INFO - 2024-12-25 01:12:13 --> Helper loaded: template_helper
INFO - 2024-12-25 01:12:13 --> Helper loaded: rest_helper
INFO - 2024-12-25 01:12:13 --> Database Driver Class Initialized
DEBUG - 2024-12-25 01:12:13 --> Idgenerator class already loaded. Second attempt ignored.
INFO - 2024-12-25 01:12:13 --> Controller Class Initialized
INFO - 2024-12-25 01:12:13 --> Model Class Initialized
DEBUG - 2024-12-25 01:12:13 --> File loaded: /apps/web-drc/application/modules/ref_jabatan/models/Jabatan_model.php
INFO - 2024-12-25 01:12:13 --> Model Class Initialized
INFO - 2024-12-25 01:12:13 --> Final output sent to browser
DEBUG - 2024-12-25 01:12:13 --> Total execution time: 0.0066
INFO - 2024-12-25 01:12:16 --> Config Class Initialized
INFO - 2024-12-25 01:12:16 --> Hooks Class Initialized
DEBUG - 2024-12-25 01:12:16 --> UTF-8 Support Enabled
INFO - 2024-12-25 01:12:16 --> Utf8 Class Initialized
INFO - 2024-12-25 01:12:16 --> URI Class Initialized
INFO - 2024-12-25 01:12:16 --> Router Class Initialized
INFO - 2024-12-25 01:12:16 --> Output Class Initialized
INFO - 2024-12-25 01:12:16 --> Security Class Initialized
DEBUG - 2024-12-25 01:12:16 --> Global POST, GET and COOKIE data sanitized
INFO - 2024-12-25 01:12:16 --> Input Class Initialized
INFO - 2024-12-25 01:12:16 --> Language Class Initialized
INFO - 2024-12-25 01:12:16 --> Language Class Initialized
INFO - 2024-12-25 01:12:16 --> Config Class Initialized
INFO - 2024-12-25 01:12:16 --> Loader Class Initialized
INFO - 2024-12-25 01:12:16 --> Helper loaded: url_helper
INFO - 2024-12-25 01:12:16 --> Helper loaded: easyui_helper
INFO - 2024-12-25 01:12:16 --> Helper loaded: param_helper
INFO - 2024-12-25 01:12:16 --> Helper loaded: credential_helper
INFO - 2024-12-25 01:12:16 --> Helper loaded: template_helper
INFO - 2024-12-25 01:12:16 --> Helper loaded: rest_helper
INFO - 2024-12-25 01:12:16 --> Database Driver Class Initialized
DEBUG - 2024-12-25 01:12:16 --> Idgenerator class already loaded. Second attempt ignored.
INFO - 2024-12-25 01:12:16 --> Controller Class Initialized
INFO - 2024-12-25 01:12:16 --> Model Class Initialized
DEBUG - 2024-12-25 01:12:16 --> File loaded: /apps/web-drc/application/modules/ref_jabatan/models/Jabatan_model.php
INFO - 2024-12-25 01:12:16 --> Model Class Initialized
DEBUG - 2024-12-25 01:12:16 --> File loaded: /apps/web-drc/application/modules/ref_jabatan/views/form.php
DEBUG - 2024-12-25 01:12:16 --> File loaded: /apps/web-drc/application/views/templates/header.php
DEBUG - 2024-12-25 01:12:16 --> File loaded: /apps/web-drc/application/views/templates/toolbar.php
DEBUG - 2024-12-25 01:12:16 --> File loaded: /apps/web-drc/application/views/templates/sidebar.php
DEBUG - 2024-12-25 01:12:16 --> File loaded: /apps/web-drc/application/views/templates/contents.php
DEBUG - 2024-12-25 01:12:16 --> File loaded: /apps/web-drc/application/views/templates/content_footer.php
DEBUG - 2024-12-25 01:12:16 --> File loaded: /apps/web-drc/application/views/templates/footer.php
DEBUG - 2024-12-25 01:12:16 --> File loaded: /apps/web-drc/application/views/templates/default.php
INFO - 2024-12-25 01:12:16 --> Final output sent to browser
DEBUG - 2024-12-25 01:12:16 --> Total execution time: 0.0059
INFO - 2024-12-25 01:12:17 --> Config Class Initialized
INFO - 2024-12-25 01:12:17 --> Hooks Class Initialized
DEBUG - 2024-12-25 01:12:17 --> UTF-8 Support Enabled
INFO - 2024-12-25 01:12:17 --> Utf8 Class Initialized
INFO - 2024-12-25 01:12:17 --> URI Class Initialized
INFO - 2024-12-25 01:12:17 --> Router Class Initialized
INFO - 2024-12-25 01:12:17 --> Output Class Initialized
INFO - 2024-12-25 01:12:17 --> Security Class Initialized
DEBUG - 2024-12-25 01:12:17 --> Global POST, GET and COOKIE data sanitized
INFO - 2024-12-25 01:12:17 --> Input Class Initialized
INFO - 2024-12-25 01:12:17 --> Language Class Initialized
INFO - 2024-12-25 01:12:17 --> Language Class Initialized
INFO - 2024-12-25 01:12:17 --> Config Class Initialized
INFO - 2024-12-25 01:12:17 --> Loader Class Initialized
INFO - 2024-12-25 01:12:17 --> Helper loaded: url_helper
INFO - 2024-12-25 01:12:17 --> Helper loaded: easyui_helper
INFO - 2024-12-25 01:12:17 --> Helper loaded: param_helper
INFO - 2024-12-25 01:12:17 --> Helper loaded: credential_helper
INFO - 2024-12-25 01:12:17 --> Helper loaded: template_helper
INFO - 2024-12-25 01:12:17 --> Helper loaded: rest_helper
INFO - 2024-12-25 01:12:17 --> Database Driver Class Initialized
DEBUG - 2024-12-25 01:12:17 --> Idgenerator class already loaded. Second attempt ignored.
INFO - 2024-12-25 01:12:17 --> Controller Class Initialized
INFO - 2024-12-25 01:12:17 --> Model Class Initialized
DEBUG - 2024-12-25 01:12:17 --> File loaded: /apps/web-drc/application/modules/ref_customer_segment/models/Customer_segment_model.php
INFO - 2024-12-25 01:12:17 --> Model Class Initialized
INFO - 2024-12-25 01:12:17 --> Final output sent to browser
DEBUG - 2024-12-25 01:12:17 --> Total execution time: 0.0035
INFO - 2024-12-25 01:12:17 --> Config Class Initialized
INFO - 2024-12-25 01:12:17 --> Hooks Class Initialized
DEBUG - 2024-12-25 01:12:17 --> UTF-8 Support Enabled
INFO - 2024-12-25 01:12:17 --> Utf8 Class Initialized
INFO - 2024-12-25 01:12:17 --> URI Class Initialized
INFO - 2024-12-25 01:12:17 --> Router Class Initialized
INFO - 2024-12-25 01:12:17 --> Output Class Initialized
INFO - 2024-12-25 01:12:17 --> Security Class Initialized
DEBUG - 2024-12-25 01:12:17 --> Global POST, GET and COOKIE data sanitized
INFO - 2024-12-25 01:12:17 --> Input Class Initialized
INFO - 2024-12-25 01:12:17 --> Language Class Initialized
INFO - 2024-12-25 01:12:17 --> Language Class Initialized
INFO - 2024-12-25 01:12:17 --> Config Class Initialized
INFO - 2024-12-25 01:12:17 --> Loader Class Initialized
INFO - 2024-12-25 01:12:17 --> Helper loaded: url_helper
INFO - 2024-12-25 01:12:17 --> Helper loaded: easyui_helper
INFO - 2024-12-25 01:12:17 --> Helper loaded: param_helper
INFO - 2024-12-25 01:12:17 --> Helper loaded: credential_helper
INFO - 2024-12-25 01:12:17 --> Helper loaded: template_helper
INFO - 2024-12-25 01:12:17 --> Helper loaded: rest_helper
INFO - 2024-12-25 01:12:17 --> Database Driver Class Initialized
DEBUG - 2024-12-25 01:12:17 --> Idgenerator class already loaded. Second attempt ignored.
INFO - 2024-12-25 01:12:17 --> Controller Class Initialized
INFO - 2024-12-25 01:12:17 --> Model Class Initialized
DEBUG - 2024-12-25 01:12:17 --> File loaded: /apps/web-drc/application/modules/api_v1/models/Api_v1_model.php
INFO - 2024-12-25 01:12:17 --> Model Class Initialized
INFO - 2024-12-25 01:12:17 --> Final output sent to browser
DEBUG - 2024-12-25 01:12:17 --> Total execution time: 0.0028
INFO - 2024-12-25 01:12:28 --> Config Class Initialized
INFO - 2024-12-25 01:12:28 --> Hooks Class Initialized
DEBUG - 2024-12-25 01:12:28 --> UTF-8 Support Enabled
INFO - 2024-12-25 01:12:28 --> Utf8 Class Initialized
INFO - 2024-12-25 01:12:28 --> URI Class Initialized
INFO - 2024-12-25 01:12:28 --> Router Class Initialized
INFO - 2024-12-25 01:12:28 --> Output Class Initialized
INFO - 2024-12-25 01:12:28 --> Security Class Initialized
DEBUG - 2024-12-25 01:12:28 --> Global POST, GET and COOKIE data sanitized
INFO - 2024-12-25 01:12:28 --> Input Class Initialized
INFO - 2024-12-25 01:12:28 --> Language Class Initialized
INFO - 2024-12-25 01:12:28 --> Language Class Initialized
INFO - 2024-12-25 01:12:28 --> Config Class Initialized
INFO - 2024-12-25 01:12:28 --> Loader Class Initialized
INFO - 2024-12-25 01:12:28 --> Helper loaded: url_helper
INFO - 2024-12-25 01:12:28 --> Helper loaded: easyui_helper
INFO - 2024-12-25 01:12:28 --> Helper loaded: param_helper
INFO - 2024-12-25 01:12:28 --> Helper loaded: credential_helper
INFO - 2024-12-25 01:12:28 --> Helper loaded: template_helper
INFO - 2024-12-25 01:12:28 --> Helper loaded: rest_helper
INFO - 2024-12-25 01:12:28 --> Database Driver Class Initialized
DEBUG - 2024-12-25 01:12:28 --> Idgenerator class already loaded. Second attempt ignored.
INFO - 2024-12-25 01:12:28 --> Controller Class Initialized
INFO - 2024-12-25 01:12:28 --> Model Class Initialized
DEBUG - 2024-12-25 01:12:28 --> File loaded: /apps/web-drc/application/modules/app_resource/models/Resource_model.php
INFO - 2024-12-25 01:12:28 --> Model Class Initialized
DEBUG - 2024-12-25 01:12:28 --> File loaded: /apps/web-drc/application/modules/app_resource/views/content.php
DEBUG - 2024-12-25 01:12:28 --> File loaded: /apps/web-drc/application/views/templates/header.php
DEBUG - 2024-12-25 01:12:28 --> File loaded: /apps/web-drc/application/views/templates/toolbar.php
DEBUG - 2024-12-25 01:12:28 --> File loaded: /apps/web-drc/application/views/templates/sidebar.php
DEBUG - 2024-12-25 01:12:28 --> File loaded: /apps/web-drc/application/views/templates/contents.php
DEBUG - 2024-12-25 01:12:28 --> File loaded: /apps/web-drc/application/views/templates/content_footer.php
DEBUG - 2024-12-25 01:12:28 --> File loaded: /apps/web-drc/application/views/templates/footer.php
DEBUG - 2024-12-25 01:12:28 --> File loaded: /apps/web-drc/application/views/templates/default.php
INFO - 2024-12-25 01:12:28 --> Final output sent to browser
DEBUG - 2024-12-25 01:12:28 --> Total execution time: 0.0095
INFO - 2024-12-25 01:12:28 --> Config Class Initialized
INFO - 2024-12-25 01:12:28 --> Hooks Class Initialized
DEBUG - 2024-12-25 01:12:28 --> UTF-8 Support Enabled
INFO - 2024-12-25 01:12:28 --> Utf8 Class Initialized
INFO - 2024-12-25 01:12:28 --> URI Class Initialized
INFO - 2024-12-25 01:12:28 --> Router Class Initialized
INFO - 2024-12-25 01:12:28 --> Output Class Initialized
INFO - 2024-12-25 01:12:28 --> Security Class Initialized
DEBUG - 2024-12-25 01:12:28 --> Global POST, GET and COOKIE data sanitized
INFO - 2024-12-25 01:12:28 --> Input Class Initialized
INFO - 2024-12-25 01:12:28 --> Language Class Initialized
INFO - 2024-12-25 01:12:28 --> Language Class Initialized
INFO - 2024-12-25 01:12:28 --> Config Class Initialized
INFO - 2024-12-25 01:12:28 --> Loader Class Initialized
INFO - 2024-12-25 01:12:28 --> Helper loaded: url_helper
INFO - 2024-12-25 01:12:28 --> Helper loaded: easyui_helper
INFO - 2024-12-25 01:12:28 --> Helper loaded: param_helper
INFO - 2024-12-25 01:12:28 --> Helper loaded: credential_helper
INFO - 2024-12-25 01:12:28 --> Helper loaded: template_helper
INFO - 2024-12-25 01:12:28 --> Helper loaded: rest_helper
INFO - 2024-12-25 01:12:28 --> Database Driver Class Initialized
DEBUG - 2024-12-25 01:12:28 --> Idgenerator class already loaded. Second attempt ignored.
INFO - 2024-12-25 01:12:28 --> Controller Class Initialized
INFO - 2024-12-25 01:12:28 --> Model Class Initialized
DEBUG - 2024-12-25 01:12:28 --> File loaded: /apps/web-drc/application/modules/app_resource/models/Resource_model.php
INFO - 2024-12-25 01:12:28 --> Model Class Initialized
INFO - 2024-12-25 01:12:28 --> Final output sent to browser
DEBUG - 2024-12-25 01:12:28 --> Total execution time: 0.1302
INFO - 2024-12-25 01:12:33 --> Config Class Initialized
INFO - 2024-12-25 01:12:33 --> Hooks Class Initialized
DEBUG - 2024-12-25 01:12:33 --> UTF-8 Support Enabled
INFO - 2024-12-25 01:12:33 --> Utf8 Class Initialized
INFO - 2024-12-25 01:12:33 --> URI Class Initialized
INFO - 2024-12-25 01:12:33 --> Router Class Initialized
INFO - 2024-12-25 01:12:33 --> Output Class Initialized
INFO - 2024-12-25 01:12:33 --> Security Class Initialized
DEBUG - 2024-12-25 01:12:33 --> Global POST, GET and COOKIE data sanitized
INFO - 2024-12-25 01:12:33 --> Input Class Initialized
INFO - 2024-12-25 01:12:33 --> Language Class Initialized
INFO - 2024-12-25 01:12:33 --> Language Class Initialized
INFO - 2024-12-25 01:12:33 --> Config Class Initialized
INFO - 2024-12-25 01:12:33 --> Loader Class Initialized
INFO - 2024-12-25 01:12:33 --> Helper loaded: url_helper
INFO - 2024-12-25 01:12:33 --> Helper loaded: easyui_helper
INFO - 2024-12-25 01:12:33 --> Helper loaded: param_helper
INFO - 2024-12-25 01:12:33 --> Helper loaded: credential_helper
INFO - 2024-12-25 01:12:33 --> Helper loaded: template_helper
INFO - 2024-12-25 01:12:33 --> Helper loaded: rest_helper
INFO - 2024-12-25 01:12:33 --> Database Driver Class Initialized
DEBUG - 2024-12-25 01:12:33 --> Idgenerator class already loaded. Second attempt ignored.
INFO - 2024-12-25 01:12:33 --> Controller Class Initialized
INFO - 2024-12-25 01:12:33 --> Model Class Initialized
DEBUG - 2024-12-25 01:12:33 --> File loaded: /apps/web-drc/application/modules/app_resource/models/Resource_model.php
INFO - 2024-12-25 01:12:33 --> Model Class Initialized
DEBUG - 2024-12-25 01:12:33 --> File loaded: /apps/web-drc/application/modules/app_resource/views/form.php
DEBUG - 2024-12-25 01:12:33 --> File loaded: /apps/web-drc/application/views/templates/header.php
DEBUG - 2024-12-25 01:12:33 --> File loaded: /apps/web-drc/application/views/templates/toolbar.php
DEBUG - 2024-12-25 01:12:33 --> File loaded: /apps/web-drc/application/views/templates/sidebar.php
DEBUG - 2024-12-25 01:12:33 --> File loaded: /apps/web-drc/application/views/templates/contents.php
DEBUG - 2024-12-25 01:12:33 --> File loaded: /apps/web-drc/application/views/templates/content_footer.php
DEBUG - 2024-12-25 01:12:33 --> File loaded: /apps/web-drc/application/views/templates/footer.php
DEBUG - 2024-12-25 01:12:33 --> File loaded: /apps/web-drc/application/views/templates/default.php
INFO - 2024-12-25 01:12:33 --> Final output sent to browser
DEBUG - 2024-12-25 01:12:33 --> Total execution time: 0.0070
INFO - 2024-12-25 01:12:33 --> Config Class Initialized
INFO - 2024-12-25 01:12:33 --> Hooks Class Initialized
DEBUG - 2024-12-25 01:12:33 --> UTF-8 Support Enabled
INFO - 2024-12-25 01:12:33 --> Utf8 Class Initialized
INFO - 2024-12-25 01:12:33 --> URI Class Initialized
INFO - 2024-12-25 01:12:33 --> Router Class Initialized
INFO - 2024-12-25 01:12:33 --> Output Class Initialized
INFO - 2024-12-25 01:12:33 --> Security Class Initialized
DEBUG - 2024-12-25 01:12:33 --> Global POST, GET and COOKIE data sanitized
INFO - 2024-12-25 01:12:33 --> Input Class Initialized
INFO - 2024-12-25 01:12:33 --> Language Class Initialized
INFO - 2024-12-25 01:12:33 --> Language Class Initialized
INFO - 2024-12-25 01:12:33 --> Config Class Initialized
INFO - 2024-12-25 01:12:33 --> Loader Class Initialized
INFO - 2024-12-25 01:12:33 --> Helper loaded: url_helper
INFO - 2024-12-25 01:12:33 --> Helper loaded: easyui_helper
INFO - 2024-12-25 01:12:33 --> Helper loaded: param_helper
INFO - 2024-12-25 01:12:33 --> Helper loaded: credential_helper
INFO - 2024-12-25 01:12:33 --> Helper loaded: template_helper
INFO - 2024-12-25 01:12:33 --> Helper loaded: rest_helper
INFO - 2024-12-25 01:12:33 --> Database Driver Class Initialized
DEBUG - 2024-12-25 01:12:33 --> Idgenerator class already loaded. Second attempt ignored.
INFO - 2024-12-25 01:12:33 --> Controller Class Initialized
INFO - 2024-12-25 01:12:33 --> Model Class Initialized
DEBUG - 2024-12-25 01:12:33 --> File loaded: /apps/web-drc/application/modules/app_resource/models/Resource_model.php
INFO - 2024-12-25 01:12:33 --> Model Class Initialized
INFO - 2024-12-25 01:12:33 --> Final output sent to browser
DEBUG - 2024-12-25 01:12:33 --> Total execution time: 0.0035
INFO - 2024-12-25 01:12:33 --> Config Class Initialized
INFO - 2024-12-25 01:12:33 --> Hooks Class Initialized
DEBUG - 2024-12-25 01:12:33 --> UTF-8 Support Enabled
INFO - 2024-12-25 01:12:33 --> Utf8 Class Initialized
INFO - 2024-12-25 01:12:33 --> URI Class Initialized
INFO - 2024-12-25 01:12:33 --> Router Class Initialized
INFO - 2024-12-25 01:12:33 --> Output Class Initialized
INFO - 2024-12-25 01:12:33 --> Security Class Initialized
DEBUG - 2024-12-25 01:12:33 --> Global POST, GET and COOKIE data sanitized
INFO - 2024-12-25 01:12:33 --> Input Class Initialized
INFO - 2024-12-25 01:12:33 --> Language Class Initialized
INFO - 2024-12-25 01:12:33 --> Language Class Initialized
INFO - 2024-12-25 01:12:33 --> Config Class Initialized
INFO - 2024-12-25 01:12:33 --> Loader Class Initialized
INFO - 2024-12-25 01:12:33 --> Helper loaded: url_helper
INFO - 2024-12-25 01:12:33 --> Helper loaded: easyui_helper
INFO - 2024-12-25 01:12:33 --> Helper loaded: param_helper
INFO - 2024-12-25 01:12:33 --> Helper loaded: credential_helper
INFO - 2024-12-25 01:12:33 --> Helper loaded: template_helper
INFO - 2024-12-25 01:12:33 --> Helper loaded: rest_helper
INFO - 2024-12-25 01:12:33 --> Database Driver Class Initialized
DEBUG - 2024-12-25 01:12:33 --> Idgenerator class already loaded. Second attempt ignored.
INFO - 2024-12-25 01:12:33 --> Controller Class Initialized
INFO - 2024-12-25 01:12:33 --> Model Class Initialized
DEBUG - 2024-12-25 01:12:33 --> File loaded: /apps/web-drc/application/modules/api_v1/models/Api_v1_model.php
INFO - 2024-12-25 01:12:33 --> Model Class Initialized
INFO - 2024-12-25 01:12:33 --> Final output sent to browser
DEBUG - 2024-12-25 01:12:33 --> Total execution time: 0.0039
INFO - 2024-12-25 01:12:34 --> Config Class Initialized
INFO - 2024-12-25 01:12:34 --> Hooks Class Initialized
DEBUG - 2024-12-25 01:12:34 --> UTF-8 Support Enabled
INFO - 2024-12-25 01:12:34 --> Utf8 Class Initialized
INFO - 2024-12-25 01:12:34 --> URI Class Initialized
INFO - 2024-12-25 01:12:34 --> Router Class Initialized
INFO - 2024-12-25 01:12:34 --> Output Class Initialized
INFO - 2024-12-25 01:12:34 --> Security Class Initialized
DEBUG - 2024-12-25 01:12:34 --> Global POST, GET and COOKIE data sanitized
INFO - 2024-12-25 01:12:34 --> Input Class Initialized
INFO - 2024-12-25 01:12:34 --> Language Class Initialized
INFO - 2024-12-25 01:12:34 --> Language Class Initialized
INFO - 2024-12-25 01:12:34 --> Config Class Initialized
INFO - 2024-12-25 01:12:34 --> Loader Class Initialized
INFO - 2024-12-25 01:12:34 --> Helper loaded: url_helper
INFO - 2024-12-25 01:12:34 --> Helper loaded: easyui_helper
INFO - 2024-12-25 01:12:34 --> Helper loaded: param_helper
INFO - 2024-12-25 01:12:34 --> Helper loaded: credential_helper
INFO - 2024-12-25 01:12:34 --> Helper loaded: template_helper
INFO - 2024-12-25 01:12:34 --> Helper loaded: rest_helper
INFO - 2024-12-25 01:12:34 --> Database Driver Class Initialized
DEBUG - 2024-12-25 01:12:34 --> Idgenerator class already loaded. Second attempt ignored.
INFO - 2024-12-25 01:12:34 --> Controller Class Initialized
INFO - 2024-12-25 01:12:34 --> Model Class Initialized
DEBUG - 2024-12-25 01:12:34 --> File loaded: /apps/web-drc/application/modules/app_resource/models/Resource_model.php
INFO - 2024-12-25 01:12:34 --> Model Class Initialized
INFO - 2024-12-25 01:12:34 --> Final output sent to browser
DEBUG - 2024-12-25 01:12:34 --> Total execution time: 0.0027
INFO - 2024-12-25 01:12:34 --> Config Class Initialized
INFO - 2024-12-25 01:12:34 --> Hooks Class Initialized
DEBUG - 2024-12-25 01:12:34 --> UTF-8 Support Enabled
INFO - 2024-12-25 01:12:34 --> Utf8 Class Initialized
INFO - 2024-12-25 01:12:34 --> URI Class Initialized
INFO - 2024-12-25 01:12:34 --> Router Class Initialized
INFO - 2024-12-25 01:12:34 --> Output Class Initialized
INFO - 2024-12-25 01:12:34 --> Security Class Initialized
DEBUG - 2024-12-25 01:12:34 --> Global POST, GET and COOKIE data sanitized
INFO - 2024-12-25 01:12:34 --> Input Class Initialized
INFO - 2024-12-25 01:12:34 --> Language Class Initialized
INFO - 2024-12-25 01:12:34 --> Language Class Initialized
INFO - 2024-12-25 01:12:34 --> Config Class Initialized
INFO - 2024-12-25 01:12:34 --> Loader Class Initialized
INFO - 2024-12-25 01:12:34 --> Helper loaded: url_helper
INFO - 2024-12-25 01:12:34 --> Helper loaded: easyui_helper
INFO - 2024-12-25 01:12:34 --> Helper loaded: param_helper
INFO - 2024-12-25 01:12:34 --> Helper loaded: credential_helper
INFO - 2024-12-25 01:12:34 --> Helper loaded: template_helper
INFO - 2024-12-25 01:12:34 --> Helper loaded: rest_helper
INFO - 2024-12-25 01:12:34 --> Database Driver Class Initialized
DEBUG - 2024-12-25 01:12:34 --> Idgenerator class already loaded. Second attempt ignored.
INFO - 2024-12-25 01:12:34 --> Controller Class Initialized
INFO - 2024-12-25 01:12:34 --> Model Class Initialized
DEBUG - 2024-12-25 01:12:34 --> File loaded: /apps/web-drc/application/modules/app_role/models/Role_model.php
INFO - 2024-12-25 01:12:34 --> Model Class Initialized
INFO - 2024-12-25 01:12:34 --> Final output sent to browser
DEBUG - 2024-12-25 01:12:34 --> Total execution time: 0.0046
INFO - 2024-12-25 01:12:34 --> Config Class Initialized
INFO - 2024-12-25 01:12:34 --> Hooks Class Initialized
DEBUG - 2024-12-25 01:12:34 --> UTF-8 Support Enabled
INFO - 2024-12-25 01:12:34 --> Utf8 Class Initialized
INFO - 2024-12-25 01:12:34 --> URI Class Initialized
INFO - 2024-12-25 01:12:34 --> Router Class Initialized
INFO - 2024-12-25 01:12:34 --> Output Class Initialized
INFO - 2024-12-25 01:12:34 --> Security Class Initialized
DEBUG - 2024-12-25 01:12:34 --> Global POST, GET and COOKIE data sanitized
INFO - 2024-12-25 01:12:34 --> Input Class Initialized
INFO - 2024-12-25 01:12:34 --> Language Class Initialized
INFO - 2024-12-25 01:12:34 --> Language Class Initialized
INFO - 2024-12-25 01:12:34 --> Config Class Initialized
INFO - 2024-12-25 01:12:34 --> Loader Class Initialized
INFO - 2024-12-25 01:12:34 --> Helper loaded: url_helper
INFO - 2024-12-25 01:12:34 --> Helper loaded: easyui_helper
INFO - 2024-12-25 01:12:34 --> Helper loaded: param_helper
INFO - 2024-12-25 01:12:34 --> Helper loaded: credential_helper
INFO - 2024-12-25 01:12:34 --> Helper loaded: template_helper
INFO - 2024-12-25 01:12:34 --> Helper loaded: rest_helper
INFO - 2024-12-25 01:12:34 --> Database Driver Class Initialized
DEBUG - 2024-12-25 01:12:34 --> Idgenerator class already loaded. Second attempt ignored.
INFO - 2024-12-25 01:12:34 --> Controller Class Initialized
INFO - 2024-12-25 01:12:34 --> Model Class Initialized
DEBUG - 2024-12-25 01:12:34 --> File loaded: /apps/web-drc/application/modules/ref_jabatan/models/Jabatan_model.php
INFO - 2024-12-25 01:12:34 --> Model Class Initialized
INFO - 2024-12-25 01:12:34 --> Final output sent to browser
DEBUG - 2024-12-25 01:12:34 --> Total execution time: 0.0034
INFO - 2024-12-25 01:12:36 --> Config Class Initialized
INFO - 2024-12-25 01:12:36 --> Hooks Class Initialized
DEBUG - 2024-12-25 01:12:36 --> UTF-8 Support Enabled
INFO - 2024-12-25 01:12:36 --> Utf8 Class Initialized
INFO - 2024-12-25 01:12:36 --> URI Class Initialized
INFO - 2024-12-25 01:12:36 --> Router Class Initialized
INFO - 2024-12-25 01:12:36 --> Output Class Initialized
INFO - 2024-12-25 01:12:36 --> Security Class Initialized
DEBUG - 2024-12-25 01:12:36 --> Global POST, GET and COOKIE data sanitized
INFO - 2024-12-25 01:12:36 --> Input Class Initialized
INFO - 2024-12-25 01:12:36 --> Language Class Initialized
INFO - 2024-12-25 01:12:36 --> Language Class Initialized
INFO - 2024-12-25 01:12:36 --> Config Class Initialized
INFO - 2024-12-25 01:12:36 --> Loader Class Initialized
INFO - 2024-12-25 01:12:36 --> Helper loaded: url_helper
INFO - 2024-12-25 01:12:36 --> Helper loaded: easyui_helper
INFO - 2024-12-25 01:12:36 --> Helper loaded: param_helper
INFO - 2024-12-25 01:12:36 --> Helper loaded: credential_helper
INFO - 2024-12-25 01:12:36 --> Helper loaded: template_helper
INFO - 2024-12-25 01:12:36 --> Helper loaded: rest_helper
INFO - 2024-12-25 01:12:36 --> Database Driver Class Initialized
DEBUG - 2024-12-25 01:12:36 --> Idgenerator class already loaded. Second attempt ignored.
INFO - 2024-12-25 01:12:36 --> Controller Class Initialized
INFO - 2024-12-25 01:12:36 --> Model Class Initialized
DEBUG - 2024-12-25 01:12:36 --> File loaded: /apps/web-drc/application/modules/app_resource/models/Resource_model.php
INFO - 2024-12-25 01:12:36 --> Model Class Initialized
DEBUG - 2024-12-25 01:12:36 --> File loaded: /apps/web-drc/application/modules/app_resource/views/content.php
DEBUG - 2024-12-25 01:12:36 --> File loaded: /apps/web-drc/application/views/templates/header.php
DEBUG - 2024-12-25 01:12:36 --> File loaded: /apps/web-drc/application/views/templates/toolbar.php
DEBUG - 2024-12-25 01:12:36 --> File loaded: /apps/web-drc/application/views/templates/sidebar.php
DEBUG - 2024-12-25 01:12:36 --> File loaded: /apps/web-drc/application/views/templates/contents.php
DEBUG - 2024-12-25 01:12:36 --> File loaded: /apps/web-drc/application/views/templates/content_footer.php
DEBUG - 2024-12-25 01:12:36 --> File loaded: /apps/web-drc/application/views/templates/footer.php
DEBUG - 2024-12-25 01:12:36 --> File loaded: /apps/web-drc/application/views/templates/default.php
INFO - 2024-12-25 01:12:36 --> Final output sent to browser
DEBUG - 2024-12-25 01:12:36 --> Total execution time: 0.0084
INFO - 2024-12-25 01:12:36 --> Config Class Initialized
INFO - 2024-12-25 01:12:36 --> Hooks Class Initialized
DEBUG - 2024-12-25 01:12:36 --> UTF-8 Support Enabled
INFO - 2024-12-25 01:12:36 --> Utf8 Class Initialized
INFO - 2024-12-25 01:12:36 --> URI Class Initialized
INFO - 2024-12-25 01:12:36 --> Router Class Initialized
INFO - 2024-12-25 01:12:36 --> Output Class Initialized
INFO - 2024-12-25 01:12:36 --> Security Class Initialized
DEBUG - 2024-12-25 01:12:36 --> Global POST, GET and COOKIE data sanitized
INFO - 2024-12-25 01:12:36 --> Input Class Initialized
INFO - 2024-12-25 01:12:36 --> Language Class Initialized
INFO - 2024-12-25 01:12:36 --> Language Class Initialized
INFO - 2024-12-25 01:12:36 --> Config Class Initialized
INFO - 2024-12-25 01:12:36 --> Loader Class Initialized
INFO - 2024-12-25 01:12:36 --> Helper loaded: url_helper
INFO - 2024-12-25 01:12:36 --> Helper loaded: easyui_helper
INFO - 2024-12-25 01:12:36 --> Helper loaded: param_helper
INFO - 2024-12-25 01:12:36 --> Helper loaded: credential_helper
INFO - 2024-12-25 01:12:36 --> Helper loaded: template_helper
INFO - 2024-12-25 01:12:36 --> Helper loaded: rest_helper
INFO - 2024-12-25 01:12:36 --> Database Driver Class Initialized
DEBUG - 2024-12-25 01:12:36 --> Idgenerator class already loaded. Second attempt ignored.
INFO - 2024-12-25 01:12:36 --> Controller Class Initialized
INFO - 2024-12-25 01:12:36 --> Model Class Initialized
DEBUG - 2024-12-25 01:12:36 --> File loaded: /apps/web-drc/application/modules/app_resource/models/Resource_model.php
INFO - 2024-12-25 01:12:36 --> Model Class Initialized
INFO - 2024-12-25 01:12:36 --> Final output sent to browser
DEBUG - 2024-12-25 01:12:36 --> Total execution time: 0.0344
INFO - 2024-12-25 01:27:10 --> Config Class Initialized
INFO - 2024-12-25 01:27:10 --> Hooks Class Initialized
DEBUG - 2024-12-25 01:27:10 --> UTF-8 Support Enabled
INFO - 2024-12-25 01:27:10 --> Utf8 Class Initialized
INFO - 2024-12-25 01:27:10 --> URI Class Initialized
INFO - 2024-12-25 01:27:10 --> Router Class Initialized
INFO - 2024-12-25 01:27:10 --> Output Class Initialized
INFO - 2024-12-25 01:27:10 --> Security Class Initialized
DEBUG - 2024-12-25 01:27:10 --> Global POST, GET and COOKIE data sanitized
INFO - 2024-12-25 01:27:10 --> Input Class Initialized
INFO - 2024-12-25 01:27:10 --> Language Class Initialized
INFO - 2024-12-25 01:27:10 --> Language Class Initialized
INFO - 2024-12-25 01:27:10 --> Config Class Initialized
INFO - 2024-12-25 01:27:10 --> Loader Class Initialized
INFO - 2024-12-25 01:27:10 --> Helper loaded: url_helper
INFO - 2024-12-25 01:27:10 --> Helper loaded: easyui_helper
INFO - 2024-12-25 01:27:10 --> Helper loaded: param_helper
INFO - 2024-12-25 01:27:10 --> Helper loaded: credential_helper
INFO - 2024-12-25 01:27:10 --> Helper loaded: template_helper
INFO - 2024-12-25 01:27:10 --> Helper loaded: rest_helper
INFO - 2024-12-25 01:27:10 --> Database Driver Class Initialized
DEBUG - 2024-12-25 01:27:10 --> Idgenerator class already loaded. Second attempt ignored.
INFO - 2024-12-25 01:27:10 --> Controller Class Initialized
INFO - 2024-12-25 01:27:10 --> Model Class Initialized
DEBUG - 2024-12-25 01:27:10 --> File loaded: /apps/web-drc/application/modules/app_resource/models/Resource_model.php
INFO - 2024-12-25 01:27:10 --> Model Class Initialized
DEBUG - 2024-12-25 01:27:10 --> File loaded: /apps/web-drc/application/modules/app_resource/views/form.php
DEBUG - 2024-12-25 01:27:10 --> File loaded: /apps/web-drc/application/views/templates/header.php
DEBUG - 2024-12-25 01:27:10 --> File loaded: /apps/web-drc/application/views/templates/toolbar.php
DEBUG - 2024-12-25 01:27:10 --> File loaded: /apps/web-drc/application/views/templates/sidebar.php
DEBUG - 2024-12-25 01:27:10 --> File loaded: /apps/web-drc/application/views/templates/contents.php
DEBUG - 2024-12-25 01:27:10 --> File loaded: /apps/web-drc/application/views/templates/content_footer.php
DEBUG - 2024-12-25 01:27:10 --> File loaded: /apps/web-drc/application/views/templates/footer.php
DEBUG - 2024-12-25 01:27:10 --> File loaded: /apps/web-drc/application/views/templates/default.php
INFO - 2024-12-25 01:27:10 --> Final output sent to browser
DEBUG - 2024-12-25 01:27:10 --> Total execution time: 0.0067
INFO - 2024-12-25 01:27:11 --> Config Class Initialized
INFO - 2024-12-25 01:27:11 --> Hooks Class Initialized
DEBUG - 2024-12-25 01:27:11 --> UTF-8 Support Enabled
INFO - 2024-12-25 01:27:11 --> Utf8 Class Initialized
INFO - 2024-12-25 01:27:11 --> URI Class Initialized
INFO - 2024-12-25 01:27:11 --> Router Class Initialized
INFO - 2024-12-25 01:27:11 --> Output Class Initialized
INFO - 2024-12-25 01:27:11 --> Security Class Initialized
DEBUG - 2024-12-25 01:27:11 --> Global POST, GET and COOKIE data sanitized
INFO - 2024-12-25 01:27:11 --> Input Class Initialized
INFO - 2024-12-25 01:27:11 --> Language Class Initialized
INFO - 2024-12-25 01:27:11 --> Language Class Initialized
INFO - 2024-12-25 01:27:11 --> Config Class Initialized
INFO - 2024-12-25 01:27:11 --> Loader Class Initialized
INFO - 2024-12-25 01:27:11 --> Helper loaded: url_helper
INFO - 2024-12-25 01:27:11 --> Helper loaded: easyui_helper
INFO - 2024-12-25 01:27:11 --> Helper loaded: param_helper
INFO - 2024-12-25 01:27:11 --> Helper loaded: credential_helper
INFO - 2024-12-25 01:27:11 --> Helper loaded: template_helper
INFO - 2024-12-25 01:27:11 --> Helper loaded: rest_helper
INFO - 2024-12-25 01:27:11 --> Database Driver Class Initialized
DEBUG - 2024-12-25 01:27:11 --> Idgenerator class already loaded. Second attempt ignored.
INFO - 2024-12-25 01:27:11 --> Controller Class Initialized
INFO - 2024-12-25 01:27:11 --> Model Class Initialized
DEBUG - 2024-12-25 01:27:11 --> File loaded: /apps/web-drc/application/modules/api_v1/models/Api_v1_model.php
INFO - 2024-12-25 01:27:11 --> Model Class Initialized
INFO - 2024-12-25 01:27:11 --> Final output sent to browser
DEBUG - 2024-12-25 01:27:11 --> Total execution time: 0.0029
INFO - 2024-12-25 01:27:11 --> Config Class Initialized
INFO - 2024-12-25 01:27:11 --> Hooks Class Initialized
DEBUG - 2024-12-25 01:27:11 --> UTF-8 Support Enabled
INFO - 2024-12-25 01:27:11 --> Utf8 Class Initialized
INFO - 2024-12-25 01:27:11 --> URI Class Initialized
INFO - 2024-12-25 01:27:11 --> Router Class Initialized
INFO - 2024-12-25 01:27:11 --> Output Class Initialized
INFO - 2024-12-25 01:27:11 --> Security Class Initialized
DEBUG - 2024-12-25 01:27:11 --> Global POST, GET and COOKIE data sanitized
INFO - 2024-12-25 01:27:11 --> Input Class Initialized
INFO - 2024-12-25 01:27:11 --> Language Class Initialized
INFO - 2024-12-25 01:27:11 --> Language Class Initialized
INFO - 2024-12-25 01:27:11 --> Config Class Initialized
INFO - 2024-12-25 01:27:11 --> Loader Class Initialized
INFO - 2024-12-25 01:27:11 --> Helper loaded: url_helper
INFO - 2024-12-25 01:27:11 --> Helper loaded: easyui_helper
INFO - 2024-12-25 01:27:11 --> Helper loaded: param_helper
INFO - 2024-12-25 01:27:11 --> Helper loaded: credential_helper
INFO - 2024-12-25 01:27:11 --> Helper loaded: template_helper
INFO - 2024-12-25 01:27:11 --> Helper loaded: rest_helper
INFO - 2024-12-25 01:27:11 --> Database Driver Class Initialized
DEBUG - 2024-12-25 01:27:11 --> Idgenerator class already loaded. Second attempt ignored.
INFO - 2024-12-25 01:27:11 --> Controller Class Initialized
INFO - 2024-12-25 01:27:11 --> Model Class Initialized
DEBUG - 2024-12-25 01:27:11 --> File loaded: /apps/web-drc/application/modules/app_resource/models/Resource_model.php
INFO - 2024-12-25 01:27:11 --> Model Class Initialized
INFO - 2024-12-25 01:27:11 --> Final output sent to browser
DEBUG - 2024-12-25 01:27:11 --> Total execution time: 0.0022
INFO - 2024-12-25 01:27:11 --> Config Class Initialized
INFO - 2024-12-25 01:27:11 --> Hooks Class Initialized
DEBUG - 2024-12-25 01:27:11 --> UTF-8 Support Enabled
INFO - 2024-12-25 01:27:11 --> Utf8 Class Initialized
INFO - 2024-12-25 01:27:11 --> URI Class Initialized
INFO - 2024-12-25 01:27:11 --> Router Class Initialized
INFO - 2024-12-25 01:27:11 --> Output Class Initialized
INFO - 2024-12-25 01:27:11 --> Security Class Initialized
DEBUG - 2024-12-25 01:27:11 --> Global POST, GET and COOKIE data sanitized
INFO - 2024-12-25 01:27:11 --> Input Class Initialized
INFO - 2024-12-25 01:27:11 --> Language Class Initialized
INFO - 2024-12-25 01:27:11 --> Language Class Initialized
INFO - 2024-12-25 01:27:11 --> Config Class Initialized
INFO - 2024-12-25 01:27:11 --> Loader Class Initialized
INFO - 2024-12-25 01:27:11 --> Helper loaded: url_helper
INFO - 2024-12-25 01:27:11 --> Helper loaded: easyui_helper
INFO - 2024-12-25 01:27:11 --> Helper loaded: param_helper
INFO - 2024-12-25 01:27:11 --> Helper loaded: credential_helper
INFO - 2024-12-25 01:27:11 --> Helper loaded: template_helper
INFO - 2024-12-25 01:27:11 --> Helper loaded: rest_helper
INFO - 2024-12-25 01:27:11 --> Database Driver Class Initialized
DEBUG - 2024-12-25 01:27:11 --> Idgenerator class already loaded. Second attempt ignored.
INFO - 2024-12-25 01:27:11 --> Controller Class Initialized
INFO - 2024-12-25 01:27:11 --> Model Class Initialized
DEBUG - 2024-12-25 01:27:11 --> File loaded: /apps/web-drc/application/modules/app_resource/models/Resource_model.php
INFO - 2024-12-25 01:27:11 --> Model Class Initialized
INFO - 2024-12-25 01:27:11 --> Final output sent to browser
DEBUG - 2024-12-25 01:27:11 --> Total execution time: 0.0028
INFO - 2024-12-25 01:27:11 --> Config Class Initialized
INFO - 2024-12-25 01:27:11 --> Hooks Class Initialized
DEBUG - 2024-12-25 01:27:11 --> UTF-8 Support Enabled
INFO - 2024-12-25 01:27:11 --> Utf8 Class Initialized
INFO - 2024-12-25 01:27:11 --> URI Class Initialized
INFO - 2024-12-25 01:27:11 --> Router Class Initialized
INFO - 2024-12-25 01:27:11 --> Output Class Initialized
INFO - 2024-12-25 01:27:11 --> Security Class Initialized
DEBUG - 2024-12-25 01:27:11 --> Global POST, GET and COOKIE data sanitized
INFO - 2024-12-25 01:27:11 --> Input Class Initialized
INFO - 2024-12-25 01:27:11 --> Language Class Initialized
INFO - 2024-12-25 01:27:11 --> Language Class Initialized
INFO - 2024-12-25 01:27:11 --> Config Class Initialized
INFO - 2024-12-25 01:27:11 --> Loader Class Initialized
INFO - 2024-12-25 01:27:11 --> Helper loaded: url_helper
INFO - 2024-12-25 01:27:11 --> Helper loaded: easyui_helper
INFO - 2024-12-25 01:27:11 --> Helper loaded: param_helper
INFO - 2024-12-25 01:27:11 --> Helper loaded: credential_helper
INFO - 2024-12-25 01:27:11 --> Helper loaded: template_helper
INFO - 2024-12-25 01:27:11 --> Helper loaded: rest_helper
INFO - 2024-12-25 01:27:11 --> Database Driver Class Initialized
DEBUG - 2024-12-25 01:27:11 --> Idgenerator class already loaded. Second attempt ignored.
INFO - 2024-12-25 01:27:11 --> Controller Class Initialized
INFO - 2024-12-25 01:27:11 --> Model Class Initialized
DEBUG - 2024-12-25 01:27:11 --> File loaded: /apps/web-drc/application/modules/app_role/models/Role_model.php
INFO - 2024-12-25 01:27:11 --> Model Class Initialized
INFO - 2024-12-25 01:27:11 --> Final output sent to browser
DEBUG - 2024-12-25 01:27:11 --> Total execution time: 0.0032
INFO - 2024-12-25 01:27:11 --> Config Class Initialized
INFO - 2024-12-25 01:27:11 --> Hooks Class Initialized
DEBUG - 2024-12-25 01:27:11 --> UTF-8 Support Enabled
INFO - 2024-12-25 01:27:11 --> Utf8 Class Initialized
INFO - 2024-12-25 01:27:11 --> URI Class Initialized
INFO - 2024-12-25 01:27:11 --> Router Class Initialized
INFO - 2024-12-25 01:27:11 --> Output Class Initialized
INFO - 2024-12-25 01:27:11 --> Security Class Initialized
DEBUG - 2024-12-25 01:27:11 --> Global POST, GET and COOKIE data sanitized
INFO - 2024-12-25 01:27:11 --> Input Class Initialized
INFO - 2024-12-25 01:27:11 --> Language Class Initialized
INFO - 2024-12-25 01:27:11 --> Language Class Initialized
INFO - 2024-12-25 01:27:11 --> Config Class Initialized
INFO - 2024-12-25 01:27:11 --> Loader Class Initialized
INFO - 2024-12-25 01:27:11 --> Helper loaded: url_helper
INFO - 2024-12-25 01:27:11 --> Helper loaded: easyui_helper
INFO - 2024-12-25 01:27:11 --> Helper loaded: param_helper
INFO - 2024-12-25 01:27:11 --> Helper loaded: credential_helper
INFO - 2024-12-25 01:27:11 --> Helper loaded: template_helper
INFO - 2024-12-25 01:27:11 --> Helper loaded: rest_helper
INFO - 2024-12-25 01:27:11 --> Database Driver Class Initialized
DEBUG - 2024-12-25 01:27:11 --> Idgenerator class already loaded. Second attempt ignored.
INFO - 2024-12-25 01:27:11 --> Controller Class Initialized
INFO - 2024-12-25 01:27:11 --> Model Class Initialized
DEBUG - 2024-12-25 01:27:11 --> File loaded: /apps/web-drc/application/modules/ref_jabatan/models/Jabatan_model.php
INFO - 2024-12-25 01:27:11 --> Model Class Initialized
INFO - 2024-12-25 01:27:11 --> Final output sent to browser
DEBUG - 2024-12-25 01:27:11 --> Total execution time: 0.0038
INFO - 2024-12-25 01:27:14 --> Config Class Initialized
INFO - 2024-12-25 01:27:14 --> Hooks Class Initialized
DEBUG - 2024-12-25 01:27:14 --> UTF-8 Support Enabled
INFO - 2024-12-25 01:27:14 --> Utf8 Class Initialized
INFO - 2024-12-25 01:27:14 --> URI Class Initialized
INFO - 2024-12-25 01:27:14 --> Router Class Initialized
INFO - 2024-12-25 01:27:14 --> Output Class Initialized
INFO - 2024-12-25 01:27:14 --> Security Class Initialized
DEBUG - 2024-12-25 01:27:14 --> Global POST, GET and COOKIE data sanitized
INFO - 2024-12-25 01:27:14 --> Input Class Initialized
INFO - 2024-12-25 01:27:14 --> Language Class Initialized
INFO - 2024-12-25 01:27:14 --> Language Class Initialized
INFO - 2024-12-25 01:27:14 --> Config Class Initialized
INFO - 2024-12-25 01:27:14 --> Loader Class Initialized
INFO - 2024-12-25 01:27:14 --> Helper loaded: url_helper
INFO - 2024-12-25 01:27:14 --> Helper loaded: easyui_helper
INFO - 2024-12-25 01:27:14 --> Helper loaded: param_helper
INFO - 2024-12-25 01:27:14 --> Helper loaded: credential_helper
INFO - 2024-12-25 01:27:14 --> Helper loaded: template_helper
INFO - 2024-12-25 01:27:14 --> Helper loaded: rest_helper
INFO - 2024-12-25 01:27:14 --> Database Driver Class Initialized
DEBUG - 2024-12-25 01:27:14 --> Idgenerator class already loaded. Second attempt ignored.
INFO - 2024-12-25 01:27:14 --> Controller Class Initialized
INFO - 2024-12-25 01:27:14 --> Model Class Initialized
DEBUG - 2024-12-25 01:27:14 --> File loaded: /apps/web-drc/application/modules/app_resource/models/Resource_model.php
INFO - 2024-12-25 01:27:14 --> Model Class Initialized
INFO - 2024-12-25 01:27:14 --> Final output sent to browser
DEBUG - 2024-12-25 01:27:14 --> Total execution time: 0.0041
INFO - 2024-12-25 01:27:16 --> Config Class Initialized
INFO - 2024-12-25 01:27:16 --> Hooks Class Initialized
DEBUG - 2024-12-25 01:27:16 --> UTF-8 Support Enabled
INFO - 2024-12-25 01:27:16 --> Utf8 Class Initialized
INFO - 2024-12-25 01:27:16 --> URI Class Initialized
INFO - 2024-12-25 01:27:16 --> Router Class Initialized
INFO - 2024-12-25 01:27:16 --> Output Class Initialized
INFO - 2024-12-25 01:27:16 --> Security Class Initialized
DEBUG - 2024-12-25 01:27:16 --> Global POST, GET and COOKIE data sanitized
INFO - 2024-12-25 01:27:16 --> Input Class Initialized
INFO - 2024-12-25 01:27:16 --> Language Class Initialized
INFO - 2024-12-25 01:27:16 --> Language Class Initialized
INFO - 2024-12-25 01:27:16 --> Config Class Initialized
INFO - 2024-12-25 01:27:16 --> Loader Class Initialized
INFO - 2024-12-25 01:27:16 --> Helper loaded: url_helper
INFO - 2024-12-25 01:27:16 --> Helper loaded: easyui_helper
INFO - 2024-12-25 01:27:16 --> Helper loaded: param_helper
INFO - 2024-12-25 01:27:16 --> Helper loaded: credential_helper
INFO - 2024-12-25 01:27:16 --> Helper loaded: template_helper
INFO - 2024-12-25 01:27:16 --> Helper loaded: rest_helper
INFO - 2024-12-25 01:27:16 --> Database Driver Class Initialized
DEBUG - 2024-12-25 01:27:16 --> Idgenerator class already loaded. Second attempt ignored.
INFO - 2024-12-25 01:27:16 --> Controller Class Initialized
INFO - 2024-12-25 01:27:16 --> Model Class Initialized
DEBUG - 2024-12-25 01:27:16 --> File loaded: /apps/web-drc/application/modules/app_resource/models/Resource_model.php
INFO - 2024-12-25 01:27:16 --> Model Class Initialized
INFO - 2024-12-25 01:27:16 --> Final output sent to browser
DEBUG - 2024-12-25 01:27:16 --> Total execution time: 0.0036
INFO - 2024-12-25 01:28:02 --> Config Class Initialized
INFO - 2024-12-25 01:28:02 --> Hooks Class Initialized
DEBUG - 2024-12-25 01:28:02 --> UTF-8 Support Enabled
INFO - 2024-12-25 01:28:02 --> Utf8 Class Initialized
INFO - 2024-12-25 01:28:02 --> URI Class Initialized
INFO - 2024-12-25 01:28:02 --> Router Class Initialized
INFO - 2024-12-25 01:28:02 --> Output Class Initialized
INFO - 2024-12-25 01:28:02 --> Security Class Initialized
DEBUG - 2024-12-25 01:28:02 --> Global POST, GET and COOKIE data sanitized
INFO - 2024-12-25 01:28:02 --> Input Class Initialized
INFO - 2024-12-25 01:28:02 --> Language Class Initialized
INFO - 2024-12-25 01:28:02 --> Language Class Initialized
INFO - 2024-12-25 01:28:02 --> Config Class Initialized
INFO - 2024-12-25 01:28:02 --> Loader Class Initialized
INFO - 2024-12-25 01:28:02 --> Helper loaded: url_helper
INFO - 2024-12-25 01:28:02 --> Helper loaded: easyui_helper
INFO - 2024-12-25 01:28:02 --> Helper loaded: param_helper
INFO - 2024-12-25 01:28:02 --> Helper loaded: credential_helper
INFO - 2024-12-25 01:28:02 --> Helper loaded: template_helper
INFO - 2024-12-25 01:28:02 --> Helper loaded: rest_helper
INFO - 2024-12-25 01:28:02 --> Database Driver Class Initialized
DEBUG - 2024-12-25 01:28:02 --> Idgenerator class already loaded. Second attempt ignored.
INFO - 2024-12-25 01:28:02 --> Controller Class Initialized
INFO - 2024-12-25 01:28:02 --> Model Class Initialized
DEBUG - 2024-12-25 01:28:02 --> File loaded: /apps/web-drc/application/modules/mapping_promo_active/models/Promo_active_model.php
INFO - 2024-12-25 01:28:02 --> Model Class Initialized
DEBUG - 2024-12-25 01:28:02 --> File loaded: /apps/web-drc/application/modules/mapping_promo_active/views/content.php
DEBUG - 2024-12-25 01:28:02 --> File loaded: /apps/web-drc/application/views/templates/header.php
DEBUG - 2024-12-25 01:28:02 --> File loaded: /apps/web-drc/application/views/templates/toolbar.php
DEBUG - 2024-12-25 01:28:02 --> File loaded: /apps/web-drc/application/views/templates/sidebar.php
DEBUG - 2024-12-25 01:28:02 --> File loaded: /apps/web-drc/application/views/templates/contents.php
DEBUG - 2024-12-25 01:28:02 --> File loaded: /apps/web-drc/application/views/templates/content_footer.php
DEBUG - 2024-12-25 01:28:02 --> File loaded: /apps/web-drc/application/views/templates/footer.php
DEBUG - 2024-12-25 01:28:02 --> File loaded: /apps/web-drc/application/views/templates/default.php
INFO - 2024-12-25 01:28:02 --> Final output sent to browser
DEBUG - 2024-12-25 01:28:02 --> Total execution time: 0.0129
INFO - 2024-12-25 01:28:02 --> Config Class Initialized
INFO - 2024-12-25 01:28:02 --> Hooks Class Initialized
DEBUG - 2024-12-25 01:28:02 --> UTF-8 Support Enabled
INFO - 2024-12-25 01:28:02 --> Utf8 Class Initialized
INFO - 2024-12-25 01:28:02 --> URI Class Initialized
INFO - 2024-12-25 01:28:02 --> Router Class Initialized
INFO - 2024-12-25 01:28:02 --> Output Class Initialized
INFO - 2024-12-25 01:28:02 --> Security Class Initialized
DEBUG - 2024-12-25 01:28:02 --> Global POST, GET and COOKIE data sanitized
INFO - 2024-12-25 01:28:02 --> Input Class Initialized
INFO - 2024-12-25 01:28:02 --> Language Class Initialized
INFO - 2024-12-25 01:28:02 --> Language Class Initialized
INFO - 2024-12-25 01:28:02 --> Config Class Initialized
INFO - 2024-12-25 01:28:02 --> Loader Class Initialized
INFO - 2024-12-25 01:28:02 --> Helper loaded: url_helper
INFO - 2024-12-25 01:28:02 --> Helper loaded: easyui_helper
INFO - 2024-12-25 01:28:02 --> Helper loaded: param_helper
INFO - 2024-12-25 01:28:02 --> Helper loaded: credential_helper
INFO - 2024-12-25 01:28:02 --> Helper loaded: template_helper
INFO - 2024-12-25 01:28:02 --> Helper loaded: rest_helper
INFO - 2024-12-25 01:28:02 --> Database Driver Class Initialized
DEBUG - 2024-12-25 01:28:02 --> Idgenerator class already loaded. Second attempt ignored.
INFO - 2024-12-25 01:28:02 --> Controller Class Initialized
INFO - 2024-12-25 01:28:02 --> Model Class Initialized
DEBUG - 2024-12-25 01:28:02 --> File loaded: /apps/web-drc/application/modules/mapping_promo_active/models/Promo_active_model.php
INFO - 2024-12-25 01:28:02 --> Model Class Initialized
INFO - 2024-12-25 01:28:02 --> Final output sent to browser
DEBUG - 2024-12-25 01:28:02 --> Total execution time: 0.0281
INFO - 2024-12-25 01:28:04 --> Config Class Initialized
INFO - 2024-12-25 01:28:04 --> Hooks Class Initialized
DEBUG - 2024-12-25 01:28:04 --> UTF-8 Support Enabled
INFO - 2024-12-25 01:28:04 --> Utf8 Class Initialized
INFO - 2024-12-25 01:28:04 --> URI Class Initialized
INFO - 2024-12-25 01:28:04 --> Router Class Initialized
INFO - 2024-12-25 01:28:04 --> Output Class Initialized
INFO - 2024-12-25 01:28:04 --> Security Class Initialized
DEBUG - 2024-12-25 01:28:04 --> Global POST, GET and COOKIE data sanitized
INFO - 2024-12-25 01:28:04 --> Input Class Initialized
INFO - 2024-12-25 01:28:04 --> Language Class Initialized
INFO - 2024-12-25 01:28:04 --> Language Class Initialized
INFO - 2024-12-25 01:28:04 --> Config Class Initialized
INFO - 2024-12-25 01:28:04 --> Loader Class Initialized
INFO - 2024-12-25 01:28:04 --> Helper loaded: url_helper
INFO - 2024-12-25 01:28:04 --> Helper loaded: easyui_helper
INFO - 2024-12-25 01:28:04 --> Helper loaded: param_helper
INFO - 2024-12-25 01:28:04 --> Helper loaded: credential_helper
INFO - 2024-12-25 01:28:04 --> Helper loaded: template_helper
INFO - 2024-12-25 01:28:04 --> Helper loaded: rest_helper
INFO - 2024-12-25 01:28:04 --> Database Driver Class Initialized
DEBUG - 2024-12-25 01:28:04 --> Idgenerator class already loaded. Second attempt ignored.
INFO - 2024-12-25 01:28:04 --> Controller Class Initialized
INFO - 2024-12-25 01:28:04 --> Model Class Initialized
DEBUG - 2024-12-25 01:28:04 --> File loaded: /apps/web-drc/application/modules/mapping_promo_active/models/Promo_active_model.php
INFO - 2024-12-25 01:28:04 --> Model Class Initialized
DEBUG - 2024-12-25 01:28:04 --> File loaded: /apps/web-drc/application/modules/mapping_promo_active/views/form.php
DEBUG - 2024-12-25 01:28:04 --> File loaded: /apps/web-drc/application/views/templates/header.php
DEBUG - 2024-12-25 01:28:04 --> File loaded: /apps/web-drc/application/views/templates/toolbar.php
DEBUG - 2024-12-25 01:28:04 --> File loaded: /apps/web-drc/application/views/templates/sidebar.php
DEBUG - 2024-12-25 01:28:04 --> File loaded: /apps/web-drc/application/views/templates/contents.php
DEBUG - 2024-12-25 01:28:04 --> File loaded: /apps/web-drc/application/views/templates/content_footer.php
DEBUG - 2024-12-25 01:28:04 --> File loaded: /apps/web-drc/application/views/templates/footer.php
DEBUG - 2024-12-25 01:28:04 --> File loaded: /apps/web-drc/application/views/templates/default.php
INFO - 2024-12-25 01:28:04 --> Final output sent to browser
DEBUG - 2024-12-25 01:28:04 --> Total execution time: 0.0082
INFO - 2024-12-25 01:28:05 --> Config Class Initialized
INFO - 2024-12-25 01:28:05 --> Hooks Class Initialized
DEBUG - 2024-12-25 01:28:05 --> UTF-8 Support Enabled
INFO - 2024-12-25 01:28:05 --> Utf8 Class Initialized
INFO - 2024-12-25 01:28:05 --> URI Class Initialized
INFO - 2024-12-25 01:28:05 --> Router Class Initialized
INFO - 2024-12-25 01:28:05 --> Output Class Initialized
INFO - 2024-12-25 01:28:05 --> Security Class Initialized
DEBUG - 2024-12-25 01:28:05 --> Global POST, GET and COOKIE data sanitized
INFO - 2024-12-25 01:28:05 --> Input Class Initialized
INFO - 2024-12-25 01:28:05 --> Language Class Initialized
INFO - 2024-12-25 01:28:05 --> Language Class Initialized
INFO - 2024-12-25 01:28:05 --> Config Class Initialized
INFO - 2024-12-25 01:28:05 --> Loader Class Initialized
INFO - 2024-12-25 01:28:05 --> Helper loaded: url_helper
INFO - 2024-12-25 01:28:05 --> Helper loaded: easyui_helper
INFO - 2024-12-25 01:28:05 --> Helper loaded: param_helper
INFO - 2024-12-25 01:28:05 --> Helper loaded: credential_helper
INFO - 2024-12-25 01:28:05 --> Helper loaded: template_helper
INFO - 2024-12-25 01:28:05 --> Helper loaded: rest_helper
INFO - 2024-12-25 01:28:05 --> Database Driver Class Initialized
DEBUG - 2024-12-25 01:28:05 --> Idgenerator class already loaded. Second attempt ignored.
INFO - 2024-12-25 01:28:05 --> Controller Class Initialized
INFO - 2024-12-25 01:28:05 --> Model Class Initialized
DEBUG - 2024-12-25 01:28:05 --> File loaded: /apps/web-drc/application/modules/ref_customer_class/models/Customer_class_model.php
INFO - 2024-12-25 01:28:05 --> Model Class Initialized
INFO - 2024-12-25 01:28:05 --> Final output sent to browser
DEBUG - 2024-12-25 01:28:05 --> Total execution time: 0.0045
INFO - 2024-12-25 01:28:05 --> Config Class Initialized
INFO - 2024-12-25 01:28:05 --> Hooks Class Initialized
DEBUG - 2024-12-25 01:28:05 --> UTF-8 Support Enabled
INFO - 2024-12-25 01:28:05 --> Utf8 Class Initialized
INFO - 2024-12-25 01:28:05 --> URI Class Initialized
INFO - 2024-12-25 01:28:05 --> Router Class Initialized
INFO - 2024-12-25 01:28:05 --> Output Class Initialized
INFO - 2024-12-25 01:28:05 --> Security Class Initialized
DEBUG - 2024-12-25 01:28:05 --> Global POST, GET and COOKIE data sanitized
INFO - 2024-12-25 01:28:05 --> Input Class Initialized
INFO - 2024-12-25 01:28:05 --> Language Class Initialized
INFO - 2024-12-25 01:28:05 --> Language Class Initialized
INFO - 2024-12-25 01:28:05 --> Config Class Initialized
INFO - 2024-12-25 01:28:05 --> Loader Class Initialized
INFO - 2024-12-25 01:28:05 --> Helper loaded: url_helper
INFO - 2024-12-25 01:28:05 --> Helper loaded: easyui_helper
INFO - 2024-12-25 01:28:05 --> Helper loaded: param_helper
INFO - 2024-12-25 01:28:05 --> Helper loaded: credential_helper
INFO - 2024-12-25 01:28:05 --> Helper loaded: template_helper
INFO - 2024-12-25 01:28:05 --> Helper loaded: rest_helper
INFO - 2024-12-25 01:28:05 --> Database Driver Class Initialized
DEBUG - 2024-12-25 01:28:05 --> Idgenerator class already loaded. Second attempt ignored.
INFO - 2024-12-25 01:28:05 --> Controller Class Initialized
INFO - 2024-12-25 01:28:05 --> Model Class Initialized
DEBUG - 2024-12-25 01:28:05 --> File loaded: /apps/web-drc/application/modules/api_v1/models/Api_v1_model.php
INFO - 2024-12-25 01:28:05 --> Model Class Initialized
INFO - 2024-12-25 01:28:05 --> Final output sent to browser
DEBUG - 2024-12-25 01:28:05 --> Total execution time: 0.0033
INFO - 2024-12-25 10:25:33 --> Config Class Initialized
INFO - 2024-12-25 10:25:33 --> Hooks Class Initialized
DEBUG - 2024-12-25 10:25:33 --> UTF-8 Support Enabled
INFO - 2024-12-25 10:25:33 --> Utf8 Class Initialized
INFO - 2024-12-25 10:25:33 --> URI Class Initialized
INFO - 2024-12-25 10:25:33 --> Router Class Initialized
INFO - 2024-12-25 10:25:33 --> Output Class Initialized
INFO - 2024-12-25 10:25:33 --> Security Class Initialized
DEBUG - 2024-12-25 10:25:33 --> Global POST, GET and COOKIE data sanitized
INFO - 2024-12-25 10:25:33 --> Input Class Initialized
INFO - 2024-12-25 10:25:33 --> Language Class Initialized
ERROR - 2024-12-25 10:25:33 --> 404 Page Not Found: /index
INFO - 2024-12-25 12:58:53 --> Config Class Initialized
INFO - 2024-12-25 12:58:53 --> Hooks Class Initialized
DEBUG - 2024-12-25 12:58:53 --> UTF-8 Support Enabled
INFO - 2024-12-25 12:58:53 --> Utf8 Class Initialized
INFO - 2024-12-25 12:58:53 --> URI Class Initialized
INFO - 2024-12-25 12:58:53 --> Router Class Initialized
INFO - 2024-12-25 12:58:53 --> Output Class Initialized
INFO - 2024-12-25 12:58:53 --> Security Class Initialized
DEBUG - 2024-12-25 12:58:53 --> Global POST, GET and COOKIE data sanitized
INFO - 2024-12-25 12:58:53 --> Input Class Initialized
INFO - 2024-12-25 12:58:53 --> Language Class Initialized
INFO - 2024-12-25 12:58:53 --> Language Class Initialized
INFO - 2024-12-25 12:58:53 --> Config Class Initialized
INFO - 2024-12-25 12:58:53 --> Loader Class Initialized
INFO - 2024-12-25 12:58:53 --> Helper loaded: url_helper
INFO - 2024-12-25 12:58:53 --> Helper loaded: easyui_helper
INFO - 2024-12-25 12:58:53 --> Helper loaded: param_helper
INFO - 2024-12-25 12:58:53 --> Helper loaded: credential_helper
INFO - 2024-12-25 12:58:53 --> Helper loaded: template_helper
INFO - 2024-12-25 12:58:53 --> Helper loaded: rest_helper
INFO - 2024-12-25 12:58:53 --> Database Driver Class Initialized
DEBUG - 2024-12-25 12:58:53 --> Idgenerator class already loaded. Second attempt ignored.
INFO - 2024-12-25 12:58:53 --> Controller Class Initialized
INFO - 2024-12-25 12:58:53 --> Final output sent to browser
DEBUG - 2024-12-25 12:58:53 --> Total execution time: 0.1757
INFO - 2024-12-25 12:58:53 --> Config Class Initialized
INFO - 2024-12-25 12:58:53 --> Hooks Class Initialized
DEBUG - 2024-12-25 12:58:53 --> UTF-8 Support Enabled
INFO - 2024-12-25 12:58:53 --> Utf8 Class Initialized
INFO - 2024-12-25 12:58:53 --> URI Class Initialized
INFO - 2024-12-25 12:58:53 --> Router Class Initialized
INFO - 2024-12-25 12:58:53 --> Output Class Initialized
INFO - 2024-12-25 12:58:53 --> Security Class Initialized
DEBUG - 2024-12-25 12:58:53 --> Global POST, GET and COOKIE data sanitized
INFO - 2024-12-25 12:58:53 --> Input Class Initialized
INFO - 2024-12-25 12:58:53 --> Language Class Initialized
INFO - 2024-12-25 12:58:53 --> Language Class Initialized
INFO - 2024-12-25 12:58:53 --> Config Class Initialized
INFO - 2024-12-25 12:58:53 --> Loader Class Initialized
INFO - 2024-12-25 12:58:53 --> Helper loaded: url_helper
INFO - 2024-12-25 12:58:53 --> Helper loaded: easyui_helper
INFO - 2024-12-25 12:58:53 --> Helper loaded: param_helper
INFO - 2024-12-25 12:58:53 --> Helper loaded: credential_helper
INFO - 2024-12-25 12:58:53 --> Helper loaded: template_helper
INFO - 2024-12-25 12:58:53 --> Helper loaded: rest_helper
INFO - 2024-12-25 12:58:53 --> Database Driver Class Initialized
DEBUG - 2024-12-25 12:58:53 --> Idgenerator class already loaded. Second attempt ignored.
INFO - 2024-12-25 12:58:53 --> Controller Class Initialized
INFO - 2024-12-25 12:58:53 --> Model Class Initialized
DEBUG - 2024-12-25 12:58:53 --> File loaded: /apps/web-drc/application/modules/app_dashboard/models/App_dashboard_model.php
INFO - 2024-12-25 12:58:53 --> Model Class Initialized
DEBUG - 2024-12-25 12:58:53 --> File loaded: /apps/web-drc/application/modules/app_dashboard/views/content.php
DEBUG - 2024-12-25 12:58:53 --> File loaded: /apps/web-drc/application/views/templates/header.php
DEBUG - 2024-12-25 12:58:53 --> File loaded: /apps/web-drc/application/views/templates/toolbar.php
DEBUG - 2024-12-25 12:58:53 --> File loaded: /apps/web-drc/application/views/templates/sidebar.php
DEBUG - 2024-12-25 12:58:53 --> File loaded: /apps/web-drc/application/views/templates/contents.php
DEBUG - 2024-12-25 12:58:53 --> File loaded: /apps/web-drc/application/views/templates/content_footer.php
DEBUG - 2024-12-25 12:58:53 --> File loaded: /apps/web-drc/application/views/templates/footer.php
DEBUG - 2024-12-25 12:58:53 --> File loaded: /apps/web-drc/application/views/templates/default.php
INFO - 2024-12-25 12:58:53 --> Final output sent to browser
DEBUG - 2024-12-25 12:58:53 --> Total execution time: 0.0538
INFO - 2024-12-25 12:58:54 --> Config Class Initialized
INFO - 2024-12-25 12:58:54 --> Hooks Class Initialized
DEBUG - 2024-12-25 12:58:54 --> UTF-8 Support Enabled
INFO - 2024-12-25 12:58:54 --> Utf8 Class Initialized
INFO - 2024-12-25 12:58:54 --> URI Class Initialized
INFO - 2024-12-25 12:58:54 --> Router Class Initialized
INFO - 2024-12-25 12:58:54 --> Output Class Initialized
INFO - 2024-12-25 12:58:54 --> Security Class Initialized
DEBUG - 2024-12-25 12:58:54 --> Global POST, GET and COOKIE data sanitized
INFO - 2024-12-25 12:58:54 --> Input Class Initialized
INFO - 2024-12-25 12:58:54 --> Language Class Initialized
INFO - 2024-12-25 12:58:54 --> Language Class Initialized
INFO - 2024-12-25 12:58:54 --> Config Class Initialized
INFO - 2024-12-25 12:58:54 --> Loader Class Initialized
INFO - 2024-12-25 12:58:54 --> Helper loaded: url_helper
INFO - 2024-12-25 12:58:54 --> Helper loaded: easyui_helper
INFO - 2024-12-25 12:58:54 --> Helper loaded: param_helper
INFO - 2024-12-25 12:58:54 --> Helper loaded: credential_helper
INFO - 2024-12-25 12:58:54 --> Helper loaded: template_helper
INFO - 2024-12-25 12:58:54 --> Helper loaded: rest_helper
INFO - 2024-12-25 12:58:54 --> Database Driver Class Initialized
DEBUG - 2024-12-25 12:58:54 --> Idgenerator class already loaded. Second attempt ignored.
INFO - 2024-12-25 12:58:54 --> Controller Class Initialized
INFO - 2024-12-25 12:58:54 --> Model Class Initialized
DEBUG - 2024-12-25 12:58:54 --> File loaded: /apps/web-drc/application/modules/app_dashboard/models/App_dashboard_model.php
INFO - 2024-12-25 12:58:54 --> Model Class Initialized
INFO - 2024-12-25 12:58:54 --> Final output sent to browser
DEBUG - 2024-12-25 12:58:54 --> Total execution time: 0.0633
INFO - 2024-12-25 12:58:54 --> Config Class Initialized
INFO - 2024-12-25 12:58:54 --> Hooks Class Initialized
DEBUG - 2024-12-25 12:58:54 --> UTF-8 Support Enabled
INFO - 2024-12-25 12:58:54 --> Utf8 Class Initialized
INFO - 2024-12-25 12:58:54 --> URI Class Initialized
INFO - 2024-12-25 12:58:54 --> Router Class Initialized
INFO - 2024-12-25 12:58:54 --> Output Class Initialized
INFO - 2024-12-25 12:58:54 --> Security Class Initialized
DEBUG - 2024-12-25 12:58:54 --> Global POST, GET and COOKIE data sanitized
INFO - 2024-12-25 12:58:54 --> Input Class Initialized
INFO - 2024-12-25 12:58:54 --> Language Class Initialized
INFO - 2024-12-25 12:58:54 --> Language Class Initialized
INFO - 2024-12-25 12:58:54 --> Config Class Initialized
INFO - 2024-12-25 12:58:54 --> Loader Class Initialized
INFO - 2024-12-25 12:58:54 --> Helper loaded: url_helper
INFO - 2024-12-25 12:58:54 --> Helper loaded: easyui_helper
INFO - 2024-12-25 12:58:54 --> Helper loaded: param_helper
INFO - 2024-12-25 12:58:54 --> Helper loaded: credential_helper
INFO - 2024-12-25 12:58:54 --> Helper loaded: template_helper
INFO - 2024-12-25 12:58:54 --> Helper loaded: rest_helper
INFO - 2024-12-25 12:58:54 --> Database Driver Class Initialized
DEBUG - 2024-12-25 12:58:54 --> Idgenerator class already loaded. Second attempt ignored.
INFO - 2024-12-25 12:58:54 --> Controller Class Initialized
INFO - 2024-12-25 12:58:54 --> Model Class Initialized
DEBUG - 2024-12-25 12:58:54 --> File loaded: /apps/web-drc/application/modules/api_v1/models/Api_v1_model.php
INFO - 2024-12-25 12:58:54 --> Model Class Initialized
INFO - 2024-12-25 12:58:54 --> Final output sent to browser
DEBUG - 2024-12-25 12:58:54 --> Total execution time: 0.0131
INFO - 2024-12-25 12:58:54 --> Config Class Initialized
INFO - 2024-12-25 12:58:54 --> Hooks Class Initialized
DEBUG - 2024-12-25 12:58:54 --> UTF-8 Support Enabled
INFO - 2024-12-25 12:58:54 --> Utf8 Class Initialized
INFO - 2024-12-25 12:58:54 --> URI Class Initialized
INFO - 2024-12-25 12:58:54 --> Router Class Initialized
INFO - 2024-12-25 12:58:54 --> Output Class Initialized
INFO - 2024-12-25 12:58:54 --> Security Class Initialized
DEBUG - 2024-12-25 12:58:54 --> Global POST, GET and COOKIE data sanitized
INFO - 2024-12-25 12:58:54 --> Input Class Initialized
INFO - 2024-12-25 12:58:54 --> Language Class Initialized
ERROR - 2024-12-25 12:58:54 --> 404 Page Not Found: /index
INFO - 2024-12-25 12:58:58 --> Config Class Initialized
INFO - 2024-12-25 12:58:58 --> Hooks Class Initialized
DEBUG - 2024-12-25 12:58:58 --> UTF-8 Support Enabled
INFO - 2024-12-25 12:58:58 --> Utf8 Class Initialized
INFO - 2024-12-25 12:58:58 --> URI Class Initialized
INFO - 2024-12-25 12:58:58 --> Router Class Initialized
INFO - 2024-12-25 12:58:58 --> Output Class Initialized
INFO - 2024-12-25 12:58:58 --> Security Class Initialized
DEBUG - 2024-12-25 12:58:58 --> Global POST, GET and COOKIE data sanitized
INFO - 2024-12-25 12:58:58 --> Input Class Initialized
INFO - 2024-12-25 12:58:58 --> Language Class Initialized
INFO - 2024-12-25 12:58:58 --> Language Class Initialized
INFO - 2024-12-25 12:58:58 --> Config Class Initialized
INFO - 2024-12-25 12:58:58 --> Loader Class Initialized
INFO - 2024-12-25 12:58:58 --> Helper loaded: url_helper
INFO - 2024-12-25 12:58:58 --> Helper loaded: easyui_helper
INFO - 2024-12-25 12:58:58 --> Helper loaded: param_helper
INFO - 2024-12-25 12:58:58 --> Helper loaded: credential_helper
INFO - 2024-12-25 12:58:58 --> Helper loaded: template_helper
INFO - 2024-12-25 12:58:58 --> Helper loaded: rest_helper
INFO - 2024-12-25 12:58:58 --> Database Driver Class Initialized
DEBUG - 2024-12-25 12:58:58 --> Idgenerator class already loaded. Second attempt ignored.
INFO - 2024-12-25 12:58:58 --> Controller Class Initialized
INFO - 2024-12-25 12:58:58 --> Model Class Initialized
DEBUG - 2024-12-25 12:58:58 --> File loaded: /apps/web-drc/application/modules/mapping_promo_active/models/Promo_active_model.php
INFO - 2024-12-25 12:58:58 --> Model Class Initialized
DEBUG - 2024-12-25 12:58:58 --> File loaded: /apps/web-drc/application/modules/mapping_promo_active/views/content.php
DEBUG - 2024-12-25 12:58:58 --> File loaded: /apps/web-drc/application/views/templates/header.php
DEBUG - 2024-12-25 12:58:58 --> File loaded: /apps/web-drc/application/views/templates/toolbar.php
DEBUG - 2024-12-25 12:58:58 --> File loaded: /apps/web-drc/application/views/templates/sidebar.php
DEBUG - 2024-12-25 12:58:58 --> File loaded: /apps/web-drc/application/views/templates/contents.php
DEBUG - 2024-12-25 12:58:58 --> File loaded: /apps/web-drc/application/views/templates/content_footer.php
DEBUG - 2024-12-25 12:58:58 --> File loaded: /apps/web-drc/application/views/templates/footer.php
DEBUG - 2024-12-25 12:58:58 --> File loaded: /apps/web-drc/application/views/templates/default.php
INFO - 2024-12-25 12:58:58 --> Final output sent to browser
DEBUG - 2024-12-25 12:58:58 --> Total execution time: 0.0421
INFO - 2024-12-25 12:58:58 --> Config Class Initialized
INFO - 2024-12-25 12:58:58 --> Hooks Class Initialized
DEBUG - 2024-12-25 12:58:58 --> UTF-8 Support Enabled
INFO - 2024-12-25 12:58:58 --> Utf8 Class Initialized
INFO - 2024-12-25 12:58:58 --> URI Class Initialized
INFO - 2024-12-25 12:58:58 --> Router Class Initialized
INFO - 2024-12-25 12:58:58 --> Output Class Initialized
INFO - 2024-12-25 12:58:58 --> Security Class Initialized
DEBUG - 2024-12-25 12:58:58 --> Global POST, GET and COOKIE data sanitized
INFO - 2024-12-25 12:58:58 --> Input Class Initialized
INFO - 2024-12-25 12:58:58 --> Language Class Initialized
INFO - 2024-12-25 12:58:58 --> Language Class Initialized
INFO - 2024-12-25 12:58:58 --> Config Class Initialized
INFO - 2024-12-25 12:58:58 --> Loader Class Initialized
INFO - 2024-12-25 12:58:58 --> Helper loaded: url_helper
INFO - 2024-12-25 12:58:58 --> Helper loaded: easyui_helper
INFO - 2024-12-25 12:58:58 --> Helper loaded: param_helper
INFO - 2024-12-25 12:58:58 --> Helper loaded: credential_helper
INFO - 2024-12-25 12:58:58 --> Helper loaded: template_helper
INFO - 2024-12-25 12:58:58 --> Helper loaded: rest_helper
INFO - 2024-12-25 12:58:58 --> Database Driver Class Initialized
DEBUG - 2024-12-25 12:58:58 --> Idgenerator class already loaded. Second attempt ignored.
INFO - 2024-12-25 12:58:58 --> Controller Class Initialized
INFO - 2024-12-25 12:58:58 --> Model Class Initialized
DEBUG - 2024-12-25 12:58:58 --> File loaded: /apps/web-drc/application/modules/mapping_promo_active/models/Promo_active_model.php
INFO - 2024-12-25 12:58:58 --> Model Class Initialized
INFO - 2024-12-25 12:58:58 --> Final output sent to browser
DEBUG - 2024-12-25 12:58:58 --> Total execution time: 0.0254
INFO - 2024-12-25 12:59:01 --> Config Class Initialized
INFO - 2024-12-25 12:59:01 --> Hooks Class Initialized
DEBUG - 2024-12-25 12:59:01 --> UTF-8 Support Enabled
INFO - 2024-12-25 12:59:01 --> Utf8 Class Initialized
INFO - 2024-12-25 12:59:01 --> URI Class Initialized
INFO - 2024-12-25 12:59:01 --> Router Class Initialized
INFO - 2024-12-25 12:59:01 --> Output Class Initialized
INFO - 2024-12-25 12:59:01 --> Security Class Initialized
DEBUG - 2024-12-25 12:59:01 --> Global POST, GET and COOKIE data sanitized
INFO - 2024-12-25 12:59:01 --> Input Class Initialized
INFO - 2024-12-25 12:59:01 --> Language Class Initialized
INFO - 2024-12-25 12:59:01 --> Language Class Initialized
INFO - 2024-12-25 12:59:01 --> Config Class Initialized
INFO - 2024-12-25 12:59:01 --> Loader Class Initialized
INFO - 2024-12-25 12:59:01 --> Helper loaded: url_helper
INFO - 2024-12-25 12:59:01 --> Helper loaded: easyui_helper
INFO - 2024-12-25 12:59:01 --> Helper loaded: param_helper
INFO - 2024-12-25 12:59:01 --> Helper loaded: credential_helper
INFO - 2024-12-25 12:59:01 --> Helper loaded: template_helper
INFO - 2024-12-25 12:59:01 --> Helper loaded: rest_helper
INFO - 2024-12-25 12:59:01 --> Database Driver Class Initialized
DEBUG - 2024-12-25 12:59:01 --> Idgenerator class already loaded. Second attempt ignored.
INFO - 2024-12-25 12:59:01 --> Controller Class Initialized
INFO - 2024-12-25 12:59:01 --> Model Class Initialized
DEBUG - 2024-12-25 12:59:01 --> File loaded: /apps/web-drc/application/modules/mapping_promo_active/models/Promo_active_model.php
INFO - 2024-12-25 12:59:01 --> Model Class Initialized
DEBUG - 2024-12-25 12:59:01 --> File loaded: /apps/web-drc/application/modules/mapping_promo_active/views/form.php
DEBUG - 2024-12-25 12:59:01 --> File loaded: /apps/web-drc/application/views/templates/header.php
DEBUG - 2024-12-25 12:59:01 --> File loaded: /apps/web-drc/application/views/templates/toolbar.php
DEBUG - 2024-12-25 12:59:01 --> File loaded: /apps/web-drc/application/views/templates/sidebar.php
DEBUG - 2024-12-25 12:59:01 --> File loaded: /apps/web-drc/application/views/templates/contents.php
DEBUG - 2024-12-25 12:59:01 --> File loaded: /apps/web-drc/application/views/templates/content_footer.php
DEBUG - 2024-12-25 12:59:01 --> File loaded: /apps/web-drc/application/views/templates/footer.php
DEBUG - 2024-12-25 12:59:01 --> File loaded: /apps/web-drc/application/views/templates/default.php
INFO - 2024-12-25 12:59:01 --> Final output sent to browser
DEBUG - 2024-12-25 12:59:01 --> Total execution time: 0.0330
INFO - 2024-12-25 12:59:01 --> Config Class Initialized
INFO - 2024-12-25 12:59:01 --> Hooks Class Initialized
DEBUG - 2024-12-25 12:59:01 --> UTF-8 Support Enabled
INFO - 2024-12-25 12:59:01 --> Utf8 Class Initialized
INFO - 2024-12-25 12:59:01 --> URI Class Initialized
INFO - 2024-12-25 12:59:01 --> Router Class Initialized
INFO - 2024-12-25 12:59:01 --> Output Class Initialized
INFO - 2024-12-25 12:59:01 --> Security Class Initialized
DEBUG - 2024-12-25 12:59:01 --> Global POST, GET and COOKIE data sanitized
INFO - 2024-12-25 12:59:01 --> Input Class Initialized
INFO - 2024-12-25 12:59:01 --> Language Class Initialized
INFO - 2024-12-25 12:59:01 --> Language Class Initialized
INFO - 2024-12-25 12:59:01 --> Config Class Initialized
INFO - 2024-12-25 12:59:01 --> Loader Class Initialized
INFO - 2024-12-25 12:59:01 --> Helper loaded: url_helper
INFO - 2024-12-25 12:59:01 --> Helper loaded: easyui_helper
INFO - 2024-12-25 12:59:01 --> Helper loaded: param_helper
INFO - 2024-12-25 12:59:01 --> Helper loaded: credential_helper
INFO - 2024-12-25 12:59:01 --> Helper loaded: template_helper
INFO - 2024-12-25 12:59:01 --> Helper loaded: rest_helper
INFO - 2024-12-25 12:59:01 --> Database Driver Class Initialized
DEBUG - 2024-12-25 12:59:01 --> Idgenerator class already loaded. Second attempt ignored.
INFO - 2024-12-25 12:59:01 --> Controller Class Initialized
INFO - 2024-12-25 12:59:01 --> Model Class Initialized
DEBUG - 2024-12-25 12:59:01 --> File loaded: /apps/web-drc/application/modules/api_v1/models/Api_v1_model.php
INFO - 2024-12-25 12:59:01 --> Model Class Initialized
INFO - 2024-12-25 12:59:01 --> Final output sent to browser
DEBUG - 2024-12-25 12:59:01 --> Total execution time: 0.0057
INFO - 2024-12-25 12:59:01 --> Config Class Initialized
INFO - 2024-12-25 12:59:01 --> Hooks Class Initialized
DEBUG - 2024-12-25 12:59:01 --> UTF-8 Support Enabled
INFO - 2024-12-25 12:59:01 --> Utf8 Class Initialized
INFO - 2024-12-25 12:59:01 --> URI Class Initialized
INFO - 2024-12-25 12:59:01 --> Router Class Initialized
INFO - 2024-12-25 12:59:01 --> Output Class Initialized
INFO - 2024-12-25 12:59:01 --> Security Class Initialized
DEBUG - 2024-12-25 12:59:01 --> Global POST, GET and COOKIE data sanitized
INFO - 2024-12-25 12:59:01 --> Input Class Initialized
INFO - 2024-12-25 12:59:01 --> Language Class Initialized
INFO - 2024-12-25 12:59:01 --> Language Class Initialized
INFO - 2024-12-25 12:59:01 --> Config Class Initialized
INFO - 2024-12-25 12:59:01 --> Loader Class Initialized
INFO - 2024-12-25 12:59:01 --> Helper loaded: url_helper
INFO - 2024-12-25 12:59:01 --> Helper loaded: easyui_helper
INFO - 2024-12-25 12:59:01 --> Helper loaded: param_helper
INFO - 2024-12-25 12:59:01 --> Helper loaded: credential_helper
INFO - 2024-12-25 12:59:01 --> Helper loaded: template_helper
INFO - 2024-12-25 12:59:01 --> Helper loaded: rest_helper
INFO - 2024-12-25 12:59:01 --> Database Driver Class Initialized
DEBUG - 2024-12-25 12:59:01 --> Idgenerator class already loaded. Second attempt ignored.
INFO - 2024-12-25 12:59:01 --> Controller Class Initialized
INFO - 2024-12-25 12:59:01 --> Model Class Initialized
DEBUG - 2024-12-25 12:59:01 --> File loaded: /apps/web-drc/application/modules/ref_customer_class/models/Customer_class_model.php
INFO - 2024-12-25 12:59:01 --> Model Class Initialized
INFO - 2024-12-25 12:59:01 --> Final output sent to browser
DEBUG - 2024-12-25 12:59:01 --> Total execution time: 0.0147
INFO - 2024-12-25 13:05:35 --> Config Class Initialized
INFO - 2024-12-25 13:05:35 --> Hooks Class Initialized
DEBUG - 2024-12-25 13:05:35 --> UTF-8 Support Enabled
INFO - 2024-12-25 13:05:35 --> Utf8 Class Initialized
INFO - 2024-12-25 13:05:35 --> URI Class Initialized
INFO - 2024-12-25 13:05:35 --> Router Class Initialized
INFO - 2024-12-25 13:05:35 --> Output Class Initialized
INFO - 2024-12-25 13:05:35 --> Security Class Initialized
DEBUG - 2024-12-25 13:05:35 --> Global POST, GET and COOKIE data sanitized
INFO - 2024-12-25 13:05:35 --> Input Class Initialized
INFO - 2024-12-25 13:05:35 --> Language Class Initialized
INFO - 2024-12-25 13:05:35 --> Language Class Initialized
INFO - 2024-12-25 13:05:35 --> Config Class Initialized
INFO - 2024-12-25 13:05:35 --> Loader Class Initialized
INFO - 2024-12-25 13:05:35 --> Helper loaded: url_helper
INFO - 2024-12-25 13:05:35 --> Helper loaded: easyui_helper
INFO - 2024-12-25 13:05:35 --> Helper loaded: param_helper
INFO - 2024-12-25 13:05:35 --> Helper loaded: credential_helper
INFO - 2024-12-25 13:05:35 --> Helper loaded: template_helper
INFO - 2024-12-25 13:05:35 --> Helper loaded: rest_helper
INFO - 2024-12-25 13:05:35 --> Database Driver Class Initialized
DEBUG - 2024-12-25 13:05:35 --> Idgenerator class already loaded. Second attempt ignored.
INFO - 2024-12-25 13:05:35 --> Controller Class Initialized
INFO - 2024-12-25 13:05:35 --> Model Class Initialized
DEBUG - 2024-12-25 13:05:35 --> File loaded: /apps/web-drc/application/modules/mapping_promo_active/models/Promo_active_model.php
INFO - 2024-12-25 13:05:35 --> Model Class Initialized
DEBUG - 2024-12-25 13:05:35 --> File loaded: /apps/web-drc/application/modules/mapping_promo_active/views/form.php
DEBUG - 2024-12-25 13:05:35 --> File loaded: /apps/web-drc/application/views/templates/header.php
DEBUG - 2024-12-25 13:05:35 --> File loaded: /apps/web-drc/application/views/templates/toolbar.php
DEBUG - 2024-12-25 13:05:35 --> File loaded: /apps/web-drc/application/views/templates/sidebar.php
DEBUG - 2024-12-25 13:05:35 --> File loaded: /apps/web-drc/application/views/templates/contents.php
DEBUG - 2024-12-25 13:05:35 --> File loaded: /apps/web-drc/application/views/templates/content_footer.php
DEBUG - 2024-12-25 13:05:35 --> File loaded: /apps/web-drc/application/views/templates/footer.php
DEBUG - 2024-12-25 13:05:35 --> File loaded: /apps/web-drc/application/views/templates/default.php
INFO - 2024-12-25 13:05:35 --> Final output sent to browser
DEBUG - 2024-12-25 13:05:35 --> Total execution time: 0.0266
INFO - 2024-12-25 13:05:36 --> Config Class Initialized
INFO - 2024-12-25 13:05:36 --> Hooks Class Initialized
DEBUG - 2024-12-25 13:05:36 --> UTF-8 Support Enabled
INFO - 2024-12-25 13:05:36 --> Utf8 Class Initialized
INFO - 2024-12-25 13:05:36 --> URI Class Initialized
INFO - 2024-12-25 13:05:36 --> Router Class Initialized
INFO - 2024-12-25 13:05:36 --> Output Class Initialized
INFO - 2024-12-25 13:05:36 --> Security Class Initialized
DEBUG - 2024-12-25 13:05:36 --> Global POST, GET and COOKIE data sanitized
INFO - 2024-12-25 13:05:36 --> Input Class Initialized
INFO - 2024-12-25 13:05:36 --> Language Class Initialized
INFO - 2024-12-25 13:05:36 --> Language Class Initialized
INFO - 2024-12-25 13:05:36 --> Config Class Initialized
INFO - 2024-12-25 13:05:36 --> Loader Class Initialized
INFO - 2024-12-25 13:05:36 --> Helper loaded: url_helper
INFO - 2024-12-25 13:05:36 --> Helper loaded: easyui_helper
INFO - 2024-12-25 13:05:36 --> Helper loaded: param_helper
INFO - 2024-12-25 13:05:36 --> Helper loaded: credential_helper
INFO - 2024-12-25 13:05:36 --> Helper loaded: template_helper
INFO - 2024-12-25 13:05:36 --> Helper loaded: rest_helper
INFO - 2024-12-25 13:05:36 --> Database Driver Class Initialized
DEBUG - 2024-12-25 13:05:36 --> Idgenerator class already loaded. Second attempt ignored.
INFO - 2024-12-25 13:05:36 --> Controller Class Initialized
INFO - 2024-12-25 13:05:36 --> Model Class Initialized
DEBUG - 2024-12-25 13:05:36 --> File loaded: /apps/web-drc/application/modules/api_v1/models/Api_v1_model.php
INFO - 2024-12-25 13:05:36 --> Model Class Initialized
INFO - 2024-12-25 13:05:36 --> Final output sent to browser
DEBUG - 2024-12-25 13:05:36 --> Total execution time: 0.0058
INFO - 2024-12-25 13:05:36 --> Config Class Initialized
INFO - 2024-12-25 13:05:36 --> Hooks Class Initialized
DEBUG - 2024-12-25 13:05:36 --> UTF-8 Support Enabled
INFO - 2024-12-25 13:05:36 --> Utf8 Class Initialized
INFO - 2024-12-25 13:05:36 --> URI Class Initialized
INFO - 2024-12-25 13:05:36 --> Router Class Initialized
INFO - 2024-12-25 13:05:36 --> Output Class Initialized
INFO - 2024-12-25 13:05:36 --> Security Class Initialized
DEBUG - 2024-12-25 13:05:36 --> Global POST, GET and COOKIE data sanitized
INFO - 2024-12-25 13:05:36 --> Input Class Initialized
INFO - 2024-12-25 13:05:36 --> Language Class Initialized
INFO - 2024-12-25 13:05:36 --> Language Class Initialized
INFO - 2024-12-25 13:05:36 --> Config Class Initialized
INFO - 2024-12-25 13:05:36 --> Loader Class Initialized
INFO - 2024-12-25 13:05:36 --> Helper loaded: url_helper
INFO - 2024-12-25 13:05:36 --> Helper loaded: easyui_helper
INFO - 2024-12-25 13:05:36 --> Helper loaded: param_helper
INFO - 2024-12-25 13:05:36 --> Helper loaded: credential_helper
INFO - 2024-12-25 13:05:36 --> Helper loaded: template_helper
INFO - 2024-12-25 13:05:36 --> Helper loaded: rest_helper
INFO - 2024-12-25 13:05:36 --> Database Driver Class Initialized
DEBUG - 2024-12-25 13:05:36 --> Idgenerator class already loaded. Second attempt ignored.
INFO - 2024-12-25 13:05:36 --> Controller Class Initialized
INFO - 2024-12-25 13:05:36 --> Model Class Initialized
DEBUG - 2024-12-25 13:05:36 --> File loaded: /apps/web-drc/application/modules/ref_customer_class/models/Customer_class_model.php
INFO - 2024-12-25 13:05:36 --> Model Class Initialized
INFO - 2024-12-25 13:05:36 --> Final output sent to browser
DEBUG - 2024-12-25 13:05:36 --> Total execution time: 0.0038
INFO - 2024-12-25 13:05:36 --> Config Class Initialized
INFO - 2024-12-25 13:05:36 --> Hooks Class Initialized
DEBUG - 2024-12-25 13:05:36 --> UTF-8 Support Enabled
INFO - 2024-12-25 13:05:36 --> Utf8 Class Initialized
INFO - 2024-12-25 13:05:36 --> URI Class Initialized
INFO - 2024-12-25 13:05:36 --> Router Class Initialized
INFO - 2024-12-25 13:05:36 --> Output Class Initialized
INFO - 2024-12-25 13:05:36 --> Security Class Initialized
DEBUG - 2024-12-25 13:05:36 --> Global POST, GET and COOKIE data sanitized
INFO - 2024-12-25 13:05:36 --> Input Class Initialized
INFO - 2024-12-25 13:05:36 --> Language Class Initialized
INFO - 2024-12-25 13:05:36 --> Language Class Initialized
INFO - 2024-12-25 13:05:36 --> Config Class Initialized
INFO - 2024-12-25 13:05:36 --> Loader Class Initialized
INFO - 2024-12-25 13:05:36 --> Helper loaded: url_helper
INFO - 2024-12-25 13:05:36 --> Helper loaded: easyui_helper
INFO - 2024-12-25 13:05:36 --> Helper loaded: param_helper
INFO - 2024-12-25 13:05:36 --> Helper loaded: credential_helper
INFO - 2024-12-25 13:05:36 --> Helper loaded: template_helper
INFO - 2024-12-25 13:05:36 --> Helper loaded: rest_helper
INFO - 2024-12-25 13:05:36 --> Database Driver Class Initialized
DEBUG - 2024-12-25 13:05:36 --> Idgenerator class already loaded. Second attempt ignored.
INFO - 2024-12-25 13:05:36 --> Controller Class Initialized
INFO - 2024-12-25 13:05:36 --> Model Class Initialized
DEBUG - 2024-12-25 13:05:36 --> File loaded: /apps/web-drc/application/modules/api_v1/models/Api_v1_model.php
INFO - 2024-12-25 13:05:36 --> Model Class Initialized
INFO - 2024-12-25 13:05:36 --> Final output sent to browser
DEBUG - 2024-12-25 13:05:36 --> Total execution time: 0.0053
INFO - 2024-12-25 13:05:38 --> Config Class Initialized
INFO - 2024-12-25 13:05:38 --> Hooks Class Initialized
DEBUG - 2024-12-25 13:05:38 --> UTF-8 Support Enabled
INFO - 2024-12-25 13:05:38 --> Utf8 Class Initialized
INFO - 2024-12-25 13:05:38 --> URI Class Initialized
INFO - 2024-12-25 13:05:38 --> Router Class Initialized
INFO - 2024-12-25 13:05:38 --> Output Class Initialized
INFO - 2024-12-25 13:05:38 --> Security Class Initialized
DEBUG - 2024-12-25 13:05:38 --> Global POST, GET and COOKIE data sanitized
INFO - 2024-12-25 13:05:38 --> Input Class Initialized
INFO - 2024-12-25 13:05:38 --> Language Class Initialized
ERROR - 2024-12-25 13:05:38 --> 404 Page Not Found: /index
INFO - 2024-12-25 13:08:43 --> Config Class Initialized
INFO - 2024-12-25 13:08:43 --> Hooks Class Initialized
DEBUG - 2024-12-25 13:08:43 --> UTF-8 Support Enabled
INFO - 2024-12-25 13:08:43 --> Utf8 Class Initialized
INFO - 2024-12-25 13:08:43 --> URI Class Initialized
INFO - 2024-12-25 13:08:43 --> Router Class Initialized
INFO - 2024-12-25 13:08:43 --> Output Class Initialized
INFO - 2024-12-25 13:08:43 --> Security Class Initialized
DEBUG - 2024-12-25 13:08:43 --> Global POST, GET and COOKIE data sanitized
INFO - 2024-12-25 13:08:43 --> Input Class Initialized
INFO - 2024-12-25 13:08:43 --> Language Class Initialized
INFO - 2024-12-25 13:08:43 --> Language Class Initialized
INFO - 2024-12-25 13:08:43 --> Config Class Initialized
INFO - 2024-12-25 13:08:43 --> Loader Class Initialized
INFO - 2024-12-25 13:08:43 --> Helper loaded: url_helper
INFO - 2024-12-25 13:08:43 --> Helper loaded: easyui_helper
INFO - 2024-12-25 13:08:43 --> Helper loaded: param_helper
INFO - 2024-12-25 13:08:43 --> Helper loaded: credential_helper
INFO - 2024-12-25 13:08:43 --> Helper loaded: template_helper
INFO - 2024-12-25 13:08:43 --> Helper loaded: rest_helper
INFO - 2024-12-25 13:08:43 --> Database Driver Class Initialized
DEBUG - 2024-12-25 13:08:43 --> Idgenerator class already loaded. Second attempt ignored.
INFO - 2024-12-25 13:08:43 --> Controller Class Initialized
INFO - 2024-12-25 13:08:43 --> Model Class Initialized
DEBUG - 2024-12-25 13:08:43 --> File loaded: /apps/web-drc/application/modules/mapping_promo_active/models/Promo_active_model.php
INFO - 2024-12-25 13:08:43 --> Model Class Initialized
DEBUG - 2024-12-25 13:08:43 --> File loaded: /apps/web-drc/application/modules/mapping_promo_active/views/form.php
DEBUG - 2024-12-25 13:08:43 --> File loaded: /apps/web-drc/application/views/templates/header.php
DEBUG - 2024-12-25 13:08:43 --> File loaded: /apps/web-drc/application/views/templates/toolbar.php
DEBUG - 2024-12-25 13:08:43 --> File loaded: /apps/web-drc/application/views/templates/sidebar.php
DEBUG - 2024-12-25 13:08:43 --> File loaded: /apps/web-drc/application/views/templates/contents.php
DEBUG - 2024-12-25 13:08:43 --> File loaded: /apps/web-drc/application/views/templates/content_footer.php
DEBUG - 2024-12-25 13:08:43 --> File loaded: /apps/web-drc/application/views/templates/footer.php
DEBUG - 2024-12-25 13:08:43 --> File loaded: /apps/web-drc/application/views/templates/default.php
INFO - 2024-12-25 13:08:43 --> Final output sent to browser
DEBUG - 2024-12-25 13:08:43 --> Total execution time: 0.0222
INFO - 2024-12-25 13:08:45 --> Config Class Initialized
INFO - 2024-12-25 13:08:45 --> Hooks Class Initialized
DEBUG - 2024-12-25 13:08:45 --> UTF-8 Support Enabled
INFO - 2024-12-25 13:08:45 --> Utf8 Class Initialized
INFO - 2024-12-25 13:08:45 --> URI Class Initialized
INFO - 2024-12-25 13:08:45 --> Router Class Initialized
INFO - 2024-12-25 13:08:45 --> Output Class Initialized
INFO - 2024-12-25 13:08:45 --> Security Class Initialized
DEBUG - 2024-12-25 13:08:45 --> Global POST, GET and COOKIE data sanitized
INFO - 2024-12-25 13:08:45 --> Input Class Initialized
INFO - 2024-12-25 13:08:45 --> Language Class Initialized
INFO - 2024-12-25 13:08:45 --> Language Class Initialized
INFO - 2024-12-25 13:08:45 --> Config Class Initialized
INFO - 2024-12-25 13:08:45 --> Loader Class Initialized
INFO - 2024-12-25 13:08:45 --> Helper loaded: url_helper
INFO - 2024-12-25 13:08:45 --> Helper loaded: easyui_helper
INFO - 2024-12-25 13:08:45 --> Helper loaded: param_helper
INFO - 2024-12-25 13:08:45 --> Helper loaded: credential_helper
INFO - 2024-12-25 13:08:45 --> Helper loaded: template_helper
INFO - 2024-12-25 13:08:45 --> Helper loaded: rest_helper
INFO - 2024-12-25 13:08:45 --> Database Driver Class Initialized
DEBUG - 2024-12-25 13:08:45 --> Idgenerator class already loaded. Second attempt ignored.
INFO - 2024-12-25 13:08:45 --> Controller Class Initialized
INFO - 2024-12-25 13:08:45 --> Model Class Initialized
DEBUG - 2024-12-25 13:08:45 --> File loaded: /apps/web-drc/application/modules/api_v1/models/Api_v1_model.php
INFO - 2024-12-25 13:08:45 --> Model Class Initialized
INFO - 2024-12-25 13:08:45 --> Final output sent to browser
DEBUG - 2024-12-25 13:08:45 --> Total execution time: 0.0149
INFO - 2024-12-25 13:08:45 --> Config Class Initialized
INFO - 2024-12-25 13:08:45 --> Hooks Class Initialized
DEBUG - 2024-12-25 13:08:45 --> UTF-8 Support Enabled
INFO - 2024-12-25 13:08:45 --> Utf8 Class Initialized
INFO - 2024-12-25 13:08:45 --> URI Class Initialized
INFO - 2024-12-25 13:08:45 --> Router Class Initialized
INFO - 2024-12-25 13:08:45 --> Output Class Initialized
INFO - 2024-12-25 13:08:45 --> Security Class Initialized
DEBUG - 2024-12-25 13:08:45 --> Global POST, GET and COOKIE data sanitized
INFO - 2024-12-25 13:08:45 --> Input Class Initialized
INFO - 2024-12-25 13:08:45 --> Language Class Initialized
INFO - 2024-12-25 13:08:45 --> Language Class Initialized
INFO - 2024-12-25 13:08:45 --> Config Class Initialized
INFO - 2024-12-25 13:08:45 --> Loader Class Initialized
INFO - 2024-12-25 13:08:45 --> Helper loaded: url_helper
INFO - 2024-12-25 13:08:45 --> Helper loaded: easyui_helper
INFO - 2024-12-25 13:08:45 --> Helper loaded: param_helper
INFO - 2024-12-25 13:08:45 --> Helper loaded: credential_helper
INFO - 2024-12-25 13:08:45 --> Helper loaded: template_helper
INFO - 2024-12-25 13:08:45 --> Helper loaded: rest_helper
INFO - 2024-12-25 13:08:45 --> Database Driver Class Initialized
DEBUG - 2024-12-25 13:08:45 --> Idgenerator class already loaded. Second attempt ignored.
INFO - 2024-12-25 13:08:45 --> Controller Class Initialized
INFO - 2024-12-25 13:08:45 --> Model Class Initialized
DEBUG - 2024-12-25 13:08:45 --> File loaded: /apps/web-drc/application/modules/api_v1/models/Api_v1_model.php
INFO - 2024-12-25 13:08:45 --> Model Class Initialized
INFO - 2024-12-25 13:08:45 --> Final output sent to browser
DEBUG - 2024-12-25 13:08:45 --> Total execution time: 0.0049
INFO - 2024-12-25 13:08:45 --> Config Class Initialized
INFO - 2024-12-25 13:08:45 --> Hooks Class Initialized
DEBUG - 2024-12-25 13:08:45 --> UTF-8 Support Enabled
INFO - 2024-12-25 13:08:45 --> Utf8 Class Initialized
INFO - 2024-12-25 13:08:45 --> URI Class Initialized
INFO - 2024-12-25 13:08:45 --> Router Class Initialized
INFO - 2024-12-25 13:08:45 --> Output Class Initialized
INFO - 2024-12-25 13:08:45 --> Security Class Initialized
DEBUG - 2024-12-25 13:08:45 --> Global POST, GET and COOKIE data sanitized
INFO - 2024-12-25 13:08:45 --> Input Class Initialized
INFO - 2024-12-25 13:08:45 --> Language Class Initialized
INFO - 2024-12-25 13:08:45 --> Language Class Initialized
INFO - 2024-12-25 13:08:45 --> Config Class Initialized
INFO - 2024-12-25 13:08:45 --> Loader Class Initialized
INFO - 2024-12-25 13:08:45 --> Helper loaded: url_helper
INFO - 2024-12-25 13:08:45 --> Helper loaded: easyui_helper
INFO - 2024-12-25 13:08:45 --> Helper loaded: param_helper
INFO - 2024-12-25 13:08:45 --> Helper loaded: credential_helper
INFO - 2024-12-25 13:08:45 --> Helper loaded: template_helper
INFO - 2024-12-25 13:08:45 --> Helper loaded: rest_helper
INFO - 2024-12-25 13:08:45 --> Database Driver Class Initialized
DEBUG - 2024-12-25 13:08:45 --> Idgenerator class already loaded. Second attempt ignored.
INFO - 2024-12-25 13:08:45 --> Controller Class Initialized
INFO - 2024-12-25 13:08:45 --> Model Class Initialized
DEBUG - 2024-12-25 13:08:45 --> File loaded: /apps/web-drc/application/modules/ref_customer_class/models/Customer_class_model.php
INFO - 2024-12-25 13:08:45 --> Model Class Initialized
INFO - 2024-12-25 13:08:45 --> Final output sent to browser
DEBUG - 2024-12-25 13:08:45 --> Total execution time: 0.0026
INFO - 2024-12-25 13:08:45 --> Config Class Initialized
INFO - 2024-12-25 13:08:45 --> Hooks Class Initialized
DEBUG - 2024-12-25 13:08:45 --> UTF-8 Support Enabled
INFO - 2024-12-25 13:08:45 --> Utf8 Class Initialized
INFO - 2024-12-25 13:08:45 --> URI Class Initialized
INFO - 2024-12-25 13:08:45 --> Router Class Initialized
INFO - 2024-12-25 13:08:45 --> Output Class Initialized
INFO - 2024-12-25 13:08:45 --> Security Class Initialized
DEBUG - 2024-12-25 13:08:45 --> Global POST, GET and COOKIE data sanitized
INFO - 2024-12-25 13:08:45 --> Input Class Initialized
INFO - 2024-12-25 13:08:45 --> Language Class Initialized
ERROR - 2024-12-25 13:08:45 --> 404 Page Not Found: /index
INFO - 2024-12-25 13:09:13 --> Config Class Initialized
INFO - 2024-12-25 13:09:13 --> Hooks Class Initialized
DEBUG - 2024-12-25 13:09:13 --> UTF-8 Support Enabled
INFO - 2024-12-25 13:09:13 --> Utf8 Class Initialized
INFO - 2024-12-25 13:09:13 --> URI Class Initialized
INFO - 2024-12-25 13:09:13 --> Router Class Initialized
INFO - 2024-12-25 13:09:13 --> Output Class Initialized
INFO - 2024-12-25 13:09:13 --> Security Class Initialized
DEBUG - 2024-12-25 13:09:13 --> Global POST, GET and COOKIE data sanitized
INFO - 2024-12-25 13:09:13 --> Input Class Initialized
INFO - 2024-12-25 13:09:13 --> Language Class Initialized
INFO - 2024-12-25 13:09:13 --> Language Class Initialized
INFO - 2024-12-25 13:09:13 --> Config Class Initialized
INFO - 2024-12-25 13:09:13 --> Loader Class Initialized
INFO - 2024-12-25 13:09:13 --> Helper loaded: url_helper
INFO - 2024-12-25 13:09:13 --> Helper loaded: easyui_helper
INFO - 2024-12-25 13:09:13 --> Helper loaded: param_helper
INFO - 2024-12-25 13:09:13 --> Helper loaded: credential_helper
INFO - 2024-12-25 13:09:13 --> Helper loaded: template_helper
INFO - 2024-12-25 13:09:13 --> Helper loaded: rest_helper
INFO - 2024-12-25 13:09:13 --> Database Driver Class Initialized
DEBUG - 2024-12-25 13:09:13 --> Idgenerator class already loaded. Second attempt ignored.
INFO - 2024-12-25 13:09:13 --> Controller Class Initialized
INFO - 2024-12-25 13:09:13 --> Model Class Initialized
DEBUG - 2024-12-25 13:09:13 --> File loaded: /apps/web-drc/application/modules/mapping_promo_active/models/Promo_active_model.php
INFO - 2024-12-25 13:09:13 --> Model Class Initialized
DEBUG - 2024-12-25 13:09:13 --> File loaded: /apps/web-drc/application/modules/mapping_promo_active/views/content.php
DEBUG - 2024-12-25 13:09:13 --> File loaded: /apps/web-drc/application/views/templates/header.php
DEBUG - 2024-12-25 13:09:13 --> File loaded: /apps/web-drc/application/views/templates/toolbar.php
DEBUG - 2024-12-25 13:09:13 --> File loaded: /apps/web-drc/application/views/templates/sidebar.php
DEBUG - 2024-12-25 13:09:13 --> File loaded: /apps/web-drc/application/views/templates/contents.php
DEBUG - 2024-12-25 13:09:13 --> File loaded: /apps/web-drc/application/views/templates/content_footer.php
DEBUG - 2024-12-25 13:09:13 --> File loaded: /apps/web-drc/application/views/templates/footer.php
DEBUG - 2024-12-25 13:09:13 --> File loaded: /apps/web-drc/application/views/templates/default.php
INFO - 2024-12-25 13:09:13 --> Final output sent to browser
DEBUG - 2024-12-25 13:09:13 --> Total execution time: 0.0234
INFO - 2024-12-25 13:09:14 --> Config Class Initialized
INFO - 2024-12-25 13:09:14 --> Hooks Class Initialized
DEBUG - 2024-12-25 13:09:14 --> UTF-8 Support Enabled
INFO - 2024-12-25 13:09:14 --> Utf8 Class Initialized
INFO - 2024-12-25 13:09:14 --> URI Class Initialized
INFO - 2024-12-25 13:09:14 --> Router Class Initialized
INFO - 2024-12-25 13:09:14 --> Output Class Initialized
INFO - 2024-12-25 13:09:14 --> Security Class Initialized
DEBUG - 2024-12-25 13:09:14 --> Global POST, GET and COOKIE data sanitized
INFO - 2024-12-25 13:09:14 --> Input Class Initialized
INFO - 2024-12-25 13:09:14 --> Language Class Initialized
INFO - 2024-12-25 13:09:14 --> Language Class Initialized
INFO - 2024-12-25 13:09:14 --> Config Class Initialized
INFO - 2024-12-25 13:09:14 --> Loader Class Initialized
INFO - 2024-12-25 13:09:14 --> Helper loaded: url_helper
INFO - 2024-12-25 13:09:14 --> Helper loaded: easyui_helper
INFO - 2024-12-25 13:09:14 --> Helper loaded: param_helper
INFO - 2024-12-25 13:09:14 --> Helper loaded: credential_helper
INFO - 2024-12-25 13:09:14 --> Helper loaded: template_helper
INFO - 2024-12-25 13:09:14 --> Helper loaded: rest_helper
INFO - 2024-12-25 13:09:14 --> Database Driver Class Initialized
DEBUG - 2024-12-25 13:09:14 --> Idgenerator class already loaded. Second attempt ignored.
INFO - 2024-12-25 13:09:14 --> Controller Class Initialized
INFO - 2024-12-25 13:09:14 --> Model Class Initialized
DEBUG - 2024-12-25 13:09:14 --> File loaded: /apps/web-drc/application/modules/mapping_promo_active/models/Promo_active_model.php
INFO - 2024-12-25 13:09:14 --> Model Class Initialized
INFO - 2024-12-25 13:09:14 --> Final output sent to browser
DEBUG - 2024-12-25 13:09:14 --> Total execution time: 0.0124
INFO - 2024-12-25 13:16:56 --> Config Class Initialized
INFO - 2024-12-25 13:16:56 --> Hooks Class Initialized
DEBUG - 2024-12-25 13:16:56 --> UTF-8 Support Enabled
INFO - 2024-12-25 13:16:56 --> Utf8 Class Initialized
INFO - 2024-12-25 13:16:56 --> URI Class Initialized
INFO - 2024-12-25 13:16:56 --> Router Class Initialized
INFO - 2024-12-25 13:16:56 --> Output Class Initialized
INFO - 2024-12-25 13:16:56 --> Security Class Initialized
DEBUG - 2024-12-25 13:16:56 --> Global POST, GET and COOKIE data sanitized
INFO - 2024-12-25 13:16:56 --> Input Class Initialized
INFO - 2024-12-25 13:16:56 --> Language Class Initialized
INFO - 2024-12-25 13:16:56 --> Language Class Initialized
INFO - 2024-12-25 13:16:56 --> Config Class Initialized
INFO - 2024-12-25 13:16:56 --> Loader Class Initialized
INFO - 2024-12-25 13:16:56 --> Helper loaded: url_helper
INFO - 2024-12-25 13:16:56 --> Helper loaded: easyui_helper
INFO - 2024-12-25 13:16:56 --> Helper loaded: param_helper
INFO - 2024-12-25 13:16:56 --> Helper loaded: credential_helper
INFO - 2024-12-25 13:16:56 --> Helper loaded: template_helper
INFO - 2024-12-25 13:16:56 --> Helper loaded: rest_helper
INFO - 2024-12-25 13:16:56 --> Database Driver Class Initialized
DEBUG - 2024-12-25 13:16:56 --> Idgenerator class already loaded. Second attempt ignored.
INFO - 2024-12-25 13:16:56 --> Controller Class Initialized
INFO - 2024-12-25 13:16:56 --> Model Class Initialized
DEBUG - 2024-12-25 13:16:56 --> File loaded: /apps/web-drc/application/modules/mapping_promo_active/models/Promo_active_model.php
INFO - 2024-12-25 13:16:56 --> Model Class Initialized
DEBUG - 2024-12-25 13:16:56 --> File loaded: /apps/web-drc/application/modules/mapping_promo_active/views/content.php
DEBUG - 2024-12-25 13:16:56 --> File loaded: /apps/web-drc/application/views/templates/header.php
DEBUG - 2024-12-25 13:16:56 --> File loaded: /apps/web-drc/application/views/templates/toolbar.php
DEBUG - 2024-12-25 13:16:56 --> File loaded: /apps/web-drc/application/views/templates/sidebar.php
DEBUG - 2024-12-25 13:16:56 --> File loaded: /apps/web-drc/application/views/templates/contents.php
DEBUG - 2024-12-25 13:16:56 --> File loaded: /apps/web-drc/application/views/templates/content_footer.php
DEBUG - 2024-12-25 13:16:56 --> File loaded: /apps/web-drc/application/views/templates/footer.php
DEBUG - 2024-12-25 13:16:56 --> File loaded: /apps/web-drc/application/views/templates/default.php
INFO - 2024-12-25 13:16:56 --> Final output sent to browser
DEBUG - 2024-12-25 13:16:56 --> Total execution time: 0.0447
INFO - 2024-12-25 13:16:57 --> Config Class Initialized
INFO - 2024-12-25 13:16:57 --> Hooks Class Initialized
DEBUG - 2024-12-25 13:16:57 --> UTF-8 Support Enabled
INFO - 2024-12-25 13:16:57 --> Utf8 Class Initialized
INFO - 2024-12-25 13:16:57 --> URI Class Initialized
INFO - 2024-12-25 13:16:57 --> Router Class Initialized
INFO - 2024-12-25 13:16:57 --> Output Class Initialized
INFO - 2024-12-25 13:16:57 --> Security Class Initialized
DEBUG - 2024-12-25 13:16:57 --> Global POST, GET and COOKIE data sanitized
INFO - 2024-12-25 13:16:57 --> Input Class Initialized
INFO - 2024-12-25 13:16:57 --> Language Class Initialized
INFO - 2024-12-25 13:16:57 --> Language Class Initialized
INFO - 2024-12-25 13:16:57 --> Config Class Initialized
INFO - 2024-12-25 13:16:57 --> Loader Class Initialized
INFO - 2024-12-25 13:16:57 --> Helper loaded: url_helper
INFO - 2024-12-25 13:16:57 --> Helper loaded: easyui_helper
INFO - 2024-12-25 13:16:57 --> Helper loaded: param_helper
INFO - 2024-12-25 13:16:57 --> Helper loaded: credential_helper
INFO - 2024-12-25 13:16:57 --> Helper loaded: template_helper
INFO - 2024-12-25 13:16:57 --> Helper loaded: rest_helper
INFO - 2024-12-25 13:16:57 --> Database Driver Class Initialized
DEBUG - 2024-12-25 13:16:57 --> Idgenerator class already loaded. Second attempt ignored.
INFO - 2024-12-25 13:16:57 --> Controller Class Initialized
INFO - 2024-12-25 13:16:57 --> Model Class Initialized
DEBUG - 2024-12-25 13:16:57 --> File loaded: /apps/web-drc/application/modules/mapping_promo_active/models/Promo_active_model.php
INFO - 2024-12-25 13:16:57 --> Model Class Initialized
INFO - 2024-12-25 13:16:57 --> Final output sent to browser
DEBUG - 2024-12-25 13:16:57 --> Total execution time: 0.0127
INFO - 2024-12-25 13:16:57 --> Config Class Initialized
INFO - 2024-12-25 13:16:57 --> Hooks Class Initialized
DEBUG - 2024-12-25 13:16:57 --> UTF-8 Support Enabled
INFO - 2024-12-25 13:16:57 --> Utf8 Class Initialized
INFO - 2024-12-25 13:16:57 --> URI Class Initialized
INFO - 2024-12-25 13:16:57 --> Router Class Initialized
INFO - 2024-12-25 13:16:57 --> Output Class Initialized
INFO - 2024-12-25 13:16:57 --> Security Class Initialized
DEBUG - 2024-12-25 13:16:57 --> Global POST, GET and COOKIE data sanitized
INFO - 2024-12-25 13:16:57 --> Input Class Initialized
INFO - 2024-12-25 13:16:57 --> Language Class Initialized
ERROR - 2024-12-25 13:16:57 --> 404 Page Not Found: /index
INFO - 2024-12-25 13:16:59 --> Config Class Initialized
INFO - 2024-12-25 13:16:59 --> Hooks Class Initialized
DEBUG - 2024-12-25 13:16:59 --> UTF-8 Support Enabled
INFO - 2024-12-25 13:16:59 --> Utf8 Class Initialized
INFO - 2024-12-25 13:16:59 --> URI Class Initialized
INFO - 2024-12-25 13:16:59 --> Router Class Initialized
INFO - 2024-12-25 13:16:59 --> Output Class Initialized
INFO - 2024-12-25 13:16:59 --> Security Class Initialized
DEBUG - 2024-12-25 13:16:59 --> Global POST, GET and COOKIE data sanitized
INFO - 2024-12-25 13:16:59 --> Input Class Initialized
INFO - 2024-12-25 13:16:59 --> Language Class Initialized
INFO - 2024-12-25 13:16:59 --> Language Class Initialized
INFO - 2024-12-25 13:16:59 --> Config Class Initialized
INFO - 2024-12-25 13:16:59 --> Loader Class Initialized
INFO - 2024-12-25 13:16:59 --> Helper loaded: url_helper
INFO - 2024-12-25 13:16:59 --> Helper loaded: easyui_helper
INFO - 2024-12-25 13:16:59 --> Helper loaded: param_helper
INFO - 2024-12-25 13:16:59 --> Helper loaded: credential_helper
INFO - 2024-12-25 13:16:59 --> Helper loaded: template_helper
INFO - 2024-12-25 13:16:59 --> Helper loaded: rest_helper
INFO - 2024-12-25 13:16:59 --> Database Driver Class Initialized
DEBUG - 2024-12-25 13:16:59 --> Idgenerator class already loaded. Second attempt ignored.
INFO - 2024-12-25 13:16:59 --> Controller Class Initialized
INFO - 2024-12-25 13:16:59 --> Model Class Initialized
DEBUG - 2024-12-25 13:16:59 --> File loaded: /apps/web-drc/application/modules/mapping_promo_active/models/Promo_active_model.php
INFO - 2024-12-25 13:16:59 --> Model Class Initialized
DEBUG - 2024-12-25 13:16:59 --> File loaded: /apps/web-drc/application/modules/mapping_promo_active/views/form.php
DEBUG - 2024-12-25 13:16:59 --> File loaded: /apps/web-drc/application/views/templates/header.php
DEBUG - 2024-12-25 13:16:59 --> File loaded: /apps/web-drc/application/views/templates/toolbar.php
DEBUG - 2024-12-25 13:16:59 --> File loaded: /apps/web-drc/application/views/templates/sidebar.php
DEBUG - 2024-12-25 13:16:59 --> File loaded: /apps/web-drc/application/views/templates/contents.php
DEBUG - 2024-12-25 13:16:59 --> File loaded: /apps/web-drc/application/views/templates/content_footer.php
DEBUG - 2024-12-25 13:16:59 --> File loaded: /apps/web-drc/application/views/templates/footer.php
DEBUG - 2024-12-25 13:16:59 --> File loaded: /apps/web-drc/application/views/templates/default.php
INFO - 2024-12-25 13:16:59 --> Final output sent to browser
DEBUG - 2024-12-25 13:16:59 --> Total execution time: 0.0278
INFO - 2024-12-25 13:16:59 --> Config Class Initialized
INFO - 2024-12-25 13:16:59 --> Hooks Class Initialized
DEBUG - 2024-12-25 13:16:59 --> UTF-8 Support Enabled
INFO - 2024-12-25 13:16:59 --> Utf8 Class Initialized
INFO - 2024-12-25 13:16:59 --> URI Class Initialized
INFO - 2024-12-25 13:16:59 --> Router Class Initialized
INFO - 2024-12-25 13:16:59 --> Output Class Initialized
INFO - 2024-12-25 13:16:59 --> Security Class Initialized
DEBUG - 2024-12-25 13:16:59 --> Global POST, GET and COOKIE data sanitized
INFO - 2024-12-25 13:16:59 --> Input Class Initialized
INFO - 2024-12-25 13:16:59 --> Language Class Initialized
INFO - 2024-12-25 13:16:59 --> Language Class Initialized
INFO - 2024-12-25 13:16:59 --> Config Class Initialized
INFO - 2024-12-25 13:16:59 --> Loader Class Initialized
INFO - 2024-12-25 13:16:59 --> Helper loaded: url_helper
INFO - 2024-12-25 13:16:59 --> Helper loaded: easyui_helper
INFO - 2024-12-25 13:16:59 --> Helper loaded: param_helper
INFO - 2024-12-25 13:16:59 --> Helper loaded: credential_helper
INFO - 2024-12-25 13:16:59 --> Helper loaded: template_helper
INFO - 2024-12-25 13:16:59 --> Helper loaded: rest_helper
INFO - 2024-12-25 13:16:59 --> Database Driver Class Initialized
DEBUG - 2024-12-25 13:16:59 --> Idgenerator class already loaded. Second attempt ignored.
INFO - 2024-12-25 13:16:59 --> Controller Class Initialized
INFO - 2024-12-25 13:16:59 --> Model Class Initialized
DEBUG - 2024-12-25 13:16:59 --> File loaded: /apps/web-drc/application/modules/api_v1/models/Api_v1_model.php
INFO - 2024-12-25 13:16:59 --> Model Class Initialized
INFO - 2024-12-25 13:16:59 --> Final output sent to browser
DEBUG - 2024-12-25 13:16:59 --> Total execution time: 0.0036
INFO - 2024-12-25 13:16:59 --> Config Class Initialized
INFO - 2024-12-25 13:16:59 --> Hooks Class Initialized
DEBUG - 2024-12-25 13:16:59 --> UTF-8 Support Enabled
INFO - 2024-12-25 13:16:59 --> Utf8 Class Initialized
INFO - 2024-12-25 13:16:59 --> URI Class Initialized
INFO - 2024-12-25 13:16:59 --> Router Class Initialized
INFO - 2024-12-25 13:16:59 --> Output Class Initialized
INFO - 2024-12-25 13:16:59 --> Security Class Initialized
DEBUG - 2024-12-25 13:16:59 --> Global POST, GET and COOKIE data sanitized
INFO - 2024-12-25 13:16:59 --> Input Class Initialized
INFO - 2024-12-25 13:16:59 --> Language Class Initialized
INFO - 2024-12-25 13:16:59 --> Language Class Initialized
INFO - 2024-12-25 13:16:59 --> Config Class Initialized
INFO - 2024-12-25 13:16:59 --> Loader Class Initialized
INFO - 2024-12-25 13:16:59 --> Helper loaded: url_helper
INFO - 2024-12-25 13:16:59 --> Helper loaded: easyui_helper
INFO - 2024-12-25 13:16:59 --> Helper loaded: param_helper
INFO - 2024-12-25 13:16:59 --> Helper loaded: credential_helper
INFO - 2024-12-25 13:16:59 --> Helper loaded: template_helper
INFO - 2024-12-25 13:16:59 --> Helper loaded: rest_helper
INFO - 2024-12-25 13:16:59 --> Database Driver Class Initialized
DEBUG - 2024-12-25 13:16:59 --> Idgenerator class already loaded. Second attempt ignored.
INFO - 2024-12-25 13:16:59 --> Controller Class Initialized
INFO - 2024-12-25 13:16:59 --> Model Class Initialized
DEBUG - 2024-12-25 13:16:59 --> File loaded: /apps/web-drc/application/modules/api_v1/models/Api_v1_model.php
INFO - 2024-12-25 13:16:59 --> Model Class Initialized
INFO - 2024-12-25 13:16:59 --> Final output sent to browser
DEBUG - 2024-12-25 13:16:59 --> Total execution time: 0.0058
INFO - 2024-12-25 13:16:59 --> Config Class Initialized
INFO - 2024-12-25 13:16:59 --> Hooks Class Initialized
DEBUG - 2024-12-25 13:16:59 --> UTF-8 Support Enabled
INFO - 2024-12-25 13:16:59 --> Utf8 Class Initialized
INFO - 2024-12-25 13:16:59 --> URI Class Initialized
INFO - 2024-12-25 13:16:59 --> Router Class Initialized
INFO - 2024-12-25 13:16:59 --> Output Class Initialized
INFO - 2024-12-25 13:16:59 --> Security Class Initialized
DEBUG - 2024-12-25 13:16:59 --> Global POST, GET and COOKIE data sanitized
INFO - 2024-12-25 13:16:59 --> Input Class Initialized
INFO - 2024-12-25 13:16:59 --> Language Class Initialized
INFO - 2024-12-25 13:16:59 --> Language Class Initialized
INFO - 2024-12-25 13:16:59 --> Config Class Initialized
INFO - 2024-12-25 13:16:59 --> Loader Class Initialized
INFO - 2024-12-25 13:16:59 --> Helper loaded: url_helper
INFO - 2024-12-25 13:16:59 --> Helper loaded: easyui_helper
INFO - 2024-12-25 13:16:59 --> Helper loaded: param_helper
INFO - 2024-12-25 13:16:59 --> Helper loaded: credential_helper
INFO - 2024-12-25 13:16:59 --> Helper loaded: template_helper
INFO - 2024-12-25 13:16:59 --> Helper loaded: rest_helper
INFO - 2024-12-25 13:16:59 --> Database Driver Class Initialized
DEBUG - 2024-12-25 13:16:59 --> Idgenerator class already loaded. Second attempt ignored.
INFO - 2024-12-25 13:16:59 --> Controller Class Initialized
INFO - 2024-12-25 13:16:59 --> Model Class Initialized
DEBUG - 2024-12-25 13:16:59 --> File loaded: /apps/web-drc/application/modules/ref_customer_class/models/Customer_class_model.php
INFO - 2024-12-25 13:16:59 --> Model Class Initialized
INFO - 2024-12-25 13:16:59 --> Final output sent to browser
DEBUG - 2024-12-25 13:16:59 --> Total execution time: 0.0038
INFO - 2024-12-25 13:17:37 --> Config Class Initialized
INFO - 2024-12-25 13:17:37 --> Hooks Class Initialized
DEBUG - 2024-12-25 13:17:37 --> UTF-8 Support Enabled
INFO - 2024-12-25 13:17:37 --> Utf8 Class Initialized
INFO - 2024-12-25 13:17:37 --> URI Class Initialized
INFO - 2024-12-25 13:17:37 --> Router Class Initialized
INFO - 2024-12-25 13:17:37 --> Output Class Initialized
INFO - 2024-12-25 13:17:37 --> Security Class Initialized
DEBUG - 2024-12-25 13:17:37 --> Global POST, GET and COOKIE data sanitized
INFO - 2024-12-25 13:17:37 --> Input Class Initialized
INFO - 2024-12-25 13:17:37 --> Language Class Initialized
ERROR - 2024-12-25 13:17:37 --> 404 Page Not Found: /index
INFO - 2024-12-25 13:17:41 --> Config Class Initialized
INFO - 2024-12-25 13:17:41 --> Hooks Class Initialized
DEBUG - 2024-12-25 13:17:41 --> UTF-8 Support Enabled
INFO - 2024-12-25 13:17:41 --> Utf8 Class Initialized
INFO - 2024-12-25 13:17:41 --> URI Class Initialized
INFO - 2024-12-25 13:17:41 --> Router Class Initialized
INFO - 2024-12-25 13:17:41 --> Output Class Initialized
INFO - 2024-12-25 13:17:41 --> Security Class Initialized
DEBUG - 2024-12-25 13:17:41 --> Global POST, GET and COOKIE data sanitized
INFO - 2024-12-25 13:17:41 --> Input Class Initialized
INFO - 2024-12-25 13:17:41 --> Language Class Initialized
INFO - 2024-12-25 13:17:41 --> Language Class Initialized
INFO - 2024-12-25 13:17:41 --> Config Class Initialized
INFO - 2024-12-25 13:17:41 --> Loader Class Initialized
INFO - 2024-12-25 13:17:41 --> Helper loaded: url_helper
INFO - 2024-12-25 13:17:41 --> Helper loaded: easyui_helper
INFO - 2024-12-25 13:17:41 --> Helper loaded: param_helper
INFO - 2024-12-25 13:17:41 --> Helper loaded: credential_helper
INFO - 2024-12-25 13:17:41 --> Helper loaded: template_helper
INFO - 2024-12-25 13:17:41 --> Helper loaded: rest_helper
INFO - 2024-12-25 13:17:41 --> Database Driver Class Initialized
DEBUG - 2024-12-25 13:17:41 --> Idgenerator class already loaded. Second attempt ignored.
INFO - 2024-12-25 13:17:41 --> Controller Class Initialized
INFO - 2024-12-25 13:17:41 --> Model Class Initialized
DEBUG - 2024-12-25 13:17:41 --> File loaded: /apps/web-drc/application/modules/mapping_promo_active/models/Promo_active_model.php
INFO - 2024-12-25 13:17:41 --> Model Class Initialized
ERROR - 2024-12-25 13:17:41 --> Cache: Failed to initialize APC; extension not loaded/enabled?
INFO - 2024-12-25 13:17:41 --> Helper loaded: file_helper
ERROR - 2024-12-25 13:17:41 --> Cache adapter "apc" and backup "file" are both unavailable. Cache is now using "Dummy" adapter.
ERROR - 2024-12-25 13:17:41 --> Severity: Warning --> fopen(/apps/web-drc/resource/files/lock/lock.txt): failed to open stream: Permission denied /apps/web-drc/application/libraries/IDGenerator.php 30
ERROR - 2024-12-25 13:17:41 --> Severity: Warning --> flock() expects parameter 1 to be resource, bool given /apps/web-drc/application/libraries/IDGenerator.php 31
ERROR - 2024-12-25 13:17:41 --> Severity: Warning --> fclose() expects parameter 1 to be resource, bool given /apps/web-drc/application/libraries/IDGenerator.php 67
ERROR - 2024-12-25 13:17:41 --> Query error: Unknown column 'Array' in 'field list' - Invalid query: INSERT INTO `mapping_promo_active` (`promo`, `tipepromo`, `classid`, `start_periode`, `end_periode`, `listsku`, `description`, `created_by`, `created_date`, `productid`) VALUES ('test promo multi sku', 'Discount', '1', '2024-12-25', '2024-12-31', Array, 'test sku list', 'admin', '2024-12-25 06:17:41', '')
INFO - 2024-12-25 13:17:41 --> Final output sent to browser
DEBUG - 2024-12-25 13:17:41 --> Total execution time: 0.0162
INFO - 2024-12-25 14:23:58 --> Config Class Initialized
INFO - 2024-12-25 14:23:58 --> Hooks Class Initialized
DEBUG - 2024-12-25 14:23:58 --> UTF-8 Support Enabled
INFO - 2024-12-25 14:23:58 --> Utf8 Class Initialized
INFO - 2024-12-25 14:23:58 --> URI Class Initialized
INFO - 2024-12-25 14:23:58 --> Router Class Initialized
INFO - 2024-12-25 14:23:58 --> Output Class Initialized
INFO - 2024-12-25 14:23:58 --> Security Class Initialized
DEBUG - 2024-12-25 14:23:58 --> Global POST, GET and COOKIE data sanitized
INFO - 2024-12-25 14:23:58 --> Input Class Initialized
INFO - 2024-12-25 14:23:58 --> Language Class Initialized
INFO - 2024-12-25 14:23:58 --> Language Class Initialized
INFO - 2024-12-25 14:23:58 --> Config Class Initialized
INFO - 2024-12-25 14:23:58 --> Loader Class Initialized
INFO - 2024-12-25 14:23:58 --> Helper loaded: url_helper
INFO - 2024-12-25 14:23:58 --> Helper loaded: easyui_helper
INFO - 2024-12-25 14:23:58 --> Helper loaded: param_helper
INFO - 2024-12-25 14:23:58 --> Helper loaded: credential_helper
INFO - 2024-12-25 14:23:58 --> Helper loaded: template_helper
INFO - 2024-12-25 14:23:58 --> Helper loaded: rest_helper
INFO - 2024-12-25 14:23:58 --> Database Driver Class Initialized
DEBUG - 2024-12-25 14:23:58 --> Idgenerator class already loaded. Second attempt ignored.
INFO - 2024-12-25 14:23:58 --> Controller Class Initialized
INFO - 2024-12-25 14:23:58 --> Model Class Initialized
DEBUG - 2024-12-25 14:23:58 --> File loaded: /apps/web-drc/application/modules/mapping_promo_active/models/Promo_active_model.php
INFO - 2024-12-25 14:23:58 --> Model Class Initialized
DEBUG - 2024-12-25 14:23:58 --> File loaded: /apps/web-drc/application/modules/mapping_promo_active/views/form.php
DEBUG - 2024-12-25 14:23:58 --> File loaded: /apps/web-drc/application/views/templates/header.php
DEBUG - 2024-12-25 14:23:58 --> File loaded: /apps/web-drc/application/views/templates/toolbar.php
DEBUG - 2024-12-25 14:23:58 --> File loaded: /apps/web-drc/application/views/templates/sidebar.php
DEBUG - 2024-12-25 14:23:58 --> File loaded: /apps/web-drc/application/views/templates/contents.php
DEBUG - 2024-12-25 14:23:58 --> File loaded: /apps/web-drc/application/views/templates/content_footer.php
DEBUG - 2024-12-25 14:23:58 --> File loaded: /apps/web-drc/application/views/templates/footer.php
INFO - 2024-12-25 14:23:59 --> Config Class Initialized
INFO - 2024-12-25 14:23:59 --> Hooks Class Initialized
DEBUG - 2024-12-25 14:23:59 --> UTF-8 Support Enabled
INFO - 2024-12-25 14:23:59 --> Utf8 Class Initialized
INFO - 2024-12-25 14:23:59 --> URI Class Initialized
DEBUG - 2024-12-25 14:23:59 --> No URI present. Default controller set.
INFO - 2024-12-25 14:23:59 --> Router Class Initialized
INFO - 2024-12-25 14:23:59 --> Output Class Initialized
INFO - 2024-12-25 14:23:59 --> Security Class Initialized
DEBUG - 2024-12-25 14:23:59 --> Global POST, GET and COOKIE data sanitized
INFO - 2024-12-25 14:23:59 --> Input Class Initialized
INFO - 2024-12-25 14:23:59 --> Language Class Initialized
INFO - 2024-12-25 14:23:59 --> Language Class Initialized
INFO - 2024-12-25 14:23:59 --> Config Class Initialized
INFO - 2024-12-25 14:23:59 --> Loader Class Initialized
INFO - 2024-12-25 14:23:59 --> Helper loaded: url_helper
INFO - 2024-12-25 14:23:59 --> Helper loaded: easyui_helper
INFO - 2024-12-25 14:23:59 --> Helper loaded: param_helper
INFO - 2024-12-25 14:23:59 --> Helper loaded: credential_helper
INFO - 2024-12-25 14:23:59 --> Helper loaded: template_helper
INFO - 2024-12-25 14:23:59 --> Helper loaded: rest_helper
INFO - 2024-12-25 14:23:59 --> Database Driver Class Initialized
DEBUG - 2024-12-25 14:23:59 --> Idgenerator class already loaded. Second attempt ignored.
INFO - 2024-12-25 14:23:59 --> Controller Class Initialized
DEBUG - 2024-12-25 14:23:59 --> File loaded: /apps/web-drc/application/modules/app_auth/views/login_lte_template.php
DEBUG - 2024-12-25 14:23:59 --> File loaded: /apps/web-drc/application/views/template_login_lte/header.php
DEBUG - 2024-12-25 14:23:59 --> File loaded: /apps/web-drc/application/views/template_login_lte/contents.php
DEBUG - 2024-12-25 14:23:59 --> File loaded: /apps/web-drc/application/views/template_login_lte/default.php
INFO - 2024-12-25 14:23:59 --> Final output sent to browser
DEBUG - 2024-12-25 14:23:59 --> Total execution time: 0.0070
INFO - 2024-12-25 14:23:59 --> Config Class Initialized
INFO - 2024-12-25 14:23:59 --> Hooks Class Initialized
DEBUG - 2024-12-25 14:23:59 --> UTF-8 Support Enabled
INFO - 2024-12-25 14:23:59 --> Utf8 Class Initialized
INFO - 2024-12-25 14:23:59 --> URI Class Initialized
INFO - 2024-12-25 14:23:59 --> Router Class Initialized
INFO - 2024-12-25 14:23:59 --> Output Class Initialized
INFO - 2024-12-25 14:23:59 --> Security Class Initialized
DEBUG - 2024-12-25 14:23:59 --> Global POST, GET and COOKIE data sanitized
INFO - 2024-12-25 14:23:59 --> Input Class Initialized
INFO - 2024-12-25 14:23:59 --> Language Class Initialized
ERROR - 2024-12-25 14:23:59 --> 404 Page Not Found: /index
INFO - 2024-12-25 14:23:59 --> Config Class Initialized
INFO - 2024-12-25 14:23:59 --> Hooks Class Initialized
DEBUG - 2024-12-25 14:23:59 --> UTF-8 Support Enabled
INFO - 2024-12-25 14:23:59 --> Utf8 Class Initialized
INFO - 2024-12-25 14:23:59 --> URI Class Initialized
INFO - 2024-12-25 14:23:59 --> Router Class Initialized
INFO - 2024-12-25 14:23:59 --> Output Class Initialized
INFO - 2024-12-25 14:23:59 --> Security Class Initialized
DEBUG - 2024-12-25 14:23:59 --> Global POST, GET and COOKIE data sanitized
INFO - 2024-12-25 14:23:59 --> Input Class Initialized
INFO - 2024-12-25 14:23:59 --> Language Class Initialized
ERROR - 2024-12-25 14:23:59 --> 404 Page Not Found: /index
INFO - 2024-12-25 14:24:04 --> Config Class Initialized
INFO - 2024-12-25 14:24:04 --> Hooks Class Initialized
DEBUG - 2024-12-25 14:24:04 --> UTF-8 Support Enabled
INFO - 2024-12-25 14:24:04 --> Utf8 Class Initialized
INFO - 2024-12-25 14:24:04 --> URI Class Initialized
INFO - 2024-12-25 14:24:04 --> Router Class Initialized
INFO - 2024-12-25 14:24:04 --> Output Class Initialized
INFO - 2024-12-25 14:24:04 --> Security Class Initialized
DEBUG - 2024-12-25 14:24:04 --> Global POST, GET and COOKIE data sanitized
INFO - 2024-12-25 14:24:04 --> Input Class Initialized
INFO - 2024-12-25 14:24:04 --> Language Class Initialized
INFO - 2024-12-25 14:24:04 --> Language Class Initialized
INFO - 2024-12-25 14:24:04 --> Config Class Initialized
INFO - 2024-12-25 14:24:04 --> Loader Class Initialized
INFO - 2024-12-25 14:24:04 --> Helper loaded: url_helper
INFO - 2024-12-25 14:24:04 --> Helper loaded: easyui_helper
INFO - 2024-12-25 14:24:04 --> Helper loaded: param_helper
INFO - 2024-12-25 14:24:04 --> Helper loaded: credential_helper
INFO - 2024-12-25 14:24:04 --> Helper loaded: template_helper
INFO - 2024-12-25 14:24:04 --> Helper loaded: rest_helper
INFO - 2024-12-25 14:24:04 --> Database Driver Class Initialized
DEBUG - 2024-12-25 14:24:04 --> Idgenerator class already loaded. Second attempt ignored.
INFO - 2024-12-25 14:24:04 --> Controller Class Initialized
INFO - 2024-12-25 14:24:04 --> Final output sent to browser
DEBUG - 2024-12-25 14:24:04 --> Total execution time: 0.0051
INFO - 2024-12-25 14:24:04 --> Config Class Initialized
INFO - 2024-12-25 14:24:04 --> Hooks Class Initialized
DEBUG - 2024-12-25 14:24:04 --> UTF-8 Support Enabled
INFO - 2024-12-25 14:24:04 --> Utf8 Class Initialized
INFO - 2024-12-25 14:24:04 --> URI Class Initialized
INFO - 2024-12-25 14:24:04 --> Router Class Initialized
INFO - 2024-12-25 14:24:04 --> Output Class Initialized
INFO - 2024-12-25 14:24:04 --> Security Class Initialized
DEBUG - 2024-12-25 14:24:04 --> Global POST, GET and COOKIE data sanitized
INFO - 2024-12-25 14:24:04 --> Input Class Initialized
INFO - 2024-12-25 14:24:04 --> Language Class Initialized
INFO - 2024-12-25 14:24:04 --> Language Class Initialized
INFO - 2024-12-25 14:24:04 --> Config Class Initialized
INFO - 2024-12-25 14:24:04 --> Loader Class Initialized
INFO - 2024-12-25 14:24:04 --> Helper loaded: url_helper
INFO - 2024-12-25 14:24:04 --> Helper loaded: easyui_helper
INFO - 2024-12-25 14:24:04 --> Helper loaded: param_helper
INFO - 2024-12-25 14:24:04 --> Helper loaded: credential_helper
INFO - 2024-12-25 14:24:04 --> Helper loaded: template_helper
INFO - 2024-12-25 14:24:04 --> Helper loaded: rest_helper
INFO - 2024-12-25 14:24:04 --> Database Driver Class Initialized
DEBUG - 2024-12-25 14:24:04 --> Idgenerator class already loaded. Second attempt ignored.
INFO - 2024-12-25 14:24:04 --> Controller Class Initialized
INFO - 2024-12-25 14:24:04 --> Model Class Initialized
DEBUG - 2024-12-25 14:24:04 --> File loaded: /apps/web-drc/application/modules/app_dashboard/models/App_dashboard_model.php
INFO - 2024-12-25 14:24:04 --> Model Class Initialized
DEBUG - 2024-12-25 14:24:04 --> File loaded: /apps/web-drc/application/modules/app_dashboard/views/content.php
DEBUG - 2024-12-25 14:24:04 --> File loaded: /apps/web-drc/application/views/templates/header.php
DEBUG - 2024-12-25 14:24:04 --> File loaded: /apps/web-drc/application/views/templates/toolbar.php
DEBUG - 2024-12-25 14:24:04 --> File loaded: /apps/web-drc/application/views/templates/sidebar.php
DEBUG - 2024-12-25 14:24:04 --> File loaded: /apps/web-drc/application/views/templates/contents.php
DEBUG - 2024-12-25 14:24:04 --> File loaded: /apps/web-drc/application/views/templates/content_footer.php
DEBUG - 2024-12-25 14:24:04 --> File loaded: /apps/web-drc/application/views/templates/footer.php
DEBUG - 2024-12-25 14:24:04 --> File loaded: /apps/web-drc/application/views/templates/default.php
INFO - 2024-12-25 14:24:04 --> Final output sent to browser
DEBUG - 2024-12-25 14:24:04 --> Total execution time: 0.0074
INFO - 2024-12-25 14:24:04 --> Config Class Initialized
INFO - 2024-12-25 14:24:04 --> Hooks Class Initialized
DEBUG - 2024-12-25 14:24:04 --> UTF-8 Support Enabled
INFO - 2024-12-25 14:24:04 --> Utf8 Class Initialized
INFO - 2024-12-25 14:24:04 --> URI Class Initialized
INFO - 2024-12-25 14:24:04 --> Router Class Initialized
INFO - 2024-12-25 14:24:04 --> Output Class Initialized
INFO - 2024-12-25 14:24:04 --> Security Class Initialized
DEBUG - 2024-12-25 14:24:04 --> Global POST, GET and COOKIE data sanitized
INFO - 2024-12-25 14:24:04 --> Input Class Initialized
INFO - 2024-12-25 14:24:04 --> Language Class Initialized
ERROR - 2024-12-25 14:24:04 --> 404 Page Not Found: /index
INFO - 2024-12-25 14:24:04 --> Config Class Initialized
INFO - 2024-12-25 14:24:04 --> Hooks Class Initialized
DEBUG - 2024-12-25 14:24:04 --> UTF-8 Support Enabled
INFO - 2024-12-25 14:24:04 --> Utf8 Class Initialized
INFO - 2024-12-25 14:24:04 --> URI Class Initialized
INFO - 2024-12-25 14:24:04 --> Router Class Initialized
INFO - 2024-12-25 14:24:04 --> Output Class Initialized
INFO - 2024-12-25 14:24:04 --> Security Class Initialized
DEBUG - 2024-12-25 14:24:04 --> Global POST, GET and COOKIE data sanitized
INFO - 2024-12-25 14:24:04 --> Input Class Initialized
INFO - 2024-12-25 14:24:04 --> Language Class Initialized
INFO - 2024-12-25 14:24:04 --> Language Class Initialized
INFO - 2024-12-25 14:24:04 --> Config Class Initialized
INFO - 2024-12-25 14:24:04 --> Loader Class Initialized
INFO - 2024-12-25 14:24:04 --> Helper loaded: url_helper
INFO - 2024-12-25 14:24:04 --> Helper loaded: easyui_helper
INFO - 2024-12-25 14:24:04 --> Helper loaded: param_helper
INFO - 2024-12-25 14:24:04 --> Helper loaded: credential_helper
INFO - 2024-12-25 14:24:04 --> Helper loaded: template_helper
INFO - 2024-12-25 14:24:04 --> Helper loaded: rest_helper
INFO - 2024-12-25 14:24:04 --> Database Driver Class Initialized
DEBUG - 2024-12-25 14:24:04 --> Idgenerator class already loaded. Second attempt ignored.
INFO - 2024-12-25 14:24:04 --> Controller Class Initialized
INFO - 2024-12-25 14:24:04 --> Model Class Initialized
DEBUG - 2024-12-25 14:24:04 --> File loaded: /apps/web-drc/application/modules/app_dashboard/models/App_dashboard_model.php
INFO - 2024-12-25 14:24:04 --> Model Class Initialized
INFO - 2024-12-25 14:24:04 --> Final output sent to browser
DEBUG - 2024-12-25 14:24:04 --> Total execution time: 0.0062
INFO - 2024-12-25 14:24:04 --> Config Class Initialized
INFO - 2024-12-25 14:24:04 --> Hooks Class Initialized
DEBUG - 2024-12-25 14:24:04 --> UTF-8 Support Enabled
INFO - 2024-12-25 14:24:04 --> Utf8 Class Initialized
INFO - 2024-12-25 14:24:04 --> URI Class Initialized
INFO - 2024-12-25 14:24:04 --> Router Class Initialized
INFO - 2024-12-25 14:24:04 --> Output Class Initialized
INFO - 2024-12-25 14:24:04 --> Security Class Initialized
DEBUG - 2024-12-25 14:24:04 --> Global POST, GET and COOKIE data sanitized
INFO - 2024-12-25 14:24:04 --> Input Class Initialized
INFO - 2024-12-25 14:24:04 --> Language Class Initialized
INFO - 2024-12-25 14:24:04 --> Language Class Initialized
INFO - 2024-12-25 14:24:04 --> Config Class Initialized
INFO - 2024-12-25 14:24:04 --> Loader Class Initialized
INFO - 2024-12-25 14:24:04 --> Helper loaded: url_helper
INFO - 2024-12-25 14:24:04 --> Helper loaded: easyui_helper
INFO - 2024-12-25 14:24:04 --> Helper loaded: param_helper
INFO - 2024-12-25 14:24:04 --> Helper loaded: credential_helper
INFO - 2024-12-25 14:24:04 --> Helper loaded: template_helper
INFO - 2024-12-25 14:24:04 --> Helper loaded: rest_helper
INFO - 2024-12-25 14:24:04 --> Database Driver Class Initialized
DEBUG - 2024-12-25 14:24:04 --> Idgenerator class already loaded. Second attempt ignored.
INFO - 2024-12-25 14:24:04 --> Controller Class Initialized
INFO - 2024-12-25 14:24:04 --> Model Class Initialized
DEBUG - 2024-12-25 14:24:04 --> File loaded: /apps/web-drc/application/modules/api_v1/models/Api_v1_model.php
INFO - 2024-12-25 14:24:04 --> Model Class Initialized
INFO - 2024-12-25 14:24:04 --> Final output sent to browser
DEBUG - 2024-12-25 14:24:04 --> Total execution time: 0.0041
INFO - 2024-12-25 14:24:14 --> Config Class Initialized
INFO - 2024-12-25 14:24:14 --> Hooks Class Initialized
DEBUG - 2024-12-25 14:24:14 --> UTF-8 Support Enabled
INFO - 2024-12-25 14:24:14 --> Utf8 Class Initialized
INFO - 2024-12-25 14:24:14 --> URI Class Initialized
INFO - 2024-12-25 14:24:14 --> Router Class Initialized
INFO - 2024-12-25 14:24:14 --> Output Class Initialized
INFO - 2024-12-25 14:24:14 --> Security Class Initialized
DEBUG - 2024-12-25 14:24:14 --> Global POST, GET and COOKIE data sanitized
INFO - 2024-12-25 14:24:14 --> Input Class Initialized
INFO - 2024-12-25 14:24:14 --> Language Class Initialized
INFO - 2024-12-25 14:24:14 --> Language Class Initialized
INFO - 2024-12-25 14:24:14 --> Config Class Initialized
INFO - 2024-12-25 14:24:14 --> Loader Class Initialized
INFO - 2024-12-25 14:24:14 --> Helper loaded: url_helper
INFO - 2024-12-25 14:24:14 --> Helper loaded: easyui_helper
INFO - 2024-12-25 14:24:14 --> Helper loaded: param_helper
INFO - 2024-12-25 14:24:14 --> Helper loaded: credential_helper
INFO - 2024-12-25 14:24:14 --> Helper loaded: template_helper
INFO - 2024-12-25 14:24:14 --> Helper loaded: rest_helper
INFO - 2024-12-25 14:24:14 --> Database Driver Class Initialized
DEBUG - 2024-12-25 14:24:14 --> Idgenerator class already loaded. Second attempt ignored.
INFO - 2024-12-25 14:24:14 --> Controller Class Initialized
INFO - 2024-12-25 14:24:14 --> Model Class Initialized
DEBUG - 2024-12-25 14:24:14 --> File loaded: /apps/web-drc/application/modules/mapping_promo_active/models/Promo_active_model.php
INFO - 2024-12-25 14:24:14 --> Model Class Initialized
DEBUG - 2024-12-25 14:24:14 --> File loaded: /apps/web-drc/application/modules/mapping_promo_active/views/content.php
DEBUG - 2024-12-25 14:24:14 --> File loaded: /apps/web-drc/application/views/templates/header.php
DEBUG - 2024-12-25 14:24:14 --> File loaded: /apps/web-drc/application/views/templates/toolbar.php
DEBUG - 2024-12-25 14:24:14 --> File loaded: /apps/web-drc/application/views/templates/sidebar.php
DEBUG - 2024-12-25 14:24:14 --> File loaded: /apps/web-drc/application/views/templates/contents.php
DEBUG - 2024-12-25 14:24:14 --> File loaded: /apps/web-drc/application/views/templates/content_footer.php
DEBUG - 2024-12-25 14:24:14 --> File loaded: /apps/web-drc/application/views/templates/footer.php
DEBUG - 2024-12-25 14:24:14 --> File loaded: /apps/web-drc/application/views/templates/default.php
INFO - 2024-12-25 14:24:14 --> Final output sent to browser
DEBUG - 2024-12-25 14:24:14 --> Total execution time: 0.0090
INFO - 2024-12-25 14:24:14 --> Config Class Initialized
INFO - 2024-12-25 14:24:14 --> Hooks Class Initialized
DEBUG - 2024-12-25 14:24:14 --> UTF-8 Support Enabled
INFO - 2024-12-25 14:24:14 --> Utf8 Class Initialized
INFO - 2024-12-25 14:24:14 --> URI Class Initialized
INFO - 2024-12-25 14:24:14 --> Router Class Initialized
INFO - 2024-12-25 14:24:14 --> Output Class Initialized
INFO - 2024-12-25 14:24:14 --> Security Class Initialized
DEBUG - 2024-12-25 14:24:14 --> Global POST, GET and COOKIE data sanitized
INFO - 2024-12-25 14:24:14 --> Input Class Initialized
INFO - 2024-12-25 14:24:14 --> Language Class Initialized
ERROR - 2024-12-25 14:24:14 --> 404 Page Not Found: /index
INFO - 2024-12-25 14:24:14 --> Config Class Initialized
INFO - 2024-12-25 14:24:14 --> Hooks Class Initialized
DEBUG - 2024-12-25 14:24:14 --> UTF-8 Support Enabled
INFO - 2024-12-25 14:24:14 --> Utf8 Class Initialized
INFO - 2024-12-25 14:24:14 --> URI Class Initialized
INFO - 2024-12-25 14:24:14 --> Router Class Initialized
INFO - 2024-12-25 14:24:14 --> Output Class Initialized
INFO - 2024-12-25 14:24:14 --> Security Class Initialized
DEBUG - 2024-12-25 14:24:14 --> Global POST, GET and COOKIE data sanitized
INFO - 2024-12-25 14:24:14 --> Input Class Initialized
INFO - 2024-12-25 14:24:14 --> Language Class Initialized
INFO - 2024-12-25 14:24:14 --> Language Class Initialized
INFO - 2024-12-25 14:24:14 --> Config Class Initialized
INFO - 2024-12-25 14:24:14 --> Loader Class Initialized
INFO - 2024-12-25 14:24:14 --> Helper loaded: url_helper
INFO - 2024-12-25 14:24:14 --> Helper loaded: easyui_helper
INFO - 2024-12-25 14:24:14 --> Helper loaded: param_helper
INFO - 2024-12-25 14:24:14 --> Helper loaded: credential_helper
INFO - 2024-12-25 14:24:14 --> Helper loaded: template_helper
INFO - 2024-12-25 14:24:14 --> Helper loaded: rest_helper
INFO - 2024-12-25 14:24:14 --> Database Driver Class Initialized
DEBUG - 2024-12-25 14:24:14 --> Idgenerator class already loaded. Second attempt ignored.
INFO - 2024-12-25 14:24:14 --> Controller Class Initialized
INFO - 2024-12-25 14:24:14 --> Model Class Initialized
DEBUG - 2024-12-25 14:24:14 --> File loaded: /apps/web-drc/application/modules/mapping_promo_active/models/Promo_active_model.php
INFO - 2024-12-25 14:24:14 --> Model Class Initialized
INFO - 2024-12-25 14:24:14 --> Final output sent to browser
DEBUG - 2024-12-25 14:24:14 --> Total execution time: 0.0064
INFO - 2024-12-25 14:24:17 --> Config Class Initialized
INFO - 2024-12-25 14:24:17 --> Hooks Class Initialized
DEBUG - 2024-12-25 14:24:17 --> UTF-8 Support Enabled
INFO - 2024-12-25 14:24:17 --> Utf8 Class Initialized
INFO - 2024-12-25 14:24:17 --> URI Class Initialized
INFO - 2024-12-25 14:24:17 --> Router Class Initialized
INFO - 2024-12-25 14:24:17 --> Output Class Initialized
INFO - 2024-12-25 14:24:17 --> Security Class Initialized
DEBUG - 2024-12-25 14:24:17 --> Global POST, GET and COOKIE data sanitized
INFO - 2024-12-25 14:24:17 --> Input Class Initialized
INFO - 2024-12-25 14:24:17 --> Language Class Initialized
INFO - 2024-12-25 14:24:17 --> Language Class Initialized
INFO - 2024-12-25 14:24:17 --> Config Class Initialized
INFO - 2024-12-25 14:24:17 --> Loader Class Initialized
INFO - 2024-12-25 14:24:17 --> Helper loaded: url_helper
INFO - 2024-12-25 14:24:17 --> Helper loaded: easyui_helper
INFO - 2024-12-25 14:24:17 --> Helper loaded: param_helper
INFO - 2024-12-25 14:24:17 --> Helper loaded: credential_helper
INFO - 2024-12-25 14:24:17 --> Helper loaded: template_helper
INFO - 2024-12-25 14:24:17 --> Helper loaded: rest_helper
INFO - 2024-12-25 14:24:17 --> Database Driver Class Initialized
DEBUG - 2024-12-25 14:24:17 --> Idgenerator class already loaded. Second attempt ignored.
INFO - 2024-12-25 14:24:17 --> Controller Class Initialized
INFO - 2024-12-25 14:24:17 --> Model Class Initialized
DEBUG - 2024-12-25 14:24:17 --> File loaded: /apps/web-drc/application/modules/mapping_promo_active/models/Promo_active_model.php
INFO - 2024-12-25 14:24:17 --> Model Class Initialized
DEBUG - 2024-12-25 14:24:17 --> File loaded: /apps/web-drc/application/modules/mapping_promo_active/views/form.php
DEBUG - 2024-12-25 14:24:17 --> File loaded: /apps/web-drc/application/views/templates/header.php
DEBUG - 2024-12-25 14:24:17 --> File loaded: /apps/web-drc/application/views/templates/toolbar.php
DEBUG - 2024-12-25 14:24:17 --> File loaded: /apps/web-drc/application/views/templates/sidebar.php
DEBUG - 2024-12-25 14:24:17 --> File loaded: /apps/web-drc/application/views/templates/contents.php
DEBUG - 2024-12-25 14:24:17 --> File loaded: /apps/web-drc/application/views/templates/content_footer.php
DEBUG - 2024-12-25 14:24:17 --> File loaded: /apps/web-drc/application/views/templates/footer.php
DEBUG - 2024-12-25 14:24:17 --> File loaded: /apps/web-drc/application/views/templates/default.php
INFO - 2024-12-25 14:24:17 --> Final output sent to browser
DEBUG - 2024-12-25 14:24:17 --> Total execution time: 0.0069
INFO - 2024-12-25 14:24:17 --> Config Class Initialized
INFO - 2024-12-25 14:24:17 --> Hooks Class Initialized
DEBUG - 2024-12-25 14:24:17 --> UTF-8 Support Enabled
INFO - 2024-12-25 14:24:17 --> Utf8 Class Initialized
INFO - 2024-12-25 14:24:17 --> URI Class Initialized
INFO - 2024-12-25 14:24:17 --> Router Class Initialized
INFO - 2024-12-25 14:24:17 --> Output Class Initialized
INFO - 2024-12-25 14:24:17 --> Security Class Initialized
DEBUG - 2024-12-25 14:24:17 --> Global POST, GET and COOKIE data sanitized
INFO - 2024-12-25 14:24:17 --> Input Class Initialized
INFO - 2024-12-25 14:24:17 --> Language Class Initialized
ERROR - 2024-12-25 14:24:17 --> 404 Page Not Found: /index
INFO - 2024-12-25 14:24:17 --> Config Class Initialized
INFO - 2024-12-25 14:24:17 --> Hooks Class Initialized
DEBUG - 2024-12-25 14:24:17 --> UTF-8 Support Enabled
INFO - 2024-12-25 14:24:17 --> Utf8 Class Initialized
INFO - 2024-12-25 14:24:17 --> URI Class Initialized
INFO - 2024-12-25 14:24:17 --> Router Class Initialized
INFO - 2024-12-25 14:24:17 --> Output Class Initialized
INFO - 2024-12-25 14:24:17 --> Security Class Initialized
DEBUG - 2024-12-25 14:24:17 --> Global POST, GET and COOKIE data sanitized
INFO - 2024-12-25 14:24:17 --> Input Class Initialized
INFO - 2024-12-25 14:24:17 --> Language Class Initialized
INFO - 2024-12-25 14:24:17 --> Language Class Initialized
INFO - 2024-12-25 14:24:17 --> Config Class Initialized
INFO - 2024-12-25 14:24:17 --> Loader Class Initialized
INFO - 2024-12-25 14:24:17 --> Helper loaded: url_helper
INFO - 2024-12-25 14:24:17 --> Helper loaded: easyui_helper
INFO - 2024-12-25 14:24:17 --> Helper loaded: param_helper
INFO - 2024-12-25 14:24:17 --> Helper loaded: credential_helper
INFO - 2024-12-25 14:24:17 --> Helper loaded: template_helper
INFO - 2024-12-25 14:24:17 --> Helper loaded: rest_helper
INFO - 2024-12-25 14:24:17 --> Database Driver Class Initialized
DEBUG - 2024-12-25 14:24:17 --> Idgenerator class already loaded. Second attempt ignored.
INFO - 2024-12-25 14:24:17 --> Controller Class Initialized
INFO - 2024-12-25 14:24:17 --> Model Class Initialized
DEBUG - 2024-12-25 14:24:17 --> File loaded: /apps/web-drc/application/modules/api_v1/models/Api_v1_model.php
INFO - 2024-12-25 14:24:17 --> Model Class Initialized
INFO - 2024-12-25 14:24:17 --> Final output sent to browser
DEBUG - 2024-12-25 14:24:17 --> Total execution time: 0.0046
INFO - 2024-12-25 14:24:17 --> Config Class Initialized
INFO - 2024-12-25 14:24:17 --> Hooks Class Initialized
DEBUG - 2024-12-25 14:24:17 --> UTF-8 Support Enabled
INFO - 2024-12-25 14:24:17 --> Utf8 Class Initialized
INFO - 2024-12-25 14:24:17 --> URI Class Initialized
INFO - 2024-12-25 14:24:17 --> Router Class Initialized
INFO - 2024-12-25 14:24:17 --> Output Class Initialized
INFO - 2024-12-25 14:24:17 --> Security Class Initialized
DEBUG - 2024-12-25 14:24:17 --> Global POST, GET and COOKIE data sanitized
INFO - 2024-12-25 14:24:17 --> Input Class Initialized
INFO - 2024-12-25 14:24:17 --> Language Class Initialized
INFO - 2024-12-25 14:24:17 --> Language Class Initialized
INFO - 2024-12-25 14:24:17 --> Config Class Initialized
INFO - 2024-12-25 14:24:17 --> Loader Class Initialized
INFO - 2024-12-25 14:24:17 --> Helper loaded: url_helper
INFO - 2024-12-25 14:24:17 --> Helper loaded: easyui_helper
INFO - 2024-12-25 14:24:17 --> Helper loaded: param_helper
INFO - 2024-12-25 14:24:17 --> Helper loaded: credential_helper
INFO - 2024-12-25 14:24:17 --> Helper loaded: template_helper
INFO - 2024-12-25 14:24:17 --> Helper loaded: rest_helper
INFO - 2024-12-25 14:24:17 --> Database Driver Class Initialized
DEBUG - 2024-12-25 14:24:17 --> Idgenerator class already loaded. Second attempt ignored.
INFO - 2024-12-25 14:24:17 --> Controller Class Initialized
INFO - 2024-12-25 14:24:17 --> Model Class Initialized
DEBUG - 2024-12-25 14:24:17 --> File loaded: /apps/web-drc/application/modules/api_v1/models/Api_v1_model.php
INFO - 2024-12-25 14:24:17 --> Model Class Initialized
INFO - 2024-12-25 14:24:17 --> Final output sent to browser
DEBUG - 2024-12-25 14:24:17 --> Total execution time: 0.0070
INFO - 2024-12-25 14:24:17 --> Config Class Initialized
INFO - 2024-12-25 14:24:17 --> Hooks Class Initialized
DEBUG - 2024-12-25 14:24:17 --> UTF-8 Support Enabled
INFO - 2024-12-25 14:24:17 --> Utf8 Class Initialized
INFO - 2024-12-25 14:24:17 --> URI Class Initialized
INFO - 2024-12-25 14:24:17 --> Router Class Initialized
INFO - 2024-12-25 14:24:17 --> Output Class Initialized
INFO - 2024-12-25 14:24:17 --> Security Class Initialized
DEBUG - 2024-12-25 14:24:17 --> Global POST, GET and COOKIE data sanitized
INFO - 2024-12-25 14:24:17 --> Input Class Initialized
INFO - 2024-12-25 14:24:17 --> Language Class Initialized
INFO - 2024-12-25 14:24:17 --> Language Class Initialized
INFO - 2024-12-25 14:24:17 --> Config Class Initialized
INFO - 2024-12-25 14:24:17 --> Loader Class Initialized
INFO - 2024-12-25 14:24:17 --> Helper loaded: url_helper
INFO - 2024-12-25 14:24:17 --> Helper loaded: easyui_helper
INFO - 2024-12-25 14:24:17 --> Helper loaded: param_helper
INFO - 2024-12-25 14:24:17 --> Helper loaded: credential_helper
INFO - 2024-12-25 14:24:17 --> Helper loaded: template_helper
INFO - 2024-12-25 14:24:17 --> Helper loaded: rest_helper
INFO - 2024-12-25 14:24:17 --> Database Driver Class Initialized
DEBUG - 2024-12-25 14:24:17 --> Idgenerator class already loaded. Second attempt ignored.
INFO - 2024-12-25 14:24:17 --> Controller Class Initialized
INFO - 2024-12-25 14:24:17 --> Model Class Initialized
DEBUG - 2024-12-25 14:24:17 --> File loaded: /apps/web-drc/application/modules/ref_customer_class/models/Customer_class_model.php
INFO - 2024-12-25 14:24:17 --> Model Class Initialized
INFO - 2024-12-25 14:24:17 --> Final output sent to browser
DEBUG - 2024-12-25 14:24:17 --> Total execution time: 0.0033
INFO - 2024-12-25 14:24:52 --> Config Class Initialized
INFO - 2024-12-25 14:24:52 --> Hooks Class Initialized
DEBUG - 2024-12-25 14:24:52 --> UTF-8 Support Enabled
INFO - 2024-12-25 14:24:52 --> Utf8 Class Initialized
INFO - 2024-12-25 14:24:52 --> URI Class Initialized
INFO - 2024-12-25 14:24:52 --> Router Class Initialized
INFO - 2024-12-25 14:24:52 --> Output Class Initialized
INFO - 2024-12-25 14:24:52 --> Security Class Initialized
DEBUG - 2024-12-25 14:24:52 --> Global POST, GET and COOKIE data sanitized
INFO - 2024-12-25 14:24:52 --> Input Class Initialized
INFO - 2024-12-25 14:24:52 --> Language Class Initialized
INFO - 2024-12-25 14:24:52 --> Language Class Initialized
INFO - 2024-12-25 14:24:52 --> Config Class Initialized
INFO - 2024-12-25 14:24:52 --> Loader Class Initialized
INFO - 2024-12-25 14:24:52 --> Helper loaded: url_helper
INFO - 2024-12-25 14:24:52 --> Helper loaded: easyui_helper
INFO - 2024-12-25 14:24:52 --> Helper loaded: param_helper
INFO - 2024-12-25 14:24:52 --> Helper loaded: credential_helper
INFO - 2024-12-25 14:24:52 --> Helper loaded: template_helper
INFO - 2024-12-25 14:24:52 --> Helper loaded: rest_helper
INFO - 2024-12-25 14:24:52 --> Database Driver Class Initialized
DEBUG - 2024-12-25 14:24:52 --> Idgenerator class already loaded. Second attempt ignored.
INFO - 2024-12-25 14:24:52 --> Controller Class Initialized
INFO - 2024-12-25 14:24:52 --> Model Class Initialized
DEBUG - 2024-12-25 14:24:52 --> File loaded: /apps/web-drc/application/modules/mapping_promo_active/models/Promo_active_model.php
INFO - 2024-12-25 14:24:52 --> Model Class Initialized
ERROR - 2024-12-25 14:24:52 --> Cache: Failed to initialize APC; extension not loaded/enabled?
INFO - 2024-12-25 14:24:52 --> Helper loaded: file_helper
ERROR - 2024-12-25 14:24:52 --> Cache adapter "apc" and backup "file" are both unavailable. Cache is now using "Dummy" adapter.
ERROR - 2024-12-25 14:24:52 --> Severity: Warning --> fopen(/apps/web-drc/resource/files/lock/lock.txt): failed to open stream: Permission denied /apps/web-drc/application/libraries/IDGenerator.php 30
ERROR - 2024-12-25 14:24:52 --> Severity: Warning --> flock() expects parameter 1 to be resource, bool given /apps/web-drc/application/libraries/IDGenerator.php 31
ERROR - 2024-12-25 14:24:52 --> Severity: Warning --> fclose() expects parameter 1 to be resource, bool given /apps/web-drc/application/libraries/IDGenerator.php 67
ERROR - 2024-12-25 14:24:52 --> Query error: Unknown column 'Array' in 'field list' - Invalid query: INSERT INTO `mapping_promo_active` (`promo`, `tipepromo`, `classid`, `start_periode`, `end_periode`, `listsku`, `description`, `created_by`, `created_date`, `productid`) VALUES ('Test promo sku list', 'Discount', '1', '2024-12-25', '2024-12-31', Array, 'test sku list', 'admin', '2024-12-25 07:24:52', '')
INFO - 2024-12-25 14:24:52 --> Final output sent to browser
DEBUG - 2024-12-25 14:24:52 --> Total execution time: 0.0048
INFO - 2024-12-25 14:26:29 --> Config Class Initialized
INFO - 2024-12-25 14:26:29 --> Hooks Class Initialized
DEBUG - 2024-12-25 14:26:29 --> UTF-8 Support Enabled
INFO - 2024-12-25 14:26:29 --> Utf8 Class Initialized
INFO - 2024-12-25 14:26:29 --> URI Class Initialized
INFO - 2024-12-25 14:26:29 --> Router Class Initialized
INFO - 2024-12-25 14:26:29 --> Output Class Initialized
INFO - 2024-12-25 14:26:29 --> Security Class Initialized
DEBUG - 2024-12-25 14:26:29 --> Global POST, GET and COOKIE data sanitized
INFO - 2024-12-25 14:26:29 --> Input Class Initialized
INFO - 2024-12-25 14:26:29 --> Language Class Initialized
INFO - 2024-12-25 14:26:29 --> Language Class Initialized
INFO - 2024-12-25 14:26:29 --> Config Class Initialized
INFO - 2024-12-25 14:26:29 --> Loader Class Initialized
INFO - 2024-12-25 14:26:29 --> Helper loaded: url_helper
INFO - 2024-12-25 14:26:29 --> Helper loaded: easyui_helper
INFO - 2024-12-25 14:26:29 --> Helper loaded: param_helper
INFO - 2024-12-25 14:26:29 --> Helper loaded: credential_helper
INFO - 2024-12-25 14:26:29 --> Helper loaded: template_helper
INFO - 2024-12-25 14:26:29 --> Helper loaded: rest_helper
INFO - 2024-12-25 14:26:29 --> Database Driver Class Initialized
DEBUG - 2024-12-25 14:26:29 --> Idgenerator class already loaded. Second attempt ignored.
INFO - 2024-12-25 14:26:29 --> Controller Class Initialized
INFO - 2024-12-25 14:26:29 --> Model Class Initialized
DEBUG - 2024-12-25 14:26:29 --> File loaded: /apps/web-drc/application/modules/mapping_promo_active/models/Promo_active_model.php
INFO - 2024-12-25 14:26:29 --> Model Class Initialized
DEBUG - 2024-12-25 14:26:29 --> File loaded: /apps/web-drc/application/modules/mapping_promo_active/views/form.php
DEBUG - 2024-12-25 14:26:29 --> File loaded: /apps/web-drc/application/views/templates/header.php
DEBUG - 2024-12-25 14:26:29 --> File loaded: /apps/web-drc/application/views/templates/toolbar.php
DEBUG - 2024-12-25 14:26:29 --> File loaded: /apps/web-drc/application/views/templates/sidebar.php
DEBUG - 2024-12-25 14:26:29 --> File loaded: /apps/web-drc/application/views/templates/contents.php
DEBUG - 2024-12-25 14:26:29 --> File loaded: /apps/web-drc/application/views/templates/content_footer.php
DEBUG - 2024-12-25 14:26:29 --> File loaded: /apps/web-drc/application/views/templates/footer.php
DEBUG - 2024-12-25 14:26:29 --> File loaded: /apps/web-drc/application/views/templates/default.php
INFO - 2024-12-25 14:26:29 --> Final output sent to browser
DEBUG - 2024-12-25 14:26:29 --> Total execution time: 0.0070
INFO - 2024-12-25 14:26:31 --> Config Class Initialized
INFO - 2024-12-25 14:26:31 --> Hooks Class Initialized
DEBUG - 2024-12-25 14:26:31 --> UTF-8 Support Enabled
INFO - 2024-12-25 14:26:31 --> Utf8 Class Initialized
INFO - 2024-12-25 14:26:31 --> URI Class Initialized
INFO - 2024-12-25 14:26:31 --> Router Class Initialized
INFO - 2024-12-25 14:26:31 --> Output Class Initialized
INFO - 2024-12-25 14:26:31 --> Security Class Initialized
DEBUG - 2024-12-25 14:26:31 --> Global POST, GET and COOKIE data sanitized
INFO - 2024-12-25 14:26:31 --> Input Class Initialized
INFO - 2024-12-25 14:26:31 --> Language Class Initialized
ERROR - 2024-12-25 14:26:31 --> 404 Page Not Found: /index
INFO - 2024-12-25 14:26:32 --> Config Class Initialized
INFO - 2024-12-25 14:26:32 --> Hooks Class Initialized
DEBUG - 2024-12-25 14:26:32 --> UTF-8 Support Enabled
INFO - 2024-12-25 14:26:32 --> Utf8 Class Initialized
INFO - 2024-12-25 14:26:32 --> URI Class Initialized
INFO - 2024-12-25 14:26:32 --> Router Class Initialized
INFO - 2024-12-25 14:26:32 --> Output Class Initialized
INFO - 2024-12-25 14:26:32 --> Security Class Initialized
DEBUG - 2024-12-25 14:26:32 --> Global POST, GET and COOKIE data sanitized
INFO - 2024-12-25 14:26:32 --> Input Class Initialized
INFO - 2024-12-25 14:26:32 --> Language Class Initialized
INFO - 2024-12-25 14:26:32 --> Language Class Initialized
INFO - 2024-12-25 14:26:32 --> Config Class Initialized
INFO - 2024-12-25 14:26:32 --> Loader Class Initialized
INFO - 2024-12-25 14:26:32 --> Helper loaded: url_helper
INFO - 2024-12-25 14:26:32 --> Helper loaded: easyui_helper
INFO - 2024-12-25 14:26:32 --> Helper loaded: param_helper
INFO - 2024-12-25 14:26:32 --> Helper loaded: credential_helper
INFO - 2024-12-25 14:26:32 --> Helper loaded: template_helper
INFO - 2024-12-25 14:26:32 --> Helper loaded: rest_helper
INFO - 2024-12-25 14:26:32 --> Database Driver Class Initialized
DEBUG - 2024-12-25 14:26:32 --> Idgenerator class already loaded. Second attempt ignored.
INFO - 2024-12-25 14:26:32 --> Controller Class Initialized
INFO - 2024-12-25 14:26:32 --> Model Class Initialized
DEBUG - 2024-12-25 14:26:32 --> File loaded: /apps/web-drc/application/modules/api_v1/models/Api_v1_model.php
INFO - 2024-12-25 14:26:32 --> Model Class Initialized
INFO - 2024-12-25 14:26:32 --> Final output sent to browser
DEBUG - 2024-12-25 14:26:32 --> Total execution time: 0.0045
INFO - 2024-12-25 14:26:32 --> Config Class Initialized
INFO - 2024-12-25 14:26:32 --> Hooks Class Initialized
DEBUG - 2024-12-25 14:26:32 --> UTF-8 Support Enabled
INFO - 2024-12-25 14:26:32 --> Utf8 Class Initialized
INFO - 2024-12-25 14:26:32 --> URI Class Initialized
INFO - 2024-12-25 14:26:32 --> Router Class Initialized
INFO - 2024-12-25 14:26:32 --> Output Class Initialized
INFO - 2024-12-25 14:26:32 --> Security Class Initialized
DEBUG - 2024-12-25 14:26:32 --> Global POST, GET and COOKIE data sanitized
INFO - 2024-12-25 14:26:32 --> Input Class Initialized
INFO - 2024-12-25 14:26:32 --> Language Class Initialized
INFO - 2024-12-25 14:26:32 --> Language Class Initialized
INFO - 2024-12-25 14:26:32 --> Config Class Initialized
INFO - 2024-12-25 14:26:32 --> Loader Class Initialized
INFO - 2024-12-25 14:26:32 --> Helper loaded: url_helper
INFO - 2024-12-25 14:26:32 --> Helper loaded: easyui_helper
INFO - 2024-12-25 14:26:32 --> Helper loaded: param_helper
INFO - 2024-12-25 14:26:32 --> Helper loaded: credential_helper
INFO - 2024-12-25 14:26:32 --> Helper loaded: template_helper
INFO - 2024-12-25 14:26:32 --> Helper loaded: rest_helper
INFO - 2024-12-25 14:26:32 --> Database Driver Class Initialized
DEBUG - 2024-12-25 14:26:32 --> Idgenerator class already loaded. Second attempt ignored.
INFO - 2024-12-25 14:26:32 --> Controller Class Initialized
INFO - 2024-12-25 14:26:32 --> Model Class Initialized
DEBUG - 2024-12-25 14:26:32 --> File loaded: /apps/web-drc/application/modules/api_v1/models/Api_v1_model.php
INFO - 2024-12-25 14:26:32 --> Model Class Initialized
INFO - 2024-12-25 14:26:32 --> Final output sent to browser
DEBUG - 2024-12-25 14:26:32 --> Total execution time: 0.0035
INFO - 2024-12-25 14:26:32 --> Config Class Initialized
INFO - 2024-12-25 14:26:32 --> Hooks Class Initialized
DEBUG - 2024-12-25 14:26:32 --> UTF-8 Support Enabled
INFO - 2024-12-25 14:26:32 --> Utf8 Class Initialized
INFO - 2024-12-25 14:26:32 --> URI Class Initialized
INFO - 2024-12-25 14:26:32 --> Router Class Initialized
INFO - 2024-12-25 14:26:32 --> Output Class Initialized
INFO - 2024-12-25 14:26:32 --> Security Class Initialized
DEBUG - 2024-12-25 14:26:32 --> Global POST, GET and COOKIE data sanitized
INFO - 2024-12-25 14:26:32 --> Input Class Initialized
INFO - 2024-12-25 14:26:32 --> Language Class Initialized
INFO - 2024-12-25 14:26:32 --> Language Class Initialized
INFO - 2024-12-25 14:26:32 --> Config Class Initialized
INFO - 2024-12-25 14:26:32 --> Loader Class Initialized
INFO - 2024-12-25 14:26:32 --> Helper loaded: url_helper
INFO - 2024-12-25 14:26:32 --> Helper loaded: easyui_helper
INFO - 2024-12-25 14:26:32 --> Helper loaded: param_helper
INFO - 2024-12-25 14:26:32 --> Helper loaded: credential_helper
INFO - 2024-12-25 14:26:32 --> Helper loaded: template_helper
INFO - 2024-12-25 14:26:32 --> Helper loaded: rest_helper
INFO - 2024-12-25 14:26:32 --> Database Driver Class Initialized
DEBUG - 2024-12-25 14:26:32 --> Idgenerator class already loaded. Second attempt ignored.
INFO - 2024-12-25 14:26:32 --> Controller Class Initialized
INFO - 2024-12-25 14:26:32 --> Model Class Initialized
DEBUG - 2024-12-25 14:26:32 --> File loaded: /apps/web-drc/application/modules/ref_customer_class/models/Customer_class_model.php
INFO - 2024-12-25 14:26:32 --> Model Class Initialized
INFO - 2024-12-25 14:26:32 --> Final output sent to browser
DEBUG - 2024-12-25 14:26:32 --> Total execution time: 0.0033
INFO - 2024-12-25 14:26:32 --> Config Class Initialized
INFO - 2024-12-25 14:26:32 --> Hooks Class Initialized
DEBUG - 2024-12-25 14:26:32 --> UTF-8 Support Enabled
INFO - 2024-12-25 14:26:32 --> Utf8 Class Initialized
INFO - 2024-12-25 14:26:32 --> URI Class Initialized
INFO - 2024-12-25 14:26:32 --> Router Class Initialized
INFO - 2024-12-25 14:26:32 --> Output Class Initialized
INFO - 2024-12-25 14:26:32 --> Security Class Initialized
DEBUG - 2024-12-25 14:26:32 --> Global POST, GET and COOKIE data sanitized
INFO - 2024-12-25 14:26:32 --> Input Class Initialized
INFO - 2024-12-25 14:26:32 --> Language Class Initialized
ERROR - 2024-12-25 14:26:32 --> 404 Page Not Found: /index
INFO - 2024-12-25 14:27:08 --> Config Class Initialized
INFO - 2024-12-25 14:27:08 --> Hooks Class Initialized
DEBUG - 2024-12-25 14:27:08 --> UTF-8 Support Enabled
INFO - 2024-12-25 14:27:08 --> Utf8 Class Initialized
INFO - 2024-12-25 14:27:08 --> URI Class Initialized
INFO - 2024-12-25 14:27:08 --> Router Class Initialized
INFO - 2024-12-25 14:27:08 --> Output Class Initialized
INFO - 2024-12-25 14:27:08 --> Security Class Initialized
DEBUG - 2024-12-25 14:27:08 --> Global POST, GET and COOKIE data sanitized
INFO - 2024-12-25 14:27:08 --> Input Class Initialized
INFO - 2024-12-25 14:27:08 --> Language Class Initialized
INFO - 2024-12-25 14:27:08 --> Language Class Initialized
INFO - 2024-12-25 14:27:08 --> Config Class Initialized
INFO - 2024-12-25 14:27:08 --> Loader Class Initialized
INFO - 2024-12-25 14:27:08 --> Helper loaded: url_helper
INFO - 2024-12-25 14:27:08 --> Helper loaded: easyui_helper
INFO - 2024-12-25 14:27:08 --> Helper loaded: param_helper
INFO - 2024-12-25 14:27:08 --> Helper loaded: credential_helper
INFO - 2024-12-25 14:27:08 --> Helper loaded: template_helper
INFO - 2024-12-25 14:27:08 --> Helper loaded: rest_helper
INFO - 2024-12-25 14:27:08 --> Database Driver Class Initialized
DEBUG - 2024-12-25 14:27:08 --> Idgenerator class already loaded. Second attempt ignored.
INFO - 2024-12-25 14:27:08 --> Controller Class Initialized
INFO - 2024-12-25 14:27:08 --> Model Class Initialized
DEBUG - 2024-12-25 14:27:08 --> File loaded: /apps/web-drc/application/modules/mapping_promo_active/models/Promo_active_model.php
INFO - 2024-12-25 14:27:08 --> Model Class Initialized
ERROR - 2024-12-25 14:27:08 --> Cache: Failed to initialize APC; extension not loaded/enabled?
INFO - 2024-12-25 14:27:08 --> Helper loaded: file_helper
ERROR - 2024-12-25 14:27:08 --> Cache adapter "apc" and backup "file" are both unavailable. Cache is now using "Dummy" adapter.
ERROR - 2024-12-25 14:27:08 --> Severity: Warning --> fopen(/apps/web-drc/resource/files/lock/lock.txt): failed to open stream: Permission denied /apps/web-drc/application/libraries/IDGenerator.php 30
ERROR - 2024-12-25 14:27:08 --> Severity: Warning --> flock() expects parameter 1 to be resource, bool given /apps/web-drc/application/libraries/IDGenerator.php 31
ERROR - 2024-12-25 14:27:08 --> Severity: Warning --> fclose() expects parameter 1 to be resource, bool given /apps/web-drc/application/libraries/IDGenerator.php 67
ERROR - 2024-12-25 14:27:08 --> Query error: Unknown column 'Array' in 'field list' - Invalid query: INSERT INTO `mapping_promo_active` (`promo`, `tipepromo`, `classid`, `start_periode`, `end_periode`, `listsku`, `description`, `created_by`, `created_date`, `productid`) VALUES ('test promo sku', 'Discount', '1', '2024-12-25', '2024-12-31', Array, 'test promo', 'admin', '2024-12-25 07:27:08', '')
INFO - 2024-12-25 14:27:08 --> Final output sent to browser
DEBUG - 2024-12-25 14:27:08 --> Total execution time: 0.0045
INFO - 2024-12-25 14:29:04 --> Config Class Initialized
INFO - 2024-12-25 14:29:04 --> Hooks Class Initialized
DEBUG - 2024-12-25 14:29:04 --> UTF-8 Support Enabled
INFO - 2024-12-25 14:29:04 --> Utf8 Class Initialized
INFO - 2024-12-25 14:29:04 --> URI Class Initialized
INFO - 2024-12-25 14:29:04 --> Router Class Initialized
INFO - 2024-12-25 14:29:04 --> Output Class Initialized
INFO - 2024-12-25 14:29:04 --> Security Class Initialized
DEBUG - 2024-12-25 14:29:04 --> Global POST, GET and COOKIE data sanitized
INFO - 2024-12-25 14:29:04 --> Input Class Initialized
INFO - 2024-12-25 14:29:04 --> Language Class Initialized
INFO - 2024-12-25 14:29:04 --> Language Class Initialized
INFO - 2024-12-25 14:29:04 --> Config Class Initialized
INFO - 2024-12-25 14:29:04 --> Loader Class Initialized
INFO - 2024-12-25 14:29:04 --> Helper loaded: url_helper
INFO - 2024-12-25 14:29:04 --> Helper loaded: easyui_helper
INFO - 2024-12-25 14:29:04 --> Helper loaded: param_helper
INFO - 2024-12-25 14:29:04 --> Helper loaded: credential_helper
INFO - 2024-12-25 14:29:04 --> Helper loaded: template_helper
INFO - 2024-12-25 14:29:04 --> Helper loaded: rest_helper
INFO - 2024-12-25 14:29:04 --> Database Driver Class Initialized
DEBUG - 2024-12-25 14:29:04 --> Idgenerator class already loaded. Second attempt ignored.
INFO - 2024-12-25 14:29:04 --> Controller Class Initialized
INFO - 2024-12-25 14:29:04 --> Model Class Initialized
DEBUG - 2024-12-25 14:29:04 --> File loaded: /apps/web-drc/application/modules/mapping_promo_active/models/Promo_active_model.php
INFO - 2024-12-25 14:29:04 --> Model Class Initialized
DEBUG - 2024-12-25 14:29:04 --> File loaded: /apps/web-drc/application/modules/mapping_promo_active/views/form.php
DEBUG - 2024-12-25 14:29:04 --> File loaded: /apps/web-drc/application/views/templates/header.php
DEBUG - 2024-12-25 14:29:04 --> File loaded: /apps/web-drc/application/views/templates/toolbar.php
DEBUG - 2024-12-25 14:29:04 --> File loaded: /apps/web-drc/application/views/templates/sidebar.php
DEBUG - 2024-12-25 14:29:04 --> File loaded: /apps/web-drc/application/views/templates/contents.php
DEBUG - 2024-12-25 14:29:04 --> File loaded: /apps/web-drc/application/views/templates/content_footer.php
DEBUG - 2024-12-25 14:29:04 --> File loaded: /apps/web-drc/application/views/templates/footer.php
DEBUG - 2024-12-25 14:29:04 --> File loaded: /apps/web-drc/application/views/templates/default.php
INFO - 2024-12-25 14:29:04 --> Final output sent to browser
DEBUG - 2024-12-25 14:29:04 --> Total execution time: 0.0112
INFO - 2024-12-25 14:29:05 --> Config Class Initialized
INFO - 2024-12-25 14:29:05 --> Hooks Class Initialized
DEBUG - 2024-12-25 14:29:05 --> UTF-8 Support Enabled
INFO - 2024-12-25 14:29:05 --> Utf8 Class Initialized
INFO - 2024-12-25 14:29:05 --> URI Class Initialized
INFO - 2024-12-25 14:29:05 --> Router Class Initialized
INFO - 2024-12-25 14:29:05 --> Output Class Initialized
INFO - 2024-12-25 14:29:05 --> Security Class Initialized
DEBUG - 2024-12-25 14:29:05 --> Global POST, GET and COOKIE data sanitized
INFO - 2024-12-25 14:29:05 --> Input Class Initialized
INFO - 2024-12-25 14:29:05 --> Language Class Initialized
ERROR - 2024-12-25 14:29:05 --> 404 Page Not Found: /index
INFO - 2024-12-25 14:29:06 --> Config Class Initialized
INFO - 2024-12-25 14:29:06 --> Hooks Class Initialized
DEBUG - 2024-12-25 14:29:06 --> UTF-8 Support Enabled
INFO - 2024-12-25 14:29:06 --> Utf8 Class Initialized
INFO - 2024-12-25 14:29:06 --> URI Class Initialized
INFO - 2024-12-25 14:29:06 --> Router Class Initialized
INFO - 2024-12-25 14:29:06 --> Output Class Initialized
INFO - 2024-12-25 14:29:06 --> Security Class Initialized
DEBUG - 2024-12-25 14:29:06 --> Global POST, GET and COOKIE data sanitized
INFO - 2024-12-25 14:29:06 --> Input Class Initialized
INFO - 2024-12-25 14:29:06 --> Language Class Initialized
INFO - 2024-12-25 14:29:06 --> Language Class Initialized
INFO - 2024-12-25 14:29:06 --> Config Class Initialized
INFO - 2024-12-25 14:29:06 --> Loader Class Initialized
INFO - 2024-12-25 14:29:06 --> Helper loaded: url_helper
INFO - 2024-12-25 14:29:06 --> Helper loaded: easyui_helper
INFO - 2024-12-25 14:29:06 --> Helper loaded: param_helper
INFO - 2024-12-25 14:29:06 --> Helper loaded: credential_helper
INFO - 2024-12-25 14:29:06 --> Helper loaded: template_helper
INFO - 2024-12-25 14:29:06 --> Helper loaded: rest_helper
INFO - 2024-12-25 14:29:06 --> Database Driver Class Initialized
DEBUG - 2024-12-25 14:29:06 --> Idgenerator class already loaded. Second attempt ignored.
INFO - 2024-12-25 14:29:06 --> Controller Class Initialized
INFO - 2024-12-25 14:29:06 --> Model Class Initialized
DEBUG - 2024-12-25 14:29:06 --> File loaded: /apps/web-drc/application/modules/api_v1/models/Api_v1_model.php
INFO - 2024-12-25 14:29:06 --> Model Class Initialized
INFO - 2024-12-25 14:29:06 --> Final output sent to browser
DEBUG - 2024-12-25 14:29:06 --> Total execution time: 0.0038
INFO - 2024-12-25 14:29:06 --> Config Class Initialized
INFO - 2024-12-25 14:29:06 --> Hooks Class Initialized
DEBUG - 2024-12-25 14:29:06 --> UTF-8 Support Enabled
INFO - 2024-12-25 14:29:06 --> Utf8 Class Initialized
INFO - 2024-12-25 14:29:06 --> URI Class Initialized
INFO - 2024-12-25 14:29:06 --> Router Class Initialized
INFO - 2024-12-25 14:29:06 --> Output Class Initialized
INFO - 2024-12-25 14:29:06 --> Security Class Initialized
DEBUG - 2024-12-25 14:29:06 --> Global POST, GET and COOKIE data sanitized
INFO - 2024-12-25 14:29:06 --> Input Class Initialized
INFO - 2024-12-25 14:29:06 --> Language Class Initialized
INFO - 2024-12-25 14:29:06 --> Language Class Initialized
INFO - 2024-12-25 14:29:06 --> Config Class Initialized
INFO - 2024-12-25 14:29:06 --> Loader Class Initialized
INFO - 2024-12-25 14:29:06 --> Helper loaded: url_helper
INFO - 2024-12-25 14:29:06 --> Helper loaded: easyui_helper
INFO - 2024-12-25 14:29:06 --> Helper loaded: param_helper
INFO - 2024-12-25 14:29:06 --> Helper loaded: credential_helper
INFO - 2024-12-25 14:29:06 --> Helper loaded: template_helper
INFO - 2024-12-25 14:29:06 --> Helper loaded: rest_helper
INFO - 2024-12-25 14:29:06 --> Database Driver Class Initialized
DEBUG - 2024-12-25 14:29:06 --> Idgenerator class already loaded. Second attempt ignored.
INFO - 2024-12-25 14:29:06 --> Controller Class Initialized
INFO - 2024-12-25 14:29:06 --> Model Class Initialized
DEBUG - 2024-12-25 14:29:06 --> File loaded: /apps/web-drc/application/modules/api_v1/models/Api_v1_model.php
INFO - 2024-12-25 14:29:06 --> Model Class Initialized
INFO - 2024-12-25 14:29:06 --> Final output sent to browser
DEBUG - 2024-12-25 14:29:06 --> Total execution time: 0.0060
INFO - 2024-12-25 14:29:06 --> Config Class Initialized
INFO - 2024-12-25 14:29:06 --> Hooks Class Initialized
DEBUG - 2024-12-25 14:29:06 --> UTF-8 Support Enabled
INFO - 2024-12-25 14:29:06 --> Utf8 Class Initialized
INFO - 2024-12-25 14:29:06 --> URI Class Initialized
INFO - 2024-12-25 14:29:06 --> Router Class Initialized
INFO - 2024-12-25 14:29:06 --> Output Class Initialized
INFO - 2024-12-25 14:29:06 --> Security Class Initialized
DEBUG - 2024-12-25 14:29:06 --> Global POST, GET and COOKIE data sanitized
INFO - 2024-12-25 14:29:06 --> Input Class Initialized
INFO - 2024-12-25 14:29:06 --> Language Class Initialized
INFO - 2024-12-25 14:29:06 --> Language Class Initialized
INFO - 2024-12-25 14:29:06 --> Config Class Initialized
INFO - 2024-12-25 14:29:06 --> Loader Class Initialized
INFO - 2024-12-25 14:29:06 --> Helper loaded: url_helper
INFO - 2024-12-25 14:29:06 --> Helper loaded: easyui_helper
INFO - 2024-12-25 14:29:06 --> Helper loaded: param_helper
INFO - 2024-12-25 14:29:06 --> Helper loaded: credential_helper
INFO - 2024-12-25 14:29:06 --> Helper loaded: template_helper
INFO - 2024-12-25 14:29:06 --> Helper loaded: rest_helper
INFO - 2024-12-25 14:29:06 --> Database Driver Class Initialized
DEBUG - 2024-12-25 14:29:06 --> Idgenerator class already loaded. Second attempt ignored.
INFO - 2024-12-25 14:29:06 --> Controller Class Initialized
INFO - 2024-12-25 14:29:06 --> Model Class Initialized
DEBUG - 2024-12-25 14:29:06 --> File loaded: /apps/web-drc/application/modules/ref_customer_class/models/Customer_class_model.php
INFO - 2024-12-25 14:29:06 --> Model Class Initialized
INFO - 2024-12-25 14:29:06 --> Final output sent to browser
DEBUG - 2024-12-25 14:29:06 --> Total execution time: 0.0047
INFO - 2024-12-25 14:29:06 --> Config Class Initialized
INFO - 2024-12-25 14:29:06 --> Hooks Class Initialized
DEBUG - 2024-12-25 14:29:06 --> UTF-8 Support Enabled
INFO - 2024-12-25 14:29:06 --> Utf8 Class Initialized
INFO - 2024-12-25 14:29:06 --> URI Class Initialized
INFO - 2024-12-25 14:29:06 --> Router Class Initialized
INFO - 2024-12-25 14:29:06 --> Output Class Initialized
INFO - 2024-12-25 14:29:06 --> Security Class Initialized
DEBUG - 2024-12-25 14:29:06 --> Global POST, GET and COOKIE data sanitized
INFO - 2024-12-25 14:29:06 --> Input Class Initialized
INFO - 2024-12-25 14:29:06 --> Language Class Initialized
ERROR - 2024-12-25 14:29:06 --> 404 Page Not Found: /index
INFO - 2024-12-25 14:29:40 --> Config Class Initialized
INFO - 2024-12-25 14:29:40 --> Hooks Class Initialized
DEBUG - 2024-12-25 14:29:40 --> UTF-8 Support Enabled
INFO - 2024-12-25 14:29:40 --> Utf8 Class Initialized
INFO - 2024-12-25 14:29:40 --> URI Class Initialized
INFO - 2024-12-25 14:29:40 --> Router Class Initialized
INFO - 2024-12-25 14:29:40 --> Output Class Initialized
INFO - 2024-12-25 14:29:40 --> Security Class Initialized
DEBUG - 2024-12-25 14:29:40 --> Global POST, GET and COOKIE data sanitized
INFO - 2024-12-25 14:29:40 --> Input Class Initialized
INFO - 2024-12-25 14:29:40 --> Language Class Initialized
INFO - 2024-12-25 14:29:40 --> Language Class Initialized
INFO - 2024-12-25 14:29:40 --> Config Class Initialized
INFO - 2024-12-25 14:29:40 --> Loader Class Initialized
INFO - 2024-12-25 14:29:40 --> Helper loaded: url_helper
INFO - 2024-12-25 14:29:40 --> Helper loaded: easyui_helper
INFO - 2024-12-25 14:29:40 --> Helper loaded: param_helper
INFO - 2024-12-25 14:29:40 --> Helper loaded: credential_helper
INFO - 2024-12-25 14:29:40 --> Helper loaded: template_helper
INFO - 2024-12-25 14:29:40 --> Helper loaded: rest_helper
INFO - 2024-12-25 14:29:40 --> Database Driver Class Initialized
DEBUG - 2024-12-25 14:29:40 --> Idgenerator class already loaded. Second attempt ignored.
INFO - 2024-12-25 14:29:40 --> Controller Class Initialized
INFO - 2024-12-25 14:29:40 --> Model Class Initialized
DEBUG - 2024-12-25 14:29:40 --> File loaded: /apps/web-drc/application/modules/mapping_promo_active/models/Promo_active_model.php
INFO - 2024-12-25 14:29:40 --> Model Class Initialized
ERROR - 2024-12-25 14:29:40 --> Cache: Failed to initialize APC; extension not loaded/enabled?
INFO - 2024-12-25 14:29:40 --> Helper loaded: file_helper
ERROR - 2024-12-25 14:29:40 --> Cache adapter "apc" and backup "file" are both unavailable. Cache is now using "Dummy" adapter.
ERROR - 2024-12-25 14:29:40 --> Severity: Warning --> fopen(/apps/web-drc/resource/files/lock/lock.txt): failed to open stream: Permission denied /apps/web-drc/application/libraries/IDGenerator.php 30
ERROR - 2024-12-25 14:29:40 --> Severity: Warning --> flock() expects parameter 1 to be resource, bool given /apps/web-drc/application/libraries/IDGenerator.php 31
ERROR - 2024-12-25 14:29:40 --> Severity: Warning --> fclose() expects parameter 1 to be resource, bool given /apps/web-drc/application/libraries/IDGenerator.php 67
ERROR - 2024-12-25 14:29:40 --> Query error: Unknown column 'productid' in 'field list' - Invalid query: INSERT INTO `mapping_promo_active` (`promo`, `tipepromo`, `classid`, `start_periode`, `end_periode`, `description`, `created_by`, `created_date`, `productid`) VALUES ('test promo multi sku', 'Discount', '1', '2024-12-25', '2024-12-31', 'test sku list', 'admin', '2024-12-25 07:29:40', 'AC01,AC03,AC05')
INFO - 2024-12-25 14:29:40 --> Final output sent to browser
DEBUG - 2024-12-25 14:29:40 --> Total execution time: 0.0102
INFO - 2024-12-25 15:00:35 --> Config Class Initialized
INFO - 2024-12-25 15:00:35 --> Hooks Class Initialized
DEBUG - 2024-12-25 15:00:35 --> UTF-8 Support Enabled
INFO - 2024-12-25 15:00:35 --> Utf8 Class Initialized
INFO - 2024-12-25 15:00:35 --> URI Class Initialized
INFO - 2024-12-25 15:00:35 --> Router Class Initialized
INFO - 2024-12-25 15:00:35 --> Output Class Initialized
INFO - 2024-12-25 15:00:35 --> Security Class Initialized
DEBUG - 2024-12-25 15:00:35 --> Global POST, GET and COOKIE data sanitized
INFO - 2024-12-25 15:00:35 --> Input Class Initialized
INFO - 2024-12-25 15:00:35 --> Language Class Initialized
INFO - 2024-12-25 15:00:35 --> Language Class Initialized
INFO - 2024-12-25 15:00:35 --> Config Class Initialized
INFO - 2024-12-25 15:00:35 --> Loader Class Initialized
INFO - 2024-12-25 15:00:35 --> Helper loaded: url_helper
INFO - 2024-12-25 15:00:35 --> Helper loaded: easyui_helper
INFO - 2024-12-25 15:00:35 --> Helper loaded: param_helper
INFO - 2024-12-25 15:00:35 --> Helper loaded: credential_helper
INFO - 2024-12-25 15:00:35 --> Helper loaded: template_helper
INFO - 2024-12-25 15:00:35 --> Helper loaded: rest_helper
INFO - 2024-12-25 15:00:35 --> Database Driver Class Initialized
DEBUG - 2024-12-25 15:00:35 --> Idgenerator class already loaded. Second attempt ignored.
INFO - 2024-12-25 15:00:35 --> Controller Class Initialized
INFO - 2024-12-25 15:00:35 --> Model Class Initialized
DEBUG - 2024-12-25 15:00:35 --> File loaded: /apps/web-drc/application/modules/mapping_promo_active/models/Promo_active_model.php
INFO - 2024-12-25 15:00:35 --> Model Class Initialized
ERROR - 2024-12-25 15:00:35 --> Cache: Failed to initialize APC; extension not loaded/enabled?
INFO - 2024-12-25 15:00:35 --> Helper loaded: file_helper
ERROR - 2024-12-25 15:00:35 --> Cache adapter "apc" and backup "file" are both unavailable. Cache is now using "Dummy" adapter.
ERROR - 2024-12-25 15:00:35 --> Severity: Warning --> fopen(/apps/web-drc/resource/files/lock/lock.txt): failed to open stream: Permission denied /apps/web-drc/application/libraries/IDGenerator.php 30
ERROR - 2024-12-25 15:00:35 --> Severity: Warning --> flock() expects parameter 1 to be resource, bool given /apps/web-drc/application/libraries/IDGenerator.php 31
ERROR - 2024-12-25 15:00:35 --> Severity: Warning --> fclose() expects parameter 1 to be resource, bool given /apps/web-drc/application/libraries/IDGenerator.php 67
INFO - 2024-12-25 15:00:35 --> Final output sent to browser
DEBUG - 2024-12-25 15:00:35 --> Total execution time: 0.0085
INFO - 2024-12-25 15:23:33 --> Config Class Initialized
INFO - 2024-12-25 15:23:33 --> Hooks Class Initialized
DEBUG - 2024-12-25 15:23:33 --> UTF-8 Support Enabled
INFO - 2024-12-25 15:23:33 --> Utf8 Class Initialized
INFO - 2024-12-25 15:23:33 --> URI Class Initialized
INFO - 2024-12-25 15:23:33 --> Router Class Initialized
INFO - 2024-12-25 15:23:33 --> Output Class Initialized
INFO - 2024-12-25 15:23:33 --> Security Class Initialized
DEBUG - 2024-12-25 15:23:33 --> Global POST, GET and COOKIE data sanitized
INFO - 2024-12-25 15:23:33 --> Input Class Initialized
INFO - 2024-12-25 15:23:33 --> Language Class Initialized
INFO - 2024-12-25 15:23:33 --> Language Class Initialized
INFO - 2024-12-25 15:23:33 --> Config Class Initialized
INFO - 2024-12-25 15:23:33 --> Loader Class Initialized
INFO - 2024-12-25 15:23:33 --> Helper loaded: url_helper
INFO - 2024-12-25 15:23:33 --> Helper loaded: easyui_helper
INFO - 2024-12-25 15:23:33 --> Helper loaded: param_helper
INFO - 2024-12-25 15:23:33 --> Helper loaded: credential_helper
INFO - 2024-12-25 15:23:33 --> Helper loaded: template_helper
INFO - 2024-12-25 15:23:33 --> Helper loaded: rest_helper
INFO - 2024-12-25 15:23:33 --> Database Driver Class Initialized
DEBUG - 2024-12-25 15:23:33 --> Idgenerator class already loaded. Second attempt ignored.
INFO - 2024-12-25 15:23:33 --> Controller Class Initialized
INFO - 2024-12-25 15:23:33 --> Model Class Initialized
DEBUG - 2024-12-25 15:23:33 --> File loaded: /apps/web-drc/application/modules/mapping_promo_active/models/Promo_active_model.php
INFO - 2024-12-25 15:23:33 --> Model Class Initialized
DEBUG - 2024-12-25 15:23:33 --> File loaded: /apps/web-drc/application/modules/mapping_promo_active/views/form.php
DEBUG - 2024-12-25 15:23:33 --> File loaded: /apps/web-drc/application/views/templates/header.php
DEBUG - 2024-12-25 15:23:33 --> File loaded: /apps/web-drc/application/views/templates/toolbar.php
DEBUG - 2024-12-25 15:23:33 --> File loaded: /apps/web-drc/application/views/templates/sidebar.php
DEBUG - 2024-12-25 15:23:33 --> File loaded: /apps/web-drc/application/views/templates/contents.php
DEBUG - 2024-12-25 15:23:33 --> File loaded: /apps/web-drc/application/views/templates/content_footer.php
DEBUG - 2024-12-25 15:23:33 --> File loaded: /apps/web-drc/application/views/templates/footer.php
INFO - 2024-12-25 15:23:34 --> Config Class Initialized
INFO - 2024-12-25 15:23:34 --> Hooks Class Initialized
DEBUG - 2024-12-25 15:23:34 --> UTF-8 Support Enabled
INFO - 2024-12-25 15:23:34 --> Utf8 Class Initialized
INFO - 2024-12-25 15:23:34 --> URI Class Initialized
DEBUG - 2024-12-25 15:23:34 --> No URI present. Default controller set.
INFO - 2024-12-25 15:23:34 --> Router Class Initialized
INFO - 2024-12-25 15:23:34 --> Output Class Initialized
INFO - 2024-12-25 15:23:34 --> Security Class Initialized
DEBUG - 2024-12-25 15:23:34 --> Global POST, GET and COOKIE data sanitized
INFO - 2024-12-25 15:23:34 --> Input Class Initialized
INFO - 2024-12-25 15:23:34 --> Language Class Initialized
INFO - 2024-12-25 15:23:34 --> Language Class Initialized
INFO - 2024-12-25 15:23:34 --> Config Class Initialized
INFO - 2024-12-25 15:23:34 --> Loader Class Initialized
INFO - 2024-12-25 15:23:34 --> Helper loaded: url_helper
INFO - 2024-12-25 15:23:34 --> Helper loaded: easyui_helper
INFO - 2024-12-25 15:23:34 --> Helper loaded: param_helper
INFO - 2024-12-25 15:23:34 --> Helper loaded: credential_helper
INFO - 2024-12-25 15:23:34 --> Helper loaded: template_helper
INFO - 2024-12-25 15:23:34 --> Helper loaded: rest_helper
INFO - 2024-12-25 15:23:34 --> Database Driver Class Initialized
DEBUG - 2024-12-25 15:23:34 --> Idgenerator class already loaded. Second attempt ignored.
INFO - 2024-12-25 15:23:34 --> Controller Class Initialized
DEBUG - 2024-12-25 15:23:34 --> File loaded: /apps/web-drc/application/modules/app_auth/views/login_lte_template.php
DEBUG - 2024-12-25 15:23:34 --> File loaded: /apps/web-drc/application/views/template_login_lte/header.php
DEBUG - 2024-12-25 15:23:34 --> File loaded: /apps/web-drc/application/views/template_login_lte/contents.php
DEBUG - 2024-12-25 15:23:34 --> File loaded: /apps/web-drc/application/views/template_login_lte/default.php
INFO - 2024-12-25 15:23:34 --> Final output sent to browser
DEBUG - 2024-12-25 15:23:34 --> Total execution time: 0.0043
INFO - 2024-12-25 15:23:34 --> Config Class Initialized
INFO - 2024-12-25 15:23:34 --> Hooks Class Initialized
DEBUG - 2024-12-25 15:23:34 --> UTF-8 Support Enabled
INFO - 2024-12-25 15:23:34 --> Utf8 Class Initialized
INFO - 2024-12-25 15:23:34 --> URI Class Initialized
INFO - 2024-12-25 15:23:34 --> Router Class Initialized
INFO - 2024-12-25 15:23:34 --> Output Class Initialized
INFO - 2024-12-25 15:23:34 --> Security Class Initialized
DEBUG - 2024-12-25 15:23:34 --> Global POST, GET and COOKIE data sanitized
INFO - 2024-12-25 15:23:34 --> Input Class Initialized
INFO - 2024-12-25 15:23:34 --> Language Class Initialized
ERROR - 2024-12-25 15:23:34 --> 404 Page Not Found: /index
INFO - 2024-12-25 15:23:41 --> Config Class Initialized
INFO - 2024-12-25 15:23:41 --> Hooks Class Initialized
DEBUG - 2024-12-25 15:23:41 --> UTF-8 Support Enabled
INFO - 2024-12-25 15:23:41 --> Utf8 Class Initialized
INFO - 2024-12-25 15:23:41 --> URI Class Initialized
INFO - 2024-12-25 15:23:41 --> Router Class Initialized
INFO - 2024-12-25 15:23:41 --> Output Class Initialized
INFO - 2024-12-25 15:23:41 --> Security Class Initialized
DEBUG - 2024-12-25 15:23:41 --> Global POST, GET and COOKIE data sanitized
INFO - 2024-12-25 15:23:41 --> Input Class Initialized
INFO - 2024-12-25 15:23:41 --> Language Class Initialized
INFO - 2024-12-25 15:23:41 --> Language Class Initialized
INFO - 2024-12-25 15:23:41 --> Config Class Initialized
INFO - 2024-12-25 15:23:41 --> Loader Class Initialized
INFO - 2024-12-25 15:23:41 --> Helper loaded: url_helper
INFO - 2024-12-25 15:23:41 --> Helper loaded: easyui_helper
INFO - 2024-12-25 15:23:41 --> Helper loaded: param_helper
INFO - 2024-12-25 15:23:41 --> Helper loaded: credential_helper
INFO - 2024-12-25 15:23:41 --> Helper loaded: template_helper
INFO - 2024-12-25 15:23:41 --> Helper loaded: rest_helper
INFO - 2024-12-25 15:23:41 --> Database Driver Class Initialized
DEBUG - 2024-12-25 15:23:41 --> Idgenerator class already loaded. Second attempt ignored.
INFO - 2024-12-25 15:23:41 --> Controller Class Initialized
INFO - 2024-12-25 15:23:41 --> Final output sent to browser
DEBUG - 2024-12-25 15:23:41 --> Total execution time: 0.0057
INFO - 2024-12-25 15:23:41 --> Config Class Initialized
INFO - 2024-12-25 15:23:41 --> Hooks Class Initialized
DEBUG - 2024-12-25 15:23:41 --> UTF-8 Support Enabled
INFO - 2024-12-25 15:23:41 --> Utf8 Class Initialized
INFO - 2024-12-25 15:23:41 --> URI Class Initialized
INFO - 2024-12-25 15:23:41 --> Router Class Initialized
INFO - 2024-12-25 15:23:41 --> Output Class Initialized
INFO - 2024-12-25 15:23:41 --> Security Class Initialized
DEBUG - 2024-12-25 15:23:41 --> Global POST, GET and COOKIE data sanitized
INFO - 2024-12-25 15:23:41 --> Input Class Initialized
INFO - 2024-12-25 15:23:41 --> Language Class Initialized
INFO - 2024-12-25 15:23:41 --> Language Class Initialized
INFO - 2024-12-25 15:23:41 --> Config Class Initialized
INFO - 2024-12-25 15:23:41 --> Loader Class Initialized
INFO - 2024-12-25 15:23:41 --> Helper loaded: url_helper
INFO - 2024-12-25 15:23:41 --> Helper loaded: easyui_helper
INFO - 2024-12-25 15:23:41 --> Helper loaded: param_helper
INFO - 2024-12-25 15:23:41 --> Helper loaded: credential_helper
INFO - 2024-12-25 15:23:41 --> Helper loaded: template_helper
INFO - 2024-12-25 15:23:41 --> Helper loaded: rest_helper
INFO - 2024-12-25 15:23:41 --> Database Driver Class Initialized
DEBUG - 2024-12-25 15:23:41 --> Idgenerator class already loaded. Second attempt ignored.
INFO - 2024-12-25 15:23:41 --> Controller Class Initialized
INFO - 2024-12-25 15:23:41 --> Model Class Initialized
DEBUG - 2024-12-25 15:23:41 --> File loaded: /apps/web-drc/application/modules/app_dashboard/models/App_dashboard_model.php
INFO - 2024-12-25 15:23:41 --> Model Class Initialized
DEBUG - 2024-12-25 15:23:41 --> File loaded: /apps/web-drc/application/modules/app_dashboard/views/content.php
DEBUG - 2024-12-25 15:23:41 --> File loaded: /apps/web-drc/application/views/templates/header.php
DEBUG - 2024-12-25 15:23:41 --> File loaded: /apps/web-drc/application/views/templates/toolbar.php
DEBUG - 2024-12-25 15:23:41 --> File loaded: /apps/web-drc/application/views/templates/sidebar.php
DEBUG - 2024-12-25 15:23:41 --> File loaded: /apps/web-drc/application/views/templates/contents.php
DEBUG - 2024-12-25 15:23:41 --> File loaded: /apps/web-drc/application/views/templates/content_footer.php
DEBUG - 2024-12-25 15:23:41 --> File loaded: /apps/web-drc/application/views/templates/footer.php
DEBUG - 2024-12-25 15:23:41 --> File loaded: /apps/web-drc/application/views/templates/default.php
INFO - 2024-12-25 15:23:41 --> Final output sent to browser
DEBUG - 2024-12-25 15:23:41 --> Total execution time: 0.0112
INFO - 2024-12-25 15:23:41 --> Config Class Initialized
INFO - 2024-12-25 15:23:41 --> Hooks Class Initialized
DEBUG - 2024-12-25 15:23:41 --> UTF-8 Support Enabled
INFO - 2024-12-25 15:23:41 --> Utf8 Class Initialized
INFO - 2024-12-25 15:23:41 --> URI Class Initialized
INFO - 2024-12-25 15:23:41 --> Router Class Initialized
INFO - 2024-12-25 15:23:41 --> Output Class Initialized
INFO - 2024-12-25 15:23:41 --> Security Class Initialized
DEBUG - 2024-12-25 15:23:41 --> Global POST, GET and COOKIE data sanitized
INFO - 2024-12-25 15:23:41 --> Input Class Initialized
INFO - 2024-12-25 15:23:41 --> Language Class Initialized
INFO - 2024-12-25 15:23:41 --> Language Class Initialized
INFO - 2024-12-25 15:23:41 --> Config Class Initialized
INFO - 2024-12-25 15:23:41 --> Loader Class Initialized
INFO - 2024-12-25 15:23:41 --> Helper loaded: url_helper
INFO - 2024-12-25 15:23:41 --> Helper loaded: easyui_helper
INFO - 2024-12-25 15:23:41 --> Helper loaded: param_helper
INFO - 2024-12-25 15:23:41 --> Helper loaded: credential_helper
INFO - 2024-12-25 15:23:41 --> Helper loaded: template_helper
INFO - 2024-12-25 15:23:41 --> Helper loaded: rest_helper
INFO - 2024-12-25 15:23:41 --> Database Driver Class Initialized
DEBUG - 2024-12-25 15:23:41 --> Idgenerator class already loaded. Second attempt ignored.
INFO - 2024-12-25 15:23:41 --> Controller Class Initialized
INFO - 2024-12-25 15:23:41 --> Model Class Initialized
DEBUG - 2024-12-25 15:23:41 --> File loaded: /apps/web-drc/application/modules/app_dashboard/models/App_dashboard_model.php
INFO - 2024-12-25 15:23:41 --> Model Class Initialized
INFO - 2024-12-25 15:23:41 --> Final output sent to browser
DEBUG - 2024-12-25 15:23:41 --> Total execution time: 0.0085
INFO - 2024-12-25 15:23:41 --> Config Class Initialized
INFO - 2024-12-25 15:23:41 --> Hooks Class Initialized
DEBUG - 2024-12-25 15:23:41 --> UTF-8 Support Enabled
INFO - 2024-12-25 15:23:41 --> Utf8 Class Initialized
INFO - 2024-12-25 15:23:41 --> URI Class Initialized
INFO - 2024-12-25 15:23:41 --> Router Class Initialized
INFO - 2024-12-25 15:23:41 --> Output Class Initialized
INFO - 2024-12-25 15:23:41 --> Security Class Initialized
DEBUG - 2024-12-25 15:23:41 --> Global POST, GET and COOKIE data sanitized
INFO - 2024-12-25 15:23:41 --> Input Class Initialized
INFO - 2024-12-25 15:23:41 --> Language Class Initialized
INFO - 2024-12-25 15:23:41 --> Language Class Initialized
INFO - 2024-12-25 15:23:41 --> Config Class Initialized
INFO - 2024-12-25 15:23:41 --> Loader Class Initialized
INFO - 2024-12-25 15:23:41 --> Helper loaded: url_helper
INFO - 2024-12-25 15:23:41 --> Helper loaded: easyui_helper
INFO - 2024-12-25 15:23:41 --> Helper loaded: param_helper
INFO - 2024-12-25 15:23:41 --> Helper loaded: credential_helper
INFO - 2024-12-25 15:23:41 --> Helper loaded: template_helper
INFO - 2024-12-25 15:23:41 --> Helper loaded: rest_helper
INFO - 2024-12-25 15:23:41 --> Database Driver Class Initialized
DEBUG - 2024-12-25 15:23:41 --> Idgenerator class already loaded. Second attempt ignored.
INFO - 2024-12-25 15:23:41 --> Controller Class Initialized
INFO - 2024-12-25 15:23:41 --> Model Class Initialized
DEBUG - 2024-12-25 15:23:41 --> File loaded: /apps/web-drc/application/modules/api_v1/models/Api_v1_model.php
INFO - 2024-12-25 15:23:41 --> Model Class Initialized
INFO - 2024-12-25 15:23:41 --> Final output sent to browser
DEBUG - 2024-12-25 15:23:41 --> Total execution time: 0.0087
INFO - 2024-12-25 15:23:47 --> Config Class Initialized
INFO - 2024-12-25 15:23:47 --> Hooks Class Initialized
DEBUG - 2024-12-25 15:23:47 --> UTF-8 Support Enabled
INFO - 2024-12-25 15:23:47 --> Utf8 Class Initialized
INFO - 2024-12-25 15:23:47 --> URI Class Initialized
INFO - 2024-12-25 15:23:47 --> Router Class Initialized
INFO - 2024-12-25 15:23:47 --> Output Class Initialized
INFO - 2024-12-25 15:23:47 --> Security Class Initialized
DEBUG - 2024-12-25 15:23:47 --> Global POST, GET and COOKIE data sanitized
INFO - 2024-12-25 15:23:47 --> Input Class Initialized
INFO - 2024-12-25 15:23:47 --> Language Class Initialized
INFO - 2024-12-25 15:23:47 --> Language Class Initialized
INFO - 2024-12-25 15:23:47 --> Config Class Initialized
INFO - 2024-12-25 15:23:47 --> Loader Class Initialized
INFO - 2024-12-25 15:23:47 --> Helper loaded: url_helper
INFO - 2024-12-25 15:23:47 --> Helper loaded: easyui_helper
INFO - 2024-12-25 15:23:47 --> Helper loaded: param_helper
INFO - 2024-12-25 15:23:47 --> Helper loaded: credential_helper
INFO - 2024-12-25 15:23:47 --> Helper loaded: template_helper
INFO - 2024-12-25 15:23:47 --> Helper loaded: rest_helper
INFO - 2024-12-25 15:23:47 --> Database Driver Class Initialized
DEBUG - 2024-12-25 15:23:47 --> Idgenerator class already loaded. Second attempt ignored.
INFO - 2024-12-25 15:23:47 --> Controller Class Initialized
INFO - 2024-12-25 15:23:47 --> Model Class Initialized
DEBUG - 2024-12-25 15:23:47 --> File loaded: /apps/web-drc/application/modules/mapping_promo_active/models/Promo_active_model.php
INFO - 2024-12-25 15:23:47 --> Model Class Initialized
DEBUG - 2024-12-25 15:23:47 --> File loaded: /apps/web-drc/application/modules/mapping_promo_active/views/content.php
DEBUG - 2024-12-25 15:23:47 --> File loaded: /apps/web-drc/application/views/templates/header.php
DEBUG - 2024-12-25 15:23:47 --> File loaded: /apps/web-drc/application/views/templates/toolbar.php
DEBUG - 2024-12-25 15:23:47 --> File loaded: /apps/web-drc/application/views/templates/sidebar.php
DEBUG - 2024-12-25 15:23:47 --> File loaded: /apps/web-drc/application/views/templates/contents.php
DEBUG - 2024-12-25 15:23:47 --> File loaded: /apps/web-drc/application/views/templates/content_footer.php
DEBUG - 2024-12-25 15:23:47 --> File loaded: /apps/web-drc/application/views/templates/footer.php
DEBUG - 2024-12-25 15:23:47 --> File loaded: /apps/web-drc/application/views/templates/default.php
INFO - 2024-12-25 15:23:47 --> Final output sent to browser
DEBUG - 2024-12-25 15:23:47 --> Total execution time: 0.0094
INFO - 2024-12-25 15:23:47 --> Config Class Initialized
INFO - 2024-12-25 15:23:47 --> Hooks Class Initialized
DEBUG - 2024-12-25 15:23:47 --> UTF-8 Support Enabled
INFO - 2024-12-25 15:23:47 --> Utf8 Class Initialized
INFO - 2024-12-25 15:23:47 --> URI Class Initialized
INFO - 2024-12-25 15:23:47 --> Router Class Initialized
INFO - 2024-12-25 15:23:47 --> Output Class Initialized
INFO - 2024-12-25 15:23:47 --> Security Class Initialized
DEBUG - 2024-12-25 15:23:47 --> Global POST, GET and COOKIE data sanitized
INFO - 2024-12-25 15:23:47 --> Input Class Initialized
INFO - 2024-12-25 15:23:47 --> Language Class Initialized
INFO - 2024-12-25 15:23:47 --> Language Class Initialized
INFO - 2024-12-25 15:23:47 --> Config Class Initialized
INFO - 2024-12-25 15:23:47 --> Loader Class Initialized
INFO - 2024-12-25 15:23:47 --> Helper loaded: url_helper
INFO - 2024-12-25 15:23:47 --> Helper loaded: easyui_helper
INFO - 2024-12-25 15:23:47 --> Helper loaded: param_helper
INFO - 2024-12-25 15:23:47 --> Helper loaded: credential_helper
INFO - 2024-12-25 15:23:47 --> Helper loaded: template_helper
INFO - 2024-12-25 15:23:47 --> Helper loaded: rest_helper
INFO - 2024-12-25 15:23:47 --> Database Driver Class Initialized
DEBUG - 2024-12-25 15:23:47 --> Idgenerator class already loaded. Second attempt ignored.
INFO - 2024-12-25 15:23:47 --> Controller Class Initialized
INFO - 2024-12-25 15:23:47 --> Model Class Initialized
DEBUG - 2024-12-25 15:23:47 --> File loaded: /apps/web-drc/application/modules/mapping_promo_active/models/Promo_active_model.php
INFO - 2024-12-25 15:23:47 --> Model Class Initialized
INFO - 2024-12-25 15:23:47 --> Final output sent to browser
DEBUG - 2024-12-25 15:23:47 --> Total execution time: 0.0067
INFO - 2024-12-25 15:23:49 --> Config Class Initialized
INFO - 2024-12-25 15:23:49 --> Hooks Class Initialized
DEBUG - 2024-12-25 15:23:49 --> UTF-8 Support Enabled
INFO - 2024-12-25 15:23:49 --> Utf8 Class Initialized
INFO - 2024-12-25 15:23:49 --> URI Class Initialized
INFO - 2024-12-25 15:23:49 --> Router Class Initialized
INFO - 2024-12-25 15:23:49 --> Output Class Initialized
INFO - 2024-12-25 15:23:49 --> Security Class Initialized
DEBUG - 2024-12-25 15:23:49 --> Global POST, GET and COOKIE data sanitized
INFO - 2024-12-25 15:23:49 --> Input Class Initialized
INFO - 2024-12-25 15:23:49 --> Language Class Initialized
INFO - 2024-12-25 15:23:49 --> Language Class Initialized
INFO - 2024-12-25 15:23:49 --> Config Class Initialized
INFO - 2024-12-25 15:23:49 --> Loader Class Initialized
INFO - 2024-12-25 15:23:49 --> Helper loaded: url_helper
INFO - 2024-12-25 15:23:49 --> Helper loaded: easyui_helper
INFO - 2024-12-25 15:23:49 --> Helper loaded: param_helper
INFO - 2024-12-25 15:23:49 --> Helper loaded: credential_helper
INFO - 2024-12-25 15:23:49 --> Helper loaded: template_helper
INFO - 2024-12-25 15:23:49 --> Helper loaded: rest_helper
INFO - 2024-12-25 15:23:49 --> Database Driver Class Initialized
DEBUG - 2024-12-25 15:23:49 --> Idgenerator class already loaded. Second attempt ignored.
INFO - 2024-12-25 15:23:49 --> Controller Class Initialized
INFO - 2024-12-25 15:23:49 --> Model Class Initialized
DEBUG - 2024-12-25 15:23:49 --> File loaded: /apps/web-drc/application/modules/mapping_promo_active/models/Promo_active_model.php
INFO - 2024-12-25 15:23:49 --> Model Class Initialized
DEBUG - 2024-12-25 15:23:49 --> File loaded: /apps/web-drc/application/modules/mapping_promo_active/views/form.php
DEBUG - 2024-12-25 15:23:49 --> File loaded: /apps/web-drc/application/views/templates/header.php
DEBUG - 2024-12-25 15:23:49 --> File loaded: /apps/web-drc/application/views/templates/toolbar.php
DEBUG - 2024-12-25 15:23:49 --> File loaded: /apps/web-drc/application/views/templates/sidebar.php
DEBUG - 2024-12-25 15:23:49 --> File loaded: /apps/web-drc/application/views/templates/contents.php
DEBUG - 2024-12-25 15:23:49 --> File loaded: /apps/web-drc/application/views/templates/content_footer.php
DEBUG - 2024-12-25 15:23:49 --> File loaded: /apps/web-drc/application/views/templates/footer.php
DEBUG - 2024-12-25 15:23:49 --> File loaded: /apps/web-drc/application/views/templates/default.php
INFO - 2024-12-25 15:23:49 --> Final output sent to browser
DEBUG - 2024-12-25 15:23:49 --> Total execution time: 0.0067
INFO - 2024-12-25 15:23:50 --> Config Class Initialized
INFO - 2024-12-25 15:23:50 --> Hooks Class Initialized
DEBUG - 2024-12-25 15:23:50 --> UTF-8 Support Enabled
INFO - 2024-12-25 15:23:50 --> Utf8 Class Initialized
INFO - 2024-12-25 15:23:50 --> URI Class Initialized
INFO - 2024-12-25 15:23:50 --> Router Class Initialized
INFO - 2024-12-25 15:23:50 --> Output Class Initialized
INFO - 2024-12-25 15:23:50 --> Security Class Initialized
DEBUG - 2024-12-25 15:23:50 --> Global POST, GET and COOKIE data sanitized
INFO - 2024-12-25 15:23:50 --> Input Class Initialized
INFO - 2024-12-25 15:23:50 --> Language Class Initialized
INFO - 2024-12-25 15:23:50 --> Language Class Initialized
INFO - 2024-12-25 15:23:50 --> Config Class Initialized
INFO - 2024-12-25 15:23:50 --> Loader Class Initialized
INFO - 2024-12-25 15:23:50 --> Helper loaded: url_helper
INFO - 2024-12-25 15:23:50 --> Helper loaded: easyui_helper
INFO - 2024-12-25 15:23:50 --> Helper loaded: param_helper
INFO - 2024-12-25 15:23:50 --> Helper loaded: credential_helper
INFO - 2024-12-25 15:23:50 --> Helper loaded: template_helper
INFO - 2024-12-25 15:23:50 --> Helper loaded: rest_helper
INFO - 2024-12-25 15:23:50 --> Database Driver Class Initialized
DEBUG - 2024-12-25 15:23:50 --> Idgenerator class already loaded. Second attempt ignored.
INFO - 2024-12-25 15:23:50 --> Controller Class Initialized
INFO - 2024-12-25 15:23:50 --> Model Class Initialized
DEBUG - 2024-12-25 15:23:50 --> File loaded: /apps/web-drc/application/modules/api_v1/models/Api_v1_model.php
INFO - 2024-12-25 15:23:50 --> Model Class Initialized
INFO - 2024-12-25 15:23:50 --> Final output sent to browser
DEBUG - 2024-12-25 15:23:50 --> Total execution time: 0.0057
INFO - 2024-12-25 15:23:50 --> Config Class Initialized
INFO - 2024-12-25 15:23:50 --> Hooks Class Initialized
DEBUG - 2024-12-25 15:23:50 --> UTF-8 Support Enabled
INFO - 2024-12-25 15:23:50 --> Utf8 Class Initialized
INFO - 2024-12-25 15:23:50 --> URI Class Initialized
INFO - 2024-12-25 15:23:50 --> Router Class Initialized
INFO - 2024-12-25 15:23:50 --> Output Class Initialized
INFO - 2024-12-25 15:23:50 --> Security Class Initialized
DEBUG - 2024-12-25 15:23:50 --> Global POST, GET and COOKIE data sanitized
INFO - 2024-12-25 15:23:50 --> Input Class Initialized
INFO - 2024-12-25 15:23:50 --> Language Class Initialized
INFO - 2024-12-25 15:23:50 --> Language Class Initialized
INFO - 2024-12-25 15:23:50 --> Config Class Initialized
INFO - 2024-12-25 15:23:50 --> Loader Class Initialized
INFO - 2024-12-25 15:23:50 --> Helper loaded: url_helper
INFO - 2024-12-25 15:23:50 --> Helper loaded: easyui_helper
INFO - 2024-12-25 15:23:50 --> Helper loaded: param_helper
INFO - 2024-12-25 15:23:50 --> Helper loaded: credential_helper
INFO - 2024-12-25 15:23:50 --> Helper loaded: template_helper
INFO - 2024-12-25 15:23:50 --> Helper loaded: rest_helper
INFO - 2024-12-25 15:23:50 --> Database Driver Class Initialized
DEBUG - 2024-12-25 15:23:50 --> Idgenerator class already loaded. Second attempt ignored.
INFO - 2024-12-25 15:23:50 --> Controller Class Initialized
INFO - 2024-12-25 15:23:50 --> Model Class Initialized
DEBUG - 2024-12-25 15:23:50 --> File loaded: /apps/web-drc/application/modules/ref_customer_class/models/Customer_class_model.php
INFO - 2024-12-25 15:23:50 --> Model Class Initialized
INFO - 2024-12-25 15:23:50 --> Final output sent to browser
DEBUG - 2024-12-25 15:23:50 --> Total execution time: 0.0049
INFO - 2024-12-25 15:23:55 --> Config Class Initialized
INFO - 2024-12-25 15:23:55 --> Hooks Class Initialized
DEBUG - 2024-12-25 15:23:55 --> UTF-8 Support Enabled
INFO - 2024-12-25 15:23:55 --> Utf8 Class Initialized
INFO - 2024-12-25 15:23:55 --> URI Class Initialized
INFO - 2024-12-25 15:23:55 --> Router Class Initialized
INFO - 2024-12-25 15:23:55 --> Output Class Initialized
INFO - 2024-12-25 15:23:55 --> Security Class Initialized
DEBUG - 2024-12-25 15:23:55 --> Global POST, GET and COOKIE data sanitized
INFO - 2024-12-25 15:23:55 --> Input Class Initialized
INFO - 2024-12-25 15:23:55 --> Language Class Initialized
INFO - 2024-12-25 15:23:55 --> Language Class Initialized
INFO - 2024-12-25 15:23:55 --> Config Class Initialized
INFO - 2024-12-25 15:23:55 --> Loader Class Initialized
INFO - 2024-12-25 15:23:55 --> Helper loaded: url_helper
INFO - 2024-12-25 15:23:55 --> Helper loaded: easyui_helper
INFO - 2024-12-25 15:23:55 --> Helper loaded: param_helper
INFO - 2024-12-25 15:23:55 --> Helper loaded: credential_helper
INFO - 2024-12-25 15:23:55 --> Helper loaded: template_helper
INFO - 2024-12-25 15:23:55 --> Helper loaded: rest_helper
INFO - 2024-12-25 15:23:55 --> Database Driver Class Initialized
DEBUG - 2024-12-25 15:23:55 --> Idgenerator class already loaded. Second attempt ignored.
INFO - 2024-12-25 15:23:55 --> Controller Class Initialized
INFO - 2024-12-25 15:23:55 --> Model Class Initialized
DEBUG - 2024-12-25 15:23:55 --> File loaded: /apps/web-drc/application/modules/mapping_promo_active/models/Promo_active_model.php
INFO - 2024-12-25 15:23:55 --> Model Class Initialized
DEBUG - 2024-12-25 15:23:55 --> File loaded: /apps/web-drc/application/modules/mapping_promo_active/views/form.php
DEBUG - 2024-12-25 15:23:55 --> File loaded: /apps/web-drc/application/views/templates/header.php
DEBUG - 2024-12-25 15:23:55 --> File loaded: /apps/web-drc/application/views/templates/toolbar.php
DEBUG - 2024-12-25 15:23:55 --> File loaded: /apps/web-drc/application/views/templates/sidebar.php
DEBUG - 2024-12-25 15:23:55 --> File loaded: /apps/web-drc/application/views/templates/contents.php
DEBUG - 2024-12-25 15:23:55 --> File loaded: /apps/web-drc/application/views/templates/content_footer.php
DEBUG - 2024-12-25 15:23:55 --> File loaded: /apps/web-drc/application/views/templates/footer.php
DEBUG - 2024-12-25 15:23:55 --> File loaded: /apps/web-drc/application/views/templates/default.php
INFO - 2024-12-25 15:23:55 --> Final output sent to browser
DEBUG - 2024-12-25 15:23:55 --> Total execution time: 0.0086
INFO - 2024-12-25 15:23:58 --> Config Class Initialized
INFO - 2024-12-25 15:23:58 --> Hooks Class Initialized
DEBUG - 2024-12-25 15:23:58 --> UTF-8 Support Enabled
INFO - 2024-12-25 15:23:58 --> Utf8 Class Initialized
INFO - 2024-12-25 15:23:58 --> URI Class Initialized
INFO - 2024-12-25 15:23:58 --> Router Class Initialized
INFO - 2024-12-25 15:23:58 --> Output Class Initialized
INFO - 2024-12-25 15:23:58 --> Security Class Initialized
DEBUG - 2024-12-25 15:23:58 --> Global POST, GET and COOKIE data sanitized
INFO - 2024-12-25 15:23:58 --> Input Class Initialized
INFO - 2024-12-25 15:23:58 --> Language Class Initialized
INFO - 2024-12-25 15:23:58 --> Language Class Initialized
INFO - 2024-12-25 15:23:58 --> Config Class Initialized
INFO - 2024-12-25 15:23:58 --> Loader Class Initialized
INFO - 2024-12-25 15:23:58 --> Helper loaded: url_helper
INFO - 2024-12-25 15:23:58 --> Helper loaded: easyui_helper
INFO - 2024-12-25 15:23:58 --> Helper loaded: param_helper
INFO - 2024-12-25 15:23:58 --> Helper loaded: credential_helper
INFO - 2024-12-25 15:23:58 --> Helper loaded: template_helper
INFO - 2024-12-25 15:23:58 --> Helper loaded: rest_helper
INFO - 2024-12-25 15:23:58 --> Database Driver Class Initialized
DEBUG - 2024-12-25 15:23:58 --> Idgenerator class already loaded. Second attempt ignored.
INFO - 2024-12-25 15:23:58 --> Controller Class Initialized
INFO - 2024-12-25 15:23:58 --> Model Class Initialized
DEBUG - 2024-12-25 15:23:58 --> File loaded: /apps/web-drc/application/modules/api_v1/models/Api_v1_model.php
INFO - 2024-12-25 15:23:58 --> Model Class Initialized
INFO - 2024-12-25 15:23:58 --> Final output sent to browser
DEBUG - 2024-12-25 15:23:58 --> Total execution time: 0.0060
INFO - 2024-12-25 15:23:58 --> Config Class Initialized
INFO - 2024-12-25 15:23:58 --> Hooks Class Initialized
DEBUG - 2024-12-25 15:23:58 --> UTF-8 Support Enabled
INFO - 2024-12-25 15:23:58 --> Utf8 Class Initialized
INFO - 2024-12-25 15:23:58 --> URI Class Initialized
INFO - 2024-12-25 15:23:58 --> Router Class Initialized
INFO - 2024-12-25 15:23:58 --> Output Class Initialized
INFO - 2024-12-25 15:23:58 --> Security Class Initialized
DEBUG - 2024-12-25 15:23:58 --> Global POST, GET and COOKIE data sanitized
INFO - 2024-12-25 15:23:58 --> Input Class Initialized
INFO - 2024-12-25 15:23:58 --> Language Class Initialized
INFO - 2024-12-25 15:23:58 --> Language Class Initialized
INFO - 2024-12-25 15:23:58 --> Config Class Initialized
INFO - 2024-12-25 15:23:58 --> Loader Class Initialized
INFO - 2024-12-25 15:23:58 --> Helper loaded: url_helper
INFO - 2024-12-25 15:23:58 --> Helper loaded: easyui_helper
INFO - 2024-12-25 15:23:58 --> Helper loaded: param_helper
INFO - 2024-12-25 15:23:58 --> Helper loaded: credential_helper
INFO - 2024-12-25 15:23:58 --> Helper loaded: template_helper
INFO - 2024-12-25 15:23:58 --> Helper loaded: rest_helper
INFO - 2024-12-25 15:23:58 --> Database Driver Class Initialized
DEBUG - 2024-12-25 15:23:58 --> Idgenerator class already loaded. Second attempt ignored.
INFO - 2024-12-25 15:23:58 --> Controller Class Initialized
INFO - 2024-12-25 15:23:58 --> Model Class Initialized
DEBUG - 2024-12-25 15:23:58 --> File loaded: /apps/web-drc/application/modules/ref_customer_class/models/Customer_class_model.php
INFO - 2024-12-25 15:23:58 --> Model Class Initialized
INFO - 2024-12-25 15:23:58 --> Final output sent to browser
DEBUG - 2024-12-25 15:23:58 --> Total execution time: 0.0042
INFO - 2024-12-25 15:23:58 --> Config Class Initialized
INFO - 2024-12-25 15:23:58 --> Hooks Class Initialized
DEBUG - 2024-12-25 15:23:58 --> UTF-8 Support Enabled
INFO - 2024-12-25 15:23:58 --> Utf8 Class Initialized
INFO - 2024-12-25 15:23:58 --> URI Class Initialized
INFO - 2024-12-25 15:23:58 --> Router Class Initialized
INFO - 2024-12-25 15:23:58 --> Output Class Initialized
INFO - 2024-12-25 15:23:58 --> Security Class Initialized
DEBUG - 2024-12-25 15:23:58 --> Global POST, GET and COOKIE data sanitized
INFO - 2024-12-25 15:23:58 --> Input Class Initialized
INFO - 2024-12-25 15:23:58 --> Language Class Initialized
INFO - 2024-12-25 15:23:58 --> Language Class Initialized
INFO - 2024-12-25 15:23:58 --> Config Class Initialized
INFO - 2024-12-25 15:23:58 --> Loader Class Initialized
INFO - 2024-12-25 15:23:58 --> Helper loaded: url_helper
INFO - 2024-12-25 15:23:58 --> Helper loaded: easyui_helper
INFO - 2024-12-25 15:23:58 --> Helper loaded: param_helper
INFO - 2024-12-25 15:23:58 --> Helper loaded: credential_helper
INFO - 2024-12-25 15:23:58 --> Helper loaded: template_helper
INFO - 2024-12-25 15:23:58 --> Helper loaded: rest_helper
INFO - 2024-12-25 15:23:58 --> Database Driver Class Initialized
DEBUG - 2024-12-25 15:23:58 --> Idgenerator class already loaded. Second attempt ignored.
INFO - 2024-12-25 15:23:58 --> Controller Class Initialized
INFO - 2024-12-25 15:23:58 --> Model Class Initialized
DEBUG - 2024-12-25 15:23:58 --> File loaded: /apps/web-drc/application/modules/api_v1/models/Api_v1_model.php
INFO - 2024-12-25 15:23:58 --> Model Class Initialized
INFO - 2024-12-25 15:23:58 --> Final output sent to browser
DEBUG - 2024-12-25 15:23:58 --> Total execution time: 0.0054
INFO - 2024-12-25 15:23:59 --> Config Class Initialized
INFO - 2024-12-25 15:23:59 --> Hooks Class Initialized
DEBUG - 2024-12-25 15:23:59 --> UTF-8 Support Enabled
INFO - 2024-12-25 15:23:59 --> Utf8 Class Initialized
INFO - 2024-12-25 15:23:59 --> URI Class Initialized
INFO - 2024-12-25 15:23:59 --> Router Class Initialized
INFO - 2024-12-25 15:23:59 --> Output Class Initialized
INFO - 2024-12-25 15:23:59 --> Security Class Initialized
DEBUG - 2024-12-25 15:23:59 --> Global POST, GET and COOKIE data sanitized
INFO - 2024-12-25 15:23:59 --> Input Class Initialized
INFO - 2024-12-25 15:23:59 --> Language Class Initialized
ERROR - 2024-12-25 15:23:59 --> 404 Page Not Found: /index
INFO - 2024-12-25 15:24:01 --> Config Class Initialized
INFO - 2024-12-25 15:24:01 --> Hooks Class Initialized
DEBUG - 2024-12-25 15:24:01 --> UTF-8 Support Enabled
INFO - 2024-12-25 15:24:01 --> Utf8 Class Initialized
INFO - 2024-12-25 15:24:01 --> URI Class Initialized
INFO - 2024-12-25 15:24:01 --> Router Class Initialized
INFO - 2024-12-25 15:24:01 --> Output Class Initialized
INFO - 2024-12-25 15:24:01 --> Security Class Initialized
DEBUG - 2024-12-25 15:24:01 --> Global POST, GET and COOKIE data sanitized
INFO - 2024-12-25 15:24:01 --> Input Class Initialized
INFO - 2024-12-25 15:24:01 --> Language Class Initialized
INFO - 2024-12-25 15:24:01 --> Language Class Initialized
INFO - 2024-12-25 15:24:01 --> Config Class Initialized
INFO - 2024-12-25 15:24:01 --> Loader Class Initialized
INFO - 2024-12-25 15:24:01 --> Helper loaded: url_helper
INFO - 2024-12-25 15:24:01 --> Helper loaded: easyui_helper
INFO - 2024-12-25 15:24:01 --> Helper loaded: param_helper
INFO - 2024-12-25 15:24:01 --> Helper loaded: credential_helper
INFO - 2024-12-25 15:24:01 --> Helper loaded: template_helper
INFO - 2024-12-25 15:24:01 --> Helper loaded: rest_helper
INFO - 2024-12-25 15:24:01 --> Database Driver Class Initialized
DEBUG - 2024-12-25 15:24:01 --> Idgenerator class already loaded. Second attempt ignored.
INFO - 2024-12-25 15:24:01 --> Controller Class Initialized
INFO - 2024-12-25 15:24:01 --> Model Class Initialized
DEBUG - 2024-12-25 15:24:01 --> File loaded: /apps/web-drc/application/modules/mapping_promo_active/models/Promo_active_model.php
INFO - 2024-12-25 15:24:01 --> Model Class Initialized
DEBUG - 2024-12-25 15:24:01 --> File loaded: /apps/web-drc/application/modules/mapping_promo_active/views/content.php
DEBUG - 2024-12-25 15:24:01 --> File loaded: /apps/web-drc/application/views/templates/header.php
DEBUG - 2024-12-25 15:24:01 --> File loaded: /apps/web-drc/application/views/templates/toolbar.php
DEBUG - 2024-12-25 15:24:01 --> File loaded: /apps/web-drc/application/views/templates/sidebar.php
DEBUG - 2024-12-25 15:24:01 --> File loaded: /apps/web-drc/application/views/templates/contents.php
DEBUG - 2024-12-25 15:24:01 --> File loaded: /apps/web-drc/application/views/templates/content_footer.php
DEBUG - 2024-12-25 15:24:01 --> File loaded: /apps/web-drc/application/views/templates/footer.php
DEBUG - 2024-12-25 15:24:01 --> File loaded: /apps/web-drc/application/views/templates/default.php
INFO - 2024-12-25 15:24:01 --> Final output sent to browser
DEBUG - 2024-12-25 15:24:01 --> Total execution time: 0.0121
INFO - 2024-12-25 15:24:01 --> Config Class Initialized
INFO - 2024-12-25 15:24:01 --> Hooks Class Initialized
DEBUG - 2024-12-25 15:24:01 --> UTF-8 Support Enabled
INFO - 2024-12-25 15:24:01 --> Utf8 Class Initialized
INFO - 2024-12-25 15:24:01 --> URI Class Initialized
INFO - 2024-12-25 15:24:01 --> Router Class Initialized
INFO - 2024-12-25 15:24:01 --> Output Class Initialized
INFO - 2024-12-25 15:24:01 --> Security Class Initialized
DEBUG - 2024-12-25 15:24:01 --> Global POST, GET and COOKIE data sanitized
INFO - 2024-12-25 15:24:01 --> Input Class Initialized
INFO - 2024-12-25 15:24:01 --> Language Class Initialized
INFO - 2024-12-25 15:24:01 --> Language Class Initialized
INFO - 2024-12-25 15:24:01 --> Config Class Initialized
INFO - 2024-12-25 15:24:01 --> Loader Class Initialized
INFO - 2024-12-25 15:24:01 --> Helper loaded: url_helper
INFO - 2024-12-25 15:24:01 --> Helper loaded: easyui_helper
INFO - 2024-12-25 15:24:01 --> Helper loaded: param_helper
INFO - 2024-12-25 15:24:01 --> Helper loaded: credential_helper
INFO - 2024-12-25 15:24:01 --> Helper loaded: template_helper
INFO - 2024-12-25 15:24:01 --> Helper loaded: rest_helper
INFO - 2024-12-25 15:24:01 --> Database Driver Class Initialized
DEBUG - 2024-12-25 15:24:01 --> Idgenerator class already loaded. Second attempt ignored.
INFO - 2024-12-25 15:24:01 --> Controller Class Initialized
INFO - 2024-12-25 15:24:01 --> Model Class Initialized
DEBUG - 2024-12-25 15:24:01 --> File loaded: /apps/web-drc/application/modules/mapping_promo_active/models/Promo_active_model.php
INFO - 2024-12-25 15:24:01 --> Model Class Initialized
INFO - 2024-12-25 15:24:01 --> Final output sent to browser
DEBUG - 2024-12-25 15:24:01 --> Total execution time: 0.0072
INFO - 2024-12-25 15:24:03 --> Config Class Initialized
INFO - 2024-12-25 15:24:03 --> Hooks Class Initialized
DEBUG - 2024-12-25 15:24:03 --> UTF-8 Support Enabled
INFO - 2024-12-25 15:24:03 --> Utf8 Class Initialized
INFO - 2024-12-25 15:24:03 --> URI Class Initialized
INFO - 2024-12-25 15:24:03 --> Router Class Initialized
INFO - 2024-12-25 15:24:03 --> Output Class Initialized
INFO - 2024-12-25 15:24:03 --> Security Class Initialized
DEBUG - 2024-12-25 15:24:03 --> Global POST, GET and COOKIE data sanitized
INFO - 2024-12-25 15:24:03 --> Input Class Initialized
INFO - 2024-12-25 15:24:03 --> Language Class Initialized
INFO - 2024-12-25 15:24:03 --> Language Class Initialized
INFO - 2024-12-25 15:24:03 --> Config Class Initialized
INFO - 2024-12-25 15:24:03 --> Loader Class Initialized
INFO - 2024-12-25 15:24:03 --> Helper loaded: url_helper
INFO - 2024-12-25 15:24:03 --> Helper loaded: easyui_helper
INFO - 2024-12-25 15:24:03 --> Helper loaded: param_helper
INFO - 2024-12-25 15:24:03 --> Helper loaded: credential_helper
INFO - 2024-12-25 15:24:03 --> Helper loaded: template_helper
INFO - 2024-12-25 15:24:03 --> Helper loaded: rest_helper
INFO - 2024-12-25 15:24:03 --> Database Driver Class Initialized
DEBUG - 2024-12-25 15:24:03 --> Idgenerator class already loaded. Second attempt ignored.
INFO - 2024-12-25 15:24:03 --> Controller Class Initialized
INFO - 2024-12-25 15:24:03 --> Model Class Initialized
DEBUG - 2024-12-25 15:24:03 --> File loaded: /apps/web-drc/application/modules/mapping_promo_active/models/Promo_active_model.php
INFO - 2024-12-25 15:24:03 --> Model Class Initialized
DEBUG - 2024-12-25 15:24:03 --> File loaded: /apps/web-drc/application/modules/mapping_promo_active/views/form.php
DEBUG - 2024-12-25 15:24:03 --> File loaded: /apps/web-drc/application/views/templates/header.php
DEBUG - 2024-12-25 15:24:03 --> File loaded: /apps/web-drc/application/views/templates/toolbar.php
DEBUG - 2024-12-25 15:24:03 --> File loaded: /apps/web-drc/application/views/templates/sidebar.php
DEBUG - 2024-12-25 15:24:03 --> File loaded: /apps/web-drc/application/views/templates/contents.php
DEBUG - 2024-12-25 15:24:03 --> File loaded: /apps/web-drc/application/views/templates/content_footer.php
DEBUG - 2024-12-25 15:24:03 --> File loaded: /apps/web-drc/application/views/templates/footer.php
DEBUG - 2024-12-25 15:24:03 --> File loaded: /apps/web-drc/application/views/templates/default.php
INFO - 2024-12-25 15:24:03 --> Final output sent to browser
DEBUG - 2024-12-25 15:24:03 --> Total execution time: 0.0067
INFO - 2024-12-25 15:24:03 --> Config Class Initialized
INFO - 2024-12-25 15:24:03 --> Hooks Class Initialized
DEBUG - 2024-12-25 15:24:03 --> UTF-8 Support Enabled
INFO - 2024-12-25 15:24:03 --> Utf8 Class Initialized
INFO - 2024-12-25 15:24:03 --> URI Class Initialized
INFO - 2024-12-25 15:24:03 --> Router Class Initialized
INFO - 2024-12-25 15:24:03 --> Output Class Initialized
INFO - 2024-12-25 15:24:03 --> Security Class Initialized
DEBUG - 2024-12-25 15:24:03 --> Global POST, GET and COOKIE data sanitized
INFO - 2024-12-25 15:24:03 --> Input Class Initialized
INFO - 2024-12-25 15:24:03 --> Language Class Initialized
INFO - 2024-12-25 15:24:03 --> Language Class Initialized
INFO - 2024-12-25 15:24:03 --> Config Class Initialized
INFO - 2024-12-25 15:24:03 --> Loader Class Initialized
INFO - 2024-12-25 15:24:03 --> Helper loaded: url_helper
INFO - 2024-12-25 15:24:03 --> Helper loaded: easyui_helper
INFO - 2024-12-25 15:24:03 --> Helper loaded: param_helper
INFO - 2024-12-25 15:24:03 --> Helper loaded: credential_helper
INFO - 2024-12-25 15:24:03 --> Helper loaded: template_helper
INFO - 2024-12-25 15:24:03 --> Helper loaded: rest_helper
INFO - 2024-12-25 15:24:03 --> Database Driver Class Initialized
DEBUG - 2024-12-25 15:24:03 --> Idgenerator class already loaded. Second attempt ignored.
INFO - 2024-12-25 15:24:03 --> Controller Class Initialized
INFO - 2024-12-25 15:24:03 --> Model Class Initialized
DEBUG - 2024-12-25 15:24:03 --> File loaded: /apps/web-drc/application/modules/api_v1/models/Api_v1_model.php
INFO - 2024-12-25 15:24:03 --> Model Class Initialized
INFO - 2024-12-25 15:24:03 --> Final output sent to browser
DEBUG - 2024-12-25 15:24:03 --> Total execution time: 0.0056
INFO - 2024-12-25 15:24:03 --> Config Class Initialized
INFO - 2024-12-25 15:24:03 --> Hooks Class Initialized
DEBUG - 2024-12-25 15:24:03 --> UTF-8 Support Enabled
INFO - 2024-12-25 15:24:03 --> Utf8 Class Initialized
INFO - 2024-12-25 15:24:03 --> URI Class Initialized
INFO - 2024-12-25 15:24:03 --> Router Class Initialized
INFO - 2024-12-25 15:24:03 --> Output Class Initialized
INFO - 2024-12-25 15:24:03 --> Security Class Initialized
DEBUG - 2024-12-25 15:24:03 --> Global POST, GET and COOKIE data sanitized
INFO - 2024-12-25 15:24:03 --> Input Class Initialized
INFO - 2024-12-25 15:24:03 --> Language Class Initialized
INFO - 2024-12-25 15:24:03 --> Language Class Initialized
INFO - 2024-12-25 15:24:03 --> Config Class Initialized
INFO - 2024-12-25 15:24:03 --> Loader Class Initialized
INFO - 2024-12-25 15:24:03 --> Helper loaded: url_helper
INFO - 2024-12-25 15:24:03 --> Helper loaded: easyui_helper
INFO - 2024-12-25 15:24:03 --> Helper loaded: param_helper
INFO - 2024-12-25 15:24:03 --> Helper loaded: credential_helper
INFO - 2024-12-25 15:24:03 --> Helper loaded: template_helper
INFO - 2024-12-25 15:24:03 --> Helper loaded: rest_helper
INFO - 2024-12-25 15:24:03 --> Database Driver Class Initialized
DEBUG - 2024-12-25 15:24:03 --> Idgenerator class already loaded. Second attempt ignored.
INFO - 2024-12-25 15:24:03 --> Controller Class Initialized
INFO - 2024-12-25 15:24:03 --> Model Class Initialized
DEBUG - 2024-12-25 15:24:03 --> File loaded: /apps/web-drc/application/modules/api_v1/models/Api_v1_model.php
INFO - 2024-12-25 15:24:03 --> Model Class Initialized
INFO - 2024-12-25 15:24:03 --> Final output sent to browser
DEBUG - 2024-12-25 15:24:03 --> Total execution time: 0.0036
INFO - 2024-12-25 15:24:03 --> Config Class Initialized
INFO - 2024-12-25 15:24:03 --> Hooks Class Initialized
DEBUG - 2024-12-25 15:24:03 --> UTF-8 Support Enabled
INFO - 2024-12-25 15:24:03 --> Utf8 Class Initialized
INFO - 2024-12-25 15:24:03 --> URI Class Initialized
INFO - 2024-12-25 15:24:03 --> Router Class Initialized
INFO - 2024-12-25 15:24:03 --> Output Class Initialized
INFO - 2024-12-25 15:24:03 --> Security Class Initialized
DEBUG - 2024-12-25 15:24:03 --> Global POST, GET and COOKIE data sanitized
INFO - 2024-12-25 15:24:03 --> Input Class Initialized
INFO - 2024-12-25 15:24:03 --> Language Class Initialized
INFO - 2024-12-25 15:24:03 --> Language Class Initialized
INFO - 2024-12-25 15:24:03 --> Config Class Initialized
INFO - 2024-12-25 15:24:03 --> Loader Class Initialized
INFO - 2024-12-25 15:24:03 --> Helper loaded: url_helper
INFO - 2024-12-25 15:24:03 --> Helper loaded: easyui_helper
INFO - 2024-12-25 15:24:03 --> Helper loaded: param_helper
INFO - 2024-12-25 15:24:03 --> Helper loaded: credential_helper
INFO - 2024-12-25 15:24:03 --> Helper loaded: template_helper
INFO - 2024-12-25 15:24:03 --> Helper loaded: rest_helper
INFO - 2024-12-25 15:24:03 --> Database Driver Class Initialized
DEBUG - 2024-12-25 15:24:03 --> Idgenerator class already loaded. Second attempt ignored.
INFO - 2024-12-25 15:24:03 --> Controller Class Initialized
INFO - 2024-12-25 15:24:03 --> Model Class Initialized
DEBUG - 2024-12-25 15:24:03 --> File loaded: /apps/web-drc/application/modules/ref_customer_class/models/Customer_class_model.php
INFO - 2024-12-25 15:24:03 --> Model Class Initialized
INFO - 2024-12-25 15:24:03 --> Final output sent to browser
DEBUG - 2024-12-25 15:24:03 --> Total execution time: 0.0043
INFO - 2024-12-25 15:24:17 --> Config Class Initialized
INFO - 2024-12-25 15:24:17 --> Hooks Class Initialized
DEBUG - 2024-12-25 15:24:17 --> UTF-8 Support Enabled
INFO - 2024-12-25 15:24:17 --> Utf8 Class Initialized
INFO - 2024-12-25 15:24:17 --> URI Class Initialized
INFO - 2024-12-25 15:24:17 --> Router Class Initialized
INFO - 2024-12-25 15:24:17 --> Output Class Initialized
INFO - 2024-12-25 15:24:17 --> Security Class Initialized
DEBUG - 2024-12-25 15:24:17 --> Global POST, GET and COOKIE data sanitized
INFO - 2024-12-25 15:24:17 --> Input Class Initialized
INFO - 2024-12-25 15:24:17 --> Language Class Initialized
ERROR - 2024-12-25 15:24:17 --> 404 Page Not Found: /index
INFO - 2024-12-25 15:24:48 --> Config Class Initialized
INFO - 2024-12-25 15:24:48 --> Hooks Class Initialized
DEBUG - 2024-12-25 15:24:48 --> UTF-8 Support Enabled
INFO - 2024-12-25 15:24:48 --> Utf8 Class Initialized
INFO - 2024-12-25 15:24:48 --> URI Class Initialized
INFO - 2024-12-25 15:24:48 --> Router Class Initialized
INFO - 2024-12-25 15:24:48 --> Output Class Initialized
INFO - 2024-12-25 15:24:48 --> Security Class Initialized
DEBUG - 2024-12-25 15:24:48 --> Global POST, GET and COOKIE data sanitized
INFO - 2024-12-25 15:24:48 --> Input Class Initialized
INFO - 2024-12-25 15:24:48 --> Language Class Initialized
INFO - 2024-12-25 15:24:48 --> Language Class Initialized
INFO - 2024-12-25 15:24:48 --> Config Class Initialized
INFO - 2024-12-25 15:24:48 --> Loader Class Initialized
INFO - 2024-12-25 15:24:48 --> Helper loaded: url_helper
INFO - 2024-12-25 15:24:48 --> Helper loaded: easyui_helper
INFO - 2024-12-25 15:24:48 --> Helper loaded: param_helper
INFO - 2024-12-25 15:24:48 --> Helper loaded: credential_helper
INFO - 2024-12-25 15:24:48 --> Helper loaded: template_helper
INFO - 2024-12-25 15:24:48 --> Helper loaded: rest_helper
INFO - 2024-12-25 15:24:48 --> Database Driver Class Initialized
DEBUG - 2024-12-25 15:24:48 --> Idgenerator class already loaded. Second attempt ignored.
INFO - 2024-12-25 15:24:48 --> Controller Class Initialized
INFO - 2024-12-25 15:24:48 --> Model Class Initialized
DEBUG - 2024-12-25 15:24:48 --> File loaded: /apps/web-drc/application/modules/mapping_promo_active/models/Promo_active_model.php
INFO - 2024-12-25 15:24:48 --> Model Class Initialized
ERROR - 2024-12-25 15:24:48 --> Cache: Failed to initialize APC; extension not loaded/enabled?
INFO - 2024-12-25 15:24:48 --> Helper loaded: file_helper
ERROR - 2024-12-25 15:24:48 --> Cache adapter "apc" and backup "file" are both unavailable. Cache is now using "Dummy" adapter.
ERROR - 2024-12-25 15:24:48 --> Severity: Warning --> fopen(/apps/web-drc/resource/files/lock/lock.txt): failed to open stream: Permission denied /apps/web-drc/application/libraries/IDGenerator.php 30
ERROR - 2024-12-25 15:24:48 --> Severity: Warning --> flock() expects parameter 1 to be resource, bool given /apps/web-drc/application/libraries/IDGenerator.php 31
ERROR - 2024-12-25 15:24:48 --> Severity: Warning --> fclose() expects parameter 1 to be resource, bool given /apps/web-drc/application/libraries/IDGenerator.php 67
INFO - 2024-12-25 15:24:48 --> Final output sent to browser
DEBUG - 2024-12-25 15:24:48 --> Total execution time: 0.0122
INFO - 2024-12-25 15:49:12 --> Config Class Initialized
INFO - 2024-12-25 15:49:12 --> Hooks Class Initialized
DEBUG - 2024-12-25 15:49:12 --> UTF-8 Support Enabled
INFO - 2024-12-25 15:49:12 --> Utf8 Class Initialized
INFO - 2024-12-25 15:49:12 --> URI Class Initialized
INFO - 2024-12-25 15:49:12 --> Router Class Initialized
INFO - 2024-12-25 15:49:12 --> Output Class Initialized
INFO - 2024-12-25 15:49:12 --> Security Class Initialized
DEBUG - 2024-12-25 15:49:12 --> Global POST, GET and COOKIE data sanitized
INFO - 2024-12-25 15:49:12 --> Input Class Initialized
INFO - 2024-12-25 15:49:12 --> Language Class Initialized
INFO - 2024-12-25 15:49:12 --> Language Class Initialized
INFO - 2024-12-25 15:49:12 --> Config Class Initialized
INFO - 2024-12-25 15:49:12 --> Loader Class Initialized
INFO - 2024-12-25 15:49:12 --> Helper loaded: url_helper
INFO - 2024-12-25 15:49:12 --> Helper loaded: easyui_helper
INFO - 2024-12-25 15:49:12 --> Helper loaded: param_helper
INFO - 2024-12-25 15:49:12 --> Helper loaded: credential_helper
INFO - 2024-12-25 15:49:12 --> Helper loaded: template_helper
INFO - 2024-12-25 15:49:12 --> Helper loaded: rest_helper
INFO - 2024-12-25 15:49:12 --> Database Driver Class Initialized
DEBUG - 2024-12-25 15:49:12 --> Idgenerator class already loaded. Second attempt ignored.
INFO - 2024-12-25 15:49:12 --> Controller Class Initialized
INFO - 2024-12-25 15:49:12 --> Model Class Initialized
DEBUG - 2024-12-25 15:49:12 --> File loaded: /apps/web-drc/application/modules/ref_customer/models/Customer_model.php
INFO - 2024-12-25 15:49:12 --> Model Class Initialized
DEBUG - 2024-12-25 15:49:12 --> File loaded: /apps/web-drc/application/modules/ref_customer/views/content.php
DEBUG - 2024-12-25 15:49:12 --> File loaded: /apps/web-drc/application/views/templates/header.php
DEBUG - 2024-12-25 15:49:12 --> File loaded: /apps/web-drc/application/views/templates/toolbar.php
DEBUG - 2024-12-25 15:49:12 --> File loaded: /apps/web-drc/application/views/templates/sidebar.php
DEBUG - 2024-12-25 15:49:12 --> File loaded: /apps/web-drc/application/views/templates/contents.php
DEBUG - 2024-12-25 15:49:12 --> File loaded: /apps/web-drc/application/views/templates/content_footer.php
DEBUG - 2024-12-25 15:49:12 --> File loaded: /apps/web-drc/application/views/templates/footer.php
DEBUG - 2024-12-25 15:49:12 --> File loaded: /apps/web-drc/application/views/templates/default.php
INFO - 2024-12-25 15:49:12 --> Final output sent to browser
DEBUG - 2024-12-25 15:49:12 --> Total execution time: 0.0112
INFO - 2024-12-25 15:49:12 --> Config Class Initialized
INFO - 2024-12-25 15:49:12 --> Hooks Class Initialized
DEBUG - 2024-12-25 15:49:12 --> UTF-8 Support Enabled
INFO - 2024-12-25 15:49:12 --> Utf8 Class Initialized
INFO - 2024-12-25 15:49:12 --> URI Class Initialized
INFO - 2024-12-25 15:49:12 --> Router Class Initialized
INFO - 2024-12-25 15:49:12 --> Output Class Initialized
INFO - 2024-12-25 15:49:12 --> Security Class Initialized
DEBUG - 2024-12-25 15:49:12 --> Global POST, GET and COOKIE data sanitized
INFO - 2024-12-25 15:49:12 --> Input Class Initialized
INFO - 2024-12-25 15:49:12 --> Language Class Initialized
ERROR - 2024-12-25 15:49:12 --> 404 Page Not Found: /index
INFO - 2024-12-25 15:49:12 --> Config Class Initialized
INFO - 2024-12-25 15:49:12 --> Hooks Class Initialized
DEBUG - 2024-12-25 15:49:12 --> UTF-8 Support Enabled
INFO - 2024-12-25 15:49:12 --> Utf8 Class Initialized
INFO - 2024-12-25 15:49:12 --> URI Class Initialized
INFO - 2024-12-25 15:49:12 --> Router Class Initialized
INFO - 2024-12-25 15:49:12 --> Output Class Initialized
INFO - 2024-12-25 15:49:12 --> Security Class Initialized
DEBUG - 2024-12-25 15:49:12 --> Global POST, GET and COOKIE data sanitized
INFO - 2024-12-25 15:49:12 --> Input Class Initialized
INFO - 2024-12-25 15:49:12 --> Language Class Initialized
INFO - 2024-12-25 15:49:12 --> Language Class Initialized
INFO - 2024-12-25 15:49:12 --> Config Class Initialized
INFO - 2024-12-25 15:49:12 --> Loader Class Initialized
INFO - 2024-12-25 15:49:12 --> Helper loaded: url_helper
INFO - 2024-12-25 15:49:12 --> Helper loaded: easyui_helper
INFO - 2024-12-25 15:49:12 --> Helper loaded: param_helper
INFO - 2024-12-25 15:49:12 --> Helper loaded: credential_helper
INFO - 2024-12-25 15:49:12 --> Helper loaded: template_helper
INFO - 2024-12-25 15:49:12 --> Helper loaded: rest_helper
INFO - 2024-12-25 15:49:12 --> Database Driver Class Initialized
DEBUG - 2024-12-25 15:49:12 --> Idgenerator class already loaded. Second attempt ignored.
INFO - 2024-12-25 15:49:12 --> Controller Class Initialized
INFO - 2024-12-25 15:49:12 --> Model Class Initialized
DEBUG - 2024-12-25 15:49:12 --> File loaded: /apps/web-drc/application/modules/ref_customer/models/Customer_model.php
INFO - 2024-12-25 15:49:12 --> Model Class Initialized
INFO - 2024-12-25 15:49:18 --> Final output sent to browser
DEBUG - 2024-12-25 15:49:18 --> Total execution time: 6.1314
INFO - 2024-12-25 15:49:21 --> Config Class Initialized
INFO - 2024-12-25 15:49:21 --> Hooks Class Initialized
DEBUG - 2024-12-25 15:49:21 --> UTF-8 Support Enabled
INFO - 2024-12-25 15:49:21 --> Utf8 Class Initialized
INFO - 2024-12-25 15:49:21 --> URI Class Initialized
INFO - 2024-12-25 15:49:21 --> Router Class Initialized
INFO - 2024-12-25 15:49:21 --> Output Class Initialized
INFO - 2024-12-25 15:49:21 --> Security Class Initialized
DEBUG - 2024-12-25 15:49:21 --> Global POST, GET and COOKIE data sanitized
INFO - 2024-12-25 15:49:21 --> Input Class Initialized
INFO - 2024-12-25 15:49:21 --> Language Class Initialized
INFO - 2024-12-25 15:49:21 --> Language Class Initialized
INFO - 2024-12-25 15:49:21 --> Config Class Initialized
INFO - 2024-12-25 15:49:21 --> Loader Class Initialized
INFO - 2024-12-25 15:49:21 --> Helper loaded: url_helper
INFO - 2024-12-25 15:49:21 --> Helper loaded: easyui_helper
INFO - 2024-12-25 15:49:21 --> Helper loaded: param_helper
INFO - 2024-12-25 15:49:21 --> Helper loaded: credential_helper
INFO - 2024-12-25 15:49:21 --> Helper loaded: template_helper
INFO - 2024-12-25 15:49:21 --> Helper loaded: rest_helper
INFO - 2024-12-25 15:49:21 --> Database Driver Class Initialized
DEBUG - 2024-12-25 15:49:21 --> Idgenerator class already loaded. Second attempt ignored.
INFO - 2024-12-25 15:49:21 --> Controller Class Initialized
INFO - 2024-12-25 15:49:21 --> Model Class Initialized
DEBUG - 2024-12-25 15:49:21 --> File loaded: /apps/web-drc/application/modules/ref_customer/models/Customer_model.php
INFO - 2024-12-25 15:49:21 --> Model Class Initialized
DEBUG - 2024-12-25 15:49:21 --> File loaded: /apps/web-drc/application/modules/ref_customer/views/form.php
DEBUG - 2024-12-25 15:49:21 --> File loaded: /apps/web-drc/application/views/templates/header.php
DEBUG - 2024-12-25 15:49:21 --> File loaded: /apps/web-drc/application/views/templates/toolbar.php
DEBUG - 2024-12-25 15:49:21 --> File loaded: /apps/web-drc/application/views/templates/sidebar.php
DEBUG - 2024-12-25 15:49:21 --> File loaded: /apps/web-drc/application/views/templates/contents.php
DEBUG - 2024-12-25 15:49:21 --> File loaded: /apps/web-drc/application/views/templates/content_footer.php
DEBUG - 2024-12-25 15:49:21 --> File loaded: /apps/web-drc/application/views/templates/footer.php
DEBUG - 2024-12-25 15:49:21 --> File loaded: /apps/web-drc/application/views/templates/default.php
INFO - 2024-12-25 15:49:21 --> Final output sent to browser
DEBUG - 2024-12-25 15:49:21 --> Total execution time: 0.0099
INFO - 2024-12-25 15:49:21 --> Config Class Initialized
INFO - 2024-12-25 15:49:21 --> Hooks Class Initialized
DEBUG - 2024-12-25 15:49:21 --> UTF-8 Support Enabled
INFO - 2024-12-25 15:49:21 --> Utf8 Class Initialized
INFO - 2024-12-25 15:49:21 --> URI Class Initialized
INFO - 2024-12-25 15:49:21 --> Router Class Initialized
INFO - 2024-12-25 15:49:21 --> Output Class Initialized
INFO - 2024-12-25 15:49:21 --> Security Class Initialized
DEBUG - 2024-12-25 15:49:21 --> Global POST, GET and COOKIE data sanitized
INFO - 2024-12-25 15:49:21 --> Input Class Initialized
INFO - 2024-12-25 15:49:21 --> Language Class Initialized
ERROR - 2024-12-25 15:49:21 --> 404 Page Not Found: /index
INFO - 2024-12-25 15:49:22 --> Config Class Initialized
INFO - 2024-12-25 15:49:22 --> Hooks Class Initialized
DEBUG - 2024-12-25 15:49:22 --> UTF-8 Support Enabled
INFO - 2024-12-25 15:49:22 --> Utf8 Class Initialized
INFO - 2024-12-25 15:49:22 --> URI Class Initialized
INFO - 2024-12-25 15:49:22 --> Router Class Initialized
INFO - 2024-12-25 15:49:22 --> Output Class Initialized
INFO - 2024-12-25 15:49:22 --> Security Class Initialized
DEBUG - 2024-12-25 15:49:22 --> Global POST, GET and COOKIE data sanitized
INFO - 2024-12-25 15:49:22 --> Input Class Initialized
INFO - 2024-12-25 15:49:22 --> Language Class Initialized
INFO - 2024-12-25 15:49:22 --> Language Class Initialized
INFO - 2024-12-25 15:49:22 --> Config Class Initialized
INFO - 2024-12-25 15:49:22 --> Loader Class Initialized
INFO - 2024-12-25 15:49:22 --> Helper loaded: url_helper
INFO - 2024-12-25 15:49:22 --> Helper loaded: easyui_helper
INFO - 2024-12-25 15:49:22 --> Helper loaded: param_helper
INFO - 2024-12-25 15:49:22 --> Helper loaded: credential_helper
INFO - 2024-12-25 15:49:22 --> Helper loaded: template_helper
INFO - 2024-12-25 15:49:22 --> Helper loaded: rest_helper
INFO - 2024-12-25 15:49:22 --> Database Driver Class Initialized
DEBUG - 2024-12-25 15:49:22 --> Idgenerator class already loaded. Second attempt ignored.
INFO - 2024-12-25 15:49:22 --> Controller Class Initialized
INFO - 2024-12-25 15:49:22 --> Model Class Initialized
DEBUG - 2024-12-25 15:49:22 --> File loaded: /apps/web-drc/application/modules/ref_customer_segment/models/Customer_segment_model.php
INFO - 2024-12-25 15:49:22 --> Model Class Initialized
INFO - 2024-12-25 15:49:22 --> Final output sent to browser
DEBUG - 2024-12-25 15:49:22 --> Total execution time: 0.0041
INFO - 2024-12-25 15:49:22 --> Config Class Initialized
INFO - 2024-12-25 15:49:22 --> Hooks Class Initialized
DEBUG - 2024-12-25 15:49:22 --> UTF-8 Support Enabled
INFO - 2024-12-25 15:49:22 --> Utf8 Class Initialized
INFO - 2024-12-25 15:49:22 --> URI Class Initialized
INFO - 2024-12-25 15:49:22 --> Router Class Initialized
INFO - 2024-12-25 15:49:22 --> Output Class Initialized
INFO - 2024-12-25 15:49:22 --> Security Class Initialized
DEBUG - 2024-12-25 15:49:22 --> Global POST, GET and COOKIE data sanitized
INFO - 2024-12-25 15:49:22 --> Input Class Initialized
INFO - 2024-12-25 15:49:22 --> Language Class Initialized
INFO - 2024-12-25 15:49:22 --> Language Class Initialized
INFO - 2024-12-25 15:49:22 --> Config Class Initialized
INFO - 2024-12-25 15:49:22 --> Loader Class Initialized
INFO - 2024-12-25 15:49:22 --> Helper loaded: url_helper
INFO - 2024-12-25 15:49:22 --> Helper loaded: easyui_helper
INFO - 2024-12-25 15:49:22 --> Helper loaded: param_helper
INFO - 2024-12-25 15:49:22 --> Helper loaded: credential_helper
INFO - 2024-12-25 15:49:22 --> Helper loaded: template_helper
INFO - 2024-12-25 15:49:22 --> Helper loaded: rest_helper
INFO - 2024-12-25 15:49:22 --> Database Driver Class Initialized
DEBUG - 2024-12-25 15:49:22 --> Idgenerator class already loaded. Second attempt ignored.
INFO - 2024-12-25 15:49:22 --> Controller Class Initialized
INFO - 2024-12-25 15:49:22 --> Model Class Initialized
DEBUG - 2024-12-25 15:49:22 --> File loaded: /apps/web-drc/application/modules/ref_customer_type/models/Customer_type_model.php
INFO - 2024-12-25 15:49:22 --> Model Class Initialized
INFO - 2024-12-25 15:49:22 --> Final output sent to browser
DEBUG - 2024-12-25 15:49:22 --> Total execution time: 0.0042
INFO - 2024-12-25 15:49:22 --> Config Class Initialized
INFO - 2024-12-25 15:49:22 --> Hooks Class Initialized
DEBUG - 2024-12-25 15:49:22 --> UTF-8 Support Enabled
INFO - 2024-12-25 15:49:22 --> Utf8 Class Initialized
INFO - 2024-12-25 15:49:22 --> URI Class Initialized
INFO - 2024-12-25 15:49:22 --> Router Class Initialized
INFO - 2024-12-25 15:49:22 --> Output Class Initialized
INFO - 2024-12-25 15:49:22 --> Security Class Initialized
DEBUG - 2024-12-25 15:49:22 --> Global POST, GET and COOKIE data sanitized
INFO - 2024-12-25 15:49:22 --> Input Class Initialized
INFO - 2024-12-25 15:49:22 --> Language Class Initialized
INFO - 2024-12-25 15:49:22 --> Language Class Initialized
INFO - 2024-12-25 15:49:22 --> Config Class Initialized
INFO - 2024-12-25 15:49:22 --> Loader Class Initialized
INFO - 2024-12-25 15:49:22 --> Helper loaded: url_helper
INFO - 2024-12-25 15:49:22 --> Helper loaded: easyui_helper
INFO - 2024-12-25 15:49:22 --> Helper loaded: param_helper
INFO - 2024-12-25 15:49:22 --> Helper loaded: credential_helper
INFO - 2024-12-25 15:49:22 --> Helper loaded: template_helper
INFO - 2024-12-25 15:49:22 --> Helper loaded: rest_helper
INFO - 2024-12-25 15:49:22 --> Database Driver Class Initialized
DEBUG - 2024-12-25 15:49:22 --> Idgenerator class already loaded. Second attempt ignored.
INFO - 2024-12-25 15:49:22 --> Controller Class Initialized
INFO - 2024-12-25 15:49:22 --> Model Class Initialized
DEBUG - 2024-12-25 15:49:22 --> File loaded: /apps/web-drc/application/modules/ref_customer_class/models/Customer_class_model.php
INFO - 2024-12-25 15:49:22 --> Model Class Initialized
INFO - 2024-12-25 15:49:22 --> Final output sent to browser
DEBUG - 2024-12-25 15:49:22 --> Total execution time: 0.0049
INFO - 2024-12-25 15:49:22 --> Config Class Initialized
INFO - 2024-12-25 15:49:22 --> Hooks Class Initialized
DEBUG - 2024-12-25 15:49:22 --> UTF-8 Support Enabled
INFO - 2024-12-25 15:49:22 --> Utf8 Class Initialized
INFO - 2024-12-25 15:49:22 --> URI Class Initialized
INFO - 2024-12-25 15:49:22 --> Router Class Initialized
INFO - 2024-12-25 15:49:22 --> Output Class Initialized
INFO - 2024-12-25 15:49:22 --> Security Class Initialized
DEBUG - 2024-12-25 15:49:22 --> Global POST, GET and COOKIE data sanitized
INFO - 2024-12-25 15:49:22 --> Input Class Initialized
INFO - 2024-12-25 15:49:22 --> Language Class Initialized
INFO - 2024-12-25 15:49:22 --> Language Class Initialized
INFO - 2024-12-25 15:49:22 --> Config Class Initialized
INFO - 2024-12-25 15:49:22 --> Loader Class Initialized
INFO - 2024-12-25 15:49:22 --> Helper loaded: url_helper
INFO - 2024-12-25 15:49:22 --> Helper loaded: easyui_helper
INFO - 2024-12-25 15:49:22 --> Helper loaded: param_helper
INFO - 2024-12-25 15:49:22 --> Helper loaded: credential_helper
INFO - 2024-12-25 15:49:22 --> Helper loaded: template_helper
INFO - 2024-12-25 15:49:22 --> Helper loaded: rest_helper
INFO - 2024-12-25 15:49:22 --> Database Driver Class Initialized
DEBUG - 2024-12-25 15:49:22 --> Idgenerator class already loaded. Second attempt ignored.
INFO - 2024-12-25 15:49:22 --> Controller Class Initialized
INFO - 2024-12-25 15:49:22 --> Model Class Initialized
DEBUG - 2024-12-25 15:49:22 --> File loaded: /apps/web-drc/application/modules/api_v1/models/Api_v1_model.php
INFO - 2024-12-25 15:49:22 --> Model Class Initialized
INFO - 2024-12-25 15:49:22 --> Final output sent to browser
DEBUG - 2024-12-25 15:49:22 --> Total execution time: 0.0033
INFO - 2024-12-25 15:49:22 --> Config Class Initialized
INFO - 2024-12-25 15:49:22 --> Hooks Class Initialized
DEBUG - 2024-12-25 15:49:22 --> UTF-8 Support Enabled
INFO - 2024-12-25 15:49:22 --> Utf8 Class Initialized
INFO - 2024-12-25 15:49:22 --> URI Class Initialized
INFO - 2024-12-25 15:49:22 --> Router Class Initialized
INFO - 2024-12-25 15:49:22 --> Output Class Initialized
INFO - 2024-12-25 15:49:22 --> Security Class Initialized
DEBUG - 2024-12-25 15:49:22 --> Global POST, GET and COOKIE data sanitized
INFO - 2024-12-25 15:49:22 --> Input Class Initialized
INFO - 2024-12-25 15:49:22 --> Language Class Initialized
INFO - 2024-12-25 15:49:22 --> Language Class Initialized
INFO - 2024-12-25 15:49:22 --> Config Class Initialized
INFO - 2024-12-25 15:49:22 --> Loader Class Initialized
INFO - 2024-12-25 15:49:22 --> Helper loaded: url_helper
INFO - 2024-12-25 15:49:22 --> Helper loaded: easyui_helper
INFO - 2024-12-25 15:49:22 --> Helper loaded: param_helper
INFO - 2024-12-25 15:49:22 --> Helper loaded: credential_helper
INFO - 2024-12-25 15:49:22 --> Helper loaded: template_helper
INFO - 2024-12-25 15:49:22 --> Helper loaded: rest_helper
INFO - 2024-12-25 15:49:22 --> Database Driver Class Initialized
DEBUG - 2024-12-25 15:49:22 --> Idgenerator class already loaded. Second attempt ignored.
INFO - 2024-12-25 15:49:22 --> Controller Class Initialized
INFO - 2024-12-25 15:49:22 --> Model Class Initialized
DEBUG - 2024-12-25 15:49:22 --> File loaded: /apps/web-drc/application/modules/api_v1/models/Api_v1_model.php
INFO - 2024-12-25 15:49:22 --> Model Class Initialized
INFO - 2024-12-25 15:49:22 --> Final output sent to browser
DEBUG - 2024-12-25 15:49:22 --> Total execution time: 0.0044
INFO - 2024-12-25 15:49:22 --> Config Class Initialized
INFO - 2024-12-25 15:49:22 --> Hooks Class Initialized
DEBUG - 2024-12-25 15:49:22 --> UTF-8 Support Enabled
INFO - 2024-12-25 15:49:22 --> Utf8 Class Initialized
INFO - 2024-12-25 15:49:22 --> URI Class Initialized
INFO - 2024-12-25 15:49:22 --> Router Class Initialized
INFO - 2024-12-25 15:49:22 --> Output Class Initialized
INFO - 2024-12-25 15:49:22 --> Security Class Initialized
DEBUG - 2024-12-25 15:49:22 --> Global POST, GET and COOKIE data sanitized
INFO - 2024-12-25 15:49:22 --> Input Class Initialized
INFO - 2024-12-25 15:49:22 --> Language Class Initialized
INFO - 2024-12-25 15:49:22 --> Language Class Initialized
INFO - 2024-12-25 15:49:22 --> Config Class Initialized
INFO - 2024-12-25 15:49:22 --> Loader Class Initialized
INFO - 2024-12-25 15:49:22 --> Helper loaded: url_helper
INFO - 2024-12-25 15:49:22 --> Helper loaded: easyui_helper
INFO - 2024-12-25 15:49:22 --> Helper loaded: param_helper
INFO - 2024-12-25 15:49:22 --> Helper loaded: credential_helper
INFO - 2024-12-25 15:49:22 --> Helper loaded: template_helper
INFO - 2024-12-25 15:49:22 --> Helper loaded: rest_helper
INFO - 2024-12-25 15:49:22 --> Database Driver Class Initialized
DEBUG - 2024-12-25 15:49:22 --> Idgenerator class already loaded. Second attempt ignored.
INFO - 2024-12-25 15:49:22 --> Controller Class Initialized
INFO - 2024-12-25 15:49:22 --> Model Class Initialized
DEBUG - 2024-12-25 15:49:22 --> File loaded: /apps/web-drc/application/modules/api_v1/models/Api_v1_model.php
INFO - 2024-12-25 15:49:22 --> Model Class Initialized
INFO - 2024-12-25 15:49:22 --> Final output sent to browser
DEBUG - 2024-12-25 15:49:22 --> Total execution time: 0.0040
INFO - 2024-12-25 15:49:22 --> Config Class Initialized
INFO - 2024-12-25 15:49:22 --> Hooks Class Initialized
DEBUG - 2024-12-25 15:49:22 --> UTF-8 Support Enabled
INFO - 2024-12-25 15:49:22 --> Utf8 Class Initialized
INFO - 2024-12-25 15:49:22 --> URI Class Initialized
INFO - 2024-12-25 15:49:22 --> Router Class Initialized
INFO - 2024-12-25 15:49:22 --> Output Class Initialized
INFO - 2024-12-25 15:49:22 --> Security Class Initialized
DEBUG - 2024-12-25 15:49:22 --> Global POST, GET and COOKIE data sanitized
INFO - 2024-12-25 15:49:22 --> Input Class Initialized
INFO - 2024-12-25 15:49:22 --> Language Class Initialized
INFO - 2024-12-25 15:49:22 --> Language Class Initialized
INFO - 2024-12-25 15:49:22 --> Config Class Initialized
INFO - 2024-12-25 15:49:22 --> Loader Class Initialized
INFO - 2024-12-25 15:49:22 --> Helper loaded: url_helper
INFO - 2024-12-25 15:49:22 --> Helper loaded: easyui_helper
INFO - 2024-12-25 15:49:22 --> Helper loaded: param_helper
INFO - 2024-12-25 15:49:22 --> Helper loaded: credential_helper
INFO - 2024-12-25 15:49:22 --> Helper loaded: template_helper
INFO - 2024-12-25 15:49:22 --> Helper loaded: rest_helper
INFO - 2024-12-25 15:49:22 --> Database Driver Class Initialized
DEBUG - 2024-12-25 15:49:22 --> Idgenerator class already loaded. Second attempt ignored.
INFO - 2024-12-25 15:49:22 --> Controller Class Initialized
INFO - 2024-12-25 15:49:22 --> Model Class Initialized
DEBUG - 2024-12-25 15:49:22 --> File loaded: /apps/web-drc/application/modules/api_v1/models/Api_v1_model.php
INFO - 2024-12-25 15:49:22 --> Model Class Initialized
INFO - 2024-12-25 15:49:22 --> Final output sent to browser
DEBUG - 2024-12-25 15:49:22 --> Total execution time: 0.1983
INFO - 2024-12-25 15:49:22 --> Config Class Initialized
INFO - 2024-12-25 15:49:22 --> Hooks Class Initialized
DEBUG - 2024-12-25 15:49:22 --> UTF-8 Support Enabled
INFO - 2024-12-25 15:49:22 --> Utf8 Class Initialized
INFO - 2024-12-25 15:49:22 --> URI Class Initialized
INFO - 2024-12-25 15:49:22 --> Router Class Initialized
INFO - 2024-12-25 15:49:22 --> Output Class Initialized
INFO - 2024-12-25 15:49:22 --> Security Class Initialized
DEBUG - 2024-12-25 15:49:22 --> Global POST, GET and COOKIE data sanitized
INFO - 2024-12-25 15:49:22 --> Input Class Initialized
INFO - 2024-12-25 15:49:22 --> Language Class Initialized
INFO - 2024-12-25 15:49:22 --> Language Class Initialized
INFO - 2024-12-25 15:49:22 --> Config Class Initialized
INFO - 2024-12-25 15:49:22 --> Loader Class Initialized
INFO - 2024-12-25 15:49:22 --> Helper loaded: url_helper
INFO - 2024-12-25 15:49:22 --> Helper loaded: easyui_helper
INFO - 2024-12-25 15:49:22 --> Helper loaded: param_helper
INFO - 2024-12-25 15:49:22 --> Helper loaded: credential_helper
INFO - 2024-12-25 15:49:22 --> Helper loaded: template_helper
INFO - 2024-12-25 15:49:22 --> Helper loaded: rest_helper
INFO - 2024-12-25 15:49:22 --> Database Driver Class Initialized
DEBUG - 2024-12-25 15:49:22 --> Idgenerator class already loaded. Second attempt ignored.
INFO - 2024-12-25 15:49:22 --> Controller Class Initialized
INFO - 2024-12-25 15:49:22 --> Model Class Initialized
DEBUG - 2024-12-25 15:49:22 --> File loaded: /apps/web-drc/application/modules/api_v1/models/Api_v1_model.php
INFO - 2024-12-25 15:49:22 --> Model Class Initialized
INFO - 2024-12-25 15:49:22 --> Final output sent to browser
DEBUG - 2024-12-25 15:49:22 --> Total execution time: 0.0037
INFO - 2024-12-25 15:49:22 --> Config Class Initialized
INFO - 2024-12-25 15:49:22 --> Hooks Class Initialized
DEBUG - 2024-12-25 15:49:22 --> UTF-8 Support Enabled
INFO - 2024-12-25 15:49:22 --> Utf8 Class Initialized
INFO - 2024-12-25 15:49:22 --> URI Class Initialized
INFO - 2024-12-25 15:49:22 --> Router Class Initialized
INFO - 2024-12-25 15:49:22 --> Output Class Initialized
INFO - 2024-12-25 15:49:22 --> Security Class Initialized
DEBUG - 2024-12-25 15:49:22 --> Global POST, GET and COOKIE data sanitized
INFO - 2024-12-25 15:49:22 --> Input Class Initialized
INFO - 2024-12-25 15:49:22 --> Language Class Initialized
INFO - 2024-12-25 15:49:22 --> Language Class Initialized
INFO - 2024-12-25 15:49:22 --> Config Class Initialized
INFO - 2024-12-25 15:49:22 --> Loader Class Initialized
INFO - 2024-12-25 15:49:22 --> Helper loaded: url_helper
INFO - 2024-12-25 15:49:22 --> Helper loaded: easyui_helper
INFO - 2024-12-25 15:49:22 --> Helper loaded: param_helper
INFO - 2024-12-25 15:49:22 --> Helper loaded: credential_helper
INFO - 2024-12-25 15:49:22 --> Helper loaded: template_helper
INFO - 2024-12-25 15:49:22 --> Helper loaded: rest_helper
INFO - 2024-12-25 15:49:22 --> Database Driver Class Initialized
DEBUG - 2024-12-25 15:49:22 --> Idgenerator class already loaded. Second attempt ignored.
INFO - 2024-12-25 15:49:22 --> Controller Class Initialized
INFO - 2024-12-25 15:49:22 --> Model Class Initialized
DEBUG - 2024-12-25 15:49:22 --> File loaded: /apps/web-drc/application/modules/api_v1/models/Api_v1_model.php
INFO - 2024-12-25 15:49:22 --> Model Class Initialized
INFO - 2024-12-25 15:49:22 --> Final output sent to browser
DEBUG - 2024-12-25 15:49:22 --> Total execution time: 0.0046
INFO - 2024-12-25 15:49:22 --> Config Class Initialized
INFO - 2024-12-25 15:49:22 --> Hooks Class Initialized
DEBUG - 2024-12-25 15:49:22 --> UTF-8 Support Enabled
INFO - 2024-12-25 15:49:22 --> Utf8 Class Initialized
INFO - 2024-12-25 15:49:22 --> URI Class Initialized
INFO - 2024-12-25 15:49:22 --> Router Class Initialized
INFO - 2024-12-25 15:49:22 --> Output Class Initialized
INFO - 2024-12-25 15:49:22 --> Security Class Initialized
DEBUG - 2024-12-25 15:49:22 --> Global POST, GET and COOKIE data sanitized
INFO - 2024-12-25 15:49:22 --> Input Class Initialized
INFO - 2024-12-25 15:49:22 --> Language Class Initialized
INFO - 2024-12-25 15:49:22 --> Language Class Initialized
INFO - 2024-12-25 15:49:22 --> Config Class Initialized
INFO - 2024-12-25 15:49:22 --> Loader Class Initialized
INFO - 2024-12-25 15:49:22 --> Helper loaded: url_helper
INFO - 2024-12-25 15:49:22 --> Helper loaded: easyui_helper
INFO - 2024-12-25 15:49:22 --> Helper loaded: param_helper
INFO - 2024-12-25 15:49:22 --> Helper loaded: credential_helper
INFO - 2024-12-25 15:49:22 --> Helper loaded: template_helper
INFO - 2024-12-25 15:49:22 --> Helper loaded: rest_helper
INFO - 2024-12-25 15:49:22 --> Database Driver Class Initialized
DEBUG - 2024-12-25 15:49:22 --> Idgenerator class already loaded. Second attempt ignored.
INFO - 2024-12-25 15:49:22 --> Controller Class Initialized
INFO - 2024-12-25 15:49:22 --> Model Class Initialized
DEBUG - 2024-12-25 15:49:22 --> File loaded: /apps/web-drc/application/modules/api_v1/models/Api_v1_model.php
INFO - 2024-12-25 15:49:22 --> Model Class Initialized
INFO - 2024-12-25 15:49:22 --> Final output sent to browser
DEBUG - 2024-12-25 15:49:22 --> Total execution time: 0.0058
INFO - 2024-12-25 15:49:22 --> Config Class Initialized
INFO - 2024-12-25 15:49:22 --> Hooks Class Initialized
DEBUG - 2024-12-25 15:49:22 --> UTF-8 Support Enabled
INFO - 2024-12-25 15:49:22 --> Utf8 Class Initialized
INFO - 2024-12-25 15:49:22 --> URI Class Initialized
INFO - 2024-12-25 15:49:22 --> Router Class Initialized
INFO - 2024-12-25 15:49:22 --> Output Class Initialized
INFO - 2024-12-25 15:49:22 --> Security Class Initialized
DEBUG - 2024-12-25 15:49:22 --> Global POST, GET and COOKIE data sanitized
INFO - 2024-12-25 15:49:22 --> Input Class Initialized
INFO - 2024-12-25 15:49:22 --> Language Class Initialized
INFO - 2024-12-25 15:49:22 --> Language Class Initialized
INFO - 2024-12-25 15:49:22 --> Config Class Initialized
INFO - 2024-12-25 15:49:22 --> Loader Class Initialized
INFO - 2024-12-25 15:49:22 --> Helper loaded: url_helper
INFO - 2024-12-25 15:49:22 --> Helper loaded: easyui_helper
INFO - 2024-12-25 15:49:22 --> Helper loaded: param_helper
INFO - 2024-12-25 15:49:22 --> Helper loaded: credential_helper
INFO - 2024-12-25 15:49:22 --> Helper loaded: template_helper
INFO - 2024-12-25 15:49:22 --> Helper loaded: rest_helper
INFO - 2024-12-25 15:49:22 --> Database Driver Class Initialized
DEBUG - 2024-12-25 15:49:22 --> Idgenerator class already loaded. Second attempt ignored.
INFO - 2024-12-25 15:49:22 --> Controller Class Initialized
INFO - 2024-12-25 15:49:22 --> Model Class Initialized
DEBUG - 2024-12-25 15:49:22 --> File loaded: /apps/web-drc/application/modules/api_v1/models/Api_v1_model.php
INFO - 2024-12-25 15:49:22 --> Model Class Initialized
INFO - 2024-12-25 15:49:22 --> Final output sent to browser
DEBUG - 2024-12-25 15:49:22 --> Total execution time: 0.0044
INFO - 2024-12-25 15:49:22 --> Config Class Initialized
INFO - 2024-12-25 15:49:22 --> Hooks Class Initialized
DEBUG - 2024-12-25 15:49:22 --> UTF-8 Support Enabled
INFO - 2024-12-25 15:49:22 --> Utf8 Class Initialized
INFO - 2024-12-25 15:49:22 --> URI Class Initialized
INFO - 2024-12-25 15:49:22 --> Router Class Initialized
INFO - 2024-12-25 15:49:22 --> Output Class Initialized
INFO - 2024-12-25 15:49:22 --> Security Class Initialized
DEBUG - 2024-12-25 15:49:22 --> Global POST, GET and COOKIE data sanitized
INFO - 2024-12-25 15:49:22 --> Input Class Initialized
INFO - 2024-12-25 15:49:22 --> Language Class Initialized
INFO - 2024-12-25 15:49:22 --> Language Class Initialized
INFO - 2024-12-25 15:49:22 --> Config Class Initialized
INFO - 2024-12-25 15:49:22 --> Loader Class Initialized
INFO - 2024-12-25 15:49:22 --> Helper loaded: url_helper
INFO - 2024-12-25 15:49:22 --> Helper loaded: easyui_helper
INFO - 2024-12-25 15:49:22 --> Helper loaded: param_helper
INFO - 2024-12-25 15:49:22 --> Helper loaded: credential_helper
INFO - 2024-12-25 15:49:22 --> Helper loaded: template_helper
INFO - 2024-12-25 15:49:22 --> Helper loaded: rest_helper
INFO - 2024-12-25 15:49:22 --> Database Driver Class Initialized
DEBUG - 2024-12-25 15:49:22 --> Idgenerator class already loaded. Second attempt ignored.
INFO - 2024-12-25 15:49:22 --> Controller Class Initialized
INFO - 2024-12-25 15:49:22 --> Model Class Initialized
DEBUG - 2024-12-25 15:49:22 --> File loaded: /apps/web-drc/application/modules/api_v1/models/Api_v1_model.php
INFO - 2024-12-25 15:49:22 --> Model Class Initialized
INFO - 2024-12-25 15:49:22 --> Final output sent to browser
DEBUG - 2024-12-25 15:49:22 --> Total execution time: 0.0028
INFO - 2024-12-25 15:49:22 --> Config Class Initialized
INFO - 2024-12-25 15:49:22 --> Hooks Class Initialized
DEBUG - 2024-12-25 15:49:22 --> UTF-8 Support Enabled
INFO - 2024-12-25 15:49:22 --> Utf8 Class Initialized
INFO - 2024-12-25 15:49:22 --> URI Class Initialized
INFO - 2024-12-25 15:49:22 --> Router Class Initialized
INFO - 2024-12-25 15:49:22 --> Output Class Initialized
INFO - 2024-12-25 15:49:22 --> Security Class Initialized
DEBUG - 2024-12-25 15:49:22 --> Global POST, GET and COOKIE data sanitized
INFO - 2024-12-25 15:49:22 --> Input Class Initialized
INFO - 2024-12-25 15:49:22 --> Language Class Initialized
INFO - 2024-12-25 15:49:22 --> Language Class Initialized
INFO - 2024-12-25 15:49:22 --> Config Class Initialized
INFO - 2024-12-25 15:49:22 --> Loader Class Initialized
INFO - 2024-12-25 15:49:22 --> Helper loaded: url_helper
INFO - 2024-12-25 15:49:22 --> Helper loaded: easyui_helper
INFO - 2024-12-25 15:49:22 --> Helper loaded: param_helper
INFO - 2024-12-25 15:49:22 --> Helper loaded: credential_helper
INFO - 2024-12-25 15:49:22 --> Helper loaded: template_helper
INFO - 2024-12-25 15:49:22 --> Helper loaded: rest_helper
INFO - 2024-12-25 15:49:22 --> Database Driver Class Initialized
DEBUG - 2024-12-25 15:49:22 --> Idgenerator class already loaded. Second attempt ignored.
INFO - 2024-12-25 15:49:22 --> Controller Class Initialized
INFO - 2024-12-25 15:49:22 --> Model Class Initialized
DEBUG - 2024-12-25 15:49:22 --> File loaded: /apps/web-drc/application/modules/api_v1/models/Api_v1_model.php
INFO - 2024-12-25 15:49:22 --> Model Class Initialized
INFO - 2024-12-25 15:49:22 --> Final output sent to browser
DEBUG - 2024-12-25 15:49:22 --> Total execution time: 0.1814
INFO - 2024-12-25 15:49:22 --> Config Class Initialized
INFO - 2024-12-25 15:49:22 --> Hooks Class Initialized
DEBUG - 2024-12-25 15:49:22 --> UTF-8 Support Enabled
INFO - 2024-12-25 15:49:22 --> Utf8 Class Initialized
INFO - 2024-12-25 15:49:22 --> URI Class Initialized
INFO - 2024-12-25 15:49:22 --> Router Class Initialized
INFO - 2024-12-25 15:49:22 --> Output Class Initialized
INFO - 2024-12-25 15:49:22 --> Security Class Initialized
DEBUG - 2024-12-25 15:49:22 --> Global POST, GET and COOKIE data sanitized
INFO - 2024-12-25 15:49:22 --> Input Class Initialized
INFO - 2024-12-25 15:49:22 --> Language Class Initialized
INFO - 2024-12-25 15:49:22 --> Language Class Initialized
INFO - 2024-12-25 15:49:22 --> Config Class Initialized
INFO - 2024-12-25 15:49:22 --> Loader Class Initialized
INFO - 2024-12-25 15:49:22 --> Helper loaded: url_helper
INFO - 2024-12-25 15:49:22 --> Helper loaded: easyui_helper
INFO - 2024-12-25 15:49:22 --> Helper loaded: param_helper
INFO - 2024-12-25 15:49:22 --> Helper loaded: credential_helper
INFO - 2024-12-25 15:49:22 --> Helper loaded: template_helper
INFO - 2024-12-25 15:49:22 --> Helper loaded: rest_helper
INFO - 2024-12-25 15:49:22 --> Database Driver Class Initialized
DEBUG - 2024-12-25 15:49:22 --> Idgenerator class already loaded. Second attempt ignored.
INFO - 2024-12-25 15:49:22 --> Controller Class Initialized
INFO - 2024-12-25 15:49:22 --> Model Class Initialized
DEBUG - 2024-12-25 15:49:22 --> File loaded: /apps/web-drc/application/modules/api_v1/models/Api_v1_model.php
INFO - 2024-12-25 15:49:22 --> Model Class Initialized
INFO - 2024-12-25 15:49:22 --> Final output sent to browser
DEBUG - 2024-12-25 15:49:22 --> Total execution time: 0.0038
INFO - 2024-12-25 15:49:22 --> Config Class Initialized
INFO - 2024-12-25 15:49:22 --> Hooks Class Initialized
DEBUG - 2024-12-25 15:49:22 --> UTF-8 Support Enabled
INFO - 2024-12-25 15:49:22 --> Utf8 Class Initialized
INFO - 2024-12-25 15:49:22 --> URI Class Initialized
INFO - 2024-12-25 15:49:22 --> Router Class Initialized
INFO - 2024-12-25 15:49:22 --> Output Class Initialized
INFO - 2024-12-25 15:49:22 --> Security Class Initialized
DEBUG - 2024-12-25 15:49:22 --> Global POST, GET and COOKIE data sanitized
INFO - 2024-12-25 15:49:22 --> Input Class Initialized
INFO - 2024-12-25 15:49:22 --> Language Class Initialized
INFO - 2024-12-25 15:49:22 --> Language Class Initialized
INFO - 2024-12-25 15:49:22 --> Config Class Initialized
INFO - 2024-12-25 15:49:22 --> Loader Class Initialized
INFO - 2024-12-25 15:49:22 --> Helper loaded: url_helper
INFO - 2024-12-25 15:49:22 --> Helper loaded: easyui_helper
INFO - 2024-12-25 15:49:22 --> Helper loaded: param_helper
INFO - 2024-12-25 15:49:22 --> Helper loaded: credential_helper
INFO - 2024-12-25 15:49:22 --> Helper loaded: template_helper
INFO - 2024-12-25 15:49:22 --> Helper loaded: rest_helper
INFO - 2024-12-25 15:49:22 --> Database Driver Class Initialized
DEBUG - 2024-12-25 15:49:22 --> Idgenerator class already loaded. Second attempt ignored.
INFO - 2024-12-25 15:49:22 --> Controller Class Initialized
INFO - 2024-12-25 15:49:22 --> Model Class Initialized
DEBUG - 2024-12-25 15:49:22 --> File loaded: /apps/web-drc/application/modules/api_v1/models/Api_v1_model.php
INFO - 2024-12-25 15:49:22 --> Model Class Initialized
INFO - 2024-12-25 15:49:22 --> Final output sent to browser
DEBUG - 2024-12-25 15:49:22 --> Total execution time: 0.0034
INFO - 2024-12-25 15:49:46 --> Config Class Initialized
INFO - 2024-12-25 15:49:46 --> Hooks Class Initialized
DEBUG - 2024-12-25 15:49:46 --> UTF-8 Support Enabled
INFO - 2024-12-25 15:49:46 --> Utf8 Class Initialized
INFO - 2024-12-25 15:49:46 --> URI Class Initialized
INFO - 2024-12-25 15:49:46 --> Router Class Initialized
INFO - 2024-12-25 15:49:46 --> Output Class Initialized
INFO - 2024-12-25 15:49:46 --> Security Class Initialized
DEBUG - 2024-12-25 15:49:46 --> Global POST, GET and COOKIE data sanitized
INFO - 2024-12-25 15:49:46 --> Input Class Initialized
INFO - 2024-12-25 15:49:46 --> Language Class Initialized
INFO - 2024-12-25 15:49:46 --> Language Class Initialized
INFO - 2024-12-25 15:49:46 --> Config Class Initialized
INFO - 2024-12-25 15:49:46 --> Loader Class Initialized
INFO - 2024-12-25 15:49:46 --> Helper loaded: url_helper
INFO - 2024-12-25 15:49:46 --> Helper loaded: easyui_helper
INFO - 2024-12-25 15:49:46 --> Helper loaded: param_helper
INFO - 2024-12-25 15:49:46 --> Helper loaded: credential_helper
INFO - 2024-12-25 15:49:46 --> Helper loaded: template_helper
INFO - 2024-12-25 15:49:46 --> Helper loaded: rest_helper
INFO - 2024-12-25 15:49:46 --> Database Driver Class Initialized
DEBUG - 2024-12-25 15:49:46 --> Idgenerator class already loaded. Second attempt ignored.
INFO - 2024-12-25 15:49:46 --> Controller Class Initialized
INFO - 2024-12-25 15:49:46 --> Model Class Initialized
DEBUG - 2024-12-25 15:49:46 --> File loaded: /apps/web-drc/application/modules/ref_customer/models/Customer_model.php
INFO - 2024-12-25 15:49:46 --> Model Class Initialized
INFO - 2024-12-25 15:49:46 --> Final output sent to browser
DEBUG - 2024-12-25 15:49:46 --> Total execution time: 0.0217
INFO - 2024-12-25 15:49:46 --> Config Class Initialized
INFO - 2024-12-25 15:49:46 --> Hooks Class Initialized
DEBUG - 2024-12-25 15:49:46 --> UTF-8 Support Enabled
INFO - 2024-12-25 15:49:46 --> Utf8 Class Initialized
INFO - 2024-12-25 15:49:46 --> URI Class Initialized
INFO - 2024-12-25 15:49:46 --> Router Class Initialized
INFO - 2024-12-25 15:49:46 --> Output Class Initialized
INFO - 2024-12-25 15:49:46 --> Security Class Initialized
DEBUG - 2024-12-25 15:49:46 --> Global POST, GET and COOKIE data sanitized
INFO - 2024-12-25 15:49:46 --> Input Class Initialized
INFO - 2024-12-25 15:49:46 --> Language Class Initialized
INFO - 2024-12-25 15:49:46 --> Language Class Initialized
INFO - 2024-12-25 15:49:46 --> Config Class Initialized
INFO - 2024-12-25 15:49:46 --> Loader Class Initialized
INFO - 2024-12-25 15:49:46 --> Helper loaded: url_helper
INFO - 2024-12-25 15:49:46 --> Helper loaded: easyui_helper
INFO - 2024-12-25 15:49:46 --> Helper loaded: param_helper
INFO - 2024-12-25 15:49:46 --> Helper loaded: credential_helper
INFO - 2024-12-25 15:49:46 --> Helper loaded: template_helper
INFO - 2024-12-25 15:49:46 --> Helper loaded: rest_helper
INFO - 2024-12-25 15:49:46 --> Database Driver Class Initialized
DEBUG - 2024-12-25 15:49:46 --> Idgenerator class already loaded. Second attempt ignored.
INFO - 2024-12-25 15:49:46 --> Controller Class Initialized
INFO - 2024-12-25 15:49:46 --> Model Class Initialized
DEBUG - 2024-12-25 15:49:46 --> File loaded: /apps/web-drc/application/modules/ref_customer/models/Customer_model.php
INFO - 2024-12-25 15:49:46 --> Model Class Initialized
DEBUG - 2024-12-25 15:49:46 --> File loaded: /apps/web-drc/application/modules/ref_customer/views/content.php
DEBUG - 2024-12-25 15:49:46 --> File loaded: /apps/web-drc/application/views/templates/header.php
DEBUG - 2024-12-25 15:49:46 --> File loaded: /apps/web-drc/application/views/templates/toolbar.php
DEBUG - 2024-12-25 15:49:46 --> File loaded: /apps/web-drc/application/views/templates/sidebar.php
DEBUG - 2024-12-25 15:49:46 --> File loaded: /apps/web-drc/application/views/templates/contents.php
DEBUG - 2024-12-25 15:49:46 --> File loaded: /apps/web-drc/application/views/templates/content_footer.php
DEBUG - 2024-12-25 15:49:46 --> File loaded: /apps/web-drc/application/views/templates/footer.php
DEBUG - 2024-12-25 15:49:46 --> File loaded: /apps/web-drc/application/views/templates/default.php
INFO - 2024-12-25 15:49:46 --> Final output sent to browser
DEBUG - 2024-12-25 15:49:46 --> Total execution time: 0.0071
INFO - 2024-12-25 15:49:46 --> Config Class Initialized
INFO - 2024-12-25 15:49:46 --> Hooks Class Initialized
DEBUG - 2024-12-25 15:49:46 --> UTF-8 Support Enabled
INFO - 2024-12-25 15:49:46 --> Utf8 Class Initialized
INFO - 2024-12-25 15:49:46 --> URI Class Initialized
INFO - 2024-12-25 15:49:46 --> Router Class Initialized
INFO - 2024-12-25 15:49:46 --> Output Class Initialized
INFO - 2024-12-25 15:49:46 --> Security Class Initialized
DEBUG - 2024-12-25 15:49:46 --> Global POST, GET and COOKIE data sanitized
INFO - 2024-12-25 15:49:46 --> Input Class Initialized
INFO - 2024-12-25 15:49:46 --> Language Class Initialized
ERROR - 2024-12-25 15:49:46 --> 404 Page Not Found: /index
INFO - 2024-12-25 15:49:46 --> Config Class Initialized
INFO - 2024-12-25 15:49:46 --> Hooks Class Initialized
DEBUG - 2024-12-25 15:49:46 --> UTF-8 Support Enabled
INFO - 2024-12-25 15:49:46 --> Utf8 Class Initialized
INFO - 2024-12-25 15:49:46 --> URI Class Initialized
INFO - 2024-12-25 15:49:46 --> Router Class Initialized
INFO - 2024-12-25 15:49:46 --> Output Class Initialized
INFO - 2024-12-25 15:49:46 --> Security Class Initialized
DEBUG - 2024-12-25 15:49:46 --> Global POST, GET and COOKIE data sanitized
INFO - 2024-12-25 15:49:46 --> Input Class Initialized
INFO - 2024-12-25 15:49:46 --> Language Class Initialized
INFO - 2024-12-25 15:49:46 --> Language Class Initialized
INFO - 2024-12-25 15:49:46 --> Config Class Initialized
INFO - 2024-12-25 15:49:46 --> Loader Class Initialized
INFO - 2024-12-25 15:49:46 --> Helper loaded: url_helper
INFO - 2024-12-25 15:49:46 --> Helper loaded: easyui_helper
INFO - 2024-12-25 15:49:46 --> Helper loaded: param_helper
INFO - 2024-12-25 15:49:46 --> Helper loaded: credential_helper
INFO - 2024-12-25 15:49:46 --> Helper loaded: template_helper
INFO - 2024-12-25 15:49:46 --> Helper loaded: rest_helper
INFO - 2024-12-25 15:49:46 --> Database Driver Class Initialized
DEBUG - 2024-12-25 15:49:46 --> Idgenerator class already loaded. Second attempt ignored.
INFO - 2024-12-25 15:49:46 --> Controller Class Initialized
INFO - 2024-12-25 15:49:46 --> Model Class Initialized
DEBUG - 2024-12-25 15:49:46 --> File loaded: /apps/web-drc/application/modules/ref_customer/models/Customer_model.php
INFO - 2024-12-25 15:49:46 --> Model Class Initialized
INFO - 2024-12-25 15:49:53 --> Final output sent to browser
DEBUG - 2024-12-25 15:49:53 --> Total execution time: 6.4309
INFO - 2024-12-25 15:49:56 --> Config Class Initialized
INFO - 2024-12-25 15:49:56 --> Hooks Class Initialized
DEBUG - 2024-12-25 15:49:56 --> UTF-8 Support Enabled
INFO - 2024-12-25 15:49:56 --> Utf8 Class Initialized
INFO - 2024-12-25 15:49:56 --> URI Class Initialized
INFO - 2024-12-25 15:49:56 --> Router Class Initialized
INFO - 2024-12-25 15:49:56 --> Output Class Initialized
INFO - 2024-12-25 15:49:56 --> Security Class Initialized
DEBUG - 2024-12-25 15:49:56 --> Global POST, GET and COOKIE data sanitized
INFO - 2024-12-25 15:49:56 --> Input Class Initialized
INFO - 2024-12-25 15:49:56 --> Language Class Initialized
INFO - 2024-12-25 15:49:56 --> Language Class Initialized
INFO - 2024-12-25 15:49:56 --> Config Class Initialized
INFO - 2024-12-25 15:49:56 --> Loader Class Initialized
INFO - 2024-12-25 15:49:56 --> Helper loaded: url_helper
INFO - 2024-12-25 15:49:56 --> Helper loaded: easyui_helper
INFO - 2024-12-25 15:49:56 --> Helper loaded: param_helper
INFO - 2024-12-25 15:49:56 --> Helper loaded: credential_helper
INFO - 2024-12-25 15:49:56 --> Helper loaded: template_helper
INFO - 2024-12-25 15:49:56 --> Helper loaded: rest_helper
INFO - 2024-12-25 15:49:56 --> Database Driver Class Initialized
DEBUG - 2024-12-25 15:49:56 --> Idgenerator class already loaded. Second attempt ignored.
INFO - 2024-12-25 15:49:56 --> Controller Class Initialized
INFO - 2024-12-25 15:49:56 --> Model Class Initialized
DEBUG - 2024-12-25 15:49:56 --> File loaded: /apps/web-drc/application/modules/ref_customer/models/Customer_model.php
INFO - 2024-12-25 15:49:56 --> Model Class Initialized
DEBUG - 2024-12-25 15:49:56 --> File loaded: /apps/web-drc/application/modules/ref_customer/views/form.php
DEBUG - 2024-12-25 15:49:56 --> File loaded: /apps/web-drc/application/views/templates/header.php
DEBUG - 2024-12-25 15:49:56 --> File loaded: /apps/web-drc/application/views/templates/toolbar.php
DEBUG - 2024-12-25 15:49:56 --> File loaded: /apps/web-drc/application/views/templates/sidebar.php
DEBUG - 2024-12-25 15:49:56 --> File loaded: /apps/web-drc/application/views/templates/contents.php
DEBUG - 2024-12-25 15:49:56 --> File loaded: /apps/web-drc/application/views/templates/content_footer.php
DEBUG - 2024-12-25 15:49:56 --> File loaded: /apps/web-drc/application/views/templates/footer.php
DEBUG - 2024-12-25 15:49:56 --> File loaded: /apps/web-drc/application/views/templates/default.php
INFO - 2024-12-25 15:49:56 --> Final output sent to browser
DEBUG - 2024-12-25 15:49:56 --> Total execution time: 0.0084
INFO - 2024-12-25 15:49:56 --> Config Class Initialized
INFO - 2024-12-25 15:49:56 --> Hooks Class Initialized
DEBUG - 2024-12-25 15:49:56 --> UTF-8 Support Enabled
INFO - 2024-12-25 15:49:56 --> Utf8 Class Initialized
INFO - 2024-12-25 15:49:56 --> URI Class Initialized
INFO - 2024-12-25 15:49:56 --> Router Class Initialized
INFO - 2024-12-25 15:49:56 --> Output Class Initialized
INFO - 2024-12-25 15:49:56 --> Security Class Initialized
DEBUG - 2024-12-25 15:49:56 --> Global POST, GET and COOKIE data sanitized
INFO - 2024-12-25 15:49:56 --> Input Class Initialized
INFO - 2024-12-25 15:49:56 --> Language Class Initialized
INFO - 2024-12-25 15:49:56 --> Language Class Initialized
INFO - 2024-12-25 15:49:56 --> Config Class Initialized
INFO - 2024-12-25 15:49:56 --> Loader Class Initialized
INFO - 2024-12-25 15:49:56 --> Helper loaded: url_helper
INFO - 2024-12-25 15:49:56 --> Helper loaded: easyui_helper
INFO - 2024-12-25 15:49:56 --> Helper loaded: param_helper
INFO - 2024-12-25 15:49:56 --> Helper loaded: credential_helper
INFO - 2024-12-25 15:49:56 --> Helper loaded: template_helper
INFO - 2024-12-25 15:49:56 --> Helper loaded: rest_helper
INFO - 2024-12-25 15:49:56 --> Database Driver Class Initialized
DEBUG - 2024-12-25 15:49:56 --> Idgenerator class already loaded. Second attempt ignored.
INFO - 2024-12-25 15:49:56 --> Controller Class Initialized
INFO - 2024-12-25 15:49:56 --> Model Class Initialized
DEBUG - 2024-12-25 15:49:56 --> File loaded: /apps/web-drc/application/modules/ref_customer_type/models/Customer_type_model.php
INFO - 2024-12-25 15:49:56 --> Model Class Initialized
INFO - 2024-12-25 15:49:56 --> Final output sent to browser
DEBUG - 2024-12-25 15:49:56 --> Total execution time: 0.0040
INFO - 2024-12-25 15:49:57 --> Config Class Initialized
INFO - 2024-12-25 15:49:57 --> Hooks Class Initialized
DEBUG - 2024-12-25 15:49:57 --> UTF-8 Support Enabled
INFO - 2024-12-25 15:49:57 --> Utf8 Class Initialized
INFO - 2024-12-25 15:49:57 --> URI Class Initialized
INFO - 2024-12-25 15:49:57 --> Router Class Initialized
INFO - 2024-12-25 15:49:57 --> Output Class Initialized
INFO - 2024-12-25 15:49:57 --> Security Class Initialized
DEBUG - 2024-12-25 15:49:57 --> Global POST, GET and COOKIE data sanitized
INFO - 2024-12-25 15:49:57 --> Input Class Initialized
INFO - 2024-12-25 15:49:57 --> Language Class Initialized
INFO - 2024-12-25 15:49:57 --> Language Class Initialized
INFO - 2024-12-25 15:49:57 --> Config Class Initialized
INFO - 2024-12-25 15:49:57 --> Loader Class Initialized
INFO - 2024-12-25 15:49:57 --> Helper loaded: url_helper
INFO - 2024-12-25 15:49:57 --> Helper loaded: easyui_helper
INFO - 2024-12-25 15:49:57 --> Helper loaded: param_helper
INFO - 2024-12-25 15:49:57 --> Helper loaded: credential_helper
INFO - 2024-12-25 15:49:57 --> Helper loaded: template_helper
INFO - 2024-12-25 15:49:57 --> Helper loaded: rest_helper
INFO - 2024-12-25 15:49:57 --> Database Driver Class Initialized
DEBUG - 2024-12-25 15:49:57 --> Idgenerator class already loaded. Second attempt ignored.
INFO - 2024-12-25 15:49:57 --> Controller Class Initialized
INFO - 2024-12-25 15:49:57 --> Model Class Initialized
DEBUG - 2024-12-25 15:49:57 --> File loaded: /apps/web-drc/application/modules/ref_customer_class/models/Customer_class_model.php
INFO - 2024-12-25 15:49:57 --> Model Class Initialized
INFO - 2024-12-25 15:49:57 --> Final output sent to browser
DEBUG - 2024-12-25 15:49:57 --> Total execution time: 0.0043
INFO - 2024-12-25 15:49:57 --> Config Class Initialized
INFO - 2024-12-25 15:49:57 --> Hooks Class Initialized
DEBUG - 2024-12-25 15:49:57 --> UTF-8 Support Enabled
INFO - 2024-12-25 15:49:57 --> Utf8 Class Initialized
INFO - 2024-12-25 15:49:57 --> URI Class Initialized
INFO - 2024-12-25 15:49:57 --> Router Class Initialized
INFO - 2024-12-25 15:49:57 --> Output Class Initialized
INFO - 2024-12-25 15:49:57 --> Security Class Initialized
DEBUG - 2024-12-25 15:49:57 --> Global POST, GET and COOKIE data sanitized
INFO - 2024-12-25 15:49:57 --> Input Class Initialized
INFO - 2024-12-25 15:49:57 --> Language Class Initialized
INFO - 2024-12-25 15:49:57 --> Language Class Initialized
INFO - 2024-12-25 15:49:57 --> Config Class Initialized
INFO - 2024-12-25 15:49:57 --> Loader Class Initialized
INFO - 2024-12-25 15:49:57 --> Helper loaded: url_helper
INFO - 2024-12-25 15:49:57 --> Helper loaded: easyui_helper
INFO - 2024-12-25 15:49:57 --> Helper loaded: param_helper
INFO - 2024-12-25 15:49:57 --> Helper loaded: credential_helper
INFO - 2024-12-25 15:49:57 --> Helper loaded: template_helper
INFO - 2024-12-25 15:49:57 --> Helper loaded: rest_helper
INFO - 2024-12-25 15:49:57 --> Database Driver Class Initialized
DEBUG - 2024-12-25 15:49:57 --> Idgenerator class already loaded. Second attempt ignored.
INFO - 2024-12-25 15:49:57 --> Controller Class Initialized
INFO - 2024-12-25 15:49:57 --> Model Class Initialized
DEBUG - 2024-12-25 15:49:57 --> File loaded: /apps/web-drc/application/modules/api_v1/models/Api_v1_model.php
INFO - 2024-12-25 15:49:57 --> Model Class Initialized
INFO - 2024-12-25 15:49:57 --> Final output sent to browser
DEBUG - 2024-12-25 15:49:57 --> Total execution time: 0.0049
INFO - 2024-12-25 15:49:57 --> Config Class Initialized
INFO - 2024-12-25 15:49:57 --> Hooks Class Initialized
DEBUG - 2024-12-25 15:49:57 --> UTF-8 Support Enabled
INFO - 2024-12-25 15:49:57 --> Utf8 Class Initialized
INFO - 2024-12-25 15:49:57 --> URI Class Initialized
INFO - 2024-12-25 15:49:57 --> Router Class Initialized
INFO - 2024-12-25 15:49:57 --> Output Class Initialized
INFO - 2024-12-25 15:49:57 --> Security Class Initialized
DEBUG - 2024-12-25 15:49:57 --> Global POST, GET and COOKIE data sanitized
INFO - 2024-12-25 15:49:57 --> Input Class Initialized
INFO - 2024-12-25 15:49:57 --> Language Class Initialized
INFO - 2024-12-25 15:49:57 --> Language Class Initialized
INFO - 2024-12-25 15:49:57 --> Config Class Initialized
INFO - 2024-12-25 15:49:57 --> Loader Class Initialized
INFO - 2024-12-25 15:49:57 --> Helper loaded: url_helper
INFO - 2024-12-25 15:49:57 --> Helper loaded: easyui_helper
INFO - 2024-12-25 15:49:57 --> Helper loaded: param_helper
INFO - 2024-12-25 15:49:57 --> Helper loaded: credential_helper
INFO - 2024-12-25 15:49:57 --> Helper loaded: template_helper
INFO - 2024-12-25 15:49:57 --> Helper loaded: rest_helper
INFO - 2024-12-25 15:49:57 --> Database Driver Class Initialized
DEBUG - 2024-12-25 15:49:57 --> Idgenerator class already loaded. Second attempt ignored.
INFO - 2024-12-25 15:49:57 --> Controller Class Initialized
INFO - 2024-12-25 15:49:57 --> Model Class Initialized
DEBUG - 2024-12-25 15:49:57 --> File loaded: /apps/web-drc/application/modules/api_v1/models/Api_v1_model.php
INFO - 2024-12-25 15:49:57 --> Model Class Initialized
INFO - 2024-12-25 15:49:57 --> Final output sent to browser
DEBUG - 2024-12-25 15:49:57 --> Total execution time: 0.0034
INFO - 2024-12-25 15:49:57 --> Config Class Initialized
INFO - 2024-12-25 15:49:57 --> Hooks Class Initialized
DEBUG - 2024-12-25 15:49:57 --> UTF-8 Support Enabled
INFO - 2024-12-25 15:49:57 --> Utf8 Class Initialized
INFO - 2024-12-25 15:49:57 --> URI Class Initialized
INFO - 2024-12-25 15:49:57 --> Router Class Initialized
INFO - 2024-12-25 15:49:57 --> Output Class Initialized
INFO - 2024-12-25 15:49:57 --> Security Class Initialized
DEBUG - 2024-12-25 15:49:57 --> Global POST, GET and COOKIE data sanitized
INFO - 2024-12-25 15:49:57 --> Input Class Initialized
INFO - 2024-12-25 15:49:57 --> Language Class Initialized
INFO - 2024-12-25 15:49:57 --> Language Class Initialized
INFO - 2024-12-25 15:49:57 --> Config Class Initialized
INFO - 2024-12-25 15:49:57 --> Loader Class Initialized
INFO - 2024-12-25 15:49:57 --> Helper loaded: url_helper
INFO - 2024-12-25 15:49:57 --> Helper loaded: easyui_helper
INFO - 2024-12-25 15:49:57 --> Helper loaded: param_helper
INFO - 2024-12-25 15:49:57 --> Helper loaded: credential_helper
INFO - 2024-12-25 15:49:57 --> Helper loaded: template_helper
INFO - 2024-12-25 15:49:57 --> Helper loaded: rest_helper
INFO - 2024-12-25 15:49:57 --> Database Driver Class Initialized
DEBUG - 2024-12-25 15:49:57 --> Idgenerator class already loaded. Second attempt ignored.
INFO - 2024-12-25 15:49:57 --> Controller Class Initialized
INFO - 2024-12-25 15:49:57 --> Model Class Initialized
DEBUG - 2024-12-25 15:49:57 --> File loaded: /apps/web-drc/application/modules/api_v1/models/Api_v1_model.php
INFO - 2024-12-25 15:49:57 --> Model Class Initialized
INFO - 2024-12-25 15:49:57 --> Final output sent to browser
DEBUG - 2024-12-25 15:49:57 --> Total execution time: 0.0036
INFO - 2024-12-25 15:49:57 --> Config Class Initialized
INFO - 2024-12-25 15:49:57 --> Hooks Class Initialized
DEBUG - 2024-12-25 15:49:57 --> UTF-8 Support Enabled
INFO - 2024-12-25 15:49:57 --> Utf8 Class Initialized
INFO - 2024-12-25 15:49:57 --> URI Class Initialized
INFO - 2024-12-25 15:49:57 --> Router Class Initialized
INFO - 2024-12-25 15:49:57 --> Output Class Initialized
INFO - 2024-12-25 15:49:57 --> Security Class Initialized
DEBUG - 2024-12-25 15:49:57 --> Global POST, GET and COOKIE data sanitized
INFO - 2024-12-25 15:49:57 --> Input Class Initialized
INFO - 2024-12-25 15:49:57 --> Language Class Initialized
INFO - 2024-12-25 15:49:57 --> Language Class Initialized
INFO - 2024-12-25 15:49:57 --> Config Class Initialized
INFO - 2024-12-25 15:49:57 --> Loader Class Initialized
INFO - 2024-12-25 15:49:57 --> Helper loaded: url_helper
INFO - 2024-12-25 15:49:57 --> Helper loaded: easyui_helper
INFO - 2024-12-25 15:49:57 --> Helper loaded: param_helper
INFO - 2024-12-25 15:49:57 --> Helper loaded: credential_helper
INFO - 2024-12-25 15:49:57 --> Helper loaded: template_helper
INFO - 2024-12-25 15:49:57 --> Helper loaded: rest_helper
INFO - 2024-12-25 15:49:57 --> Database Driver Class Initialized
DEBUG - 2024-12-25 15:49:57 --> Idgenerator class already loaded. Second attempt ignored.
INFO - 2024-12-25 15:49:57 --> Controller Class Initialized
INFO - 2024-12-25 15:49:57 --> Model Class Initialized
DEBUG - 2024-12-25 15:49:57 --> File loaded: /apps/web-drc/application/modules/api_v1/models/Api_v1_model.php
INFO - 2024-12-25 15:49:57 --> Model Class Initialized
INFO - 2024-12-25 15:49:57 --> Final output sent to browser
DEBUG - 2024-12-25 15:49:57 --> Total execution time: 0.1766
INFO - 2024-12-25 15:49:57 --> Config Class Initialized
INFO - 2024-12-25 15:49:57 --> Hooks Class Initialized
DEBUG - 2024-12-25 15:49:57 --> UTF-8 Support Enabled
INFO - 2024-12-25 15:49:57 --> Utf8 Class Initialized
INFO - 2024-12-25 15:49:57 --> URI Class Initialized
INFO - 2024-12-25 15:49:57 --> Router Class Initialized
INFO - 2024-12-25 15:49:57 --> Output Class Initialized
INFO - 2024-12-25 15:49:57 --> Security Class Initialized
DEBUG - 2024-12-25 15:49:57 --> Global POST, GET and COOKIE data sanitized
INFO - 2024-12-25 15:49:57 --> Input Class Initialized
INFO - 2024-12-25 15:49:57 --> Language Class Initialized
INFO - 2024-12-25 15:49:57 --> Language Class Initialized
INFO - 2024-12-25 15:49:57 --> Config Class Initialized
INFO - 2024-12-25 15:49:57 --> Loader Class Initialized
INFO - 2024-12-25 15:49:57 --> Helper loaded: url_helper
INFO - 2024-12-25 15:49:57 --> Helper loaded: easyui_helper
INFO - 2024-12-25 15:49:57 --> Helper loaded: param_helper
INFO - 2024-12-25 15:49:57 --> Helper loaded: credential_helper
INFO - 2024-12-25 15:49:57 --> Helper loaded: template_helper
INFO - 2024-12-25 15:49:57 --> Helper loaded: rest_helper
INFO - 2024-12-25 15:49:57 --> Database Driver Class Initialized
DEBUG - 2024-12-25 15:49:57 --> Idgenerator class already loaded. Second attempt ignored.
INFO - 2024-12-25 15:49:57 --> Controller Class Initialized
INFO - 2024-12-25 15:49:57 --> Model Class Initialized
DEBUG - 2024-12-25 15:49:57 --> File loaded: /apps/web-drc/application/modules/api_v1/models/Api_v1_model.php
INFO - 2024-12-25 15:49:57 --> Model Class Initialized
INFO - 2024-12-25 15:49:57 --> Final output sent to browser
DEBUG - 2024-12-25 15:49:57 --> Total execution time: 0.0039
INFO - 2024-12-25 15:49:57 --> Config Class Initialized
INFO - 2024-12-25 15:49:57 --> Hooks Class Initialized
DEBUG - 2024-12-25 15:49:57 --> UTF-8 Support Enabled
INFO - 2024-12-25 15:49:57 --> Utf8 Class Initialized
INFO - 2024-12-25 15:49:57 --> URI Class Initialized
INFO - 2024-12-25 15:49:57 --> Router Class Initialized
INFO - 2024-12-25 15:49:57 --> Output Class Initialized
INFO - 2024-12-25 15:49:57 --> Security Class Initialized
DEBUG - 2024-12-25 15:49:57 --> Global POST, GET and COOKIE data sanitized
INFO - 2024-12-25 15:49:57 --> Input Class Initialized
INFO - 2024-12-25 15:49:57 --> Language Class Initialized
INFO - 2024-12-25 15:49:57 --> Language Class Initialized
INFO - 2024-12-25 15:49:57 --> Config Class Initialized
INFO - 2024-12-25 15:49:57 --> Loader Class Initialized
INFO - 2024-12-25 15:49:57 --> Helper loaded: url_helper
INFO - 2024-12-25 15:49:57 --> Helper loaded: easyui_helper
INFO - 2024-12-25 15:49:57 --> Helper loaded: param_helper
INFO - 2024-12-25 15:49:57 --> Helper loaded: credential_helper
INFO - 2024-12-25 15:49:57 --> Helper loaded: template_helper
INFO - 2024-12-25 15:49:57 --> Helper loaded: rest_helper
INFO - 2024-12-25 15:49:57 --> Database Driver Class Initialized
DEBUG - 2024-12-25 15:49:57 --> Idgenerator class already loaded. Second attempt ignored.
INFO - 2024-12-25 15:49:57 --> Controller Class Initialized
INFO - 2024-12-25 15:49:57 --> Model Class Initialized
DEBUG - 2024-12-25 15:49:57 --> File loaded: /apps/web-drc/application/modules/ref_customer_segment/models/Customer_segment_model.php
INFO - 2024-12-25 15:49:57 --> Model Class Initialized
INFO - 2024-12-25 15:49:57 --> Final output sent to browser
DEBUG - 2024-12-25 15:49:57 --> Total execution time: 0.0030
INFO - 2024-12-25 15:49:57 --> Config Class Initialized
INFO - 2024-12-25 15:49:57 --> Hooks Class Initialized
DEBUG - 2024-12-25 15:49:57 --> UTF-8 Support Enabled
INFO - 2024-12-25 15:49:57 --> Utf8 Class Initialized
INFO - 2024-12-25 15:49:57 --> URI Class Initialized
INFO - 2024-12-25 15:49:57 --> Router Class Initialized
INFO - 2024-12-25 15:49:57 --> Output Class Initialized
INFO - 2024-12-25 15:49:57 --> Security Class Initialized
DEBUG - 2024-12-25 15:49:57 --> Global POST, GET and COOKIE data sanitized
INFO - 2024-12-25 15:49:57 --> Input Class Initialized
INFO - 2024-12-25 15:49:57 --> Language Class Initialized
INFO - 2024-12-25 15:49:57 --> Language Class Initialized
INFO - 2024-12-25 15:49:57 --> Config Class Initialized
INFO - 2024-12-25 15:49:57 --> Loader Class Initialized
INFO - 2024-12-25 15:49:57 --> Helper loaded: url_helper
INFO - 2024-12-25 15:49:57 --> Helper loaded: easyui_helper
INFO - 2024-12-25 15:49:57 --> Helper loaded: param_helper
INFO - 2024-12-25 15:49:57 --> Helper loaded: credential_helper
INFO - 2024-12-25 15:49:57 --> Helper loaded: template_helper
INFO - 2024-12-25 15:49:57 --> Helper loaded: rest_helper
INFO - 2024-12-25 15:49:57 --> Database Driver Class Initialized
DEBUG - 2024-12-25 15:49:57 --> Idgenerator class already loaded. Second attempt ignored.
INFO - 2024-12-25 15:49:57 --> Controller Class Initialized
INFO - 2024-12-25 15:49:57 --> Model Class Initialized
DEBUG - 2024-12-25 15:49:57 --> File loaded: /apps/web-drc/application/modules/api_v1/models/Api_v1_model.php
INFO - 2024-12-25 15:49:57 --> Model Class Initialized
INFO - 2024-12-25 15:49:57 --> Final output sent to browser
DEBUG - 2024-12-25 15:49:57 --> Total execution time: 0.0030
INFO - 2024-12-25 15:49:57 --> Config Class Initialized
INFO - 2024-12-25 15:49:57 --> Hooks Class Initialized
DEBUG - 2024-12-25 15:49:57 --> UTF-8 Support Enabled
INFO - 2024-12-25 15:49:57 --> Utf8 Class Initialized
INFO - 2024-12-25 15:49:57 --> URI Class Initialized
INFO - 2024-12-25 15:49:57 --> Router Class Initialized
INFO - 2024-12-25 15:49:57 --> Output Class Initialized
INFO - 2024-12-25 15:49:57 --> Security Class Initialized
DEBUG - 2024-12-25 15:49:57 --> Global POST, GET and COOKIE data sanitized
INFO - 2024-12-25 15:49:57 --> Input Class Initialized
INFO - 2024-12-25 15:49:57 --> Language Class Initialized
INFO - 2024-12-25 15:49:57 --> Language Class Initialized
INFO - 2024-12-25 15:49:57 --> Config Class Initialized
INFO - 2024-12-25 15:49:57 --> Loader Class Initialized
INFO - 2024-12-25 15:49:57 --> Helper loaded: url_helper
INFO - 2024-12-25 15:49:57 --> Helper loaded: easyui_helper
INFO - 2024-12-25 15:49:57 --> Helper loaded: param_helper
INFO - 2024-12-25 15:49:57 --> Helper loaded: credential_helper
INFO - 2024-12-25 15:49:57 --> Helper loaded: template_helper
INFO - 2024-12-25 15:49:57 --> Helper loaded: rest_helper
INFO - 2024-12-25 15:49:57 --> Database Driver Class Initialized
DEBUG - 2024-12-25 15:49:57 --> Idgenerator class already loaded. Second attempt ignored.
INFO - 2024-12-25 15:49:57 --> Controller Class Initialized
INFO - 2024-12-25 15:49:57 --> Model Class Initialized
DEBUG - 2024-12-25 15:49:57 --> File loaded: /apps/web-drc/application/modules/api_v1/models/Api_v1_model.php
INFO - 2024-12-25 15:49:57 --> Model Class Initialized
INFO - 2024-12-25 15:49:57 --> Final output sent to browser
DEBUG - 2024-12-25 15:49:57 --> Total execution time: 0.0072
INFO - 2024-12-25 15:49:57 --> Config Class Initialized
INFO - 2024-12-25 15:49:57 --> Hooks Class Initialized
DEBUG - 2024-12-25 15:49:57 --> UTF-8 Support Enabled
INFO - 2024-12-25 15:49:57 --> Utf8 Class Initialized
INFO - 2024-12-25 15:49:57 --> URI Class Initialized
INFO - 2024-12-25 15:49:57 --> Router Class Initialized
INFO - 2024-12-25 15:49:57 --> Output Class Initialized
INFO - 2024-12-25 15:49:57 --> Security Class Initialized
DEBUG - 2024-12-25 15:49:57 --> Global POST, GET and COOKIE data sanitized
INFO - 2024-12-25 15:49:57 --> Input Class Initialized
INFO - 2024-12-25 15:49:57 --> Language Class Initialized
INFO - 2024-12-25 15:49:57 --> Language Class Initialized
INFO - 2024-12-25 15:49:57 --> Config Class Initialized
INFO - 2024-12-25 15:49:57 --> Loader Class Initialized
INFO - 2024-12-25 15:49:57 --> Helper loaded: url_helper
INFO - 2024-12-25 15:49:57 --> Helper loaded: easyui_helper
INFO - 2024-12-25 15:49:57 --> Helper loaded: param_helper
INFO - 2024-12-25 15:49:57 --> Helper loaded: credential_helper
INFO - 2024-12-25 15:49:57 --> Helper loaded: template_helper
INFO - 2024-12-25 15:49:57 --> Helper loaded: rest_helper
INFO - 2024-12-25 15:49:57 --> Database Driver Class Initialized
DEBUG - 2024-12-25 15:49:57 --> Idgenerator class already loaded. Second attempt ignored.
INFO - 2024-12-25 15:49:57 --> Controller Class Initialized
INFO - 2024-12-25 15:49:57 --> Model Class Initialized
DEBUG - 2024-12-25 15:49:57 --> File loaded: /apps/web-drc/application/modules/api_v1/models/Api_v1_model.php
INFO - 2024-12-25 15:49:57 --> Model Class Initialized
INFO - 2024-12-25 15:49:57 --> Final output sent to browser
DEBUG - 2024-12-25 15:49:57 --> Total execution time: 0.0045
INFO - 2024-12-25 15:49:57 --> Config Class Initialized
INFO - 2024-12-25 15:49:57 --> Hooks Class Initialized
DEBUG - 2024-12-25 15:49:57 --> UTF-8 Support Enabled
INFO - 2024-12-25 15:49:57 --> Utf8 Class Initialized
INFO - 2024-12-25 15:49:57 --> URI Class Initialized
INFO - 2024-12-25 15:49:57 --> Router Class Initialized
INFO - 2024-12-25 15:49:57 --> Output Class Initialized
INFO - 2024-12-25 15:49:57 --> Security Class Initialized
DEBUG - 2024-12-25 15:49:57 --> Global POST, GET and COOKIE data sanitized
INFO - 2024-12-25 15:49:57 --> Input Class Initialized
INFO - 2024-12-25 15:49:57 --> Language Class Initialized
INFO - 2024-12-25 15:49:57 --> Language Class Initialized
INFO - 2024-12-25 15:49:57 --> Config Class Initialized
INFO - 2024-12-25 15:49:57 --> Loader Class Initialized
INFO - 2024-12-25 15:49:57 --> Helper loaded: url_helper
INFO - 2024-12-25 15:49:57 --> Helper loaded: easyui_helper
INFO - 2024-12-25 15:49:57 --> Helper loaded: param_helper
INFO - 2024-12-25 15:49:57 --> Helper loaded: credential_helper
INFO - 2024-12-25 15:49:57 --> Helper loaded: template_helper
INFO - 2024-12-25 15:49:57 --> Helper loaded: rest_helper
INFO - 2024-12-25 15:49:57 --> Database Driver Class Initialized
DEBUG - 2024-12-25 15:49:57 --> Idgenerator class already loaded. Second attempt ignored.
INFO - 2024-12-25 15:49:57 --> Controller Class Initialized
INFO - 2024-12-25 15:49:57 --> Model Class Initialized
DEBUG - 2024-12-25 15:49:57 --> File loaded: /apps/web-drc/application/modules/api_v1/models/Api_v1_model.php
INFO - 2024-12-25 15:49:57 --> Model Class Initialized
INFO - 2024-12-25 15:49:57 --> Final output sent to browser
DEBUG - 2024-12-25 15:49:57 --> Total execution time: 0.0036
INFO - 2024-12-25 15:49:57 --> Config Class Initialized
INFO - 2024-12-25 15:49:57 --> Hooks Class Initialized
DEBUG - 2024-12-25 15:49:57 --> UTF-8 Support Enabled
INFO - 2024-12-25 15:49:57 --> Utf8 Class Initialized
INFO - 2024-12-25 15:49:57 --> URI Class Initialized
INFO - 2024-12-25 15:49:57 --> Router Class Initialized
INFO - 2024-12-25 15:49:57 --> Output Class Initialized
INFO - 2024-12-25 15:49:57 --> Security Class Initialized
DEBUG - 2024-12-25 15:49:57 --> Global POST, GET and COOKIE data sanitized
INFO - 2024-12-25 15:49:57 --> Input Class Initialized
INFO - 2024-12-25 15:49:57 --> Language Class Initialized
INFO - 2024-12-25 15:49:57 --> Language Class Initialized
INFO - 2024-12-25 15:49:57 --> Config Class Initialized
INFO - 2024-12-25 15:49:57 --> Loader Class Initialized
INFO - 2024-12-25 15:49:57 --> Helper loaded: url_helper
INFO - 2024-12-25 15:49:57 --> Helper loaded: easyui_helper
INFO - 2024-12-25 15:49:57 --> Helper loaded: param_helper
INFO - 2024-12-25 15:49:57 --> Helper loaded: credential_helper
INFO - 2024-12-25 15:49:57 --> Helper loaded: template_helper
INFO - 2024-12-25 15:49:57 --> Helper loaded: rest_helper
INFO - 2024-12-25 15:49:57 --> Database Driver Class Initialized
DEBUG - 2024-12-25 15:49:57 --> Idgenerator class already loaded. Second attempt ignored.
INFO - 2024-12-25 15:49:57 --> Controller Class Initialized
INFO - 2024-12-25 15:49:57 --> Model Class Initialized
DEBUG - 2024-12-25 15:49:57 --> File loaded: /apps/web-drc/application/modules/api_v1/models/Api_v1_model.php
INFO - 2024-12-25 15:49:57 --> Model Class Initialized
INFO - 2024-12-25 15:49:57 --> Final output sent to browser
DEBUG - 2024-12-25 15:49:57 --> Total execution time: 0.0042
INFO - 2024-12-25 15:49:57 --> Config Class Initialized
INFO - 2024-12-25 15:49:57 --> Hooks Class Initialized
DEBUG - 2024-12-25 15:49:57 --> UTF-8 Support Enabled
INFO - 2024-12-25 15:49:57 --> Utf8 Class Initialized
INFO - 2024-12-25 15:49:57 --> URI Class Initialized
INFO - 2024-12-25 15:49:57 --> Router Class Initialized
INFO - 2024-12-25 15:49:57 --> Output Class Initialized
INFO - 2024-12-25 15:49:57 --> Security Class Initialized
DEBUG - 2024-12-25 15:49:57 --> Global POST, GET and COOKIE data sanitized
INFO - 2024-12-25 15:49:57 --> Input Class Initialized
INFO - 2024-12-25 15:49:57 --> Language Class Initialized
ERROR - 2024-12-25 15:49:57 --> 404 Page Not Found: /index
INFO - 2024-12-25 15:49:57 --> Config Class Initialized
INFO - 2024-12-25 15:49:57 --> Hooks Class Initialized
DEBUG - 2024-12-25 15:49:57 --> UTF-8 Support Enabled
INFO - 2024-12-25 15:49:57 --> Utf8 Class Initialized
INFO - 2024-12-25 15:49:57 --> URI Class Initialized
INFO - 2024-12-25 15:49:57 --> Router Class Initialized
INFO - 2024-12-25 15:49:57 --> Output Class Initialized
INFO - 2024-12-25 15:49:57 --> Security Class Initialized
DEBUG - 2024-12-25 15:49:57 --> Global POST, GET and COOKIE data sanitized
INFO - 2024-12-25 15:49:57 --> Input Class Initialized
INFO - 2024-12-25 15:49:57 --> Language Class Initialized
INFO - 2024-12-25 15:49:57 --> Language Class Initialized
INFO - 2024-12-25 15:49:57 --> Config Class Initialized
INFO - 2024-12-25 15:49:57 --> Loader Class Initialized
INFO - 2024-12-25 15:49:57 --> Helper loaded: url_helper
INFO - 2024-12-25 15:49:57 --> Helper loaded: easyui_helper
INFO - 2024-12-25 15:49:57 --> Helper loaded: param_helper
INFO - 2024-12-25 15:49:57 --> Helper loaded: credential_helper
INFO - 2024-12-25 15:49:57 --> Helper loaded: template_helper
INFO - 2024-12-25 15:49:57 --> Helper loaded: rest_helper
INFO - 2024-12-25 15:49:57 --> Database Driver Class Initialized
DEBUG - 2024-12-25 15:49:57 --> Idgenerator class already loaded. Second attempt ignored.
INFO - 2024-12-25 15:49:57 --> Controller Class Initialized
INFO - 2024-12-25 15:49:57 --> Model Class Initialized
DEBUG - 2024-12-25 15:49:57 --> File loaded: /apps/web-drc/application/modules/api_v1/models/Api_v1_model.php
INFO - 2024-12-25 15:49:57 --> Model Class Initialized
INFO - 2024-12-25 15:49:57 --> Final output sent to browser
DEBUG - 2024-12-25 15:49:57 --> Total execution time: 0.0045
INFO - 2024-12-25 15:49:58 --> Config Class Initialized
INFO - 2024-12-25 15:49:58 --> Hooks Class Initialized
DEBUG - 2024-12-25 15:49:58 --> UTF-8 Support Enabled
INFO - 2024-12-25 15:49:58 --> Utf8 Class Initialized
INFO - 2024-12-25 15:49:58 --> URI Class Initialized
INFO - 2024-12-25 15:49:58 --> Router Class Initialized
INFO - 2024-12-25 15:49:58 --> Output Class Initialized
INFO - 2024-12-25 15:49:58 --> Security Class Initialized
DEBUG - 2024-12-25 15:49:58 --> Global POST, GET and COOKIE data sanitized
INFO - 2024-12-25 15:49:58 --> Input Class Initialized
INFO - 2024-12-25 15:49:58 --> Language Class Initialized
INFO - 2024-12-25 15:49:58 --> Language Class Initialized
INFO - 2024-12-25 15:49:58 --> Config Class Initialized
INFO - 2024-12-25 15:49:58 --> Loader Class Initialized
INFO - 2024-12-25 15:49:58 --> Helper loaded: url_helper
INFO - 2024-12-25 15:49:58 --> Helper loaded: easyui_helper
INFO - 2024-12-25 15:49:58 --> Helper loaded: param_helper
INFO - 2024-12-25 15:49:58 --> Helper loaded: credential_helper
INFO - 2024-12-25 15:49:58 --> Helper loaded: template_helper
INFO - 2024-12-25 15:49:58 --> Helper loaded: rest_helper
INFO - 2024-12-25 15:49:58 --> Database Driver Class Initialized
DEBUG - 2024-12-25 15:49:58 --> Idgenerator class already loaded. Second attempt ignored.
INFO - 2024-12-25 15:49:58 --> Controller Class Initialized
INFO - 2024-12-25 15:49:58 --> Model Class Initialized
DEBUG - 2024-12-25 15:49:58 --> File loaded: /apps/web-drc/application/modules/api_v1/models/Api_v1_model.php
INFO - 2024-12-25 15:49:58 --> Model Class Initialized
INFO - 2024-12-25 15:49:58 --> Final output sent to browser
DEBUG - 2024-12-25 15:49:58 --> Total execution time: 0.2686
INFO - 2024-12-25 15:50:21 --> Config Class Initialized
INFO - 2024-12-25 15:50:21 --> Hooks Class Initialized
DEBUG - 2024-12-25 15:50:21 --> UTF-8 Support Enabled
INFO - 2024-12-25 15:50:21 --> Utf8 Class Initialized
INFO - 2024-12-25 15:50:21 --> URI Class Initialized
INFO - 2024-12-25 15:50:21 --> Router Class Initialized
INFO - 2024-12-25 15:50:21 --> Output Class Initialized
INFO - 2024-12-25 15:50:21 --> Security Class Initialized
DEBUG - 2024-12-25 15:50:21 --> Global POST, GET and COOKIE data sanitized
INFO - 2024-12-25 15:50:21 --> Input Class Initialized
INFO - 2024-12-25 15:50:21 --> Language Class Initialized
INFO - 2024-12-25 15:50:21 --> Language Class Initialized
INFO - 2024-12-25 15:50:21 --> Config Class Initialized
INFO - 2024-12-25 15:50:21 --> Loader Class Initialized
INFO - 2024-12-25 15:50:21 --> Helper loaded: url_helper
INFO - 2024-12-25 15:50:21 --> Helper loaded: easyui_helper
INFO - 2024-12-25 15:50:21 --> Helper loaded: param_helper
INFO - 2024-12-25 15:50:21 --> Helper loaded: credential_helper
INFO - 2024-12-25 15:50:21 --> Helper loaded: template_helper
INFO - 2024-12-25 15:50:21 --> Helper loaded: rest_helper
INFO - 2024-12-25 15:50:21 --> Database Driver Class Initialized
DEBUG - 2024-12-25 15:50:21 --> Idgenerator class already loaded. Second attempt ignored.
INFO - 2024-12-25 15:50:21 --> Controller Class Initialized
INFO - 2024-12-25 15:50:21 --> Model Class Initialized
DEBUG - 2024-12-25 15:50:21 --> File loaded: /apps/web-drc/application/modules/ref_customer/models/Customer_model.php
INFO - 2024-12-25 15:50:21 --> Model Class Initialized
DEBUG - 2024-12-25 15:50:21 --> File loaded: /apps/web-drc/application/modules/ref_customer/views/content.php
DEBUG - 2024-12-25 15:50:21 --> File loaded: /apps/web-drc/application/views/templates/header.php
DEBUG - 2024-12-25 15:50:21 --> File loaded: /apps/web-drc/application/views/templates/toolbar.php
DEBUG - 2024-12-25 15:50:21 --> File loaded: /apps/web-drc/application/views/templates/sidebar.php
DEBUG - 2024-12-25 15:50:21 --> File loaded: /apps/web-drc/application/views/templates/contents.php
DEBUG - 2024-12-25 15:50:21 --> File loaded: /apps/web-drc/application/views/templates/content_footer.php
DEBUG - 2024-12-25 15:50:21 --> File loaded: /apps/web-drc/application/views/templates/footer.php
DEBUG - 2024-12-25 15:50:21 --> File loaded: /apps/web-drc/application/views/templates/default.php
INFO - 2024-12-25 15:50:21 --> Final output sent to browser
DEBUG - 2024-12-25 15:50:21 --> Total execution time: 0.0111
INFO - 2024-12-25 15:50:21 --> Config Class Initialized
INFO - 2024-12-25 15:50:21 --> Hooks Class Initialized
DEBUG - 2024-12-25 15:50:21 --> UTF-8 Support Enabled
INFO - 2024-12-25 15:50:21 --> Utf8 Class Initialized
INFO - 2024-12-25 15:50:21 --> URI Class Initialized
INFO - 2024-12-25 15:50:21 --> Router Class Initialized
INFO - 2024-12-25 15:50:21 --> Output Class Initialized
INFO - 2024-12-25 15:50:21 --> Security Class Initialized
DEBUG - 2024-12-25 15:50:21 --> Global POST, GET and COOKIE data sanitized
INFO - 2024-12-25 15:50:21 --> Input Class Initialized
INFO - 2024-12-25 15:50:21 --> Language Class Initialized
ERROR - 2024-12-25 15:50:21 --> 404 Page Not Found: /index
INFO - 2024-12-25 15:50:22 --> Config Class Initialized
INFO - 2024-12-25 15:50:22 --> Hooks Class Initialized
DEBUG - 2024-12-25 15:50:22 --> UTF-8 Support Enabled
INFO - 2024-12-25 15:50:22 --> Utf8 Class Initialized
INFO - 2024-12-25 15:50:22 --> URI Class Initialized
INFO - 2024-12-25 15:50:22 --> Router Class Initialized
INFO - 2024-12-25 15:50:22 --> Output Class Initialized
INFO - 2024-12-25 15:50:22 --> Security Class Initialized
DEBUG - 2024-12-25 15:50:22 --> Global POST, GET and COOKIE data sanitized
INFO - 2024-12-25 15:50:22 --> Input Class Initialized
INFO - 2024-12-25 15:50:22 --> Language Class Initialized
INFO - 2024-12-25 15:50:22 --> Language Class Initialized
INFO - 2024-12-25 15:50:22 --> Config Class Initialized
INFO - 2024-12-25 15:50:22 --> Loader Class Initialized
INFO - 2024-12-25 15:50:22 --> Helper loaded: url_helper
INFO - 2024-12-25 15:50:22 --> Helper loaded: easyui_helper
INFO - 2024-12-25 15:50:22 --> Helper loaded: param_helper
INFO - 2024-12-25 15:50:22 --> Helper loaded: credential_helper
INFO - 2024-12-25 15:50:22 --> Helper loaded: template_helper
INFO - 2024-12-25 15:50:22 --> Helper loaded: rest_helper
INFO - 2024-12-25 15:50:22 --> Database Driver Class Initialized
DEBUG - 2024-12-25 15:50:22 --> Idgenerator class already loaded. Second attempt ignored.
INFO - 2024-12-25 15:50:22 --> Controller Class Initialized
INFO - 2024-12-25 15:50:22 --> Model Class Initialized
DEBUG - 2024-12-25 15:50:22 --> File loaded: /apps/web-drc/application/modules/ref_customer/models/Customer_model.php
INFO - 2024-12-25 15:50:22 --> Model Class Initialized
INFO - 2024-12-25 15:50:28 --> Final output sent to browser
DEBUG - 2024-12-25 15:50:28 --> Total execution time: 6.7773
INFO - 2024-12-25 15:50:30 --> Config Class Initialized
INFO - 2024-12-25 15:50:30 --> Hooks Class Initialized
DEBUG - 2024-12-25 15:50:30 --> UTF-8 Support Enabled
INFO - 2024-12-25 15:50:30 --> Utf8 Class Initialized
INFO - 2024-12-25 15:50:30 --> URI Class Initialized
INFO - 2024-12-25 15:50:30 --> Router Class Initialized
INFO - 2024-12-25 15:50:30 --> Output Class Initialized
INFO - 2024-12-25 15:50:30 --> Security Class Initialized
DEBUG - 2024-12-25 15:50:30 --> Global POST, GET and COOKIE data sanitized
INFO - 2024-12-25 15:50:30 --> Input Class Initialized
INFO - 2024-12-25 15:50:30 --> Language Class Initialized
INFO - 2024-12-25 15:50:30 --> Language Class Initialized
INFO - 2024-12-25 15:50:30 --> Config Class Initialized
INFO - 2024-12-25 15:50:30 --> Loader Class Initialized
INFO - 2024-12-25 15:50:30 --> Helper loaded: url_helper
INFO - 2024-12-25 15:50:30 --> Helper loaded: easyui_helper
INFO - 2024-12-25 15:50:30 --> Helper loaded: param_helper
INFO - 2024-12-25 15:50:30 --> Helper loaded: credential_helper
INFO - 2024-12-25 15:50:30 --> Helper loaded: template_helper
INFO - 2024-12-25 15:50:30 --> Helper loaded: rest_helper
INFO - 2024-12-25 15:50:30 --> Database Driver Class Initialized
DEBUG - 2024-12-25 15:50:30 --> Idgenerator class already loaded. Second attempt ignored.
INFO - 2024-12-25 15:50:30 --> Controller Class Initialized
INFO - 2024-12-25 15:50:30 --> Model Class Initialized
DEBUG - 2024-12-25 15:50:30 --> File loaded: /apps/web-drc/application/modules/ref_customer/models/Customer_model.php
INFO - 2024-12-25 15:50:30 --> Model Class Initialized
DEBUG - 2024-12-25 15:50:30 --> File loaded: /apps/web-drc/application/modules/ref_customer/views/form.php
DEBUG - 2024-12-25 15:50:30 --> File loaded: /apps/web-drc/application/views/templates/header.php
DEBUG - 2024-12-25 15:50:30 --> File loaded: /apps/web-drc/application/views/templates/toolbar.php
DEBUG - 2024-12-25 15:50:30 --> File loaded: /apps/web-drc/application/views/templates/sidebar.php
DEBUG - 2024-12-25 15:50:30 --> File loaded: /apps/web-drc/application/views/templates/contents.php
DEBUG - 2024-12-25 15:50:30 --> File loaded: /apps/web-drc/application/views/templates/content_footer.php
DEBUG - 2024-12-25 15:50:30 --> File loaded: /apps/web-drc/application/views/templates/footer.php
DEBUG - 2024-12-25 15:50:30 --> File loaded: /apps/web-drc/application/views/templates/default.php
INFO - 2024-12-25 15:50:30 --> Final output sent to browser
DEBUG - 2024-12-25 15:50:30 --> Total execution time: 0.0078
INFO - 2024-12-25 15:50:30 --> Config Class Initialized
INFO - 2024-12-25 15:50:30 --> Hooks Class Initialized
DEBUG - 2024-12-25 15:50:30 --> UTF-8 Support Enabled
INFO - 2024-12-25 15:50:30 --> Utf8 Class Initialized
INFO - 2024-12-25 15:50:30 --> URI Class Initialized
INFO - 2024-12-25 15:50:30 --> Router Class Initialized
INFO - 2024-12-25 15:50:30 --> Output Class Initialized
INFO - 2024-12-25 15:50:30 --> Security Class Initialized
DEBUG - 2024-12-25 15:50:30 --> Global POST, GET and COOKIE data sanitized
INFO - 2024-12-25 15:50:30 --> Input Class Initialized
INFO - 2024-12-25 15:50:30 --> Language Class Initialized
ERROR - 2024-12-25 15:50:30 --> 404 Page Not Found: /index
INFO - 2024-12-25 15:50:30 --> Config Class Initialized
INFO - 2024-12-25 15:50:30 --> Hooks Class Initialized
DEBUG - 2024-12-25 15:50:30 --> UTF-8 Support Enabled
INFO - 2024-12-25 15:50:30 --> Utf8 Class Initialized
INFO - 2024-12-25 15:50:30 --> URI Class Initialized
INFO - 2024-12-25 15:50:30 --> Router Class Initialized
INFO - 2024-12-25 15:50:30 --> Output Class Initialized
INFO - 2024-12-25 15:50:30 --> Security Class Initialized
DEBUG - 2024-12-25 15:50:30 --> Global POST, GET and COOKIE data sanitized
INFO - 2024-12-25 15:50:30 --> Input Class Initialized
INFO - 2024-12-25 15:50:30 --> Language Class Initialized
INFO - 2024-12-25 15:50:30 --> Language Class Initialized
INFO - 2024-12-25 15:50:30 --> Config Class Initialized
INFO - 2024-12-25 15:50:30 --> Loader Class Initialized
INFO - 2024-12-25 15:50:30 --> Helper loaded: url_helper
INFO - 2024-12-25 15:50:30 --> Helper loaded: easyui_helper
INFO - 2024-12-25 15:50:30 --> Helper loaded: param_helper
INFO - 2024-12-25 15:50:30 --> Helper loaded: credential_helper
INFO - 2024-12-25 15:50:30 --> Helper loaded: template_helper
INFO - 2024-12-25 15:50:30 --> Helper loaded: rest_helper
INFO - 2024-12-25 15:50:30 --> Database Driver Class Initialized
DEBUG - 2024-12-25 15:50:30 --> Idgenerator class already loaded. Second attempt ignored.
INFO - 2024-12-25 15:50:30 --> Controller Class Initialized
INFO - 2024-12-25 15:50:30 --> Model Class Initialized
DEBUG - 2024-12-25 15:50:30 --> File loaded: /apps/web-drc/application/modules/ref_customer_segment/models/Customer_segment_model.php
INFO - 2024-12-25 15:50:30 --> Model Class Initialized
INFO - 2024-12-25 15:50:30 --> Final output sent to browser
DEBUG - 2024-12-25 15:50:30 --> Total execution time: 0.0035
INFO - 2024-12-25 15:50:30 --> Config Class Initialized
INFO - 2024-12-25 15:50:30 --> Hooks Class Initialized
DEBUG - 2024-12-25 15:50:30 --> UTF-8 Support Enabled
INFO - 2024-12-25 15:50:30 --> Utf8 Class Initialized
INFO - 2024-12-25 15:50:30 --> URI Class Initialized
INFO - 2024-12-25 15:50:30 --> Router Class Initialized
INFO - 2024-12-25 15:50:30 --> Output Class Initialized
INFO - 2024-12-25 15:50:30 --> Security Class Initialized
DEBUG - 2024-12-25 15:50:30 --> Global POST, GET and COOKIE data sanitized
INFO - 2024-12-25 15:50:30 --> Input Class Initialized
INFO - 2024-12-25 15:50:30 --> Language Class Initialized
INFO - 2024-12-25 15:50:30 --> Language Class Initialized
INFO - 2024-12-25 15:50:30 --> Config Class Initialized
INFO - 2024-12-25 15:50:30 --> Loader Class Initialized
INFO - 2024-12-25 15:50:30 --> Helper loaded: url_helper
INFO - 2024-12-25 15:50:30 --> Helper loaded: easyui_helper
INFO - 2024-12-25 15:50:30 --> Helper loaded: param_helper
INFO - 2024-12-25 15:50:30 --> Helper loaded: credential_helper
INFO - 2024-12-25 15:50:30 --> Helper loaded: template_helper
INFO - 2024-12-25 15:50:30 --> Helper loaded: rest_helper
INFO - 2024-12-25 15:50:30 --> Database Driver Class Initialized
DEBUG - 2024-12-25 15:50:30 --> Idgenerator class already loaded. Second attempt ignored.
INFO - 2024-12-25 15:50:30 --> Controller Class Initialized
INFO - 2024-12-25 15:50:30 --> Model Class Initialized
DEBUG - 2024-12-25 15:50:30 --> File loaded: /apps/web-drc/application/modules/ref_customer_type/models/Customer_type_model.php
INFO - 2024-12-25 15:50:30 --> Model Class Initialized
INFO - 2024-12-25 15:50:30 --> Final output sent to browser
DEBUG - 2024-12-25 15:50:30 --> Total execution time: 0.0037
INFO - 2024-12-25 15:50:30 --> Config Class Initialized
INFO - 2024-12-25 15:50:30 --> Hooks Class Initialized
DEBUG - 2024-12-25 15:50:30 --> UTF-8 Support Enabled
INFO - 2024-12-25 15:50:30 --> Utf8 Class Initialized
INFO - 2024-12-25 15:50:30 --> URI Class Initialized
INFO - 2024-12-25 15:50:30 --> Router Class Initialized
INFO - 2024-12-25 15:50:30 --> Output Class Initialized
INFO - 2024-12-25 15:50:30 --> Security Class Initialized
DEBUG - 2024-12-25 15:50:30 --> Global POST, GET and COOKIE data sanitized
INFO - 2024-12-25 15:50:30 --> Input Class Initialized
INFO - 2024-12-25 15:50:30 --> Language Class Initialized
INFO - 2024-12-25 15:50:30 --> Language Class Initialized
INFO - 2024-12-25 15:50:30 --> Config Class Initialized
INFO - 2024-12-25 15:50:30 --> Loader Class Initialized
INFO - 2024-12-25 15:50:30 --> Helper loaded: url_helper
INFO - 2024-12-25 15:50:30 --> Helper loaded: easyui_helper
INFO - 2024-12-25 15:50:30 --> Helper loaded: param_helper
INFO - 2024-12-25 15:50:30 --> Helper loaded: credential_helper
INFO - 2024-12-25 15:50:30 --> Helper loaded: template_helper
INFO - 2024-12-25 15:50:30 --> Helper loaded: rest_helper
INFO - 2024-12-25 15:50:30 --> Database Driver Class Initialized
DEBUG - 2024-12-25 15:50:30 --> Idgenerator class already loaded. Second attempt ignored.
INFO - 2024-12-25 15:50:30 --> Controller Class Initialized
INFO - 2024-12-25 15:50:30 --> Model Class Initialized
DEBUG - 2024-12-25 15:50:30 --> File loaded: /apps/web-drc/application/modules/ref_customer_class/models/Customer_class_model.php
INFO - 2024-12-25 15:50:30 --> Model Class Initialized
INFO - 2024-12-25 15:50:30 --> Final output sent to browser
DEBUG - 2024-12-25 15:50:30 --> Total execution time: 0.0041
INFO - 2024-12-25 15:50:30 --> Config Class Initialized
INFO - 2024-12-25 15:50:30 --> Hooks Class Initialized
DEBUG - 2024-12-25 15:50:30 --> UTF-8 Support Enabled
INFO - 2024-12-25 15:50:30 --> Utf8 Class Initialized
INFO - 2024-12-25 15:50:30 --> URI Class Initialized
INFO - 2024-12-25 15:50:30 --> Router Class Initialized
INFO - 2024-12-25 15:50:30 --> Output Class Initialized
INFO - 2024-12-25 15:50:30 --> Security Class Initialized
DEBUG - 2024-12-25 15:50:30 --> Global POST, GET and COOKIE data sanitized
INFO - 2024-12-25 15:50:30 --> Input Class Initialized
INFO - 2024-12-25 15:50:30 --> Language Class Initialized
INFO - 2024-12-25 15:50:30 --> Language Class Initialized
INFO - 2024-12-25 15:50:30 --> Config Class Initialized
INFO - 2024-12-25 15:50:30 --> Loader Class Initialized
INFO - 2024-12-25 15:50:30 --> Helper loaded: url_helper
INFO - 2024-12-25 15:50:30 --> Helper loaded: easyui_helper
INFO - 2024-12-25 15:50:30 --> Helper loaded: param_helper
INFO - 2024-12-25 15:50:30 --> Helper loaded: credential_helper
INFO - 2024-12-25 15:50:30 --> Helper loaded: template_helper
INFO - 2024-12-25 15:50:30 --> Helper loaded: rest_helper
INFO - 2024-12-25 15:50:30 --> Database Driver Class Initialized
DEBUG - 2024-12-25 15:50:30 --> Idgenerator class already loaded. Second attempt ignored.
INFO - 2024-12-25 15:50:30 --> Controller Class Initialized
INFO - 2024-12-25 15:50:30 --> Model Class Initialized
DEBUG - 2024-12-25 15:50:30 --> File loaded: /apps/web-drc/application/modules/api_v1/models/Api_v1_model.php
INFO - 2024-12-25 15:50:30 --> Model Class Initialized
INFO - 2024-12-25 15:50:30 --> Final output sent to browser
DEBUG - 2024-12-25 15:50:30 --> Total execution time: 0.0039
INFO - 2024-12-25 15:50:30 --> Config Class Initialized
INFO - 2024-12-25 15:50:30 --> Hooks Class Initialized
DEBUG - 2024-12-25 15:50:30 --> UTF-8 Support Enabled
INFO - 2024-12-25 15:50:30 --> Utf8 Class Initialized
INFO - 2024-12-25 15:50:30 --> URI Class Initialized
INFO - 2024-12-25 15:50:30 --> Router Class Initialized
INFO - 2024-12-25 15:50:30 --> Output Class Initialized
INFO - 2024-12-25 15:50:30 --> Security Class Initialized
DEBUG - 2024-12-25 15:50:30 --> Global POST, GET and COOKIE data sanitized
INFO - 2024-12-25 15:50:30 --> Input Class Initialized
INFO - 2024-12-25 15:50:30 --> Language Class Initialized
INFO - 2024-12-25 15:50:30 --> Language Class Initialized
INFO - 2024-12-25 15:50:30 --> Config Class Initialized
INFO - 2024-12-25 15:50:30 --> Loader Class Initialized
INFO - 2024-12-25 15:50:30 --> Helper loaded: url_helper
INFO - 2024-12-25 15:50:30 --> Helper loaded: easyui_helper
INFO - 2024-12-25 15:50:30 --> Helper loaded: param_helper
INFO - 2024-12-25 15:50:30 --> Helper loaded: credential_helper
INFO - 2024-12-25 15:50:30 --> Helper loaded: template_helper
INFO - 2024-12-25 15:50:30 --> Helper loaded: rest_helper
INFO - 2024-12-25 15:50:30 --> Database Driver Class Initialized
DEBUG - 2024-12-25 15:50:30 --> Idgenerator class already loaded. Second attempt ignored.
INFO - 2024-12-25 15:50:30 --> Controller Class Initialized
INFO - 2024-12-25 15:50:30 --> Model Class Initialized
DEBUG - 2024-12-25 15:50:30 --> File loaded: /apps/web-drc/application/modules/api_v1/models/Api_v1_model.php
INFO - 2024-12-25 15:50:30 --> Model Class Initialized
INFO - 2024-12-25 15:50:30 --> Final output sent to browser
DEBUG - 2024-12-25 15:50:30 --> Total execution time: 0.0052
INFO - 2024-12-25 15:50:30 --> Config Class Initialized
INFO - 2024-12-25 15:50:30 --> Hooks Class Initialized
DEBUG - 2024-12-25 15:50:30 --> UTF-8 Support Enabled
INFO - 2024-12-25 15:50:30 --> Utf8 Class Initialized
INFO - 2024-12-25 15:50:30 --> URI Class Initialized
INFO - 2024-12-25 15:50:30 --> Router Class Initialized
INFO - 2024-12-25 15:50:30 --> Output Class Initialized
INFO - 2024-12-25 15:50:30 --> Security Class Initialized
DEBUG - 2024-12-25 15:50:30 --> Global POST, GET and COOKIE data sanitized
INFO - 2024-12-25 15:50:30 --> Input Class Initialized
INFO - 2024-12-25 15:50:30 --> Language Class Initialized
INFO - 2024-12-25 15:50:30 --> Language Class Initialized
INFO - 2024-12-25 15:50:30 --> Config Class Initialized
INFO - 2024-12-25 15:50:30 --> Loader Class Initialized
INFO - 2024-12-25 15:50:30 --> Helper loaded: url_helper
INFO - 2024-12-25 15:50:30 --> Helper loaded: easyui_helper
INFO - 2024-12-25 15:50:30 --> Helper loaded: param_helper
INFO - 2024-12-25 15:50:30 --> Helper loaded: credential_helper
INFO - 2024-12-25 15:50:30 --> Helper loaded: template_helper
INFO - 2024-12-25 15:50:30 --> Helper loaded: rest_helper
INFO - 2024-12-25 15:50:30 --> Database Driver Class Initialized
DEBUG - 2024-12-25 15:50:30 --> Idgenerator class already loaded. Second attempt ignored.
INFO - 2024-12-25 15:50:30 --> Controller Class Initialized
INFO - 2024-12-25 15:50:30 --> Model Class Initialized
DEBUG - 2024-12-25 15:50:30 --> File loaded: /apps/web-drc/application/modules/api_v1/models/Api_v1_model.php
INFO - 2024-12-25 15:50:30 --> Model Class Initialized
INFO - 2024-12-25 15:50:30 --> Final output sent to browser
DEBUG - 2024-12-25 15:50:30 --> Total execution time: 0.0035
INFO - 2024-12-25 15:50:30 --> Config Class Initialized
INFO - 2024-12-25 15:50:30 --> Hooks Class Initialized
DEBUG - 2024-12-25 15:50:30 --> UTF-8 Support Enabled
INFO - 2024-12-25 15:50:30 --> Utf8 Class Initialized
INFO - 2024-12-25 15:50:30 --> URI Class Initialized
INFO - 2024-12-25 15:50:30 --> Router Class Initialized
INFO - 2024-12-25 15:50:30 --> Output Class Initialized
INFO - 2024-12-25 15:50:30 --> Security Class Initialized
DEBUG - 2024-12-25 15:50:30 --> Global POST, GET and COOKIE data sanitized
INFO - 2024-12-25 15:50:30 --> Input Class Initialized
INFO - 2024-12-25 15:50:30 --> Language Class Initialized
INFO - 2024-12-25 15:50:30 --> Language Class Initialized
INFO - 2024-12-25 15:50:30 --> Config Class Initialized
INFO - 2024-12-25 15:50:30 --> Loader Class Initialized
INFO - 2024-12-25 15:50:30 --> Helper loaded: url_helper
INFO - 2024-12-25 15:50:30 --> Helper loaded: easyui_helper
INFO - 2024-12-25 15:50:30 --> Helper loaded: param_helper
INFO - 2024-12-25 15:50:30 --> Helper loaded: credential_helper
INFO - 2024-12-25 15:50:30 --> Helper loaded: template_helper
INFO - 2024-12-25 15:50:30 --> Helper loaded: rest_helper
INFO - 2024-12-25 15:50:30 --> Database Driver Class Initialized
DEBUG - 2024-12-25 15:50:30 --> Idgenerator class already loaded. Second attempt ignored.
INFO - 2024-12-25 15:50:30 --> Controller Class Initialized
INFO - 2024-12-25 15:50:30 --> Model Class Initialized
DEBUG - 2024-12-25 15:50:30 --> File loaded: /apps/web-drc/application/modules/api_v1/models/Api_v1_model.php
INFO - 2024-12-25 15:50:30 --> Model Class Initialized
INFO - 2024-12-25 15:50:30 --> Final output sent to browser
DEBUG - 2024-12-25 15:50:30 --> Total execution time: 0.0974
INFO - 2024-12-25 15:50:44 --> Config Class Initialized
INFO - 2024-12-25 15:50:44 --> Hooks Class Initialized
DEBUG - 2024-12-25 15:50:44 --> UTF-8 Support Enabled
INFO - 2024-12-25 15:50:44 --> Utf8 Class Initialized
INFO - 2024-12-25 15:50:44 --> URI Class Initialized
INFO - 2024-12-25 15:50:44 --> Router Class Initialized
INFO - 2024-12-25 15:50:44 --> Output Class Initialized
INFO - 2024-12-25 15:50:44 --> Security Class Initialized
DEBUG - 2024-12-25 15:50:44 --> Global POST, GET and COOKIE data sanitized
INFO - 2024-12-25 15:50:44 --> Input Class Initialized
INFO - 2024-12-25 15:50:44 --> Language Class Initialized
INFO - 2024-12-25 15:50:44 --> Language Class Initialized
INFO - 2024-12-25 15:50:44 --> Config Class Initialized
INFO - 2024-12-25 15:50:44 --> Loader Class Initialized
INFO - 2024-12-25 15:50:44 --> Helper loaded: url_helper
INFO - 2024-12-25 15:50:44 --> Helper loaded: easyui_helper
INFO - 2024-12-25 15:50:44 --> Helper loaded: param_helper
INFO - 2024-12-25 15:50:44 --> Helper loaded: credential_helper
INFO - 2024-12-25 15:50:44 --> Helper loaded: template_helper
INFO - 2024-12-25 15:50:44 --> Helper loaded: rest_helper
INFO - 2024-12-25 15:50:44 --> Database Driver Class Initialized
DEBUG - 2024-12-25 15:50:44 --> Idgenerator class already loaded. Second attempt ignored.
INFO - 2024-12-25 15:50:44 --> Controller Class Initialized
INFO - 2024-12-25 15:50:44 --> Model Class Initialized
DEBUG - 2024-12-25 15:50:44 --> File loaded: /apps/web-drc/application/modules/api_v1/models/Api_v1_model.php
INFO - 2024-12-25 15:50:44 --> Model Class Initialized
INFO - 2024-12-25 15:50:44 --> Final output sent to browser
DEBUG - 2024-12-25 15:50:44 --> Total execution time: 0.0039
INFO - 2024-12-25 15:50:45 --> Config Class Initialized
INFO - 2024-12-25 15:50:45 --> Hooks Class Initialized
DEBUG - 2024-12-25 15:50:45 --> UTF-8 Support Enabled
INFO - 2024-12-25 15:50:45 --> Utf8 Class Initialized
INFO - 2024-12-25 15:50:45 --> URI Class Initialized
INFO - 2024-12-25 15:50:45 --> Router Class Initialized
INFO - 2024-12-25 15:50:45 --> Output Class Initialized
INFO - 2024-12-25 15:50:45 --> Security Class Initialized
DEBUG - 2024-12-25 15:50:45 --> Global POST, GET and COOKIE data sanitized
INFO - 2024-12-25 15:50:45 --> Input Class Initialized
INFO - 2024-12-25 15:50:45 --> Language Class Initialized
INFO - 2024-12-25 15:50:45 --> Language Class Initialized
INFO - 2024-12-25 15:50:45 --> Config Class Initialized
INFO - 2024-12-25 15:50:45 --> Loader Class Initialized
INFO - 2024-12-25 15:50:45 --> Helper loaded: url_helper
INFO - 2024-12-25 15:50:45 --> Helper loaded: easyui_helper
INFO - 2024-12-25 15:50:45 --> Helper loaded: param_helper
INFO - 2024-12-25 15:50:45 --> Helper loaded: credential_helper
INFO - 2024-12-25 15:50:45 --> Helper loaded: template_helper
INFO - 2024-12-25 15:50:45 --> Helper loaded: rest_helper
INFO - 2024-12-25 15:50:45 --> Database Driver Class Initialized
DEBUG - 2024-12-25 15:50:45 --> Idgenerator class already loaded. Second attempt ignored.
INFO - 2024-12-25 15:50:45 --> Controller Class Initialized
INFO - 2024-12-25 15:50:45 --> Model Class Initialized
DEBUG - 2024-12-25 15:50:45 --> File loaded: /apps/web-drc/application/modules/api_v1/models/Api_v1_model.php
INFO - 2024-12-25 15:50:45 --> Model Class Initialized
INFO - 2024-12-25 15:50:45 --> Final output sent to browser
DEBUG - 2024-12-25 15:50:45 --> Total execution time: 0.0052
INFO - 2024-12-25 15:51:02 --> Config Class Initialized
INFO - 2024-12-25 15:51:02 --> Hooks Class Initialized
DEBUG - 2024-12-25 15:51:02 --> UTF-8 Support Enabled
INFO - 2024-12-25 15:51:02 --> Utf8 Class Initialized
INFO - 2024-12-25 15:51:02 --> URI Class Initialized
INFO - 2024-12-25 15:51:02 --> Router Class Initialized
INFO - 2024-12-25 15:51:02 --> Output Class Initialized
INFO - 2024-12-25 15:51:02 --> Security Class Initialized
DEBUG - 2024-12-25 15:51:02 --> Global POST, GET and COOKIE data sanitized
INFO - 2024-12-25 15:51:02 --> Input Class Initialized
INFO - 2024-12-25 15:51:02 --> Language Class Initialized
INFO - 2024-12-25 15:51:02 --> Language Class Initialized
INFO - 2024-12-25 15:51:02 --> Config Class Initialized
INFO - 2024-12-25 15:51:02 --> Loader Class Initialized
INFO - 2024-12-25 15:51:02 --> Helper loaded: url_helper
INFO - 2024-12-25 15:51:02 --> Helper loaded: easyui_helper
INFO - 2024-12-25 15:51:02 --> Helper loaded: param_helper
INFO - 2024-12-25 15:51:02 --> Helper loaded: credential_helper
INFO - 2024-12-25 15:51:02 --> Helper loaded: template_helper
INFO - 2024-12-25 15:51:02 --> Helper loaded: rest_helper
INFO - 2024-12-25 15:51:02 --> Database Driver Class Initialized
DEBUG - 2024-12-25 15:51:02 --> Idgenerator class already loaded. Second attempt ignored.
INFO - 2024-12-25 15:51:02 --> Controller Class Initialized
INFO - 2024-12-25 15:51:02 --> Model Class Initialized
DEBUG - 2024-12-25 15:51:02 --> File loaded: /apps/web-drc/application/modules/api_v1/models/Api_v1_model.php
INFO - 2024-12-25 15:51:02 --> Model Class Initialized
INFO - 2024-12-25 15:51:02 --> Final output sent to browser
DEBUG - 2024-12-25 15:51:02 --> Total execution time: 0.0059
INFO - 2024-12-25 15:51:04 --> Config Class Initialized
INFO - 2024-12-25 15:51:04 --> Hooks Class Initialized
DEBUG - 2024-12-25 15:51:04 --> UTF-8 Support Enabled
INFO - 2024-12-25 15:51:04 --> Utf8 Class Initialized
INFO - 2024-12-25 15:51:04 --> URI Class Initialized
INFO - 2024-12-25 15:51:04 --> Router Class Initialized
INFO - 2024-12-25 15:51:04 --> Output Class Initialized
INFO - 2024-12-25 15:51:04 --> Security Class Initialized
DEBUG - 2024-12-25 15:51:04 --> Global POST, GET and COOKIE data sanitized
INFO - 2024-12-25 15:51:04 --> Input Class Initialized
INFO - 2024-12-25 15:51:04 --> Language Class Initialized
INFO - 2024-12-25 15:51:04 --> Language Class Initialized
INFO - 2024-12-25 15:51:04 --> Config Class Initialized
INFO - 2024-12-25 15:51:04 --> Loader Class Initialized
INFO - 2024-12-25 15:51:04 --> Helper loaded: url_helper
INFO - 2024-12-25 15:51:04 --> Helper loaded: easyui_helper
INFO - 2024-12-25 15:51:04 --> Helper loaded: param_helper
INFO - 2024-12-25 15:51:04 --> Helper loaded: credential_helper
INFO - 2024-12-25 15:51:04 --> Helper loaded: template_helper
INFO - 2024-12-25 15:51:04 --> Helper loaded: rest_helper
INFO - 2024-12-25 15:51:04 --> Database Driver Class Initialized
DEBUG - 2024-12-25 15:51:04 --> Idgenerator class already loaded. Second attempt ignored.
INFO - 2024-12-25 15:51:04 --> Controller Class Initialized
INFO - 2024-12-25 15:51:04 --> Model Class Initialized
DEBUG - 2024-12-25 15:51:04 --> File loaded: /apps/web-drc/application/modules/api_v1/models/Api_v1_model.php
INFO - 2024-12-25 15:51:04 --> Model Class Initialized
INFO - 2024-12-25 15:51:04 --> Final output sent to browser
DEBUG - 2024-12-25 15:51:04 --> Total execution time: 0.0044
INFO - 2024-12-25 15:51:10 --> Config Class Initialized
INFO - 2024-12-25 15:51:10 --> Hooks Class Initialized
DEBUG - 2024-12-25 15:51:10 --> UTF-8 Support Enabled
INFO - 2024-12-25 15:51:10 --> Utf8 Class Initialized
INFO - 2024-12-25 15:51:10 --> URI Class Initialized
INFO - 2024-12-25 15:51:10 --> Router Class Initialized
INFO - 2024-12-25 15:51:10 --> Output Class Initialized
INFO - 2024-12-25 15:51:10 --> Security Class Initialized
DEBUG - 2024-12-25 15:51:10 --> Global POST, GET and COOKIE data sanitized
INFO - 2024-12-25 15:51:10 --> Input Class Initialized
INFO - 2024-12-25 15:51:10 --> Language Class Initialized
INFO - 2024-12-25 15:51:10 --> Language Class Initialized
INFO - 2024-12-25 15:51:10 --> Config Class Initialized
INFO - 2024-12-25 15:51:10 --> Loader Class Initialized
INFO - 2024-12-25 15:51:10 --> Helper loaded: url_helper
INFO - 2024-12-25 15:51:10 --> Helper loaded: easyui_helper
INFO - 2024-12-25 15:51:10 --> Helper loaded: param_helper
INFO - 2024-12-25 15:51:10 --> Helper loaded: credential_helper
INFO - 2024-12-25 15:51:10 --> Helper loaded: template_helper
INFO - 2024-12-25 15:51:10 --> Helper loaded: rest_helper
INFO - 2024-12-25 15:51:10 --> Database Driver Class Initialized
DEBUG - 2024-12-25 15:51:10 --> Idgenerator class already loaded. Second attempt ignored.
INFO - 2024-12-25 15:51:10 --> Controller Class Initialized
INFO - 2024-12-25 15:51:10 --> Model Class Initialized
DEBUG - 2024-12-25 15:51:10 --> File loaded: /apps/web-drc/application/modules/api_v1/models/Api_v1_model.php
INFO - 2024-12-25 15:51:10 --> Model Class Initialized
INFO - 2024-12-25 15:51:10 --> Final output sent to browser
DEBUG - 2024-12-25 15:51:10 --> Total execution time: 0.0059
INFO - 2024-12-25 15:51:19 --> Config Class Initialized
INFO - 2024-12-25 15:51:19 --> Hooks Class Initialized
DEBUG - 2024-12-25 15:51:19 --> UTF-8 Support Enabled
INFO - 2024-12-25 15:51:19 --> Utf8 Class Initialized
INFO - 2024-12-25 15:51:19 --> URI Class Initialized
INFO - 2024-12-25 15:51:19 --> Router Class Initialized
INFO - 2024-12-25 15:51:19 --> Output Class Initialized
INFO - 2024-12-25 15:51:19 --> Security Class Initialized
DEBUG - 2024-12-25 15:51:19 --> Global POST, GET and COOKIE data sanitized
INFO - 2024-12-25 15:51:19 --> Input Class Initialized
INFO - 2024-12-25 15:51:19 --> Language Class Initialized
INFO - 2024-12-25 15:51:19 --> Language Class Initialized
INFO - 2024-12-25 15:51:19 --> Config Class Initialized
INFO - 2024-12-25 15:51:19 --> Loader Class Initialized
INFO - 2024-12-25 15:51:19 --> Helper loaded: url_helper
INFO - 2024-12-25 15:51:19 --> Helper loaded: easyui_helper
INFO - 2024-12-25 15:51:19 --> Helper loaded: param_helper
INFO - 2024-12-25 15:51:19 --> Helper loaded: credential_helper
INFO - 2024-12-25 15:51:19 --> Helper loaded: template_helper
INFO - 2024-12-25 15:51:19 --> Helper loaded: rest_helper
INFO - 2024-12-25 15:51:19 --> Database Driver Class Initialized
DEBUG - 2024-12-25 15:51:19 --> Idgenerator class already loaded. Second attempt ignored.
INFO - 2024-12-25 15:51:19 --> Controller Class Initialized
INFO - 2024-12-25 15:51:19 --> Model Class Initialized
DEBUG - 2024-12-25 15:51:19 --> File loaded: /apps/web-drc/application/modules/api_v1/models/Api_v1_model.php
INFO - 2024-12-25 15:51:19 --> Model Class Initialized
INFO - 2024-12-25 15:51:19 --> Final output sent to browser
DEBUG - 2024-12-25 15:51:19 --> Total execution time: 0.0035
INFO - 2024-12-25 15:51:24 --> Config Class Initialized
INFO - 2024-12-25 15:51:24 --> Hooks Class Initialized
DEBUG - 2024-12-25 15:51:24 --> UTF-8 Support Enabled
INFO - 2024-12-25 15:51:24 --> Utf8 Class Initialized
INFO - 2024-12-25 15:51:24 --> URI Class Initialized
INFO - 2024-12-25 15:51:24 --> Router Class Initialized
INFO - 2024-12-25 15:51:24 --> Output Class Initialized
INFO - 2024-12-25 15:51:24 --> Security Class Initialized
DEBUG - 2024-12-25 15:51:24 --> Global POST, GET and COOKIE data sanitized
INFO - 2024-12-25 15:51:24 --> Input Class Initialized
INFO - 2024-12-25 15:51:24 --> Language Class Initialized
INFO - 2024-12-25 15:51:24 --> Language Class Initialized
INFO - 2024-12-25 15:51:24 --> Config Class Initialized
INFO - 2024-12-25 15:51:24 --> Loader Class Initialized
INFO - 2024-12-25 15:51:24 --> Helper loaded: url_helper
INFO - 2024-12-25 15:51:24 --> Helper loaded: easyui_helper
INFO - 2024-12-25 15:51:24 --> Helper loaded: param_helper
INFO - 2024-12-25 15:51:24 --> Helper loaded: credential_helper
INFO - 2024-12-25 15:51:24 --> Helper loaded: template_helper
INFO - 2024-12-25 15:51:24 --> Helper loaded: rest_helper
INFO - 2024-12-25 15:51:24 --> Database Driver Class Initialized
DEBUG - 2024-12-25 15:51:24 --> Idgenerator class already loaded. Second attempt ignored.
INFO - 2024-12-25 15:51:24 --> Controller Class Initialized
INFO - 2024-12-25 15:51:24 --> Model Class Initialized
DEBUG - 2024-12-25 15:51:24 --> File loaded: /apps/web-drc/application/modules/api_v1/models/Api_v1_model.php
INFO - 2024-12-25 15:51:24 --> Model Class Initialized
INFO - 2024-12-25 15:51:24 --> Final output sent to browser
DEBUG - 2024-12-25 15:51:24 --> Total execution time: 0.0049
INFO - 2024-12-25 15:51:27 --> Config Class Initialized
INFO - 2024-12-25 15:51:27 --> Hooks Class Initialized
DEBUG - 2024-12-25 15:51:27 --> UTF-8 Support Enabled
INFO - 2024-12-25 15:51:27 --> Utf8 Class Initialized
INFO - 2024-12-25 15:51:27 --> URI Class Initialized
INFO - 2024-12-25 15:51:27 --> Router Class Initialized
INFO - 2024-12-25 15:51:27 --> Output Class Initialized
INFO - 2024-12-25 15:51:27 --> Security Class Initialized
DEBUG - 2024-12-25 15:51:27 --> Global POST, GET and COOKIE data sanitized
INFO - 2024-12-25 15:51:27 --> Input Class Initialized
INFO - 2024-12-25 15:51:27 --> Language Class Initialized
INFO - 2024-12-25 15:51:27 --> Language Class Initialized
INFO - 2024-12-25 15:51:27 --> Config Class Initialized
INFO - 2024-12-25 15:51:27 --> Loader Class Initialized
INFO - 2024-12-25 15:51:27 --> Helper loaded: url_helper
INFO - 2024-12-25 15:51:27 --> Helper loaded: easyui_helper
INFO - 2024-12-25 15:51:27 --> Helper loaded: param_helper
INFO - 2024-12-25 15:51:27 --> Helper loaded: credential_helper
INFO - 2024-12-25 15:51:27 --> Helper loaded: template_helper
INFO - 2024-12-25 15:51:27 --> Helper loaded: rest_helper
INFO - 2024-12-25 15:51:27 --> Database Driver Class Initialized
DEBUG - 2024-12-25 15:51:27 --> Idgenerator class already loaded. Second attempt ignored.
INFO - 2024-12-25 15:51:27 --> Controller Class Initialized
INFO - 2024-12-25 15:51:27 --> Model Class Initialized
DEBUG - 2024-12-25 15:51:27 --> File loaded: /apps/web-drc/application/modules/api_v1/models/Api_v1_model.php
INFO - 2024-12-25 15:51:27 --> Model Class Initialized
INFO - 2024-12-25 15:51:27 --> Final output sent to browser
DEBUG - 2024-12-25 15:51:27 --> Total execution time: 0.0049
INFO - 2024-12-25 15:51:35 --> Config Class Initialized
INFO - 2024-12-25 15:51:35 --> Hooks Class Initialized
DEBUG - 2024-12-25 15:51:35 --> UTF-8 Support Enabled
INFO - 2024-12-25 15:51:35 --> Utf8 Class Initialized
INFO - 2024-12-25 15:51:35 --> URI Class Initialized
INFO - 2024-12-25 15:51:35 --> Router Class Initialized
INFO - 2024-12-25 15:51:35 --> Output Class Initialized
INFO - 2024-12-25 15:51:35 --> Security Class Initialized
DEBUG - 2024-12-25 15:51:35 --> Global POST, GET and COOKIE data sanitized
INFO - 2024-12-25 15:51:35 --> Input Class Initialized
INFO - 2024-12-25 15:51:35 --> Language Class Initialized
INFO - 2024-12-25 15:51:35 --> Language Class Initialized
INFO - 2024-12-25 15:51:35 --> Config Class Initialized
INFO - 2024-12-25 15:51:35 --> Loader Class Initialized
INFO - 2024-12-25 15:51:35 --> Helper loaded: url_helper
INFO - 2024-12-25 15:51:35 --> Helper loaded: easyui_helper
INFO - 2024-12-25 15:51:35 --> Helper loaded: param_helper
INFO - 2024-12-25 15:51:35 --> Helper loaded: credential_helper
INFO - 2024-12-25 15:51:35 --> Helper loaded: template_helper
INFO - 2024-12-25 15:51:35 --> Helper loaded: rest_helper
INFO - 2024-12-25 15:51:35 --> Database Driver Class Initialized
DEBUG - 2024-12-25 15:51:35 --> Idgenerator class already loaded. Second attempt ignored.
INFO - 2024-12-25 15:51:35 --> Controller Class Initialized
INFO - 2024-12-25 15:51:35 --> Model Class Initialized
DEBUG - 2024-12-25 15:51:35 --> File loaded: /apps/web-drc/application/modules/api_v1/models/Api_v1_model.php
INFO - 2024-12-25 15:51:35 --> Model Class Initialized
INFO - 2024-12-25 15:51:35 --> Final output sent to browser
DEBUG - 2024-12-25 15:51:35 --> Total execution time: 0.0064
INFO - 2024-12-25 15:55:19 --> Config Class Initialized
INFO - 2024-12-25 15:55:19 --> Hooks Class Initialized
DEBUG - 2024-12-25 15:55:19 --> UTF-8 Support Enabled
INFO - 2024-12-25 15:55:19 --> Utf8 Class Initialized
INFO - 2024-12-25 15:55:19 --> URI Class Initialized
INFO - 2024-12-25 15:55:19 --> Router Class Initialized
INFO - 2024-12-25 15:55:19 --> Output Class Initialized
INFO - 2024-12-25 15:55:19 --> Security Class Initialized
DEBUG - 2024-12-25 15:55:19 --> Global POST, GET and COOKIE data sanitized
INFO - 2024-12-25 15:55:19 --> Input Class Initialized
INFO - 2024-12-25 15:55:19 --> Language Class Initialized
INFO - 2024-12-25 15:55:19 --> Language Class Initialized
INFO - 2024-12-25 15:55:19 --> Config Class Initialized
INFO - 2024-12-25 15:55:19 --> Loader Class Initialized
INFO - 2024-12-25 15:55:19 --> Helper loaded: url_helper
INFO - 2024-12-25 15:55:19 --> Helper loaded: easyui_helper
INFO - 2024-12-25 15:55:19 --> Helper loaded: param_helper
INFO - 2024-12-25 15:55:19 --> Helper loaded: credential_helper
INFO - 2024-12-25 15:55:19 --> Helper loaded: template_helper
INFO - 2024-12-25 15:55:19 --> Helper loaded: rest_helper
INFO - 2024-12-25 15:55:19 --> Database Driver Class Initialized
DEBUG - 2024-12-25 15:55:19 --> Idgenerator class already loaded. Second attempt ignored.
INFO - 2024-12-25 15:55:19 --> Controller Class Initialized
INFO - 2024-12-25 15:55:19 --> Model Class Initialized
DEBUG - 2024-12-25 15:55:19 --> File loaded: /apps/web-drc/application/modules/ref_customer/models/Customer_model.php
INFO - 2024-12-25 15:55:19 --> Model Class Initialized
DEBUG - 2024-12-25 15:55:19 --> File loaded: /apps/web-drc/application/modules/ref_customer/views/form.php
DEBUG - 2024-12-25 15:55:19 --> File loaded: /apps/web-drc/application/views/templates/header.php
DEBUG - 2024-12-25 15:55:19 --> File loaded: /apps/web-drc/application/views/templates/toolbar.php
DEBUG - 2024-12-25 15:55:19 --> File loaded: /apps/web-drc/application/views/templates/sidebar.php
DEBUG - 2024-12-25 15:55:19 --> File loaded: /apps/web-drc/application/views/templates/contents.php
DEBUG - 2024-12-25 15:55:19 --> File loaded: /apps/web-drc/application/views/templates/content_footer.php
DEBUG - 2024-12-25 15:55:19 --> File loaded: /apps/web-drc/application/views/templates/footer.php
DEBUG - 2024-12-25 15:55:19 --> File loaded: /apps/web-drc/application/views/templates/default.php
INFO - 2024-12-25 15:55:19 --> Final output sent to browser
DEBUG - 2024-12-25 15:55:19 --> Total execution time: 0.0080
INFO - 2024-12-25 15:55:20 --> Config Class Initialized
INFO - 2024-12-25 15:55:20 --> Hooks Class Initialized
DEBUG - 2024-12-25 15:55:20 --> UTF-8 Support Enabled
INFO - 2024-12-25 15:55:20 --> Utf8 Class Initialized
INFO - 2024-12-25 15:55:20 --> URI Class Initialized
INFO - 2024-12-25 15:55:20 --> Router Class Initialized
INFO - 2024-12-25 15:55:20 --> Output Class Initialized
INFO - 2024-12-25 15:55:20 --> Security Class Initialized
DEBUG - 2024-12-25 15:55:20 --> Global POST, GET and COOKIE data sanitized
INFO - 2024-12-25 15:55:20 --> Input Class Initialized
INFO - 2024-12-25 15:55:20 --> Language Class Initialized
ERROR - 2024-12-25 15:55:20 --> 404 Page Not Found: /index
INFO - 2024-12-25 15:55:20 --> Config Class Initialized
INFO - 2024-12-25 15:55:20 --> Hooks Class Initialized
DEBUG - 2024-12-25 15:55:20 --> UTF-8 Support Enabled
INFO - 2024-12-25 15:55:20 --> Utf8 Class Initialized
INFO - 2024-12-25 15:55:20 --> URI Class Initialized
INFO - 2024-12-25 15:55:20 --> Router Class Initialized
INFO - 2024-12-25 15:55:20 --> Output Class Initialized
INFO - 2024-12-25 15:55:20 --> Security Class Initialized
DEBUG - 2024-12-25 15:55:20 --> Global POST, GET and COOKIE data sanitized
INFO - 2024-12-25 15:55:20 --> Input Class Initialized
INFO - 2024-12-25 15:55:20 --> Language Class Initialized
INFO - 2024-12-25 15:55:20 --> Language Class Initialized
INFO - 2024-12-25 15:55:20 --> Config Class Initialized
INFO - 2024-12-25 15:55:20 --> Loader Class Initialized
INFO - 2024-12-25 15:55:20 --> Helper loaded: url_helper
INFO - 2024-12-25 15:55:20 --> Helper loaded: easyui_helper
INFO - 2024-12-25 15:55:20 --> Helper loaded: param_helper
INFO - 2024-12-25 15:55:20 --> Helper loaded: credential_helper
INFO - 2024-12-25 15:55:20 --> Helper loaded: template_helper
INFO - 2024-12-25 15:55:20 --> Helper loaded: rest_helper
INFO - 2024-12-25 15:55:20 --> Database Driver Class Initialized
DEBUG - 2024-12-25 15:55:20 --> Idgenerator class already loaded. Second attempt ignored.
INFO - 2024-12-25 15:55:20 --> Controller Class Initialized
INFO - 2024-12-25 15:55:20 --> Model Class Initialized
DEBUG - 2024-12-25 15:55:20 --> File loaded: /apps/web-drc/application/modules/ref_customer_segment/models/Customer_segment_model.php
INFO - 2024-12-25 15:55:20 --> Model Class Initialized
INFO - 2024-12-25 15:55:20 --> Final output sent to browser
DEBUG - 2024-12-25 15:55:20 --> Total execution time: 0.0038
INFO - 2024-12-25 15:55:20 --> Config Class Initialized
INFO - 2024-12-25 15:55:20 --> Hooks Class Initialized
DEBUG - 2024-12-25 15:55:20 --> UTF-8 Support Enabled
INFO - 2024-12-25 15:55:20 --> Utf8 Class Initialized
INFO - 2024-12-25 15:55:20 --> URI Class Initialized
INFO - 2024-12-25 15:55:20 --> Router Class Initialized
INFO - 2024-12-25 15:55:20 --> Output Class Initialized
INFO - 2024-12-25 15:55:20 --> Security Class Initialized
DEBUG - 2024-12-25 15:55:20 --> Global POST, GET and COOKIE data sanitized
INFO - 2024-12-25 15:55:20 --> Input Class Initialized
INFO - 2024-12-25 15:55:20 --> Language Class Initialized
INFO - 2024-12-25 15:55:20 --> Language Class Initialized
INFO - 2024-12-25 15:55:20 --> Config Class Initialized
INFO - 2024-12-25 15:55:20 --> Loader Class Initialized
INFO - 2024-12-25 15:55:20 --> Helper loaded: url_helper
INFO - 2024-12-25 15:55:20 --> Helper loaded: easyui_helper
INFO - 2024-12-25 15:55:20 --> Helper loaded: param_helper
INFO - 2024-12-25 15:55:20 --> Helper loaded: credential_helper
INFO - 2024-12-25 15:55:20 --> Helper loaded: template_helper
INFO - 2024-12-25 15:55:20 --> Helper loaded: rest_helper
INFO - 2024-12-25 15:55:20 --> Database Driver Class Initialized
DEBUG - 2024-12-25 15:55:20 --> Idgenerator class already loaded. Second attempt ignored.
INFO - 2024-12-25 15:55:20 --> Controller Class Initialized
INFO - 2024-12-25 15:55:20 --> Model Class Initialized
DEBUG - 2024-12-25 15:55:20 --> File loaded: /apps/web-drc/application/modules/ref_customer_class/models/Customer_class_model.php
INFO - 2024-12-25 15:55:20 --> Model Class Initialized
INFO - 2024-12-25 15:55:20 --> Final output sent to browser
DEBUG - 2024-12-25 15:55:20 --> Total execution time: 0.0035
INFO - 2024-12-25 15:55:20 --> Config Class Initialized
INFO - 2024-12-25 15:55:20 --> Hooks Class Initialized
DEBUG - 2024-12-25 15:55:20 --> UTF-8 Support Enabled
INFO - 2024-12-25 15:55:20 --> Utf8 Class Initialized
INFO - 2024-12-25 15:55:20 --> URI Class Initialized
INFO - 2024-12-25 15:55:20 --> Router Class Initialized
INFO - 2024-12-25 15:55:20 --> Output Class Initialized
INFO - 2024-12-25 15:55:20 --> Security Class Initialized
DEBUG - 2024-12-25 15:55:20 --> Global POST, GET and COOKIE data sanitized
INFO - 2024-12-25 15:55:20 --> Input Class Initialized
INFO - 2024-12-25 15:55:20 --> Language Class Initialized
INFO - 2024-12-25 15:55:20 --> Language Class Initialized
INFO - 2024-12-25 15:55:20 --> Config Class Initialized
INFO - 2024-12-25 15:55:20 --> Loader Class Initialized
INFO - 2024-12-25 15:55:20 --> Helper loaded: url_helper
INFO - 2024-12-25 15:55:20 --> Helper loaded: easyui_helper
INFO - 2024-12-25 15:55:20 --> Helper loaded: param_helper
INFO - 2024-12-25 15:55:20 --> Helper loaded: credential_helper
INFO - 2024-12-25 15:55:20 --> Helper loaded: template_helper
INFO - 2024-12-25 15:55:20 --> Helper loaded: rest_helper
INFO - 2024-12-25 15:55:20 --> Database Driver Class Initialized
DEBUG - 2024-12-25 15:55:20 --> Idgenerator class already loaded. Second attempt ignored.
INFO - 2024-12-25 15:55:20 --> Controller Class Initialized
INFO - 2024-12-25 15:55:20 --> Model Class Initialized
DEBUG - 2024-12-25 15:55:20 --> File loaded: /apps/web-drc/application/modules/api_v1/models/Api_v1_model.php
INFO - 2024-12-25 15:55:20 --> Model Class Initialized
INFO - 2024-12-25 15:55:20 --> Final output sent to browser
DEBUG - 2024-12-25 15:55:20 --> Total execution time: 0.0031
INFO - 2024-12-25 15:55:20 --> Config Class Initialized
INFO - 2024-12-25 15:55:20 --> Hooks Class Initialized
DEBUG - 2024-12-25 15:55:20 --> UTF-8 Support Enabled
INFO - 2024-12-25 15:55:20 --> Utf8 Class Initialized
INFO - 2024-12-25 15:55:20 --> URI Class Initialized
INFO - 2024-12-25 15:55:20 --> Router Class Initialized
INFO - 2024-12-25 15:55:20 --> Output Class Initialized
INFO - 2024-12-25 15:55:20 --> Security Class Initialized
DEBUG - 2024-12-25 15:55:20 --> Global POST, GET and COOKIE data sanitized
INFO - 2024-12-25 15:55:20 --> Input Class Initialized
INFO - 2024-12-25 15:55:20 --> Language Class Initialized
INFO - 2024-12-25 15:55:20 --> Language Class Initialized
INFO - 2024-12-25 15:55:20 --> Config Class Initialized
INFO - 2024-12-25 15:55:20 --> Loader Class Initialized
INFO - 2024-12-25 15:55:20 --> Helper loaded: url_helper
INFO - 2024-12-25 15:55:20 --> Helper loaded: easyui_helper
INFO - 2024-12-25 15:55:20 --> Helper loaded: param_helper
INFO - 2024-12-25 15:55:20 --> Helper loaded: credential_helper
INFO - 2024-12-25 15:55:20 --> Helper loaded: template_helper
INFO - 2024-12-25 15:55:20 --> Helper loaded: rest_helper
INFO - 2024-12-25 15:55:20 --> Database Driver Class Initialized
DEBUG - 2024-12-25 15:55:20 --> Idgenerator class already loaded. Second attempt ignored.
INFO - 2024-12-25 15:55:20 --> Controller Class Initialized
INFO - 2024-12-25 15:55:20 --> Model Class Initialized
DEBUG - 2024-12-25 15:55:20 --> File loaded: /apps/web-drc/application/modules/api_v1/models/Api_v1_model.php
INFO - 2024-12-25 15:55:20 --> Model Class Initialized
INFO - 2024-12-25 15:55:20 --> Final output sent to browser
DEBUG - 2024-12-25 15:55:20 --> Total execution time: 0.0026
INFO - 2024-12-25 15:55:20 --> Config Class Initialized
INFO - 2024-12-25 15:55:20 --> Hooks Class Initialized
DEBUG - 2024-12-25 15:55:20 --> UTF-8 Support Enabled
INFO - 2024-12-25 15:55:20 --> Utf8 Class Initialized
INFO - 2024-12-25 15:55:20 --> URI Class Initialized
INFO - 2024-12-25 15:55:20 --> Router Class Initialized
INFO - 2024-12-25 15:55:20 --> Output Class Initialized
INFO - 2024-12-25 15:55:20 --> Security Class Initialized
DEBUG - 2024-12-25 15:55:20 --> Global POST, GET and COOKIE data sanitized
INFO - 2024-12-25 15:55:20 --> Input Class Initialized
INFO - 2024-12-25 15:55:20 --> Language Class Initialized
INFO - 2024-12-25 15:55:20 --> Language Class Initialized
INFO - 2024-12-25 15:55:20 --> Config Class Initialized
INFO - 2024-12-25 15:55:20 --> Loader Class Initialized
INFO - 2024-12-25 15:55:20 --> Helper loaded: url_helper
INFO - 2024-12-25 15:55:20 --> Helper loaded: easyui_helper
INFO - 2024-12-25 15:55:20 --> Helper loaded: param_helper
INFO - 2024-12-25 15:55:20 --> Helper loaded: credential_helper
INFO - 2024-12-25 15:55:20 --> Helper loaded: template_helper
INFO - 2024-12-25 15:55:20 --> Helper loaded: rest_helper
INFO - 2024-12-25 15:55:20 --> Database Driver Class Initialized
DEBUG - 2024-12-25 15:55:20 --> Idgenerator class already loaded. Second attempt ignored.
INFO - 2024-12-25 15:55:20 --> Controller Class Initialized
INFO - 2024-12-25 15:55:20 --> Model Class Initialized
DEBUG - 2024-12-25 15:55:20 --> File loaded: /apps/web-drc/application/modules/api_v1/models/Api_v1_model.php
INFO - 2024-12-25 15:55:20 --> Model Class Initialized
INFO - 2024-12-25 15:55:20 --> Final output sent to browser
DEBUG - 2024-12-25 15:55:20 --> Total execution time: 0.0027
INFO - 2024-12-25 15:55:20 --> Config Class Initialized
INFO - 2024-12-25 15:55:20 --> Hooks Class Initialized
DEBUG - 2024-12-25 15:55:20 --> UTF-8 Support Enabled
INFO - 2024-12-25 15:55:20 --> Utf8 Class Initialized
INFO - 2024-12-25 15:55:20 --> URI Class Initialized
INFO - 2024-12-25 15:55:20 --> Router Class Initialized
INFO - 2024-12-25 15:55:20 --> Output Class Initialized
INFO - 2024-12-25 15:55:20 --> Security Class Initialized
DEBUG - 2024-12-25 15:55:20 --> Global POST, GET and COOKIE data sanitized
INFO - 2024-12-25 15:55:20 --> Input Class Initialized
INFO - 2024-12-25 15:55:20 --> Language Class Initialized
INFO - 2024-12-25 15:55:20 --> Language Class Initialized
INFO - 2024-12-25 15:55:20 --> Config Class Initialized
INFO - 2024-12-25 15:55:20 --> Loader Class Initialized
INFO - 2024-12-25 15:55:20 --> Helper loaded: url_helper
INFO - 2024-12-25 15:55:20 --> Helper loaded: easyui_helper
INFO - 2024-12-25 15:55:20 --> Helper loaded: param_helper
INFO - 2024-12-25 15:55:20 --> Helper loaded: credential_helper
INFO - 2024-12-25 15:55:20 --> Helper loaded: template_helper
INFO - 2024-12-25 15:55:20 --> Helper loaded: rest_helper
INFO - 2024-12-25 15:55:20 --> Database Driver Class Initialized
DEBUG - 2024-12-25 15:55:20 --> Idgenerator class already loaded. Second attempt ignored.
INFO - 2024-12-25 15:55:20 --> Controller Class Initialized
INFO - 2024-12-25 15:55:20 --> Model Class Initialized
DEBUG - 2024-12-25 15:55:20 --> File loaded: /apps/web-drc/application/modules/ref_customer_type/models/Customer_type_model.php
INFO - 2024-12-25 15:55:20 --> Model Class Initialized
INFO - 2024-12-25 15:55:20 --> Final output sent to browser
DEBUG - 2024-12-25 15:55:20 --> Total execution time: 0.0027
INFO - 2024-12-25 15:55:20 --> Config Class Initialized
INFO - 2024-12-25 15:55:20 --> Hooks Class Initialized
DEBUG - 2024-12-25 15:55:20 --> UTF-8 Support Enabled
INFO - 2024-12-25 15:55:20 --> Utf8 Class Initialized
INFO - 2024-12-25 15:55:20 --> URI Class Initialized
INFO - 2024-12-25 15:55:20 --> Router Class Initialized
INFO - 2024-12-25 15:55:20 --> Output Class Initialized
INFO - 2024-12-25 15:55:20 --> Security Class Initialized
DEBUG - 2024-12-25 15:55:20 --> Global POST, GET and COOKIE data sanitized
INFO - 2024-12-25 15:55:20 --> Input Class Initialized
INFO - 2024-12-25 15:55:20 --> Language Class Initialized
INFO - 2024-12-25 15:55:20 --> Language Class Initialized
INFO - 2024-12-25 15:55:20 --> Config Class Initialized
INFO - 2024-12-25 15:55:20 --> Loader Class Initialized
INFO - 2024-12-25 15:55:20 --> Helper loaded: url_helper
INFO - 2024-12-25 15:55:20 --> Helper loaded: easyui_helper
INFO - 2024-12-25 15:55:20 --> Helper loaded: param_helper
INFO - 2024-12-25 15:55:20 --> Helper loaded: credential_helper
INFO - 2024-12-25 15:55:20 --> Helper loaded: template_helper
INFO - 2024-12-25 15:55:20 --> Helper loaded: rest_helper
INFO - 2024-12-25 15:55:20 --> Database Driver Class Initialized
DEBUG - 2024-12-25 15:55:20 --> Idgenerator class already loaded. Second attempt ignored.
INFO - 2024-12-25 15:55:20 --> Controller Class Initialized
INFO - 2024-12-25 15:55:20 --> Model Class Initialized
DEBUG - 2024-12-25 15:55:20 --> File loaded: /apps/web-drc/application/modules/api_v1/models/Api_v1_model.php
INFO - 2024-12-25 15:55:20 --> Model Class Initialized
INFO - 2024-12-25 15:55:20 --> Final output sent to browser
DEBUG - 2024-12-25 15:55:20 --> Total execution time: 0.0116
INFO - 2024-12-25 15:55:21 --> Config Class Initialized
INFO - 2024-12-25 15:55:21 --> Hooks Class Initialized
DEBUG - 2024-12-25 15:55:21 --> UTF-8 Support Enabled
INFO - 2024-12-25 15:55:21 --> Utf8 Class Initialized
INFO - 2024-12-25 15:55:21 --> URI Class Initialized
INFO - 2024-12-25 15:55:21 --> Router Class Initialized
INFO - 2024-12-25 15:55:21 --> Output Class Initialized
INFO - 2024-12-25 15:55:21 --> Security Class Initialized
DEBUG - 2024-12-25 15:55:21 --> Global POST, GET and COOKIE data sanitized
INFO - 2024-12-25 15:55:21 --> Input Class Initialized
INFO - 2024-12-25 15:55:21 --> Language Class Initialized
ERROR - 2024-12-25 15:55:21 --> 404 Page Not Found: /index
INFO - 2024-12-25 15:55:26 --> Config Class Initialized
INFO - 2024-12-25 15:55:26 --> Hooks Class Initialized
DEBUG - 2024-12-25 15:55:26 --> UTF-8 Support Enabled
INFO - 2024-12-25 15:55:26 --> Utf8 Class Initialized
INFO - 2024-12-25 15:55:26 --> URI Class Initialized
INFO - 2024-12-25 15:55:26 --> Router Class Initialized
INFO - 2024-12-25 15:55:26 --> Output Class Initialized
INFO - 2024-12-25 15:55:26 --> Security Class Initialized
DEBUG - 2024-12-25 15:55:26 --> Global POST, GET and COOKIE data sanitized
INFO - 2024-12-25 15:55:26 --> Input Class Initialized
INFO - 2024-12-25 15:55:26 --> Language Class Initialized
INFO - 2024-12-25 15:55:26 --> Language Class Initialized
INFO - 2024-12-25 15:55:26 --> Config Class Initialized
INFO - 2024-12-25 15:55:26 --> Loader Class Initialized
INFO - 2024-12-25 15:55:26 --> Helper loaded: url_helper
INFO - 2024-12-25 15:55:26 --> Helper loaded: easyui_helper
INFO - 2024-12-25 15:55:26 --> Helper loaded: param_helper
INFO - 2024-12-25 15:55:26 --> Helper loaded: credential_helper
INFO - 2024-12-25 15:55:26 --> Helper loaded: template_helper
INFO - 2024-12-25 15:55:26 --> Helper loaded: rest_helper
INFO - 2024-12-25 15:55:26 --> Database Driver Class Initialized
DEBUG - 2024-12-25 15:55:26 --> Idgenerator class already loaded. Second attempt ignored.
INFO - 2024-12-25 15:55:26 --> Controller Class Initialized
INFO - 2024-12-25 15:55:26 --> Model Class Initialized
DEBUG - 2024-12-25 15:55:26 --> File loaded: /apps/web-drc/application/modules/api_v1/models/Api_v1_model.php
INFO - 2024-12-25 15:55:26 --> Model Class Initialized
INFO - 2024-12-25 15:55:26 --> Final output sent to browser
DEBUG - 2024-12-25 15:55:26 --> Total execution time: 0.0045
INFO - 2024-12-25 15:55:27 --> Config Class Initialized
INFO - 2024-12-25 15:55:27 --> Hooks Class Initialized
DEBUG - 2024-12-25 15:55:27 --> UTF-8 Support Enabled
INFO - 2024-12-25 15:55:27 --> Utf8 Class Initialized
INFO - 2024-12-25 15:55:27 --> URI Class Initialized
INFO - 2024-12-25 15:55:27 --> Router Class Initialized
INFO - 2024-12-25 15:55:27 --> Output Class Initialized
INFO - 2024-12-25 15:55:27 --> Security Class Initialized
DEBUG - 2024-12-25 15:55:27 --> Global POST, GET and COOKIE data sanitized
INFO - 2024-12-25 15:55:27 --> Input Class Initialized
INFO - 2024-12-25 15:55:27 --> Language Class Initialized
INFO - 2024-12-25 15:55:27 --> Language Class Initialized
INFO - 2024-12-25 15:55:27 --> Config Class Initialized
INFO - 2024-12-25 15:55:27 --> Loader Class Initialized
INFO - 2024-12-25 15:55:27 --> Helper loaded: url_helper
INFO - 2024-12-25 15:55:27 --> Helper loaded: easyui_helper
INFO - 2024-12-25 15:55:27 --> Helper loaded: param_helper
INFO - 2024-12-25 15:55:27 --> Helper loaded: credential_helper
INFO - 2024-12-25 15:55:27 --> Helper loaded: template_helper
INFO - 2024-12-25 15:55:27 --> Helper loaded: rest_helper
INFO - 2024-12-25 15:55:27 --> Database Driver Class Initialized
DEBUG - 2024-12-25 15:55:27 --> Idgenerator class already loaded. Second attempt ignored.
INFO - 2024-12-25 15:55:27 --> Controller Class Initialized
INFO - 2024-12-25 15:55:27 --> Model Class Initialized
DEBUG - 2024-12-25 15:55:27 --> File loaded: /apps/web-drc/application/modules/api_v1/models/Api_v1_model.php
INFO - 2024-12-25 15:55:27 --> Model Class Initialized
INFO - 2024-12-25 15:55:27 --> Final output sent to browser
DEBUG - 2024-12-25 15:55:27 --> Total execution time: 0.0033
INFO - 2024-12-25 15:55:29 --> Config Class Initialized
INFO - 2024-12-25 15:55:29 --> Hooks Class Initialized
DEBUG - 2024-12-25 15:55:29 --> UTF-8 Support Enabled
INFO - 2024-12-25 15:55:29 --> Utf8 Class Initialized
INFO - 2024-12-25 15:55:29 --> URI Class Initialized
INFO - 2024-12-25 15:55:29 --> Router Class Initialized
INFO - 2024-12-25 15:55:29 --> Output Class Initialized
INFO - 2024-12-25 15:55:29 --> Security Class Initialized
DEBUG - 2024-12-25 15:55:29 --> Global POST, GET and COOKIE data sanitized
INFO - 2024-12-25 15:55:29 --> Input Class Initialized
INFO - 2024-12-25 15:55:29 --> Language Class Initialized
INFO - 2024-12-25 15:55:29 --> Language Class Initialized
INFO - 2024-12-25 15:55:29 --> Config Class Initialized
INFO - 2024-12-25 15:55:29 --> Loader Class Initialized
INFO - 2024-12-25 15:55:29 --> Helper loaded: url_helper
INFO - 2024-12-25 15:55:29 --> Helper loaded: easyui_helper
INFO - 2024-12-25 15:55:29 --> Helper loaded: param_helper
INFO - 2024-12-25 15:55:29 --> Helper loaded: credential_helper
INFO - 2024-12-25 15:55:29 --> Helper loaded: template_helper
INFO - 2024-12-25 15:55:29 --> Helper loaded: rest_helper
INFO - 2024-12-25 15:55:29 --> Database Driver Class Initialized
DEBUG - 2024-12-25 15:55:29 --> Idgenerator class already loaded. Second attempt ignored.
INFO - 2024-12-25 15:55:29 --> Controller Class Initialized
INFO - 2024-12-25 15:55:29 --> Model Class Initialized
DEBUG - 2024-12-25 15:55:29 --> File loaded: /apps/web-drc/application/modules/api_v1/models/Api_v1_model.php
INFO - 2024-12-25 15:55:29 --> Model Class Initialized
INFO - 2024-12-25 15:55:29 --> Final output sent to browser
DEBUG - 2024-12-25 15:55:29 --> Total execution time: 0.0036
INFO - 2024-12-25 15:55:41 --> Config Class Initialized
INFO - 2024-12-25 15:55:41 --> Hooks Class Initialized
DEBUG - 2024-12-25 15:55:41 --> UTF-8 Support Enabled
INFO - 2024-12-25 15:55:41 --> Utf8 Class Initialized
INFO - 2024-12-25 15:55:41 --> URI Class Initialized
INFO - 2024-12-25 15:55:41 --> Router Class Initialized
INFO - 2024-12-25 15:55:41 --> Output Class Initialized
INFO - 2024-12-25 15:55:41 --> Security Class Initialized
DEBUG - 2024-12-25 15:55:41 --> Global POST, GET and COOKIE data sanitized
INFO - 2024-12-25 15:55:41 --> Input Class Initialized
INFO - 2024-12-25 15:55:41 --> Language Class Initialized
INFO - 2024-12-25 15:55:41 --> Language Class Initialized
INFO - 2024-12-25 15:55:41 --> Config Class Initialized
INFO - 2024-12-25 15:55:41 --> Loader Class Initialized
INFO - 2024-12-25 15:55:41 --> Helper loaded: url_helper
INFO - 2024-12-25 15:55:41 --> Helper loaded: easyui_helper
INFO - 2024-12-25 15:55:41 --> Helper loaded: param_helper
INFO - 2024-12-25 15:55:41 --> Helper loaded: credential_helper
INFO - 2024-12-25 15:55:41 --> Helper loaded: template_helper
INFO - 2024-12-25 15:55:41 --> Helper loaded: rest_helper
INFO - 2024-12-25 15:55:41 --> Database Driver Class Initialized
DEBUG - 2024-12-25 15:55:41 --> Idgenerator class already loaded. Second attempt ignored.
INFO - 2024-12-25 15:55:41 --> Controller Class Initialized
INFO - 2024-12-25 15:55:41 --> Model Class Initialized
DEBUG - 2024-12-25 15:55:41 --> File loaded: /apps/web-drc/application/modules/api_v1/models/Api_v1_model.php
INFO - 2024-12-25 15:55:41 --> Model Class Initialized
INFO - 2024-12-25 15:55:41 --> Final output sent to browser
DEBUG - 2024-12-25 15:55:41 --> Total execution time: 0.0038
INFO - 2024-12-25 15:55:43 --> Config Class Initialized
INFO - 2024-12-25 15:55:43 --> Hooks Class Initialized
DEBUG - 2024-12-25 15:55:43 --> UTF-8 Support Enabled
INFO - 2024-12-25 15:55:43 --> Utf8 Class Initialized
INFO - 2024-12-25 15:55:43 --> URI Class Initialized
INFO - 2024-12-25 15:55:43 --> Router Class Initialized
INFO - 2024-12-25 15:55:43 --> Output Class Initialized
INFO - 2024-12-25 15:55:43 --> Security Class Initialized
DEBUG - 2024-12-25 15:55:43 --> Global POST, GET and COOKIE data sanitized
INFO - 2024-12-25 15:55:43 --> Input Class Initialized
INFO - 2024-12-25 15:55:43 --> Language Class Initialized
INFO - 2024-12-25 15:55:43 --> Language Class Initialized
INFO - 2024-12-25 15:55:43 --> Config Class Initialized
INFO - 2024-12-25 15:55:43 --> Loader Class Initialized
INFO - 2024-12-25 15:55:43 --> Helper loaded: url_helper
INFO - 2024-12-25 15:55:43 --> Helper loaded: easyui_helper
INFO - 2024-12-25 15:55:43 --> Helper loaded: param_helper
INFO - 2024-12-25 15:55:43 --> Helper loaded: credential_helper
INFO - 2024-12-25 15:55:43 --> Helper loaded: template_helper
INFO - 2024-12-25 15:55:43 --> Helper loaded: rest_helper
INFO - 2024-12-25 15:55:43 --> Database Driver Class Initialized
DEBUG - 2024-12-25 15:55:43 --> Idgenerator class already loaded. Second attempt ignored.
INFO - 2024-12-25 15:55:43 --> Controller Class Initialized
INFO - 2024-12-25 15:55:43 --> Model Class Initialized
DEBUG - 2024-12-25 15:55:43 --> File loaded: /apps/web-drc/application/modules/api_v1/models/Api_v1_model.php
INFO - 2024-12-25 15:55:43 --> Model Class Initialized
INFO - 2024-12-25 15:55:43 --> Final output sent to browser
DEBUG - 2024-12-25 15:55:43 --> Total execution time: 0.0040
INFO - 2024-12-25 15:56:21 --> Config Class Initialized
INFO - 2024-12-25 15:56:21 --> Hooks Class Initialized
DEBUG - 2024-12-25 15:56:21 --> UTF-8 Support Enabled
INFO - 2024-12-25 15:56:21 --> Utf8 Class Initialized
INFO - 2024-12-25 15:56:21 --> URI Class Initialized
INFO - 2024-12-25 15:56:21 --> Router Class Initialized
INFO - 2024-12-25 15:56:21 --> Output Class Initialized
INFO - 2024-12-25 15:56:21 --> Security Class Initialized
DEBUG - 2024-12-25 15:56:21 --> Global POST, GET and COOKIE data sanitized
INFO - 2024-12-25 15:56:21 --> Input Class Initialized
INFO - 2024-12-25 15:56:21 --> Language Class Initialized
INFO - 2024-12-25 15:56:21 --> Language Class Initialized
INFO - 2024-12-25 15:56:21 --> Config Class Initialized
INFO - 2024-12-25 15:56:21 --> Loader Class Initialized
INFO - 2024-12-25 15:56:21 --> Helper loaded: url_helper
INFO - 2024-12-25 15:56:21 --> Helper loaded: easyui_helper
INFO - 2024-12-25 15:56:21 --> Helper loaded: param_helper
INFO - 2024-12-25 15:56:21 --> Helper loaded: credential_helper
INFO - 2024-12-25 15:56:21 --> Helper loaded: template_helper
INFO - 2024-12-25 15:56:21 --> Helper loaded: rest_helper
INFO - 2024-12-25 15:56:21 --> Database Driver Class Initialized
DEBUG - 2024-12-25 15:56:21 --> Idgenerator class already loaded. Second attempt ignored.
INFO - 2024-12-25 15:56:21 --> Controller Class Initialized
INFO - 2024-12-25 15:56:21 --> Model Class Initialized
DEBUG - 2024-12-25 15:56:21 --> File loaded: /apps/web-drc/application/modules/ref_customer/models/Customer_model.php
INFO - 2024-12-25 15:56:21 --> Model Class Initialized
ERROR - 2024-12-25 15:56:21 --> Cache: Failed to initialize APC; extension not loaded/enabled?
INFO - 2024-12-25 15:56:21 --> Helper loaded: file_helper
ERROR - 2024-12-25 15:56:21 --> Cache adapter "apc" and backup "file" are both unavailable. Cache is now using "Dummy" adapter.
ERROR - 2024-12-25 15:56:21 --> Severity: Warning --> fopen(/apps/web-drc/resource/files/lock/lock.txt): failed to open stream: Permission denied /apps/web-drc/application/libraries/IDGenerator.php 30
ERROR - 2024-12-25 15:56:21 --> Severity: Warning --> flock() expects parameter 1 to be resource, bool given /apps/web-drc/application/libraries/IDGenerator.php 31
ERROR - 2024-12-25 15:56:21 --> Severity: Warning --> fclose() expects parameter 1 to be resource, bool given /apps/web-drc/application/libraries/IDGenerator.php 67
INFO - 2024-12-25 15:56:21 --> Final output sent to browser
DEBUG - 2024-12-25 15:56:21 --> Total execution time: 0.0233
INFO - 2024-12-25 19:15:24 --> Config Class Initialized
INFO - 2024-12-25 19:15:24 --> Hooks Class Initialized
DEBUG - 2024-12-25 19:15:24 --> UTF-8 Support Enabled
INFO - 2024-12-25 19:15:24 --> Utf8 Class Initialized
INFO - 2024-12-25 19:15:24 --> URI Class Initialized
INFO - 2024-12-25 19:15:24 --> Router Class Initialized
INFO - 2024-12-25 19:15:24 --> Output Class Initialized
INFO - 2024-12-25 19:15:24 --> Security Class Initialized
DEBUG - 2024-12-25 19:15:24 --> Global POST, GET and COOKIE data sanitized
INFO - 2024-12-25 19:15:24 --> Input Class Initialized
INFO - 2024-12-25 19:15:24 --> Language Class Initialized
INFO - 2024-12-25 19:15:24 --> Language Class Initialized
INFO - 2024-12-25 19:15:24 --> Config Class Initialized
INFO - 2024-12-25 19:15:24 --> Loader Class Initialized
INFO - 2024-12-25 19:15:24 --> Helper loaded: url_helper
INFO - 2024-12-25 19:15:24 --> Helper loaded: easyui_helper
INFO - 2024-12-25 19:15:24 --> Helper loaded: param_helper
INFO - 2024-12-25 19:15:24 --> Helper loaded: credential_helper
INFO - 2024-12-25 19:15:24 --> Helper loaded: template_helper
INFO - 2024-12-25 19:15:24 --> Helper loaded: rest_helper
INFO - 2024-12-25 19:15:24 --> Database Driver Class Initialized
DEBUG - 2024-12-25 19:15:24 --> Idgenerator class already loaded. Second attempt ignored.
INFO - 2024-12-25 19:15:24 --> Controller Class Initialized
INFO - 2024-12-25 19:15:24 --> Model Class Initialized
DEBUG - 2024-12-25 19:15:24 --> File loaded: /apps/web-drc/application/modules/ref_customer/models/Customer_model.php
INFO - 2024-12-25 19:15:24 --> Model Class Initialized
DEBUG - 2024-12-25 19:15:24 --> File loaded: /apps/web-drc/application/modules/ref_customer/views/form.php
DEBUG - 2024-12-25 19:15:24 --> File loaded: /apps/web-drc/application/views/templates/header.php
DEBUG - 2024-12-25 19:15:24 --> File loaded: /apps/web-drc/application/views/templates/toolbar.php
DEBUG - 2024-12-25 19:15:24 --> File loaded: /apps/web-drc/application/views/templates/sidebar.php
DEBUG - 2024-12-25 19:15:24 --> File loaded: /apps/web-drc/application/views/templates/contents.php
DEBUG - 2024-12-25 19:15:24 --> File loaded: /apps/web-drc/application/views/templates/content_footer.php
DEBUG - 2024-12-25 19:15:24 --> File loaded: /apps/web-drc/application/views/templates/footer.php
INFO - 2024-12-25 19:15:24 --> Config Class Initialized
INFO - 2024-12-25 19:15:24 --> Hooks Class Initialized
DEBUG - 2024-12-25 19:15:24 --> UTF-8 Support Enabled
INFO - 2024-12-25 19:15:24 --> Utf8 Class Initialized
INFO - 2024-12-25 19:15:24 --> URI Class Initialized
DEBUG - 2024-12-25 19:15:24 --> No URI present. Default controller set.
INFO - 2024-12-25 19:15:24 --> Router Class Initialized
INFO - 2024-12-25 19:15:24 --> Output Class Initialized
INFO - 2024-12-25 19:15:24 --> Security Class Initialized
DEBUG - 2024-12-25 19:15:24 --> Global POST, GET and COOKIE data sanitized
INFO - 2024-12-25 19:15:24 --> Input Class Initialized
INFO - 2024-12-25 19:15:24 --> Language Class Initialized
INFO - 2024-12-25 19:15:24 --> Language Class Initialized
INFO - 2024-12-25 19:15:24 --> Config Class Initialized
INFO - 2024-12-25 19:15:24 --> Loader Class Initialized
INFO - 2024-12-25 19:15:24 --> Helper loaded: url_helper
INFO - 2024-12-25 19:15:24 --> Helper loaded: easyui_helper
INFO - 2024-12-25 19:15:24 --> Helper loaded: param_helper
INFO - 2024-12-25 19:15:24 --> Helper loaded: credential_helper
INFO - 2024-12-25 19:15:24 --> Helper loaded: template_helper
INFO - 2024-12-25 19:15:24 --> Helper loaded: rest_helper
INFO - 2024-12-25 19:15:24 --> Database Driver Class Initialized
DEBUG - 2024-12-25 19:15:24 --> Idgenerator class already loaded. Second attempt ignored.
INFO - 2024-12-25 19:15:24 --> Controller Class Initialized
DEBUG - 2024-12-25 19:15:24 --> File loaded: /apps/web-drc/application/modules/app_auth/views/login_lte_template.php
DEBUG - 2024-12-25 19:15:24 --> File loaded: /apps/web-drc/application/views/template_login_lte/header.php
DEBUG - 2024-12-25 19:15:24 --> File loaded: /apps/web-drc/application/views/template_login_lte/contents.php
DEBUG - 2024-12-25 19:15:24 --> File loaded: /apps/web-drc/application/views/template_login_lte/default.php
INFO - 2024-12-25 19:15:24 --> Final output sent to browser
DEBUG - 2024-12-25 19:15:24 --> Total execution time: 0.0025
INFO - 2024-12-25 19:15:25 --> Config Class Initialized
INFO - 2024-12-25 19:15:25 --> Hooks Class Initialized
DEBUG - 2024-12-25 19:15:25 --> UTF-8 Support Enabled
INFO - 2024-12-25 19:15:25 --> Utf8 Class Initialized
INFO - 2024-12-25 19:15:25 --> URI Class Initialized
INFO - 2024-12-25 19:15:25 --> Router Class Initialized
INFO - 2024-12-25 19:15:25 --> Output Class Initialized
INFO - 2024-12-25 19:15:25 --> Security Class Initialized
DEBUG - 2024-12-25 19:15:25 --> Global POST, GET and COOKIE data sanitized
INFO - 2024-12-25 19:15:25 --> Input Class Initialized
INFO - 2024-12-25 19:15:25 --> Language Class Initialized
ERROR - 2024-12-25 19:15:25 --> 404 Page Not Found: /index
INFO - 2024-12-25 19:15:25 --> Config Class Initialized
INFO - 2024-12-25 19:15:25 --> Hooks Class Initialized
DEBUG - 2024-12-25 19:15:25 --> UTF-8 Support Enabled
INFO - 2024-12-25 19:15:25 --> Utf8 Class Initialized
INFO - 2024-12-25 19:15:25 --> URI Class Initialized
INFO - 2024-12-25 19:15:25 --> Router Class Initialized
INFO - 2024-12-25 19:15:25 --> Output Class Initialized
INFO - 2024-12-25 19:15:25 --> Security Class Initialized
DEBUG - 2024-12-25 19:15:25 --> Global POST, GET and COOKIE data sanitized
INFO - 2024-12-25 19:15:25 --> Input Class Initialized
INFO - 2024-12-25 19:15:25 --> Language Class Initialized
ERROR - 2024-12-25 19:15:25 --> 404 Page Not Found: /index
INFO - 2024-12-25 19:15:32 --> Config Class Initialized
INFO - 2024-12-25 19:15:32 --> Hooks Class Initialized
DEBUG - 2024-12-25 19:15:32 --> UTF-8 Support Enabled
INFO - 2024-12-25 19:15:32 --> Utf8 Class Initialized
INFO - 2024-12-25 19:15:32 --> URI Class Initialized
INFO - 2024-12-25 19:15:32 --> Router Class Initialized
INFO - 2024-12-25 19:15:32 --> Output Class Initialized
INFO - 2024-12-25 19:15:32 --> Security Class Initialized
DEBUG - 2024-12-25 19:15:32 --> Global POST, GET and COOKIE data sanitized
INFO - 2024-12-25 19:15:32 --> Input Class Initialized
INFO - 2024-12-25 19:15:32 --> Language Class Initialized
INFO - 2024-12-25 19:15:32 --> Language Class Initialized
INFO - 2024-12-25 19:15:32 --> Config Class Initialized
INFO - 2024-12-25 19:15:32 --> Loader Class Initialized
INFO - 2024-12-25 19:15:32 --> Helper loaded: url_helper
INFO - 2024-12-25 19:15:32 --> Helper loaded: easyui_helper
INFO - 2024-12-25 19:15:32 --> Helper loaded: param_helper
INFO - 2024-12-25 19:15:32 --> Helper loaded: credential_helper
INFO - 2024-12-25 19:15:32 --> Helper loaded: template_helper
INFO - 2024-12-25 19:15:32 --> Helper loaded: rest_helper
INFO - 2024-12-25 19:15:32 --> Database Driver Class Initialized
DEBUG - 2024-12-25 19:15:32 --> Idgenerator class already loaded. Second attempt ignored.
INFO - 2024-12-25 19:15:32 --> Controller Class Initialized
INFO - 2024-12-25 19:15:32 --> Final output sent to browser
DEBUG - 2024-12-25 19:15:32 --> Total execution time: 0.0062
INFO - 2024-12-25 19:15:32 --> Config Class Initialized
INFO - 2024-12-25 19:15:32 --> Hooks Class Initialized
DEBUG - 2024-12-25 19:15:32 --> UTF-8 Support Enabled
INFO - 2024-12-25 19:15:32 --> Utf8 Class Initialized
INFO - 2024-12-25 19:15:32 --> URI Class Initialized
INFO - 2024-12-25 19:15:32 --> Router Class Initialized
INFO - 2024-12-25 19:15:32 --> Output Class Initialized
INFO - 2024-12-25 19:15:32 --> Security Class Initialized
DEBUG - 2024-12-25 19:15:32 --> Global POST, GET and COOKIE data sanitized
INFO - 2024-12-25 19:15:32 --> Input Class Initialized
INFO - 2024-12-25 19:15:32 --> Language Class Initialized
INFO - 2024-12-25 19:15:32 --> Language Class Initialized
INFO - 2024-12-25 19:15:32 --> Config Class Initialized
INFO - 2024-12-25 19:15:32 --> Loader Class Initialized
INFO - 2024-12-25 19:15:32 --> Helper loaded: url_helper
INFO - 2024-12-25 19:15:32 --> Helper loaded: easyui_helper
INFO - 2024-12-25 19:15:32 --> Helper loaded: param_helper
INFO - 2024-12-25 19:15:32 --> Helper loaded: credential_helper
INFO - 2024-12-25 19:15:32 --> Helper loaded: template_helper
INFO - 2024-12-25 19:15:32 --> Helper loaded: rest_helper
INFO - 2024-12-25 19:15:32 --> Database Driver Class Initialized
DEBUG - 2024-12-25 19:15:32 --> Idgenerator class already loaded. Second attempt ignored.
INFO - 2024-12-25 19:15:32 --> Controller Class Initialized
INFO - 2024-12-25 19:15:32 --> Model Class Initialized
DEBUG - 2024-12-25 19:15:32 --> File loaded: /apps/web-drc/application/modules/app_dashboard/models/App_dashboard_model.php
INFO - 2024-12-25 19:15:32 --> Model Class Initialized
DEBUG - 2024-12-25 19:15:32 --> File loaded: /apps/web-drc/application/modules/app_dashboard/views/content.php
DEBUG - 2024-12-25 19:15:32 --> File loaded: /apps/web-drc/application/views/templates/header.php
DEBUG - 2024-12-25 19:15:32 --> File loaded: /apps/web-drc/application/views/templates/toolbar.php
DEBUG - 2024-12-25 19:15:32 --> File loaded: /apps/web-drc/application/views/templates/sidebar.php
DEBUG - 2024-12-25 19:15:32 --> File loaded: /apps/web-drc/application/views/templates/contents.php
DEBUG - 2024-12-25 19:15:32 --> File loaded: /apps/web-drc/application/views/templates/content_footer.php
DEBUG - 2024-12-25 19:15:32 --> File loaded: /apps/web-drc/application/views/templates/footer.php
DEBUG - 2024-12-25 19:15:32 --> File loaded: /apps/web-drc/application/views/templates/default.php
INFO - 2024-12-25 19:15:32 --> Final output sent to browser
DEBUG - 2024-12-25 19:15:32 --> Total execution time: 0.0074
INFO - 2024-12-25 19:15:32 --> Config Class Initialized
INFO - 2024-12-25 19:15:32 --> Hooks Class Initialized
DEBUG - 2024-12-25 19:15:32 --> UTF-8 Support Enabled
INFO - 2024-12-25 19:15:32 --> Utf8 Class Initialized
INFO - 2024-12-25 19:15:32 --> URI Class Initialized
INFO - 2024-12-25 19:15:32 --> Router Class Initialized
INFO - 2024-12-25 19:15:32 --> Output Class Initialized
INFO - 2024-12-25 19:15:32 --> Security Class Initialized
DEBUG - 2024-12-25 19:15:32 --> Global POST, GET and COOKIE data sanitized
INFO - 2024-12-25 19:15:32 --> Input Class Initialized
INFO - 2024-12-25 19:15:32 --> Language Class Initialized
ERROR - 2024-12-25 19:15:32 --> 404 Page Not Found: /index
INFO - 2024-12-25 19:15:32 --> Config Class Initialized
INFO - 2024-12-25 19:15:32 --> Hooks Class Initialized
DEBUG - 2024-12-25 19:15:32 --> UTF-8 Support Enabled
INFO - 2024-12-25 19:15:32 --> Utf8 Class Initialized
INFO - 2024-12-25 19:15:32 --> URI Class Initialized
INFO - 2024-12-25 19:15:32 --> Router Class Initialized
INFO - 2024-12-25 19:15:32 --> Output Class Initialized
INFO - 2024-12-25 19:15:32 --> Security Class Initialized
DEBUG - 2024-12-25 19:15:32 --> Global POST, GET and COOKIE data sanitized
INFO - 2024-12-25 19:15:32 --> Input Class Initialized
INFO - 2024-12-25 19:15:32 --> Language Class Initialized
INFO - 2024-12-25 19:15:32 --> Language Class Initialized
INFO - 2024-12-25 19:15:32 --> Config Class Initialized
INFO - 2024-12-25 19:15:32 --> Loader Class Initialized
INFO - 2024-12-25 19:15:32 --> Helper loaded: url_helper
INFO - 2024-12-25 19:15:32 --> Helper loaded: easyui_helper
INFO - 2024-12-25 19:15:32 --> Helper loaded: param_helper
INFO - 2024-12-25 19:15:32 --> Helper loaded: credential_helper
INFO - 2024-12-25 19:15:32 --> Helper loaded: template_helper
INFO - 2024-12-25 19:15:32 --> Helper loaded: rest_helper
INFO - 2024-12-25 19:15:32 --> Database Driver Class Initialized
DEBUG - 2024-12-25 19:15:32 --> Idgenerator class already loaded. Second attempt ignored.
INFO - 2024-12-25 19:15:32 --> Controller Class Initialized
INFO - 2024-12-25 19:15:32 --> Model Class Initialized
DEBUG - 2024-12-25 19:15:32 --> File loaded: /apps/web-drc/application/modules/app_dashboard/models/App_dashboard_model.php
INFO - 2024-12-25 19:15:32 --> Model Class Initialized
INFO - 2024-12-25 19:15:32 --> Final output sent to browser
DEBUG - 2024-12-25 19:15:32 --> Total execution time: 0.0164
INFO - 2024-12-25 19:15:32 --> Config Class Initialized
INFO - 2024-12-25 19:15:32 --> Hooks Class Initialized
DEBUG - 2024-12-25 19:15:32 --> UTF-8 Support Enabled
INFO - 2024-12-25 19:15:32 --> Utf8 Class Initialized
INFO - 2024-12-25 19:15:32 --> URI Class Initialized
INFO - 2024-12-25 19:15:32 --> Router Class Initialized
INFO - 2024-12-25 19:15:32 --> Output Class Initialized
INFO - 2024-12-25 19:15:32 --> Security Class Initialized
DEBUG - 2024-12-25 19:15:32 --> Global POST, GET and COOKIE data sanitized
INFO - 2024-12-25 19:15:32 --> Input Class Initialized
INFO - 2024-12-25 19:15:32 --> Language Class Initialized
INFO - 2024-12-25 19:15:32 --> Language Class Initialized
INFO - 2024-12-25 19:15:32 --> Config Class Initialized
INFO - 2024-12-25 19:15:32 --> Loader Class Initialized
INFO - 2024-12-25 19:15:32 --> Helper loaded: url_helper
INFO - 2024-12-25 19:15:32 --> Helper loaded: easyui_helper
INFO - 2024-12-25 19:15:32 --> Helper loaded: param_helper
INFO - 2024-12-25 19:15:32 --> Helper loaded: credential_helper
INFO - 2024-12-25 19:15:32 --> Helper loaded: template_helper
INFO - 2024-12-25 19:15:32 --> Helper loaded: rest_helper
INFO - 2024-12-25 19:15:32 --> Database Driver Class Initialized
DEBUG - 2024-12-25 19:15:32 --> Idgenerator class already loaded. Second attempt ignored.
INFO - 2024-12-25 19:15:32 --> Controller Class Initialized
INFO - 2024-12-25 19:15:32 --> Model Class Initialized
DEBUG - 2024-12-25 19:15:32 --> File loaded: /apps/web-drc/application/modules/api_v1/models/Api_v1_model.php
INFO - 2024-12-25 19:15:32 --> Model Class Initialized
INFO - 2024-12-25 19:15:32 --> Final output sent to browser
DEBUG - 2024-12-25 19:15:32 --> Total execution time: 0.0036
INFO - 2024-12-25 19:15:36 --> Config Class Initialized
INFO - 2024-12-25 19:15:36 --> Hooks Class Initialized
DEBUG - 2024-12-25 19:15:36 --> UTF-8 Support Enabled
INFO - 2024-12-25 19:15:36 --> Utf8 Class Initialized
INFO - 2024-12-25 19:15:36 --> URI Class Initialized
INFO - 2024-12-25 19:15:36 --> Router Class Initialized
INFO - 2024-12-25 19:15:36 --> Output Class Initialized
INFO - 2024-12-25 19:15:36 --> Security Class Initialized
DEBUG - 2024-12-25 19:15:36 --> Global POST, GET and COOKIE data sanitized
INFO - 2024-12-25 19:15:36 --> Input Class Initialized
INFO - 2024-12-25 19:15:36 --> Language Class Initialized
INFO - 2024-12-25 19:15:36 --> Language Class Initialized
INFO - 2024-12-25 19:15:36 --> Config Class Initialized
INFO - 2024-12-25 19:15:36 --> Loader Class Initialized
INFO - 2024-12-25 19:15:36 --> Helper loaded: url_helper
INFO - 2024-12-25 19:15:36 --> Helper loaded: easyui_helper
INFO - 2024-12-25 19:15:36 --> Helper loaded: param_helper
INFO - 2024-12-25 19:15:36 --> Helper loaded: credential_helper
INFO - 2024-12-25 19:15:36 --> Helper loaded: template_helper
INFO - 2024-12-25 19:15:36 --> Helper loaded: rest_helper
INFO - 2024-12-25 19:15:36 --> Database Driver Class Initialized
DEBUG - 2024-12-25 19:15:36 --> Idgenerator class already loaded. Second attempt ignored.
INFO - 2024-12-25 19:15:36 --> Controller Class Initialized
INFO - 2024-12-25 19:15:36 --> Model Class Initialized
DEBUG - 2024-12-25 19:15:36 --> File loaded: /apps/web-drc/application/modules/ref_customer/models/Customer_model.php
INFO - 2024-12-25 19:15:36 --> Model Class Initialized
DEBUG - 2024-12-25 19:15:36 --> File loaded: /apps/web-drc/application/modules/ref_customer/views/content.php
DEBUG - 2024-12-25 19:15:36 --> File loaded: /apps/web-drc/application/views/templates/header.php
DEBUG - 2024-12-25 19:15:36 --> File loaded: /apps/web-drc/application/views/templates/toolbar.php
DEBUG - 2024-12-25 19:15:36 --> File loaded: /apps/web-drc/application/views/templates/sidebar.php
DEBUG - 2024-12-25 19:15:36 --> File loaded: /apps/web-drc/application/views/templates/contents.php
DEBUG - 2024-12-25 19:15:36 --> File loaded: /apps/web-drc/application/views/templates/content_footer.php
DEBUG - 2024-12-25 19:15:36 --> File loaded: /apps/web-drc/application/views/templates/footer.php
DEBUG - 2024-12-25 19:15:36 --> File loaded: /apps/web-drc/application/views/templates/default.php
INFO - 2024-12-25 19:15:36 --> Final output sent to browser
DEBUG - 2024-12-25 19:15:36 --> Total execution time: 0.0065
INFO - 2024-12-25 19:15:37 --> Config Class Initialized
INFO - 2024-12-25 19:15:37 --> Hooks Class Initialized
DEBUG - 2024-12-25 19:15:37 --> UTF-8 Support Enabled
INFO - 2024-12-25 19:15:37 --> Utf8 Class Initialized
INFO - 2024-12-25 19:15:37 --> URI Class Initialized
INFO - 2024-12-25 19:15:37 --> Router Class Initialized
INFO - 2024-12-25 19:15:37 --> Output Class Initialized
INFO - 2024-12-25 19:15:37 --> Security Class Initialized
DEBUG - 2024-12-25 19:15:37 --> Global POST, GET and COOKIE data sanitized
INFO - 2024-12-25 19:15:37 --> Input Class Initialized
INFO - 2024-12-25 19:15:37 --> Language Class Initialized
ERROR - 2024-12-25 19:15:37 --> 404 Page Not Found: /index
INFO - 2024-12-25 19:15:37 --> Config Class Initialized
INFO - 2024-12-25 19:15:37 --> Hooks Class Initialized
DEBUG - 2024-12-25 19:15:37 --> UTF-8 Support Enabled
INFO - 2024-12-25 19:15:37 --> Utf8 Class Initialized
INFO - 2024-12-25 19:15:37 --> URI Class Initialized
INFO - 2024-12-25 19:15:37 --> Router Class Initialized
INFO - 2024-12-25 19:15:37 --> Output Class Initialized
INFO - 2024-12-25 19:15:37 --> Security Class Initialized
DEBUG - 2024-12-25 19:15:37 --> Global POST, GET and COOKIE data sanitized
INFO - 2024-12-25 19:15:37 --> Input Class Initialized
INFO - 2024-12-25 19:15:37 --> Language Class Initialized
INFO - 2024-12-25 19:15:37 --> Language Class Initialized
INFO - 2024-12-25 19:15:37 --> Config Class Initialized
INFO - 2024-12-25 19:15:37 --> Loader Class Initialized
INFO - 2024-12-25 19:15:37 --> Helper loaded: url_helper
INFO - 2024-12-25 19:15:37 --> Helper loaded: easyui_helper
INFO - 2024-12-25 19:15:37 --> Helper loaded: param_helper
INFO - 2024-12-25 19:15:37 --> Helper loaded: credential_helper
INFO - 2024-12-25 19:15:37 --> Helper loaded: template_helper
INFO - 2024-12-25 19:15:37 --> Helper loaded: rest_helper
INFO - 2024-12-25 19:15:37 --> Database Driver Class Initialized
DEBUG - 2024-12-25 19:15:37 --> Idgenerator class already loaded. Second attempt ignored.
INFO - 2024-12-25 19:15:37 --> Controller Class Initialized
INFO - 2024-12-25 19:15:37 --> Model Class Initialized
DEBUG - 2024-12-25 19:15:37 --> File loaded: /apps/web-drc/application/modules/ref_customer/models/Customer_model.php
INFO - 2024-12-25 19:15:37 --> Model Class Initialized
INFO - 2024-12-25 19:15:43 --> Final output sent to browser
DEBUG - 2024-12-25 19:15:43 --> Total execution time: 6.1830
INFO - 2024-12-25 19:16:39 --> Config Class Initialized
INFO - 2024-12-25 19:16:39 --> Hooks Class Initialized
DEBUG - 2024-12-25 19:16:39 --> UTF-8 Support Enabled
INFO - 2024-12-25 19:16:39 --> Utf8 Class Initialized
INFO - 2024-12-25 19:16:39 --> URI Class Initialized
INFO - 2024-12-25 19:16:39 --> Router Class Initialized
INFO - 2024-12-25 19:16:39 --> Output Class Initialized
INFO - 2024-12-25 19:16:39 --> Security Class Initialized
DEBUG - 2024-12-25 19:16:39 --> Global POST, GET and COOKIE data sanitized
INFO - 2024-12-25 19:16:39 --> Input Class Initialized
INFO - 2024-12-25 19:16:39 --> Language Class Initialized
INFO - 2024-12-25 19:16:39 --> Language Class Initialized
INFO - 2024-12-25 19:16:39 --> Config Class Initialized
INFO - 2024-12-25 19:16:39 --> Loader Class Initialized
INFO - 2024-12-25 19:16:39 --> Helper loaded: url_helper
INFO - 2024-12-25 19:16:39 --> Helper loaded: easyui_helper
INFO - 2024-12-25 19:16:39 --> Helper loaded: param_helper
INFO - 2024-12-25 19:16:39 --> Helper loaded: credential_helper
INFO - 2024-12-25 19:16:39 --> Helper loaded: template_helper
INFO - 2024-12-25 19:16:39 --> Helper loaded: rest_helper
INFO - 2024-12-25 19:16:39 --> Database Driver Class Initialized
DEBUG - 2024-12-25 19:16:39 --> Idgenerator class already loaded. Second attempt ignored.
INFO - 2024-12-25 19:16:39 --> Controller Class Initialized
INFO - 2024-12-25 19:16:39 --> Model Class Initialized
DEBUG - 2024-12-25 19:16:39 --> File loaded: /apps/web-drc/application/modules/ref_customer/models/Customer_model.php
INFO - 2024-12-25 19:16:39 --> Model Class Initialized
DEBUG - 2024-12-25 19:16:39 --> File loaded: /apps/web-drc/application/modules/ref_customer/views/form.php
DEBUG - 2024-12-25 19:16:39 --> File loaded: /apps/web-drc/application/views/templates/header.php
DEBUG - 2024-12-25 19:16:39 --> File loaded: /apps/web-drc/application/views/templates/toolbar.php
DEBUG - 2024-12-25 19:16:39 --> File loaded: /apps/web-drc/application/views/templates/sidebar.php
DEBUG - 2024-12-25 19:16:39 --> File loaded: /apps/web-drc/application/views/templates/contents.php
DEBUG - 2024-12-25 19:16:39 --> File loaded: /apps/web-drc/application/views/templates/content_footer.php
DEBUG - 2024-12-25 19:16:39 --> File loaded: /apps/web-drc/application/views/templates/footer.php
DEBUG - 2024-12-25 19:16:39 --> File loaded: /apps/web-drc/application/views/templates/default.php
INFO - 2024-12-25 19:16:39 --> Final output sent to browser
DEBUG - 2024-12-25 19:16:39 --> Total execution time: 0.0076
INFO - 2024-12-25 19:16:39 --> Config Class Initialized
INFO - 2024-12-25 19:16:39 --> Hooks Class Initialized
DEBUG - 2024-12-25 19:16:39 --> UTF-8 Support Enabled
INFO - 2024-12-25 19:16:39 --> Utf8 Class Initialized
INFO - 2024-12-25 19:16:39 --> URI Class Initialized
INFO - 2024-12-25 19:16:39 --> Router Class Initialized
INFO - 2024-12-25 19:16:39 --> Output Class Initialized
INFO - 2024-12-25 19:16:39 --> Security Class Initialized
DEBUG - 2024-12-25 19:16:39 --> Global POST, GET and COOKIE data sanitized
INFO - 2024-12-25 19:16:39 --> Input Class Initialized
INFO - 2024-12-25 19:16:39 --> Language Class Initialized
INFO - 2024-12-25 19:16:39 --> Language Class Initialized
INFO - 2024-12-25 19:16:39 --> Config Class Initialized
INFO - 2024-12-25 19:16:39 --> Loader Class Initialized
INFO - 2024-12-25 19:16:39 --> Helper loaded: url_helper
INFO - 2024-12-25 19:16:39 --> Helper loaded: easyui_helper
INFO - 2024-12-25 19:16:39 --> Helper loaded: param_helper
INFO - 2024-12-25 19:16:39 --> Helper loaded: credential_helper
INFO - 2024-12-25 19:16:39 --> Helper loaded: template_helper
INFO - 2024-12-25 19:16:39 --> Helper loaded: rest_helper
INFO - 2024-12-25 19:16:39 --> Database Driver Class Initialized
DEBUG - 2024-12-25 19:16:39 --> Idgenerator class already loaded. Second attempt ignored.
INFO - 2024-12-25 19:16:39 --> Controller Class Initialized
INFO - 2024-12-25 19:16:39 --> Model Class Initialized
DEBUG - 2024-12-25 19:16:39 --> File loaded: /apps/web-drc/application/modules/ref_customer_segment/models/Customer_segment_model.php
INFO - 2024-12-25 19:16:39 --> Model Class Initialized
INFO - 2024-12-25 19:16:39 --> Final output sent to browser
DEBUG - 2024-12-25 19:16:39 --> Total execution time: 0.0039
INFO - 2024-12-25 19:16:39 --> Config Class Initialized
INFO - 2024-12-25 19:16:39 --> Hooks Class Initialized
DEBUG - 2024-12-25 19:16:39 --> UTF-8 Support Enabled
INFO - 2024-12-25 19:16:39 --> Utf8 Class Initialized
INFO - 2024-12-25 19:16:39 --> URI Class Initialized
INFO - 2024-12-25 19:16:39 --> Router Class Initialized
INFO - 2024-12-25 19:16:39 --> Output Class Initialized
INFO - 2024-12-25 19:16:39 --> Security Class Initialized
DEBUG - 2024-12-25 19:16:39 --> Global POST, GET and COOKIE data sanitized
INFO - 2024-12-25 19:16:39 --> Input Class Initialized
INFO - 2024-12-25 19:16:39 --> Language Class Initialized
ERROR - 2024-12-25 19:16:39 --> 404 Page Not Found: /index
INFO - 2024-12-25 19:16:39 --> Config Class Initialized
INFO - 2024-12-25 19:16:39 --> Hooks Class Initialized
DEBUG - 2024-12-25 19:16:39 --> UTF-8 Support Enabled
INFO - 2024-12-25 19:16:39 --> Utf8 Class Initialized
INFO - 2024-12-25 19:16:39 --> URI Class Initialized
INFO - 2024-12-25 19:16:39 --> Router Class Initialized
INFO - 2024-12-25 19:16:39 --> Output Class Initialized
INFO - 2024-12-25 19:16:39 --> Security Class Initialized
DEBUG - 2024-12-25 19:16:39 --> Global POST, GET and COOKIE data sanitized
INFO - 2024-12-25 19:16:39 --> Input Class Initialized
INFO - 2024-12-25 19:16:39 --> Language Class Initialized
INFO - 2024-12-25 19:16:39 --> Language Class Initialized
INFO - 2024-12-25 19:16:39 --> Config Class Initialized
INFO - 2024-12-25 19:16:39 --> Loader Class Initialized
INFO - 2024-12-25 19:16:39 --> Helper loaded: url_helper
INFO - 2024-12-25 19:16:39 --> Helper loaded: easyui_helper
INFO - 2024-12-25 19:16:39 --> Helper loaded: param_helper
INFO - 2024-12-25 19:16:39 --> Helper loaded: credential_helper
INFO - 2024-12-25 19:16:39 --> Helper loaded: template_helper
INFO - 2024-12-25 19:16:39 --> Helper loaded: rest_helper
INFO - 2024-12-25 19:16:39 --> Database Driver Class Initialized
DEBUG - 2024-12-25 19:16:39 --> Idgenerator class already loaded. Second attempt ignored.
INFO - 2024-12-25 19:16:39 --> Controller Class Initialized
INFO - 2024-12-25 19:16:39 --> Model Class Initialized
DEBUG - 2024-12-25 19:16:39 --> File loaded: /apps/web-drc/application/modules/ref_customer_type/models/Customer_type_model.php
INFO - 2024-12-25 19:16:39 --> Model Class Initialized
INFO - 2024-12-25 19:16:39 --> Final output sent to browser
DEBUG - 2024-12-25 19:16:39 --> Total execution time: 0.0035
INFO - 2024-12-25 19:16:40 --> Config Class Initialized
INFO - 2024-12-25 19:16:40 --> Hooks Class Initialized
DEBUG - 2024-12-25 19:16:40 --> UTF-8 Support Enabled
INFO - 2024-12-25 19:16:40 --> Utf8 Class Initialized
INFO - 2024-12-25 19:16:40 --> URI Class Initialized
INFO - 2024-12-25 19:16:40 --> Router Class Initialized
INFO - 2024-12-25 19:16:40 --> Output Class Initialized
INFO - 2024-12-25 19:16:40 --> Security Class Initialized
DEBUG - 2024-12-25 19:16:40 --> Global POST, GET and COOKIE data sanitized
INFO - 2024-12-25 19:16:40 --> Input Class Initialized
INFO - 2024-12-25 19:16:40 --> Language Class Initialized
INFO - 2024-12-25 19:16:40 --> Language Class Initialized
INFO - 2024-12-25 19:16:40 --> Config Class Initialized
INFO - 2024-12-25 19:16:40 --> Loader Class Initialized
INFO - 2024-12-25 19:16:40 --> Helper loaded: url_helper
INFO - 2024-12-25 19:16:40 --> Helper loaded: easyui_helper
INFO - 2024-12-25 19:16:40 --> Helper loaded: param_helper
INFO - 2024-12-25 19:16:40 --> Helper loaded: credential_helper
INFO - 2024-12-25 19:16:40 --> Helper loaded: template_helper
INFO - 2024-12-25 19:16:40 --> Helper loaded: rest_helper
INFO - 2024-12-25 19:16:40 --> Database Driver Class Initialized
DEBUG - 2024-12-25 19:16:40 --> Idgenerator class already loaded. Second attempt ignored.
INFO - 2024-12-25 19:16:40 --> Controller Class Initialized
INFO - 2024-12-25 19:16:40 --> Model Class Initialized
DEBUG - 2024-12-25 19:16:40 --> File loaded: /apps/web-drc/application/modules/api_v1/models/Api_v1_model.php
INFO - 2024-12-25 19:16:40 --> Model Class Initialized
INFO - 2024-12-25 19:16:40 --> Final output sent to browser
DEBUG - 2024-12-25 19:16:40 --> Total execution time: 0.0038
INFO - 2024-12-25 19:16:40 --> Config Class Initialized
INFO - 2024-12-25 19:16:40 --> Hooks Class Initialized
DEBUG - 2024-12-25 19:16:40 --> UTF-8 Support Enabled
INFO - 2024-12-25 19:16:40 --> Utf8 Class Initialized
INFO - 2024-12-25 19:16:40 --> URI Class Initialized
INFO - 2024-12-25 19:16:40 --> Router Class Initialized
INFO - 2024-12-25 19:16:40 --> Output Class Initialized
INFO - 2024-12-25 19:16:40 --> Security Class Initialized
DEBUG - 2024-12-25 19:16:40 --> Global POST, GET and COOKIE data sanitized
INFO - 2024-12-25 19:16:40 --> Input Class Initialized
INFO - 2024-12-25 19:16:40 --> Language Class Initialized
INFO - 2024-12-25 19:16:40 --> Language Class Initialized
INFO - 2024-12-25 19:16:40 --> Config Class Initialized
INFO - 2024-12-25 19:16:40 --> Loader Class Initialized
INFO - 2024-12-25 19:16:40 --> Helper loaded: url_helper
INFO - 2024-12-25 19:16:40 --> Helper loaded: easyui_helper
INFO - 2024-12-25 19:16:40 --> Helper loaded: param_helper
INFO - 2024-12-25 19:16:40 --> Helper loaded: credential_helper
INFO - 2024-12-25 19:16:40 --> Helper loaded: template_helper
INFO - 2024-12-25 19:16:40 --> Helper loaded: rest_helper
INFO - 2024-12-25 19:16:40 --> Database Driver Class Initialized
DEBUG - 2024-12-25 19:16:40 --> Idgenerator class already loaded. Second attempt ignored.
INFO - 2024-12-25 19:16:40 --> Controller Class Initialized
INFO - 2024-12-25 19:16:40 --> Model Class Initialized
DEBUG - 2024-12-25 19:16:40 --> File loaded: /apps/web-drc/application/modules/ref_customer_class/models/Customer_class_model.php
INFO - 2024-12-25 19:16:40 --> Model Class Initialized
INFO - 2024-12-25 19:16:40 --> Final output sent to browser
DEBUG - 2024-12-25 19:16:40 --> Total execution time: 0.0044
INFO - 2024-12-25 19:16:40 --> Config Class Initialized
INFO - 2024-12-25 19:16:40 --> Hooks Class Initialized
DEBUG - 2024-12-25 19:16:40 --> UTF-8 Support Enabled
INFO - 2024-12-25 19:16:40 --> Utf8 Class Initialized
INFO - 2024-12-25 19:16:40 --> URI Class Initialized
INFO - 2024-12-25 19:16:40 --> Router Class Initialized
INFO - 2024-12-25 19:16:40 --> Output Class Initialized
INFO - 2024-12-25 19:16:40 --> Security Class Initialized
DEBUG - 2024-12-25 19:16:40 --> Global POST, GET and COOKIE data sanitized
INFO - 2024-12-25 19:16:40 --> Input Class Initialized
INFO - 2024-12-25 19:16:40 --> Language Class Initialized
INFO - 2024-12-25 19:16:40 --> Language Class Initialized
INFO - 2024-12-25 19:16:40 --> Config Class Initialized
INFO - 2024-12-25 19:16:40 --> Loader Class Initialized
INFO - 2024-12-25 19:16:40 --> Helper loaded: url_helper
INFO - 2024-12-25 19:16:40 --> Helper loaded: easyui_helper
INFO - 2024-12-25 19:16:40 --> Helper loaded: param_helper
INFO - 2024-12-25 19:16:40 --> Helper loaded: credential_helper
INFO - 2024-12-25 19:16:40 --> Helper loaded: template_helper
INFO - 2024-12-25 19:16:40 --> Helper loaded: rest_helper
INFO - 2024-12-25 19:16:40 --> Database Driver Class Initialized
DEBUG - 2024-12-25 19:16:40 --> Idgenerator class already loaded. Second attempt ignored.
INFO - 2024-12-25 19:16:40 --> Controller Class Initialized
INFO - 2024-12-25 19:16:40 --> Model Class Initialized
DEBUG - 2024-12-25 19:16:40 --> File loaded: /apps/web-drc/application/modules/api_v1/models/Api_v1_model.php
INFO - 2024-12-25 19:16:40 --> Model Class Initialized
INFO - 2024-12-25 19:16:40 --> Final output sent to browser
DEBUG - 2024-12-25 19:16:40 --> Total execution time: 0.0035
INFO - 2024-12-25 19:16:40 --> Config Class Initialized
INFO - 2024-12-25 19:16:40 --> Hooks Class Initialized
DEBUG - 2024-12-25 19:16:40 --> UTF-8 Support Enabled
INFO - 2024-12-25 19:16:40 --> Utf8 Class Initialized
INFO - 2024-12-25 19:16:40 --> URI Class Initialized
INFO - 2024-12-25 19:16:40 --> Router Class Initialized
INFO - 2024-12-25 19:16:40 --> Output Class Initialized
INFO - 2024-12-25 19:16:40 --> Security Class Initialized
DEBUG - 2024-12-25 19:16:40 --> Global POST, GET and COOKIE data sanitized
INFO - 2024-12-25 19:16:40 --> Input Class Initialized
INFO - 2024-12-25 19:16:40 --> Language Class Initialized
INFO - 2024-12-25 19:16:40 --> Language Class Initialized
INFO - 2024-12-25 19:16:40 --> Config Class Initialized
INFO - 2024-12-25 19:16:40 --> Loader Class Initialized
INFO - 2024-12-25 19:16:40 --> Helper loaded: url_helper
INFO - 2024-12-25 19:16:40 --> Helper loaded: easyui_helper
INFO - 2024-12-25 19:16:40 --> Helper loaded: param_helper
INFO - 2024-12-25 19:16:40 --> Helper loaded: credential_helper
INFO - 2024-12-25 19:16:40 --> Helper loaded: template_helper
INFO - 2024-12-25 19:16:40 --> Helper loaded: rest_helper
INFO - 2024-12-25 19:16:40 --> Database Driver Class Initialized
DEBUG - 2024-12-25 19:16:40 --> Idgenerator class already loaded. Second attempt ignored.
INFO - 2024-12-25 19:16:40 --> Controller Class Initialized
INFO - 2024-12-25 19:16:40 --> Model Class Initialized
DEBUG - 2024-12-25 19:16:40 --> File loaded: /apps/web-drc/application/modules/api_v1/models/Api_v1_model.php
INFO - 2024-12-25 19:16:40 --> Model Class Initialized
INFO - 2024-12-25 19:16:40 --> Final output sent to browser
DEBUG - 2024-12-25 19:16:40 --> Total execution time: 0.0034
INFO - 2024-12-25 19:16:40 --> Config Class Initialized
INFO - 2024-12-25 19:16:40 --> Hooks Class Initialized
DEBUG - 2024-12-25 19:16:40 --> UTF-8 Support Enabled
INFO - 2024-12-25 19:16:40 --> Utf8 Class Initialized
INFO - 2024-12-25 19:16:40 --> URI Class Initialized
INFO - 2024-12-25 19:16:40 --> Router Class Initialized
INFO - 2024-12-25 19:16:40 --> Output Class Initialized
INFO - 2024-12-25 19:16:40 --> Security Class Initialized
DEBUG - 2024-12-25 19:16:40 --> Global POST, GET and COOKIE data sanitized
INFO - 2024-12-25 19:16:40 --> Input Class Initialized
INFO - 2024-12-25 19:16:40 --> Language Class Initialized
INFO - 2024-12-25 19:16:40 --> Language Class Initialized
INFO - 2024-12-25 19:16:40 --> Config Class Initialized
INFO - 2024-12-25 19:16:40 --> Loader Class Initialized
INFO - 2024-12-25 19:16:40 --> Helper loaded: url_helper
INFO - 2024-12-25 19:16:40 --> Helper loaded: easyui_helper
INFO - 2024-12-25 19:16:40 --> Helper loaded: param_helper
INFO - 2024-12-25 19:16:40 --> Helper loaded: credential_helper
INFO - 2024-12-25 19:16:40 --> Helper loaded: template_helper
INFO - 2024-12-25 19:16:40 --> Helper loaded: rest_helper
INFO - 2024-12-25 19:16:40 --> Database Driver Class Initialized
DEBUG - 2024-12-25 19:16:40 --> Idgenerator class already loaded. Second attempt ignored.
INFO - 2024-12-25 19:16:40 --> Controller Class Initialized
INFO - 2024-12-25 19:16:40 --> Model Class Initialized
DEBUG - 2024-12-25 19:16:40 --> File loaded: /apps/web-drc/application/modules/api_v1/models/Api_v1_model.php
INFO - 2024-12-25 19:16:40 --> Model Class Initialized
INFO - 2024-12-25 19:16:40 --> Final output sent to browser
DEBUG - 2024-12-25 19:16:40 --> Total execution time: 0.2317
INFO - 2024-12-25 19:16:44 --> Config Class Initialized
INFO - 2024-12-25 19:16:44 --> Hooks Class Initialized
DEBUG - 2024-12-25 19:16:44 --> UTF-8 Support Enabled
INFO - 2024-12-25 19:16:44 --> Utf8 Class Initialized
INFO - 2024-12-25 19:16:44 --> URI Class Initialized
INFO - 2024-12-25 19:16:44 --> Router Class Initialized
INFO - 2024-12-25 19:16:44 --> Output Class Initialized
INFO - 2024-12-25 19:16:44 --> Security Class Initialized
DEBUG - 2024-12-25 19:16:44 --> Global POST, GET and COOKIE data sanitized
INFO - 2024-12-25 19:16:44 --> Input Class Initialized
INFO - 2024-12-25 19:16:44 --> Language Class Initialized
INFO - 2024-12-25 19:16:44 --> Language Class Initialized
INFO - 2024-12-25 19:16:44 --> Config Class Initialized
INFO - 2024-12-25 19:16:44 --> Loader Class Initialized
INFO - 2024-12-25 19:16:44 --> Helper loaded: url_helper
INFO - 2024-12-25 19:16:44 --> Helper loaded: easyui_helper
INFO - 2024-12-25 19:16:44 --> Helper loaded: param_helper
INFO - 2024-12-25 19:16:44 --> Helper loaded: credential_helper
INFO - 2024-12-25 19:16:44 --> Helper loaded: template_helper
INFO - 2024-12-25 19:16:44 --> Helper loaded: rest_helper
INFO - 2024-12-25 19:16:44 --> Database Driver Class Initialized
DEBUG - 2024-12-25 19:16:44 --> Idgenerator class already loaded. Second attempt ignored.
INFO - 2024-12-25 19:16:44 --> Controller Class Initialized
INFO - 2024-12-25 19:16:44 --> Model Class Initialized
DEBUG - 2024-12-25 19:16:44 --> File loaded: /apps/web-drc/application/modules/ref_customer/models/Customer_model.php
INFO - 2024-12-25 19:16:44 --> Model Class Initialized
DEBUG - 2024-12-25 19:16:44 --> File loaded: /apps/web-drc/application/modules/ref_customer/views/content.php
DEBUG - 2024-12-25 19:16:44 --> File loaded: /apps/web-drc/application/views/templates/header.php
DEBUG - 2024-12-25 19:16:44 --> File loaded: /apps/web-drc/application/views/templates/toolbar.php
DEBUG - 2024-12-25 19:16:44 --> File loaded: /apps/web-drc/application/views/templates/sidebar.php
DEBUG - 2024-12-25 19:16:44 --> File loaded: /apps/web-drc/application/views/templates/contents.php
DEBUG - 2024-12-25 19:16:44 --> File loaded: /apps/web-drc/application/views/templates/content_footer.php
DEBUG - 2024-12-25 19:16:44 --> File loaded: /apps/web-drc/application/views/templates/footer.php
DEBUG - 2024-12-25 19:16:44 --> File loaded: /apps/web-drc/application/views/templates/default.php
INFO - 2024-12-25 19:16:44 --> Final output sent to browser
DEBUG - 2024-12-25 19:16:44 --> Total execution time: 0.0058
INFO - 2024-12-25 19:16:45 --> Config Class Initialized
INFO - 2024-12-25 19:16:45 --> Hooks Class Initialized
DEBUG - 2024-12-25 19:16:45 --> UTF-8 Support Enabled
INFO - 2024-12-25 19:16:45 --> Utf8 Class Initialized
INFO - 2024-12-25 19:16:45 --> URI Class Initialized
INFO - 2024-12-25 19:16:45 --> Router Class Initialized
INFO - 2024-12-25 19:16:45 --> Output Class Initialized
INFO - 2024-12-25 19:16:45 --> Security Class Initialized
DEBUG - 2024-12-25 19:16:45 --> Global POST, GET and COOKIE data sanitized
INFO - 2024-12-25 19:16:45 --> Input Class Initialized
INFO - 2024-12-25 19:16:45 --> Language Class Initialized
ERROR - 2024-12-25 19:16:45 --> 404 Page Not Found: /index
INFO - 2024-12-25 19:16:45 --> Config Class Initialized
INFO - 2024-12-25 19:16:45 --> Hooks Class Initialized
DEBUG - 2024-12-25 19:16:45 --> UTF-8 Support Enabled
INFO - 2024-12-25 19:16:45 --> Utf8 Class Initialized
INFO - 2024-12-25 19:16:45 --> URI Class Initialized
INFO - 2024-12-25 19:16:45 --> Router Class Initialized
INFO - 2024-12-25 19:16:45 --> Output Class Initialized
INFO - 2024-12-25 19:16:45 --> Security Class Initialized
DEBUG - 2024-12-25 19:16:45 --> Global POST, GET and COOKIE data sanitized
INFO - 2024-12-25 19:16:45 --> Input Class Initialized
INFO - 2024-12-25 19:16:45 --> Language Class Initialized
INFO - 2024-12-25 19:16:45 --> Language Class Initialized
INFO - 2024-12-25 19:16:45 --> Config Class Initialized
INFO - 2024-12-25 19:16:45 --> Loader Class Initialized
INFO - 2024-12-25 19:16:45 --> Helper loaded: url_helper
INFO - 2024-12-25 19:16:45 --> Helper loaded: easyui_helper
INFO - 2024-12-25 19:16:45 --> Helper loaded: param_helper
INFO - 2024-12-25 19:16:45 --> Helper loaded: credential_helper
INFO - 2024-12-25 19:16:45 --> Helper loaded: template_helper
INFO - 2024-12-25 19:16:45 --> Helper loaded: rest_helper
INFO - 2024-12-25 19:16:45 --> Database Driver Class Initialized
DEBUG - 2024-12-25 19:16:45 --> Idgenerator class already loaded. Second attempt ignored.
INFO - 2024-12-25 19:16:45 --> Controller Class Initialized
INFO - 2024-12-25 19:16:45 --> Model Class Initialized
DEBUG - 2024-12-25 19:16:45 --> File loaded: /apps/web-drc/application/modules/ref_customer/models/Customer_model.php
INFO - 2024-12-25 19:16:45 --> Model Class Initialized
INFO - 2024-12-25 19:16:50 --> Final output sent to browser
DEBUG - 2024-12-25 19:16:50 --> Total execution time: 5.8084
INFO - 2024-12-25 19:16:53 --> Config Class Initialized
INFO - 2024-12-25 19:16:53 --> Hooks Class Initialized
DEBUG - 2024-12-25 19:16:53 --> UTF-8 Support Enabled
INFO - 2024-12-25 19:16:53 --> Utf8 Class Initialized
INFO - 2024-12-25 19:16:53 --> URI Class Initialized
INFO - 2024-12-25 19:16:53 --> Router Class Initialized
INFO - 2024-12-25 19:16:53 --> Output Class Initialized
INFO - 2024-12-25 19:16:53 --> Security Class Initialized
DEBUG - 2024-12-25 19:16:53 --> Global POST, GET and COOKIE data sanitized
INFO - 2024-12-25 19:16:53 --> Input Class Initialized
INFO - 2024-12-25 19:16:53 --> Language Class Initialized
INFO - 2024-12-25 19:16:53 --> Language Class Initialized
INFO - 2024-12-25 19:16:53 --> Config Class Initialized
INFO - 2024-12-25 19:16:53 --> Loader Class Initialized
INFO - 2024-12-25 19:16:53 --> Helper loaded: url_helper
INFO - 2024-12-25 19:16:53 --> Helper loaded: easyui_helper
INFO - 2024-12-25 19:16:53 --> Helper loaded: param_helper
INFO - 2024-12-25 19:16:53 --> Helper loaded: credential_helper
INFO - 2024-12-25 19:16:53 --> Helper loaded: template_helper
INFO - 2024-12-25 19:16:53 --> Helper loaded: rest_helper
INFO - 2024-12-25 19:16:53 --> Database Driver Class Initialized
DEBUG - 2024-12-25 19:16:53 --> Idgenerator class already loaded. Second attempt ignored.
INFO - 2024-12-25 19:16:53 --> Controller Class Initialized
INFO - 2024-12-25 19:16:53 --> Model Class Initialized
DEBUG - 2024-12-25 19:16:53 --> File loaded: /apps/web-drc/application/modules/ref_customer/models/Customer_model.php
INFO - 2024-12-25 19:16:53 --> Model Class Initialized
DEBUG - 2024-12-25 19:16:53 --> File loaded: /apps/web-drc/application/modules/ref_customer/views/form.php
DEBUG - 2024-12-25 19:16:53 --> File loaded: /apps/web-drc/application/views/templates/header.php
DEBUG - 2024-12-25 19:16:53 --> File loaded: /apps/web-drc/application/views/templates/toolbar.php
DEBUG - 2024-12-25 19:16:53 --> File loaded: /apps/web-drc/application/views/templates/sidebar.php
DEBUG - 2024-12-25 19:16:53 --> File loaded: /apps/web-drc/application/views/templates/contents.php
DEBUG - 2024-12-25 19:16:53 --> File loaded: /apps/web-drc/application/views/templates/content_footer.php
DEBUG - 2024-12-25 19:16:53 --> File loaded: /apps/web-drc/application/views/templates/footer.php
DEBUG - 2024-12-25 19:16:53 --> File loaded: /apps/web-drc/application/views/templates/default.php
INFO - 2024-12-25 19:16:53 --> Final output sent to browser
DEBUG - 2024-12-25 19:16:53 --> Total execution time: 0.0060
INFO - 2024-12-25 19:16:53 --> Config Class Initialized
INFO - 2024-12-25 19:16:53 --> Hooks Class Initialized
DEBUG - 2024-12-25 19:16:53 --> UTF-8 Support Enabled
INFO - 2024-12-25 19:16:53 --> Utf8 Class Initialized
INFO - 2024-12-25 19:16:53 --> URI Class Initialized
INFO - 2024-12-25 19:16:53 --> Router Class Initialized
INFO - 2024-12-25 19:16:53 --> Output Class Initialized
INFO - 2024-12-25 19:16:53 --> Security Class Initialized
DEBUG - 2024-12-25 19:16:53 --> Global POST, GET and COOKIE data sanitized
INFO - 2024-12-25 19:16:53 --> Input Class Initialized
INFO - 2024-12-25 19:16:53 --> Language Class Initialized
ERROR - 2024-12-25 19:16:53 --> 404 Page Not Found: /index
INFO - 2024-12-25 19:16:53 --> Config Class Initialized
INFO - 2024-12-25 19:16:53 --> Hooks Class Initialized
DEBUG - 2024-12-25 19:16:53 --> UTF-8 Support Enabled
INFO - 2024-12-25 19:16:53 --> Utf8 Class Initialized
INFO - 2024-12-25 19:16:53 --> URI Class Initialized
INFO - 2024-12-25 19:16:53 --> Router Class Initialized
INFO - 2024-12-25 19:16:53 --> Output Class Initialized
INFO - 2024-12-25 19:16:53 --> Security Class Initialized
DEBUG - 2024-12-25 19:16:53 --> Global POST, GET and COOKIE data sanitized
INFO - 2024-12-25 19:16:53 --> Input Class Initialized
INFO - 2024-12-25 19:16:53 --> Language Class Initialized
INFO - 2024-12-25 19:16:53 --> Language Class Initialized
INFO - 2024-12-25 19:16:53 --> Config Class Initialized
INFO - 2024-12-25 19:16:53 --> Loader Class Initialized
INFO - 2024-12-25 19:16:53 --> Helper loaded: url_helper
INFO - 2024-12-25 19:16:53 --> Helper loaded: easyui_helper
INFO - 2024-12-25 19:16:53 --> Helper loaded: param_helper
INFO - 2024-12-25 19:16:53 --> Helper loaded: credential_helper
INFO - 2024-12-25 19:16:53 --> Helper loaded: template_helper
INFO - 2024-12-25 19:16:53 --> Helper loaded: rest_helper
INFO - 2024-12-25 19:16:53 --> Database Driver Class Initialized
DEBUG - 2024-12-25 19:16:53 --> Idgenerator class already loaded. Second attempt ignored.
INFO - 2024-12-25 19:16:53 --> Controller Class Initialized
INFO - 2024-12-25 19:16:53 --> Model Class Initialized
DEBUG - 2024-12-25 19:16:53 --> File loaded: /apps/web-drc/application/modules/ref_customer_type/models/Customer_type_model.php
INFO - 2024-12-25 19:16:53 --> Model Class Initialized
INFO - 2024-12-25 19:16:53 --> Final output sent to browser
DEBUG - 2024-12-25 19:16:53 --> Total execution time: 0.0032
INFO - 2024-12-25 19:16:53 --> Config Class Initialized
INFO - 2024-12-25 19:16:53 --> Hooks Class Initialized
DEBUG - 2024-12-25 19:16:53 --> UTF-8 Support Enabled
INFO - 2024-12-25 19:16:53 --> Utf8 Class Initialized
INFO - 2024-12-25 19:16:53 --> URI Class Initialized
INFO - 2024-12-25 19:16:53 --> Router Class Initialized
INFO - 2024-12-25 19:16:53 --> Output Class Initialized
INFO - 2024-12-25 19:16:53 --> Security Class Initialized
DEBUG - 2024-12-25 19:16:53 --> Global POST, GET and COOKIE data sanitized
INFO - 2024-12-25 19:16:53 --> Input Class Initialized
INFO - 2024-12-25 19:16:53 --> Language Class Initialized
INFO - 2024-12-25 19:16:53 --> Language Class Initialized
INFO - 2024-12-25 19:16:53 --> Config Class Initialized
INFO - 2024-12-25 19:16:53 --> Loader Class Initialized
INFO - 2024-12-25 19:16:53 --> Helper loaded: url_helper
INFO - 2024-12-25 19:16:53 --> Helper loaded: easyui_helper
INFO - 2024-12-25 19:16:53 --> Helper loaded: param_helper
INFO - 2024-12-25 19:16:53 --> Helper loaded: credential_helper
INFO - 2024-12-25 19:16:53 --> Helper loaded: template_helper
INFO - 2024-12-25 19:16:53 --> Helper loaded: rest_helper
INFO - 2024-12-25 19:16:53 --> Database Driver Class Initialized
DEBUG - 2024-12-25 19:16:53 --> Idgenerator class already loaded. Second attempt ignored.
INFO - 2024-12-25 19:16:53 --> Controller Class Initialized
INFO - 2024-12-25 19:16:53 --> Model Class Initialized
DEBUG - 2024-12-25 19:16:53 --> File loaded: /apps/web-drc/application/modules/ref_customer_class/models/Customer_class_model.php
INFO - 2024-12-25 19:16:53 --> Model Class Initialized
INFO - 2024-12-25 19:16:53 --> Final output sent to browser
DEBUG - 2024-12-25 19:16:53 --> Total execution time: 0.0033
INFO - 2024-12-25 19:16:53 --> Config Class Initialized
INFO - 2024-12-25 19:16:53 --> Hooks Class Initialized
DEBUG - 2024-12-25 19:16:53 --> UTF-8 Support Enabled
INFO - 2024-12-25 19:16:53 --> Utf8 Class Initialized
INFO - 2024-12-25 19:16:53 --> URI Class Initialized
INFO - 2024-12-25 19:16:53 --> Router Class Initialized
INFO - 2024-12-25 19:16:53 --> Output Class Initialized
INFO - 2024-12-25 19:16:53 --> Security Class Initialized
DEBUG - 2024-12-25 19:16:53 --> Global POST, GET and COOKIE data sanitized
INFO - 2024-12-25 19:16:53 --> Input Class Initialized
INFO - 2024-12-25 19:16:53 --> Language Class Initialized
INFO - 2024-12-25 19:16:53 --> Language Class Initialized
INFO - 2024-12-25 19:16:53 --> Config Class Initialized
INFO - 2024-12-25 19:16:53 --> Loader Class Initialized
INFO - 2024-12-25 19:16:53 --> Helper loaded: url_helper
INFO - 2024-12-25 19:16:53 --> Helper loaded: easyui_helper
INFO - 2024-12-25 19:16:53 --> Helper loaded: param_helper
INFO - 2024-12-25 19:16:53 --> Helper loaded: credential_helper
INFO - 2024-12-25 19:16:53 --> Helper loaded: template_helper
INFO - 2024-12-25 19:16:53 --> Helper loaded: rest_helper
INFO - 2024-12-25 19:16:53 --> Database Driver Class Initialized
DEBUG - 2024-12-25 19:16:53 --> Idgenerator class already loaded. Second attempt ignored.
INFO - 2024-12-25 19:16:53 --> Controller Class Initialized
INFO - 2024-12-25 19:16:53 --> Model Class Initialized
DEBUG - 2024-12-25 19:16:53 --> File loaded: /apps/web-drc/application/modules/api_v1/models/Api_v1_model.php
INFO - 2024-12-25 19:16:53 --> Model Class Initialized
INFO - 2024-12-25 19:16:53 --> Final output sent to browser
DEBUG - 2024-12-25 19:16:53 --> Total execution time: 0.0033
INFO - 2024-12-25 19:16:53 --> Config Class Initialized
INFO - 2024-12-25 19:16:53 --> Hooks Class Initialized
DEBUG - 2024-12-25 19:16:53 --> UTF-8 Support Enabled
INFO - 2024-12-25 19:16:53 --> Utf8 Class Initialized
INFO - 2024-12-25 19:16:53 --> URI Class Initialized
INFO - 2024-12-25 19:16:53 --> Router Class Initialized
INFO - 2024-12-25 19:16:53 --> Output Class Initialized
INFO - 2024-12-25 19:16:53 --> Security Class Initialized
DEBUG - 2024-12-25 19:16:53 --> Global POST, GET and COOKIE data sanitized
INFO - 2024-12-25 19:16:53 --> Input Class Initialized
INFO - 2024-12-25 19:16:53 --> Language Class Initialized
INFO - 2024-12-25 19:16:53 --> Language Class Initialized
INFO - 2024-12-25 19:16:53 --> Config Class Initialized
INFO - 2024-12-25 19:16:53 --> Loader Class Initialized
INFO - 2024-12-25 19:16:53 --> Helper loaded: url_helper
INFO - 2024-12-25 19:16:53 --> Helper loaded: easyui_helper
INFO - 2024-12-25 19:16:53 --> Helper loaded: param_helper
INFO - 2024-12-25 19:16:53 --> Helper loaded: credential_helper
INFO - 2024-12-25 19:16:53 --> Helper loaded: template_helper
INFO - 2024-12-25 19:16:53 --> Helper loaded: rest_helper
INFO - 2024-12-25 19:16:53 --> Database Driver Class Initialized
DEBUG - 2024-12-25 19:16:53 --> Idgenerator class already loaded. Second attempt ignored.
INFO - 2024-12-25 19:16:53 --> Controller Class Initialized
INFO - 2024-12-25 19:16:53 --> Model Class Initialized
DEBUG - 2024-12-25 19:16:53 --> File loaded: /apps/web-drc/application/modules/api_v1/models/Api_v1_model.php
INFO - 2024-12-25 19:16:53 --> Model Class Initialized
INFO - 2024-12-25 19:16:53 --> Final output sent to browser
DEBUG - 2024-12-25 19:16:53 --> Total execution time: 0.0029
INFO - 2024-12-25 19:16:53 --> Config Class Initialized
INFO - 2024-12-25 19:16:53 --> Hooks Class Initialized
DEBUG - 2024-12-25 19:16:53 --> UTF-8 Support Enabled
INFO - 2024-12-25 19:16:53 --> Utf8 Class Initialized
INFO - 2024-12-25 19:16:53 --> URI Class Initialized
INFO - 2024-12-25 19:16:53 --> Router Class Initialized
INFO - 2024-12-25 19:16:53 --> Output Class Initialized
INFO - 2024-12-25 19:16:53 --> Security Class Initialized
DEBUG - 2024-12-25 19:16:53 --> Global POST, GET and COOKIE data sanitized
INFO - 2024-12-25 19:16:53 --> Input Class Initialized
INFO - 2024-12-25 19:16:53 --> Language Class Initialized
INFO - 2024-12-25 19:16:53 --> Language Class Initialized
INFO - 2024-12-25 19:16:53 --> Config Class Initialized
INFO - 2024-12-25 19:16:53 --> Loader Class Initialized
INFO - 2024-12-25 19:16:53 --> Helper loaded: url_helper
INFO - 2024-12-25 19:16:53 --> Helper loaded: easyui_helper
INFO - 2024-12-25 19:16:53 --> Helper loaded: param_helper
INFO - 2024-12-25 19:16:53 --> Helper loaded: credential_helper
INFO - 2024-12-25 19:16:53 --> Helper loaded: template_helper
INFO - 2024-12-25 19:16:53 --> Helper loaded: rest_helper
INFO - 2024-12-25 19:16:53 --> Database Driver Class Initialized
DEBUG - 2024-12-25 19:16:53 --> Idgenerator class already loaded. Second attempt ignored.
INFO - 2024-12-25 19:16:53 --> Controller Class Initialized
INFO - 2024-12-25 19:16:53 --> Model Class Initialized
DEBUG - 2024-12-25 19:16:53 --> File loaded: /apps/web-drc/application/modules/api_v1/models/Api_v1_model.php
INFO - 2024-12-25 19:16:53 --> Model Class Initialized
INFO - 2024-12-25 19:16:53 --> Final output sent to browser
DEBUG - 2024-12-25 19:16:53 --> Total execution time: 0.0055
INFO - 2024-12-25 19:16:53 --> Config Class Initialized
INFO - 2024-12-25 19:16:53 --> Hooks Class Initialized
DEBUG - 2024-12-25 19:16:53 --> UTF-8 Support Enabled
INFO - 2024-12-25 19:16:53 --> Utf8 Class Initialized
INFO - 2024-12-25 19:16:53 --> URI Class Initialized
INFO - 2024-12-25 19:16:53 --> Router Class Initialized
INFO - 2024-12-25 19:16:53 --> Output Class Initialized
INFO - 2024-12-25 19:16:53 --> Security Class Initialized
DEBUG - 2024-12-25 19:16:53 --> Global POST, GET and COOKIE data sanitized
INFO - 2024-12-25 19:16:53 --> Input Class Initialized
INFO - 2024-12-25 19:16:53 --> Language Class Initialized
INFO - 2024-12-25 19:16:53 --> Language Class Initialized
INFO - 2024-12-25 19:16:53 --> Config Class Initialized
INFO - 2024-12-25 19:16:53 --> Loader Class Initialized
INFO - 2024-12-25 19:16:53 --> Helper loaded: url_helper
INFO - 2024-12-25 19:16:53 --> Helper loaded: easyui_helper
INFO - 2024-12-25 19:16:53 --> Helper loaded: param_helper
INFO - 2024-12-25 19:16:53 --> Helper loaded: credential_helper
INFO - 2024-12-25 19:16:53 --> Helper loaded: template_helper
INFO - 2024-12-25 19:16:53 --> Helper loaded: rest_helper
INFO - 2024-12-25 19:16:53 --> Database Driver Class Initialized
DEBUG - 2024-12-25 19:16:53 --> Idgenerator class already loaded. Second attempt ignored.
INFO - 2024-12-25 19:16:53 --> Controller Class Initialized
INFO - 2024-12-25 19:16:53 --> Model Class Initialized
DEBUG - 2024-12-25 19:16:53 --> File loaded: /apps/web-drc/application/modules/api_v1/models/Api_v1_model.php
INFO - 2024-12-25 19:16:53 --> Model Class Initialized
INFO - 2024-12-25 19:16:53 --> Final output sent to browser
DEBUG - 2024-12-25 19:16:53 --> Total execution time: 0.3338
INFO - 2024-12-25 19:16:53 --> Config Class Initialized
INFO - 2024-12-25 19:16:53 --> Hooks Class Initialized
DEBUG - 2024-12-25 19:16:53 --> UTF-8 Support Enabled
INFO - 2024-12-25 19:16:53 --> Utf8 Class Initialized
INFO - 2024-12-25 19:16:53 --> URI Class Initialized
INFO - 2024-12-25 19:16:53 --> Router Class Initialized
INFO - 2024-12-25 19:16:53 --> Output Class Initialized
INFO - 2024-12-25 19:16:53 --> Security Class Initialized
DEBUG - 2024-12-25 19:16:53 --> Global POST, GET and COOKIE data sanitized
INFO - 2024-12-25 19:16:53 --> Input Class Initialized
INFO - 2024-12-25 19:16:53 --> Language Class Initialized
INFO - 2024-12-25 19:16:53 --> Language Class Initialized
INFO - 2024-12-25 19:16:53 --> Config Class Initialized
INFO - 2024-12-25 19:16:53 --> Loader Class Initialized
INFO - 2024-12-25 19:16:53 --> Helper loaded: url_helper
INFO - 2024-12-25 19:16:53 --> Helper loaded: easyui_helper
INFO - 2024-12-25 19:16:53 --> Helper loaded: param_helper
INFO - 2024-12-25 19:16:53 --> Helper loaded: credential_helper
INFO - 2024-12-25 19:16:53 --> Helper loaded: template_helper
INFO - 2024-12-25 19:16:53 --> Helper loaded: rest_helper
INFO - 2024-12-25 19:16:53 --> Database Driver Class Initialized
DEBUG - 2024-12-25 19:16:53 --> Idgenerator class already loaded. Second attempt ignored.
INFO - 2024-12-25 19:16:53 --> Controller Class Initialized
INFO - 2024-12-25 19:16:53 --> Model Class Initialized
DEBUG - 2024-12-25 19:16:53 --> File loaded: /apps/web-drc/application/modules/ref_customer_segment/models/Customer_segment_model.php
INFO - 2024-12-25 19:16:53 --> Model Class Initialized
INFO - 2024-12-25 19:16:53 --> Final output sent to browser
DEBUG - 2024-12-25 19:16:53 --> Total execution time: 0.0034
INFO - 2024-12-25 19:16:54 --> Config Class Initialized
INFO - 2024-12-25 19:16:54 --> Hooks Class Initialized
DEBUG - 2024-12-25 19:16:54 --> UTF-8 Support Enabled
INFO - 2024-12-25 19:16:54 --> Utf8 Class Initialized
INFO - 2024-12-25 19:16:54 --> URI Class Initialized
INFO - 2024-12-25 19:16:54 --> Router Class Initialized
INFO - 2024-12-25 19:16:54 --> Output Class Initialized
INFO - 2024-12-25 19:16:54 --> Security Class Initialized
DEBUG - 2024-12-25 19:16:54 --> Global POST, GET and COOKIE data sanitized
INFO - 2024-12-25 19:16:54 --> Input Class Initialized
INFO - 2024-12-25 19:16:54 --> Language Class Initialized
INFO - 2024-12-25 19:16:54 --> Language Class Initialized
INFO - 2024-12-25 19:16:54 --> Config Class Initialized
INFO - 2024-12-25 19:16:54 --> Loader Class Initialized
INFO - 2024-12-25 19:16:54 --> Helper loaded: url_helper
INFO - 2024-12-25 19:16:54 --> Helper loaded: easyui_helper
INFO - 2024-12-25 19:16:54 --> Helper loaded: param_helper
INFO - 2024-12-25 19:16:54 --> Helper loaded: credential_helper
INFO - 2024-12-25 19:16:54 --> Helper loaded: template_helper
INFO - 2024-12-25 19:16:54 --> Helper loaded: rest_helper
INFO - 2024-12-25 19:16:54 --> Database Driver Class Initialized
DEBUG - 2024-12-25 19:16:54 --> Idgenerator class already loaded. Second attempt ignored.
INFO - 2024-12-25 19:16:54 --> Controller Class Initialized
INFO - 2024-12-25 19:16:54 --> Model Class Initialized
DEBUG - 2024-12-25 19:16:54 --> File loaded: /apps/web-drc/application/modules/ref_customer/models/Customer_model.php
INFO - 2024-12-25 19:16:54 --> Model Class Initialized
DEBUG - 2024-12-25 19:16:54 --> File loaded: /apps/web-drc/application/modules/ref_customer/views/content.php
DEBUG - 2024-12-25 19:16:54 --> File loaded: /apps/web-drc/application/views/templates/header.php
DEBUG - 2024-12-25 19:16:54 --> File loaded: /apps/web-drc/application/views/templates/toolbar.php
DEBUG - 2024-12-25 19:16:54 --> File loaded: /apps/web-drc/application/views/templates/sidebar.php
DEBUG - 2024-12-25 19:16:54 --> File loaded: /apps/web-drc/application/views/templates/contents.php
DEBUG - 2024-12-25 19:16:54 --> File loaded: /apps/web-drc/application/views/templates/content_footer.php
DEBUG - 2024-12-25 19:16:54 --> File loaded: /apps/web-drc/application/views/templates/footer.php
DEBUG - 2024-12-25 19:16:54 --> File loaded: /apps/web-drc/application/views/templates/default.php
INFO - 2024-12-25 19:16:54 --> Final output sent to browser
DEBUG - 2024-12-25 19:16:54 --> Total execution time: 0.0058
INFO - 2024-12-25 19:16:54 --> Config Class Initialized
INFO - 2024-12-25 19:16:54 --> Hooks Class Initialized
DEBUG - 2024-12-25 19:16:54 --> UTF-8 Support Enabled
INFO - 2024-12-25 19:16:54 --> Utf8 Class Initialized
INFO - 2024-12-25 19:16:54 --> URI Class Initialized
INFO - 2024-12-25 19:16:54 --> Router Class Initialized
INFO - 2024-12-25 19:16:54 --> Output Class Initialized
INFO - 2024-12-25 19:16:54 --> Security Class Initialized
DEBUG - 2024-12-25 19:16:54 --> Global POST, GET and COOKIE data sanitized
INFO - 2024-12-25 19:16:54 --> Input Class Initialized
INFO - 2024-12-25 19:16:54 --> Language Class Initialized
ERROR - 2024-12-25 19:16:54 --> 404 Page Not Found: /index
INFO - 2024-12-25 19:16:54 --> Config Class Initialized
INFO - 2024-12-25 19:16:54 --> Hooks Class Initialized
DEBUG - 2024-12-25 19:16:54 --> UTF-8 Support Enabled
INFO - 2024-12-25 19:16:54 --> Utf8 Class Initialized
INFO - 2024-12-25 19:16:54 --> URI Class Initialized
INFO - 2024-12-25 19:16:54 --> Router Class Initialized
INFO - 2024-12-25 19:16:54 --> Output Class Initialized
INFO - 2024-12-25 19:16:54 --> Security Class Initialized
DEBUG - 2024-12-25 19:16:54 --> Global POST, GET and COOKIE data sanitized
INFO - 2024-12-25 19:16:54 --> Input Class Initialized
INFO - 2024-12-25 19:16:54 --> Language Class Initialized
INFO - 2024-12-25 19:16:54 --> Language Class Initialized
INFO - 2024-12-25 19:16:54 --> Config Class Initialized
INFO - 2024-12-25 19:16:54 --> Loader Class Initialized
INFO - 2024-12-25 19:16:54 --> Helper loaded: url_helper
INFO - 2024-12-25 19:16:54 --> Helper loaded: easyui_helper
INFO - 2024-12-25 19:16:54 --> Helper loaded: param_helper
INFO - 2024-12-25 19:16:54 --> Helper loaded: credential_helper
INFO - 2024-12-25 19:16:54 --> Helper loaded: template_helper
INFO - 2024-12-25 19:16:54 --> Helper loaded: rest_helper
INFO - 2024-12-25 19:16:54 --> Database Driver Class Initialized
DEBUG - 2024-12-25 19:16:54 --> Idgenerator class already loaded. Second attempt ignored.
INFO - 2024-12-25 19:16:54 --> Controller Class Initialized
INFO - 2024-12-25 19:16:54 --> Model Class Initialized
DEBUG - 2024-12-25 19:16:54 --> File loaded: /apps/web-drc/application/modules/ref_customer/models/Customer_model.php
INFO - 2024-12-25 19:16:54 --> Model Class Initialized
INFO - 2024-12-25 19:17:00 --> Final output sent to browser
DEBUG - 2024-12-25 19:17:00 --> Total execution time: 5.5931
INFO - 2024-12-25 19:17:02 --> Config Class Initialized
INFO - 2024-12-25 19:17:02 --> Hooks Class Initialized
DEBUG - 2024-12-25 19:17:02 --> UTF-8 Support Enabled
INFO - 2024-12-25 19:17:02 --> Utf8 Class Initialized
INFO - 2024-12-25 19:17:02 --> URI Class Initialized
INFO - 2024-12-25 19:17:02 --> Router Class Initialized
INFO - 2024-12-25 19:17:02 --> Output Class Initialized
INFO - 2024-12-25 19:17:02 --> Security Class Initialized
DEBUG - 2024-12-25 19:17:02 --> Global POST, GET and COOKIE data sanitized
INFO - 2024-12-25 19:17:02 --> Input Class Initialized
INFO - 2024-12-25 19:17:02 --> Language Class Initialized
INFO - 2024-12-25 19:17:02 --> Language Class Initialized
INFO - 2024-12-25 19:17:02 --> Config Class Initialized
INFO - 2024-12-25 19:17:02 --> Loader Class Initialized
INFO - 2024-12-25 19:17:02 --> Helper loaded: url_helper
INFO - 2024-12-25 19:17:02 --> Helper loaded: easyui_helper
INFO - 2024-12-25 19:17:02 --> Helper loaded: param_helper
INFO - 2024-12-25 19:17:02 --> Helper loaded: credential_helper
INFO - 2024-12-25 19:17:02 --> Helper loaded: template_helper
INFO - 2024-12-25 19:17:02 --> Helper loaded: rest_helper
INFO - 2024-12-25 19:17:02 --> Database Driver Class Initialized
DEBUG - 2024-12-25 19:17:02 --> Idgenerator class already loaded. Second attempt ignored.
INFO - 2024-12-25 19:17:02 --> Controller Class Initialized
INFO - 2024-12-25 19:17:02 --> Model Class Initialized
DEBUG - 2024-12-25 19:17:02 --> File loaded: /apps/web-drc/application/modules/ref_customer/models/Customer_model.php
INFO - 2024-12-25 19:17:02 --> Model Class Initialized
DEBUG - 2024-12-25 19:17:02 --> File loaded: /apps/web-drc/application/modules/ref_customer/views/form.php
DEBUG - 2024-12-25 19:17:02 --> File loaded: /apps/web-drc/application/views/templates/header.php
DEBUG - 2024-12-25 19:17:02 --> File loaded: /apps/web-drc/application/views/templates/toolbar.php
DEBUG - 2024-12-25 19:17:02 --> File loaded: /apps/web-drc/application/views/templates/sidebar.php
DEBUG - 2024-12-25 19:17:02 --> File loaded: /apps/web-drc/application/views/templates/contents.php
DEBUG - 2024-12-25 19:17:02 --> File loaded: /apps/web-drc/application/views/templates/content_footer.php
DEBUG - 2024-12-25 19:17:02 --> File loaded: /apps/web-drc/application/views/templates/footer.php
DEBUG - 2024-12-25 19:17:02 --> File loaded: /apps/web-drc/application/views/templates/default.php
INFO - 2024-12-25 19:17:02 --> Final output sent to browser
DEBUG - 2024-12-25 19:17:02 --> Total execution time: 0.0073
INFO - 2024-12-25 19:17:02 --> Config Class Initialized
INFO - 2024-12-25 19:17:02 --> Hooks Class Initialized
DEBUG - 2024-12-25 19:17:02 --> UTF-8 Support Enabled
INFO - 2024-12-25 19:17:02 --> Utf8 Class Initialized
INFO - 2024-12-25 19:17:02 --> URI Class Initialized
INFO - 2024-12-25 19:17:02 --> Router Class Initialized
INFO - 2024-12-25 19:17:02 --> Output Class Initialized
INFO - 2024-12-25 19:17:02 --> Security Class Initialized
DEBUG - 2024-12-25 19:17:02 --> Global POST, GET and COOKIE data sanitized
INFO - 2024-12-25 19:17:02 --> Input Class Initialized
INFO - 2024-12-25 19:17:02 --> Language Class Initialized
ERROR - 2024-12-25 19:17:02 --> 404 Page Not Found: /index
INFO - 2024-12-25 19:17:02 --> Config Class Initialized
INFO - 2024-12-25 19:17:02 --> Hooks Class Initialized
DEBUG - 2024-12-25 19:17:02 --> UTF-8 Support Enabled
INFO - 2024-12-25 19:17:02 --> Utf8 Class Initialized
INFO - 2024-12-25 19:17:02 --> URI Class Initialized
INFO - 2024-12-25 19:17:02 --> Router Class Initialized
INFO - 2024-12-25 19:17:02 --> Output Class Initialized
INFO - 2024-12-25 19:17:02 --> Security Class Initialized
DEBUG - 2024-12-25 19:17:02 --> Global POST, GET and COOKIE data sanitized
INFO - 2024-12-25 19:17:02 --> Input Class Initialized
INFO - 2024-12-25 19:17:02 --> Language Class Initialized
INFO - 2024-12-25 19:17:02 --> Language Class Initialized
INFO - 2024-12-25 19:17:02 --> Config Class Initialized
INFO - 2024-12-25 19:17:02 --> Loader Class Initialized
INFO - 2024-12-25 19:17:02 --> Helper loaded: url_helper
INFO - 2024-12-25 19:17:02 --> Helper loaded: easyui_helper
INFO - 2024-12-25 19:17:02 --> Helper loaded: param_helper
INFO - 2024-12-25 19:17:02 --> Helper loaded: credential_helper
INFO - 2024-12-25 19:17:02 --> Helper loaded: template_helper
INFO - 2024-12-25 19:17:02 --> Helper loaded: rest_helper
INFO - 2024-12-25 19:17:02 --> Database Driver Class Initialized
DEBUG - 2024-12-25 19:17:02 --> Idgenerator class already loaded. Second attempt ignored.
INFO - 2024-12-25 19:17:02 --> Controller Class Initialized
INFO - 2024-12-25 19:17:02 --> Model Class Initialized
DEBUG - 2024-12-25 19:17:02 --> File loaded: /apps/web-drc/application/modules/ref_customer_segment/models/Customer_segment_model.php
INFO - 2024-12-25 19:17:02 --> Model Class Initialized
INFO - 2024-12-25 19:17:02 --> Final output sent to browser
DEBUG - 2024-12-25 19:17:02 --> Total execution time: 0.0028
INFO - 2024-12-25 19:17:02 --> Config Class Initialized
INFO - 2024-12-25 19:17:02 --> Hooks Class Initialized
DEBUG - 2024-12-25 19:17:02 --> UTF-8 Support Enabled
INFO - 2024-12-25 19:17:02 --> Utf8 Class Initialized
INFO - 2024-12-25 19:17:02 --> URI Class Initialized
INFO - 2024-12-25 19:17:02 --> Router Class Initialized
INFO - 2024-12-25 19:17:02 --> Output Class Initialized
INFO - 2024-12-25 19:17:02 --> Security Class Initialized
DEBUG - 2024-12-25 19:17:02 --> Global POST, GET and COOKIE data sanitized
INFO - 2024-12-25 19:17:02 --> Input Class Initialized
INFO - 2024-12-25 19:17:02 --> Language Class Initialized
INFO - 2024-12-25 19:17:02 --> Language Class Initialized
INFO - 2024-12-25 19:17:02 --> Config Class Initialized
INFO - 2024-12-25 19:17:02 --> Loader Class Initialized
INFO - 2024-12-25 19:17:02 --> Helper loaded: url_helper
INFO - 2024-12-25 19:17:02 --> Helper loaded: easyui_helper
INFO - 2024-12-25 19:17:02 --> Helper loaded: param_helper
INFO - 2024-12-25 19:17:02 --> Helper loaded: credential_helper
INFO - 2024-12-25 19:17:02 --> Helper loaded: template_helper
INFO - 2024-12-25 19:17:02 --> Helper loaded: rest_helper
INFO - 2024-12-25 19:17:02 --> Database Driver Class Initialized
DEBUG - 2024-12-25 19:17:02 --> Idgenerator class already loaded. Second attempt ignored.
INFO - 2024-12-25 19:17:02 --> Controller Class Initialized
INFO - 2024-12-25 19:17:02 --> Model Class Initialized
DEBUG - 2024-12-25 19:17:02 --> File loaded: /apps/web-drc/application/modules/ref_customer_type/models/Customer_type_model.php
INFO - 2024-12-25 19:17:02 --> Model Class Initialized
INFO - 2024-12-25 19:17:02 --> Final output sent to browser
DEBUG - 2024-12-25 19:17:02 --> Total execution time: 0.0039
INFO - 2024-12-25 19:17:02 --> Config Class Initialized
INFO - 2024-12-25 19:17:02 --> Hooks Class Initialized
DEBUG - 2024-12-25 19:17:02 --> UTF-8 Support Enabled
INFO - 2024-12-25 19:17:02 --> Utf8 Class Initialized
INFO - 2024-12-25 19:17:02 --> URI Class Initialized
INFO - 2024-12-25 19:17:02 --> Router Class Initialized
INFO - 2024-12-25 19:17:02 --> Output Class Initialized
INFO - 2024-12-25 19:17:02 --> Security Class Initialized
DEBUG - 2024-12-25 19:17:02 --> Global POST, GET and COOKIE data sanitized
INFO - 2024-12-25 19:17:02 --> Input Class Initialized
INFO - 2024-12-25 19:17:02 --> Language Class Initialized
INFO - 2024-12-25 19:17:02 --> Language Class Initialized
INFO - 2024-12-25 19:17:02 --> Config Class Initialized
INFO - 2024-12-25 19:17:02 --> Loader Class Initialized
INFO - 2024-12-25 19:17:02 --> Helper loaded: url_helper
INFO - 2024-12-25 19:17:02 --> Helper loaded: easyui_helper
INFO - 2024-12-25 19:17:02 --> Helper loaded: param_helper
INFO - 2024-12-25 19:17:02 --> Helper loaded: credential_helper
INFO - 2024-12-25 19:17:02 --> Helper loaded: template_helper
INFO - 2024-12-25 19:17:02 --> Helper loaded: rest_helper
INFO - 2024-12-25 19:17:02 --> Database Driver Class Initialized
DEBUG - 2024-12-25 19:17:02 --> Idgenerator class already loaded. Second attempt ignored.
INFO - 2024-12-25 19:17:02 --> Controller Class Initialized
INFO - 2024-12-25 19:17:02 --> Model Class Initialized
DEBUG - 2024-12-25 19:17:02 --> File loaded: /apps/web-drc/application/modules/ref_customer_class/models/Customer_class_model.php
INFO - 2024-12-25 19:17:02 --> Model Class Initialized
INFO - 2024-12-25 19:17:02 --> Final output sent to browser
DEBUG - 2024-12-25 19:17:02 --> Total execution time: 0.0031
INFO - 2024-12-25 19:17:02 --> Config Class Initialized
INFO - 2024-12-25 19:17:02 --> Hooks Class Initialized
DEBUG - 2024-12-25 19:17:02 --> UTF-8 Support Enabled
INFO - 2024-12-25 19:17:02 --> Utf8 Class Initialized
INFO - 2024-12-25 19:17:02 --> URI Class Initialized
INFO - 2024-12-25 19:17:02 --> Router Class Initialized
INFO - 2024-12-25 19:17:02 --> Output Class Initialized
INFO - 2024-12-25 19:17:02 --> Security Class Initialized
DEBUG - 2024-12-25 19:17:02 --> Global POST, GET and COOKIE data sanitized
INFO - 2024-12-25 19:17:02 --> Input Class Initialized
INFO - 2024-12-25 19:17:02 --> Language Class Initialized
INFO - 2024-12-25 19:17:02 --> Language Class Initialized
INFO - 2024-12-25 19:17:02 --> Config Class Initialized
INFO - 2024-12-25 19:17:02 --> Loader Class Initialized
INFO - 2024-12-25 19:17:02 --> Helper loaded: url_helper
INFO - 2024-12-25 19:17:02 --> Helper loaded: easyui_helper
INFO - 2024-12-25 19:17:02 --> Helper loaded: param_helper
INFO - 2024-12-25 19:17:02 --> Helper loaded: credential_helper
INFO - 2024-12-25 19:17:02 --> Helper loaded: template_helper
INFO - 2024-12-25 19:17:02 --> Helper loaded: rest_helper
INFO - 2024-12-25 19:17:02 --> Database Driver Class Initialized
DEBUG - 2024-12-25 19:17:02 --> Idgenerator class already loaded. Second attempt ignored.
INFO - 2024-12-25 19:17:02 --> Controller Class Initialized
INFO - 2024-12-25 19:17:02 --> Model Class Initialized
DEBUG - 2024-12-25 19:17:02 --> File loaded: /apps/web-drc/application/modules/api_v1/models/Api_v1_model.php
INFO - 2024-12-25 19:17:02 --> Model Class Initialized
INFO - 2024-12-25 19:17:02 --> Final output sent to browser
DEBUG - 2024-12-25 19:17:02 --> Total execution time: 0.0038
INFO - 2024-12-25 19:17:02 --> Config Class Initialized
INFO - 2024-12-25 19:17:02 --> Hooks Class Initialized
DEBUG - 2024-12-25 19:17:02 --> UTF-8 Support Enabled
INFO - 2024-12-25 19:17:02 --> Utf8 Class Initialized
INFO - 2024-12-25 19:17:02 --> URI Class Initialized
INFO - 2024-12-25 19:17:02 --> Router Class Initialized
INFO - 2024-12-25 19:17:02 --> Output Class Initialized
INFO - 2024-12-25 19:17:02 --> Security Class Initialized
DEBUG - 2024-12-25 19:17:02 --> Global POST, GET and COOKIE data sanitized
INFO - 2024-12-25 19:17:02 --> Input Class Initialized
INFO - 2024-12-25 19:17:02 --> Language Class Initialized
INFO - 2024-12-25 19:17:02 --> Language Class Initialized
INFO - 2024-12-25 19:17:02 --> Config Class Initialized
INFO - 2024-12-25 19:17:02 --> Loader Class Initialized
INFO - 2024-12-25 19:17:02 --> Helper loaded: url_helper
INFO - 2024-12-25 19:17:02 --> Helper loaded: easyui_helper
INFO - 2024-12-25 19:17:02 --> Helper loaded: param_helper
INFO - 2024-12-25 19:17:02 --> Helper loaded: credential_helper
INFO - 2024-12-25 19:17:02 --> Helper loaded: template_helper
INFO - 2024-12-25 19:17:02 --> Helper loaded: rest_helper
INFO - 2024-12-25 19:17:02 --> Database Driver Class Initialized
DEBUG - 2024-12-25 19:17:02 --> Idgenerator class already loaded. Second attempt ignored.
INFO - 2024-12-25 19:17:02 --> Controller Class Initialized
INFO - 2024-12-25 19:17:02 --> Model Class Initialized
DEBUG - 2024-12-25 19:17:02 --> File loaded: /apps/web-drc/application/modules/api_v1/models/Api_v1_model.php
INFO - 2024-12-25 19:17:02 --> Model Class Initialized
INFO - 2024-12-25 19:17:02 --> Final output sent to browser
DEBUG - 2024-12-25 19:17:02 --> Total execution time: 0.0031
INFO - 2024-12-25 19:17:02 --> Config Class Initialized
INFO - 2024-12-25 19:17:02 --> Hooks Class Initialized
DEBUG - 2024-12-25 19:17:02 --> UTF-8 Support Enabled
INFO - 2024-12-25 19:17:02 --> Utf8 Class Initialized
INFO - 2024-12-25 19:17:02 --> URI Class Initialized
INFO - 2024-12-25 19:17:02 --> Router Class Initialized
INFO - 2024-12-25 19:17:02 --> Output Class Initialized
INFO - 2024-12-25 19:17:02 --> Security Class Initialized
DEBUG - 2024-12-25 19:17:02 --> Global POST, GET and COOKIE data sanitized
INFO - 2024-12-25 19:17:02 --> Input Class Initialized
INFO - 2024-12-25 19:17:02 --> Language Class Initialized
INFO - 2024-12-25 19:17:02 --> Language Class Initialized
INFO - 2024-12-25 19:17:02 --> Config Class Initialized
INFO - 2024-12-25 19:17:02 --> Loader Class Initialized
INFO - 2024-12-25 19:17:02 --> Helper loaded: url_helper
INFO - 2024-12-25 19:17:02 --> Helper loaded: easyui_helper
INFO - 2024-12-25 19:17:02 --> Helper loaded: param_helper
INFO - 2024-12-25 19:17:02 --> Helper loaded: credential_helper
INFO - 2024-12-25 19:17:02 --> Helper loaded: template_helper
INFO - 2024-12-25 19:17:02 --> Helper loaded: rest_helper
INFO - 2024-12-25 19:17:02 --> Database Driver Class Initialized
DEBUG - 2024-12-25 19:17:02 --> Idgenerator class already loaded. Second attempt ignored.
INFO - 2024-12-25 19:17:02 --> Controller Class Initialized
INFO - 2024-12-25 19:17:02 --> Model Class Initialized
DEBUG - 2024-12-25 19:17:02 --> File loaded: /apps/web-drc/application/modules/api_v1/models/Api_v1_model.php
INFO - 2024-12-25 19:17:02 --> Model Class Initialized
INFO - 2024-12-25 19:17:02 --> Final output sent to browser
DEBUG - 2024-12-25 19:17:02 --> Total execution time: 0.0044
INFO - 2024-12-25 19:17:02 --> Config Class Initialized
INFO - 2024-12-25 19:17:02 --> Hooks Class Initialized
DEBUG - 2024-12-25 19:17:02 --> UTF-8 Support Enabled
INFO - 2024-12-25 19:17:02 --> Utf8 Class Initialized
INFO - 2024-12-25 19:17:02 --> URI Class Initialized
INFO - 2024-12-25 19:17:02 --> Router Class Initialized
INFO - 2024-12-25 19:17:02 --> Output Class Initialized
INFO - 2024-12-25 19:17:02 --> Security Class Initialized
DEBUG - 2024-12-25 19:17:02 --> Global POST, GET and COOKIE data sanitized
INFO - 2024-12-25 19:17:02 --> Input Class Initialized
INFO - 2024-12-25 19:17:02 --> Language Class Initialized
INFO - 2024-12-25 19:17:02 --> Language Class Initialized
INFO - 2024-12-25 19:17:02 --> Config Class Initialized
INFO - 2024-12-25 19:17:02 --> Loader Class Initialized
INFO - 2024-12-25 19:17:02 --> Helper loaded: url_helper
INFO - 2024-12-25 19:17:02 --> Helper loaded: easyui_helper
INFO - 2024-12-25 19:17:02 --> Helper loaded: param_helper
INFO - 2024-12-25 19:17:02 --> Helper loaded: credential_helper
INFO - 2024-12-25 19:17:02 --> Helper loaded: template_helper
INFO - 2024-12-25 19:17:02 --> Helper loaded: rest_helper
INFO - 2024-12-25 19:17:02 --> Database Driver Class Initialized
DEBUG - 2024-12-25 19:17:02 --> Idgenerator class already loaded. Second attempt ignored.
INFO - 2024-12-25 19:17:02 --> Controller Class Initialized
INFO - 2024-12-25 19:17:02 --> Model Class Initialized
DEBUG - 2024-12-25 19:17:02 --> File loaded: /apps/web-drc/application/modules/api_v1/models/Api_v1_model.php
INFO - 2024-12-25 19:17:02 --> Model Class Initialized
INFO - 2024-12-25 19:17:02 --> Final output sent to browser
DEBUG - 2024-12-25 19:17:02 --> Total execution time: 0.0031
INFO - 2024-12-25 19:17:02 --> Config Class Initialized
INFO - 2024-12-25 19:17:02 --> Hooks Class Initialized
DEBUG - 2024-12-25 19:17:02 --> UTF-8 Support Enabled
INFO - 2024-12-25 19:17:02 --> Utf8 Class Initialized
INFO - 2024-12-25 19:17:02 --> URI Class Initialized
INFO - 2024-12-25 19:17:02 --> Router Class Initialized
INFO - 2024-12-25 19:17:02 --> Output Class Initialized
INFO - 2024-12-25 19:17:02 --> Security Class Initialized
DEBUG - 2024-12-25 19:17:02 --> Global POST, GET and COOKIE data sanitized
INFO - 2024-12-25 19:17:02 --> Input Class Initialized
INFO - 2024-12-25 19:17:02 --> Language Class Initialized
INFO - 2024-12-25 19:17:02 --> Language Class Initialized
INFO - 2024-12-25 19:17:02 --> Config Class Initialized
INFO - 2024-12-25 19:17:02 --> Loader Class Initialized
INFO - 2024-12-25 19:17:02 --> Helper loaded: url_helper
INFO - 2024-12-25 19:17:02 --> Helper loaded: easyui_helper
INFO - 2024-12-25 19:17:02 --> Helper loaded: param_helper
INFO - 2024-12-25 19:17:02 --> Helper loaded: credential_helper
INFO - 2024-12-25 19:17:02 --> Helper loaded: template_helper
INFO - 2024-12-25 19:17:02 --> Helper loaded: rest_helper
INFO - 2024-12-25 19:17:02 --> Database Driver Class Initialized
DEBUG - 2024-12-25 19:17:02 --> Idgenerator class already loaded. Second attempt ignored.
INFO - 2024-12-25 19:17:02 --> Controller Class Initialized
INFO - 2024-12-25 19:17:02 --> Model Class Initialized
DEBUG - 2024-12-25 19:17:02 --> File loaded: /apps/web-drc/application/modules/api_v1/models/Api_v1_model.php
INFO - 2024-12-25 19:17:02 --> Model Class Initialized
INFO - 2024-12-25 19:17:02 --> Final output sent to browser
DEBUG - 2024-12-25 19:17:02 --> Total execution time: 0.0030
INFO - 2024-12-25 19:17:02 --> Config Class Initialized
INFO - 2024-12-25 19:17:02 --> Hooks Class Initialized
DEBUG - 2024-12-25 19:17:02 --> UTF-8 Support Enabled
INFO - 2024-12-25 19:17:02 --> Utf8 Class Initialized
INFO - 2024-12-25 19:17:02 --> URI Class Initialized
INFO - 2024-12-25 19:17:02 --> Router Class Initialized
INFO - 2024-12-25 19:17:02 --> Output Class Initialized
INFO - 2024-12-25 19:17:02 --> Security Class Initialized
DEBUG - 2024-12-25 19:17:02 --> Global POST, GET and COOKIE data sanitized
INFO - 2024-12-25 19:17:02 --> Input Class Initialized
INFO - 2024-12-25 19:17:02 --> Language Class Initialized
INFO - 2024-12-25 19:17:02 --> Language Class Initialized
INFO - 2024-12-25 19:17:02 --> Config Class Initialized
INFO - 2024-12-25 19:17:02 --> Loader Class Initialized
INFO - 2024-12-25 19:17:02 --> Helper loaded: url_helper
INFO - 2024-12-25 19:17:02 --> Helper loaded: easyui_helper
INFO - 2024-12-25 19:17:02 --> Helper loaded: param_helper
INFO - 2024-12-25 19:17:02 --> Helper loaded: credential_helper
INFO - 2024-12-25 19:17:02 --> Helper loaded: template_helper
INFO - 2024-12-25 19:17:02 --> Helper loaded: rest_helper
INFO - 2024-12-25 19:17:02 --> Database Driver Class Initialized
DEBUG - 2024-12-25 19:17:02 --> Idgenerator class already loaded. Second attempt ignored.
INFO - 2024-12-25 19:17:02 --> Controller Class Initialized
INFO - 2024-12-25 19:17:02 --> Model Class Initialized
DEBUG - 2024-12-25 19:17:02 --> File loaded: /apps/web-drc/application/modules/api_v1/models/Api_v1_model.php
INFO - 2024-12-25 19:17:02 --> Model Class Initialized
INFO - 2024-12-25 19:17:02 --> Final output sent to browser
DEBUG - 2024-12-25 19:17:02 --> Total execution time: 0.0037
INFO - 2024-12-25 19:17:02 --> Config Class Initialized
INFO - 2024-12-25 19:17:02 --> Hooks Class Initialized
DEBUG - 2024-12-25 19:17:02 --> UTF-8 Support Enabled
INFO - 2024-12-25 19:17:02 --> Utf8 Class Initialized
INFO - 2024-12-25 19:17:02 --> URI Class Initialized
INFO - 2024-12-25 19:17:02 --> Router Class Initialized
INFO - 2024-12-25 19:17:02 --> Output Class Initialized
INFO - 2024-12-25 19:17:02 --> Security Class Initialized
DEBUG - 2024-12-25 19:17:02 --> Global POST, GET and COOKIE data sanitized
INFO - 2024-12-25 19:17:02 --> Input Class Initialized
INFO - 2024-12-25 19:17:02 --> Language Class Initialized
INFO - 2024-12-25 19:17:02 --> Language Class Initialized
INFO - 2024-12-25 19:17:02 --> Config Class Initialized
INFO - 2024-12-25 19:17:02 --> Loader Class Initialized
INFO - 2024-12-25 19:17:02 --> Helper loaded: url_helper
INFO - 2024-12-25 19:17:02 --> Helper loaded: easyui_helper
INFO - 2024-12-25 19:17:02 --> Helper loaded: param_helper
INFO - 2024-12-25 19:17:02 --> Helper loaded: credential_helper
INFO - 2024-12-25 19:17:02 --> Helper loaded: template_helper
INFO - 2024-12-25 19:17:02 --> Helper loaded: rest_helper
INFO - 2024-12-25 19:17:02 --> Database Driver Class Initialized
DEBUG - 2024-12-25 19:17:02 --> Idgenerator class already loaded. Second attempt ignored.
INFO - 2024-12-25 19:17:02 --> Controller Class Initialized
INFO - 2024-12-25 19:17:02 --> Model Class Initialized
DEBUG - 2024-12-25 19:17:02 --> File loaded: /apps/web-drc/application/modules/api_v1/models/Api_v1_model.php
INFO - 2024-12-25 19:17:02 --> Model Class Initialized
INFO - 2024-12-25 19:17:02 --> Final output sent to browser
DEBUG - 2024-12-25 19:17:02 --> Total execution time: 0.0032
INFO - 2024-12-25 19:17:02 --> Config Class Initialized
INFO - 2024-12-25 19:17:02 --> Hooks Class Initialized
DEBUG - 2024-12-25 19:17:02 --> UTF-8 Support Enabled
INFO - 2024-12-25 19:17:02 --> Utf8 Class Initialized
INFO - 2024-12-25 19:17:02 --> URI Class Initialized
INFO - 2024-12-25 19:17:02 --> Router Class Initialized
INFO - 2024-12-25 19:17:02 --> Output Class Initialized
INFO - 2024-12-25 19:17:02 --> Security Class Initialized
DEBUG - 2024-12-25 19:17:02 --> Global POST, GET and COOKIE data sanitized
INFO - 2024-12-25 19:17:02 --> Input Class Initialized
INFO - 2024-12-25 19:17:02 --> Language Class Initialized
INFO - 2024-12-25 19:17:02 --> Language Class Initialized
INFO - 2024-12-25 19:17:02 --> Config Class Initialized
INFO - 2024-12-25 19:17:02 --> Loader Class Initialized
INFO - 2024-12-25 19:17:02 --> Helper loaded: url_helper
INFO - 2024-12-25 19:17:02 --> Helper loaded: easyui_helper
INFO - 2024-12-25 19:17:02 --> Helper loaded: param_helper
INFO - 2024-12-25 19:17:02 --> Helper loaded: credential_helper
INFO - 2024-12-25 19:17:02 --> Helper loaded: template_helper
INFO - 2024-12-25 19:17:02 --> Helper loaded: rest_helper
INFO - 2024-12-25 19:17:02 --> Database Driver Class Initialized
DEBUG - 2024-12-25 19:17:02 --> Idgenerator class already loaded. Second attempt ignored.
INFO - 2024-12-25 19:17:02 --> Controller Class Initialized
INFO - 2024-12-25 19:17:02 --> Model Class Initialized
DEBUG - 2024-12-25 19:17:02 --> File loaded: /apps/web-drc/application/modules/api_v1/models/Api_v1_model.php
INFO - 2024-12-25 19:17:02 --> Model Class Initialized
INFO - 2024-12-25 19:17:02 --> Final output sent to browser
DEBUG - 2024-12-25 19:17:02 --> Total execution time: 0.0034
INFO - 2024-12-25 19:17:03 --> Config Class Initialized
INFO - 2024-12-25 19:17:03 --> Hooks Class Initialized
DEBUG - 2024-12-25 19:17:03 --> UTF-8 Support Enabled
INFO - 2024-12-25 19:17:03 --> Utf8 Class Initialized
INFO - 2024-12-25 19:17:03 --> URI Class Initialized
INFO - 2024-12-25 19:17:03 --> Router Class Initialized
INFO - 2024-12-25 19:17:03 --> Output Class Initialized
INFO - 2024-12-25 19:17:03 --> Security Class Initialized
DEBUG - 2024-12-25 19:17:03 --> Global POST, GET and COOKIE data sanitized
INFO - 2024-12-25 19:17:03 --> Input Class Initialized
INFO - 2024-12-25 19:17:03 --> Language Class Initialized
INFO - 2024-12-25 19:17:03 --> Language Class Initialized
INFO - 2024-12-25 19:17:03 --> Config Class Initialized
INFO - 2024-12-25 19:17:03 --> Loader Class Initialized
INFO - 2024-12-25 19:17:03 --> Helper loaded: url_helper
INFO - 2024-12-25 19:17:03 --> Helper loaded: easyui_helper
INFO - 2024-12-25 19:17:03 --> Helper loaded: param_helper
INFO - 2024-12-25 19:17:03 --> Helper loaded: credential_helper
INFO - 2024-12-25 19:17:03 --> Helper loaded: template_helper
INFO - 2024-12-25 19:17:03 --> Helper loaded: rest_helper
INFO - 2024-12-25 19:17:03 --> Database Driver Class Initialized
DEBUG - 2024-12-25 19:17:03 --> Idgenerator class already loaded. Second attempt ignored.
INFO - 2024-12-25 19:17:03 --> Controller Class Initialized
INFO - 2024-12-25 19:17:03 --> Model Class Initialized
DEBUG - 2024-12-25 19:17:03 --> File loaded: /apps/web-drc/application/modules/api_v1/models/Api_v1_model.php
INFO - 2024-12-25 19:17:03 --> Model Class Initialized
INFO - 2024-12-25 19:17:03 --> Final output sent to browser
DEBUG - 2024-12-25 19:17:03 --> Total execution time: 0.0953
INFO - 2024-12-25 19:17:03 --> Config Class Initialized
INFO - 2024-12-25 19:17:03 --> Hooks Class Initialized
DEBUG - 2024-12-25 19:17:03 --> UTF-8 Support Enabled
INFO - 2024-12-25 19:17:03 --> Utf8 Class Initialized
INFO - 2024-12-25 19:17:03 --> URI Class Initialized
INFO - 2024-12-25 19:17:03 --> Router Class Initialized
INFO - 2024-12-25 19:17:03 --> Output Class Initialized
INFO - 2024-12-25 19:17:03 --> Security Class Initialized
DEBUG - 2024-12-25 19:17:03 --> Global POST, GET and COOKIE data sanitized
INFO - 2024-12-25 19:17:03 --> Input Class Initialized
INFO - 2024-12-25 19:17:03 --> Language Class Initialized
INFO - 2024-12-25 19:17:03 --> Language Class Initialized
INFO - 2024-12-25 19:17:03 --> Config Class Initialized
INFO - 2024-12-25 19:17:03 --> Loader Class Initialized
INFO - 2024-12-25 19:17:03 --> Helper loaded: url_helper
INFO - 2024-12-25 19:17:03 --> Helper loaded: easyui_helper
INFO - 2024-12-25 19:17:03 --> Helper loaded: param_helper
INFO - 2024-12-25 19:17:03 --> Helper loaded: credential_helper
INFO - 2024-12-25 19:17:03 --> Helper loaded: template_helper
INFO - 2024-12-25 19:17:03 --> Helper loaded: rest_helper
INFO - 2024-12-25 19:17:03 --> Database Driver Class Initialized
DEBUG - 2024-12-25 19:17:03 --> Idgenerator class already loaded. Second attempt ignored.
INFO - 2024-12-25 19:17:03 --> Controller Class Initialized
INFO - 2024-12-25 19:17:03 --> Model Class Initialized
DEBUG - 2024-12-25 19:17:03 --> File loaded: /apps/web-drc/application/modules/api_v1/models/Api_v1_model.php
INFO - 2024-12-25 19:17:03 --> Model Class Initialized
INFO - 2024-12-25 19:17:03 --> Final output sent to browser
DEBUG - 2024-12-25 19:17:03 --> Total execution time: 0.0031
INFO - 2024-12-25 19:17:03 --> Config Class Initialized
INFO - 2024-12-25 19:17:03 --> Hooks Class Initialized
DEBUG - 2024-12-25 19:17:03 --> UTF-8 Support Enabled
INFO - 2024-12-25 19:17:03 --> Utf8 Class Initialized
INFO - 2024-12-25 19:17:03 --> URI Class Initialized
INFO - 2024-12-25 19:17:03 --> Router Class Initialized
INFO - 2024-12-25 19:17:03 --> Output Class Initialized
INFO - 2024-12-25 19:17:03 --> Security Class Initialized
DEBUG - 2024-12-25 19:17:03 --> Global POST, GET and COOKIE data sanitized
INFO - 2024-12-25 19:17:03 --> Input Class Initialized
INFO - 2024-12-25 19:17:03 --> Language Class Initialized
INFO - 2024-12-25 19:17:03 --> Language Class Initialized
INFO - 2024-12-25 19:17:03 --> Config Class Initialized
INFO - 2024-12-25 19:17:03 --> Loader Class Initialized
INFO - 2024-12-25 19:17:03 --> Helper loaded: url_helper
INFO - 2024-12-25 19:17:03 --> Helper loaded: easyui_helper
INFO - 2024-12-25 19:17:03 --> Helper loaded: param_helper
INFO - 2024-12-25 19:17:03 --> Helper loaded: credential_helper
INFO - 2024-12-25 19:17:03 --> Helper loaded: template_helper
INFO - 2024-12-25 19:17:03 --> Helper loaded: rest_helper
INFO - 2024-12-25 19:17:03 --> Database Driver Class Initialized
DEBUG - 2024-12-25 19:17:03 --> Idgenerator class already loaded. Second attempt ignored.
INFO - 2024-12-25 19:17:03 --> Controller Class Initialized
INFO - 2024-12-25 19:17:03 --> Model Class Initialized
DEBUG - 2024-12-25 19:17:03 --> File loaded: /apps/web-drc/application/modules/api_v1/models/Api_v1_model.php
INFO - 2024-12-25 19:17:03 --> Model Class Initialized
INFO - 2024-12-25 19:17:03 --> Final output sent to browser
DEBUG - 2024-12-25 19:17:03 --> Total execution time: 0.0028
INFO - 2024-12-25 19:17:03 --> Config Class Initialized
INFO - 2024-12-25 19:17:03 --> Hooks Class Initialized
DEBUG - 2024-12-25 19:17:03 --> UTF-8 Support Enabled
INFO - 2024-12-25 19:17:03 --> Utf8 Class Initialized
INFO - 2024-12-25 19:17:03 --> URI Class Initialized
INFO - 2024-12-25 19:17:03 --> Router Class Initialized
INFO - 2024-12-25 19:17:03 --> Output Class Initialized
INFO - 2024-12-25 19:17:03 --> Security Class Initialized
DEBUG - 2024-12-25 19:17:03 --> Global POST, GET and COOKIE data sanitized
INFO - 2024-12-25 19:17:03 --> Input Class Initialized
INFO - 2024-12-25 19:17:03 --> Language Class Initialized
INFO - 2024-12-25 19:17:03 --> Language Class Initialized
INFO - 2024-12-25 19:17:03 --> Config Class Initialized
INFO - 2024-12-25 19:17:03 --> Loader Class Initialized
INFO - 2024-12-25 19:17:03 --> Helper loaded: url_helper
INFO - 2024-12-25 19:17:03 --> Helper loaded: easyui_helper
INFO - 2024-12-25 19:17:03 --> Helper loaded: param_helper
INFO - 2024-12-25 19:17:03 --> Helper loaded: credential_helper
INFO - 2024-12-25 19:17:03 --> Helper loaded: template_helper
INFO - 2024-12-25 19:17:03 --> Helper loaded: rest_helper
INFO - 2024-12-25 19:17:03 --> Database Driver Class Initialized
DEBUG - 2024-12-25 19:17:03 --> Idgenerator class already loaded. Second attempt ignored.
INFO - 2024-12-25 19:17:03 --> Controller Class Initialized
INFO - 2024-12-25 19:17:03 --> Model Class Initialized
DEBUG - 2024-12-25 19:17:03 --> File loaded: /apps/web-drc/application/modules/api_v1/models/Api_v1_model.php
INFO - 2024-12-25 19:17:03 --> Model Class Initialized
INFO - 2024-12-25 19:17:03 --> Final output sent to browser
DEBUG - 2024-12-25 19:17:03 --> Total execution time: 0.3549
INFO - 2024-12-25 19:17:10 --> Config Class Initialized
INFO - 2024-12-25 19:17:10 --> Hooks Class Initialized
DEBUG - 2024-12-25 19:17:10 --> UTF-8 Support Enabled
INFO - 2024-12-25 19:17:10 --> Utf8 Class Initialized
INFO - 2024-12-25 19:17:10 --> URI Class Initialized
INFO - 2024-12-25 19:17:10 --> Router Class Initialized
INFO - 2024-12-25 19:17:10 --> Output Class Initialized
INFO - 2024-12-25 19:17:10 --> Security Class Initialized
DEBUG - 2024-12-25 19:17:10 --> Global POST, GET and COOKIE data sanitized
INFO - 2024-12-25 19:17:10 --> Input Class Initialized
INFO - 2024-12-25 19:17:10 --> Language Class Initialized
INFO - 2024-12-25 19:17:10 --> Language Class Initialized
INFO - 2024-12-25 19:17:10 --> Config Class Initialized
INFO - 2024-12-25 19:17:10 --> Loader Class Initialized
INFO - 2024-12-25 19:17:10 --> Helper loaded: url_helper
INFO - 2024-12-25 19:17:10 --> Helper loaded: easyui_helper
INFO - 2024-12-25 19:17:10 --> Helper loaded: param_helper
INFO - 2024-12-25 19:17:10 --> Helper loaded: credential_helper
INFO - 2024-12-25 19:17:10 --> Helper loaded: template_helper
INFO - 2024-12-25 19:17:10 --> Helper loaded: rest_helper
INFO - 2024-12-25 19:17:10 --> Database Driver Class Initialized
DEBUG - 2024-12-25 19:17:10 --> Idgenerator class already loaded. Second attempt ignored.
INFO - 2024-12-25 19:17:10 --> Controller Class Initialized
INFO - 2024-12-25 19:17:10 --> Model Class Initialized
DEBUG - 2024-12-25 19:17:10 --> File loaded: /apps/web-drc/application/modules/ref_customer/models/Customer_model.php
INFO - 2024-12-25 19:17:10 --> Model Class Initialized
INFO - 2024-12-25 19:17:10 --> Final output sent to browser
DEBUG - 2024-12-25 19:17:10 --> Total execution time: 0.0069
INFO - 2024-12-25 19:17:10 --> Config Class Initialized
INFO - 2024-12-25 19:17:10 --> Hooks Class Initialized
DEBUG - 2024-12-25 19:17:10 --> UTF-8 Support Enabled
INFO - 2024-12-25 19:17:10 --> Utf8 Class Initialized
INFO - 2024-12-25 19:17:10 --> URI Class Initialized
INFO - 2024-12-25 19:17:10 --> Router Class Initialized
INFO - 2024-12-25 19:17:10 --> Output Class Initialized
INFO - 2024-12-25 19:17:10 --> Security Class Initialized
DEBUG - 2024-12-25 19:17:10 --> Global POST, GET and COOKIE data sanitized
INFO - 2024-12-25 19:17:10 --> Input Class Initialized
INFO - 2024-12-25 19:17:10 --> Language Class Initialized
INFO - 2024-12-25 19:17:10 --> Language Class Initialized
INFO - 2024-12-25 19:17:10 --> Config Class Initialized
INFO - 2024-12-25 19:17:10 --> Loader Class Initialized
INFO - 2024-12-25 19:17:10 --> Helper loaded: url_helper
INFO - 2024-12-25 19:17:10 --> Helper loaded: easyui_helper
INFO - 2024-12-25 19:17:10 --> Helper loaded: param_helper
INFO - 2024-12-25 19:17:10 --> Helper loaded: credential_helper
INFO - 2024-12-25 19:17:10 --> Helper loaded: template_helper
INFO - 2024-12-25 19:17:10 --> Helper loaded: rest_helper
INFO - 2024-12-25 19:17:10 --> Database Driver Class Initialized
DEBUG - 2024-12-25 19:17:10 --> Idgenerator class already loaded. Second attempt ignored.
INFO - 2024-12-25 19:17:10 --> Controller Class Initialized
INFO - 2024-12-25 19:17:10 --> Model Class Initialized
DEBUG - 2024-12-25 19:17:10 --> File loaded: /apps/web-drc/application/modules/ref_customer/models/Customer_model.php
INFO - 2024-12-25 19:17:10 --> Model Class Initialized
DEBUG - 2024-12-25 19:17:10 --> File loaded: /apps/web-drc/application/modules/ref_customer/views/content.php
DEBUG - 2024-12-25 19:17:10 --> File loaded: /apps/web-drc/application/views/templates/header.php
DEBUG - 2024-12-25 19:17:10 --> File loaded: /apps/web-drc/application/views/templates/toolbar.php
DEBUG - 2024-12-25 19:17:10 --> File loaded: /apps/web-drc/application/views/templates/sidebar.php
DEBUG - 2024-12-25 19:17:10 --> File loaded: /apps/web-drc/application/views/templates/contents.php
DEBUG - 2024-12-25 19:17:10 --> File loaded: /apps/web-drc/application/views/templates/content_footer.php
DEBUG - 2024-12-25 19:17:10 --> File loaded: /apps/web-drc/application/views/templates/footer.php
DEBUG - 2024-12-25 19:17:10 --> File loaded: /apps/web-drc/application/views/templates/default.php
INFO - 2024-12-25 19:17:10 --> Final output sent to browser
DEBUG - 2024-12-25 19:17:10 --> Total execution time: 0.0065
INFO - 2024-12-25 19:17:11 --> Config Class Initialized
INFO - 2024-12-25 19:17:11 --> Hooks Class Initialized
DEBUG - 2024-12-25 19:17:11 --> UTF-8 Support Enabled
INFO - 2024-12-25 19:17:11 --> Utf8 Class Initialized
INFO - 2024-12-25 19:17:11 --> URI Class Initialized
INFO - 2024-12-25 19:17:11 --> Router Class Initialized
INFO - 2024-12-25 19:17:11 --> Output Class Initialized
INFO - 2024-12-25 19:17:11 --> Security Class Initialized
DEBUG - 2024-12-25 19:17:11 --> Global POST, GET and COOKIE data sanitized
INFO - 2024-12-25 19:17:11 --> Input Class Initialized
INFO - 2024-12-25 19:17:11 --> Language Class Initialized
INFO - 2024-12-25 19:17:11 --> Language Class Initialized
INFO - 2024-12-25 19:17:11 --> Config Class Initialized
INFO - 2024-12-25 19:17:11 --> Loader Class Initialized
INFO - 2024-12-25 19:17:11 --> Helper loaded: url_helper
INFO - 2024-12-25 19:17:11 --> Helper loaded: easyui_helper
INFO - 2024-12-25 19:17:11 --> Helper loaded: param_helper
INFO - 2024-12-25 19:17:11 --> Helper loaded: credential_helper
INFO - 2024-12-25 19:17:11 --> Helper loaded: template_helper
INFO - 2024-12-25 19:17:11 --> Helper loaded: rest_helper
INFO - 2024-12-25 19:17:11 --> Database Driver Class Initialized
DEBUG - 2024-12-25 19:17:11 --> Idgenerator class already loaded. Second attempt ignored.
INFO - 2024-12-25 19:17:11 --> Controller Class Initialized
INFO - 2024-12-25 19:17:11 --> Model Class Initialized
DEBUG - 2024-12-25 19:17:11 --> File loaded: /apps/web-drc/application/modules/ref_customer/models/Customer_model.php
INFO - 2024-12-25 19:17:11 --> Model Class Initialized
INFO - 2024-12-25 19:17:16 --> Final output sent to browser
DEBUG - 2024-12-25 19:17:16 --> Total execution time: 5.8257
INFO - 2024-12-25 19:17:16 --> Config Class Initialized
INFO - 2024-12-25 19:17:16 --> Hooks Class Initialized
DEBUG - 2024-12-25 19:17:16 --> UTF-8 Support Enabled
INFO - 2024-12-25 19:17:16 --> Utf8 Class Initialized
INFO - 2024-12-25 19:17:16 --> URI Class Initialized
INFO - 2024-12-25 19:17:16 --> Router Class Initialized
INFO - 2024-12-25 19:17:16 --> Output Class Initialized
INFO - 2024-12-25 19:17:16 --> Security Class Initialized
DEBUG - 2024-12-25 19:17:16 --> Global POST, GET and COOKIE data sanitized
INFO - 2024-12-25 19:17:16 --> Input Class Initialized
INFO - 2024-12-25 19:17:16 --> Language Class Initialized
ERROR - 2024-12-25 19:17:16 --> 404 Page Not Found: /index
INFO - 2024-12-25 19:17:19 --> Config Class Initialized
INFO - 2024-12-25 19:17:19 --> Hooks Class Initialized
DEBUG - 2024-12-25 19:17:19 --> UTF-8 Support Enabled
INFO - 2024-12-25 19:17:19 --> Utf8 Class Initialized
INFO - 2024-12-25 19:17:19 --> URI Class Initialized
INFO - 2024-12-25 19:17:19 --> Router Class Initialized
INFO - 2024-12-25 19:17:19 --> Output Class Initialized
INFO - 2024-12-25 19:17:19 --> Security Class Initialized
DEBUG - 2024-12-25 19:17:19 --> Global POST, GET and COOKIE data sanitized
INFO - 2024-12-25 19:17:19 --> Input Class Initialized
INFO - 2024-12-25 19:17:19 --> Language Class Initialized
INFO - 2024-12-25 19:17:19 --> Language Class Initialized
INFO - 2024-12-25 19:17:19 --> Config Class Initialized
INFO - 2024-12-25 19:17:19 --> Loader Class Initialized
INFO - 2024-12-25 19:17:19 --> Helper loaded: url_helper
INFO - 2024-12-25 19:17:19 --> Helper loaded: easyui_helper
INFO - 2024-12-25 19:17:19 --> Helper loaded: param_helper
INFO - 2024-12-25 19:17:19 --> Helper loaded: credential_helper
INFO - 2024-12-25 19:17:19 --> Helper loaded: template_helper
INFO - 2024-12-25 19:17:19 --> Helper loaded: rest_helper
INFO - 2024-12-25 19:17:19 --> Database Driver Class Initialized
DEBUG - 2024-12-25 19:17:19 --> Idgenerator class already loaded. Second attempt ignored.
INFO - 2024-12-25 19:17:19 --> Controller Class Initialized
INFO - 2024-12-25 19:17:19 --> Model Class Initialized
DEBUG - 2024-12-25 19:17:19 --> File loaded: /apps/web-drc/application/modules/ref_customer/models/Customer_model.php
INFO - 2024-12-25 19:17:19 --> Model Class Initialized
DEBUG - 2024-12-25 19:17:19 --> File loaded: /apps/web-drc/application/modules/ref_customer/views/form.php
DEBUG - 2024-12-25 19:17:19 --> File loaded: /apps/web-drc/application/views/templates/header.php
DEBUG - 2024-12-25 19:17:19 --> File loaded: /apps/web-drc/application/views/templates/toolbar.php
DEBUG - 2024-12-25 19:17:19 --> File loaded: /apps/web-drc/application/views/templates/sidebar.php
DEBUG - 2024-12-25 19:17:19 --> File loaded: /apps/web-drc/application/views/templates/contents.php
DEBUG - 2024-12-25 19:17:19 --> File loaded: /apps/web-drc/application/views/templates/content_footer.php
DEBUG - 2024-12-25 19:17:19 --> File loaded: /apps/web-drc/application/views/templates/footer.php
DEBUG - 2024-12-25 19:17:19 --> File loaded: /apps/web-drc/application/views/templates/default.php
INFO - 2024-12-25 19:17:19 --> Final output sent to browser
DEBUG - 2024-12-25 19:17:19 --> Total execution time: 0.0077
INFO - 2024-12-25 19:17:19 --> Config Class Initialized
INFO - 2024-12-25 19:17:19 --> Hooks Class Initialized
DEBUG - 2024-12-25 19:17:19 --> UTF-8 Support Enabled
INFO - 2024-12-25 19:17:19 --> Utf8 Class Initialized
INFO - 2024-12-25 19:17:19 --> URI Class Initialized
INFO - 2024-12-25 19:17:19 --> Router Class Initialized
INFO - 2024-12-25 19:17:19 --> Output Class Initialized
INFO - 2024-12-25 19:17:19 --> Security Class Initialized
DEBUG - 2024-12-25 19:17:19 --> Global POST, GET and COOKIE data sanitized
INFO - 2024-12-25 19:17:19 --> Input Class Initialized
INFO - 2024-12-25 19:17:19 --> Language Class Initialized
ERROR - 2024-12-25 19:17:19 --> 404 Page Not Found: /index
INFO - 2024-12-25 19:17:19 --> Config Class Initialized
INFO - 2024-12-25 19:17:19 --> Hooks Class Initialized
DEBUG - 2024-12-25 19:17:19 --> UTF-8 Support Enabled
INFO - 2024-12-25 19:17:19 --> Utf8 Class Initialized
INFO - 2024-12-25 19:17:19 --> URI Class Initialized
INFO - 2024-12-25 19:17:19 --> Router Class Initialized
INFO - 2024-12-25 19:17:19 --> Output Class Initialized
INFO - 2024-12-25 19:17:19 --> Security Class Initialized
DEBUG - 2024-12-25 19:17:19 --> Global POST, GET and COOKIE data sanitized
INFO - 2024-12-25 19:17:19 --> Input Class Initialized
INFO - 2024-12-25 19:17:19 --> Language Class Initialized
INFO - 2024-12-25 19:17:19 --> Language Class Initialized
INFO - 2024-12-25 19:17:19 --> Config Class Initialized
INFO - 2024-12-25 19:17:19 --> Loader Class Initialized
INFO - 2024-12-25 19:17:19 --> Helper loaded: url_helper
INFO - 2024-12-25 19:17:19 --> Helper loaded: easyui_helper
INFO - 2024-12-25 19:17:19 --> Helper loaded: param_helper
INFO - 2024-12-25 19:17:19 --> Helper loaded: credential_helper
INFO - 2024-12-25 19:17:19 --> Helper loaded: template_helper
INFO - 2024-12-25 19:17:19 --> Helper loaded: rest_helper
INFO - 2024-12-25 19:17:19 --> Database Driver Class Initialized
DEBUG - 2024-12-25 19:17:19 --> Idgenerator class already loaded. Second attempt ignored.
INFO - 2024-12-25 19:17:19 --> Controller Class Initialized
INFO - 2024-12-25 19:17:19 --> Model Class Initialized
DEBUG - 2024-12-25 19:17:19 --> File loaded: /apps/web-drc/application/modules/ref_customer_segment/models/Customer_segment_model.php
INFO - 2024-12-25 19:17:19 --> Model Class Initialized
INFO - 2024-12-25 19:17:19 --> Final output sent to browser
DEBUG - 2024-12-25 19:17:19 --> Total execution time: 0.0027
INFO - 2024-12-25 19:17:19 --> Config Class Initialized
INFO - 2024-12-25 19:17:19 --> Hooks Class Initialized
DEBUG - 2024-12-25 19:17:19 --> UTF-8 Support Enabled
INFO - 2024-12-25 19:17:19 --> Utf8 Class Initialized
INFO - 2024-12-25 19:17:19 --> URI Class Initialized
INFO - 2024-12-25 19:17:19 --> Router Class Initialized
INFO - 2024-12-25 19:17:19 --> Output Class Initialized
INFO - 2024-12-25 19:17:19 --> Security Class Initialized
DEBUG - 2024-12-25 19:17:19 --> Global POST, GET and COOKIE data sanitized
INFO - 2024-12-25 19:17:19 --> Input Class Initialized
INFO - 2024-12-25 19:17:19 --> Language Class Initialized
INFO - 2024-12-25 19:17:19 --> Language Class Initialized
INFO - 2024-12-25 19:17:19 --> Config Class Initialized
INFO - 2024-12-25 19:17:19 --> Loader Class Initialized
INFO - 2024-12-25 19:17:19 --> Helper loaded: url_helper
INFO - 2024-12-25 19:17:19 --> Helper loaded: easyui_helper
INFO - 2024-12-25 19:17:19 --> Helper loaded: param_helper
INFO - 2024-12-25 19:17:19 --> Helper loaded: credential_helper
INFO - 2024-12-25 19:17:19 --> Helper loaded: template_helper
INFO - 2024-12-25 19:17:19 --> Helper loaded: rest_helper
INFO - 2024-12-25 19:17:19 --> Database Driver Class Initialized
DEBUG - 2024-12-25 19:17:19 --> Idgenerator class already loaded. Second attempt ignored.
INFO - 2024-12-25 19:17:19 --> Controller Class Initialized
INFO - 2024-12-25 19:17:19 --> Model Class Initialized
DEBUG - 2024-12-25 19:17:19 --> File loaded: /apps/web-drc/application/modules/ref_customer_type/models/Customer_type_model.php
INFO - 2024-12-25 19:17:19 --> Model Class Initialized
INFO - 2024-12-25 19:17:19 --> Final output sent to browser
DEBUG - 2024-12-25 19:17:19 --> Total execution time: 0.0034
INFO - 2024-12-25 19:17:19 --> Config Class Initialized
INFO - 2024-12-25 19:17:19 --> Hooks Class Initialized
DEBUG - 2024-12-25 19:17:19 --> UTF-8 Support Enabled
INFO - 2024-12-25 19:17:19 --> Utf8 Class Initialized
INFO - 2024-12-25 19:17:19 --> URI Class Initialized
INFO - 2024-12-25 19:17:19 --> Router Class Initialized
INFO - 2024-12-25 19:17:19 --> Output Class Initialized
INFO - 2024-12-25 19:17:19 --> Security Class Initialized
DEBUG - 2024-12-25 19:17:19 --> Global POST, GET and COOKIE data sanitized
INFO - 2024-12-25 19:17:19 --> Input Class Initialized
INFO - 2024-12-25 19:17:19 --> Language Class Initialized
INFO - 2024-12-25 19:17:19 --> Language Class Initialized
INFO - 2024-12-25 19:17:19 --> Config Class Initialized
INFO - 2024-12-25 19:17:19 --> Loader Class Initialized
INFO - 2024-12-25 19:17:19 --> Helper loaded: url_helper
INFO - 2024-12-25 19:17:19 --> Helper loaded: easyui_helper
INFO - 2024-12-25 19:17:19 --> Helper loaded: param_helper
INFO - 2024-12-25 19:17:19 --> Helper loaded: credential_helper
INFO - 2024-12-25 19:17:19 --> Helper loaded: template_helper
INFO - 2024-12-25 19:17:19 --> Helper loaded: rest_helper
INFO - 2024-12-25 19:17:19 --> Database Driver Class Initialized
DEBUG - 2024-12-25 19:17:19 --> Idgenerator class already loaded. Second attempt ignored.
INFO - 2024-12-25 19:17:19 --> Controller Class Initialized
INFO - 2024-12-25 19:17:19 --> Model Class Initialized
DEBUG - 2024-12-25 19:17:19 --> File loaded: /apps/web-drc/application/modules/api_v1/models/Api_v1_model.php
INFO - 2024-12-25 19:17:19 --> Model Class Initialized
INFO - 2024-12-25 19:17:19 --> Final output sent to browser
DEBUG - 2024-12-25 19:17:19 --> Total execution time: 0.0037
INFO - 2024-12-25 19:17:19 --> Config Class Initialized
INFO - 2024-12-25 19:17:19 --> Hooks Class Initialized
DEBUG - 2024-12-25 19:17:19 --> UTF-8 Support Enabled
INFO - 2024-12-25 19:17:19 --> Utf8 Class Initialized
INFO - 2024-12-25 19:17:19 --> URI Class Initialized
INFO - 2024-12-25 19:17:19 --> Router Class Initialized
INFO - 2024-12-25 19:17:19 --> Output Class Initialized
INFO - 2024-12-25 19:17:19 --> Security Class Initialized
DEBUG - 2024-12-25 19:17:19 --> Global POST, GET and COOKIE data sanitized
INFO - 2024-12-25 19:17:19 --> Input Class Initialized
INFO - 2024-12-25 19:17:19 --> Language Class Initialized
INFO - 2024-12-25 19:17:19 --> Language Class Initialized
INFO - 2024-12-25 19:17:19 --> Config Class Initialized
INFO - 2024-12-25 19:17:19 --> Loader Class Initialized
INFO - 2024-12-25 19:17:19 --> Helper loaded: url_helper
INFO - 2024-12-25 19:17:19 --> Helper loaded: easyui_helper
INFO - 2024-12-25 19:17:19 --> Helper loaded: param_helper
INFO - 2024-12-25 19:17:19 --> Helper loaded: credential_helper
INFO - 2024-12-25 19:17:19 --> Helper loaded: template_helper
INFO - 2024-12-25 19:17:19 --> Helper loaded: rest_helper
INFO - 2024-12-25 19:17:19 --> Database Driver Class Initialized
DEBUG - 2024-12-25 19:17:19 --> Idgenerator class already loaded. Second attempt ignored.
INFO - 2024-12-25 19:17:19 --> Controller Class Initialized
INFO - 2024-12-25 19:17:19 --> Model Class Initialized
DEBUG - 2024-12-25 19:17:19 --> File loaded: /apps/web-drc/application/modules/ref_customer_class/models/Customer_class_model.php
INFO - 2024-12-25 19:17:19 --> Model Class Initialized
INFO - 2024-12-25 19:17:19 --> Final output sent to browser
DEBUG - 2024-12-25 19:17:19 --> Total execution time: 0.0029
INFO - 2024-12-25 19:17:19 --> Config Class Initialized
INFO - 2024-12-25 19:17:19 --> Hooks Class Initialized
DEBUG - 2024-12-25 19:17:19 --> UTF-8 Support Enabled
INFO - 2024-12-25 19:17:19 --> Utf8 Class Initialized
INFO - 2024-12-25 19:17:19 --> URI Class Initialized
INFO - 2024-12-25 19:17:19 --> Router Class Initialized
INFO - 2024-12-25 19:17:19 --> Output Class Initialized
INFO - 2024-12-25 19:17:19 --> Security Class Initialized
DEBUG - 2024-12-25 19:17:19 --> Global POST, GET and COOKIE data sanitized
INFO - 2024-12-25 19:17:19 --> Input Class Initialized
INFO - 2024-12-25 19:17:19 --> Language Class Initialized
INFO - 2024-12-25 19:17:19 --> Language Class Initialized
INFO - 2024-12-25 19:17:19 --> Config Class Initialized
INFO - 2024-12-25 19:17:19 --> Loader Class Initialized
INFO - 2024-12-25 19:17:19 --> Helper loaded: url_helper
INFO - 2024-12-25 19:17:19 --> Helper loaded: easyui_helper
INFO - 2024-12-25 19:17:19 --> Helper loaded: param_helper
INFO - 2024-12-25 19:17:19 --> Helper loaded: credential_helper
INFO - 2024-12-25 19:17:19 --> Helper loaded: template_helper
INFO - 2024-12-25 19:17:19 --> Helper loaded: rest_helper
INFO - 2024-12-25 19:17:19 --> Database Driver Class Initialized
DEBUG - 2024-12-25 19:17:19 --> Idgenerator class already loaded. Second attempt ignored.
INFO - 2024-12-25 19:17:19 --> Controller Class Initialized
INFO - 2024-12-25 19:17:19 --> Model Class Initialized
DEBUG - 2024-12-25 19:17:19 --> File loaded: /apps/web-drc/application/modules/api_v1/models/Api_v1_model.php
INFO - 2024-12-25 19:17:19 --> Model Class Initialized
INFO - 2024-12-25 19:17:19 --> Final output sent to browser
DEBUG - 2024-12-25 19:17:19 --> Total execution time: 0.0036
INFO - 2024-12-25 19:17:19 --> Config Class Initialized
INFO - 2024-12-25 19:17:19 --> Hooks Class Initialized
DEBUG - 2024-12-25 19:17:19 --> UTF-8 Support Enabled
INFO - 2024-12-25 19:17:19 --> Utf8 Class Initialized
INFO - 2024-12-25 19:17:19 --> URI Class Initialized
INFO - 2024-12-25 19:17:19 --> Router Class Initialized
INFO - 2024-12-25 19:17:19 --> Output Class Initialized
INFO - 2024-12-25 19:17:19 --> Security Class Initialized
DEBUG - 2024-12-25 19:17:19 --> Global POST, GET and COOKIE data sanitized
INFO - 2024-12-25 19:17:19 --> Input Class Initialized
INFO - 2024-12-25 19:17:19 --> Language Class Initialized
INFO - 2024-12-25 19:17:19 --> Language Class Initialized
INFO - 2024-12-25 19:17:19 --> Config Class Initialized
INFO - 2024-12-25 19:17:19 --> Loader Class Initialized
INFO - 2024-12-25 19:17:19 --> Helper loaded: url_helper
INFO - 2024-12-25 19:17:19 --> Helper loaded: easyui_helper
INFO - 2024-12-25 19:17:19 --> Helper loaded: param_helper
INFO - 2024-12-25 19:17:19 --> Helper loaded: credential_helper
INFO - 2024-12-25 19:17:19 --> Helper loaded: template_helper
INFO - 2024-12-25 19:17:19 --> Helper loaded: rest_helper
INFO - 2024-12-25 19:17:19 --> Database Driver Class Initialized
DEBUG - 2024-12-25 19:17:19 --> Idgenerator class already loaded. Second attempt ignored.
INFO - 2024-12-25 19:17:19 --> Controller Class Initialized
INFO - 2024-12-25 19:17:19 --> Model Class Initialized
DEBUG - 2024-12-25 19:17:19 --> File loaded: /apps/web-drc/application/modules/api_v1/models/Api_v1_model.php
INFO - 2024-12-25 19:17:19 --> Model Class Initialized
INFO - 2024-12-25 19:17:19 --> Final output sent to browser
DEBUG - 2024-12-25 19:17:19 --> Total execution time: 0.0041
INFO - 2024-12-25 19:17:19 --> Config Class Initialized
INFO - 2024-12-25 19:17:19 --> Hooks Class Initialized
DEBUG - 2024-12-25 19:17:19 --> UTF-8 Support Enabled
INFO - 2024-12-25 19:17:19 --> Utf8 Class Initialized
INFO - 2024-12-25 19:17:19 --> URI Class Initialized
INFO - 2024-12-25 19:17:19 --> Router Class Initialized
INFO - 2024-12-25 19:17:19 --> Output Class Initialized
INFO - 2024-12-25 19:17:19 --> Security Class Initialized
DEBUG - 2024-12-25 19:17:19 --> Global POST, GET and COOKIE data sanitized
INFO - 2024-12-25 19:17:19 --> Input Class Initialized
INFO - 2024-12-25 19:17:19 --> Language Class Initialized
INFO - 2024-12-25 19:17:19 --> Language Class Initialized
INFO - 2024-12-25 19:17:19 --> Config Class Initialized
INFO - 2024-12-25 19:17:19 --> Loader Class Initialized
INFO - 2024-12-25 19:17:19 --> Helper loaded: url_helper
INFO - 2024-12-25 19:17:19 --> Helper loaded: easyui_helper
INFO - 2024-12-25 19:17:19 --> Helper loaded: param_helper
INFO - 2024-12-25 19:17:19 --> Helper loaded: credential_helper
INFO - 2024-12-25 19:17:19 --> Helper loaded: template_helper
INFO - 2024-12-25 19:17:19 --> Helper loaded: rest_helper
INFO - 2024-12-25 19:17:19 --> Database Driver Class Initialized
DEBUG - 2024-12-25 19:17:19 --> Idgenerator class already loaded. Second attempt ignored.
INFO - 2024-12-25 19:17:19 --> Controller Class Initialized
INFO - 2024-12-25 19:17:19 --> Model Class Initialized
DEBUG - 2024-12-25 19:17:19 --> File loaded: /apps/web-drc/application/modules/api_v1/models/Api_v1_model.php
INFO - 2024-12-25 19:17:19 --> Model Class Initialized
INFO - 2024-12-25 19:17:19 --> Final output sent to browser
DEBUG - 2024-12-25 19:17:19 --> Total execution time: 0.0036
INFO - 2024-12-25 19:17:19 --> Config Class Initialized
INFO - 2024-12-25 19:17:19 --> Hooks Class Initialized
DEBUG - 2024-12-25 19:17:19 --> UTF-8 Support Enabled
INFO - 2024-12-25 19:17:19 --> Utf8 Class Initialized
INFO - 2024-12-25 19:17:19 --> URI Class Initialized
INFO - 2024-12-25 19:17:19 --> Router Class Initialized
INFO - 2024-12-25 19:17:19 --> Output Class Initialized
INFO - 2024-12-25 19:17:19 --> Security Class Initialized
DEBUG - 2024-12-25 19:17:19 --> Global POST, GET and COOKIE data sanitized
INFO - 2024-12-25 19:17:19 --> Input Class Initialized
INFO - 2024-12-25 19:17:19 --> Language Class Initialized
INFO - 2024-12-25 19:17:19 --> Language Class Initialized
INFO - 2024-12-25 19:17:19 --> Config Class Initialized
INFO - 2024-12-25 19:17:19 --> Loader Class Initialized
INFO - 2024-12-25 19:17:19 --> Helper loaded: url_helper
INFO - 2024-12-25 19:17:19 --> Helper loaded: easyui_helper
INFO - 2024-12-25 19:17:19 --> Helper loaded: param_helper
INFO - 2024-12-25 19:17:19 --> Helper loaded: credential_helper
INFO - 2024-12-25 19:17:19 --> Helper loaded: template_helper
INFO - 2024-12-25 19:17:19 --> Helper loaded: rest_helper
INFO - 2024-12-25 19:17:19 --> Database Driver Class Initialized
DEBUG - 2024-12-25 19:17:19 --> Idgenerator class already loaded. Second attempt ignored.
INFO - 2024-12-25 19:17:19 --> Controller Class Initialized
INFO - 2024-12-25 19:17:19 --> Model Class Initialized
DEBUG - 2024-12-25 19:17:19 --> File loaded: /apps/web-drc/application/modules/api_v1/models/Api_v1_model.php
INFO - 2024-12-25 19:17:19 --> Model Class Initialized
INFO - 2024-12-25 19:17:19 --> Final output sent to browser
DEBUG - 2024-12-25 19:17:19 --> Total execution time: 0.0049
INFO - 2024-12-25 19:17:19 --> Config Class Initialized
INFO - 2024-12-25 19:17:19 --> Hooks Class Initialized
DEBUG - 2024-12-25 19:17:19 --> UTF-8 Support Enabled
INFO - 2024-12-25 19:17:19 --> Utf8 Class Initialized
INFO - 2024-12-25 19:17:19 --> URI Class Initialized
INFO - 2024-12-25 19:17:19 --> Router Class Initialized
INFO - 2024-12-25 19:17:19 --> Output Class Initialized
INFO - 2024-12-25 19:17:19 --> Security Class Initialized
DEBUG - 2024-12-25 19:17:19 --> Global POST, GET and COOKIE data sanitized
INFO - 2024-12-25 19:17:19 --> Input Class Initialized
INFO - 2024-12-25 19:17:19 --> Language Class Initialized
INFO - 2024-12-25 19:17:19 --> Language Class Initialized
INFO - 2024-12-25 19:17:19 --> Config Class Initialized
INFO - 2024-12-25 19:17:19 --> Loader Class Initialized
INFO - 2024-12-25 19:17:19 --> Helper loaded: url_helper
INFO - 2024-12-25 19:17:19 --> Helper loaded: easyui_helper
INFO - 2024-12-25 19:17:19 --> Helper loaded: param_helper
INFO - 2024-12-25 19:17:19 --> Helper loaded: credential_helper
INFO - 2024-12-25 19:17:19 --> Helper loaded: template_helper
INFO - 2024-12-25 19:17:19 --> Helper loaded: rest_helper
INFO - 2024-12-25 19:17:19 --> Database Driver Class Initialized
DEBUG - 2024-12-25 19:17:19 --> Idgenerator class already loaded. Second attempt ignored.
INFO - 2024-12-25 19:17:19 --> Controller Class Initialized
INFO - 2024-12-25 19:17:19 --> Model Class Initialized
DEBUG - 2024-12-25 19:17:19 --> File loaded: /apps/web-drc/application/modules/api_v1/models/Api_v1_model.php
INFO - 2024-12-25 19:17:19 --> Model Class Initialized
INFO - 2024-12-25 19:17:19 --> Final output sent to browser
DEBUG - 2024-12-25 19:17:19 --> Total execution time: 0.2350
INFO - 2024-12-25 19:17:19 --> Config Class Initialized
INFO - 2024-12-25 19:17:19 --> Hooks Class Initialized
DEBUG - 2024-12-25 19:17:19 --> UTF-8 Support Enabled
INFO - 2024-12-25 19:17:19 --> Utf8 Class Initialized
INFO - 2024-12-25 19:17:19 --> URI Class Initialized
INFO - 2024-12-25 19:17:19 --> Router Class Initialized
INFO - 2024-12-25 19:17:19 --> Output Class Initialized
INFO - 2024-12-25 19:17:19 --> Security Class Initialized
DEBUG - 2024-12-25 19:17:19 --> Global POST, GET and COOKIE data sanitized
INFO - 2024-12-25 19:17:19 --> Input Class Initialized
INFO - 2024-12-25 19:17:19 --> Language Class Initialized
INFO - 2024-12-25 19:17:19 --> Language Class Initialized
INFO - 2024-12-25 19:17:19 --> Config Class Initialized
INFO - 2024-12-25 19:17:19 --> Loader Class Initialized
INFO - 2024-12-25 19:17:19 --> Helper loaded: url_helper
INFO - 2024-12-25 19:17:19 --> Helper loaded: easyui_helper
INFO - 2024-12-25 19:17:19 --> Helper loaded: param_helper
INFO - 2024-12-25 19:17:19 --> Helper loaded: credential_helper
INFO - 2024-12-25 19:17:19 --> Helper loaded: template_helper
INFO - 2024-12-25 19:17:19 --> Helper loaded: rest_helper
INFO - 2024-12-25 19:17:19 --> Database Driver Class Initialized
DEBUG - 2024-12-25 19:17:19 --> Idgenerator class already loaded. Second attempt ignored.
INFO - 2024-12-25 19:17:19 --> Controller Class Initialized
INFO - 2024-12-25 19:17:19 --> Model Class Initialized
DEBUG - 2024-12-25 19:17:19 --> File loaded: /apps/web-drc/application/modules/api_v1/models/Api_v1_model.php
INFO - 2024-12-25 19:17:19 --> Model Class Initialized
INFO - 2024-12-25 19:17:19 --> Final output sent to browser
DEBUG - 2024-12-25 19:17:19 --> Total execution time: 0.0053
INFO - 2024-12-25 19:17:19 --> Config Class Initialized
INFO - 2024-12-25 19:17:19 --> Hooks Class Initialized
DEBUG - 2024-12-25 19:17:19 --> UTF-8 Support Enabled
INFO - 2024-12-25 19:17:19 --> Utf8 Class Initialized
INFO - 2024-12-25 19:17:19 --> URI Class Initialized
INFO - 2024-12-25 19:17:19 --> Router Class Initialized
INFO - 2024-12-25 19:17:19 --> Output Class Initialized
INFO - 2024-12-25 19:17:19 --> Security Class Initialized
DEBUG - 2024-12-25 19:17:19 --> Global POST, GET and COOKIE data sanitized
INFO - 2024-12-25 19:17:19 --> Input Class Initialized
INFO - 2024-12-25 19:17:19 --> Language Class Initialized
INFO - 2024-12-25 19:17:20 --> Language Class Initialized
INFO - 2024-12-25 19:17:20 --> Config Class Initialized
INFO - 2024-12-25 19:17:20 --> Loader Class Initialized
INFO - 2024-12-25 19:17:20 --> Helper loaded: url_helper
INFO - 2024-12-25 19:17:20 --> Helper loaded: easyui_helper
INFO - 2024-12-25 19:17:20 --> Helper loaded: param_helper
INFO - 2024-12-25 19:17:20 --> Helper loaded: credential_helper
INFO - 2024-12-25 19:17:20 --> Helper loaded: template_helper
INFO - 2024-12-25 19:17:20 --> Helper loaded: rest_helper
INFO - 2024-12-25 19:17:20 --> Database Driver Class Initialized
DEBUG - 2024-12-25 19:17:20 --> Idgenerator class already loaded. Second attempt ignored.
INFO - 2024-12-25 19:17:20 --> Controller Class Initialized
INFO - 2024-12-25 19:17:20 --> Model Class Initialized
DEBUG - 2024-12-25 19:17:20 --> File loaded: /apps/web-drc/application/modules/api_v1/models/Api_v1_model.php
INFO - 2024-12-25 19:17:20 --> Model Class Initialized
INFO - 2024-12-25 19:17:20 --> Final output sent to browser
DEBUG - 2024-12-25 19:17:20 --> Total execution time: 0.0047
INFO - 2024-12-25 19:17:20 --> Config Class Initialized
INFO - 2024-12-25 19:17:20 --> Hooks Class Initialized
DEBUG - 2024-12-25 19:17:20 --> UTF-8 Support Enabled
INFO - 2024-12-25 19:17:20 --> Utf8 Class Initialized
INFO - 2024-12-25 19:17:20 --> URI Class Initialized
INFO - 2024-12-25 19:17:20 --> Router Class Initialized
INFO - 2024-12-25 19:17:20 --> Output Class Initialized
INFO - 2024-12-25 19:17:20 --> Security Class Initialized
DEBUG - 2024-12-25 19:17:20 --> Global POST, GET and COOKIE data sanitized
INFO - 2024-12-25 19:17:20 --> Input Class Initialized
INFO - 2024-12-25 19:17:20 --> Language Class Initialized
INFO - 2024-12-25 19:17:20 --> Language Class Initialized
INFO - 2024-12-25 19:17:20 --> Config Class Initialized
INFO - 2024-12-25 19:17:20 --> Loader Class Initialized
INFO - 2024-12-25 19:17:20 --> Helper loaded: url_helper
INFO - 2024-12-25 19:17:20 --> Helper loaded: easyui_helper
INFO - 2024-12-25 19:17:20 --> Helper loaded: param_helper
INFO - 2024-12-25 19:17:20 --> Helper loaded: credential_helper
INFO - 2024-12-25 19:17:20 --> Helper loaded: template_helper
INFO - 2024-12-25 19:17:20 --> Helper loaded: rest_helper
INFO - 2024-12-25 19:17:20 --> Database Driver Class Initialized
DEBUG - 2024-12-25 19:17:20 --> Idgenerator class already loaded. Second attempt ignored.
INFO - 2024-12-25 19:17:20 --> Controller Class Initialized
INFO - 2024-12-25 19:17:20 --> Model Class Initialized
DEBUG - 2024-12-25 19:17:20 --> File loaded: /apps/web-drc/application/modules/api_v1/models/Api_v1_model.php
INFO - 2024-12-25 19:17:20 --> Model Class Initialized
INFO - 2024-12-25 19:17:20 --> Final output sent to browser
DEBUG - 2024-12-25 19:17:20 --> Total execution time: 0.0929
INFO - 2024-12-25 19:17:20 --> Config Class Initialized
INFO - 2024-12-25 19:17:20 --> Hooks Class Initialized
DEBUG - 2024-12-25 19:17:20 --> UTF-8 Support Enabled
INFO - 2024-12-25 19:17:20 --> Utf8 Class Initialized
INFO - 2024-12-25 19:17:20 --> URI Class Initialized
INFO - 2024-12-25 19:17:20 --> Router Class Initialized
INFO - 2024-12-25 19:17:20 --> Output Class Initialized
INFO - 2024-12-25 19:17:20 --> Security Class Initialized
DEBUG - 2024-12-25 19:17:20 --> Global POST, GET and COOKIE data sanitized
INFO - 2024-12-25 19:17:20 --> Input Class Initialized
INFO - 2024-12-25 19:17:20 --> Language Class Initialized
INFO - 2024-12-25 19:17:20 --> Language Class Initialized
INFO - 2024-12-25 19:17:20 --> Config Class Initialized
INFO - 2024-12-25 19:17:20 --> Loader Class Initialized
INFO - 2024-12-25 19:17:20 --> Helper loaded: url_helper
INFO - 2024-12-25 19:17:20 --> Helper loaded: easyui_helper
INFO - 2024-12-25 19:17:20 --> Helper loaded: param_helper
INFO - 2024-12-25 19:17:20 --> Helper loaded: credential_helper
INFO - 2024-12-25 19:17:20 --> Helper loaded: template_helper
INFO - 2024-12-25 19:17:20 --> Helper loaded: rest_helper
INFO - 2024-12-25 19:17:20 --> Database Driver Class Initialized
DEBUG - 2024-12-25 19:17:20 --> Idgenerator class already loaded. Second attempt ignored.
INFO - 2024-12-25 19:17:20 --> Controller Class Initialized
INFO - 2024-12-25 19:17:20 --> Model Class Initialized
DEBUG - 2024-12-25 19:17:20 --> File loaded: /apps/web-drc/application/modules/api_v1/models/Api_v1_model.php
INFO - 2024-12-25 19:17:20 --> Model Class Initialized
INFO - 2024-12-25 19:17:20 --> Final output sent to browser
DEBUG - 2024-12-25 19:17:20 --> Total execution time: 0.0033
INFO - 2024-12-25 19:17:20 --> Config Class Initialized
INFO - 2024-12-25 19:17:20 --> Hooks Class Initialized
DEBUG - 2024-12-25 19:17:20 --> UTF-8 Support Enabled
INFO - 2024-12-25 19:17:20 --> Utf8 Class Initialized
INFO - 2024-12-25 19:17:20 --> URI Class Initialized
INFO - 2024-12-25 19:17:20 --> Router Class Initialized
INFO - 2024-12-25 19:17:20 --> Output Class Initialized
INFO - 2024-12-25 19:17:20 --> Security Class Initialized
DEBUG - 2024-12-25 19:17:20 --> Global POST, GET and COOKIE data sanitized
INFO - 2024-12-25 19:17:20 --> Input Class Initialized
INFO - 2024-12-25 19:17:20 --> Language Class Initialized
INFO - 2024-12-25 19:17:20 --> Language Class Initialized
INFO - 2024-12-25 19:17:20 --> Config Class Initialized
INFO - 2024-12-25 19:17:20 --> Loader Class Initialized
INFO - 2024-12-25 19:17:20 --> Helper loaded: url_helper
INFO - 2024-12-25 19:17:20 --> Helper loaded: easyui_helper
INFO - 2024-12-25 19:17:20 --> Helper loaded: param_helper
INFO - 2024-12-25 19:17:20 --> Helper loaded: credential_helper
INFO - 2024-12-25 19:17:20 --> Helper loaded: template_helper
INFO - 2024-12-25 19:17:20 --> Helper loaded: rest_helper
INFO - 2024-12-25 19:17:20 --> Database Driver Class Initialized
DEBUG - 2024-12-25 19:17:20 --> Idgenerator class already loaded. Second attempt ignored.
INFO - 2024-12-25 19:17:20 --> Controller Class Initialized
INFO - 2024-12-25 19:17:20 --> Model Class Initialized
DEBUG - 2024-12-25 19:17:20 --> File loaded: /apps/web-drc/application/modules/api_v1/models/Api_v1_model.php
INFO - 2024-12-25 19:17:20 --> Model Class Initialized
INFO - 2024-12-25 19:17:20 --> Final output sent to browser
DEBUG - 2024-12-25 19:17:20 --> Total execution time: 0.0034
INFO - 2024-12-25 19:17:20 --> Config Class Initialized
INFO - 2024-12-25 19:17:20 --> Hooks Class Initialized
DEBUG - 2024-12-25 19:17:20 --> UTF-8 Support Enabled
INFO - 2024-12-25 19:17:20 --> Utf8 Class Initialized
INFO - 2024-12-25 19:17:20 --> URI Class Initialized
INFO - 2024-12-25 19:17:20 --> Router Class Initialized
INFO - 2024-12-25 19:17:20 --> Output Class Initialized
INFO - 2024-12-25 19:17:20 --> Security Class Initialized
DEBUG - 2024-12-25 19:17:20 --> Global POST, GET and COOKIE data sanitized
INFO - 2024-12-25 19:17:20 --> Input Class Initialized
INFO - 2024-12-25 19:17:20 --> Language Class Initialized
INFO - 2024-12-25 19:17:20 --> Language Class Initialized
INFO - 2024-12-25 19:17:20 --> Config Class Initialized
INFO - 2024-12-25 19:17:20 --> Loader Class Initialized
INFO - 2024-12-25 19:17:20 --> Helper loaded: url_helper
INFO - 2024-12-25 19:17:20 --> Helper loaded: easyui_helper
INFO - 2024-12-25 19:17:20 --> Helper loaded: param_helper
INFO - 2024-12-25 19:17:20 --> Helper loaded: credential_helper
INFO - 2024-12-25 19:17:20 --> Helper loaded: template_helper
INFO - 2024-12-25 19:17:20 --> Helper loaded: rest_helper
INFO - 2024-12-25 19:17:20 --> Database Driver Class Initialized
DEBUG - 2024-12-25 19:17:20 --> Idgenerator class already loaded. Second attempt ignored.
INFO - 2024-12-25 19:17:20 --> Controller Class Initialized
INFO - 2024-12-25 19:17:20 --> Model Class Initialized
DEBUG - 2024-12-25 19:17:20 --> File loaded: /apps/web-drc/application/modules/api_v1/models/Api_v1_model.php
INFO - 2024-12-25 19:17:20 --> Model Class Initialized
INFO - 2024-12-25 19:17:20 --> Final output sent to browser
DEBUG - 2024-12-25 19:17:20 --> Total execution time: 0.0040
INFO - 2024-12-25 19:17:23 --> Config Class Initialized
INFO - 2024-12-25 19:17:23 --> Hooks Class Initialized
DEBUG - 2024-12-25 19:17:23 --> UTF-8 Support Enabled
INFO - 2024-12-25 19:17:23 --> Utf8 Class Initialized
INFO - 2024-12-25 19:17:23 --> URI Class Initialized
INFO - 2024-12-25 19:17:23 --> Router Class Initialized
INFO - 2024-12-25 19:17:23 --> Output Class Initialized
INFO - 2024-12-25 19:17:23 --> Security Class Initialized
DEBUG - 2024-12-25 19:17:23 --> Global POST, GET and COOKIE data sanitized
INFO - 2024-12-25 19:17:23 --> Input Class Initialized
INFO - 2024-12-25 19:17:23 --> Language Class Initialized
INFO - 2024-12-25 19:17:23 --> Language Class Initialized
INFO - 2024-12-25 19:17:23 --> Config Class Initialized
INFO - 2024-12-25 19:17:23 --> Loader Class Initialized
INFO - 2024-12-25 19:17:23 --> Helper loaded: url_helper
INFO - 2024-12-25 19:17:23 --> Helper loaded: easyui_helper
INFO - 2024-12-25 19:17:23 --> Helper loaded: param_helper
INFO - 2024-12-25 19:17:23 --> Helper loaded: credential_helper
INFO - 2024-12-25 19:17:23 --> Helper loaded: template_helper
INFO - 2024-12-25 19:17:23 --> Helper loaded: rest_helper
INFO - 2024-12-25 19:17:23 --> Database Driver Class Initialized
DEBUG - 2024-12-25 19:17:23 --> Idgenerator class already loaded. Second attempt ignored.
INFO - 2024-12-25 19:17:23 --> Controller Class Initialized
INFO - 2024-12-25 19:17:23 --> Model Class Initialized
DEBUG - 2024-12-25 19:17:23 --> File loaded: /apps/web-drc/application/modules/ref_customer/models/Customer_model.php
INFO - 2024-12-25 19:17:23 --> Model Class Initialized
DEBUG - 2024-12-25 19:17:23 --> File loaded: /apps/web-drc/application/modules/ref_customer/views/content.php
DEBUG - 2024-12-25 19:17:23 --> File loaded: /apps/web-drc/application/views/templates/header.php
DEBUG - 2024-12-25 19:17:23 --> File loaded: /apps/web-drc/application/views/templates/toolbar.php
DEBUG - 2024-12-25 19:17:23 --> File loaded: /apps/web-drc/application/views/templates/sidebar.php
DEBUG - 2024-12-25 19:17:23 --> File loaded: /apps/web-drc/application/views/templates/contents.php
DEBUG - 2024-12-25 19:17:23 --> File loaded: /apps/web-drc/application/views/templates/content_footer.php
DEBUG - 2024-12-25 19:17:23 --> File loaded: /apps/web-drc/application/views/templates/footer.php
DEBUG - 2024-12-25 19:17:23 --> File loaded: /apps/web-drc/application/views/templates/default.php
INFO - 2024-12-25 19:17:23 --> Final output sent to browser
DEBUG - 2024-12-25 19:17:23 --> Total execution time: 0.0068
INFO - 2024-12-25 19:17:23 --> Config Class Initialized
INFO - 2024-12-25 19:17:23 --> Hooks Class Initialized
DEBUG - 2024-12-25 19:17:23 --> UTF-8 Support Enabled
INFO - 2024-12-25 19:17:23 --> Utf8 Class Initialized
INFO - 2024-12-25 19:17:23 --> URI Class Initialized
INFO - 2024-12-25 19:17:23 --> Router Class Initialized
INFO - 2024-12-25 19:17:23 --> Output Class Initialized
INFO - 2024-12-25 19:17:23 --> Security Class Initialized
DEBUG - 2024-12-25 19:17:23 --> Global POST, GET and COOKIE data sanitized
INFO - 2024-12-25 19:17:23 --> Input Class Initialized
INFO - 2024-12-25 19:17:23 --> Language Class Initialized
ERROR - 2024-12-25 19:17:23 --> 404 Page Not Found: /index
INFO - 2024-12-25 19:17:23 --> Config Class Initialized
INFO - 2024-12-25 19:17:23 --> Hooks Class Initialized
DEBUG - 2024-12-25 19:17:23 --> UTF-8 Support Enabled
INFO - 2024-12-25 19:17:23 --> Utf8 Class Initialized
INFO - 2024-12-25 19:17:23 --> URI Class Initialized
INFO - 2024-12-25 19:17:23 --> Router Class Initialized
INFO - 2024-12-25 19:17:23 --> Output Class Initialized
INFO - 2024-12-25 19:17:23 --> Security Class Initialized
DEBUG - 2024-12-25 19:17:23 --> Global POST, GET and COOKIE data sanitized
INFO - 2024-12-25 19:17:23 --> Input Class Initialized
INFO - 2024-12-25 19:17:23 --> Language Class Initialized
INFO - 2024-12-25 19:17:23 --> Language Class Initialized
INFO - 2024-12-25 19:17:23 --> Config Class Initialized
INFO - 2024-12-25 19:17:23 --> Loader Class Initialized
INFO - 2024-12-25 19:17:23 --> Helper loaded: url_helper
INFO - 2024-12-25 19:17:23 --> Helper loaded: easyui_helper
INFO - 2024-12-25 19:17:23 --> Helper loaded: param_helper
INFO - 2024-12-25 19:17:23 --> Helper loaded: credential_helper
INFO - 2024-12-25 19:17:23 --> Helper loaded: template_helper
INFO - 2024-12-25 19:17:23 --> Helper loaded: rest_helper
INFO - 2024-12-25 19:17:23 --> Database Driver Class Initialized
DEBUG - 2024-12-25 19:17:23 --> Idgenerator class already loaded. Second attempt ignored.
INFO - 2024-12-25 19:17:23 --> Controller Class Initialized
INFO - 2024-12-25 19:17:23 --> Model Class Initialized
DEBUG - 2024-12-25 19:17:23 --> File loaded: /apps/web-drc/application/modules/ref_customer/models/Customer_model.php
INFO - 2024-12-25 19:17:23 --> Model Class Initialized
INFO - 2024-12-25 19:17:29 --> Final output sent to browser
DEBUG - 2024-12-25 19:17:29 --> Total execution time: 5.7671
INFO - 2024-12-25 19:17:36 --> Config Class Initialized
INFO - 2024-12-25 19:17:36 --> Hooks Class Initialized
DEBUG - 2024-12-25 19:17:36 --> UTF-8 Support Enabled
INFO - 2024-12-25 19:17:36 --> Utf8 Class Initialized
INFO - 2024-12-25 19:17:36 --> URI Class Initialized
INFO - 2024-12-25 19:17:36 --> Router Class Initialized
INFO - 2024-12-25 19:17:36 --> Output Class Initialized
INFO - 2024-12-25 19:17:36 --> Security Class Initialized
DEBUG - 2024-12-25 19:17:36 --> Global POST, GET and COOKIE data sanitized
INFO - 2024-12-25 19:17:36 --> Input Class Initialized
INFO - 2024-12-25 19:17:36 --> Language Class Initialized
INFO - 2024-12-25 19:17:36 --> Language Class Initialized
INFO - 2024-12-25 19:17:36 --> Config Class Initialized
INFO - 2024-12-25 19:17:36 --> Loader Class Initialized
INFO - 2024-12-25 19:17:36 --> Helper loaded: url_helper
INFO - 2024-12-25 19:17:36 --> Helper loaded: easyui_helper
INFO - 2024-12-25 19:17:36 --> Helper loaded: param_helper
INFO - 2024-12-25 19:17:36 --> Helper loaded: credential_helper
INFO - 2024-12-25 19:17:36 --> Helper loaded: template_helper
INFO - 2024-12-25 19:17:36 --> Helper loaded: rest_helper
INFO - 2024-12-25 19:17:36 --> Database Driver Class Initialized
DEBUG - 2024-12-25 19:17:36 --> Idgenerator class already loaded. Second attempt ignored.
INFO - 2024-12-25 19:17:36 --> Controller Class Initialized
INFO - 2024-12-25 19:17:36 --> Model Class Initialized
DEBUG - 2024-12-25 19:17:36 --> File loaded: /apps/web-drc/application/modules/ref_customer/models/Customer_model.php
INFO - 2024-12-25 19:17:36 --> Model Class Initialized
INFO - 2024-12-25 19:17:39 --> Final output sent to browser
DEBUG - 2024-12-25 19:17:39 --> Total execution time: 2.6867
INFO - 2024-12-25 19:17:42 --> Config Class Initialized
INFO - 2024-12-25 19:17:42 --> Hooks Class Initialized
DEBUG - 2024-12-25 19:17:42 --> UTF-8 Support Enabled
INFO - 2024-12-25 19:17:42 --> Utf8 Class Initialized
INFO - 2024-12-25 19:17:42 --> URI Class Initialized
INFO - 2024-12-25 19:17:42 --> Router Class Initialized
INFO - 2024-12-25 19:17:42 --> Output Class Initialized
INFO - 2024-12-25 19:17:42 --> Security Class Initialized
DEBUG - 2024-12-25 19:17:42 --> Global POST, GET and COOKIE data sanitized
INFO - 2024-12-25 19:17:42 --> Input Class Initialized
INFO - 2024-12-25 19:17:42 --> Language Class Initialized
INFO - 2024-12-25 19:17:42 --> Language Class Initialized
INFO - 2024-12-25 19:17:42 --> Config Class Initialized
INFO - 2024-12-25 19:17:42 --> Loader Class Initialized
INFO - 2024-12-25 19:17:42 --> Helper loaded: url_helper
INFO - 2024-12-25 19:17:42 --> Helper loaded: easyui_helper
INFO - 2024-12-25 19:17:42 --> Helper loaded: param_helper
INFO - 2024-12-25 19:17:42 --> Helper loaded: credential_helper
INFO - 2024-12-25 19:17:42 --> Helper loaded: template_helper
INFO - 2024-12-25 19:17:42 --> Helper loaded: rest_helper
INFO - 2024-12-25 19:17:42 --> Database Driver Class Initialized
DEBUG - 2024-12-25 19:17:42 --> Idgenerator class already loaded. Second attempt ignored.
INFO - 2024-12-25 19:17:42 --> Controller Class Initialized
INFO - 2024-12-25 19:17:42 --> Model Class Initialized
DEBUG - 2024-12-25 19:17:42 --> File loaded: /apps/web-drc/application/modules/ref_customer/models/Customer_model.php
INFO - 2024-12-25 19:17:42 --> Model Class Initialized
DEBUG - 2024-12-25 19:17:42 --> File loaded: /apps/web-drc/application/modules/ref_customer/views/form.php
DEBUG - 2024-12-25 19:17:42 --> File loaded: /apps/web-drc/application/views/templates/header.php
DEBUG - 2024-12-25 19:17:42 --> File loaded: /apps/web-drc/application/views/templates/toolbar.php
DEBUG - 2024-12-25 19:17:42 --> File loaded: /apps/web-drc/application/views/templates/sidebar.php
DEBUG - 2024-12-25 19:17:42 --> File loaded: /apps/web-drc/application/views/templates/contents.php
DEBUG - 2024-12-25 19:17:42 --> File loaded: /apps/web-drc/application/views/templates/content_footer.php
DEBUG - 2024-12-25 19:17:42 --> File loaded: /apps/web-drc/application/views/templates/footer.php
DEBUG - 2024-12-25 19:17:42 --> File loaded: /apps/web-drc/application/views/templates/default.php
INFO - 2024-12-25 19:17:42 --> Final output sent to browser
DEBUG - 2024-12-25 19:17:42 --> Total execution time: 0.0079
INFO - 2024-12-25 19:17:42 --> Config Class Initialized
INFO - 2024-12-25 19:17:42 --> Hooks Class Initialized
DEBUG - 2024-12-25 19:17:42 --> UTF-8 Support Enabled
INFO - 2024-12-25 19:17:42 --> Utf8 Class Initialized
INFO - 2024-12-25 19:17:42 --> URI Class Initialized
INFO - 2024-12-25 19:17:42 --> Router Class Initialized
INFO - 2024-12-25 19:17:42 --> Output Class Initialized
INFO - 2024-12-25 19:17:42 --> Security Class Initialized
DEBUG - 2024-12-25 19:17:42 --> Global POST, GET and COOKIE data sanitized
INFO - 2024-12-25 19:17:42 --> Input Class Initialized
INFO - 2024-12-25 19:17:42 --> Language Class Initialized
INFO - 2024-12-25 19:17:42 --> Language Class Initialized
INFO - 2024-12-25 19:17:42 --> Config Class Initialized
INFO - 2024-12-25 19:17:42 --> Loader Class Initialized
INFO - 2024-12-25 19:17:42 --> Helper loaded: url_helper
INFO - 2024-12-25 19:17:42 --> Helper loaded: easyui_helper
INFO - 2024-12-25 19:17:42 --> Helper loaded: param_helper
INFO - 2024-12-25 19:17:42 --> Helper loaded: credential_helper
INFO - 2024-12-25 19:17:42 --> Helper loaded: template_helper
INFO - 2024-12-25 19:17:42 --> Helper loaded: rest_helper
INFO - 2024-12-25 19:17:42 --> Database Driver Class Initialized
DEBUG - 2024-12-25 19:17:42 --> Idgenerator class already loaded. Second attempt ignored.
INFO - 2024-12-25 19:17:42 --> Controller Class Initialized
INFO - 2024-12-25 19:17:42 --> Model Class Initialized
DEBUG - 2024-12-25 19:17:42 --> File loaded: /apps/web-drc/application/modules/ref_customer_segment/models/Customer_segment_model.php
INFO - 2024-12-25 19:17:42 --> Model Class Initialized
INFO - 2024-12-25 19:17:42 --> Final output sent to browser
DEBUG - 2024-12-25 19:17:42 --> Total execution time: 0.0035
INFO - 2024-12-25 19:17:42 --> Config Class Initialized
INFO - 2024-12-25 19:17:42 --> Hooks Class Initialized
DEBUG - 2024-12-25 19:17:42 --> UTF-8 Support Enabled
INFO - 2024-12-25 19:17:42 --> Utf8 Class Initialized
INFO - 2024-12-25 19:17:42 --> URI Class Initialized
INFO - 2024-12-25 19:17:42 --> Router Class Initialized
INFO - 2024-12-25 19:17:42 --> Output Class Initialized
INFO - 2024-12-25 19:17:42 --> Security Class Initialized
DEBUG - 2024-12-25 19:17:42 --> Global POST, GET and COOKIE data sanitized
INFO - 2024-12-25 19:17:42 --> Input Class Initialized
INFO - 2024-12-25 19:17:42 --> Language Class Initialized
ERROR - 2024-12-25 19:17:42 --> 404 Page Not Found: /index
INFO - 2024-12-25 19:17:42 --> Config Class Initialized
INFO - 2024-12-25 19:17:42 --> Hooks Class Initialized
DEBUG - 2024-12-25 19:17:42 --> UTF-8 Support Enabled
INFO - 2024-12-25 19:17:42 --> Utf8 Class Initialized
INFO - 2024-12-25 19:17:42 --> URI Class Initialized
INFO - 2024-12-25 19:17:42 --> Router Class Initialized
INFO - 2024-12-25 19:17:42 --> Output Class Initialized
INFO - 2024-12-25 19:17:42 --> Security Class Initialized
DEBUG - 2024-12-25 19:17:42 --> Global POST, GET and COOKIE data sanitized
INFO - 2024-12-25 19:17:42 --> Input Class Initialized
INFO - 2024-12-25 19:17:42 --> Language Class Initialized
INFO - 2024-12-25 19:17:42 --> Language Class Initialized
INFO - 2024-12-25 19:17:42 --> Config Class Initialized
INFO - 2024-12-25 19:17:42 --> Loader Class Initialized
INFO - 2024-12-25 19:17:42 --> Helper loaded: url_helper
INFO - 2024-12-25 19:17:42 --> Helper loaded: easyui_helper
INFO - 2024-12-25 19:17:42 --> Helper loaded: param_helper
INFO - 2024-12-25 19:17:42 --> Helper loaded: credential_helper
INFO - 2024-12-25 19:17:42 --> Helper loaded: template_helper
INFO - 2024-12-25 19:17:42 --> Helper loaded: rest_helper
INFO - 2024-12-25 19:17:42 --> Database Driver Class Initialized
DEBUG - 2024-12-25 19:17:42 --> Idgenerator class already loaded. Second attempt ignored.
INFO - 2024-12-25 19:17:42 --> Controller Class Initialized
INFO - 2024-12-25 19:17:42 --> Model Class Initialized
DEBUG - 2024-12-25 19:17:42 --> File loaded: /apps/web-drc/application/modules/ref_customer_type/models/Customer_type_model.php
INFO - 2024-12-25 19:17:42 --> Model Class Initialized
INFO - 2024-12-25 19:17:42 --> Final output sent to browser
DEBUG - 2024-12-25 19:17:42 --> Total execution time: 0.0032
INFO - 2024-12-25 19:17:42 --> Config Class Initialized
INFO - 2024-12-25 19:17:42 --> Hooks Class Initialized
DEBUG - 2024-12-25 19:17:42 --> UTF-8 Support Enabled
INFO - 2024-12-25 19:17:42 --> Utf8 Class Initialized
INFO - 2024-12-25 19:17:42 --> URI Class Initialized
INFO - 2024-12-25 19:17:42 --> Router Class Initialized
INFO - 2024-12-25 19:17:42 --> Output Class Initialized
INFO - 2024-12-25 19:17:42 --> Security Class Initialized
DEBUG - 2024-12-25 19:17:42 --> Global POST, GET and COOKIE data sanitized
INFO - 2024-12-25 19:17:42 --> Input Class Initialized
INFO - 2024-12-25 19:17:42 --> Language Class Initialized
INFO - 2024-12-25 19:17:42 --> Language Class Initialized
INFO - 2024-12-25 19:17:42 --> Config Class Initialized
INFO - 2024-12-25 19:17:42 --> Loader Class Initialized
INFO - 2024-12-25 19:17:42 --> Helper loaded: url_helper
INFO - 2024-12-25 19:17:42 --> Helper loaded: easyui_helper
INFO - 2024-12-25 19:17:42 --> Helper loaded: param_helper
INFO - 2024-12-25 19:17:42 --> Helper loaded: credential_helper
INFO - 2024-12-25 19:17:42 --> Helper loaded: template_helper
INFO - 2024-12-25 19:17:42 --> Helper loaded: rest_helper
INFO - 2024-12-25 19:17:42 --> Database Driver Class Initialized
DEBUG - 2024-12-25 19:17:42 --> Idgenerator class already loaded. Second attempt ignored.
INFO - 2024-12-25 19:17:42 --> Controller Class Initialized
INFO - 2024-12-25 19:17:42 --> Model Class Initialized
DEBUG - 2024-12-25 19:17:42 --> File loaded: /apps/web-drc/application/modules/ref_customer_class/models/Customer_class_model.php
INFO - 2024-12-25 19:17:42 --> Model Class Initialized
INFO - 2024-12-25 19:17:42 --> Final output sent to browser
DEBUG - 2024-12-25 19:17:42 --> Total execution time: 0.0032
INFO - 2024-12-25 19:17:42 --> Config Class Initialized
INFO - 2024-12-25 19:17:42 --> Hooks Class Initialized
DEBUG - 2024-12-25 19:17:42 --> UTF-8 Support Enabled
INFO - 2024-12-25 19:17:42 --> Utf8 Class Initialized
INFO - 2024-12-25 19:17:42 --> URI Class Initialized
INFO - 2024-12-25 19:17:42 --> Router Class Initialized
INFO - 2024-12-25 19:17:42 --> Output Class Initialized
INFO - 2024-12-25 19:17:42 --> Security Class Initialized
DEBUG - 2024-12-25 19:17:42 --> Global POST, GET and COOKIE data sanitized
INFO - 2024-12-25 19:17:42 --> Input Class Initialized
INFO - 2024-12-25 19:17:42 --> Language Class Initialized
INFO - 2024-12-25 19:17:42 --> Language Class Initialized
INFO - 2024-12-25 19:17:42 --> Config Class Initialized
INFO - 2024-12-25 19:17:42 --> Loader Class Initialized
INFO - 2024-12-25 19:17:42 --> Helper loaded: url_helper
INFO - 2024-12-25 19:17:42 --> Helper loaded: easyui_helper
INFO - 2024-12-25 19:17:42 --> Helper loaded: param_helper
INFO - 2024-12-25 19:17:42 --> Helper loaded: credential_helper
INFO - 2024-12-25 19:17:42 --> Helper loaded: template_helper
INFO - 2024-12-25 19:17:42 --> Helper loaded: rest_helper
INFO - 2024-12-25 19:17:42 --> Database Driver Class Initialized
DEBUG - 2024-12-25 19:17:42 --> Idgenerator class already loaded. Second attempt ignored.
INFO - 2024-12-25 19:17:42 --> Controller Class Initialized
INFO - 2024-12-25 19:17:42 --> Model Class Initialized
DEBUG - 2024-12-25 19:17:42 --> File loaded: /apps/web-drc/application/modules/api_v1/models/Api_v1_model.php
INFO - 2024-12-25 19:17:42 --> Model Class Initialized
INFO - 2024-12-25 19:17:42 --> Final output sent to browser
DEBUG - 2024-12-25 19:17:42 --> Total execution time: 0.0032
INFO - 2024-12-25 19:17:42 --> Config Class Initialized
INFO - 2024-12-25 19:17:42 --> Hooks Class Initialized
DEBUG - 2024-12-25 19:17:42 --> UTF-8 Support Enabled
INFO - 2024-12-25 19:17:42 --> Utf8 Class Initialized
INFO - 2024-12-25 19:17:42 --> URI Class Initialized
INFO - 2024-12-25 19:17:42 --> Router Class Initialized
INFO - 2024-12-25 19:17:42 --> Output Class Initialized
INFO - 2024-12-25 19:17:42 --> Security Class Initialized
DEBUG - 2024-12-25 19:17:42 --> Global POST, GET and COOKIE data sanitized
INFO - 2024-12-25 19:17:42 --> Input Class Initialized
INFO - 2024-12-25 19:17:42 --> Language Class Initialized
INFO - 2024-12-25 19:17:42 --> Language Class Initialized
INFO - 2024-12-25 19:17:42 --> Config Class Initialized
INFO - 2024-12-25 19:17:42 --> Loader Class Initialized
INFO - 2024-12-25 19:17:42 --> Helper loaded: url_helper
INFO - 2024-12-25 19:17:42 --> Helper loaded: easyui_helper
INFO - 2024-12-25 19:17:42 --> Helper loaded: param_helper
INFO - 2024-12-25 19:17:42 --> Helper loaded: credential_helper
INFO - 2024-12-25 19:17:42 --> Helper loaded: template_helper
INFO - 2024-12-25 19:17:42 --> Helper loaded: rest_helper
INFO - 2024-12-25 19:17:42 --> Database Driver Class Initialized
DEBUG - 2024-12-25 19:17:42 --> Idgenerator class already loaded. Second attempt ignored.
INFO - 2024-12-25 19:17:42 --> Controller Class Initialized
INFO - 2024-12-25 19:17:42 --> Model Class Initialized
DEBUG - 2024-12-25 19:17:42 --> File loaded: /apps/web-drc/application/modules/api_v1/models/Api_v1_model.php
INFO - 2024-12-25 19:17:42 --> Model Class Initialized
INFO - 2024-12-25 19:17:42 --> Final output sent to browser
DEBUG - 2024-12-25 19:17:42 --> Total execution time: 0.0035
INFO - 2024-12-25 19:17:42 --> Config Class Initialized
INFO - 2024-12-25 19:17:42 --> Hooks Class Initialized
DEBUG - 2024-12-25 19:17:42 --> UTF-8 Support Enabled
INFO - 2024-12-25 19:17:42 --> Utf8 Class Initialized
INFO - 2024-12-25 19:17:42 --> URI Class Initialized
INFO - 2024-12-25 19:17:42 --> Router Class Initialized
INFO - 2024-12-25 19:17:42 --> Output Class Initialized
INFO - 2024-12-25 19:17:42 --> Security Class Initialized
DEBUG - 2024-12-25 19:17:42 --> Global POST, GET and COOKIE data sanitized
INFO - 2024-12-25 19:17:42 --> Input Class Initialized
INFO - 2024-12-25 19:17:42 --> Language Class Initialized
INFO - 2024-12-25 19:17:42 --> Language Class Initialized
INFO - 2024-12-25 19:17:42 --> Config Class Initialized
INFO - 2024-12-25 19:17:42 --> Loader Class Initialized
INFO - 2024-12-25 19:17:42 --> Helper loaded: url_helper
INFO - 2024-12-25 19:17:42 --> Helper loaded: easyui_helper
INFO - 2024-12-25 19:17:42 --> Helper loaded: param_helper
INFO - 2024-12-25 19:17:42 --> Helper loaded: credential_helper
INFO - 2024-12-25 19:17:42 --> Helper loaded: template_helper
INFO - 2024-12-25 19:17:42 --> Helper loaded: rest_helper
INFO - 2024-12-25 19:17:42 --> Database Driver Class Initialized
DEBUG - 2024-12-25 19:17:42 --> Idgenerator class already loaded. Second attempt ignored.
INFO - 2024-12-25 19:17:42 --> Controller Class Initialized
INFO - 2024-12-25 19:17:42 --> Model Class Initialized
DEBUG - 2024-12-25 19:17:42 --> File loaded: /apps/web-drc/application/modules/api_v1/models/Api_v1_model.php
INFO - 2024-12-25 19:17:42 --> Model Class Initialized
INFO - 2024-12-25 19:17:42 --> Final output sent to browser
DEBUG - 2024-12-25 19:17:42 --> Total execution time: 0.0037
INFO - 2024-12-25 19:17:42 --> Config Class Initialized
INFO - 2024-12-25 19:17:42 --> Hooks Class Initialized
DEBUG - 2024-12-25 19:17:42 --> UTF-8 Support Enabled
INFO - 2024-12-25 19:17:42 --> Utf8 Class Initialized
INFO - 2024-12-25 19:17:42 --> URI Class Initialized
INFO - 2024-12-25 19:17:42 --> Router Class Initialized
INFO - 2024-12-25 19:17:42 --> Output Class Initialized
INFO - 2024-12-25 19:17:42 --> Security Class Initialized
DEBUG - 2024-12-25 19:17:42 --> Global POST, GET and COOKIE data sanitized
INFO - 2024-12-25 19:17:42 --> Input Class Initialized
INFO - 2024-12-25 19:17:42 --> Language Class Initialized
INFO - 2024-12-25 19:17:42 --> Language Class Initialized
INFO - 2024-12-25 19:17:42 --> Config Class Initialized
INFO - 2024-12-25 19:17:42 --> Loader Class Initialized
INFO - 2024-12-25 19:17:42 --> Helper loaded: url_helper
INFO - 2024-12-25 19:17:42 --> Helper loaded: easyui_helper
INFO - 2024-12-25 19:17:42 --> Helper loaded: param_helper
INFO - 2024-12-25 19:17:42 --> Helper loaded: credential_helper
INFO - 2024-12-25 19:17:42 --> Helper loaded: template_helper
INFO - 2024-12-25 19:17:42 --> Helper loaded: rest_helper
INFO - 2024-12-25 19:17:42 --> Database Driver Class Initialized
DEBUG - 2024-12-25 19:17:42 --> Idgenerator class already loaded. Second attempt ignored.
INFO - 2024-12-25 19:17:42 --> Controller Class Initialized
INFO - 2024-12-25 19:17:42 --> Model Class Initialized
DEBUG - 2024-12-25 19:17:42 --> File loaded: /apps/web-drc/application/modules/api_v1/models/Api_v1_model.php
INFO - 2024-12-25 19:17:42 --> Model Class Initialized
INFO - 2024-12-25 19:17:42 --> Final output sent to browser
DEBUG - 2024-12-25 19:17:42 --> Total execution time: 0.0033
INFO - 2024-12-25 19:17:42 --> Config Class Initialized
INFO - 2024-12-25 19:17:42 --> Hooks Class Initialized
DEBUG - 2024-12-25 19:17:42 --> UTF-8 Support Enabled
INFO - 2024-12-25 19:17:42 --> Utf8 Class Initialized
INFO - 2024-12-25 19:17:42 --> URI Class Initialized
INFO - 2024-12-25 19:17:42 --> Router Class Initialized
INFO - 2024-12-25 19:17:42 --> Output Class Initialized
INFO - 2024-12-25 19:17:42 --> Security Class Initialized
DEBUG - 2024-12-25 19:17:42 --> Global POST, GET and COOKIE data sanitized
INFO - 2024-12-25 19:17:42 --> Input Class Initialized
INFO - 2024-12-25 19:17:42 --> Language Class Initialized
INFO - 2024-12-25 19:17:42 --> Language Class Initialized
INFO - 2024-12-25 19:17:42 --> Config Class Initialized
INFO - 2024-12-25 19:17:42 --> Loader Class Initialized
INFO - 2024-12-25 19:17:42 --> Helper loaded: url_helper
INFO - 2024-12-25 19:17:42 --> Helper loaded: easyui_helper
INFO - 2024-12-25 19:17:42 --> Helper loaded: param_helper
INFO - 2024-12-25 19:17:42 --> Helper loaded: credential_helper
INFO - 2024-12-25 19:17:42 --> Helper loaded: template_helper
INFO - 2024-12-25 19:17:42 --> Helper loaded: rest_helper
INFO - 2024-12-25 19:17:42 --> Database Driver Class Initialized
DEBUG - 2024-12-25 19:17:42 --> Idgenerator class already loaded. Second attempt ignored.
INFO - 2024-12-25 19:17:42 --> Controller Class Initialized
INFO - 2024-12-25 19:17:42 --> Model Class Initialized
DEBUG - 2024-12-25 19:17:42 --> File loaded: /apps/web-drc/application/modules/api_v1/models/Api_v1_model.php
INFO - 2024-12-25 19:17:42 --> Model Class Initialized
INFO - 2024-12-25 19:17:43 --> Final output sent to browser
DEBUG - 2024-12-25 19:17:43 --> Total execution time: 0.1988
INFO - 2024-12-25 19:17:43 --> Config Class Initialized
INFO - 2024-12-25 19:17:43 --> Hooks Class Initialized
DEBUG - 2024-12-25 19:17:43 --> UTF-8 Support Enabled
INFO - 2024-12-25 19:17:43 --> Utf8 Class Initialized
INFO - 2024-12-25 19:17:43 --> URI Class Initialized
INFO - 2024-12-25 19:17:43 --> Router Class Initialized
INFO - 2024-12-25 19:17:43 --> Output Class Initialized
INFO - 2024-12-25 19:17:43 --> Security Class Initialized
DEBUG - 2024-12-25 19:17:43 --> Global POST, GET and COOKIE data sanitized
INFO - 2024-12-25 19:17:43 --> Input Class Initialized
INFO - 2024-12-25 19:17:43 --> Language Class Initialized
INFO - 2024-12-25 19:17:43 --> Language Class Initialized
INFO - 2024-12-25 19:17:43 --> Config Class Initialized
INFO - 2024-12-25 19:17:43 --> Loader Class Initialized
INFO - 2024-12-25 19:17:43 --> Helper loaded: url_helper
INFO - 2024-12-25 19:17:43 --> Helper loaded: easyui_helper
INFO - 2024-12-25 19:17:43 --> Helper loaded: param_helper
INFO - 2024-12-25 19:17:43 --> Helper loaded: credential_helper
INFO - 2024-12-25 19:17:43 --> Helper loaded: template_helper
INFO - 2024-12-25 19:17:43 --> Helper loaded: rest_helper
INFO - 2024-12-25 19:17:43 --> Database Driver Class Initialized
DEBUG - 2024-12-25 19:17:43 --> Idgenerator class already loaded. Second attempt ignored.
INFO - 2024-12-25 19:17:43 --> Controller Class Initialized
INFO - 2024-12-25 19:17:43 --> Model Class Initialized
DEBUG - 2024-12-25 19:17:43 --> File loaded: /apps/web-drc/application/modules/api_v1/models/Api_v1_model.php
INFO - 2024-12-25 19:17:43 --> Model Class Initialized
INFO - 2024-12-25 19:17:43 --> Final output sent to browser
DEBUG - 2024-12-25 19:17:43 --> Total execution time: 0.0032
INFO - 2024-12-25 19:17:43 --> Config Class Initialized
INFO - 2024-12-25 19:17:43 --> Hooks Class Initialized
DEBUG - 2024-12-25 19:17:43 --> UTF-8 Support Enabled
INFO - 2024-12-25 19:17:43 --> Utf8 Class Initialized
INFO - 2024-12-25 19:17:43 --> URI Class Initialized
INFO - 2024-12-25 19:17:43 --> Router Class Initialized
INFO - 2024-12-25 19:17:43 --> Output Class Initialized
INFO - 2024-12-25 19:17:43 --> Security Class Initialized
DEBUG - 2024-12-25 19:17:43 --> Global POST, GET and COOKIE data sanitized
INFO - 2024-12-25 19:17:43 --> Input Class Initialized
INFO - 2024-12-25 19:17:43 --> Language Class Initialized
INFO - 2024-12-25 19:17:43 --> Language Class Initialized
INFO - 2024-12-25 19:17:43 --> Config Class Initialized
INFO - 2024-12-25 19:17:43 --> Loader Class Initialized
INFO - 2024-12-25 19:17:43 --> Helper loaded: url_helper
INFO - 2024-12-25 19:17:43 --> Helper loaded: easyui_helper
INFO - 2024-12-25 19:17:43 --> Helper loaded: param_helper
INFO - 2024-12-25 19:17:43 --> Helper loaded: credential_helper
INFO - 2024-12-25 19:17:43 --> Helper loaded: template_helper
INFO - 2024-12-25 19:17:43 --> Helper loaded: rest_helper
INFO - 2024-12-25 19:17:43 --> Database Driver Class Initialized
DEBUG - 2024-12-25 19:17:43 --> Idgenerator class already loaded. Second attempt ignored.
INFO - 2024-12-25 19:17:43 --> Controller Class Initialized
INFO - 2024-12-25 19:17:43 --> Model Class Initialized
DEBUG - 2024-12-25 19:17:43 --> File loaded: /apps/web-drc/application/modules/api_v1/models/Api_v1_model.php
INFO - 2024-12-25 19:17:43 --> Model Class Initialized
INFO - 2024-12-25 19:17:43 --> Final output sent to browser
DEBUG - 2024-12-25 19:17:43 --> Total execution time: 0.0048
INFO - 2024-12-25 19:17:43 --> Config Class Initialized
INFO - 2024-12-25 19:17:43 --> Hooks Class Initialized
DEBUG - 2024-12-25 19:17:43 --> UTF-8 Support Enabled
INFO - 2024-12-25 19:17:43 --> Utf8 Class Initialized
INFO - 2024-12-25 19:17:43 --> URI Class Initialized
INFO - 2024-12-25 19:17:43 --> Router Class Initialized
INFO - 2024-12-25 19:17:43 --> Output Class Initialized
INFO - 2024-12-25 19:17:43 --> Security Class Initialized
DEBUG - 2024-12-25 19:17:43 --> Global POST, GET and COOKIE data sanitized
INFO - 2024-12-25 19:17:43 --> Input Class Initialized
INFO - 2024-12-25 19:17:43 --> Language Class Initialized
INFO - 2024-12-25 19:17:43 --> Language Class Initialized
INFO - 2024-12-25 19:17:43 --> Config Class Initialized
INFO - 2024-12-25 19:17:43 --> Loader Class Initialized
INFO - 2024-12-25 19:17:43 --> Helper loaded: url_helper
INFO - 2024-12-25 19:17:43 --> Helper loaded: easyui_helper
INFO - 2024-12-25 19:17:43 --> Helper loaded: param_helper
INFO - 2024-12-25 19:17:43 --> Helper loaded: credential_helper
INFO - 2024-12-25 19:17:43 --> Helper loaded: template_helper
INFO - 2024-12-25 19:17:43 --> Helper loaded: rest_helper
INFO - 2024-12-25 19:17:43 --> Database Driver Class Initialized
DEBUG - 2024-12-25 19:17:43 --> Idgenerator class already loaded. Second attempt ignored.
INFO - 2024-12-25 19:17:43 --> Controller Class Initialized
INFO - 2024-12-25 19:17:43 --> Model Class Initialized
DEBUG - 2024-12-25 19:17:43 --> File loaded: /apps/web-drc/application/modules/api_v1/models/Api_v1_model.php
INFO - 2024-12-25 19:17:43 --> Model Class Initialized
INFO - 2024-12-25 19:17:43 --> Final output sent to browser
DEBUG - 2024-12-25 19:17:43 --> Total execution time: 0.0044
INFO - 2024-12-25 19:17:43 --> Config Class Initialized
INFO - 2024-12-25 19:17:43 --> Hooks Class Initialized
DEBUG - 2024-12-25 19:17:43 --> UTF-8 Support Enabled
INFO - 2024-12-25 19:17:43 --> Utf8 Class Initialized
INFO - 2024-12-25 19:17:43 --> URI Class Initialized
INFO - 2024-12-25 19:17:43 --> Router Class Initialized
INFO - 2024-12-25 19:17:43 --> Output Class Initialized
INFO - 2024-12-25 19:17:43 --> Security Class Initialized
DEBUG - 2024-12-25 19:17:43 --> Global POST, GET and COOKIE data sanitized
INFO - 2024-12-25 19:17:43 --> Input Class Initialized
INFO - 2024-12-25 19:17:43 --> Language Class Initialized
INFO - 2024-12-25 19:17:43 --> Language Class Initialized
INFO - 2024-12-25 19:17:43 --> Config Class Initialized
INFO - 2024-12-25 19:17:43 --> Loader Class Initialized
INFO - 2024-12-25 19:17:43 --> Helper loaded: url_helper
INFO - 2024-12-25 19:17:43 --> Helper loaded: easyui_helper
INFO - 2024-12-25 19:17:43 --> Helper loaded: param_helper
INFO - 2024-12-25 19:17:43 --> Helper loaded: credential_helper
INFO - 2024-12-25 19:17:43 --> Helper loaded: template_helper
INFO - 2024-12-25 19:17:43 --> Helper loaded: rest_helper
INFO - 2024-12-25 19:17:43 --> Database Driver Class Initialized
DEBUG - 2024-12-25 19:17:43 --> Idgenerator class already loaded. Second attempt ignored.
INFO - 2024-12-25 19:17:43 --> Controller Class Initialized
INFO - 2024-12-25 19:17:43 --> Model Class Initialized
DEBUG - 2024-12-25 19:17:43 --> File loaded: /apps/web-drc/application/modules/api_v1/models/Api_v1_model.php
INFO - 2024-12-25 19:17:43 --> Model Class Initialized
INFO - 2024-12-25 19:17:43 --> Final output sent to browser
DEBUG - 2024-12-25 19:17:43 --> Total execution time: 0.0036
INFO - 2024-12-25 19:17:43 --> Config Class Initialized
INFO - 2024-12-25 19:17:43 --> Hooks Class Initialized
DEBUG - 2024-12-25 19:17:43 --> UTF-8 Support Enabled
INFO - 2024-12-25 19:17:43 --> Utf8 Class Initialized
INFO - 2024-12-25 19:17:43 --> URI Class Initialized
INFO - 2024-12-25 19:17:43 --> Router Class Initialized
INFO - 2024-12-25 19:17:43 --> Output Class Initialized
INFO - 2024-12-25 19:17:43 --> Security Class Initialized
DEBUG - 2024-12-25 19:17:43 --> Global POST, GET and COOKIE data sanitized
INFO - 2024-12-25 19:17:43 --> Input Class Initialized
INFO - 2024-12-25 19:17:43 --> Language Class Initialized
INFO - 2024-12-25 19:17:43 --> Language Class Initialized
INFO - 2024-12-25 19:17:43 --> Config Class Initialized
INFO - 2024-12-25 19:17:43 --> Loader Class Initialized
INFO - 2024-12-25 19:17:43 --> Helper loaded: url_helper
INFO - 2024-12-25 19:17:43 --> Helper loaded: easyui_helper
INFO - 2024-12-25 19:17:43 --> Helper loaded: param_helper
INFO - 2024-12-25 19:17:43 --> Helper loaded: credential_helper
INFO - 2024-12-25 19:17:43 --> Helper loaded: template_helper
INFO - 2024-12-25 19:17:43 --> Helper loaded: rest_helper
INFO - 2024-12-25 19:17:43 --> Database Driver Class Initialized
DEBUG - 2024-12-25 19:17:43 --> Idgenerator class already loaded. Second attempt ignored.
INFO - 2024-12-25 19:17:43 --> Controller Class Initialized
INFO - 2024-12-25 19:17:43 --> Model Class Initialized
DEBUG - 2024-12-25 19:17:43 --> File loaded: /apps/web-drc/application/modules/api_v1/models/Api_v1_model.php
INFO - 2024-12-25 19:17:43 --> Model Class Initialized
INFO - 2024-12-25 19:17:43 --> Final output sent to browser
DEBUG - 2024-12-25 19:17:43 --> Total execution time: 0.2340
INFO - 2024-12-25 19:17:43 --> Config Class Initialized
INFO - 2024-12-25 19:17:43 --> Hooks Class Initialized
DEBUG - 2024-12-25 19:17:43 --> UTF-8 Support Enabled
INFO - 2024-12-25 19:17:43 --> Utf8 Class Initialized
INFO - 2024-12-25 19:17:43 --> URI Class Initialized
INFO - 2024-12-25 19:17:43 --> Router Class Initialized
INFO - 2024-12-25 19:17:43 --> Output Class Initialized
INFO - 2024-12-25 19:17:43 --> Security Class Initialized
DEBUG - 2024-12-25 19:17:43 --> Global POST, GET and COOKIE data sanitized
INFO - 2024-12-25 19:17:43 --> Input Class Initialized
INFO - 2024-12-25 19:17:43 --> Language Class Initialized
INFO - 2024-12-25 19:17:43 --> Language Class Initialized
INFO - 2024-12-25 19:17:43 --> Config Class Initialized
INFO - 2024-12-25 19:17:43 --> Loader Class Initialized
INFO - 2024-12-25 19:17:43 --> Helper loaded: url_helper
INFO - 2024-12-25 19:17:43 --> Helper loaded: easyui_helper
INFO - 2024-12-25 19:17:43 --> Helper loaded: param_helper
INFO - 2024-12-25 19:17:43 --> Helper loaded: credential_helper
INFO - 2024-12-25 19:17:43 --> Helper loaded: template_helper
INFO - 2024-12-25 19:17:43 --> Helper loaded: rest_helper
INFO - 2024-12-25 19:17:43 --> Database Driver Class Initialized
DEBUG - 2024-12-25 19:17:43 --> Idgenerator class already loaded. Second attempt ignored.
INFO - 2024-12-25 19:17:43 --> Controller Class Initialized
INFO - 2024-12-25 19:17:43 --> Model Class Initialized
DEBUG - 2024-12-25 19:17:43 --> File loaded: /apps/web-drc/application/modules/api_v1/models/Api_v1_model.php
INFO - 2024-12-25 19:17:43 --> Model Class Initialized
INFO - 2024-12-25 19:17:43 --> Final output sent to browser
DEBUG - 2024-12-25 19:17:43 --> Total execution time: 0.0030
INFO - 2024-12-25 19:17:43 --> Config Class Initialized
INFO - 2024-12-25 19:17:43 --> Hooks Class Initialized
DEBUG - 2024-12-25 19:17:43 --> UTF-8 Support Enabled
INFO - 2024-12-25 19:17:43 --> Utf8 Class Initialized
INFO - 2024-12-25 19:17:43 --> URI Class Initialized
INFO - 2024-12-25 19:17:43 --> Router Class Initialized
INFO - 2024-12-25 19:17:43 --> Output Class Initialized
INFO - 2024-12-25 19:17:43 --> Security Class Initialized
DEBUG - 2024-12-25 19:17:43 --> Global POST, GET and COOKIE data sanitized
INFO - 2024-12-25 19:17:43 --> Input Class Initialized
INFO - 2024-12-25 19:17:43 --> Language Class Initialized
INFO - 2024-12-25 19:17:43 --> Language Class Initialized
INFO - 2024-12-25 19:17:43 --> Config Class Initialized
INFO - 2024-12-25 19:17:43 --> Loader Class Initialized
INFO - 2024-12-25 19:17:43 --> Helper loaded: url_helper
INFO - 2024-12-25 19:17:43 --> Helper loaded: easyui_helper
INFO - 2024-12-25 19:17:43 --> Helper loaded: param_helper
INFO - 2024-12-25 19:17:43 --> Helper loaded: credential_helper
INFO - 2024-12-25 19:17:43 --> Helper loaded: template_helper
INFO - 2024-12-25 19:17:43 --> Helper loaded: rest_helper
INFO - 2024-12-25 19:17:43 --> Database Driver Class Initialized
DEBUG - 2024-12-25 19:17:43 --> Idgenerator class already loaded. Second attempt ignored.
INFO - 2024-12-25 19:17:43 --> Controller Class Initialized
INFO - 2024-12-25 19:17:43 --> Model Class Initialized
DEBUG - 2024-12-25 19:17:43 --> File loaded: /apps/web-drc/application/modules/api_v1/models/Api_v1_model.php
INFO - 2024-12-25 19:17:43 --> Model Class Initialized
INFO - 2024-12-25 19:17:43 --> Final output sent to browser
DEBUG - 2024-12-25 19:17:43 --> Total execution time: 0.0030
INFO - 2024-12-25 19:17:46 --> Config Class Initialized
INFO - 2024-12-25 19:17:46 --> Hooks Class Initialized
DEBUG - 2024-12-25 19:17:46 --> UTF-8 Support Enabled
INFO - 2024-12-25 19:17:46 --> Utf8 Class Initialized
INFO - 2024-12-25 19:17:46 --> URI Class Initialized
INFO - 2024-12-25 19:17:46 --> Router Class Initialized
INFO - 2024-12-25 19:17:46 --> Output Class Initialized
INFO - 2024-12-25 19:17:46 --> Security Class Initialized
DEBUG - 2024-12-25 19:17:46 --> Global POST, GET and COOKIE data sanitized
INFO - 2024-12-25 19:17:46 --> Input Class Initialized
INFO - 2024-12-25 19:17:46 --> Language Class Initialized
INFO - 2024-12-25 19:17:46 --> Language Class Initialized
INFO - 2024-12-25 19:17:46 --> Config Class Initialized
INFO - 2024-12-25 19:17:46 --> Loader Class Initialized
INFO - 2024-12-25 19:17:46 --> Helper loaded: url_helper
INFO - 2024-12-25 19:17:46 --> Helper loaded: easyui_helper
INFO - 2024-12-25 19:17:46 --> Helper loaded: param_helper
INFO - 2024-12-25 19:17:46 --> Helper loaded: credential_helper
INFO - 2024-12-25 19:17:46 --> Helper loaded: template_helper
INFO - 2024-12-25 19:17:46 --> Helper loaded: rest_helper
INFO - 2024-12-25 19:17:46 --> Database Driver Class Initialized
DEBUG - 2024-12-25 19:17:46 --> Idgenerator class already loaded. Second attempt ignored.
INFO - 2024-12-25 19:17:46 --> Controller Class Initialized
INFO - 2024-12-25 19:17:46 --> Model Class Initialized
DEBUG - 2024-12-25 19:17:46 --> File loaded: /apps/web-drc/application/modules/ref_customer/models/Customer_model.php
INFO - 2024-12-25 19:17:46 --> Model Class Initialized
INFO - 2024-12-25 19:17:46 --> Final output sent to browser
DEBUG - 2024-12-25 19:17:46 --> Total execution time: 0.0191
INFO - 2024-12-25 19:17:47 --> Config Class Initialized
INFO - 2024-12-25 19:17:47 --> Hooks Class Initialized
DEBUG - 2024-12-25 19:17:47 --> UTF-8 Support Enabled
INFO - 2024-12-25 19:17:47 --> Utf8 Class Initialized
INFO - 2024-12-25 19:17:47 --> URI Class Initialized
INFO - 2024-12-25 19:17:47 --> Router Class Initialized
INFO - 2024-12-25 19:17:47 --> Output Class Initialized
INFO - 2024-12-25 19:17:47 --> Security Class Initialized
DEBUG - 2024-12-25 19:17:47 --> Global POST, GET and COOKIE data sanitized
INFO - 2024-12-25 19:17:47 --> Input Class Initialized
INFO - 2024-12-25 19:17:47 --> Language Class Initialized
INFO - 2024-12-25 19:17:47 --> Language Class Initialized
INFO - 2024-12-25 19:17:47 --> Config Class Initialized
INFO - 2024-12-25 19:17:47 --> Loader Class Initialized
INFO - 2024-12-25 19:17:47 --> Helper loaded: url_helper
INFO - 2024-12-25 19:17:47 --> Helper loaded: easyui_helper
INFO - 2024-12-25 19:17:47 --> Helper loaded: param_helper
INFO - 2024-12-25 19:17:47 --> Helper loaded: credential_helper
INFO - 2024-12-25 19:17:47 --> Helper loaded: template_helper
INFO - 2024-12-25 19:17:47 --> Helper loaded: rest_helper
INFO - 2024-12-25 19:17:47 --> Database Driver Class Initialized
DEBUG - 2024-12-25 19:17:47 --> Idgenerator class already loaded. Second attempt ignored.
INFO - 2024-12-25 19:17:47 --> Controller Class Initialized
INFO - 2024-12-25 19:17:47 --> Model Class Initialized
DEBUG - 2024-12-25 19:17:47 --> File loaded: /apps/web-drc/application/modules/ref_customer/models/Customer_model.php
INFO - 2024-12-25 19:17:47 --> Model Class Initialized
DEBUG - 2024-12-25 19:17:47 --> File loaded: /apps/web-drc/application/modules/ref_customer/views/content.php
DEBUG - 2024-12-25 19:17:47 --> File loaded: /apps/web-drc/application/views/templates/header.php
DEBUG - 2024-12-25 19:17:47 --> File loaded: /apps/web-drc/application/views/templates/toolbar.php
DEBUG - 2024-12-25 19:17:47 --> File loaded: /apps/web-drc/application/views/templates/sidebar.php
DEBUG - 2024-12-25 19:17:47 --> File loaded: /apps/web-drc/application/views/templates/contents.php
DEBUG - 2024-12-25 19:17:47 --> File loaded: /apps/web-drc/application/views/templates/content_footer.php
DEBUG - 2024-12-25 19:17:47 --> File loaded: /apps/web-drc/application/views/templates/footer.php
DEBUG - 2024-12-25 19:17:47 --> File loaded: /apps/web-drc/application/views/templates/default.php
INFO - 2024-12-25 19:17:47 --> Final output sent to browser
DEBUG - 2024-12-25 19:17:47 --> Total execution time: 0.0066
INFO - 2024-12-25 19:17:47 --> Config Class Initialized
INFO - 2024-12-25 19:17:47 --> Hooks Class Initialized
DEBUG - 2024-12-25 19:17:47 --> UTF-8 Support Enabled
INFO - 2024-12-25 19:17:47 --> Utf8 Class Initialized
INFO - 2024-12-25 19:17:47 --> URI Class Initialized
INFO - 2024-12-25 19:17:47 --> Router Class Initialized
INFO - 2024-12-25 19:17:47 --> Output Class Initialized
INFO - 2024-12-25 19:17:47 --> Security Class Initialized
DEBUG - 2024-12-25 19:17:47 --> Global POST, GET and COOKIE data sanitized
INFO - 2024-12-25 19:17:47 --> Input Class Initialized
INFO - 2024-12-25 19:17:47 --> Language Class Initialized
ERROR - 2024-12-25 19:17:47 --> 404 Page Not Found: /index
INFO - 2024-12-25 19:17:47 --> Config Class Initialized
INFO - 2024-12-25 19:17:47 --> Hooks Class Initialized
DEBUG - 2024-12-25 19:17:47 --> UTF-8 Support Enabled
INFO - 2024-12-25 19:17:47 --> Utf8 Class Initialized
INFO - 2024-12-25 19:17:47 --> URI Class Initialized
INFO - 2024-12-25 19:17:47 --> Router Class Initialized
INFO - 2024-12-25 19:17:47 --> Output Class Initialized
INFO - 2024-12-25 19:17:47 --> Security Class Initialized
DEBUG - 2024-12-25 19:17:47 --> Global POST, GET and COOKIE data sanitized
INFO - 2024-12-25 19:17:47 --> Input Class Initialized
INFO - 2024-12-25 19:17:47 --> Language Class Initialized
INFO - 2024-12-25 19:17:47 --> Language Class Initialized
INFO - 2024-12-25 19:17:47 --> Config Class Initialized
INFO - 2024-12-25 19:17:47 --> Loader Class Initialized
INFO - 2024-12-25 19:17:47 --> Helper loaded: url_helper
INFO - 2024-12-25 19:17:47 --> Helper loaded: easyui_helper
INFO - 2024-12-25 19:17:47 --> Helper loaded: param_helper
INFO - 2024-12-25 19:17:47 --> Helper loaded: credential_helper
INFO - 2024-12-25 19:17:47 --> Helper loaded: template_helper
INFO - 2024-12-25 19:17:47 --> Helper loaded: rest_helper
INFO - 2024-12-25 19:17:47 --> Database Driver Class Initialized
DEBUG - 2024-12-25 19:17:47 --> Idgenerator class already loaded. Second attempt ignored.
INFO - 2024-12-25 19:17:47 --> Controller Class Initialized
INFO - 2024-12-25 19:17:47 --> Model Class Initialized
DEBUG - 2024-12-25 19:17:47 --> File loaded: /apps/web-drc/application/modules/ref_customer/models/Customer_model.php
INFO - 2024-12-25 19:17:47 --> Model Class Initialized
INFO - 2024-12-25 19:17:53 --> Final output sent to browser
DEBUG - 2024-12-25 19:17:53 --> Total execution time: 6.0556
INFO - 2024-12-25 19:17:54 --> Config Class Initialized
INFO - 2024-12-25 19:17:54 --> Hooks Class Initialized
DEBUG - 2024-12-25 19:17:54 --> UTF-8 Support Enabled
INFO - 2024-12-25 19:17:54 --> Utf8 Class Initialized
INFO - 2024-12-25 19:17:54 --> URI Class Initialized
INFO - 2024-12-25 19:17:54 --> Router Class Initialized
INFO - 2024-12-25 19:17:54 --> Output Class Initialized
INFO - 2024-12-25 19:17:54 --> Security Class Initialized
DEBUG - 2024-12-25 19:17:54 --> Global POST, GET and COOKIE data sanitized
INFO - 2024-12-25 19:17:54 --> Input Class Initialized
INFO - 2024-12-25 19:17:54 --> Language Class Initialized
INFO - 2024-12-25 19:17:54 --> Language Class Initialized
INFO - 2024-12-25 19:17:54 --> Config Class Initialized
INFO - 2024-12-25 19:17:54 --> Loader Class Initialized
INFO - 2024-12-25 19:17:54 --> Helper loaded: url_helper
INFO - 2024-12-25 19:17:54 --> Helper loaded: easyui_helper
INFO - 2024-12-25 19:17:54 --> Helper loaded: param_helper
INFO - 2024-12-25 19:17:54 --> Helper loaded: credential_helper
INFO - 2024-12-25 19:17:54 --> Helper loaded: template_helper
INFO - 2024-12-25 19:17:54 --> Helper loaded: rest_helper
INFO - 2024-12-25 19:17:54 --> Database Driver Class Initialized
DEBUG - 2024-12-25 19:17:54 --> Idgenerator class already loaded. Second attempt ignored.
INFO - 2024-12-25 19:17:54 --> Controller Class Initialized
INFO - 2024-12-25 19:17:54 --> Model Class Initialized
DEBUG - 2024-12-25 19:17:54 --> File loaded: /apps/web-drc/application/modules/ref_customer/models/Customer_model.php
INFO - 2024-12-25 19:17:54 --> Model Class Initialized
DEBUG - 2024-12-25 19:17:54 --> File loaded: /apps/web-drc/application/modules/ref_customer/views/form.php
DEBUG - 2024-12-25 19:17:54 --> File loaded: /apps/web-drc/application/views/templates/header.php
DEBUG - 2024-12-25 19:17:54 --> File loaded: /apps/web-drc/application/views/templates/toolbar.php
DEBUG - 2024-12-25 19:17:54 --> File loaded: /apps/web-drc/application/views/templates/sidebar.php
DEBUG - 2024-12-25 19:17:54 --> File loaded: /apps/web-drc/application/views/templates/contents.php
DEBUG - 2024-12-25 19:17:54 --> File loaded: /apps/web-drc/application/views/templates/content_footer.php
DEBUG - 2024-12-25 19:17:54 --> File loaded: /apps/web-drc/application/views/templates/footer.php
DEBUG - 2024-12-25 19:17:54 --> File loaded: /apps/web-drc/application/views/templates/default.php
INFO - 2024-12-25 19:17:54 --> Final output sent to browser
DEBUG - 2024-12-25 19:17:54 --> Total execution time: 0.0069
INFO - 2024-12-25 19:17:54 --> Config Class Initialized
INFO - 2024-12-25 19:17:54 --> Hooks Class Initialized
DEBUG - 2024-12-25 19:17:54 --> UTF-8 Support Enabled
INFO - 2024-12-25 19:17:54 --> Utf8 Class Initialized
INFO - 2024-12-25 19:17:54 --> URI Class Initialized
INFO - 2024-12-25 19:17:54 --> Router Class Initialized
INFO - 2024-12-25 19:17:54 --> Output Class Initialized
INFO - 2024-12-25 19:17:54 --> Security Class Initialized
DEBUG - 2024-12-25 19:17:54 --> Global POST, GET and COOKIE data sanitized
INFO - 2024-12-25 19:17:54 --> Input Class Initialized
INFO - 2024-12-25 19:17:54 --> Language Class Initialized
ERROR - 2024-12-25 19:17:54 --> 404 Page Not Found: /index
INFO - 2024-12-25 19:17:54 --> Config Class Initialized
INFO - 2024-12-25 19:17:54 --> Hooks Class Initialized
DEBUG - 2024-12-25 19:17:54 --> UTF-8 Support Enabled
INFO - 2024-12-25 19:17:54 --> Utf8 Class Initialized
INFO - 2024-12-25 19:17:54 --> URI Class Initialized
INFO - 2024-12-25 19:17:54 --> Router Class Initialized
INFO - 2024-12-25 19:17:54 --> Output Class Initialized
INFO - 2024-12-25 19:17:54 --> Security Class Initialized
DEBUG - 2024-12-25 19:17:54 --> Global POST, GET and COOKIE data sanitized
INFO - 2024-12-25 19:17:54 --> Input Class Initialized
INFO - 2024-12-25 19:17:54 --> Language Class Initialized
INFO - 2024-12-25 19:17:54 --> Language Class Initialized
INFO - 2024-12-25 19:17:54 --> Config Class Initialized
INFO - 2024-12-25 19:17:54 --> Loader Class Initialized
INFO - 2024-12-25 19:17:54 --> Helper loaded: url_helper
INFO - 2024-12-25 19:17:54 --> Helper loaded: easyui_helper
INFO - 2024-12-25 19:17:54 --> Helper loaded: param_helper
INFO - 2024-12-25 19:17:54 --> Helper loaded: credential_helper
INFO - 2024-12-25 19:17:54 --> Helper loaded: template_helper
INFO - 2024-12-25 19:17:54 --> Helper loaded: rest_helper
INFO - 2024-12-25 19:17:54 --> Database Driver Class Initialized
DEBUG - 2024-12-25 19:17:54 --> Idgenerator class already loaded. Second attempt ignored.
INFO - 2024-12-25 19:17:54 --> Controller Class Initialized
INFO - 2024-12-25 19:17:54 --> Model Class Initialized
DEBUG - 2024-12-25 19:17:54 --> File loaded: /apps/web-drc/application/modules/ref_customer_segment/models/Customer_segment_model.php
INFO - 2024-12-25 19:17:54 --> Model Class Initialized
INFO - 2024-12-25 19:17:54 --> Final output sent to browser
DEBUG - 2024-12-25 19:17:54 --> Total execution time: 0.0030
INFO - 2024-12-25 19:17:54 --> Config Class Initialized
INFO - 2024-12-25 19:17:54 --> Hooks Class Initialized
DEBUG - 2024-12-25 19:17:54 --> UTF-8 Support Enabled
INFO - 2024-12-25 19:17:54 --> Utf8 Class Initialized
INFO - 2024-12-25 19:17:54 --> URI Class Initialized
INFO - 2024-12-25 19:17:54 --> Router Class Initialized
INFO - 2024-12-25 19:17:54 --> Output Class Initialized
INFO - 2024-12-25 19:17:54 --> Security Class Initialized
DEBUG - 2024-12-25 19:17:54 --> Global POST, GET and COOKIE data sanitized
INFO - 2024-12-25 19:17:54 --> Input Class Initialized
INFO - 2024-12-25 19:17:54 --> Language Class Initialized
INFO - 2024-12-25 19:17:54 --> Language Class Initialized
INFO - 2024-12-25 19:17:54 --> Config Class Initialized
INFO - 2024-12-25 19:17:54 --> Loader Class Initialized
INFO - 2024-12-25 19:17:54 --> Helper loaded: url_helper
INFO - 2024-12-25 19:17:54 --> Helper loaded: easyui_helper
INFO - 2024-12-25 19:17:54 --> Helper loaded: param_helper
INFO - 2024-12-25 19:17:54 --> Helper loaded: credential_helper
INFO - 2024-12-25 19:17:54 --> Helper loaded: template_helper
INFO - 2024-12-25 19:17:54 --> Helper loaded: rest_helper
INFO - 2024-12-25 19:17:54 --> Database Driver Class Initialized
DEBUG - 2024-12-25 19:17:54 --> Idgenerator class already loaded. Second attempt ignored.
INFO - 2024-12-25 19:17:54 --> Controller Class Initialized
INFO - 2024-12-25 19:17:54 --> Model Class Initialized
DEBUG - 2024-12-25 19:17:54 --> File loaded: /apps/web-drc/application/modules/ref_customer_type/models/Customer_type_model.php
INFO - 2024-12-25 19:17:54 --> Model Class Initialized
INFO - 2024-12-25 19:17:54 --> Final output sent to browser
DEBUG - 2024-12-25 19:17:54 --> Total execution time: 0.0030
INFO - 2024-12-25 19:17:54 --> Config Class Initialized
INFO - 2024-12-25 19:17:54 --> Hooks Class Initialized
DEBUG - 2024-12-25 19:17:54 --> UTF-8 Support Enabled
INFO - 2024-12-25 19:17:54 --> Utf8 Class Initialized
INFO - 2024-12-25 19:17:54 --> URI Class Initialized
INFO - 2024-12-25 19:17:54 --> Router Class Initialized
INFO - 2024-12-25 19:17:54 --> Output Class Initialized
INFO - 2024-12-25 19:17:54 --> Security Class Initialized
DEBUG - 2024-12-25 19:17:54 --> Global POST, GET and COOKIE data sanitized
INFO - 2024-12-25 19:17:54 --> Input Class Initialized
INFO - 2024-12-25 19:17:54 --> Language Class Initialized
INFO - 2024-12-25 19:17:54 --> Language Class Initialized
INFO - 2024-12-25 19:17:54 --> Config Class Initialized
INFO - 2024-12-25 19:17:54 --> Loader Class Initialized
INFO - 2024-12-25 19:17:54 --> Helper loaded: url_helper
INFO - 2024-12-25 19:17:54 --> Helper loaded: easyui_helper
INFO - 2024-12-25 19:17:54 --> Helper loaded: param_helper
INFO - 2024-12-25 19:17:54 --> Helper loaded: credential_helper
INFO - 2024-12-25 19:17:54 --> Helper loaded: template_helper
INFO - 2024-12-25 19:17:54 --> Helper loaded: rest_helper
INFO - 2024-12-25 19:17:54 --> Database Driver Class Initialized
DEBUG - 2024-12-25 19:17:54 --> Idgenerator class already loaded. Second attempt ignored.
INFO - 2024-12-25 19:17:54 --> Controller Class Initialized
INFO - 2024-12-25 19:17:54 --> Model Class Initialized
DEBUG - 2024-12-25 19:17:54 --> File loaded: /apps/web-drc/application/modules/ref_customer_class/models/Customer_class_model.php
INFO - 2024-12-25 19:17:54 --> Model Class Initialized
INFO - 2024-12-25 19:17:54 --> Final output sent to browser
DEBUG - 2024-12-25 19:17:54 --> Total execution time: 0.0035
INFO - 2024-12-25 19:17:54 --> Config Class Initialized
INFO - 2024-12-25 19:17:54 --> Hooks Class Initialized
DEBUG - 2024-12-25 19:17:54 --> UTF-8 Support Enabled
INFO - 2024-12-25 19:17:54 --> Utf8 Class Initialized
INFO - 2024-12-25 19:17:54 --> URI Class Initialized
INFO - 2024-12-25 19:17:54 --> Router Class Initialized
INFO - 2024-12-25 19:17:54 --> Output Class Initialized
INFO - 2024-12-25 19:17:54 --> Security Class Initialized
DEBUG - 2024-12-25 19:17:54 --> Global POST, GET and COOKIE data sanitized
INFO - 2024-12-25 19:17:54 --> Input Class Initialized
INFO - 2024-12-25 19:17:54 --> Language Class Initialized
INFO - 2024-12-25 19:17:54 --> Language Class Initialized
INFO - 2024-12-25 19:17:54 --> Config Class Initialized
INFO - 2024-12-25 19:17:54 --> Loader Class Initialized
INFO - 2024-12-25 19:17:54 --> Helper loaded: url_helper
INFO - 2024-12-25 19:17:54 --> Helper loaded: easyui_helper
INFO - 2024-12-25 19:17:54 --> Helper loaded: param_helper
INFO - 2024-12-25 19:17:54 --> Helper loaded: credential_helper
INFO - 2024-12-25 19:17:54 --> Helper loaded: template_helper
INFO - 2024-12-25 19:17:54 --> Helper loaded: rest_helper
INFO - 2024-12-25 19:17:54 --> Database Driver Class Initialized
DEBUG - 2024-12-25 19:17:54 --> Idgenerator class already loaded. Second attempt ignored.
INFO - 2024-12-25 19:17:54 --> Controller Class Initialized
INFO - 2024-12-25 19:17:54 --> Model Class Initialized
DEBUG - 2024-12-25 19:17:54 --> File loaded: /apps/web-drc/application/modules/api_v1/models/Api_v1_model.php
INFO - 2024-12-25 19:17:54 --> Model Class Initialized
INFO - 2024-12-25 19:17:54 --> Final output sent to browser
DEBUG - 2024-12-25 19:17:54 --> Total execution time: 0.0031
INFO - 2024-12-25 19:17:54 --> Config Class Initialized
INFO - 2024-12-25 19:17:54 --> Hooks Class Initialized
DEBUG - 2024-12-25 19:17:54 --> UTF-8 Support Enabled
INFO - 2024-12-25 19:17:54 --> Utf8 Class Initialized
INFO - 2024-12-25 19:17:54 --> URI Class Initialized
INFO - 2024-12-25 19:17:54 --> Router Class Initialized
INFO - 2024-12-25 19:17:54 --> Output Class Initialized
INFO - 2024-12-25 19:17:54 --> Security Class Initialized
DEBUG - 2024-12-25 19:17:54 --> Global POST, GET and COOKIE data sanitized
INFO - 2024-12-25 19:17:54 --> Input Class Initialized
INFO - 2024-12-25 19:17:54 --> Language Class Initialized
INFO - 2024-12-25 19:17:54 --> Language Class Initialized
INFO - 2024-12-25 19:17:54 --> Config Class Initialized
INFO - 2024-12-25 19:17:54 --> Loader Class Initialized
INFO - 2024-12-25 19:17:54 --> Helper loaded: url_helper
INFO - 2024-12-25 19:17:54 --> Helper loaded: easyui_helper
INFO - 2024-12-25 19:17:54 --> Helper loaded: param_helper
INFO - 2024-12-25 19:17:54 --> Helper loaded: credential_helper
INFO - 2024-12-25 19:17:54 --> Helper loaded: template_helper
INFO - 2024-12-25 19:17:54 --> Helper loaded: rest_helper
INFO - 2024-12-25 19:17:54 --> Database Driver Class Initialized
DEBUG - 2024-12-25 19:17:54 --> Idgenerator class already loaded. Second attempt ignored.
INFO - 2024-12-25 19:17:54 --> Controller Class Initialized
INFO - 2024-12-25 19:17:54 --> Model Class Initialized
DEBUG - 2024-12-25 19:17:54 --> File loaded: /apps/web-drc/application/modules/api_v1/models/Api_v1_model.php
INFO - 2024-12-25 19:17:54 --> Model Class Initialized
INFO - 2024-12-25 19:17:54 --> Final output sent to browser
DEBUG - 2024-12-25 19:17:54 --> Total execution time: 0.0024
INFO - 2024-12-25 19:17:54 --> Config Class Initialized
INFO - 2024-12-25 19:17:54 --> Hooks Class Initialized
DEBUG - 2024-12-25 19:17:54 --> UTF-8 Support Enabled
INFO - 2024-12-25 19:17:54 --> Utf8 Class Initialized
INFO - 2024-12-25 19:17:54 --> URI Class Initialized
INFO - 2024-12-25 19:17:54 --> Router Class Initialized
INFO - 2024-12-25 19:17:54 --> Output Class Initialized
INFO - 2024-12-25 19:17:54 --> Security Class Initialized
DEBUG - 2024-12-25 19:17:54 --> Global POST, GET and COOKIE data sanitized
INFO - 2024-12-25 19:17:54 --> Input Class Initialized
INFO - 2024-12-25 19:17:54 --> Language Class Initialized
INFO - 2024-12-25 19:17:54 --> Language Class Initialized
INFO - 2024-12-25 19:17:54 --> Config Class Initialized
INFO - 2024-12-25 19:17:54 --> Loader Class Initialized
INFO - 2024-12-25 19:17:54 --> Helper loaded: url_helper
INFO - 2024-12-25 19:17:54 --> Helper loaded: easyui_helper
INFO - 2024-12-25 19:17:54 --> Helper loaded: param_helper
INFO - 2024-12-25 19:17:54 --> Helper loaded: credential_helper
INFO - 2024-12-25 19:17:54 --> Helper loaded: template_helper
INFO - 2024-12-25 19:17:54 --> Helper loaded: rest_helper
INFO - 2024-12-25 19:17:54 --> Database Driver Class Initialized
DEBUG - 2024-12-25 19:17:54 --> Idgenerator class already loaded. Second attempt ignored.
INFO - 2024-12-25 19:17:54 --> Controller Class Initialized
INFO - 2024-12-25 19:17:54 --> Model Class Initialized
DEBUG - 2024-12-25 19:17:54 --> File loaded: /apps/web-drc/application/modules/api_v1/models/Api_v1_model.php
INFO - 2024-12-25 19:17:54 --> Model Class Initialized
INFO - 2024-12-25 19:17:54 --> Final output sent to browser
DEBUG - 2024-12-25 19:17:54 --> Total execution time: 0.0024
INFO - 2024-12-25 19:17:54 --> Config Class Initialized
INFO - 2024-12-25 19:17:54 --> Hooks Class Initialized
DEBUG - 2024-12-25 19:17:54 --> UTF-8 Support Enabled
INFO - 2024-12-25 19:17:54 --> Utf8 Class Initialized
INFO - 2024-12-25 19:17:54 --> URI Class Initialized
INFO - 2024-12-25 19:17:54 --> Router Class Initialized
INFO - 2024-12-25 19:17:54 --> Output Class Initialized
INFO - 2024-12-25 19:17:54 --> Security Class Initialized
DEBUG - 2024-12-25 19:17:54 --> Global POST, GET and COOKIE data sanitized
INFO - 2024-12-25 19:17:54 --> Input Class Initialized
INFO - 2024-12-25 19:17:54 --> Language Class Initialized
INFO - 2024-12-25 19:17:54 --> Language Class Initialized
INFO - 2024-12-25 19:17:54 --> Config Class Initialized
INFO - 2024-12-25 19:17:54 --> Loader Class Initialized
INFO - 2024-12-25 19:17:54 --> Helper loaded: url_helper
INFO - 2024-12-25 19:17:54 --> Helper loaded: easyui_helper
INFO - 2024-12-25 19:17:54 --> Helper loaded: param_helper
INFO - 2024-12-25 19:17:54 --> Helper loaded: credential_helper
INFO - 2024-12-25 19:17:54 --> Helper loaded: template_helper
INFO - 2024-12-25 19:17:54 --> Helper loaded: rest_helper
INFO - 2024-12-25 19:17:54 --> Database Driver Class Initialized
DEBUG - 2024-12-25 19:17:54 --> Idgenerator class already loaded. Second attempt ignored.
INFO - 2024-12-25 19:17:54 --> Controller Class Initialized
INFO - 2024-12-25 19:17:54 --> Model Class Initialized
DEBUG - 2024-12-25 19:17:54 --> File loaded: /apps/web-drc/application/modules/api_v1/models/Api_v1_model.php
INFO - 2024-12-25 19:17:54 --> Model Class Initialized
INFO - 2024-12-25 19:17:55 --> Final output sent to browser
DEBUG - 2024-12-25 19:17:55 --> Total execution time: 0.1848
INFO - 2024-12-25 19:18:13 --> Config Class Initialized
INFO - 2024-12-25 19:18:13 --> Hooks Class Initialized
DEBUG - 2024-12-25 19:18:13 --> UTF-8 Support Enabled
INFO - 2024-12-25 19:18:13 --> Utf8 Class Initialized
INFO - 2024-12-25 19:18:13 --> URI Class Initialized
INFO - 2024-12-25 19:18:13 --> Router Class Initialized
INFO - 2024-12-25 19:18:13 --> Output Class Initialized
INFO - 2024-12-25 19:18:13 --> Security Class Initialized
DEBUG - 2024-12-25 19:18:13 --> Global POST, GET and COOKIE data sanitized
INFO - 2024-12-25 19:18:13 --> Input Class Initialized
INFO - 2024-12-25 19:18:13 --> Language Class Initialized
INFO - 2024-12-25 19:18:13 --> Language Class Initialized
INFO - 2024-12-25 19:18:13 --> Config Class Initialized
INFO - 2024-12-25 19:18:13 --> Loader Class Initialized
INFO - 2024-12-25 19:18:13 --> Helper loaded: url_helper
INFO - 2024-12-25 19:18:13 --> Helper loaded: easyui_helper
INFO - 2024-12-25 19:18:13 --> Helper loaded: param_helper
INFO - 2024-12-25 19:18:13 --> Helper loaded: credential_helper
INFO - 2024-12-25 19:18:13 --> Helper loaded: template_helper
INFO - 2024-12-25 19:18:13 --> Helper loaded: rest_helper
INFO - 2024-12-25 19:18:13 --> Database Driver Class Initialized
DEBUG - 2024-12-25 19:18:13 --> Idgenerator class already loaded. Second attempt ignored.
INFO - 2024-12-25 19:18:13 --> Controller Class Initialized
INFO - 2024-12-25 19:18:13 --> Model Class Initialized
DEBUG - 2024-12-25 19:18:13 --> File loaded: /apps/web-drc/application/modules/api_v1/models/Api_v1_model.php
INFO - 2024-12-25 19:18:13 --> Model Class Initialized
INFO - 2024-12-25 19:18:13 --> Final output sent to browser
DEBUG - 2024-12-25 19:18:13 --> Total execution time: 0.0038
INFO - 2024-12-25 19:18:14 --> Config Class Initialized
INFO - 2024-12-25 19:18:14 --> Hooks Class Initialized
DEBUG - 2024-12-25 19:18:14 --> UTF-8 Support Enabled
INFO - 2024-12-25 19:18:14 --> Utf8 Class Initialized
INFO - 2024-12-25 19:18:14 --> URI Class Initialized
INFO - 2024-12-25 19:18:14 --> Router Class Initialized
INFO - 2024-12-25 19:18:14 --> Output Class Initialized
INFO - 2024-12-25 19:18:14 --> Security Class Initialized
DEBUG - 2024-12-25 19:18:14 --> Global POST, GET and COOKIE data sanitized
INFO - 2024-12-25 19:18:14 --> Input Class Initialized
INFO - 2024-12-25 19:18:14 --> Language Class Initialized
INFO - 2024-12-25 19:18:14 --> Language Class Initialized
INFO - 2024-12-25 19:18:14 --> Config Class Initialized
INFO - 2024-12-25 19:18:14 --> Loader Class Initialized
INFO - 2024-12-25 19:18:14 --> Helper loaded: url_helper
INFO - 2024-12-25 19:18:14 --> Helper loaded: easyui_helper
INFO - 2024-12-25 19:18:14 --> Helper loaded: param_helper
INFO - 2024-12-25 19:18:14 --> Helper loaded: credential_helper
INFO - 2024-12-25 19:18:14 --> Helper loaded: template_helper
INFO - 2024-12-25 19:18:14 --> Helper loaded: rest_helper
INFO - 2024-12-25 19:18:14 --> Database Driver Class Initialized
DEBUG - 2024-12-25 19:18:14 --> Idgenerator class already loaded. Second attempt ignored.
INFO - 2024-12-25 19:18:14 --> Controller Class Initialized
INFO - 2024-12-25 19:18:14 --> Model Class Initialized
DEBUG - 2024-12-25 19:18:14 --> File loaded: /apps/web-drc/application/modules/api_v1/models/Api_v1_model.php
INFO - 2024-12-25 19:18:14 --> Model Class Initialized
INFO - 2024-12-25 19:18:14 --> Final output sent to browser
DEBUG - 2024-12-25 19:18:14 --> Total execution time: 0.0039
INFO - 2024-12-25 19:18:30 --> Config Class Initialized
INFO - 2024-12-25 19:18:30 --> Hooks Class Initialized
DEBUG - 2024-12-25 19:18:30 --> UTF-8 Support Enabled
INFO - 2024-12-25 19:18:30 --> Utf8 Class Initialized
INFO - 2024-12-25 19:18:30 --> URI Class Initialized
INFO - 2024-12-25 19:18:30 --> Router Class Initialized
INFO - 2024-12-25 19:18:30 --> Output Class Initialized
INFO - 2024-12-25 19:18:30 --> Security Class Initialized
DEBUG - 2024-12-25 19:18:30 --> Global POST, GET and COOKIE data sanitized
INFO - 2024-12-25 19:18:30 --> Input Class Initialized
INFO - 2024-12-25 19:18:30 --> Language Class Initialized
INFO - 2024-12-25 19:18:30 --> Language Class Initialized
INFO - 2024-12-25 19:18:30 --> Config Class Initialized
INFO - 2024-12-25 19:18:30 --> Loader Class Initialized
INFO - 2024-12-25 19:18:30 --> Helper loaded: url_helper
INFO - 2024-12-25 19:18:30 --> Helper loaded: easyui_helper
INFO - 2024-12-25 19:18:30 --> Helper loaded: param_helper
INFO - 2024-12-25 19:18:30 --> Helper loaded: credential_helper
INFO - 2024-12-25 19:18:30 --> Helper loaded: template_helper
INFO - 2024-12-25 19:18:30 --> Helper loaded: rest_helper
INFO - 2024-12-25 19:18:30 --> Database Driver Class Initialized
DEBUG - 2024-12-25 19:18:30 --> Idgenerator class already loaded. Second attempt ignored.
INFO - 2024-12-25 19:18:30 --> Controller Class Initialized
INFO - 2024-12-25 19:18:30 --> Model Class Initialized
DEBUG - 2024-12-25 19:18:30 --> File loaded: /apps/web-drc/application/modules/api_v1/models/Api_v1_model.php
INFO - 2024-12-25 19:18:30 --> Model Class Initialized
INFO - 2024-12-25 19:18:30 --> Final output sent to browser
DEBUG - 2024-12-25 19:18:30 --> Total execution time: 0.0037
INFO - 2024-12-25 19:18:33 --> Config Class Initialized
INFO - 2024-12-25 19:18:33 --> Hooks Class Initialized
DEBUG - 2024-12-25 19:18:33 --> UTF-8 Support Enabled
INFO - 2024-12-25 19:18:33 --> Utf8 Class Initialized
INFO - 2024-12-25 19:18:33 --> URI Class Initialized
INFO - 2024-12-25 19:18:33 --> Router Class Initialized
INFO - 2024-12-25 19:18:33 --> Output Class Initialized
INFO - 2024-12-25 19:18:33 --> Security Class Initialized
DEBUG - 2024-12-25 19:18:33 --> Global POST, GET and COOKIE data sanitized
INFO - 2024-12-25 19:18:33 --> Input Class Initialized
INFO - 2024-12-25 19:18:33 --> Language Class Initialized
INFO - 2024-12-25 19:18:33 --> Language Class Initialized
INFO - 2024-12-25 19:18:33 --> Config Class Initialized
INFO - 2024-12-25 19:18:33 --> Loader Class Initialized
INFO - 2024-12-25 19:18:33 --> Helper loaded: url_helper
INFO - 2024-12-25 19:18:33 --> Helper loaded: easyui_helper
INFO - 2024-12-25 19:18:33 --> Helper loaded: param_helper
INFO - 2024-12-25 19:18:33 --> Helper loaded: credential_helper
INFO - 2024-12-25 19:18:33 --> Helper loaded: template_helper
INFO - 2024-12-25 19:18:33 --> Helper loaded: rest_helper
INFO - 2024-12-25 19:18:33 --> Database Driver Class Initialized
DEBUG - 2024-12-25 19:18:33 --> Idgenerator class already loaded. Second attempt ignored.
INFO - 2024-12-25 19:18:33 --> Controller Class Initialized
INFO - 2024-12-25 19:18:33 --> Model Class Initialized
DEBUG - 2024-12-25 19:18:33 --> File loaded: /apps/web-drc/application/modules/api_v1/models/Api_v1_model.php
INFO - 2024-12-25 19:18:33 --> Model Class Initialized
INFO - 2024-12-25 19:18:33 --> Final output sent to browser
DEBUG - 2024-12-25 19:18:33 --> Total execution time: 0.0045
INFO - 2024-12-25 19:18:35 --> Config Class Initialized
INFO - 2024-12-25 19:18:35 --> Hooks Class Initialized
DEBUG - 2024-12-25 19:18:35 --> UTF-8 Support Enabled
INFO - 2024-12-25 19:18:35 --> Utf8 Class Initialized
INFO - 2024-12-25 19:18:35 --> URI Class Initialized
INFO - 2024-12-25 19:18:35 --> Router Class Initialized
INFO - 2024-12-25 19:18:35 --> Output Class Initialized
INFO - 2024-12-25 19:18:35 --> Security Class Initialized
DEBUG - 2024-12-25 19:18:35 --> Global POST, GET and COOKIE data sanitized
INFO - 2024-12-25 19:18:35 --> Input Class Initialized
INFO - 2024-12-25 19:18:35 --> Language Class Initialized
INFO - 2024-12-25 19:18:35 --> Language Class Initialized
INFO - 2024-12-25 19:18:35 --> Config Class Initialized
INFO - 2024-12-25 19:18:35 --> Loader Class Initialized
INFO - 2024-12-25 19:18:35 --> Helper loaded: url_helper
INFO - 2024-12-25 19:18:35 --> Helper loaded: easyui_helper
INFO - 2024-12-25 19:18:35 --> Helper loaded: param_helper
INFO - 2024-12-25 19:18:35 --> Helper loaded: credential_helper
INFO - 2024-12-25 19:18:35 --> Helper loaded: template_helper
INFO - 2024-12-25 19:18:35 --> Helper loaded: rest_helper
INFO - 2024-12-25 19:18:35 --> Database Driver Class Initialized
DEBUG - 2024-12-25 19:18:35 --> Idgenerator class already loaded. Second attempt ignored.
INFO - 2024-12-25 19:18:35 --> Controller Class Initialized
INFO - 2024-12-25 19:18:35 --> Model Class Initialized
DEBUG - 2024-12-25 19:18:35 --> File loaded: /apps/web-drc/application/modules/api_v1/models/Api_v1_model.php
INFO - 2024-12-25 19:18:35 --> Model Class Initialized
INFO - 2024-12-25 19:18:35 --> Final output sent to browser
DEBUG - 2024-12-25 19:18:35 --> Total execution time: 0.0037
INFO - 2024-12-25 19:18:53 --> Config Class Initialized
INFO - 2024-12-25 19:18:53 --> Hooks Class Initialized
DEBUG - 2024-12-25 19:18:53 --> UTF-8 Support Enabled
INFO - 2024-12-25 19:18:53 --> Utf8 Class Initialized
INFO - 2024-12-25 19:18:53 --> URI Class Initialized
INFO - 2024-12-25 19:18:53 --> Router Class Initialized
INFO - 2024-12-25 19:18:53 --> Output Class Initialized
INFO - 2024-12-25 19:18:53 --> Security Class Initialized
DEBUG - 2024-12-25 19:18:53 --> Global POST, GET and COOKIE data sanitized
INFO - 2024-12-25 19:18:53 --> Input Class Initialized
INFO - 2024-12-25 19:18:53 --> Language Class Initialized
INFO - 2024-12-25 19:18:53 --> Language Class Initialized
INFO - 2024-12-25 19:18:53 --> Config Class Initialized
INFO - 2024-12-25 19:18:53 --> Loader Class Initialized
INFO - 2024-12-25 19:18:53 --> Helper loaded: url_helper
INFO - 2024-12-25 19:18:53 --> Helper loaded: easyui_helper
INFO - 2024-12-25 19:18:53 --> Helper loaded: param_helper
INFO - 2024-12-25 19:18:53 --> Helper loaded: credential_helper
INFO - 2024-12-25 19:18:53 --> Helper loaded: template_helper
INFO - 2024-12-25 19:18:53 --> Helper loaded: rest_helper
INFO - 2024-12-25 19:18:53 --> Database Driver Class Initialized
DEBUG - 2024-12-25 19:18:53 --> Idgenerator class already loaded. Second attempt ignored.
INFO - 2024-12-25 19:18:53 --> Controller Class Initialized
INFO - 2024-12-25 19:18:53 --> Model Class Initialized
DEBUG - 2024-12-25 19:18:53 --> File loaded: /apps/web-drc/application/modules/ref_customer/models/Customer_model.php
INFO - 2024-12-25 19:18:53 --> Model Class Initialized
ERROR - 2024-12-25 19:18:53 --> Cache: Failed to initialize APC; extension not loaded/enabled?
INFO - 2024-12-25 19:18:53 --> Helper loaded: file_helper
ERROR - 2024-12-25 19:18:53 --> Cache adapter "apc" and backup "file" are both unavailable. Cache is now using "Dummy" adapter.
ERROR - 2024-12-25 19:18:53 --> Severity: Warning --> fopen(/apps/web-drc/resource/files/lock/lock.txt): failed to open stream: Permission denied /apps/web-drc/application/libraries/IDGenerator.php 30
ERROR - 2024-12-25 19:18:53 --> Severity: Warning --> flock() expects parameter 1 to be resource, bool given /apps/web-drc/application/libraries/IDGenerator.php 31
ERROR - 2024-12-25 19:18:53 --> Severity: Warning --> fclose() expects parameter 1 to be resource, bool given /apps/web-drc/application/libraries/IDGenerator.php 67
INFO - 2024-12-25 19:18:53 --> Final output sent to browser
DEBUG - 2024-12-25 19:18:53 --> Total execution time: 0.0073
INFO - 2024-12-25 19:19:16 --> Config Class Initialized
INFO - 2024-12-25 19:19:16 --> Hooks Class Initialized
DEBUG - 2024-12-25 19:19:16 --> UTF-8 Support Enabled
INFO - 2024-12-25 19:19:16 --> Utf8 Class Initialized
INFO - 2024-12-25 19:19:16 --> URI Class Initialized
INFO - 2024-12-25 19:19:16 --> Router Class Initialized
INFO - 2024-12-25 19:19:16 --> Output Class Initialized
INFO - 2024-12-25 19:19:16 --> Security Class Initialized
DEBUG - 2024-12-25 19:19:16 --> Global POST, GET and COOKIE data sanitized
INFO - 2024-12-25 19:19:16 --> Input Class Initialized
INFO - 2024-12-25 19:19:16 --> Language Class Initialized
INFO - 2024-12-25 19:19:16 --> Language Class Initialized
INFO - 2024-12-25 19:19:16 --> Config Class Initialized
INFO - 2024-12-25 19:19:16 --> Loader Class Initialized
INFO - 2024-12-25 19:19:16 --> Helper loaded: url_helper
INFO - 2024-12-25 19:19:16 --> Helper loaded: easyui_helper
INFO - 2024-12-25 19:19:16 --> Helper loaded: param_helper
INFO - 2024-12-25 19:19:16 --> Helper loaded: credential_helper
INFO - 2024-12-25 19:19:16 --> Helper loaded: template_helper
INFO - 2024-12-25 19:19:16 --> Helper loaded: rest_helper
INFO - 2024-12-25 19:19:16 --> Database Driver Class Initialized
DEBUG - 2024-12-25 19:19:16 --> Idgenerator class already loaded. Second attempt ignored.
INFO - 2024-12-25 19:19:16 --> Controller Class Initialized
INFO - 2024-12-25 19:19:16 --> Model Class Initialized
DEBUG - 2024-12-25 19:19:16 --> File loaded: /apps/web-drc/application/modules/ref_customer/models/Customer_model.php
INFO - 2024-12-25 19:19:16 --> Model Class Initialized
ERROR - 2024-12-25 19:19:16 --> Cache: Failed to initialize APC; extension not loaded/enabled?
INFO - 2024-12-25 19:19:16 --> Helper loaded: file_helper
ERROR - 2024-12-25 19:19:16 --> Cache adapter "apc" and backup "file" are both unavailable. Cache is now using "Dummy" adapter.
ERROR - 2024-12-25 19:19:16 --> Severity: Warning --> fopen(/apps/web-drc/resource/files/lock/lock.txt): failed to open stream: Permission denied /apps/web-drc/application/libraries/IDGenerator.php 30
ERROR - 2024-12-25 19:19:16 --> Severity: Warning --> flock() expects parameter 1 to be resource, bool given /apps/web-drc/application/libraries/IDGenerator.php 31
ERROR - 2024-12-25 19:19:16 --> Severity: Warning --> fclose() expects parameter 1 to be resource, bool given /apps/web-drc/application/libraries/IDGenerator.php 67
INFO - 2024-12-25 19:19:16 --> Final output sent to browser
DEBUG - 2024-12-25 19:19:16 --> Total execution time: 0.0084
INFO - 2024-12-25 19:47:29 --> Config Class Initialized
INFO - 2024-12-25 19:47:29 --> Hooks Class Initialized
DEBUG - 2024-12-25 19:47:29 --> UTF-8 Support Enabled
INFO - 2024-12-25 19:47:29 --> Utf8 Class Initialized
INFO - 2024-12-25 19:47:29 --> URI Class Initialized
INFO - 2024-12-25 19:47:29 --> Router Class Initialized
INFO - 2024-12-25 19:47:29 --> Output Class Initialized
INFO - 2024-12-25 19:47:29 --> Security Class Initialized
DEBUG - 2024-12-25 19:47:29 --> Global POST, GET and COOKIE data sanitized
INFO - 2024-12-25 19:47:29 --> Input Class Initialized
INFO - 2024-12-25 19:47:29 --> Language Class Initialized
INFO - 2024-12-25 19:47:29 --> Language Class Initialized
INFO - 2024-12-25 19:47:29 --> Config Class Initialized
INFO - 2024-12-25 19:47:29 --> Loader Class Initialized
INFO - 2024-12-25 19:47:29 --> Helper loaded: url_helper
INFO - 2024-12-25 19:47:29 --> Helper loaded: easyui_helper
INFO - 2024-12-25 19:47:29 --> Helper loaded: param_helper
INFO - 2024-12-25 19:47:29 --> Helper loaded: credential_helper
INFO - 2024-12-25 19:47:29 --> Helper loaded: template_helper
INFO - 2024-12-25 19:47:29 --> Helper loaded: rest_helper
INFO - 2024-12-25 19:47:29 --> Database Driver Class Initialized
DEBUG - 2024-12-25 19:47:29 --> Idgenerator class already loaded. Second attempt ignored.
INFO - 2024-12-25 19:47:29 --> Controller Class Initialized
INFO - 2024-12-25 19:47:29 --> Model Class Initialized
DEBUG - 2024-12-25 19:47:29 --> File loaded: /apps/web-drc/application/modules/ref_customer/models/Customer_model.php
INFO - 2024-12-25 19:47:29 --> Model Class Initialized
ERROR - 2024-12-25 19:47:29 --> Cache: Failed to initialize APC; extension not loaded/enabled?
INFO - 2024-12-25 19:47:29 --> Helper loaded: file_helper
ERROR - 2024-12-25 19:47:29 --> Cache adapter "apc" and backup "file" are both unavailable. Cache is now using "Dummy" adapter.
ERROR - 2024-12-25 19:47:29 --> Severity: Warning --> fopen(/apps/web-drc/resource/files/lock/lock.txt): failed to open stream: Permission denied /apps/web-drc/application/libraries/IDGenerator.php 30
ERROR - 2024-12-25 19:47:29 --> Severity: Warning --> flock() expects parameter 1 to be resource, bool given /apps/web-drc/application/libraries/IDGenerator.php 31
ERROR - 2024-12-25 19:47:29 --> Severity: Warning --> fclose() expects parameter 1 to be resource, bool given /apps/web-drc/application/libraries/IDGenerator.php 67
INFO - 2024-12-25 19:47:29 --> Final output sent to browser
DEBUG - 2024-12-25 19:47:29 --> Total execution time: 0.0066
INFO - 2024-12-25 19:47:52 --> Config Class Initialized
INFO - 2024-12-25 19:47:52 --> Hooks Class Initialized
DEBUG - 2024-12-25 19:47:52 --> UTF-8 Support Enabled
INFO - 2024-12-25 19:47:52 --> Utf8 Class Initialized
INFO - 2024-12-25 19:47:52 --> URI Class Initialized
INFO - 2024-12-25 19:47:52 --> Router Class Initialized
INFO - 2024-12-25 19:47:52 --> Output Class Initialized
INFO - 2024-12-25 19:47:52 --> Security Class Initialized
DEBUG - 2024-12-25 19:47:52 --> Global POST, GET and COOKIE data sanitized
INFO - 2024-12-25 19:47:52 --> Input Class Initialized
INFO - 2024-12-25 19:47:52 --> Language Class Initialized
INFO - 2024-12-25 19:47:52 --> Language Class Initialized
INFO - 2024-12-25 19:47:52 --> Config Class Initialized
INFO - 2024-12-25 19:47:52 --> Loader Class Initialized
INFO - 2024-12-25 19:47:52 --> Helper loaded: url_helper
INFO - 2024-12-25 19:47:52 --> Helper loaded: easyui_helper
INFO - 2024-12-25 19:47:52 --> Helper loaded: param_helper
INFO - 2024-12-25 19:47:52 --> Helper loaded: credential_helper
INFO - 2024-12-25 19:47:52 --> Helper loaded: template_helper
INFO - 2024-12-25 19:47:52 --> Helper loaded: rest_helper
INFO - 2024-12-25 19:47:52 --> Database Driver Class Initialized
DEBUG - 2024-12-25 19:47:52 --> Idgenerator class already loaded. Second attempt ignored.
INFO - 2024-12-25 19:47:52 --> Controller Class Initialized
INFO - 2024-12-25 19:47:52 --> Model Class Initialized
DEBUG - 2024-12-25 19:47:52 --> File loaded: /apps/web-drc/application/modules/mapping_promo_active/models/Promo_active_model.php
INFO - 2024-12-25 19:47:52 --> Model Class Initialized
DEBUG - 2024-12-25 19:47:52 --> File loaded: /apps/web-drc/application/modules/mapping_promo_active/views/content.php
DEBUG - 2024-12-25 19:47:52 --> File loaded: /apps/web-drc/application/views/templates/header.php
DEBUG - 2024-12-25 19:47:52 --> File loaded: /apps/web-drc/application/views/templates/toolbar.php
DEBUG - 2024-12-25 19:47:52 --> File loaded: /apps/web-drc/application/views/templates/sidebar.php
DEBUG - 2024-12-25 19:47:52 --> File loaded: /apps/web-drc/application/views/templates/contents.php
DEBUG - 2024-12-25 19:47:52 --> File loaded: /apps/web-drc/application/views/templates/content_footer.php
DEBUG - 2024-12-25 19:47:52 --> File loaded: /apps/web-drc/application/views/templates/footer.php
DEBUG - 2024-12-25 19:47:52 --> File loaded: /apps/web-drc/application/views/templates/default.php
INFO - 2024-12-25 19:47:52 --> Final output sent to browser
DEBUG - 2024-12-25 19:47:52 --> Total execution time: 0.0070
INFO - 2024-12-25 19:47:52 --> Config Class Initialized
INFO - 2024-12-25 19:47:52 --> Hooks Class Initialized
DEBUG - 2024-12-25 19:47:52 --> UTF-8 Support Enabled
INFO - 2024-12-25 19:47:52 --> Utf8 Class Initialized
INFO - 2024-12-25 19:47:52 --> URI Class Initialized
INFO - 2024-12-25 19:47:52 --> Router Class Initialized
INFO - 2024-12-25 19:47:52 --> Output Class Initialized
INFO - 2024-12-25 19:47:52 --> Security Class Initialized
DEBUG - 2024-12-25 19:47:52 --> Global POST, GET and COOKIE data sanitized
INFO - 2024-12-25 19:47:52 --> Input Class Initialized
INFO - 2024-12-25 19:47:52 --> Language Class Initialized
ERROR - 2024-12-25 19:47:52 --> 404 Page Not Found: /index
INFO - 2024-12-25 19:47:52 --> Config Class Initialized
INFO - 2024-12-25 19:47:52 --> Hooks Class Initialized
DEBUG - 2024-12-25 19:47:52 --> UTF-8 Support Enabled
INFO - 2024-12-25 19:47:52 --> Utf8 Class Initialized
INFO - 2024-12-25 19:47:52 --> URI Class Initialized
INFO - 2024-12-25 19:47:52 --> Router Class Initialized
INFO - 2024-12-25 19:47:52 --> Output Class Initialized
INFO - 2024-12-25 19:47:52 --> Security Class Initialized
DEBUG - 2024-12-25 19:47:52 --> Global POST, GET and COOKIE data sanitized
INFO - 2024-12-25 19:47:52 --> Input Class Initialized
INFO - 2024-12-25 19:47:52 --> Language Class Initialized
INFO - 2024-12-25 19:47:52 --> Language Class Initialized
INFO - 2024-12-25 19:47:52 --> Config Class Initialized
INFO - 2024-12-25 19:47:52 --> Loader Class Initialized
INFO - 2024-12-25 19:47:52 --> Helper loaded: url_helper
INFO - 2024-12-25 19:47:52 --> Helper loaded: easyui_helper
INFO - 2024-12-25 19:47:52 --> Helper loaded: param_helper
INFO - 2024-12-25 19:47:52 --> Helper loaded: credential_helper
INFO - 2024-12-25 19:47:52 --> Helper loaded: template_helper
INFO - 2024-12-25 19:47:52 --> Helper loaded: rest_helper
INFO - 2024-12-25 19:47:52 --> Database Driver Class Initialized
DEBUG - 2024-12-25 19:47:52 --> Idgenerator class already loaded. Second attempt ignored.
INFO - 2024-12-25 19:47:52 --> Controller Class Initialized
INFO - 2024-12-25 19:47:52 --> Model Class Initialized
DEBUG - 2024-12-25 19:47:52 --> File loaded: /apps/web-drc/application/modules/mapping_promo_active/models/Promo_active_model.php
INFO - 2024-12-25 19:47:52 --> Model Class Initialized
INFO - 2024-12-25 19:47:52 --> Final output sent to browser
DEBUG - 2024-12-25 19:47:52 --> Total execution time: 0.0048
INFO - 2024-12-25 19:47:56 --> Config Class Initialized
INFO - 2024-12-25 19:47:56 --> Hooks Class Initialized
DEBUG - 2024-12-25 19:47:56 --> UTF-8 Support Enabled
INFO - 2024-12-25 19:47:56 --> Utf8 Class Initialized
INFO - 2024-12-25 19:47:56 --> URI Class Initialized
INFO - 2024-12-25 19:47:56 --> Router Class Initialized
INFO - 2024-12-25 19:47:56 --> Output Class Initialized
INFO - 2024-12-25 19:47:56 --> Security Class Initialized
DEBUG - 2024-12-25 19:47:56 --> Global POST, GET and COOKIE data sanitized
INFO - 2024-12-25 19:47:56 --> Input Class Initialized
INFO - 2024-12-25 19:47:56 --> Language Class Initialized
INFO - 2024-12-25 19:47:56 --> Language Class Initialized
INFO - 2024-12-25 19:47:56 --> Config Class Initialized
INFO - 2024-12-25 19:47:56 --> Loader Class Initialized
INFO - 2024-12-25 19:47:56 --> Helper loaded: url_helper
INFO - 2024-12-25 19:47:56 --> Helper loaded: easyui_helper
INFO - 2024-12-25 19:47:56 --> Helper loaded: param_helper
INFO - 2024-12-25 19:47:56 --> Helper loaded: credential_helper
INFO - 2024-12-25 19:47:56 --> Helper loaded: template_helper
INFO - 2024-12-25 19:47:56 --> Helper loaded: rest_helper
INFO - 2024-12-25 19:47:56 --> Database Driver Class Initialized
DEBUG - 2024-12-25 19:47:56 --> Idgenerator class already loaded. Second attempt ignored.
INFO - 2024-12-25 19:47:56 --> Controller Class Initialized
INFO - 2024-12-25 19:47:56 --> Model Class Initialized
DEBUG - 2024-12-25 19:47:56 --> File loaded: /apps/web-drc/application/modules/mapping_promo_active/models/Promo_active_model.php
INFO - 2024-12-25 19:47:56 --> Model Class Initialized
INFO - 2024-12-25 19:47:56 --> Final output sent to browser
DEBUG - 2024-12-25 19:47:56 --> Total execution time: 0.0147
INFO - 2024-12-25 19:48:01 --> Config Class Initialized
INFO - 2024-12-25 19:48:01 --> Hooks Class Initialized
DEBUG - 2024-12-25 19:48:01 --> UTF-8 Support Enabled
INFO - 2024-12-25 19:48:01 --> Utf8 Class Initialized
INFO - 2024-12-25 19:48:01 --> URI Class Initialized
INFO - 2024-12-25 19:48:01 --> Router Class Initialized
INFO - 2024-12-25 19:48:01 --> Output Class Initialized
INFO - 2024-12-25 19:48:01 --> Security Class Initialized
DEBUG - 2024-12-25 19:48:01 --> Global POST, GET and COOKIE data sanitized
INFO - 2024-12-25 19:48:01 --> Input Class Initialized
INFO - 2024-12-25 19:48:01 --> Language Class Initialized
INFO - 2024-12-25 19:48:01 --> Language Class Initialized
INFO - 2024-12-25 19:48:01 --> Config Class Initialized
INFO - 2024-12-25 19:48:01 --> Loader Class Initialized
INFO - 2024-12-25 19:48:01 --> Helper loaded: url_helper
INFO - 2024-12-25 19:48:01 --> Helper loaded: easyui_helper
INFO - 2024-12-25 19:48:01 --> Helper loaded: param_helper
INFO - 2024-12-25 19:48:01 --> Helper loaded: credential_helper
INFO - 2024-12-25 19:48:01 --> Helper loaded: template_helper
INFO - 2024-12-25 19:48:01 --> Helper loaded: rest_helper
INFO - 2024-12-25 19:48:01 --> Database Driver Class Initialized
DEBUG - 2024-12-25 19:48:01 --> Idgenerator class already loaded. Second attempt ignored.
INFO - 2024-12-25 19:48:01 --> Controller Class Initialized
INFO - 2024-12-25 19:48:01 --> Model Class Initialized
DEBUG - 2024-12-25 19:48:01 --> File loaded: /apps/web-drc/application/modules/mapping_promo_active/models/Promo_active_model.php
INFO - 2024-12-25 19:48:01 --> Model Class Initialized
DEBUG - 2024-12-25 19:48:01 --> File loaded: /apps/web-drc/application/modules/mapping_promo_active/views/form.php
DEBUG - 2024-12-25 19:48:01 --> File loaded: /apps/web-drc/application/views/templates/header.php
DEBUG - 2024-12-25 19:48:01 --> File loaded: /apps/web-drc/application/views/templates/toolbar.php
DEBUG - 2024-12-25 19:48:01 --> File loaded: /apps/web-drc/application/views/templates/sidebar.php
DEBUG - 2024-12-25 19:48:01 --> File loaded: /apps/web-drc/application/views/templates/contents.php
DEBUG - 2024-12-25 19:48:01 --> File loaded: /apps/web-drc/application/views/templates/content_footer.php
DEBUG - 2024-12-25 19:48:01 --> File loaded: /apps/web-drc/application/views/templates/footer.php
DEBUG - 2024-12-25 19:48:01 --> File loaded: /apps/web-drc/application/views/templates/default.php
INFO - 2024-12-25 19:48:01 --> Final output sent to browser
DEBUG - 2024-12-25 19:48:01 --> Total execution time: 0.0101
INFO - 2024-12-25 19:48:01 --> Config Class Initialized
INFO - 2024-12-25 19:48:01 --> Hooks Class Initialized
DEBUG - 2024-12-25 19:48:01 --> UTF-8 Support Enabled
INFO - 2024-12-25 19:48:01 --> Utf8 Class Initialized
INFO - 2024-12-25 19:48:01 --> URI Class Initialized
INFO - 2024-12-25 19:48:01 --> Router Class Initialized
INFO - 2024-12-25 19:48:01 --> Output Class Initialized
INFO - 2024-12-25 19:48:01 --> Security Class Initialized
DEBUG - 2024-12-25 19:48:01 --> Global POST, GET and COOKIE data sanitized
INFO - 2024-12-25 19:48:01 --> Input Class Initialized
INFO - 2024-12-25 19:48:01 --> Language Class Initialized
ERROR - 2024-12-25 19:48:01 --> 404 Page Not Found: /index
INFO - 2024-12-25 19:48:01 --> Config Class Initialized
INFO - 2024-12-25 19:48:01 --> Hooks Class Initialized
DEBUG - 2024-12-25 19:48:01 --> UTF-8 Support Enabled
INFO - 2024-12-25 19:48:01 --> Utf8 Class Initialized
INFO - 2024-12-25 19:48:01 --> URI Class Initialized
INFO - 2024-12-25 19:48:01 --> Router Class Initialized
INFO - 2024-12-25 19:48:01 --> Output Class Initialized
INFO - 2024-12-25 19:48:01 --> Security Class Initialized
DEBUG - 2024-12-25 19:48:01 --> Global POST, GET and COOKIE data sanitized
INFO - 2024-12-25 19:48:01 --> Input Class Initialized
INFO - 2024-12-25 19:48:01 --> Language Class Initialized
INFO - 2024-12-25 19:48:01 --> Language Class Initialized
INFO - 2024-12-25 19:48:01 --> Config Class Initialized
INFO - 2024-12-25 19:48:01 --> Loader Class Initialized
INFO - 2024-12-25 19:48:01 --> Helper loaded: url_helper
INFO - 2024-12-25 19:48:01 --> Helper loaded: easyui_helper
INFO - 2024-12-25 19:48:01 --> Helper loaded: param_helper
INFO - 2024-12-25 19:48:01 --> Helper loaded: credential_helper
INFO - 2024-12-25 19:48:01 --> Helper loaded: template_helper
INFO - 2024-12-25 19:48:01 --> Helper loaded: rest_helper
INFO - 2024-12-25 19:48:01 --> Database Driver Class Initialized
DEBUG - 2024-12-25 19:48:01 --> Idgenerator class already loaded. Second attempt ignored.
INFO - 2024-12-25 19:48:01 --> Controller Class Initialized
INFO - 2024-12-25 19:48:01 --> Model Class Initialized
DEBUG - 2024-12-25 19:48:01 --> File loaded: /apps/web-drc/application/modules/api_v1/models/Api_v1_model.php
INFO - 2024-12-25 19:48:01 --> Model Class Initialized
INFO - 2024-12-25 19:48:01 --> Final output sent to browser
DEBUG - 2024-12-25 19:48:01 --> Total execution time: 0.0036
INFO - 2024-12-25 19:48:01 --> Config Class Initialized
INFO - 2024-12-25 19:48:01 --> Hooks Class Initialized
DEBUG - 2024-12-25 19:48:01 --> UTF-8 Support Enabled
INFO - 2024-12-25 19:48:01 --> Utf8 Class Initialized
INFO - 2024-12-25 19:48:01 --> URI Class Initialized
INFO - 2024-12-25 19:48:01 --> Router Class Initialized
INFO - 2024-12-25 19:48:01 --> Output Class Initialized
INFO - 2024-12-25 19:48:01 --> Security Class Initialized
DEBUG - 2024-12-25 19:48:01 --> Global POST, GET and COOKIE data sanitized
INFO - 2024-12-25 19:48:01 --> Input Class Initialized
INFO - 2024-12-25 19:48:01 --> Language Class Initialized
INFO - 2024-12-25 19:48:01 --> Language Class Initialized
INFO - 2024-12-25 19:48:01 --> Config Class Initialized
INFO - 2024-12-25 19:48:01 --> Loader Class Initialized
INFO - 2024-12-25 19:48:01 --> Helper loaded: url_helper
INFO - 2024-12-25 19:48:01 --> Helper loaded: easyui_helper
INFO - 2024-12-25 19:48:01 --> Helper loaded: param_helper
INFO - 2024-12-25 19:48:01 --> Helper loaded: credential_helper
INFO - 2024-12-25 19:48:01 --> Helper loaded: template_helper
INFO - 2024-12-25 19:48:01 --> Helper loaded: rest_helper
INFO - 2024-12-25 19:48:01 --> Database Driver Class Initialized
DEBUG - 2024-12-25 19:48:01 --> Idgenerator class already loaded. Second attempt ignored.
INFO - 2024-12-25 19:48:01 --> Controller Class Initialized
INFO - 2024-12-25 19:48:01 --> Model Class Initialized
DEBUG - 2024-12-25 19:48:01 --> File loaded: /apps/web-drc/application/modules/api_v1/models/Api_v1_model.php
INFO - 2024-12-25 19:48:01 --> Model Class Initialized
INFO - 2024-12-25 19:48:01 --> Final output sent to browser
DEBUG - 2024-12-25 19:48:01 --> Total execution time: 0.0104
INFO - 2024-12-25 19:48:01 --> Config Class Initialized
INFO - 2024-12-25 19:48:01 --> Hooks Class Initialized
DEBUG - 2024-12-25 19:48:01 --> UTF-8 Support Enabled
INFO - 2024-12-25 19:48:01 --> Utf8 Class Initialized
INFO - 2024-12-25 19:48:01 --> URI Class Initialized
INFO - 2024-12-25 19:48:01 --> Router Class Initialized
INFO - 2024-12-25 19:48:01 --> Output Class Initialized
INFO - 2024-12-25 19:48:01 --> Security Class Initialized
DEBUG - 2024-12-25 19:48:01 --> Global POST, GET and COOKIE data sanitized
INFO - 2024-12-25 19:48:01 --> Input Class Initialized
INFO - 2024-12-25 19:48:01 --> Language Class Initialized
INFO - 2024-12-25 19:48:01 --> Language Class Initialized
INFO - 2024-12-25 19:48:01 --> Config Class Initialized
INFO - 2024-12-25 19:48:01 --> Loader Class Initialized
INFO - 2024-12-25 19:48:01 --> Helper loaded: url_helper
INFO - 2024-12-25 19:48:01 --> Helper loaded: easyui_helper
INFO - 2024-12-25 19:48:01 --> Helper loaded: param_helper
INFO - 2024-12-25 19:48:01 --> Helper loaded: credential_helper
INFO - 2024-12-25 19:48:01 --> Helper loaded: template_helper
INFO - 2024-12-25 19:48:01 --> Helper loaded: rest_helper
INFO - 2024-12-25 19:48:01 --> Database Driver Class Initialized
DEBUG - 2024-12-25 19:48:01 --> Idgenerator class already loaded. Second attempt ignored.
INFO - 2024-12-25 19:48:01 --> Controller Class Initialized
INFO - 2024-12-25 19:48:01 --> Model Class Initialized
DEBUG - 2024-12-25 19:48:01 --> File loaded: /apps/web-drc/application/modules/ref_customer_class/models/Customer_class_model.php
INFO - 2024-12-25 19:48:01 --> Model Class Initialized
INFO - 2024-12-25 19:48:01 --> Final output sent to browser
DEBUG - 2024-12-25 19:48:01 --> Total execution time: 0.0047
INFO - 2024-12-25 19:48:32 --> Config Class Initialized
INFO - 2024-12-25 19:48:32 --> Hooks Class Initialized
DEBUG - 2024-12-25 19:48:32 --> UTF-8 Support Enabled
INFO - 2024-12-25 19:48:32 --> Utf8 Class Initialized
INFO - 2024-12-25 19:48:32 --> URI Class Initialized
INFO - 2024-12-25 19:48:32 --> Router Class Initialized
INFO - 2024-12-25 19:48:32 --> Output Class Initialized
INFO - 2024-12-25 19:48:32 --> Security Class Initialized
DEBUG - 2024-12-25 19:48:32 --> Global POST, GET and COOKIE data sanitized
INFO - 2024-12-25 19:48:32 --> Input Class Initialized
INFO - 2024-12-25 19:48:32 --> Language Class Initialized
INFO - 2024-12-25 19:48:32 --> Language Class Initialized
INFO - 2024-12-25 19:48:32 --> Config Class Initialized
INFO - 2024-12-25 19:48:32 --> Loader Class Initialized
INFO - 2024-12-25 19:48:32 --> Helper loaded: url_helper
INFO - 2024-12-25 19:48:32 --> Helper loaded: easyui_helper
INFO - 2024-12-25 19:48:32 --> Helper loaded: param_helper
INFO - 2024-12-25 19:48:32 --> Helper loaded: credential_helper
INFO - 2024-12-25 19:48:32 --> Helper loaded: template_helper
INFO - 2024-12-25 19:48:32 --> Helper loaded: rest_helper
INFO - 2024-12-25 19:48:32 --> Database Driver Class Initialized
DEBUG - 2024-12-25 19:48:32 --> Idgenerator class already loaded. Second attempt ignored.
INFO - 2024-12-25 19:48:32 --> Controller Class Initialized
INFO - 2024-12-25 19:48:32 --> Model Class Initialized
DEBUG - 2024-12-25 19:48:32 --> File loaded: /apps/web-drc/application/modules/mapping_promo_active/models/Promo_active_model.php
INFO - 2024-12-25 19:48:32 --> Model Class Initialized
ERROR - 2024-12-25 19:48:32 --> Query error: Unknown column 'Array' in 'field list' - Invalid query: UPDATE `mapping_promo_active` SET `promo` = 'test promo 1', `tipepromo` = 'Discount', `classid` = '1', `start_periode` = '2024-12-25', `end_periode` = '2024-12-26', `productid` = Array, `description` = 'test desc', `idpromo` = '3444', `modified_by` = 'admin', `modified_date` = '2024-12-25 12:48:32'
WHERE `idpromo` = '3444'
INFO - 2024-12-25 19:48:32 --> Final output sent to browser
DEBUG - 2024-12-25 19:48:32 --> Total execution time: 0.0045
INFO - 2024-12-25 19:48:32 --> Config Class Initialized
INFO - 2024-12-25 19:48:32 --> Hooks Class Initialized
DEBUG - 2024-12-25 19:48:32 --> UTF-8 Support Enabled
INFO - 2024-12-25 19:48:32 --> Utf8 Class Initialized
INFO - 2024-12-25 19:48:32 --> URI Class Initialized
INFO - 2024-12-25 19:48:32 --> Router Class Initialized
INFO - 2024-12-25 19:48:32 --> Output Class Initialized
INFO - 2024-12-25 19:48:32 --> Security Class Initialized
DEBUG - 2024-12-25 19:48:32 --> Global POST, GET and COOKIE data sanitized
INFO - 2024-12-25 19:48:32 --> Input Class Initialized
INFO - 2024-12-25 19:48:32 --> Language Class Initialized
INFO - 2024-12-25 19:48:32 --> Language Class Initialized
INFO - 2024-12-25 19:48:32 --> Config Class Initialized
INFO - 2024-12-25 19:48:32 --> Loader Class Initialized
INFO - 2024-12-25 19:48:32 --> Helper loaded: url_helper
INFO - 2024-12-25 19:48:32 --> Helper loaded: easyui_helper
INFO - 2024-12-25 19:48:32 --> Helper loaded: param_helper
INFO - 2024-12-25 19:48:32 --> Helper loaded: credential_helper
INFO - 2024-12-25 19:48:32 --> Helper loaded: template_helper
INFO - 2024-12-25 19:48:32 --> Helper loaded: rest_helper
INFO - 2024-12-25 19:48:32 --> Database Driver Class Initialized
DEBUG - 2024-12-25 19:48:32 --> Idgenerator class already loaded. Second attempt ignored.
INFO - 2024-12-25 19:48:32 --> Controller Class Initialized
INFO - 2024-12-25 19:48:32 --> Model Class Initialized
DEBUG - 2024-12-25 19:48:32 --> File loaded: /apps/web-drc/application/modules/mapping_promo_active/models/Promo_active_model.php
INFO - 2024-12-25 19:48:32 --> Model Class Initialized
DEBUG - 2024-12-25 19:48:32 --> File loaded: /apps/web-drc/application/modules/mapping_promo_active/views/content.php
DEBUG - 2024-12-25 19:48:32 --> File loaded: /apps/web-drc/application/views/templates/header.php
DEBUG - 2024-12-25 19:48:32 --> File loaded: /apps/web-drc/application/views/templates/toolbar.php
DEBUG - 2024-12-25 19:48:32 --> File loaded: /apps/web-drc/application/views/templates/sidebar.php
DEBUG - 2024-12-25 19:48:32 --> File loaded: /apps/web-drc/application/views/templates/contents.php
DEBUG - 2024-12-25 19:48:32 --> File loaded: /apps/web-drc/application/views/templates/content_footer.php
DEBUG - 2024-12-25 19:48:32 --> File loaded: /apps/web-drc/application/views/templates/footer.php
DEBUG - 2024-12-25 19:48:32 --> File loaded: /apps/web-drc/application/views/templates/default.php
INFO - 2024-12-25 19:48:32 --> Final output sent to browser
DEBUG - 2024-12-25 19:48:32 --> Total execution time: 0.0055
INFO - 2024-12-25 19:48:32 --> Config Class Initialized
INFO - 2024-12-25 19:48:32 --> Hooks Class Initialized
DEBUG - 2024-12-25 19:48:32 --> UTF-8 Support Enabled
INFO - 2024-12-25 19:48:32 --> Utf8 Class Initialized
INFO - 2024-12-25 19:48:32 --> URI Class Initialized
INFO - 2024-12-25 19:48:32 --> Router Class Initialized
INFO - 2024-12-25 19:48:32 --> Output Class Initialized
INFO - 2024-12-25 19:48:32 --> Security Class Initialized
DEBUG - 2024-12-25 19:48:32 --> Global POST, GET and COOKIE data sanitized
INFO - 2024-12-25 19:48:32 --> Input Class Initialized
INFO - 2024-12-25 19:48:32 --> Language Class Initialized
ERROR - 2024-12-25 19:48:32 --> 404 Page Not Found: /index
INFO - 2024-12-25 19:48:33 --> Config Class Initialized
INFO - 2024-12-25 19:48:33 --> Hooks Class Initialized
DEBUG - 2024-12-25 19:48:33 --> UTF-8 Support Enabled
INFO - 2024-12-25 19:48:33 --> Utf8 Class Initialized
INFO - 2024-12-25 19:48:33 --> URI Class Initialized
INFO - 2024-12-25 19:48:33 --> Router Class Initialized
INFO - 2024-12-25 19:48:33 --> Output Class Initialized
INFO - 2024-12-25 19:48:33 --> Security Class Initialized
DEBUG - 2024-12-25 19:48:33 --> Global POST, GET and COOKIE data sanitized
INFO - 2024-12-25 19:48:33 --> Input Class Initialized
INFO - 2024-12-25 19:48:33 --> Language Class Initialized
INFO - 2024-12-25 19:48:33 --> Language Class Initialized
INFO - 2024-12-25 19:48:33 --> Config Class Initialized
INFO - 2024-12-25 19:48:33 --> Loader Class Initialized
INFO - 2024-12-25 19:48:33 --> Helper loaded: url_helper
INFO - 2024-12-25 19:48:33 --> Helper loaded: easyui_helper
INFO - 2024-12-25 19:48:33 --> Helper loaded: param_helper
INFO - 2024-12-25 19:48:33 --> Helper loaded: credential_helper
INFO - 2024-12-25 19:48:33 --> Helper loaded: template_helper
INFO - 2024-12-25 19:48:33 --> Helper loaded: rest_helper
INFO - 2024-12-25 19:48:33 --> Database Driver Class Initialized
DEBUG - 2024-12-25 19:48:33 --> Idgenerator class already loaded. Second attempt ignored.
INFO - 2024-12-25 19:48:33 --> Controller Class Initialized
INFO - 2024-12-25 19:48:33 --> Model Class Initialized
DEBUG - 2024-12-25 19:48:33 --> File loaded: /apps/web-drc/application/modules/mapping_promo_active/models/Promo_active_model.php
INFO - 2024-12-25 19:48:33 --> Model Class Initialized
INFO - 2024-12-25 19:48:33 --> Final output sent to browser
DEBUG - 2024-12-25 19:48:33 --> Total execution time: 0.0068
INFO - 2024-12-25 19:48:36 --> Config Class Initialized
INFO - 2024-12-25 19:48:36 --> Hooks Class Initialized
DEBUG - 2024-12-25 19:48:36 --> UTF-8 Support Enabled
INFO - 2024-12-25 19:48:36 --> Utf8 Class Initialized
INFO - 2024-12-25 19:48:36 --> URI Class Initialized
INFO - 2024-12-25 19:48:36 --> Router Class Initialized
INFO - 2024-12-25 19:48:36 --> Output Class Initialized
INFO - 2024-12-25 19:48:36 --> Security Class Initialized
DEBUG - 2024-12-25 19:48:36 --> Global POST, GET and COOKIE data sanitized
INFO - 2024-12-25 19:48:36 --> Input Class Initialized
INFO - 2024-12-25 19:48:36 --> Language Class Initialized
INFO - 2024-12-25 19:48:36 --> Language Class Initialized
INFO - 2024-12-25 19:48:36 --> Config Class Initialized
INFO - 2024-12-25 19:48:36 --> Loader Class Initialized
INFO - 2024-12-25 19:48:36 --> Helper loaded: url_helper
INFO - 2024-12-25 19:48:36 --> Helper loaded: easyui_helper
INFO - 2024-12-25 19:48:36 --> Helper loaded: param_helper
INFO - 2024-12-25 19:48:36 --> Helper loaded: credential_helper
INFO - 2024-12-25 19:48:36 --> Helper loaded: template_helper
INFO - 2024-12-25 19:48:36 --> Helper loaded: rest_helper
INFO - 2024-12-25 19:48:36 --> Database Driver Class Initialized
DEBUG - 2024-12-25 19:48:36 --> Idgenerator class already loaded. Second attempt ignored.
INFO - 2024-12-25 19:48:36 --> Controller Class Initialized
INFO - 2024-12-25 19:48:36 --> Model Class Initialized
DEBUG - 2024-12-25 19:48:36 --> File loaded: /apps/web-drc/application/modules/mapping_promo_active/models/Promo_active_model.php
INFO - 2024-12-25 19:48:36 --> Model Class Initialized
INFO - 2024-12-25 19:48:36 --> Final output sent to browser
DEBUG - 2024-12-25 19:48:36 --> Total execution time: 0.0135
INFO - 2024-12-25 19:49:57 --> Config Class Initialized
INFO - 2024-12-25 19:49:57 --> Hooks Class Initialized
DEBUG - 2024-12-25 19:49:57 --> UTF-8 Support Enabled
INFO - 2024-12-25 19:49:57 --> Utf8 Class Initialized
INFO - 2024-12-25 19:49:57 --> URI Class Initialized
INFO - 2024-12-25 19:49:57 --> Router Class Initialized
INFO - 2024-12-25 19:49:57 --> Output Class Initialized
INFO - 2024-12-25 19:49:57 --> Security Class Initialized
DEBUG - 2024-12-25 19:49:57 --> Global POST, GET and COOKIE data sanitized
INFO - 2024-12-25 19:49:57 --> Input Class Initialized
INFO - 2024-12-25 19:49:57 --> Language Class Initialized
INFO - 2024-12-25 19:49:57 --> Language Class Initialized
INFO - 2024-12-25 19:49:57 --> Config Class Initialized
INFO - 2024-12-25 19:49:57 --> Loader Class Initialized
INFO - 2024-12-25 19:49:57 --> Helper loaded: url_helper
INFO - 2024-12-25 19:49:57 --> Helper loaded: easyui_helper
INFO - 2024-12-25 19:49:57 --> Helper loaded: param_helper
INFO - 2024-12-25 19:49:57 --> Helper loaded: credential_helper
INFO - 2024-12-25 19:49:57 --> Helper loaded: template_helper
INFO - 2024-12-25 19:49:57 --> Helper loaded: rest_helper
INFO - 2024-12-25 19:49:57 --> Database Driver Class Initialized
DEBUG - 2024-12-25 19:49:57 --> Idgenerator class already loaded. Second attempt ignored.
INFO - 2024-12-25 19:49:57 --> Controller Class Initialized
INFO - 2024-12-25 19:49:57 --> Model Class Initialized
DEBUG - 2024-12-25 19:49:57 --> File loaded: /apps/web-drc/application/modules/mapping_promo_active/models/Promo_active_model.php
INFO - 2024-12-25 19:49:57 --> Model Class Initialized
DEBUG - 2024-12-25 19:49:57 --> File loaded: /apps/web-drc/application/modules/mapping_promo_active/views/form.php
DEBUG - 2024-12-25 19:49:57 --> File loaded: /apps/web-drc/application/views/templates/header.php
DEBUG - 2024-12-25 19:49:57 --> File loaded: /apps/web-drc/application/views/templates/toolbar.php
DEBUG - 2024-12-25 19:49:57 --> File loaded: /apps/web-drc/application/views/templates/sidebar.php
DEBUG - 2024-12-25 19:49:57 --> File loaded: /apps/web-drc/application/views/templates/contents.php
DEBUG - 2024-12-25 19:49:57 --> File loaded: /apps/web-drc/application/views/templates/content_footer.php
DEBUG - 2024-12-25 19:49:57 --> File loaded: /apps/web-drc/application/views/templates/footer.php
DEBUG - 2024-12-25 19:49:57 --> File loaded: /apps/web-drc/application/views/templates/default.php
INFO - 2024-12-25 19:49:57 --> Final output sent to browser
DEBUG - 2024-12-25 19:49:57 --> Total execution time: 0.0070
INFO - 2024-12-25 19:49:57 --> Config Class Initialized
INFO - 2024-12-25 19:49:57 --> Hooks Class Initialized
DEBUG - 2024-12-25 19:49:57 --> UTF-8 Support Enabled
INFO - 2024-12-25 19:49:57 --> Utf8 Class Initialized
INFO - 2024-12-25 19:49:57 --> URI Class Initialized
INFO - 2024-12-25 19:49:57 --> Router Class Initialized
INFO - 2024-12-25 19:49:57 --> Output Class Initialized
INFO - 2024-12-25 19:49:57 --> Security Class Initialized
DEBUG - 2024-12-25 19:49:57 --> Global POST, GET and COOKIE data sanitized
INFO - 2024-12-25 19:49:57 --> Input Class Initialized
INFO - 2024-12-25 19:49:57 --> Language Class Initialized
ERROR - 2024-12-25 19:49:57 --> 404 Page Not Found: /index
INFO - 2024-12-25 19:49:57 --> Config Class Initialized
INFO - 2024-12-25 19:49:57 --> Hooks Class Initialized
DEBUG - 2024-12-25 19:49:57 --> UTF-8 Support Enabled
INFO - 2024-12-25 19:49:57 --> Utf8 Class Initialized
INFO - 2024-12-25 19:49:57 --> URI Class Initialized
INFO - 2024-12-25 19:49:57 --> Router Class Initialized
INFO - 2024-12-25 19:49:57 --> Output Class Initialized
INFO - 2024-12-25 19:49:57 --> Security Class Initialized
DEBUG - 2024-12-25 19:49:57 --> Global POST, GET and COOKIE data sanitized
INFO - 2024-12-25 19:49:57 --> Input Class Initialized
INFO - 2024-12-25 19:49:57 --> Language Class Initialized
INFO - 2024-12-25 19:49:57 --> Language Class Initialized
INFO - 2024-12-25 19:49:57 --> Config Class Initialized
INFO - 2024-12-25 19:49:57 --> Loader Class Initialized
INFO - 2024-12-25 19:49:57 --> Helper loaded: url_helper
INFO - 2024-12-25 19:49:57 --> Helper loaded: easyui_helper
INFO - 2024-12-25 19:49:57 --> Helper loaded: param_helper
INFO - 2024-12-25 19:49:57 --> Helper loaded: credential_helper
INFO - 2024-12-25 19:49:57 --> Helper loaded: template_helper
INFO - 2024-12-25 19:49:57 --> Helper loaded: rest_helper
INFO - 2024-12-25 19:49:57 --> Database Driver Class Initialized
DEBUG - 2024-12-25 19:49:57 --> Idgenerator class already loaded. Second attempt ignored.
INFO - 2024-12-25 19:49:57 --> Controller Class Initialized
INFO - 2024-12-25 19:49:57 --> Model Class Initialized
DEBUG - 2024-12-25 19:49:57 --> File loaded: /apps/web-drc/application/modules/api_v1/models/Api_v1_model.php
INFO - 2024-12-25 19:49:57 --> Model Class Initialized
INFO - 2024-12-25 19:49:57 --> Final output sent to browser
DEBUG - 2024-12-25 19:49:57 --> Total execution time: 0.0044
INFO - 2024-12-25 19:49:57 --> Config Class Initialized
INFO - 2024-12-25 19:49:57 --> Hooks Class Initialized
DEBUG - 2024-12-25 19:49:57 --> UTF-8 Support Enabled
INFO - 2024-12-25 19:49:57 --> Utf8 Class Initialized
INFO - 2024-12-25 19:49:57 --> URI Class Initialized
INFO - 2024-12-25 19:49:57 --> Router Class Initialized
INFO - 2024-12-25 19:49:57 --> Output Class Initialized
INFO - 2024-12-25 19:49:57 --> Security Class Initialized
DEBUG - 2024-12-25 19:49:57 --> Global POST, GET and COOKIE data sanitized
INFO - 2024-12-25 19:49:57 --> Input Class Initialized
INFO - 2024-12-25 19:49:57 --> Language Class Initialized
INFO - 2024-12-25 19:49:57 --> Language Class Initialized
INFO - 2024-12-25 19:49:57 --> Config Class Initialized
INFO - 2024-12-25 19:49:57 --> Loader Class Initialized
INFO - 2024-12-25 19:49:57 --> Helper loaded: url_helper
INFO - 2024-12-25 19:49:57 --> Helper loaded: easyui_helper
INFO - 2024-12-25 19:49:57 --> Helper loaded: param_helper
INFO - 2024-12-25 19:49:57 --> Helper loaded: credential_helper
INFO - 2024-12-25 19:49:57 --> Helper loaded: template_helper
INFO - 2024-12-25 19:49:57 --> Helper loaded: rest_helper
INFO - 2024-12-25 19:49:57 --> Database Driver Class Initialized
DEBUG - 2024-12-25 19:49:57 --> Idgenerator class already loaded. Second attempt ignored.
INFO - 2024-12-25 19:49:57 --> Controller Class Initialized
INFO - 2024-12-25 19:49:57 --> Model Class Initialized
DEBUG - 2024-12-25 19:49:57 --> File loaded: /apps/web-drc/application/modules/api_v1/models/Api_v1_model.php
INFO - 2024-12-25 19:49:57 --> Model Class Initialized
INFO - 2024-12-25 19:49:57 --> Final output sent to browser
DEBUG - 2024-12-25 19:49:57 --> Total execution time: 0.0057
INFO - 2024-12-25 19:49:57 --> Config Class Initialized
INFO - 2024-12-25 19:49:57 --> Hooks Class Initialized
DEBUG - 2024-12-25 19:49:57 --> UTF-8 Support Enabled
INFO - 2024-12-25 19:49:57 --> Utf8 Class Initialized
INFO - 2024-12-25 19:49:57 --> URI Class Initialized
INFO - 2024-12-25 19:49:57 --> Router Class Initialized
INFO - 2024-12-25 19:49:57 --> Output Class Initialized
INFO - 2024-12-25 19:49:57 --> Security Class Initialized
DEBUG - 2024-12-25 19:49:57 --> Global POST, GET and COOKIE data sanitized
INFO - 2024-12-25 19:49:57 --> Input Class Initialized
INFO - 2024-12-25 19:49:57 --> Language Class Initialized
INFO - 2024-12-25 19:49:57 --> Language Class Initialized
INFO - 2024-12-25 19:49:57 --> Config Class Initialized
INFO - 2024-12-25 19:49:57 --> Loader Class Initialized
INFO - 2024-12-25 19:49:57 --> Helper loaded: url_helper
INFO - 2024-12-25 19:49:57 --> Helper loaded: easyui_helper
INFO - 2024-12-25 19:49:57 --> Helper loaded: param_helper
INFO - 2024-12-25 19:49:57 --> Helper loaded: credential_helper
INFO - 2024-12-25 19:49:57 --> Helper loaded: template_helper
INFO - 2024-12-25 19:49:57 --> Helper loaded: rest_helper
INFO - 2024-12-25 19:49:57 --> Database Driver Class Initialized
DEBUG - 2024-12-25 19:49:57 --> Idgenerator class already loaded. Second attempt ignored.
INFO - 2024-12-25 19:49:57 --> Controller Class Initialized
INFO - 2024-12-25 19:49:57 --> Model Class Initialized
DEBUG - 2024-12-25 19:49:57 --> File loaded: /apps/web-drc/application/modules/ref_customer_class/models/Customer_class_model.php
INFO - 2024-12-25 19:49:57 --> Model Class Initialized
INFO - 2024-12-25 19:49:57 --> Final output sent to browser
DEBUG - 2024-12-25 19:49:57 --> Total execution time: 0.0028
INFO - 2024-12-25 19:50:11 --> Config Class Initialized
INFO - 2024-12-25 19:50:11 --> Hooks Class Initialized
DEBUG - 2024-12-25 19:50:11 --> UTF-8 Support Enabled
INFO - 2024-12-25 19:50:11 --> Utf8 Class Initialized
INFO - 2024-12-25 19:50:11 --> URI Class Initialized
INFO - 2024-12-25 19:50:11 --> Router Class Initialized
INFO - 2024-12-25 19:50:11 --> Output Class Initialized
INFO - 2024-12-25 19:50:11 --> Security Class Initialized
DEBUG - 2024-12-25 19:50:11 --> Global POST, GET and COOKIE data sanitized
INFO - 2024-12-25 19:50:11 --> Input Class Initialized
INFO - 2024-12-25 19:50:11 --> Language Class Initialized
INFO - 2024-12-25 19:50:11 --> Language Class Initialized
INFO - 2024-12-25 19:50:11 --> Config Class Initialized
INFO - 2024-12-25 19:50:11 --> Loader Class Initialized
INFO - 2024-12-25 19:50:11 --> Helper loaded: url_helper
INFO - 2024-12-25 19:50:11 --> Helper loaded: easyui_helper
INFO - 2024-12-25 19:50:11 --> Helper loaded: param_helper
INFO - 2024-12-25 19:50:11 --> Helper loaded: credential_helper
INFO - 2024-12-25 19:50:11 --> Helper loaded: template_helper
INFO - 2024-12-25 19:50:11 --> Helper loaded: rest_helper
INFO - 2024-12-25 19:50:11 --> Database Driver Class Initialized
DEBUG - 2024-12-25 19:50:11 --> Idgenerator class already loaded. Second attempt ignored.
INFO - 2024-12-25 19:50:11 --> Controller Class Initialized
INFO - 2024-12-25 19:50:11 --> Model Class Initialized
DEBUG - 2024-12-25 19:50:11 --> File loaded: /apps/web-drc/application/modules/mapping_promo_active/models/Promo_active_model.php
INFO - 2024-12-25 19:50:11 --> Model Class Initialized
ERROR - 2024-12-25 19:50:11 --> Query error: Unknown column 'Array' in 'field list' - Invalid query: UPDATE `mapping_promo_active` SET `promo` = 'test promo 123', `tipepromo` = 'Discount', `classid` = '1', `start_periode` = '2024-12-25', `end_periode` = '0000-00-00', `productid` = Array, `description` = 'test desc', `idpromo` = '3444', `modified_by` = 'admin', `modified_date` = '2024-12-25 12:50:11'
WHERE `idpromo` = '3444'
INFO - 2024-12-25 19:50:11 --> Final output sent to browser
DEBUG - 2024-12-25 19:50:11 --> Total execution time: 0.0053
INFO - 2024-12-25 19:50:11 --> Config Class Initialized
INFO - 2024-12-25 19:50:11 --> Hooks Class Initialized
DEBUG - 2024-12-25 19:50:11 --> UTF-8 Support Enabled
INFO - 2024-12-25 19:50:11 --> Utf8 Class Initialized
INFO - 2024-12-25 19:50:11 --> URI Class Initialized
INFO - 2024-12-25 19:50:11 --> Router Class Initialized
INFO - 2024-12-25 19:50:11 --> Output Class Initialized
INFO - 2024-12-25 19:50:11 --> Security Class Initialized
DEBUG - 2024-12-25 19:50:11 --> Global POST, GET and COOKIE data sanitized
INFO - 2024-12-25 19:50:11 --> Input Class Initialized
INFO - 2024-12-25 19:50:11 --> Language Class Initialized
INFO - 2024-12-25 19:50:11 --> Language Class Initialized
INFO - 2024-12-25 19:50:11 --> Config Class Initialized
INFO - 2024-12-25 19:50:11 --> Loader Class Initialized
INFO - 2024-12-25 19:50:11 --> Helper loaded: url_helper
INFO - 2024-12-25 19:50:11 --> Helper loaded: easyui_helper
INFO - 2024-12-25 19:50:11 --> Helper loaded: param_helper
INFO - 2024-12-25 19:50:11 --> Helper loaded: credential_helper
INFO - 2024-12-25 19:50:11 --> Helper loaded: template_helper
INFO - 2024-12-25 19:50:11 --> Helper loaded: rest_helper
INFO - 2024-12-25 19:50:11 --> Database Driver Class Initialized
DEBUG - 2024-12-25 19:50:11 --> Idgenerator class already loaded. Second attempt ignored.
INFO - 2024-12-25 19:50:11 --> Controller Class Initialized
INFO - 2024-12-25 19:50:11 --> Model Class Initialized
DEBUG - 2024-12-25 19:50:11 --> File loaded: /apps/web-drc/application/modules/mapping_promo_active/models/Promo_active_model.php
INFO - 2024-12-25 19:50:11 --> Model Class Initialized
DEBUG - 2024-12-25 19:50:11 --> File loaded: /apps/web-drc/application/modules/mapping_promo_active/views/content.php
DEBUG - 2024-12-25 19:50:11 --> File loaded: /apps/web-drc/application/views/templates/header.php
DEBUG - 2024-12-25 19:50:11 --> File loaded: /apps/web-drc/application/views/templates/toolbar.php
DEBUG - 2024-12-25 19:50:11 --> File loaded: /apps/web-drc/application/views/templates/sidebar.php
DEBUG - 2024-12-25 19:50:11 --> File loaded: /apps/web-drc/application/views/templates/contents.php
DEBUG - 2024-12-25 19:50:11 --> File loaded: /apps/web-drc/application/views/templates/content_footer.php
DEBUG - 2024-12-25 19:50:11 --> File loaded: /apps/web-drc/application/views/templates/footer.php
DEBUG - 2024-12-25 19:50:11 --> File loaded: /apps/web-drc/application/views/templates/default.php
INFO - 2024-12-25 19:50:11 --> Final output sent to browser
DEBUG - 2024-12-25 19:50:11 --> Total execution time: 0.0077
INFO - 2024-12-25 19:50:11 --> Config Class Initialized
INFO - 2024-12-25 19:50:11 --> Hooks Class Initialized
DEBUG - 2024-12-25 19:50:11 --> UTF-8 Support Enabled
INFO - 2024-12-25 19:50:11 --> Utf8 Class Initialized
INFO - 2024-12-25 19:50:11 --> URI Class Initialized
INFO - 2024-12-25 19:50:11 --> Router Class Initialized
INFO - 2024-12-25 19:50:11 --> Output Class Initialized
INFO - 2024-12-25 19:50:11 --> Security Class Initialized
DEBUG - 2024-12-25 19:50:11 --> Global POST, GET and COOKIE data sanitized
INFO - 2024-12-25 19:50:11 --> Input Class Initialized
INFO - 2024-12-25 19:50:11 --> Language Class Initialized
ERROR - 2024-12-25 19:50:11 --> 404 Page Not Found: /index
INFO - 2024-12-25 19:50:11 --> Config Class Initialized
INFO - 2024-12-25 19:50:11 --> Hooks Class Initialized
DEBUG - 2024-12-25 19:50:11 --> UTF-8 Support Enabled
INFO - 2024-12-25 19:50:11 --> Utf8 Class Initialized
INFO - 2024-12-25 19:50:11 --> URI Class Initialized
INFO - 2024-12-25 19:50:11 --> Router Class Initialized
INFO - 2024-12-25 19:50:11 --> Output Class Initialized
INFO - 2024-12-25 19:50:11 --> Security Class Initialized
DEBUG - 2024-12-25 19:50:11 --> Global POST, GET and COOKIE data sanitized
INFO - 2024-12-25 19:50:11 --> Input Class Initialized
INFO - 2024-12-25 19:50:11 --> Language Class Initialized
INFO - 2024-12-25 19:50:11 --> Language Class Initialized
INFO - 2024-12-25 19:50:11 --> Config Class Initialized
INFO - 2024-12-25 19:50:11 --> Loader Class Initialized
INFO - 2024-12-25 19:50:11 --> Helper loaded: url_helper
INFO - 2024-12-25 19:50:11 --> Helper loaded: easyui_helper
INFO - 2024-12-25 19:50:11 --> Helper loaded: param_helper
INFO - 2024-12-25 19:50:11 --> Helper loaded: credential_helper
INFO - 2024-12-25 19:50:11 --> Helper loaded: template_helper
INFO - 2024-12-25 19:50:11 --> Helper loaded: rest_helper
INFO - 2024-12-25 19:50:11 --> Database Driver Class Initialized
DEBUG - 2024-12-25 19:50:11 --> Idgenerator class already loaded. Second attempt ignored.
INFO - 2024-12-25 19:50:11 --> Controller Class Initialized
INFO - 2024-12-25 19:50:11 --> Model Class Initialized
DEBUG - 2024-12-25 19:50:11 --> File loaded: /apps/web-drc/application/modules/mapping_promo_active/models/Promo_active_model.php
INFO - 2024-12-25 19:50:11 --> Model Class Initialized
INFO - 2024-12-25 19:50:11 --> Final output sent to browser
DEBUG - 2024-12-25 19:50:11 --> Total execution time: 0.0055
INFO - 2024-12-25 19:50:14 --> Config Class Initialized
INFO - 2024-12-25 19:50:14 --> Hooks Class Initialized
DEBUG - 2024-12-25 19:50:14 --> UTF-8 Support Enabled
INFO - 2024-12-25 19:50:14 --> Utf8 Class Initialized
INFO - 2024-12-25 19:50:14 --> URI Class Initialized
INFO - 2024-12-25 19:50:14 --> Router Class Initialized
INFO - 2024-12-25 19:50:14 --> Output Class Initialized
INFO - 2024-12-25 19:50:14 --> Security Class Initialized
DEBUG - 2024-12-25 19:50:14 --> Global POST, GET and COOKIE data sanitized
INFO - 2024-12-25 19:50:14 --> Input Class Initialized
INFO - 2024-12-25 19:50:14 --> Language Class Initialized
INFO - 2024-12-25 19:50:14 --> Language Class Initialized
INFO - 2024-12-25 19:50:14 --> Config Class Initialized
INFO - 2024-12-25 19:50:14 --> Loader Class Initialized
INFO - 2024-12-25 19:50:14 --> Helper loaded: url_helper
INFO - 2024-12-25 19:50:14 --> Helper loaded: easyui_helper
INFO - 2024-12-25 19:50:14 --> Helper loaded: param_helper
INFO - 2024-12-25 19:50:14 --> Helper loaded: credential_helper
INFO - 2024-12-25 19:50:14 --> Helper loaded: template_helper
INFO - 2024-12-25 19:50:14 --> Helper loaded: rest_helper
INFO - 2024-12-25 19:50:14 --> Database Driver Class Initialized
DEBUG - 2024-12-25 19:50:14 --> Idgenerator class already loaded. Second attempt ignored.
INFO - 2024-12-25 19:50:14 --> Controller Class Initialized
INFO - 2024-12-25 19:50:14 --> Model Class Initialized
DEBUG - 2024-12-25 19:50:14 --> File loaded: /apps/web-drc/application/modules/mapping_promo_active/models/Promo_active_model.php
INFO - 2024-12-25 19:50:14 --> Model Class Initialized
INFO - 2024-12-25 19:50:14 --> Final output sent to browser
DEBUG - 2024-12-25 19:50:14 --> Total execution time: 0.0105
INFO - 2024-12-25 19:50:29 --> Config Class Initialized
INFO - 2024-12-25 19:50:29 --> Hooks Class Initialized
DEBUG - 2024-12-25 19:50:29 --> UTF-8 Support Enabled
INFO - 2024-12-25 19:50:29 --> Utf8 Class Initialized
INFO - 2024-12-25 19:50:29 --> URI Class Initialized
INFO - 2024-12-25 19:50:29 --> Router Class Initialized
INFO - 2024-12-25 19:50:29 --> Output Class Initialized
INFO - 2024-12-25 19:50:29 --> Security Class Initialized
DEBUG - 2024-12-25 19:50:29 --> Global POST, GET and COOKIE data sanitized
INFO - 2024-12-25 19:50:29 --> Input Class Initialized
INFO - 2024-12-25 19:50:29 --> Language Class Initialized
INFO - 2024-12-25 19:50:29 --> Language Class Initialized
INFO - 2024-12-25 19:50:29 --> Config Class Initialized
INFO - 2024-12-25 19:50:29 --> Loader Class Initialized
INFO - 2024-12-25 19:50:29 --> Helper loaded: url_helper
INFO - 2024-12-25 19:50:29 --> Helper loaded: easyui_helper
INFO - 2024-12-25 19:50:29 --> Helper loaded: param_helper
INFO - 2024-12-25 19:50:29 --> Helper loaded: credential_helper
INFO - 2024-12-25 19:50:29 --> Helper loaded: template_helper
INFO - 2024-12-25 19:50:29 --> Helper loaded: rest_helper
INFO - 2024-12-25 19:50:29 --> Database Driver Class Initialized
DEBUG - 2024-12-25 19:50:29 --> Idgenerator class already loaded. Second attempt ignored.
INFO - 2024-12-25 19:50:29 --> Controller Class Initialized
INFO - 2024-12-25 19:50:29 --> Model Class Initialized
DEBUG - 2024-12-25 19:50:29 --> File loaded: /apps/web-drc/application/modules/mapping_promo_active/models/Promo_active_model.php
INFO - 2024-12-25 19:50:29 --> Model Class Initialized
DEBUG - 2024-12-25 19:50:29 --> File loaded: /apps/web-drc/application/modules/mapping_promo_active/views/form.php
DEBUG - 2024-12-25 19:50:29 --> File loaded: /apps/web-drc/application/views/templates/header.php
DEBUG - 2024-12-25 19:50:29 --> File loaded: /apps/web-drc/application/views/templates/toolbar.php
DEBUG - 2024-12-25 19:50:29 --> File loaded: /apps/web-drc/application/views/templates/sidebar.php
DEBUG - 2024-12-25 19:50:29 --> File loaded: /apps/web-drc/application/views/templates/contents.php
DEBUG - 2024-12-25 19:50:29 --> File loaded: /apps/web-drc/application/views/templates/content_footer.php
DEBUG - 2024-12-25 19:50:29 --> File loaded: /apps/web-drc/application/views/templates/footer.php
DEBUG - 2024-12-25 19:50:29 --> File loaded: /apps/web-drc/application/views/templates/default.php
INFO - 2024-12-25 19:50:29 --> Final output sent to browser
DEBUG - 2024-12-25 19:50:29 --> Total execution time: 0.0064
INFO - 2024-12-25 19:50:29 --> Config Class Initialized
INFO - 2024-12-25 19:50:29 --> Hooks Class Initialized
DEBUG - 2024-12-25 19:50:29 --> UTF-8 Support Enabled
INFO - 2024-12-25 19:50:29 --> Utf8 Class Initialized
INFO - 2024-12-25 19:50:29 --> URI Class Initialized
INFO - 2024-12-25 19:50:29 --> Router Class Initialized
INFO - 2024-12-25 19:50:29 --> Output Class Initialized
INFO - 2024-12-25 19:50:29 --> Security Class Initialized
DEBUG - 2024-12-25 19:50:29 --> Global POST, GET and COOKIE data sanitized
INFO - 2024-12-25 19:50:29 --> Input Class Initialized
INFO - 2024-12-25 19:50:29 --> Language Class Initialized
ERROR - 2024-12-25 19:50:29 --> 404 Page Not Found: /index
INFO - 2024-12-25 19:50:29 --> Config Class Initialized
INFO - 2024-12-25 19:50:29 --> Hooks Class Initialized
DEBUG - 2024-12-25 19:50:29 --> UTF-8 Support Enabled
INFO - 2024-12-25 19:50:29 --> Utf8 Class Initialized
INFO - 2024-12-25 19:50:29 --> URI Class Initialized
INFO - 2024-12-25 19:50:29 --> Router Class Initialized
INFO - 2024-12-25 19:50:29 --> Output Class Initialized
INFO - 2024-12-25 19:50:29 --> Security Class Initialized
DEBUG - 2024-12-25 19:50:29 --> Global POST, GET and COOKIE data sanitized
INFO - 2024-12-25 19:50:29 --> Input Class Initialized
INFO - 2024-12-25 19:50:29 --> Language Class Initialized
INFO - 2024-12-25 19:50:29 --> Language Class Initialized
INFO - 2024-12-25 19:50:29 --> Config Class Initialized
INFO - 2024-12-25 19:50:29 --> Loader Class Initialized
INFO - 2024-12-25 19:50:29 --> Helper loaded: url_helper
INFO - 2024-12-25 19:50:29 --> Helper loaded: easyui_helper
INFO - 2024-12-25 19:50:29 --> Helper loaded: param_helper
INFO - 2024-12-25 19:50:29 --> Helper loaded: credential_helper
INFO - 2024-12-25 19:50:29 --> Helper loaded: template_helper
INFO - 2024-12-25 19:50:29 --> Helper loaded: rest_helper
INFO - 2024-12-25 19:50:29 --> Database Driver Class Initialized
DEBUG - 2024-12-25 19:50:29 --> Idgenerator class already loaded. Second attempt ignored.
INFO - 2024-12-25 19:50:29 --> Controller Class Initialized
INFO - 2024-12-25 19:50:29 --> Model Class Initialized
DEBUG - 2024-12-25 19:50:29 --> File loaded: /apps/web-drc/application/modules/api_v1/models/Api_v1_model.php
INFO - 2024-12-25 19:50:29 --> Model Class Initialized
INFO - 2024-12-25 19:50:29 --> Final output sent to browser
DEBUG - 2024-12-25 19:50:29 --> Total execution time: 0.0028
INFO - 2024-12-25 19:50:30 --> Config Class Initialized
INFO - 2024-12-25 19:50:30 --> Hooks Class Initialized
DEBUG - 2024-12-25 19:50:30 --> UTF-8 Support Enabled
INFO - 2024-12-25 19:50:30 --> Utf8 Class Initialized
INFO - 2024-12-25 19:50:30 --> URI Class Initialized
INFO - 2024-12-25 19:50:30 --> Router Class Initialized
INFO - 2024-12-25 19:50:30 --> Output Class Initialized
INFO - 2024-12-25 19:50:30 --> Security Class Initialized
DEBUG - 2024-12-25 19:50:30 --> Global POST, GET and COOKIE data sanitized
INFO - 2024-12-25 19:50:30 --> Input Class Initialized
INFO - 2024-12-25 19:50:30 --> Language Class Initialized
INFO - 2024-12-25 19:50:30 --> Language Class Initialized
INFO - 2024-12-25 19:50:30 --> Config Class Initialized
INFO - 2024-12-25 19:50:30 --> Loader Class Initialized
INFO - 2024-12-25 19:50:30 --> Helper loaded: url_helper
INFO - 2024-12-25 19:50:30 --> Helper loaded: easyui_helper
INFO - 2024-12-25 19:50:30 --> Helper loaded: param_helper
INFO - 2024-12-25 19:50:30 --> Helper loaded: credential_helper
INFO - 2024-12-25 19:50:30 --> Helper loaded: template_helper
INFO - 2024-12-25 19:50:30 --> Helper loaded: rest_helper
INFO - 2024-12-25 19:50:30 --> Database Driver Class Initialized
DEBUG - 2024-12-25 19:50:30 --> Idgenerator class already loaded. Second attempt ignored.
INFO - 2024-12-25 19:50:30 --> Controller Class Initialized
INFO - 2024-12-25 19:50:30 --> Model Class Initialized
DEBUG - 2024-12-25 19:50:30 --> File loaded: /apps/web-drc/application/modules/api_v1/models/Api_v1_model.php
INFO - 2024-12-25 19:50:30 --> Model Class Initialized
INFO - 2024-12-25 19:50:30 --> Final output sent to browser
DEBUG - 2024-12-25 19:50:30 --> Total execution time: 0.0047
INFO - 2024-12-25 19:50:30 --> Config Class Initialized
INFO - 2024-12-25 19:50:30 --> Hooks Class Initialized
DEBUG - 2024-12-25 19:50:30 --> UTF-8 Support Enabled
INFO - 2024-12-25 19:50:30 --> Utf8 Class Initialized
INFO - 2024-12-25 19:50:30 --> URI Class Initialized
INFO - 2024-12-25 19:50:30 --> Router Class Initialized
INFO - 2024-12-25 19:50:30 --> Output Class Initialized
INFO - 2024-12-25 19:50:30 --> Security Class Initialized
DEBUG - 2024-12-25 19:50:30 --> Global POST, GET and COOKIE data sanitized
INFO - 2024-12-25 19:50:30 --> Input Class Initialized
INFO - 2024-12-25 19:50:30 --> Language Class Initialized
INFO - 2024-12-25 19:50:30 --> Language Class Initialized
INFO - 2024-12-25 19:50:30 --> Config Class Initialized
INFO - 2024-12-25 19:50:30 --> Loader Class Initialized
INFO - 2024-12-25 19:50:30 --> Helper loaded: url_helper
INFO - 2024-12-25 19:50:30 --> Helper loaded: easyui_helper
INFO - 2024-12-25 19:50:30 --> Helper loaded: param_helper
INFO - 2024-12-25 19:50:30 --> Helper loaded: credential_helper
INFO - 2024-12-25 19:50:30 --> Helper loaded: template_helper
INFO - 2024-12-25 19:50:30 --> Helper loaded: rest_helper
INFO - 2024-12-25 19:50:30 --> Database Driver Class Initialized
DEBUG - 2024-12-25 19:50:30 --> Idgenerator class already loaded. Second attempt ignored.
INFO - 2024-12-25 19:50:30 --> Controller Class Initialized
INFO - 2024-12-25 19:50:30 --> Model Class Initialized
DEBUG - 2024-12-25 19:50:30 --> File loaded: /apps/web-drc/application/modules/ref_customer_class/models/Customer_class_model.php
INFO - 2024-12-25 19:50:30 --> Model Class Initialized
INFO - 2024-12-25 19:50:30 --> Final output sent to browser
DEBUG - 2024-12-25 19:50:30 --> Total execution time: 0.0037
INFO - 2024-12-25 19:50:50 --> Config Class Initialized
INFO - 2024-12-25 19:50:50 --> Hooks Class Initialized
DEBUG - 2024-12-25 19:50:50 --> UTF-8 Support Enabled
INFO - 2024-12-25 19:50:50 --> Utf8 Class Initialized
INFO - 2024-12-25 19:50:50 --> URI Class Initialized
INFO - 2024-12-25 19:50:50 --> Router Class Initialized
INFO - 2024-12-25 19:50:50 --> Output Class Initialized
INFO - 2024-12-25 19:50:50 --> Security Class Initialized
DEBUG - 2024-12-25 19:50:50 --> Global POST, GET and COOKIE data sanitized
INFO - 2024-12-25 19:50:50 --> Input Class Initialized
INFO - 2024-12-25 19:50:50 --> Language Class Initialized
INFO - 2024-12-25 19:50:50 --> Language Class Initialized
INFO - 2024-12-25 19:50:50 --> Config Class Initialized
INFO - 2024-12-25 19:50:50 --> Loader Class Initialized
INFO - 2024-12-25 19:50:50 --> Helper loaded: url_helper
INFO - 2024-12-25 19:50:50 --> Helper loaded: easyui_helper
INFO - 2024-12-25 19:50:50 --> Helper loaded: param_helper
INFO - 2024-12-25 19:50:50 --> Helper loaded: credential_helper
INFO - 2024-12-25 19:50:50 --> Helper loaded: template_helper
INFO - 2024-12-25 19:50:50 --> Helper loaded: rest_helper
INFO - 2024-12-25 19:50:50 --> Database Driver Class Initialized
DEBUG - 2024-12-25 19:50:50 --> Idgenerator class already loaded. Second attempt ignored.
INFO - 2024-12-25 19:50:50 --> Controller Class Initialized
INFO - 2024-12-25 19:50:50 --> Model Class Initialized
DEBUG - 2024-12-25 19:50:50 --> File loaded: /apps/web-drc/application/modules/mapping_promo_active/models/Promo_active_model.php
INFO - 2024-12-25 19:50:50 --> Model Class Initialized
ERROR - 2024-12-25 19:50:50 --> Query error: Unknown column 'Array' in 'field list' - Invalid query: UPDATE `mapping_promo_active` SET `promo` = 'test promo multi sku', `tipepromo` = 'Discount', `classid` = '1', `start_periode` = '2024-12-25', `end_periode` = '2024-12-31', `productid` = Array, `description` = 'test sku list 1', `idpromo` = '3443', `modified_by` = 'admin', `modified_date` = '2024-12-25 12:50:50'
WHERE `idpromo` = '3443'
INFO - 2024-12-25 19:50:50 --> Final output sent to browser
DEBUG - 2024-12-25 19:50:50 --> Total execution time: 0.0043
INFO - 2024-12-25 19:50:50 --> Config Class Initialized
INFO - 2024-12-25 19:50:50 --> Hooks Class Initialized
DEBUG - 2024-12-25 19:50:50 --> UTF-8 Support Enabled
INFO - 2024-12-25 19:50:50 --> Utf8 Class Initialized
INFO - 2024-12-25 19:50:50 --> URI Class Initialized
INFO - 2024-12-25 19:50:50 --> Router Class Initialized
INFO - 2024-12-25 19:50:50 --> Output Class Initialized
INFO - 2024-12-25 19:50:50 --> Security Class Initialized
DEBUG - 2024-12-25 19:50:50 --> Global POST, GET and COOKIE data sanitized
INFO - 2024-12-25 19:50:50 --> Input Class Initialized
INFO - 2024-12-25 19:50:50 --> Language Class Initialized
INFO - 2024-12-25 19:50:50 --> Language Class Initialized
INFO - 2024-12-25 19:50:50 --> Config Class Initialized
INFO - 2024-12-25 19:50:50 --> Loader Class Initialized
INFO - 2024-12-25 19:50:50 --> Helper loaded: url_helper
INFO - 2024-12-25 19:50:50 --> Helper loaded: easyui_helper
INFO - 2024-12-25 19:50:50 --> Helper loaded: param_helper
INFO - 2024-12-25 19:50:50 --> Helper loaded: credential_helper
INFO - 2024-12-25 19:50:50 --> Helper loaded: template_helper
INFO - 2024-12-25 19:50:50 --> Helper loaded: rest_helper
INFO - 2024-12-25 19:50:50 --> Database Driver Class Initialized
DEBUG - 2024-12-25 19:50:50 --> Idgenerator class already loaded. Second attempt ignored.
INFO - 2024-12-25 19:50:50 --> Controller Class Initialized
INFO - 2024-12-25 19:50:50 --> Model Class Initialized
DEBUG - 2024-12-25 19:50:50 --> File loaded: /apps/web-drc/application/modules/mapping_promo_active/models/Promo_active_model.php
INFO - 2024-12-25 19:50:50 --> Model Class Initialized
DEBUG - 2024-12-25 19:50:50 --> File loaded: /apps/web-drc/application/modules/mapping_promo_active/views/content.php
DEBUG - 2024-12-25 19:50:50 --> File loaded: /apps/web-drc/application/views/templates/header.php
DEBUG - 2024-12-25 19:50:50 --> File loaded: /apps/web-drc/application/views/templates/toolbar.php
DEBUG - 2024-12-25 19:50:50 --> File loaded: /apps/web-drc/application/views/templates/sidebar.php
DEBUG - 2024-12-25 19:50:50 --> File loaded: /apps/web-drc/application/views/templates/contents.php
DEBUG - 2024-12-25 19:50:50 --> File loaded: /apps/web-drc/application/views/templates/content_footer.php
DEBUG - 2024-12-25 19:50:50 --> File loaded: /apps/web-drc/application/views/templates/footer.php
DEBUG - 2024-12-25 19:50:50 --> File loaded: /apps/web-drc/application/views/templates/default.php
INFO - 2024-12-25 19:50:50 --> Final output sent to browser
DEBUG - 2024-12-25 19:50:50 --> Total execution time: 0.0066
INFO - 2024-12-25 19:50:51 --> Config Class Initialized
INFO - 2024-12-25 19:50:51 --> Hooks Class Initialized
DEBUG - 2024-12-25 19:50:51 --> UTF-8 Support Enabled
INFO - 2024-12-25 19:50:51 --> Utf8 Class Initialized
INFO - 2024-12-25 19:50:51 --> URI Class Initialized
INFO - 2024-12-25 19:50:51 --> Router Class Initialized
INFO - 2024-12-25 19:50:51 --> Output Class Initialized
INFO - 2024-12-25 19:50:51 --> Security Class Initialized
DEBUG - 2024-12-25 19:50:51 --> Global POST, GET and COOKIE data sanitized
INFO - 2024-12-25 19:50:51 --> Input Class Initialized
INFO - 2024-12-25 19:50:51 --> Language Class Initialized
ERROR - 2024-12-25 19:50:51 --> 404 Page Not Found: /index
INFO - 2024-12-25 19:50:51 --> Config Class Initialized
INFO - 2024-12-25 19:50:51 --> Hooks Class Initialized
DEBUG - 2024-12-25 19:50:51 --> UTF-8 Support Enabled
INFO - 2024-12-25 19:50:51 --> Utf8 Class Initialized
INFO - 2024-12-25 19:50:51 --> URI Class Initialized
INFO - 2024-12-25 19:50:51 --> Router Class Initialized
INFO - 2024-12-25 19:50:51 --> Output Class Initialized
INFO - 2024-12-25 19:50:51 --> Security Class Initialized
DEBUG - 2024-12-25 19:50:51 --> Global POST, GET and COOKIE data sanitized
INFO - 2024-12-25 19:50:51 --> Input Class Initialized
INFO - 2024-12-25 19:50:51 --> Language Class Initialized
INFO - 2024-12-25 19:50:51 --> Language Class Initialized
INFO - 2024-12-25 19:50:51 --> Config Class Initialized
INFO - 2024-12-25 19:50:51 --> Loader Class Initialized
INFO - 2024-12-25 19:50:51 --> Helper loaded: url_helper
INFO - 2024-12-25 19:50:51 --> Helper loaded: easyui_helper
INFO - 2024-12-25 19:50:51 --> Helper loaded: param_helper
INFO - 2024-12-25 19:50:51 --> Helper loaded: credential_helper
INFO - 2024-12-25 19:50:51 --> Helper loaded: template_helper
INFO - 2024-12-25 19:50:51 --> Helper loaded: rest_helper
INFO - 2024-12-25 19:50:51 --> Database Driver Class Initialized
DEBUG - 2024-12-25 19:50:51 --> Idgenerator class already loaded. Second attempt ignored.
INFO - 2024-12-25 19:50:51 --> Controller Class Initialized
INFO - 2024-12-25 19:50:51 --> Model Class Initialized
DEBUG - 2024-12-25 19:50:51 --> File loaded: /apps/web-drc/application/modules/mapping_promo_active/models/Promo_active_model.php
INFO - 2024-12-25 19:50:51 --> Model Class Initialized
INFO - 2024-12-25 19:50:51 --> Final output sent to browser
DEBUG - 2024-12-25 19:50:51 --> Total execution time: 0.0054
INFO - 2024-12-25 19:50:54 --> Config Class Initialized
INFO - 2024-12-25 19:50:54 --> Hooks Class Initialized
DEBUG - 2024-12-25 19:50:54 --> UTF-8 Support Enabled
INFO - 2024-12-25 19:50:54 --> Utf8 Class Initialized
INFO - 2024-12-25 19:50:54 --> URI Class Initialized
INFO - 2024-12-25 19:50:54 --> Router Class Initialized
INFO - 2024-12-25 19:50:54 --> Output Class Initialized
INFO - 2024-12-25 19:50:54 --> Security Class Initialized
DEBUG - 2024-12-25 19:50:54 --> Global POST, GET and COOKIE data sanitized
INFO - 2024-12-25 19:50:54 --> Input Class Initialized
INFO - 2024-12-25 19:50:54 --> Language Class Initialized
INFO - 2024-12-25 19:50:54 --> Language Class Initialized
INFO - 2024-12-25 19:50:54 --> Config Class Initialized
INFO - 2024-12-25 19:50:54 --> Loader Class Initialized
INFO - 2024-12-25 19:50:54 --> Helper loaded: url_helper
INFO - 2024-12-25 19:50:54 --> Helper loaded: easyui_helper
INFO - 2024-12-25 19:50:54 --> Helper loaded: param_helper
INFO - 2024-12-25 19:50:54 --> Helper loaded: credential_helper
INFO - 2024-12-25 19:50:54 --> Helper loaded: template_helper
INFO - 2024-12-25 19:50:54 --> Helper loaded: rest_helper
INFO - 2024-12-25 19:50:54 --> Database Driver Class Initialized
DEBUG - 2024-12-25 19:50:54 --> Idgenerator class already loaded. Second attempt ignored.
INFO - 2024-12-25 19:50:54 --> Controller Class Initialized
INFO - 2024-12-25 19:50:54 --> Model Class Initialized
DEBUG - 2024-12-25 19:50:54 --> File loaded: /apps/web-drc/application/modules/mapping_promo_active/models/Promo_active_model.php
INFO - 2024-12-25 19:50:54 --> Model Class Initialized
INFO - 2024-12-25 19:50:54 --> Final output sent to browser
DEBUG - 2024-12-25 19:50:54 --> Total execution time: 0.0093
INFO - 2024-12-25 20:00:47 --> Config Class Initialized
INFO - 2024-12-25 20:00:47 --> Hooks Class Initialized
DEBUG - 2024-12-25 20:00:47 --> UTF-8 Support Enabled
INFO - 2024-12-25 20:00:47 --> Utf8 Class Initialized
INFO - 2024-12-25 20:00:47 --> URI Class Initialized
INFO - 2024-12-25 20:00:47 --> Router Class Initialized
INFO - 2024-12-25 20:00:47 --> Output Class Initialized
INFO - 2024-12-25 20:00:47 --> Security Class Initialized
DEBUG - 2024-12-25 20:00:47 --> Global POST, GET and COOKIE data sanitized
INFO - 2024-12-25 20:00:47 --> Input Class Initialized
INFO - 2024-12-25 20:00:47 --> Language Class Initialized
INFO - 2024-12-25 20:00:47 --> Language Class Initialized
INFO - 2024-12-25 20:00:47 --> Config Class Initialized
INFO - 2024-12-25 20:00:47 --> Loader Class Initialized
INFO - 2024-12-25 20:00:47 --> Helper loaded: url_helper
INFO - 2024-12-25 20:00:47 --> Helper loaded: easyui_helper
INFO - 2024-12-25 20:00:47 --> Helper loaded: param_helper
INFO - 2024-12-25 20:00:47 --> Helper loaded: credential_helper
INFO - 2024-12-25 20:00:47 --> Helper loaded: template_helper
INFO - 2024-12-25 20:00:47 --> Helper loaded: rest_helper
INFO - 2024-12-25 20:00:47 --> Database Driver Class Initialized
DEBUG - 2024-12-25 20:00:47 --> Idgenerator class already loaded. Second attempt ignored.
INFO - 2024-12-25 20:00:47 --> Controller Class Initialized
INFO - 2024-12-25 20:00:47 --> Model Class Initialized
DEBUG - 2024-12-25 20:00:47 --> File loaded: /apps/web-drc/application/modules/mapping_promo_active/models/Promo_active_model.php
INFO - 2024-12-25 20:00:47 --> Model Class Initialized
DEBUG - 2024-12-25 20:00:47 --> File loaded: /apps/web-drc/application/modules/mapping_promo_active/views/form.php
DEBUG - 2024-12-25 20:00:47 --> File loaded: /apps/web-drc/application/views/templates/header.php
DEBUG - 2024-12-25 20:00:47 --> File loaded: /apps/web-drc/application/views/templates/toolbar.php
DEBUG - 2024-12-25 20:00:47 --> File loaded: /apps/web-drc/application/views/templates/sidebar.php
DEBUG - 2024-12-25 20:00:47 --> File loaded: /apps/web-drc/application/views/templates/contents.php
DEBUG - 2024-12-25 20:00:47 --> File loaded: /apps/web-drc/application/views/templates/content_footer.php
DEBUG - 2024-12-25 20:00:47 --> File loaded: /apps/web-drc/application/views/templates/footer.php
DEBUG - 2024-12-25 20:00:47 --> File loaded: /apps/web-drc/application/views/templates/default.php
INFO - 2024-12-25 20:00:47 --> Final output sent to browser
DEBUG - 2024-12-25 20:00:47 --> Total execution time: 0.0192
INFO - 2024-12-25 20:00:47 --> Config Class Initialized
INFO - 2024-12-25 20:00:47 --> Hooks Class Initialized
DEBUG - 2024-12-25 20:00:47 --> UTF-8 Support Enabled
INFO - 2024-12-25 20:00:47 --> Utf8 Class Initialized
INFO - 2024-12-25 20:00:47 --> URI Class Initialized
INFO - 2024-12-25 20:00:47 --> Router Class Initialized
INFO - 2024-12-25 20:00:47 --> Output Class Initialized
INFO - 2024-12-25 20:00:47 --> Security Class Initialized
DEBUG - 2024-12-25 20:00:47 --> Global POST, GET and COOKIE data sanitized
INFO - 2024-12-25 20:00:47 --> Input Class Initialized
INFO - 2024-12-25 20:00:47 --> Language Class Initialized
ERROR - 2024-12-25 20:00:47 --> 404 Page Not Found: /index
INFO - 2024-12-25 20:00:47 --> Config Class Initialized
INFO - 2024-12-25 20:00:47 --> Hooks Class Initialized
DEBUG - 2024-12-25 20:00:47 --> UTF-8 Support Enabled
INFO - 2024-12-25 20:00:47 --> Utf8 Class Initialized
INFO - 2024-12-25 20:00:47 --> URI Class Initialized
INFO - 2024-12-25 20:00:47 --> Router Class Initialized
INFO - 2024-12-25 20:00:47 --> Output Class Initialized
INFO - 2024-12-25 20:00:47 --> Security Class Initialized
DEBUG - 2024-12-25 20:00:47 --> Global POST, GET and COOKIE data sanitized
INFO - 2024-12-25 20:00:47 --> Input Class Initialized
INFO - 2024-12-25 20:00:47 --> Language Class Initialized
INFO - 2024-12-25 20:00:47 --> Language Class Initialized
INFO - 2024-12-25 20:00:47 --> Config Class Initialized
INFO - 2024-12-25 20:00:47 --> Loader Class Initialized
INFO - 2024-12-25 20:00:47 --> Helper loaded: url_helper
INFO - 2024-12-25 20:00:47 --> Helper loaded: easyui_helper
INFO - 2024-12-25 20:00:47 --> Helper loaded: param_helper
INFO - 2024-12-25 20:00:47 --> Helper loaded: credential_helper
INFO - 2024-12-25 20:00:47 --> Helper loaded: template_helper
INFO - 2024-12-25 20:00:47 --> Helper loaded: rest_helper
INFO - 2024-12-25 20:00:47 --> Database Driver Class Initialized
DEBUG - 2024-12-25 20:00:47 --> Idgenerator class already loaded. Second attempt ignored.
INFO - 2024-12-25 20:00:47 --> Controller Class Initialized
INFO - 2024-12-25 20:00:47 --> Model Class Initialized
DEBUG - 2024-12-25 20:00:47 --> File loaded: /apps/web-drc/application/modules/api_v1/models/Api_v1_model.php
INFO - 2024-12-25 20:00:47 --> Model Class Initialized
INFO - 2024-12-25 20:00:47 --> Final output sent to browser
DEBUG - 2024-12-25 20:00:47 --> Total execution time: 0.0056
INFO - 2024-12-25 20:00:47 --> Config Class Initialized
INFO - 2024-12-25 20:00:47 --> Hooks Class Initialized
DEBUG - 2024-12-25 20:00:47 --> UTF-8 Support Enabled
INFO - 2024-12-25 20:00:47 --> Utf8 Class Initialized
INFO - 2024-12-25 20:00:47 --> URI Class Initialized
INFO - 2024-12-25 20:00:47 --> Router Class Initialized
INFO - 2024-12-25 20:00:47 --> Output Class Initialized
INFO - 2024-12-25 20:00:47 --> Security Class Initialized
DEBUG - 2024-12-25 20:00:47 --> Global POST, GET and COOKIE data sanitized
INFO - 2024-12-25 20:00:47 --> Input Class Initialized
INFO - 2024-12-25 20:00:47 --> Language Class Initialized
INFO - 2024-12-25 20:00:47 --> Language Class Initialized
INFO - 2024-12-25 20:00:47 --> Config Class Initialized
INFO - 2024-12-25 20:00:47 --> Loader Class Initialized
INFO - 2024-12-25 20:00:47 --> Helper loaded: url_helper
INFO - 2024-12-25 20:00:47 --> Helper loaded: easyui_helper
INFO - 2024-12-25 20:00:47 --> Helper loaded: param_helper
INFO - 2024-12-25 20:00:47 --> Helper loaded: credential_helper
INFO - 2024-12-25 20:00:47 --> Helper loaded: template_helper
INFO - 2024-12-25 20:00:47 --> Helper loaded: rest_helper
INFO - 2024-12-25 20:00:47 --> Database Driver Class Initialized
DEBUG - 2024-12-25 20:00:47 --> Idgenerator class already loaded. Second attempt ignored.
INFO - 2024-12-25 20:00:47 --> Controller Class Initialized
INFO - 2024-12-25 20:00:47 --> Model Class Initialized
DEBUG - 2024-12-25 20:00:47 --> File loaded: /apps/web-drc/application/modules/api_v1/models/Api_v1_model.php
INFO - 2024-12-25 20:00:47 --> Model Class Initialized
INFO - 2024-12-25 20:00:47 --> Final output sent to browser
DEBUG - 2024-12-25 20:00:47 --> Total execution time: 0.0033
INFO - 2024-12-25 20:00:48 --> Config Class Initialized
INFO - 2024-12-25 20:00:48 --> Hooks Class Initialized
DEBUG - 2024-12-25 20:00:48 --> UTF-8 Support Enabled
INFO - 2024-12-25 20:00:48 --> Utf8 Class Initialized
INFO - 2024-12-25 20:00:48 --> URI Class Initialized
INFO - 2024-12-25 20:00:48 --> Router Class Initialized
INFO - 2024-12-25 20:00:48 --> Output Class Initialized
INFO - 2024-12-25 20:00:48 --> Security Class Initialized
DEBUG - 2024-12-25 20:00:48 --> Global POST, GET and COOKIE data sanitized
INFO - 2024-12-25 20:00:48 --> Input Class Initialized
INFO - 2024-12-25 20:00:48 --> Language Class Initialized
INFO - 2024-12-25 20:00:48 --> Language Class Initialized
INFO - 2024-12-25 20:00:48 --> Config Class Initialized
INFO - 2024-12-25 20:00:48 --> Loader Class Initialized
INFO - 2024-12-25 20:00:48 --> Helper loaded: url_helper
INFO - 2024-12-25 20:00:48 --> Helper loaded: easyui_helper
INFO - 2024-12-25 20:00:48 --> Helper loaded: param_helper
INFO - 2024-12-25 20:00:48 --> Helper loaded: credential_helper
INFO - 2024-12-25 20:00:48 --> Helper loaded: template_helper
INFO - 2024-12-25 20:00:48 --> Helper loaded: rest_helper
INFO - 2024-12-25 20:00:48 --> Database Driver Class Initialized
DEBUG - 2024-12-25 20:00:48 --> Idgenerator class already loaded. Second attempt ignored.
INFO - 2024-12-25 20:00:48 --> Controller Class Initialized
INFO - 2024-12-25 20:00:48 --> Model Class Initialized
DEBUG - 2024-12-25 20:00:48 --> File loaded: /apps/web-drc/application/modules/ref_customer_class/models/Customer_class_model.php
INFO - 2024-12-25 20:00:48 --> Model Class Initialized
INFO - 2024-12-25 20:00:48 --> Final output sent to browser
DEBUG - 2024-12-25 20:00:48 --> Total execution time: 0.0042
INFO - 2024-12-25 20:09:11 --> Config Class Initialized
INFO - 2024-12-25 20:09:11 --> Hooks Class Initialized
DEBUG - 2024-12-25 20:09:11 --> UTF-8 Support Enabled
INFO - 2024-12-25 20:09:11 --> Utf8 Class Initialized
INFO - 2024-12-25 20:09:11 --> URI Class Initialized
INFO - 2024-12-25 20:09:11 --> Router Class Initialized
INFO - 2024-12-25 20:09:11 --> Output Class Initialized
INFO - 2024-12-25 20:09:11 --> Security Class Initialized
DEBUG - 2024-12-25 20:09:11 --> Global POST, GET and COOKIE data sanitized
INFO - 2024-12-25 20:09:11 --> Input Class Initialized
INFO - 2024-12-25 20:09:11 --> Language Class Initialized
INFO - 2024-12-25 20:09:11 --> Language Class Initialized
INFO - 2024-12-25 20:09:11 --> Config Class Initialized
INFO - 2024-12-25 20:09:11 --> Loader Class Initialized
INFO - 2024-12-25 20:09:11 --> Helper loaded: url_helper
INFO - 2024-12-25 20:09:11 --> Helper loaded: easyui_helper
INFO - 2024-12-25 20:09:11 --> Helper loaded: param_helper
INFO - 2024-12-25 20:09:11 --> Helper loaded: credential_helper
INFO - 2024-12-25 20:09:11 --> Helper loaded: template_helper
INFO - 2024-12-25 20:09:11 --> Helper loaded: rest_helper
INFO - 2024-12-25 20:09:11 --> Database Driver Class Initialized
DEBUG - 2024-12-25 20:09:11 --> Idgenerator class already loaded. Second attempt ignored.
INFO - 2024-12-25 20:09:11 --> Controller Class Initialized
INFO - 2024-12-25 20:09:11 --> Model Class Initialized
DEBUG - 2024-12-25 20:09:11 --> File loaded: /apps/web-drc/application/modules/mapping_promo_active/models/Promo_active_model.php
INFO - 2024-12-25 20:09:11 --> Model Class Initialized
DEBUG - 2024-12-25 20:09:11 --> File loaded: /apps/web-drc/application/modules/mapping_promo_active/views/content.php
DEBUG - 2024-12-25 20:09:11 --> File loaded: /apps/web-drc/application/views/templates/header.php
DEBUG - 2024-12-25 20:09:11 --> File loaded: /apps/web-drc/application/views/templates/toolbar.php
DEBUG - 2024-12-25 20:09:11 --> File loaded: /apps/web-drc/application/views/templates/sidebar.php
DEBUG - 2024-12-25 20:09:11 --> File loaded: /apps/web-drc/application/views/templates/contents.php
DEBUG - 2024-12-25 20:09:11 --> File loaded: /apps/web-drc/application/views/templates/content_footer.php
DEBUG - 2024-12-25 20:09:11 --> File loaded: /apps/web-drc/application/views/templates/footer.php
DEBUG - 2024-12-25 20:09:11 --> File loaded: /apps/web-drc/application/views/templates/default.php
INFO - 2024-12-25 20:09:11 --> Final output sent to browser
DEBUG - 2024-12-25 20:09:11 --> Total execution time: 0.0080
INFO - 2024-12-25 20:09:11 --> Config Class Initialized
INFO - 2024-12-25 20:09:11 --> Hooks Class Initialized
DEBUG - 2024-12-25 20:09:11 --> UTF-8 Support Enabled
INFO - 2024-12-25 20:09:11 --> Utf8 Class Initialized
INFO - 2024-12-25 20:09:11 --> URI Class Initialized
INFO - 2024-12-25 20:09:11 --> Router Class Initialized
INFO - 2024-12-25 20:09:11 --> Output Class Initialized
INFO - 2024-12-25 20:09:11 --> Security Class Initialized
DEBUG - 2024-12-25 20:09:11 --> Global POST, GET and COOKIE data sanitized
INFO - 2024-12-25 20:09:11 --> Input Class Initialized
INFO - 2024-12-25 20:09:11 --> Language Class Initialized
ERROR - 2024-12-25 20:09:11 --> 404 Page Not Found: /index
INFO - 2024-12-25 20:09:11 --> Config Class Initialized
INFO - 2024-12-25 20:09:11 --> Hooks Class Initialized
DEBUG - 2024-12-25 20:09:11 --> UTF-8 Support Enabled
INFO - 2024-12-25 20:09:11 --> Utf8 Class Initialized
INFO - 2024-12-25 20:09:11 --> URI Class Initialized
INFO - 2024-12-25 20:09:11 --> Router Class Initialized
INFO - 2024-12-25 20:09:11 --> Output Class Initialized
INFO - 2024-12-25 20:09:11 --> Security Class Initialized
DEBUG - 2024-12-25 20:09:11 --> Global POST, GET and COOKIE data sanitized
INFO - 2024-12-25 20:09:11 --> Input Class Initialized
INFO - 2024-12-25 20:09:11 --> Language Class Initialized
INFO - 2024-12-25 20:09:11 --> Language Class Initialized
INFO - 2024-12-25 20:09:11 --> Config Class Initialized
INFO - 2024-12-25 20:09:11 --> Loader Class Initialized
INFO - 2024-12-25 20:09:11 --> Helper loaded: url_helper
INFO - 2024-12-25 20:09:11 --> Helper loaded: easyui_helper
INFO - 2024-12-25 20:09:11 --> Helper loaded: param_helper
INFO - 2024-12-25 20:09:11 --> Helper loaded: credential_helper
INFO - 2024-12-25 20:09:11 --> Helper loaded: template_helper
INFO - 2024-12-25 20:09:11 --> Helper loaded: rest_helper
INFO - 2024-12-25 20:09:11 --> Database Driver Class Initialized
DEBUG - 2024-12-25 20:09:11 --> Idgenerator class already loaded. Second attempt ignored.
INFO - 2024-12-25 20:09:11 --> Controller Class Initialized
INFO - 2024-12-25 20:09:11 --> Model Class Initialized
DEBUG - 2024-12-25 20:09:11 --> File loaded: /apps/web-drc/application/modules/mapping_promo_active/models/Promo_active_model.php
INFO - 2024-12-25 20:09:11 --> Model Class Initialized
INFO - 2024-12-25 20:09:11 --> Final output sent to browser
DEBUG - 2024-12-25 20:09:11 --> Total execution time: 0.0098
INFO - 2024-12-25 20:09:15 --> Config Class Initialized
INFO - 2024-12-25 20:09:15 --> Hooks Class Initialized
DEBUG - 2024-12-25 20:09:15 --> UTF-8 Support Enabled
INFO - 2024-12-25 20:09:15 --> Utf8 Class Initialized
INFO - 2024-12-25 20:09:15 --> URI Class Initialized
INFO - 2024-12-25 20:09:15 --> Router Class Initialized
INFO - 2024-12-25 20:09:15 --> Output Class Initialized
INFO - 2024-12-25 20:09:15 --> Security Class Initialized
DEBUG - 2024-12-25 20:09:15 --> Global POST, GET and COOKIE data sanitized
INFO - 2024-12-25 20:09:15 --> Input Class Initialized
INFO - 2024-12-25 20:09:15 --> Language Class Initialized
INFO - 2024-12-25 20:09:15 --> Language Class Initialized
INFO - 2024-12-25 20:09:15 --> Config Class Initialized
INFO - 2024-12-25 20:09:15 --> Loader Class Initialized
INFO - 2024-12-25 20:09:15 --> Helper loaded: url_helper
INFO - 2024-12-25 20:09:15 --> Helper loaded: easyui_helper
INFO - 2024-12-25 20:09:15 --> Helper loaded: param_helper
INFO - 2024-12-25 20:09:15 --> Helper loaded: credential_helper
INFO - 2024-12-25 20:09:15 --> Helper loaded: template_helper
INFO - 2024-12-25 20:09:15 --> Helper loaded: rest_helper
INFO - 2024-12-25 20:09:15 --> Database Driver Class Initialized
DEBUG - 2024-12-25 20:09:15 --> Idgenerator class already loaded. Second attempt ignored.
INFO - 2024-12-25 20:09:15 --> Controller Class Initialized
INFO - 2024-12-25 20:09:15 --> Model Class Initialized
DEBUG - 2024-12-25 20:09:15 --> File loaded: /apps/web-drc/application/modules/mapping_promo_active/models/Promo_active_model.php
INFO - 2024-12-25 20:09:15 --> Model Class Initialized
INFO - 2024-12-25 20:09:15 --> Final output sent to browser
DEBUG - 2024-12-25 20:09:15 --> Total execution time: 0.0148
INFO - 2024-12-25 20:09:23 --> Config Class Initialized
INFO - 2024-12-25 20:09:23 --> Hooks Class Initialized
DEBUG - 2024-12-25 20:09:23 --> UTF-8 Support Enabled
INFO - 2024-12-25 20:09:23 --> Utf8 Class Initialized
INFO - 2024-12-25 20:09:23 --> URI Class Initialized
INFO - 2024-12-25 20:09:23 --> Router Class Initialized
INFO - 2024-12-25 20:09:23 --> Output Class Initialized
INFO - 2024-12-25 20:09:23 --> Security Class Initialized
DEBUG - 2024-12-25 20:09:23 --> Global POST, GET and COOKIE data sanitized
INFO - 2024-12-25 20:09:23 --> Input Class Initialized
INFO - 2024-12-25 20:09:23 --> Language Class Initialized
INFO - 2024-12-25 20:09:23 --> Language Class Initialized
INFO - 2024-12-25 20:09:23 --> Config Class Initialized
INFO - 2024-12-25 20:09:23 --> Loader Class Initialized
INFO - 2024-12-25 20:09:23 --> Helper loaded: url_helper
INFO - 2024-12-25 20:09:23 --> Helper loaded: easyui_helper
INFO - 2024-12-25 20:09:23 --> Helper loaded: param_helper
INFO - 2024-12-25 20:09:23 --> Helper loaded: credential_helper
INFO - 2024-12-25 20:09:23 --> Helper loaded: template_helper
INFO - 2024-12-25 20:09:23 --> Helper loaded: rest_helper
INFO - 2024-12-25 20:09:23 --> Database Driver Class Initialized
DEBUG - 2024-12-25 20:09:23 --> Idgenerator class already loaded. Second attempt ignored.
INFO - 2024-12-25 20:09:23 --> Controller Class Initialized
INFO - 2024-12-25 20:09:23 --> Model Class Initialized
DEBUG - 2024-12-25 20:09:23 --> File loaded: /apps/web-drc/application/modules/mapping_promo_active/models/Promo_active_model.php
INFO - 2024-12-25 20:09:23 --> Model Class Initialized
INFO - 2024-12-25 20:09:23 --> Final output sent to browser
DEBUG - 2024-12-25 20:09:23 --> Total execution time: 0.0046
INFO - 2024-12-25 20:09:23 --> Config Class Initialized
INFO - 2024-12-25 20:09:23 --> Hooks Class Initialized
DEBUG - 2024-12-25 20:09:23 --> UTF-8 Support Enabled
INFO - 2024-12-25 20:09:23 --> Utf8 Class Initialized
INFO - 2024-12-25 20:09:23 --> URI Class Initialized
INFO - 2024-12-25 20:09:23 --> Router Class Initialized
INFO - 2024-12-25 20:09:23 --> Output Class Initialized
INFO - 2024-12-25 20:09:23 --> Security Class Initialized
DEBUG - 2024-12-25 20:09:23 --> Global POST, GET and COOKIE data sanitized
INFO - 2024-12-25 20:09:23 --> Input Class Initialized
INFO - 2024-12-25 20:09:23 --> Language Class Initialized
INFO - 2024-12-25 20:09:23 --> Language Class Initialized
INFO - 2024-12-25 20:09:23 --> Config Class Initialized
INFO - 2024-12-25 20:09:23 --> Loader Class Initialized
INFO - 2024-12-25 20:09:23 --> Helper loaded: url_helper
INFO - 2024-12-25 20:09:23 --> Helper loaded: easyui_helper
INFO - 2024-12-25 20:09:23 --> Helper loaded: param_helper
INFO - 2024-12-25 20:09:23 --> Helper loaded: credential_helper
INFO - 2024-12-25 20:09:23 --> Helper loaded: template_helper
INFO - 2024-12-25 20:09:23 --> Helper loaded: rest_helper
INFO - 2024-12-25 20:09:23 --> Database Driver Class Initialized
DEBUG - 2024-12-25 20:09:23 --> Idgenerator class already loaded. Second attempt ignored.
INFO - 2024-12-25 20:09:23 --> Controller Class Initialized
INFO - 2024-12-25 20:09:23 --> Model Class Initialized
DEBUG - 2024-12-25 20:09:23 --> File loaded: /apps/web-drc/application/modules/mapping_promo_active/models/Promo_active_model.php
INFO - 2024-12-25 20:09:23 --> Model Class Initialized
INFO - 2024-12-25 20:09:23 --> Final output sent to browser
DEBUG - 2024-12-25 20:09:23 --> Total execution time: 0.0138
INFO - 2024-12-25 20:09:29 --> Config Class Initialized
INFO - 2024-12-25 20:09:29 --> Hooks Class Initialized
DEBUG - 2024-12-25 20:09:29 --> UTF-8 Support Enabled
INFO - 2024-12-25 20:09:29 --> Utf8 Class Initialized
INFO - 2024-12-25 20:09:29 --> URI Class Initialized
INFO - 2024-12-25 20:09:29 --> Router Class Initialized
INFO - 2024-12-25 20:09:29 --> Output Class Initialized
INFO - 2024-12-25 20:09:29 --> Security Class Initialized
DEBUG - 2024-12-25 20:09:29 --> Global POST, GET and COOKIE data sanitized
INFO - 2024-12-25 20:09:29 --> Input Class Initialized
INFO - 2024-12-25 20:09:29 --> Language Class Initialized
INFO - 2024-12-25 20:09:29 --> Language Class Initialized
INFO - 2024-12-25 20:09:29 --> Config Class Initialized
INFO - 2024-12-25 20:09:29 --> Loader Class Initialized
INFO - 2024-12-25 20:09:29 --> Helper loaded: url_helper
INFO - 2024-12-25 20:09:29 --> Helper loaded: easyui_helper
INFO - 2024-12-25 20:09:29 --> Helper loaded: param_helper
INFO - 2024-12-25 20:09:29 --> Helper loaded: credential_helper
INFO - 2024-12-25 20:09:29 --> Helper loaded: template_helper
INFO - 2024-12-25 20:09:29 --> Helper loaded: rest_helper
INFO - 2024-12-25 20:09:29 --> Database Driver Class Initialized
DEBUG - 2024-12-25 20:09:29 --> Idgenerator class already loaded. Second attempt ignored.
INFO - 2024-12-25 20:09:29 --> Controller Class Initialized
INFO - 2024-12-25 20:09:29 --> Model Class Initialized
DEBUG - 2024-12-25 20:09:29 --> File loaded: /apps/web-drc/application/modules/mapping_promo_active/models/Promo_active_model.php
INFO - 2024-12-25 20:09:29 --> Model Class Initialized
DEBUG - 2024-12-25 20:09:29 --> File loaded: /apps/web-drc/application/modules/mapping_promo_active/views/form.php
DEBUG - 2024-12-25 20:09:29 --> File loaded: /apps/web-drc/application/views/templates/header.php
DEBUG - 2024-12-25 20:09:29 --> File loaded: /apps/web-drc/application/views/templates/toolbar.php
DEBUG - 2024-12-25 20:09:29 --> File loaded: /apps/web-drc/application/views/templates/sidebar.php
DEBUG - 2024-12-25 20:09:29 --> File loaded: /apps/web-drc/application/views/templates/contents.php
DEBUG - 2024-12-25 20:09:29 --> File loaded: /apps/web-drc/application/views/templates/content_footer.php
DEBUG - 2024-12-25 20:09:29 --> File loaded: /apps/web-drc/application/views/templates/footer.php
DEBUG - 2024-12-25 20:09:29 --> File loaded: /apps/web-drc/application/views/templates/default.php
INFO - 2024-12-25 20:09:29 --> Final output sent to browser
DEBUG - 2024-12-25 20:09:29 --> Total execution time: 0.0064
INFO - 2024-12-25 20:09:29 --> Config Class Initialized
INFO - 2024-12-25 20:09:29 --> Hooks Class Initialized
DEBUG - 2024-12-25 20:09:29 --> UTF-8 Support Enabled
INFO - 2024-12-25 20:09:29 --> Utf8 Class Initialized
INFO - 2024-12-25 20:09:29 --> URI Class Initialized
INFO - 2024-12-25 20:09:29 --> Router Class Initialized
INFO - 2024-12-25 20:09:29 --> Output Class Initialized
INFO - 2024-12-25 20:09:29 --> Security Class Initialized
DEBUG - 2024-12-25 20:09:29 --> Global POST, GET and COOKIE data sanitized
INFO - 2024-12-25 20:09:29 --> Input Class Initialized
INFO - 2024-12-25 20:09:29 --> Language Class Initialized
INFO - 2024-12-25 20:09:29 --> Language Class Initialized
INFO - 2024-12-25 20:09:29 --> Config Class Initialized
INFO - 2024-12-25 20:09:29 --> Loader Class Initialized
INFO - 2024-12-25 20:09:29 --> Helper loaded: url_helper
INFO - 2024-12-25 20:09:29 --> Helper loaded: easyui_helper
INFO - 2024-12-25 20:09:29 --> Helper loaded: param_helper
INFO - 2024-12-25 20:09:29 --> Helper loaded: credential_helper
INFO - 2024-12-25 20:09:29 --> Helper loaded: template_helper
INFO - 2024-12-25 20:09:29 --> Helper loaded: rest_helper
INFO - 2024-12-25 20:09:29 --> Database Driver Class Initialized
DEBUG - 2024-12-25 20:09:29 --> Idgenerator class already loaded. Second attempt ignored.
INFO - 2024-12-25 20:09:29 --> Controller Class Initialized
INFO - 2024-12-25 20:09:29 --> Model Class Initialized
DEBUG - 2024-12-25 20:09:29 --> File loaded: /apps/web-drc/application/modules/api_v1/models/Api_v1_model.php
INFO - 2024-12-25 20:09:29 --> Model Class Initialized
INFO - 2024-12-25 20:09:29 --> Final output sent to browser
DEBUG - 2024-12-25 20:09:29 --> Total execution time: 0.0035
INFO - 2024-12-25 20:09:29 --> Config Class Initialized
INFO - 2024-12-25 20:09:29 --> Hooks Class Initialized
DEBUG - 2024-12-25 20:09:29 --> UTF-8 Support Enabled
INFO - 2024-12-25 20:09:29 --> Utf8 Class Initialized
INFO - 2024-12-25 20:09:29 --> URI Class Initialized
INFO - 2024-12-25 20:09:29 --> Router Class Initialized
INFO - 2024-12-25 20:09:29 --> Output Class Initialized
INFO - 2024-12-25 20:09:29 --> Security Class Initialized
DEBUG - 2024-12-25 20:09:29 --> Global POST, GET and COOKIE data sanitized
INFO - 2024-12-25 20:09:29 --> Input Class Initialized
INFO - 2024-12-25 20:09:29 --> Language Class Initialized
INFO - 2024-12-25 20:09:29 --> Language Class Initialized
INFO - 2024-12-25 20:09:29 --> Config Class Initialized
INFO - 2024-12-25 20:09:29 --> Loader Class Initialized
INFO - 2024-12-25 20:09:29 --> Helper loaded: url_helper
INFO - 2024-12-25 20:09:29 --> Helper loaded: easyui_helper
INFO - 2024-12-25 20:09:29 --> Helper loaded: param_helper
INFO - 2024-12-25 20:09:29 --> Helper loaded: credential_helper
INFO - 2024-12-25 20:09:29 --> Helper loaded: template_helper
INFO - 2024-12-25 20:09:29 --> Helper loaded: rest_helper
INFO - 2024-12-25 20:09:29 --> Database Driver Class Initialized
DEBUG - 2024-12-25 20:09:29 --> Idgenerator class already loaded. Second attempt ignored.
INFO - 2024-12-25 20:09:29 --> Controller Class Initialized
INFO - 2024-12-25 20:09:29 --> Model Class Initialized
DEBUG - 2024-12-25 20:09:29 --> File loaded: /apps/web-drc/application/modules/api_v1/models/Api_v1_model.php
INFO - 2024-12-25 20:09:29 --> Model Class Initialized
INFO - 2024-12-25 20:09:29 --> Final output sent to browser
DEBUG - 2024-12-25 20:09:29 --> Total execution time: 0.0043
INFO - 2024-12-25 20:09:29 --> Config Class Initialized
INFO - 2024-12-25 20:09:29 --> Hooks Class Initialized
DEBUG - 2024-12-25 20:09:29 --> UTF-8 Support Enabled
INFO - 2024-12-25 20:09:29 --> Utf8 Class Initialized
INFO - 2024-12-25 20:09:29 --> URI Class Initialized
INFO - 2024-12-25 20:09:29 --> Router Class Initialized
INFO - 2024-12-25 20:09:29 --> Output Class Initialized
INFO - 2024-12-25 20:09:29 --> Security Class Initialized
DEBUG - 2024-12-25 20:09:29 --> Global POST, GET and COOKIE data sanitized
INFO - 2024-12-25 20:09:29 --> Input Class Initialized
INFO - 2024-12-25 20:09:29 --> Language Class Initialized
INFO - 2024-12-25 20:09:29 --> Language Class Initialized
INFO - 2024-12-25 20:09:29 --> Config Class Initialized
INFO - 2024-12-25 20:09:29 --> Loader Class Initialized
INFO - 2024-12-25 20:09:29 --> Helper loaded: url_helper
INFO - 2024-12-25 20:09:29 --> Helper loaded: easyui_helper
INFO - 2024-12-25 20:09:29 --> Helper loaded: param_helper
INFO - 2024-12-25 20:09:29 --> Helper loaded: credential_helper
INFO - 2024-12-25 20:09:29 --> Helper loaded: template_helper
INFO - 2024-12-25 20:09:29 --> Helper loaded: rest_helper
INFO - 2024-12-25 20:09:29 --> Database Driver Class Initialized
DEBUG - 2024-12-25 20:09:29 --> Idgenerator class already loaded. Second attempt ignored.
INFO - 2024-12-25 20:09:29 --> Controller Class Initialized
INFO - 2024-12-25 20:09:29 --> Model Class Initialized
DEBUG - 2024-12-25 20:09:29 --> File loaded: /apps/web-drc/application/modules/ref_customer_class/models/Customer_class_model.php
INFO - 2024-12-25 20:09:29 --> Model Class Initialized
INFO - 2024-12-25 20:09:29 --> Final output sent to browser
DEBUG - 2024-12-25 20:09:29 --> Total execution time: 0.0038
INFO - 2024-12-25 20:09:30 --> Config Class Initialized
INFO - 2024-12-25 20:09:30 --> Hooks Class Initialized
DEBUG - 2024-12-25 20:09:30 --> UTF-8 Support Enabled
INFO - 2024-12-25 20:09:30 --> Utf8 Class Initialized
INFO - 2024-12-25 20:09:30 --> URI Class Initialized
INFO - 2024-12-25 20:09:30 --> Router Class Initialized
INFO - 2024-12-25 20:09:30 --> Output Class Initialized
INFO - 2024-12-25 20:09:30 --> Security Class Initialized
DEBUG - 2024-12-25 20:09:30 --> Global POST, GET and COOKIE data sanitized
INFO - 2024-12-25 20:09:30 --> Input Class Initialized
INFO - 2024-12-25 20:09:30 --> Language Class Initialized
ERROR - 2024-12-25 20:09:30 --> 404 Page Not Found: /index
INFO - 2024-12-25 20:09:38 --> Config Class Initialized
INFO - 2024-12-25 20:09:38 --> Hooks Class Initialized
DEBUG - 2024-12-25 20:09:38 --> UTF-8 Support Enabled
INFO - 2024-12-25 20:09:38 --> Utf8 Class Initialized
INFO - 2024-12-25 20:09:38 --> URI Class Initialized
INFO - 2024-12-25 20:09:38 --> Router Class Initialized
INFO - 2024-12-25 20:09:38 --> Output Class Initialized
INFO - 2024-12-25 20:09:38 --> Security Class Initialized
DEBUG - 2024-12-25 20:09:38 --> Global POST, GET and COOKIE data sanitized
INFO - 2024-12-25 20:09:38 --> Input Class Initialized
INFO - 2024-12-25 20:09:38 --> Language Class Initialized
INFO - 2024-12-25 20:09:38 --> Language Class Initialized
INFO - 2024-12-25 20:09:38 --> Config Class Initialized
INFO - 2024-12-25 20:09:38 --> Loader Class Initialized
INFO - 2024-12-25 20:09:38 --> Helper loaded: url_helper
INFO - 2024-12-25 20:09:38 --> Helper loaded: easyui_helper
INFO - 2024-12-25 20:09:38 --> Helper loaded: param_helper
INFO - 2024-12-25 20:09:38 --> Helper loaded: credential_helper
INFO - 2024-12-25 20:09:38 --> Helper loaded: template_helper
INFO - 2024-12-25 20:09:38 --> Helper loaded: rest_helper
INFO - 2024-12-25 20:09:38 --> Database Driver Class Initialized
DEBUG - 2024-12-25 20:09:38 --> Idgenerator class already loaded. Second attempt ignored.
INFO - 2024-12-25 20:09:38 --> Controller Class Initialized
INFO - 2024-12-25 20:09:38 --> Model Class Initialized
DEBUG - 2024-12-25 20:09:38 --> File loaded: /apps/web-drc/application/modules/mapping_promo_active/models/Promo_active_model.php
INFO - 2024-12-25 20:09:38 --> Model Class Initialized
INFO - 2024-12-25 20:09:38 --> Final output sent to browser
DEBUG - 2024-12-25 20:09:38 --> Total execution time: 0.0076
INFO - 2024-12-25 20:09:38 --> Config Class Initialized
INFO - 2024-12-25 20:09:38 --> Hooks Class Initialized
DEBUG - 2024-12-25 20:09:38 --> UTF-8 Support Enabled
INFO - 2024-12-25 20:09:38 --> Utf8 Class Initialized
INFO - 2024-12-25 20:09:38 --> URI Class Initialized
INFO - 2024-12-25 20:09:38 --> Router Class Initialized
INFO - 2024-12-25 20:09:38 --> Output Class Initialized
INFO - 2024-12-25 20:09:38 --> Security Class Initialized
DEBUG - 2024-12-25 20:09:38 --> Global POST, GET and COOKIE data sanitized
INFO - 2024-12-25 20:09:38 --> Input Class Initialized
INFO - 2024-12-25 20:09:38 --> Language Class Initialized
INFO - 2024-12-25 20:09:38 --> Language Class Initialized
INFO - 2024-12-25 20:09:38 --> Config Class Initialized
INFO - 2024-12-25 20:09:38 --> Loader Class Initialized
INFO - 2024-12-25 20:09:38 --> Helper loaded: url_helper
INFO - 2024-12-25 20:09:38 --> Helper loaded: easyui_helper
INFO - 2024-12-25 20:09:38 --> Helper loaded: param_helper
INFO - 2024-12-25 20:09:38 --> Helper loaded: credential_helper
INFO - 2024-12-25 20:09:38 --> Helper loaded: template_helper
INFO - 2024-12-25 20:09:38 --> Helper loaded: rest_helper
INFO - 2024-12-25 20:09:38 --> Database Driver Class Initialized
DEBUG - 2024-12-25 20:09:38 --> Idgenerator class already loaded. Second attempt ignored.
INFO - 2024-12-25 20:09:38 --> Controller Class Initialized
INFO - 2024-12-25 20:09:38 --> Model Class Initialized
DEBUG - 2024-12-25 20:09:38 --> File loaded: /apps/web-drc/application/modules/mapping_promo_active/models/Promo_active_model.php
INFO - 2024-12-25 20:09:38 --> Model Class Initialized
DEBUG - 2024-12-25 20:09:38 --> File loaded: /apps/web-drc/application/modules/mapping_promo_active/views/content.php
DEBUG - 2024-12-25 20:09:38 --> File loaded: /apps/web-drc/application/views/templates/header.php
DEBUG - 2024-12-25 20:09:38 --> File loaded: /apps/web-drc/application/views/templates/toolbar.php
DEBUG - 2024-12-25 20:09:38 --> File loaded: /apps/web-drc/application/views/templates/sidebar.php
DEBUG - 2024-12-25 20:09:38 --> File loaded: /apps/web-drc/application/views/templates/contents.php
DEBUG - 2024-12-25 20:09:38 --> File loaded: /apps/web-drc/application/views/templates/content_footer.php
DEBUG - 2024-12-25 20:09:38 --> File loaded: /apps/web-drc/application/views/templates/footer.php
DEBUG - 2024-12-25 20:09:38 --> File loaded: /apps/web-drc/application/views/templates/default.php
INFO - 2024-12-25 20:09:38 --> Final output sent to browser
DEBUG - 2024-12-25 20:09:38 --> Total execution time: 0.0066
INFO - 2024-12-25 20:09:38 --> Config Class Initialized
INFO - 2024-12-25 20:09:38 --> Hooks Class Initialized
DEBUG - 2024-12-25 20:09:38 --> UTF-8 Support Enabled
INFO - 2024-12-25 20:09:38 --> Utf8 Class Initialized
INFO - 2024-12-25 20:09:38 --> URI Class Initialized
INFO - 2024-12-25 20:09:38 --> Router Class Initialized
INFO - 2024-12-25 20:09:38 --> Output Class Initialized
INFO - 2024-12-25 20:09:38 --> Security Class Initialized
DEBUG - 2024-12-25 20:09:38 --> Global POST, GET and COOKIE data sanitized
INFO - 2024-12-25 20:09:38 --> Input Class Initialized
INFO - 2024-12-25 20:09:38 --> Language Class Initialized
ERROR - 2024-12-25 20:09:38 --> 404 Page Not Found: /index
INFO - 2024-12-25 20:09:38 --> Config Class Initialized
INFO - 2024-12-25 20:09:38 --> Hooks Class Initialized
DEBUG - 2024-12-25 20:09:38 --> UTF-8 Support Enabled
INFO - 2024-12-25 20:09:38 --> Utf8 Class Initialized
INFO - 2024-12-25 20:09:38 --> URI Class Initialized
INFO - 2024-12-25 20:09:38 --> Router Class Initialized
INFO - 2024-12-25 20:09:38 --> Output Class Initialized
INFO - 2024-12-25 20:09:38 --> Security Class Initialized
DEBUG - 2024-12-25 20:09:38 --> Global POST, GET and COOKIE data sanitized
INFO - 2024-12-25 20:09:38 --> Input Class Initialized
INFO - 2024-12-25 20:09:38 --> Language Class Initialized
INFO - 2024-12-25 20:09:38 --> Language Class Initialized
INFO - 2024-12-25 20:09:38 --> Config Class Initialized
INFO - 2024-12-25 20:09:38 --> Loader Class Initialized
INFO - 2024-12-25 20:09:38 --> Helper loaded: url_helper
INFO - 2024-12-25 20:09:38 --> Helper loaded: easyui_helper
INFO - 2024-12-25 20:09:38 --> Helper loaded: param_helper
INFO - 2024-12-25 20:09:38 --> Helper loaded: credential_helper
INFO - 2024-12-25 20:09:38 --> Helper loaded: template_helper
INFO - 2024-12-25 20:09:38 --> Helper loaded: rest_helper
INFO - 2024-12-25 20:09:38 --> Database Driver Class Initialized
DEBUG - 2024-12-25 20:09:38 --> Idgenerator class already loaded. Second attempt ignored.
INFO - 2024-12-25 20:09:38 --> Controller Class Initialized
INFO - 2024-12-25 20:09:38 --> Model Class Initialized
DEBUG - 2024-12-25 20:09:38 --> File loaded: /apps/web-drc/application/modules/mapping_promo_active/models/Promo_active_model.php
INFO - 2024-12-25 20:09:38 --> Model Class Initialized
INFO - 2024-12-25 20:09:38 --> Final output sent to browser
DEBUG - 2024-12-25 20:09:38 --> Total execution time: 0.0052
INFO - 2024-12-25 20:09:41 --> Config Class Initialized
INFO - 2024-12-25 20:09:41 --> Hooks Class Initialized
DEBUG - 2024-12-25 20:09:41 --> UTF-8 Support Enabled
INFO - 2024-12-25 20:09:41 --> Utf8 Class Initialized
INFO - 2024-12-25 20:09:41 --> URI Class Initialized
INFO - 2024-12-25 20:09:41 --> Router Class Initialized
INFO - 2024-12-25 20:09:41 --> Output Class Initialized
INFO - 2024-12-25 20:09:41 --> Security Class Initialized
DEBUG - 2024-12-25 20:09:41 --> Global POST, GET and COOKIE data sanitized
INFO - 2024-12-25 20:09:41 --> Input Class Initialized
INFO - 2024-12-25 20:09:41 --> Language Class Initialized
INFO - 2024-12-25 20:09:41 --> Language Class Initialized
INFO - 2024-12-25 20:09:41 --> Config Class Initialized
INFO - 2024-12-25 20:09:41 --> Loader Class Initialized
INFO - 2024-12-25 20:09:41 --> Helper loaded: url_helper
INFO - 2024-12-25 20:09:41 --> Helper loaded: easyui_helper
INFO - 2024-12-25 20:09:41 --> Helper loaded: param_helper
INFO - 2024-12-25 20:09:41 --> Helper loaded: credential_helper
INFO - 2024-12-25 20:09:41 --> Helper loaded: template_helper
INFO - 2024-12-25 20:09:41 --> Helper loaded: rest_helper
INFO - 2024-12-25 20:09:41 --> Database Driver Class Initialized
DEBUG - 2024-12-25 20:09:41 --> Idgenerator class already loaded. Second attempt ignored.
INFO - 2024-12-25 20:09:41 --> Controller Class Initialized
INFO - 2024-12-25 20:09:41 --> Model Class Initialized
DEBUG - 2024-12-25 20:09:41 --> File loaded: /apps/web-drc/application/modules/mapping_promo_active/models/Promo_active_model.php
INFO - 2024-12-25 20:09:41 --> Model Class Initialized
INFO - 2024-12-25 20:09:41 --> Final output sent to browser
DEBUG - 2024-12-25 20:09:41 --> Total execution time: 0.0096
INFO - 2024-12-25 20:09:43 --> Config Class Initialized
INFO - 2024-12-25 20:09:43 --> Hooks Class Initialized
DEBUG - 2024-12-25 20:09:43 --> UTF-8 Support Enabled
INFO - 2024-12-25 20:09:43 --> Utf8 Class Initialized
INFO - 2024-12-25 20:09:43 --> URI Class Initialized
INFO - 2024-12-25 20:09:43 --> Router Class Initialized
INFO - 2024-12-25 20:09:43 --> Output Class Initialized
INFO - 2024-12-25 20:09:43 --> Security Class Initialized
DEBUG - 2024-12-25 20:09:43 --> Global POST, GET and COOKIE data sanitized
INFO - 2024-12-25 20:09:43 --> Input Class Initialized
INFO - 2024-12-25 20:09:43 --> Language Class Initialized
INFO - 2024-12-25 20:09:43 --> Language Class Initialized
INFO - 2024-12-25 20:09:43 --> Config Class Initialized
INFO - 2024-12-25 20:09:43 --> Loader Class Initialized
INFO - 2024-12-25 20:09:43 --> Helper loaded: url_helper
INFO - 2024-12-25 20:09:43 --> Helper loaded: easyui_helper
INFO - 2024-12-25 20:09:43 --> Helper loaded: param_helper
INFO - 2024-12-25 20:09:43 --> Helper loaded: credential_helper
INFO - 2024-12-25 20:09:43 --> Helper loaded: template_helper
INFO - 2024-12-25 20:09:43 --> Helper loaded: rest_helper
INFO - 2024-12-25 20:09:43 --> Database Driver Class Initialized
DEBUG - 2024-12-25 20:09:43 --> Idgenerator class already loaded. Second attempt ignored.
INFO - 2024-12-25 20:09:43 --> Controller Class Initialized
INFO - 2024-12-25 20:09:43 --> Model Class Initialized
DEBUG - 2024-12-25 20:09:43 --> File loaded: /apps/web-drc/application/modules/mapping_promo_active/models/Promo_active_model.php
INFO - 2024-12-25 20:09:43 --> Model Class Initialized
DEBUG - 2024-12-25 20:09:43 --> File loaded: /apps/web-drc/application/modules/mapping_promo_active/views/form.php
DEBUG - 2024-12-25 20:09:43 --> File loaded: /apps/web-drc/application/views/templates/header.php
DEBUG - 2024-12-25 20:09:43 --> File loaded: /apps/web-drc/application/views/templates/toolbar.php
DEBUG - 2024-12-25 20:09:43 --> File loaded: /apps/web-drc/application/views/templates/sidebar.php
DEBUG - 2024-12-25 20:09:43 --> File loaded: /apps/web-drc/application/views/templates/contents.php
DEBUG - 2024-12-25 20:09:43 --> File loaded: /apps/web-drc/application/views/templates/content_footer.php
DEBUG - 2024-12-25 20:09:43 --> File loaded: /apps/web-drc/application/views/templates/footer.php
DEBUG - 2024-12-25 20:09:43 --> File loaded: /apps/web-drc/application/views/templates/default.php
INFO - 2024-12-25 20:09:43 --> Final output sent to browser
DEBUG - 2024-12-25 20:09:43 --> Total execution time: 0.0072
INFO - 2024-12-25 20:09:43 --> Config Class Initialized
INFO - 2024-12-25 20:09:43 --> Hooks Class Initialized
DEBUG - 2024-12-25 20:09:43 --> UTF-8 Support Enabled
INFO - 2024-12-25 20:09:43 --> Utf8 Class Initialized
INFO - 2024-12-25 20:09:43 --> URI Class Initialized
INFO - 2024-12-25 20:09:43 --> Router Class Initialized
INFO - 2024-12-25 20:09:43 --> Output Class Initialized
INFO - 2024-12-25 20:09:43 --> Security Class Initialized
DEBUG - 2024-12-25 20:09:43 --> Global POST, GET and COOKIE data sanitized
INFO - 2024-12-25 20:09:43 --> Input Class Initialized
INFO - 2024-12-25 20:09:43 --> Language Class Initialized
ERROR - 2024-12-25 20:09:43 --> 404 Page Not Found: /index
INFO - 2024-12-25 20:09:43 --> Config Class Initialized
INFO - 2024-12-25 20:09:43 --> Hooks Class Initialized
DEBUG - 2024-12-25 20:09:43 --> UTF-8 Support Enabled
INFO - 2024-12-25 20:09:43 --> Utf8 Class Initialized
INFO - 2024-12-25 20:09:43 --> URI Class Initialized
INFO - 2024-12-25 20:09:43 --> Router Class Initialized
INFO - 2024-12-25 20:09:43 --> Output Class Initialized
INFO - 2024-12-25 20:09:43 --> Security Class Initialized
DEBUG - 2024-12-25 20:09:43 --> Global POST, GET and COOKIE data sanitized
INFO - 2024-12-25 20:09:43 --> Input Class Initialized
INFO - 2024-12-25 20:09:43 --> Language Class Initialized
INFO - 2024-12-25 20:09:43 --> Language Class Initialized
INFO - 2024-12-25 20:09:43 --> Config Class Initialized
INFO - 2024-12-25 20:09:43 --> Loader Class Initialized
INFO - 2024-12-25 20:09:43 --> Helper loaded: url_helper
INFO - 2024-12-25 20:09:43 --> Helper loaded: easyui_helper
INFO - 2024-12-25 20:09:43 --> Helper loaded: param_helper
INFO - 2024-12-25 20:09:43 --> Helper loaded: credential_helper
INFO - 2024-12-25 20:09:43 --> Helper loaded: template_helper
INFO - 2024-12-25 20:09:43 --> Helper loaded: rest_helper
INFO - 2024-12-25 20:09:43 --> Database Driver Class Initialized
DEBUG - 2024-12-25 20:09:43 --> Idgenerator class already loaded. Second attempt ignored.
INFO - 2024-12-25 20:09:43 --> Controller Class Initialized
INFO - 2024-12-25 20:09:43 --> Model Class Initialized
DEBUG - 2024-12-25 20:09:43 --> File loaded: /apps/web-drc/application/modules/api_v1/models/Api_v1_model.php
INFO - 2024-12-25 20:09:43 --> Model Class Initialized
INFO - 2024-12-25 20:09:43 --> Final output sent to browser
DEBUG - 2024-12-25 20:09:43 --> Total execution time: 0.0032
INFO - 2024-12-25 20:09:43 --> Config Class Initialized
INFO - 2024-12-25 20:09:43 --> Hooks Class Initialized
DEBUG - 2024-12-25 20:09:43 --> UTF-8 Support Enabled
INFO - 2024-12-25 20:09:43 --> Utf8 Class Initialized
INFO - 2024-12-25 20:09:43 --> URI Class Initialized
INFO - 2024-12-25 20:09:43 --> Router Class Initialized
INFO - 2024-12-25 20:09:43 --> Output Class Initialized
INFO - 2024-12-25 20:09:43 --> Security Class Initialized
DEBUG - 2024-12-25 20:09:43 --> Global POST, GET and COOKIE data sanitized
INFO - 2024-12-25 20:09:43 --> Input Class Initialized
INFO - 2024-12-25 20:09:43 --> Language Class Initialized
INFO - 2024-12-25 20:09:43 --> Language Class Initialized
INFO - 2024-12-25 20:09:43 --> Config Class Initialized
INFO - 2024-12-25 20:09:43 --> Loader Class Initialized
INFO - 2024-12-25 20:09:43 --> Helper loaded: url_helper
INFO - 2024-12-25 20:09:43 --> Helper loaded: easyui_helper
INFO - 2024-12-25 20:09:43 --> Helper loaded: param_helper
INFO - 2024-12-25 20:09:43 --> Helper loaded: credential_helper
INFO - 2024-12-25 20:09:43 --> Helper loaded: template_helper
INFO - 2024-12-25 20:09:43 --> Helper loaded: rest_helper
INFO - 2024-12-25 20:09:43 --> Database Driver Class Initialized
DEBUG - 2024-12-25 20:09:43 --> Idgenerator class already loaded. Second attempt ignored.
INFO - 2024-12-25 20:09:43 --> Controller Class Initialized
INFO - 2024-12-25 20:09:43 --> Model Class Initialized
DEBUG - 2024-12-25 20:09:43 --> File loaded: /apps/web-drc/application/modules/api_v1/models/Api_v1_model.php
INFO - 2024-12-25 20:09:43 --> Model Class Initialized
INFO - 2024-12-25 20:09:43 --> Final output sent to browser
DEBUG - 2024-12-25 20:09:43 --> Total execution time: 0.0038
INFO - 2024-12-25 20:09:43 --> Config Class Initialized
INFO - 2024-12-25 20:09:43 --> Hooks Class Initialized
DEBUG - 2024-12-25 20:09:43 --> UTF-8 Support Enabled
INFO - 2024-12-25 20:09:43 --> Utf8 Class Initialized
INFO - 2024-12-25 20:09:43 --> URI Class Initialized
INFO - 2024-12-25 20:09:43 --> Router Class Initialized
INFO - 2024-12-25 20:09:43 --> Output Class Initialized
INFO - 2024-12-25 20:09:43 --> Security Class Initialized
DEBUG - 2024-12-25 20:09:43 --> Global POST, GET and COOKIE data sanitized
INFO - 2024-12-25 20:09:43 --> Input Class Initialized
INFO - 2024-12-25 20:09:43 --> Language Class Initialized
INFO - 2024-12-25 20:09:43 --> Language Class Initialized
INFO - 2024-12-25 20:09:43 --> Config Class Initialized
INFO - 2024-12-25 20:09:43 --> Loader Class Initialized
INFO - 2024-12-25 20:09:43 --> Helper loaded: url_helper
INFO - 2024-12-25 20:09:43 --> Helper loaded: easyui_helper
INFO - 2024-12-25 20:09:43 --> Helper loaded: param_helper
INFO - 2024-12-25 20:09:43 --> Helper loaded: credential_helper
INFO - 2024-12-25 20:09:43 --> Helper loaded: template_helper
INFO - 2024-12-25 20:09:43 --> Helper loaded: rest_helper
INFO - 2024-12-25 20:09:43 --> Database Driver Class Initialized
DEBUG - 2024-12-25 20:09:43 --> Idgenerator class already loaded. Second attempt ignored.
INFO - 2024-12-25 20:09:43 --> Controller Class Initialized
INFO - 2024-12-25 20:09:43 --> Model Class Initialized
DEBUG - 2024-12-25 20:09:43 --> File loaded: /apps/web-drc/application/modules/ref_customer_class/models/Customer_class_model.php
INFO - 2024-12-25 20:09:43 --> Model Class Initialized
INFO - 2024-12-25 20:09:43 --> Final output sent to browser
DEBUG - 2024-12-25 20:09:43 --> Total execution time: 0.0031
INFO - 2024-12-25 20:09:51 --> Config Class Initialized
INFO - 2024-12-25 20:09:51 --> Hooks Class Initialized
DEBUG - 2024-12-25 20:09:51 --> UTF-8 Support Enabled
INFO - 2024-12-25 20:09:51 --> Utf8 Class Initialized
INFO - 2024-12-25 20:09:51 --> URI Class Initialized
INFO - 2024-12-25 20:09:51 --> Router Class Initialized
INFO - 2024-12-25 20:09:51 --> Output Class Initialized
INFO - 2024-12-25 20:09:51 --> Security Class Initialized
DEBUG - 2024-12-25 20:09:51 --> Global POST, GET and COOKIE data sanitized
INFO - 2024-12-25 20:09:51 --> Input Class Initialized
INFO - 2024-12-25 20:09:51 --> Language Class Initialized
INFO - 2024-12-25 20:09:51 --> Language Class Initialized
INFO - 2024-12-25 20:09:51 --> Config Class Initialized
INFO - 2024-12-25 20:09:51 --> Loader Class Initialized
INFO - 2024-12-25 20:09:51 --> Helper loaded: url_helper
INFO - 2024-12-25 20:09:51 --> Helper loaded: easyui_helper
INFO - 2024-12-25 20:09:51 --> Helper loaded: param_helper
INFO - 2024-12-25 20:09:51 --> Helper loaded: credential_helper
INFO - 2024-12-25 20:09:51 --> Helper loaded: template_helper
INFO - 2024-12-25 20:09:51 --> Helper loaded: rest_helper
INFO - 2024-12-25 20:09:51 --> Database Driver Class Initialized
DEBUG - 2024-12-25 20:09:51 --> Idgenerator class already loaded. Second attempt ignored.
INFO - 2024-12-25 20:09:51 --> Controller Class Initialized
INFO - 2024-12-25 20:09:51 --> Model Class Initialized
DEBUG - 2024-12-25 20:09:51 --> File loaded: /apps/web-drc/application/modules/mapping_promo_active/models/Promo_active_model.php
INFO - 2024-12-25 20:09:51 --> Model Class Initialized
INFO - 2024-12-25 20:09:51 --> Final output sent to browser
DEBUG - 2024-12-25 20:09:51 --> Total execution time: 0.0103
INFO - 2024-12-25 20:09:51 --> Config Class Initialized
INFO - 2024-12-25 20:09:51 --> Hooks Class Initialized
DEBUG - 2024-12-25 20:09:51 --> UTF-8 Support Enabled
INFO - 2024-12-25 20:09:51 --> Utf8 Class Initialized
INFO - 2024-12-25 20:09:51 --> URI Class Initialized
INFO - 2024-12-25 20:09:51 --> Router Class Initialized
INFO - 2024-12-25 20:09:51 --> Output Class Initialized
INFO - 2024-12-25 20:09:51 --> Security Class Initialized
DEBUG - 2024-12-25 20:09:51 --> Global POST, GET and COOKIE data sanitized
INFO - 2024-12-25 20:09:51 --> Input Class Initialized
INFO - 2024-12-25 20:09:51 --> Language Class Initialized
INFO - 2024-12-25 20:09:51 --> Language Class Initialized
INFO - 2024-12-25 20:09:51 --> Config Class Initialized
INFO - 2024-12-25 20:09:51 --> Loader Class Initialized
INFO - 2024-12-25 20:09:51 --> Helper loaded: url_helper
INFO - 2024-12-25 20:09:51 --> Helper loaded: easyui_helper
INFO - 2024-12-25 20:09:51 --> Helper loaded: param_helper
INFO - 2024-12-25 20:09:51 --> Helper loaded: credential_helper
INFO - 2024-12-25 20:09:51 --> Helper loaded: template_helper
INFO - 2024-12-25 20:09:51 --> Helper loaded: rest_helper
INFO - 2024-12-25 20:09:51 --> Database Driver Class Initialized
DEBUG - 2024-12-25 20:09:51 --> Idgenerator class already loaded. Second attempt ignored.
INFO - 2024-12-25 20:09:51 --> Controller Class Initialized
INFO - 2024-12-25 20:09:51 --> Model Class Initialized
DEBUG - 2024-12-25 20:09:51 --> File loaded: /apps/web-drc/application/modules/mapping_promo_active/models/Promo_active_model.php
INFO - 2024-12-25 20:09:51 --> Model Class Initialized
DEBUG - 2024-12-25 20:09:51 --> File loaded: /apps/web-drc/application/modules/mapping_promo_active/views/content.php
DEBUG - 2024-12-25 20:09:51 --> File loaded: /apps/web-drc/application/views/templates/header.php
DEBUG - 2024-12-25 20:09:51 --> File loaded: /apps/web-drc/application/views/templates/toolbar.php
DEBUG - 2024-12-25 20:09:51 --> File loaded: /apps/web-drc/application/views/templates/sidebar.php
DEBUG - 2024-12-25 20:09:51 --> File loaded: /apps/web-drc/application/views/templates/contents.php
DEBUG - 2024-12-25 20:09:51 --> File loaded: /apps/web-drc/application/views/templates/content_footer.php
DEBUG - 2024-12-25 20:09:51 --> File loaded: /apps/web-drc/application/views/templates/footer.php
DEBUG - 2024-12-25 20:09:51 --> File loaded: /apps/web-drc/application/views/templates/default.php
INFO - 2024-12-25 20:09:51 --> Final output sent to browser
DEBUG - 2024-12-25 20:09:51 --> Total execution time: 0.0074
INFO - 2024-12-25 20:09:51 --> Config Class Initialized
INFO - 2024-12-25 20:09:51 --> Hooks Class Initialized
DEBUG - 2024-12-25 20:09:51 --> UTF-8 Support Enabled
INFO - 2024-12-25 20:09:51 --> Utf8 Class Initialized
INFO - 2024-12-25 20:09:51 --> URI Class Initialized
INFO - 2024-12-25 20:09:51 --> Router Class Initialized
INFO - 2024-12-25 20:09:51 --> Output Class Initialized
INFO - 2024-12-25 20:09:51 --> Security Class Initialized
DEBUG - 2024-12-25 20:09:51 --> Global POST, GET and COOKIE data sanitized
INFO - 2024-12-25 20:09:51 --> Input Class Initialized
INFO - 2024-12-25 20:09:51 --> Language Class Initialized
ERROR - 2024-12-25 20:09:51 --> 404 Page Not Found: /index
INFO - 2024-12-25 20:09:51 --> Config Class Initialized
INFO - 2024-12-25 20:09:51 --> Hooks Class Initialized
DEBUG - 2024-12-25 20:09:51 --> UTF-8 Support Enabled
INFO - 2024-12-25 20:09:51 --> Utf8 Class Initialized
INFO - 2024-12-25 20:09:51 --> URI Class Initialized
INFO - 2024-12-25 20:09:51 --> Router Class Initialized
INFO - 2024-12-25 20:09:51 --> Output Class Initialized
INFO - 2024-12-25 20:09:51 --> Security Class Initialized
DEBUG - 2024-12-25 20:09:51 --> Global POST, GET and COOKIE data sanitized
INFO - 2024-12-25 20:09:51 --> Input Class Initialized
INFO - 2024-12-25 20:09:51 --> Language Class Initialized
INFO - 2024-12-25 20:09:51 --> Language Class Initialized
INFO - 2024-12-25 20:09:51 --> Config Class Initialized
INFO - 2024-12-25 20:09:51 --> Loader Class Initialized
INFO - 2024-12-25 20:09:51 --> Helper loaded: url_helper
INFO - 2024-12-25 20:09:51 --> Helper loaded: easyui_helper
INFO - 2024-12-25 20:09:51 --> Helper loaded: param_helper
INFO - 2024-12-25 20:09:51 --> Helper loaded: credential_helper
INFO - 2024-12-25 20:09:51 --> Helper loaded: template_helper
INFO - 2024-12-25 20:09:51 --> Helper loaded: rest_helper
INFO - 2024-12-25 20:09:51 --> Database Driver Class Initialized
DEBUG - 2024-12-25 20:09:51 --> Idgenerator class already loaded. Second attempt ignored.
INFO - 2024-12-25 20:09:51 --> Controller Class Initialized
INFO - 2024-12-25 20:09:51 --> Model Class Initialized
DEBUG - 2024-12-25 20:09:51 --> File loaded: /apps/web-drc/application/modules/mapping_promo_active/models/Promo_active_model.php
INFO - 2024-12-25 20:09:51 --> Model Class Initialized
INFO - 2024-12-25 20:09:51 --> Final output sent to browser
DEBUG - 2024-12-25 20:09:51 --> Total execution time: 0.0052
INFO - 2024-12-25 20:09:55 --> Config Class Initialized
INFO - 2024-12-25 20:09:55 --> Hooks Class Initialized
DEBUG - 2024-12-25 20:09:55 --> UTF-8 Support Enabled
INFO - 2024-12-25 20:09:55 --> Utf8 Class Initialized
INFO - 2024-12-25 20:09:55 --> URI Class Initialized
INFO - 2024-12-25 20:09:55 --> Router Class Initialized
INFO - 2024-12-25 20:09:55 --> Output Class Initialized
INFO - 2024-12-25 20:09:55 --> Security Class Initialized
DEBUG - 2024-12-25 20:09:55 --> Global POST, GET and COOKIE data sanitized
INFO - 2024-12-25 20:09:55 --> Input Class Initialized
INFO - 2024-12-25 20:09:55 --> Language Class Initialized
INFO - 2024-12-25 20:09:55 --> Language Class Initialized
INFO - 2024-12-25 20:09:55 --> Config Class Initialized
INFO - 2024-12-25 20:09:55 --> Loader Class Initialized
INFO - 2024-12-25 20:09:55 --> Helper loaded: url_helper
INFO - 2024-12-25 20:09:55 --> Helper loaded: easyui_helper
INFO - 2024-12-25 20:09:55 --> Helper loaded: param_helper
INFO - 2024-12-25 20:09:55 --> Helper loaded: credential_helper
INFO - 2024-12-25 20:09:55 --> Helper loaded: template_helper
INFO - 2024-12-25 20:09:55 --> Helper loaded: rest_helper
INFO - 2024-12-25 20:09:55 --> Database Driver Class Initialized
DEBUG - 2024-12-25 20:09:55 --> Idgenerator class already loaded. Second attempt ignored.
INFO - 2024-12-25 20:09:55 --> Controller Class Initialized
INFO - 2024-12-25 20:09:55 --> Model Class Initialized
DEBUG - 2024-12-25 20:09:55 --> File loaded: /apps/web-drc/application/modules/mapping_promo_active/models/Promo_active_model.php
INFO - 2024-12-25 20:09:55 --> Model Class Initialized
INFO - 2024-12-25 20:09:55 --> Final output sent to browser
DEBUG - 2024-12-25 20:09:55 --> Total execution time: 0.0112
INFO - 2024-12-25 20:09:57 --> Config Class Initialized
INFO - 2024-12-25 20:09:57 --> Hooks Class Initialized
DEBUG - 2024-12-25 20:09:57 --> UTF-8 Support Enabled
INFO - 2024-12-25 20:09:57 --> Utf8 Class Initialized
INFO - 2024-12-25 20:09:57 --> URI Class Initialized
INFO - 2024-12-25 20:09:57 --> Router Class Initialized
INFO - 2024-12-25 20:09:57 --> Output Class Initialized
INFO - 2024-12-25 20:09:57 --> Security Class Initialized
DEBUG - 2024-12-25 20:09:57 --> Global POST, GET and COOKIE data sanitized
INFO - 2024-12-25 20:09:57 --> Input Class Initialized
INFO - 2024-12-25 20:09:57 --> Language Class Initialized
INFO - 2024-12-25 20:09:57 --> Language Class Initialized
INFO - 2024-12-25 20:09:57 --> Config Class Initialized
INFO - 2024-12-25 20:09:57 --> Loader Class Initialized
INFO - 2024-12-25 20:09:57 --> Helper loaded: url_helper
INFO - 2024-12-25 20:09:57 --> Helper loaded: easyui_helper
INFO - 2024-12-25 20:09:57 --> Helper loaded: param_helper
INFO - 2024-12-25 20:09:57 --> Helper loaded: credential_helper
INFO - 2024-12-25 20:09:57 --> Helper loaded: template_helper
INFO - 2024-12-25 20:09:57 --> Helper loaded: rest_helper
INFO - 2024-12-25 20:09:57 --> Database Driver Class Initialized
DEBUG - 2024-12-25 20:09:57 --> Idgenerator class already loaded. Second attempt ignored.
INFO - 2024-12-25 20:09:57 --> Controller Class Initialized
INFO - 2024-12-25 20:09:57 --> Model Class Initialized
DEBUG - 2024-12-25 20:09:57 --> File loaded: /apps/web-drc/application/modules/mapping_promo_active/models/Promo_active_model.php
INFO - 2024-12-25 20:09:57 --> Model Class Initialized
DEBUG - 2024-12-25 20:09:57 --> File loaded: /apps/web-drc/application/modules/mapping_promo_active/views/form.php
DEBUG - 2024-12-25 20:09:57 --> File loaded: /apps/web-drc/application/views/templates/header.php
DEBUG - 2024-12-25 20:09:57 --> File loaded: /apps/web-drc/application/views/templates/toolbar.php
DEBUG - 2024-12-25 20:09:57 --> File loaded: /apps/web-drc/application/views/templates/sidebar.php
DEBUG - 2024-12-25 20:09:57 --> File loaded: /apps/web-drc/application/views/templates/contents.php
DEBUG - 2024-12-25 20:09:57 --> File loaded: /apps/web-drc/application/views/templates/content_footer.php
DEBUG - 2024-12-25 20:09:57 --> File loaded: /apps/web-drc/application/views/templates/footer.php
DEBUG - 2024-12-25 20:09:57 --> File loaded: /apps/web-drc/application/views/templates/default.php
INFO - 2024-12-25 20:09:57 --> Final output sent to browser
DEBUG - 2024-12-25 20:09:57 --> Total execution time: 0.0060
INFO - 2024-12-25 20:09:58 --> Config Class Initialized
INFO - 2024-12-25 20:09:58 --> Hooks Class Initialized
DEBUG - 2024-12-25 20:09:58 --> UTF-8 Support Enabled
INFO - 2024-12-25 20:09:58 --> Utf8 Class Initialized
INFO - 2024-12-25 20:09:58 --> URI Class Initialized
INFO - 2024-12-25 20:09:58 --> Router Class Initialized
INFO - 2024-12-25 20:09:58 --> Output Class Initialized
INFO - 2024-12-25 20:09:58 --> Security Class Initialized
DEBUG - 2024-12-25 20:09:58 --> Global POST, GET and COOKIE data sanitized
INFO - 2024-12-25 20:09:58 --> Input Class Initialized
INFO - 2024-12-25 20:09:58 --> Language Class Initialized
INFO - 2024-12-25 20:09:58 --> Language Class Initialized
INFO - 2024-12-25 20:09:58 --> Config Class Initialized
INFO - 2024-12-25 20:09:58 --> Loader Class Initialized
INFO - 2024-12-25 20:09:58 --> Helper loaded: url_helper
INFO - 2024-12-25 20:09:58 --> Helper loaded: easyui_helper
INFO - 2024-12-25 20:09:58 --> Helper loaded: param_helper
INFO - 2024-12-25 20:09:58 --> Helper loaded: credential_helper
INFO - 2024-12-25 20:09:58 --> Helper loaded: template_helper
INFO - 2024-12-25 20:09:58 --> Helper loaded: rest_helper
INFO - 2024-12-25 20:09:58 --> Database Driver Class Initialized
DEBUG - 2024-12-25 20:09:58 --> Idgenerator class already loaded. Second attempt ignored.
INFO - 2024-12-25 20:09:58 --> Controller Class Initialized
INFO - 2024-12-25 20:09:58 --> Model Class Initialized
DEBUG - 2024-12-25 20:09:58 --> File loaded: /apps/web-drc/application/modules/api_v1/models/Api_v1_model.php
INFO - 2024-12-25 20:09:58 --> Model Class Initialized
INFO - 2024-12-25 20:09:58 --> Final output sent to browser
DEBUG - 2024-12-25 20:09:58 --> Total execution time: 0.0041
INFO - 2024-12-25 20:09:58 --> Config Class Initialized
INFO - 2024-12-25 20:09:58 --> Hooks Class Initialized
DEBUG - 2024-12-25 20:09:58 --> UTF-8 Support Enabled
INFO - 2024-12-25 20:09:58 --> Utf8 Class Initialized
INFO - 2024-12-25 20:09:58 --> URI Class Initialized
INFO - 2024-12-25 20:09:58 --> Router Class Initialized
INFO - 2024-12-25 20:09:58 --> Output Class Initialized
INFO - 2024-12-25 20:09:58 --> Security Class Initialized
DEBUG - 2024-12-25 20:09:58 --> Global POST, GET and COOKIE data sanitized
INFO - 2024-12-25 20:09:58 --> Input Class Initialized
INFO - 2024-12-25 20:09:58 --> Language Class Initialized
ERROR - 2024-12-25 20:09:58 --> 404 Page Not Found: /index
INFO - 2024-12-25 20:09:58 --> Config Class Initialized
INFO - 2024-12-25 20:09:58 --> Hooks Class Initialized
DEBUG - 2024-12-25 20:09:58 --> UTF-8 Support Enabled
INFO - 2024-12-25 20:09:58 --> Utf8 Class Initialized
INFO - 2024-12-25 20:09:58 --> URI Class Initialized
INFO - 2024-12-25 20:09:58 --> Router Class Initialized
INFO - 2024-12-25 20:09:58 --> Output Class Initialized
INFO - 2024-12-25 20:09:58 --> Security Class Initialized
DEBUG - 2024-12-25 20:09:58 --> Global POST, GET and COOKIE data sanitized
INFO - 2024-12-25 20:09:58 --> Input Class Initialized
INFO - 2024-12-25 20:09:58 --> Language Class Initialized
INFO - 2024-12-25 20:09:58 --> Language Class Initialized
INFO - 2024-12-25 20:09:58 --> Config Class Initialized
INFO - 2024-12-25 20:09:58 --> Loader Class Initialized
INFO - 2024-12-25 20:09:58 --> Helper loaded: url_helper
INFO - 2024-12-25 20:09:58 --> Helper loaded: easyui_helper
INFO - 2024-12-25 20:09:58 --> Helper loaded: param_helper
INFO - 2024-12-25 20:09:58 --> Helper loaded: credential_helper
INFO - 2024-12-25 20:09:58 --> Helper loaded: template_helper
INFO - 2024-12-25 20:09:58 --> Helper loaded: rest_helper
INFO - 2024-12-25 20:09:58 --> Database Driver Class Initialized
DEBUG - 2024-12-25 20:09:58 --> Idgenerator class already loaded. Second attempt ignored.
INFO - 2024-12-25 20:09:58 --> Controller Class Initialized
INFO - 2024-12-25 20:09:58 --> Model Class Initialized
DEBUG - 2024-12-25 20:09:58 --> File loaded: /apps/web-drc/application/modules/api_v1/models/Api_v1_model.php
INFO - 2024-12-25 20:09:58 --> Model Class Initialized
INFO - 2024-12-25 20:09:58 --> Final output sent to browser
DEBUG - 2024-12-25 20:09:58 --> Total execution time: 0.0047
INFO - 2024-12-25 20:09:58 --> Config Class Initialized
INFO - 2024-12-25 20:09:58 --> Hooks Class Initialized
DEBUG - 2024-12-25 20:09:58 --> UTF-8 Support Enabled
INFO - 2024-12-25 20:09:58 --> Utf8 Class Initialized
INFO - 2024-12-25 20:09:58 --> URI Class Initialized
INFO - 2024-12-25 20:09:58 --> Router Class Initialized
INFO - 2024-12-25 20:09:58 --> Output Class Initialized
INFO - 2024-12-25 20:09:58 --> Security Class Initialized
DEBUG - 2024-12-25 20:09:58 --> Global POST, GET and COOKIE data sanitized
INFO - 2024-12-25 20:09:58 --> Input Class Initialized
INFO - 2024-12-25 20:09:58 --> Language Class Initialized
INFO - 2024-12-25 20:09:58 --> Language Class Initialized
INFO - 2024-12-25 20:09:58 --> Config Class Initialized
INFO - 2024-12-25 20:09:58 --> Loader Class Initialized
INFO - 2024-12-25 20:09:58 --> Helper loaded: url_helper
INFO - 2024-12-25 20:09:58 --> Helper loaded: easyui_helper
INFO - 2024-12-25 20:09:58 --> Helper loaded: param_helper
INFO - 2024-12-25 20:09:58 --> Helper loaded: credential_helper
INFO - 2024-12-25 20:09:58 --> Helper loaded: template_helper
INFO - 2024-12-25 20:09:58 --> Helper loaded: rest_helper
INFO - 2024-12-25 20:09:58 --> Database Driver Class Initialized
DEBUG - 2024-12-25 20:09:58 --> Idgenerator class already loaded. Second attempt ignored.
INFO - 2024-12-25 20:09:58 --> Controller Class Initialized
INFO - 2024-12-25 20:09:58 --> Model Class Initialized
DEBUG - 2024-12-25 20:09:58 --> File loaded: /apps/web-drc/application/modules/ref_customer_class/models/Customer_class_model.php
INFO - 2024-12-25 20:09:58 --> Model Class Initialized
INFO - 2024-12-25 20:09:58 --> Final output sent to browser
DEBUG - 2024-12-25 20:09:58 --> Total execution time: 0.0038
INFO - 2024-12-25 20:10:08 --> Config Class Initialized
INFO - 2024-12-25 20:10:08 --> Hooks Class Initialized
DEBUG - 2024-12-25 20:10:08 --> UTF-8 Support Enabled
INFO - 2024-12-25 20:10:08 --> Utf8 Class Initialized
INFO - 2024-12-25 20:10:08 --> URI Class Initialized
INFO - 2024-12-25 20:10:08 --> Router Class Initialized
INFO - 2024-12-25 20:10:08 --> Output Class Initialized
INFO - 2024-12-25 20:10:08 --> Security Class Initialized
DEBUG - 2024-12-25 20:10:08 --> Global POST, GET and COOKIE data sanitized
INFO - 2024-12-25 20:10:08 --> Input Class Initialized
INFO - 2024-12-25 20:10:08 --> Language Class Initialized
INFO - 2024-12-25 20:10:08 --> Language Class Initialized
INFO - 2024-12-25 20:10:08 --> Config Class Initialized
INFO - 2024-12-25 20:10:08 --> Loader Class Initialized
INFO - 2024-12-25 20:10:08 --> Helper loaded: url_helper
INFO - 2024-12-25 20:10:08 --> Helper loaded: easyui_helper
INFO - 2024-12-25 20:10:08 --> Helper loaded: param_helper
INFO - 2024-12-25 20:10:08 --> Helper loaded: credential_helper
INFO - 2024-12-25 20:10:08 --> Helper loaded: template_helper
INFO - 2024-12-25 20:10:08 --> Helper loaded: rest_helper
INFO - 2024-12-25 20:10:08 --> Database Driver Class Initialized
DEBUG - 2024-12-25 20:10:08 --> Idgenerator class already loaded. Second attempt ignored.
INFO - 2024-12-25 20:10:08 --> Controller Class Initialized
INFO - 2024-12-25 20:10:08 --> Model Class Initialized
DEBUG - 2024-12-25 20:10:08 --> File loaded: /apps/web-drc/application/modules/mapping_promo_active/models/Promo_active_model.php
INFO - 2024-12-25 20:10:08 --> Model Class Initialized
INFO - 2024-12-25 20:10:08 --> Final output sent to browser
DEBUG - 2024-12-25 20:10:08 --> Total execution time: 0.0100
INFO - 2024-12-25 20:10:08 --> Config Class Initialized
INFO - 2024-12-25 20:10:08 --> Hooks Class Initialized
DEBUG - 2024-12-25 20:10:08 --> UTF-8 Support Enabled
INFO - 2024-12-25 20:10:08 --> Utf8 Class Initialized
INFO - 2024-12-25 20:10:08 --> URI Class Initialized
INFO - 2024-12-25 20:10:08 --> Router Class Initialized
INFO - 2024-12-25 20:10:08 --> Output Class Initialized
INFO - 2024-12-25 20:10:08 --> Security Class Initialized
DEBUG - 2024-12-25 20:10:08 --> Global POST, GET and COOKIE data sanitized
INFO - 2024-12-25 20:10:08 --> Input Class Initialized
INFO - 2024-12-25 20:10:08 --> Language Class Initialized
INFO - 2024-12-25 20:10:08 --> Language Class Initialized
INFO - 2024-12-25 20:10:08 --> Config Class Initialized
INFO - 2024-12-25 20:10:08 --> Loader Class Initialized
INFO - 2024-12-25 20:10:08 --> Helper loaded: url_helper
INFO - 2024-12-25 20:10:08 --> Helper loaded: easyui_helper
INFO - 2024-12-25 20:10:08 --> Helper loaded: param_helper
INFO - 2024-12-25 20:10:08 --> Helper loaded: credential_helper
INFO - 2024-12-25 20:10:08 --> Helper loaded: template_helper
INFO - 2024-12-25 20:10:08 --> Helper loaded: rest_helper
INFO - 2024-12-25 20:10:08 --> Database Driver Class Initialized
DEBUG - 2024-12-25 20:10:08 --> Idgenerator class already loaded. Second attempt ignored.
INFO - 2024-12-25 20:10:08 --> Controller Class Initialized
INFO - 2024-12-25 20:10:08 --> Model Class Initialized
DEBUG - 2024-12-25 20:10:08 --> File loaded: /apps/web-drc/application/modules/mapping_promo_active/models/Promo_active_model.php
INFO - 2024-12-25 20:10:08 --> Model Class Initialized
DEBUG - 2024-12-25 20:10:08 --> File loaded: /apps/web-drc/application/modules/mapping_promo_active/views/content.php
DEBUG - 2024-12-25 20:10:08 --> File loaded: /apps/web-drc/application/views/templates/header.php
DEBUG - 2024-12-25 20:10:08 --> File loaded: /apps/web-drc/application/views/templates/toolbar.php
DEBUG - 2024-12-25 20:10:08 --> File loaded: /apps/web-drc/application/views/templates/sidebar.php
DEBUG - 2024-12-25 20:10:08 --> File loaded: /apps/web-drc/application/views/templates/contents.php
DEBUG - 2024-12-25 20:10:08 --> File loaded: /apps/web-drc/application/views/templates/content_footer.php
DEBUG - 2024-12-25 20:10:08 --> File loaded: /apps/web-drc/application/views/templates/footer.php
DEBUG - 2024-12-25 20:10:08 --> File loaded: /apps/web-drc/application/views/templates/default.php
INFO - 2024-12-25 20:10:08 --> Final output sent to browser
DEBUG - 2024-12-25 20:10:08 --> Total execution time: 0.0069
INFO - 2024-12-25 20:10:08 --> Config Class Initialized
INFO - 2024-12-25 20:10:08 --> Hooks Class Initialized
DEBUG - 2024-12-25 20:10:08 --> UTF-8 Support Enabled
INFO - 2024-12-25 20:10:08 --> Utf8 Class Initialized
INFO - 2024-12-25 20:10:08 --> URI Class Initialized
INFO - 2024-12-25 20:10:08 --> Router Class Initialized
INFO - 2024-12-25 20:10:08 --> Output Class Initialized
INFO - 2024-12-25 20:10:08 --> Security Class Initialized
DEBUG - 2024-12-25 20:10:08 --> Global POST, GET and COOKIE data sanitized
INFO - 2024-12-25 20:10:08 --> Input Class Initialized
INFO - 2024-12-25 20:10:08 --> Language Class Initialized
ERROR - 2024-12-25 20:10:08 --> 404 Page Not Found: /index
INFO - 2024-12-25 20:10:08 --> Config Class Initialized
INFO - 2024-12-25 20:10:08 --> Hooks Class Initialized
DEBUG - 2024-12-25 20:10:08 --> UTF-8 Support Enabled
INFO - 2024-12-25 20:10:08 --> Utf8 Class Initialized
INFO - 2024-12-25 20:10:08 --> URI Class Initialized
INFO - 2024-12-25 20:10:08 --> Router Class Initialized
INFO - 2024-12-25 20:10:08 --> Output Class Initialized
INFO - 2024-12-25 20:10:08 --> Security Class Initialized
DEBUG - 2024-12-25 20:10:08 --> Global POST, GET and COOKIE data sanitized
INFO - 2024-12-25 20:10:08 --> Input Class Initialized
INFO - 2024-12-25 20:10:08 --> Language Class Initialized
INFO - 2024-12-25 20:10:08 --> Language Class Initialized
INFO - 2024-12-25 20:10:08 --> Config Class Initialized
INFO - 2024-12-25 20:10:08 --> Loader Class Initialized
INFO - 2024-12-25 20:10:08 --> Helper loaded: url_helper
INFO - 2024-12-25 20:10:08 --> Helper loaded: easyui_helper
INFO - 2024-12-25 20:10:08 --> Helper loaded: param_helper
INFO - 2024-12-25 20:10:08 --> Helper loaded: credential_helper
INFO - 2024-12-25 20:10:08 --> Helper loaded: template_helper
INFO - 2024-12-25 20:10:08 --> Helper loaded: rest_helper
INFO - 2024-12-25 20:10:08 --> Database Driver Class Initialized
DEBUG - 2024-12-25 20:10:08 --> Idgenerator class already loaded. Second attempt ignored.
INFO - 2024-12-25 20:10:08 --> Controller Class Initialized
INFO - 2024-12-25 20:10:08 --> Model Class Initialized
DEBUG - 2024-12-25 20:10:08 --> File loaded: /apps/web-drc/application/modules/mapping_promo_active/models/Promo_active_model.php
INFO - 2024-12-25 20:10:08 --> Model Class Initialized
INFO - 2024-12-25 20:10:08 --> Final output sent to browser
DEBUG - 2024-12-25 20:10:08 --> Total execution time: 0.0059
INFO - 2024-12-25 20:10:11 --> Config Class Initialized
INFO - 2024-12-25 20:10:11 --> Hooks Class Initialized
DEBUG - 2024-12-25 20:10:11 --> UTF-8 Support Enabled
INFO - 2024-12-25 20:10:11 --> Utf8 Class Initialized
INFO - 2024-12-25 20:10:11 --> URI Class Initialized
INFO - 2024-12-25 20:10:11 --> Router Class Initialized
INFO - 2024-12-25 20:10:11 --> Output Class Initialized
INFO - 2024-12-25 20:10:11 --> Security Class Initialized
DEBUG - 2024-12-25 20:10:11 --> Global POST, GET and COOKIE data sanitized
INFO - 2024-12-25 20:10:11 --> Input Class Initialized
INFO - 2024-12-25 20:10:11 --> Language Class Initialized
INFO - 2024-12-25 20:10:11 --> Language Class Initialized
INFO - 2024-12-25 20:10:11 --> Config Class Initialized
INFO - 2024-12-25 20:10:11 --> Loader Class Initialized
INFO - 2024-12-25 20:10:11 --> Helper loaded: url_helper
INFO - 2024-12-25 20:10:11 --> Helper loaded: easyui_helper
INFO - 2024-12-25 20:10:11 --> Helper loaded: param_helper
INFO - 2024-12-25 20:10:11 --> Helper loaded: credential_helper
INFO - 2024-12-25 20:10:11 --> Helper loaded: template_helper
INFO - 2024-12-25 20:10:11 --> Helper loaded: rest_helper
INFO - 2024-12-25 20:10:11 --> Database Driver Class Initialized
DEBUG - 2024-12-25 20:10:11 --> Idgenerator class already loaded. Second attempt ignored.
INFO - 2024-12-25 20:10:11 --> Controller Class Initialized
INFO - 2024-12-25 20:10:11 --> Model Class Initialized
DEBUG - 2024-12-25 20:10:11 --> File loaded: /apps/web-drc/application/modules/mapping_promo_active/models/Promo_active_model.php
INFO - 2024-12-25 20:10:11 --> Model Class Initialized
INFO - 2024-12-25 20:10:11 --> Final output sent to browser
DEBUG - 2024-12-25 20:10:11 --> Total execution time: 0.0142
INFO - 2024-12-25 20:10:14 --> Config Class Initialized
INFO - 2024-12-25 20:10:14 --> Hooks Class Initialized
DEBUG - 2024-12-25 20:10:14 --> UTF-8 Support Enabled
INFO - 2024-12-25 20:10:14 --> Utf8 Class Initialized
INFO - 2024-12-25 20:10:14 --> URI Class Initialized
INFO - 2024-12-25 20:10:14 --> Router Class Initialized
INFO - 2024-12-25 20:10:14 --> Output Class Initialized
INFO - 2024-12-25 20:10:14 --> Security Class Initialized
DEBUG - 2024-12-25 20:10:14 --> Global POST, GET and COOKIE data sanitized
INFO - 2024-12-25 20:10:14 --> Input Class Initialized
INFO - 2024-12-25 20:10:14 --> Language Class Initialized
INFO - 2024-12-25 20:10:14 --> Language Class Initialized
INFO - 2024-12-25 20:10:14 --> Config Class Initialized
INFO - 2024-12-25 20:10:14 --> Loader Class Initialized
INFO - 2024-12-25 20:10:14 --> Helper loaded: url_helper
INFO - 2024-12-25 20:10:14 --> Helper loaded: easyui_helper
INFO - 2024-12-25 20:10:14 --> Helper loaded: param_helper
INFO - 2024-12-25 20:10:14 --> Helper loaded: credential_helper
INFO - 2024-12-25 20:10:14 --> Helper loaded: template_helper
INFO - 2024-12-25 20:10:14 --> Helper loaded: rest_helper
INFO - 2024-12-25 20:10:14 --> Database Driver Class Initialized
DEBUG - 2024-12-25 20:10:14 --> Idgenerator class already loaded. Second attempt ignored.
INFO - 2024-12-25 20:10:14 --> Controller Class Initialized
INFO - 2024-12-25 20:10:14 --> Model Class Initialized
DEBUG - 2024-12-25 20:10:14 --> File loaded: /apps/web-drc/application/modules/mapping_promo_active/models/Promo_active_model.php
INFO - 2024-12-25 20:10:14 --> Model Class Initialized
DEBUG - 2024-12-25 20:10:14 --> File loaded: /apps/web-drc/application/modules/mapping_promo_active/views/form.php
DEBUG - 2024-12-25 20:10:14 --> File loaded: /apps/web-drc/application/views/templates/header.php
DEBUG - 2024-12-25 20:10:14 --> File loaded: /apps/web-drc/application/views/templates/toolbar.php
DEBUG - 2024-12-25 20:10:14 --> File loaded: /apps/web-drc/application/views/templates/sidebar.php
DEBUG - 2024-12-25 20:10:14 --> File loaded: /apps/web-drc/application/views/templates/contents.php
DEBUG - 2024-12-25 20:10:14 --> File loaded: /apps/web-drc/application/views/templates/content_footer.php
DEBUG - 2024-12-25 20:10:14 --> File loaded: /apps/web-drc/application/views/templates/footer.php
DEBUG - 2024-12-25 20:10:14 --> File loaded: /apps/web-drc/application/views/templates/default.php
INFO - 2024-12-25 20:10:14 --> Final output sent to browser
DEBUG - 2024-12-25 20:10:14 --> Total execution time: 0.0078
INFO - 2024-12-25 20:10:14 --> Config Class Initialized
INFO - 2024-12-25 20:10:14 --> Hooks Class Initialized
DEBUG - 2024-12-25 20:10:14 --> UTF-8 Support Enabled
INFO - 2024-12-25 20:10:14 --> Utf8 Class Initialized
INFO - 2024-12-25 20:10:14 --> URI Class Initialized
INFO - 2024-12-25 20:10:14 --> Router Class Initialized
INFO - 2024-12-25 20:10:14 --> Output Class Initialized
INFO - 2024-12-25 20:10:14 --> Security Class Initialized
DEBUG - 2024-12-25 20:10:14 --> Global POST, GET and COOKIE data sanitized
INFO - 2024-12-25 20:10:14 --> Input Class Initialized
INFO - 2024-12-25 20:10:14 --> Language Class Initialized
ERROR - 2024-12-25 20:10:14 --> 404 Page Not Found: /index
INFO - 2024-12-25 20:10:14 --> Config Class Initialized
INFO - 2024-12-25 20:10:14 --> Hooks Class Initialized
DEBUG - 2024-12-25 20:10:14 --> UTF-8 Support Enabled
INFO - 2024-12-25 20:10:14 --> Utf8 Class Initialized
INFO - 2024-12-25 20:10:14 --> URI Class Initialized
INFO - 2024-12-25 20:10:14 --> Router Class Initialized
INFO - 2024-12-25 20:10:14 --> Output Class Initialized
INFO - 2024-12-25 20:10:14 --> Security Class Initialized
DEBUG - 2024-12-25 20:10:14 --> Global POST, GET and COOKIE data sanitized
INFO - 2024-12-25 20:10:14 --> Input Class Initialized
INFO - 2024-12-25 20:10:14 --> Language Class Initialized
INFO - 2024-12-25 20:10:14 --> Language Class Initialized
INFO - 2024-12-25 20:10:14 --> Config Class Initialized
INFO - 2024-12-25 20:10:14 --> Loader Class Initialized
INFO - 2024-12-25 20:10:14 --> Helper loaded: url_helper
INFO - 2024-12-25 20:10:14 --> Helper loaded: easyui_helper
INFO - 2024-12-25 20:10:14 --> Helper loaded: param_helper
INFO - 2024-12-25 20:10:14 --> Helper loaded: credential_helper
INFO - 2024-12-25 20:10:14 --> Helper loaded: template_helper
INFO - 2024-12-25 20:10:14 --> Helper loaded: rest_helper
INFO - 2024-12-25 20:10:14 --> Database Driver Class Initialized
DEBUG - 2024-12-25 20:10:14 --> Idgenerator class already loaded. Second attempt ignored.
INFO - 2024-12-25 20:10:14 --> Controller Class Initialized
INFO - 2024-12-25 20:10:14 --> Model Class Initialized
DEBUG - 2024-12-25 20:10:14 --> File loaded: /apps/web-drc/application/modules/api_v1/models/Api_v1_model.php
INFO - 2024-12-25 20:10:14 --> Model Class Initialized
INFO - 2024-12-25 20:10:14 --> Final output sent to browser
DEBUG - 2024-12-25 20:10:14 --> Total execution time: 0.0034
INFO - 2024-12-25 20:10:14 --> Config Class Initialized
INFO - 2024-12-25 20:10:14 --> Hooks Class Initialized
DEBUG - 2024-12-25 20:10:14 --> UTF-8 Support Enabled
INFO - 2024-12-25 20:10:14 --> Utf8 Class Initialized
INFO - 2024-12-25 20:10:14 --> URI Class Initialized
INFO - 2024-12-25 20:10:14 --> Router Class Initialized
INFO - 2024-12-25 20:10:14 --> Output Class Initialized
INFO - 2024-12-25 20:10:14 --> Security Class Initialized
DEBUG - 2024-12-25 20:10:14 --> Global POST, GET and COOKIE data sanitized
INFO - 2024-12-25 20:10:14 --> Input Class Initialized
INFO - 2024-12-25 20:10:14 --> Language Class Initialized
INFO - 2024-12-25 20:10:14 --> Language Class Initialized
INFO - 2024-12-25 20:10:14 --> Config Class Initialized
INFO - 2024-12-25 20:10:14 --> Loader Class Initialized
INFO - 2024-12-25 20:10:14 --> Helper loaded: url_helper
INFO - 2024-12-25 20:10:14 --> Helper loaded: easyui_helper
INFO - 2024-12-25 20:10:14 --> Helper loaded: param_helper
INFO - 2024-12-25 20:10:14 --> Helper loaded: credential_helper
INFO - 2024-12-25 20:10:14 --> Helper loaded: template_helper
INFO - 2024-12-25 20:10:14 --> Helper loaded: rest_helper
INFO - 2024-12-25 20:10:14 --> Database Driver Class Initialized
DEBUG - 2024-12-25 20:10:14 --> Idgenerator class already loaded. Second attempt ignored.
INFO - 2024-12-25 20:10:14 --> Controller Class Initialized
INFO - 2024-12-25 20:10:14 --> Model Class Initialized
DEBUG - 2024-12-25 20:10:14 --> File loaded: /apps/web-drc/application/modules/api_v1/models/Api_v1_model.php
INFO - 2024-12-25 20:10:14 --> Model Class Initialized
INFO - 2024-12-25 20:10:14 --> Final output sent to browser
DEBUG - 2024-12-25 20:10:14 --> Total execution time: 0.0043
INFO - 2024-12-25 20:10:14 --> Config Class Initialized
INFO - 2024-12-25 20:10:14 --> Hooks Class Initialized
DEBUG - 2024-12-25 20:10:14 --> UTF-8 Support Enabled
INFO - 2024-12-25 20:10:14 --> Utf8 Class Initialized
INFO - 2024-12-25 20:10:14 --> URI Class Initialized
INFO - 2024-12-25 20:10:14 --> Router Class Initialized
INFO - 2024-12-25 20:10:14 --> Output Class Initialized
INFO - 2024-12-25 20:10:14 --> Security Class Initialized
DEBUG - 2024-12-25 20:10:14 --> Global POST, GET and COOKIE data sanitized
INFO - 2024-12-25 20:10:14 --> Input Class Initialized
INFO - 2024-12-25 20:10:14 --> Language Class Initialized
INFO - 2024-12-25 20:10:14 --> Language Class Initialized
INFO - 2024-12-25 20:10:14 --> Config Class Initialized
INFO - 2024-12-25 20:10:14 --> Loader Class Initialized
INFO - 2024-12-25 20:10:14 --> Helper loaded: url_helper
INFO - 2024-12-25 20:10:14 --> Helper loaded: easyui_helper
INFO - 2024-12-25 20:10:14 --> Helper loaded: param_helper
INFO - 2024-12-25 20:10:14 --> Helper loaded: credential_helper
INFO - 2024-12-25 20:10:14 --> Helper loaded: template_helper
INFO - 2024-12-25 20:10:14 --> Helper loaded: rest_helper
INFO - 2024-12-25 20:10:14 --> Database Driver Class Initialized
DEBUG - 2024-12-25 20:10:14 --> Idgenerator class already loaded. Second attempt ignored.
INFO - 2024-12-25 20:10:14 --> Controller Class Initialized
INFO - 2024-12-25 20:10:14 --> Model Class Initialized
DEBUG - 2024-12-25 20:10:14 --> File loaded: /apps/web-drc/application/modules/ref_customer_class/models/Customer_class_model.php
INFO - 2024-12-25 20:10:14 --> Model Class Initialized
INFO - 2024-12-25 20:10:14 --> Final output sent to browser
DEBUG - 2024-12-25 20:10:14 --> Total execution time: 0.0035
INFO - 2024-12-25 20:11:31 --> Config Class Initialized
INFO - 2024-12-25 20:11:31 --> Hooks Class Initialized
DEBUG - 2024-12-25 20:11:31 --> UTF-8 Support Enabled
INFO - 2024-12-25 20:11:31 --> Utf8 Class Initialized
INFO - 2024-12-25 20:11:31 --> URI Class Initialized
INFO - 2024-12-25 20:11:31 --> Router Class Initialized
INFO - 2024-12-25 20:11:31 --> Output Class Initialized
INFO - 2024-12-25 20:11:31 --> Security Class Initialized
DEBUG - 2024-12-25 20:11:31 --> Global POST, GET and COOKIE data sanitized
INFO - 2024-12-25 20:11:31 --> Input Class Initialized
INFO - 2024-12-25 20:11:31 --> Language Class Initialized
INFO - 2024-12-25 20:11:31 --> Language Class Initialized
INFO - 2024-12-25 20:11:31 --> Config Class Initialized
INFO - 2024-12-25 20:11:31 --> Loader Class Initialized
INFO - 2024-12-25 20:11:31 --> Helper loaded: url_helper
INFO - 2024-12-25 20:11:31 --> Helper loaded: easyui_helper
INFO - 2024-12-25 20:11:31 --> Helper loaded: param_helper
INFO - 2024-12-25 20:11:31 --> Helper loaded: credential_helper
INFO - 2024-12-25 20:11:31 --> Helper loaded: template_helper
INFO - 2024-12-25 20:11:31 --> Helper loaded: rest_helper
INFO - 2024-12-25 20:11:31 --> Database Driver Class Initialized
DEBUG - 2024-12-25 20:11:31 --> Idgenerator class already loaded. Second attempt ignored.
INFO - 2024-12-25 20:11:31 --> Controller Class Initialized
INFO - 2024-12-25 20:11:31 --> Model Class Initialized
DEBUG - 2024-12-25 20:11:31 --> File loaded: /apps/web-drc/application/modules/mapping_promo_active/models/Promo_active_model.php
INFO - 2024-12-25 20:11:31 --> Model Class Initialized
INFO - 2024-12-25 20:11:31 --> Final output sent to browser
DEBUG - 2024-12-25 20:11:31 --> Total execution time: 0.0077
INFO - 2024-12-25 20:11:31 --> Config Class Initialized
INFO - 2024-12-25 20:11:31 --> Hooks Class Initialized
DEBUG - 2024-12-25 20:11:31 --> UTF-8 Support Enabled
INFO - 2024-12-25 20:11:31 --> Utf8 Class Initialized
INFO - 2024-12-25 20:11:31 --> URI Class Initialized
INFO - 2024-12-25 20:11:31 --> Router Class Initialized
INFO - 2024-12-25 20:11:31 --> Output Class Initialized
INFO - 2024-12-25 20:11:31 --> Security Class Initialized
DEBUG - 2024-12-25 20:11:31 --> Global POST, GET and COOKIE data sanitized
INFO - 2024-12-25 20:11:31 --> Input Class Initialized
INFO - 2024-12-25 20:11:31 --> Language Class Initialized
INFO - 2024-12-25 20:11:31 --> Language Class Initialized
INFO - 2024-12-25 20:11:31 --> Config Class Initialized
INFO - 2024-12-25 20:11:31 --> Loader Class Initialized
INFO - 2024-12-25 20:11:31 --> Helper loaded: url_helper
INFO - 2024-12-25 20:11:31 --> Helper loaded: easyui_helper
INFO - 2024-12-25 20:11:31 --> Helper loaded: param_helper
INFO - 2024-12-25 20:11:31 --> Helper loaded: credential_helper
INFO - 2024-12-25 20:11:31 --> Helper loaded: template_helper
INFO - 2024-12-25 20:11:31 --> Helper loaded: rest_helper
INFO - 2024-12-25 20:11:31 --> Database Driver Class Initialized
DEBUG - 2024-12-25 20:11:31 --> Idgenerator class already loaded. Second attempt ignored.
INFO - 2024-12-25 20:11:31 --> Controller Class Initialized
INFO - 2024-12-25 20:11:31 --> Model Class Initialized
DEBUG - 2024-12-25 20:11:31 --> File loaded: /apps/web-drc/application/modules/mapping_promo_active/models/Promo_active_model.php
INFO - 2024-12-25 20:11:31 --> Model Class Initialized
DEBUG - 2024-12-25 20:11:31 --> File loaded: /apps/web-drc/application/modules/mapping_promo_active/views/content.php
DEBUG - 2024-12-25 20:11:31 --> File loaded: /apps/web-drc/application/views/templates/header.php
DEBUG - 2024-12-25 20:11:31 --> File loaded: /apps/web-drc/application/views/templates/toolbar.php
DEBUG - 2024-12-25 20:11:31 --> File loaded: /apps/web-drc/application/views/templates/sidebar.php
DEBUG - 2024-12-25 20:11:31 --> File loaded: /apps/web-drc/application/views/templates/contents.php
DEBUG - 2024-12-25 20:11:31 --> File loaded: /apps/web-drc/application/views/templates/content_footer.php
DEBUG - 2024-12-25 20:11:31 --> File loaded: /apps/web-drc/application/views/templates/footer.php
DEBUG - 2024-12-25 20:11:31 --> File loaded: /apps/web-drc/application/views/templates/default.php
INFO - 2024-12-25 20:11:31 --> Final output sent to browser
DEBUG - 2024-12-25 20:11:31 --> Total execution time: 0.0069
INFO - 2024-12-25 20:11:32 --> Config Class Initialized
INFO - 2024-12-25 20:11:32 --> Hooks Class Initialized
DEBUG - 2024-12-25 20:11:32 --> UTF-8 Support Enabled
INFO - 2024-12-25 20:11:32 --> Utf8 Class Initialized
INFO - 2024-12-25 20:11:32 --> URI Class Initialized
INFO - 2024-12-25 20:11:32 --> Router Class Initialized
INFO - 2024-12-25 20:11:32 --> Output Class Initialized
INFO - 2024-12-25 20:11:32 --> Security Class Initialized
DEBUG - 2024-12-25 20:11:32 --> Global POST, GET and COOKIE data sanitized
INFO - 2024-12-25 20:11:32 --> Input Class Initialized
INFO - 2024-12-25 20:11:32 --> Language Class Initialized
ERROR - 2024-12-25 20:11:32 --> 404 Page Not Found: /index
INFO - 2024-12-25 20:11:32 --> Config Class Initialized
INFO - 2024-12-25 20:11:32 --> Hooks Class Initialized
DEBUG - 2024-12-25 20:11:32 --> UTF-8 Support Enabled
INFO - 2024-12-25 20:11:32 --> Utf8 Class Initialized
INFO - 2024-12-25 20:11:32 --> URI Class Initialized
INFO - 2024-12-25 20:11:32 --> Router Class Initialized
INFO - 2024-12-25 20:11:32 --> Output Class Initialized
INFO - 2024-12-25 20:11:32 --> Security Class Initialized
DEBUG - 2024-12-25 20:11:32 --> Global POST, GET and COOKIE data sanitized
INFO - 2024-12-25 20:11:32 --> Input Class Initialized
INFO - 2024-12-25 20:11:32 --> Language Class Initialized
INFO - 2024-12-25 20:11:32 --> Language Class Initialized
INFO - 2024-12-25 20:11:32 --> Config Class Initialized
INFO - 2024-12-25 20:11:32 --> Loader Class Initialized
INFO - 2024-12-25 20:11:32 --> Helper loaded: url_helper
INFO - 2024-12-25 20:11:32 --> Helper loaded: easyui_helper
INFO - 2024-12-25 20:11:32 --> Helper loaded: param_helper
INFO - 2024-12-25 20:11:32 --> Helper loaded: credential_helper
INFO - 2024-12-25 20:11:32 --> Helper loaded: template_helper
INFO - 2024-12-25 20:11:32 --> Helper loaded: rest_helper
INFO - 2024-12-25 20:11:32 --> Database Driver Class Initialized
DEBUG - 2024-12-25 20:11:32 --> Idgenerator class already loaded. Second attempt ignored.
INFO - 2024-12-25 20:11:32 --> Controller Class Initialized
INFO - 2024-12-25 20:11:32 --> Model Class Initialized
DEBUG - 2024-12-25 20:11:32 --> File loaded: /apps/web-drc/application/modules/mapping_promo_active/models/Promo_active_model.php
INFO - 2024-12-25 20:11:32 --> Model Class Initialized
INFO - 2024-12-25 20:11:32 --> Final output sent to browser
DEBUG - 2024-12-25 20:11:32 --> Total execution time: 0.0062
INFO - 2024-12-25 20:11:35 --> Config Class Initialized
INFO - 2024-12-25 20:11:35 --> Hooks Class Initialized
DEBUG - 2024-12-25 20:11:35 --> UTF-8 Support Enabled
INFO - 2024-12-25 20:11:35 --> Utf8 Class Initialized
INFO - 2024-12-25 20:11:35 --> URI Class Initialized
INFO - 2024-12-25 20:11:35 --> Router Class Initialized
INFO - 2024-12-25 20:11:35 --> Output Class Initialized
INFO - 2024-12-25 20:11:35 --> Security Class Initialized
DEBUG - 2024-12-25 20:11:35 --> Global POST, GET and COOKIE data sanitized
INFO - 2024-12-25 20:11:35 --> Input Class Initialized
INFO - 2024-12-25 20:11:35 --> Language Class Initialized
INFO - 2024-12-25 20:11:35 --> Language Class Initialized
INFO - 2024-12-25 20:11:35 --> Config Class Initialized
INFO - 2024-12-25 20:11:35 --> Loader Class Initialized
INFO - 2024-12-25 20:11:35 --> Helper loaded: url_helper
INFO - 2024-12-25 20:11:35 --> Helper loaded: easyui_helper
INFO - 2024-12-25 20:11:35 --> Helper loaded: param_helper
INFO - 2024-12-25 20:11:35 --> Helper loaded: credential_helper
INFO - 2024-12-25 20:11:35 --> Helper loaded: template_helper
INFO - 2024-12-25 20:11:35 --> Helper loaded: rest_helper
INFO - 2024-12-25 20:11:35 --> Database Driver Class Initialized
DEBUG - 2024-12-25 20:11:35 --> Idgenerator class already loaded. Second attempt ignored.
INFO - 2024-12-25 20:11:35 --> Controller Class Initialized
INFO - 2024-12-25 20:11:35 --> Model Class Initialized
DEBUG - 2024-12-25 20:11:35 --> File loaded: /apps/web-drc/application/modules/mapping_promo_active/models/Promo_active_model.php
INFO - 2024-12-25 20:11:35 --> Model Class Initialized
INFO - 2024-12-25 20:11:35 --> Final output sent to browser
DEBUG - 2024-12-25 20:11:35 --> Total execution time: 0.0097
INFO - 2024-12-25 20:11:38 --> Config Class Initialized
INFO - 2024-12-25 20:11:38 --> Hooks Class Initialized
DEBUG - 2024-12-25 20:11:38 --> UTF-8 Support Enabled
INFO - 2024-12-25 20:11:38 --> Utf8 Class Initialized
INFO - 2024-12-25 20:11:38 --> URI Class Initialized
INFO - 2024-12-25 20:11:38 --> Router Class Initialized
INFO - 2024-12-25 20:11:38 --> Output Class Initialized
INFO - 2024-12-25 20:11:38 --> Security Class Initialized
DEBUG - 2024-12-25 20:11:38 --> Global POST, GET and COOKIE data sanitized
INFO - 2024-12-25 20:11:38 --> Input Class Initialized
INFO - 2024-12-25 20:11:38 --> Language Class Initialized
INFO - 2024-12-25 20:11:38 --> Language Class Initialized
INFO - 2024-12-25 20:11:38 --> Config Class Initialized
INFO - 2024-12-25 20:11:38 --> Loader Class Initialized
INFO - 2024-12-25 20:11:38 --> Helper loaded: url_helper
INFO - 2024-12-25 20:11:38 --> Helper loaded: easyui_helper
INFO - 2024-12-25 20:11:38 --> Helper loaded: param_helper
INFO - 2024-12-25 20:11:38 --> Helper loaded: credential_helper
INFO - 2024-12-25 20:11:38 --> Helper loaded: template_helper
INFO - 2024-12-25 20:11:38 --> Helper loaded: rest_helper
INFO - 2024-12-25 20:11:38 --> Database Driver Class Initialized
DEBUG - 2024-12-25 20:11:38 --> Idgenerator class already loaded. Second attempt ignored.
INFO - 2024-12-25 20:11:38 --> Controller Class Initialized
INFO - 2024-12-25 20:11:38 --> Model Class Initialized
DEBUG - 2024-12-25 20:11:38 --> File loaded: /apps/web-drc/application/modules/mapping_promo_active/models/Promo_active_model.php
INFO - 2024-12-25 20:11:38 --> Model Class Initialized
DEBUG - 2024-12-25 20:11:38 --> File loaded: /apps/web-drc/application/modules/mapping_promo_active/views/form.php
DEBUG - 2024-12-25 20:11:38 --> File loaded: /apps/web-drc/application/views/templates/header.php
DEBUG - 2024-12-25 20:11:38 --> File loaded: /apps/web-drc/application/views/templates/toolbar.php
DEBUG - 2024-12-25 20:11:38 --> File loaded: /apps/web-drc/application/views/templates/sidebar.php
DEBUG - 2024-12-25 20:11:38 --> File loaded: /apps/web-drc/application/views/templates/contents.php
DEBUG - 2024-12-25 20:11:38 --> File loaded: /apps/web-drc/application/views/templates/content_footer.php
DEBUG - 2024-12-25 20:11:38 --> File loaded: /apps/web-drc/application/views/templates/footer.php
DEBUG - 2024-12-25 20:11:38 --> File loaded: /apps/web-drc/application/views/templates/default.php
INFO - 2024-12-25 20:11:38 --> Final output sent to browser
DEBUG - 2024-12-25 20:11:38 --> Total execution time: 0.0070
INFO - 2024-12-25 20:11:38 --> Config Class Initialized
INFO - 2024-12-25 20:11:38 --> Hooks Class Initialized
DEBUG - 2024-12-25 20:11:38 --> UTF-8 Support Enabled
INFO - 2024-12-25 20:11:38 --> Utf8 Class Initialized
INFO - 2024-12-25 20:11:38 --> URI Class Initialized
INFO - 2024-12-25 20:11:38 --> Router Class Initialized
INFO - 2024-12-25 20:11:38 --> Output Class Initialized
INFO - 2024-12-25 20:11:38 --> Security Class Initialized
DEBUG - 2024-12-25 20:11:38 --> Global POST, GET and COOKIE data sanitized
INFO - 2024-12-25 20:11:38 --> Input Class Initialized
INFO - 2024-12-25 20:11:38 --> Language Class Initialized
INFO - 2024-12-25 20:11:38 --> Language Class Initialized
INFO - 2024-12-25 20:11:38 --> Config Class Initialized
INFO - 2024-12-25 20:11:38 --> Loader Class Initialized
INFO - 2024-12-25 20:11:38 --> Helper loaded: url_helper
INFO - 2024-12-25 20:11:38 --> Helper loaded: easyui_helper
INFO - 2024-12-25 20:11:38 --> Helper loaded: param_helper
INFO - 2024-12-25 20:11:38 --> Helper loaded: credential_helper
INFO - 2024-12-25 20:11:38 --> Helper loaded: template_helper
INFO - 2024-12-25 20:11:38 --> Helper loaded: rest_helper
INFO - 2024-12-25 20:11:38 --> Database Driver Class Initialized
DEBUG - 2024-12-25 20:11:38 --> Idgenerator class already loaded. Second attempt ignored.
INFO - 2024-12-25 20:11:38 --> Controller Class Initialized
INFO - 2024-12-25 20:11:38 --> Model Class Initialized
DEBUG - 2024-12-25 20:11:38 --> File loaded: /apps/web-drc/application/modules/api_v1/models/Api_v1_model.php
INFO - 2024-12-25 20:11:38 --> Model Class Initialized
INFO - 2024-12-25 20:11:38 --> Final output sent to browser
DEBUG - 2024-12-25 20:11:38 --> Total execution time: 0.0031
INFO - 2024-12-25 20:11:38 --> Config Class Initialized
INFO - 2024-12-25 20:11:38 --> Hooks Class Initialized
DEBUG - 2024-12-25 20:11:38 --> UTF-8 Support Enabled
INFO - 2024-12-25 20:11:38 --> Utf8 Class Initialized
INFO - 2024-12-25 20:11:38 --> URI Class Initialized
INFO - 2024-12-25 20:11:38 --> Router Class Initialized
INFO - 2024-12-25 20:11:38 --> Output Class Initialized
INFO - 2024-12-25 20:11:38 --> Security Class Initialized
DEBUG - 2024-12-25 20:11:38 --> Global POST, GET and COOKIE data sanitized
INFO - 2024-12-25 20:11:38 --> Input Class Initialized
INFO - 2024-12-25 20:11:38 --> Language Class Initialized
INFO - 2024-12-25 20:11:38 --> Language Class Initialized
INFO - 2024-12-25 20:11:38 --> Config Class Initialized
INFO - 2024-12-25 20:11:38 --> Loader Class Initialized
INFO - 2024-12-25 20:11:38 --> Helper loaded: url_helper
INFO - 2024-12-25 20:11:38 --> Helper loaded: easyui_helper
INFO - 2024-12-25 20:11:38 --> Helper loaded: param_helper
INFO - 2024-12-25 20:11:38 --> Helper loaded: credential_helper
INFO - 2024-12-25 20:11:38 --> Helper loaded: template_helper
INFO - 2024-12-25 20:11:38 --> Helper loaded: rest_helper
INFO - 2024-12-25 20:11:38 --> Database Driver Class Initialized
DEBUG - 2024-12-25 20:11:38 --> Idgenerator class already loaded. Second attempt ignored.
INFO - 2024-12-25 20:11:38 --> Controller Class Initialized
INFO - 2024-12-25 20:11:38 --> Model Class Initialized
DEBUG - 2024-12-25 20:11:38 --> File loaded: /apps/web-drc/application/modules/api_v1/models/Api_v1_model.php
INFO - 2024-12-25 20:11:38 --> Model Class Initialized
INFO - 2024-12-25 20:11:38 --> Final output sent to browser
DEBUG - 2024-12-25 20:11:38 --> Total execution time: 0.0037
INFO - 2024-12-25 20:11:38 --> Config Class Initialized
INFO - 2024-12-25 20:11:38 --> Hooks Class Initialized
DEBUG - 2024-12-25 20:11:38 --> UTF-8 Support Enabled
INFO - 2024-12-25 20:11:38 --> Utf8 Class Initialized
INFO - 2024-12-25 20:11:38 --> URI Class Initialized
INFO - 2024-12-25 20:11:38 --> Router Class Initialized
INFO - 2024-12-25 20:11:38 --> Output Class Initialized
INFO - 2024-12-25 20:11:38 --> Security Class Initialized
DEBUG - 2024-12-25 20:11:38 --> Global POST, GET and COOKIE data sanitized
INFO - 2024-12-25 20:11:38 --> Input Class Initialized
INFO - 2024-12-25 20:11:38 --> Language Class Initialized
INFO - 2024-12-25 20:11:38 --> Language Class Initialized
INFO - 2024-12-25 20:11:38 --> Config Class Initialized
INFO - 2024-12-25 20:11:38 --> Loader Class Initialized
INFO - 2024-12-25 20:11:38 --> Helper loaded: url_helper
INFO - 2024-12-25 20:11:38 --> Helper loaded: easyui_helper
INFO - 2024-12-25 20:11:38 --> Helper loaded: param_helper
INFO - 2024-12-25 20:11:38 --> Helper loaded: credential_helper
INFO - 2024-12-25 20:11:38 --> Helper loaded: template_helper
INFO - 2024-12-25 20:11:38 --> Helper loaded: rest_helper
INFO - 2024-12-25 20:11:38 --> Database Driver Class Initialized
DEBUG - 2024-12-25 20:11:38 --> Idgenerator class already loaded. Second attempt ignored.
INFO - 2024-12-25 20:11:38 --> Controller Class Initialized
INFO - 2024-12-25 20:11:38 --> Model Class Initialized
DEBUG - 2024-12-25 20:11:38 --> File loaded: /apps/web-drc/application/modules/ref_customer_class/models/Customer_class_model.php
INFO - 2024-12-25 20:11:38 --> Model Class Initialized
INFO - 2024-12-25 20:11:38 --> Final output sent to browser
DEBUG - 2024-12-25 20:11:38 --> Total execution time: 0.0037
INFO - 2024-12-25 20:11:39 --> Config Class Initialized
INFO - 2024-12-25 20:11:39 --> Hooks Class Initialized
DEBUG - 2024-12-25 20:11:39 --> UTF-8 Support Enabled
INFO - 2024-12-25 20:11:39 --> Utf8 Class Initialized
INFO - 2024-12-25 20:11:39 --> URI Class Initialized
INFO - 2024-12-25 20:11:39 --> Router Class Initialized
INFO - 2024-12-25 20:11:39 --> Output Class Initialized
INFO - 2024-12-25 20:11:39 --> Security Class Initialized
DEBUG - 2024-12-25 20:11:39 --> Global POST, GET and COOKIE data sanitized
INFO - 2024-12-25 20:11:39 --> Input Class Initialized
INFO - 2024-12-25 20:11:39 --> Language Class Initialized
ERROR - 2024-12-25 20:11:39 --> 404 Page Not Found: /index
INFO - 2024-12-25 20:11:44 --> Config Class Initialized
INFO - 2024-12-25 20:11:44 --> Hooks Class Initialized
DEBUG - 2024-12-25 20:11:44 --> UTF-8 Support Enabled
INFO - 2024-12-25 20:11:44 --> Utf8 Class Initialized
INFO - 2024-12-25 20:11:44 --> URI Class Initialized
INFO - 2024-12-25 20:11:44 --> Router Class Initialized
INFO - 2024-12-25 20:11:44 --> Output Class Initialized
INFO - 2024-12-25 20:11:44 --> Security Class Initialized
DEBUG - 2024-12-25 20:11:44 --> Global POST, GET and COOKIE data sanitized
INFO - 2024-12-25 20:11:44 --> Input Class Initialized
INFO - 2024-12-25 20:11:44 --> Language Class Initialized
INFO - 2024-12-25 20:11:44 --> Language Class Initialized
INFO - 2024-12-25 20:11:44 --> Config Class Initialized
INFO - 2024-12-25 20:11:44 --> Loader Class Initialized
INFO - 2024-12-25 20:11:44 --> Helper loaded: url_helper
INFO - 2024-12-25 20:11:44 --> Helper loaded: easyui_helper
INFO - 2024-12-25 20:11:44 --> Helper loaded: param_helper
INFO - 2024-12-25 20:11:44 --> Helper loaded: credential_helper
INFO - 2024-12-25 20:11:44 --> Helper loaded: template_helper
INFO - 2024-12-25 20:11:44 --> Helper loaded: rest_helper
INFO - 2024-12-25 20:11:44 --> Database Driver Class Initialized
DEBUG - 2024-12-25 20:11:44 --> Idgenerator class already loaded. Second attempt ignored.
INFO - 2024-12-25 20:11:44 --> Controller Class Initialized
INFO - 2024-12-25 20:11:44 --> Model Class Initialized
DEBUG - 2024-12-25 20:11:44 --> File loaded: /apps/web-drc/application/modules/mapping_promo_active/models/Promo_active_model.php
INFO - 2024-12-25 20:11:44 --> Model Class Initialized
INFO - 2024-12-25 20:11:44 --> Final output sent to browser
DEBUG - 2024-12-25 20:11:44 --> Total execution time: 0.0044
INFO - 2024-12-25 20:11:45 --> Config Class Initialized
INFO - 2024-12-25 20:11:45 --> Hooks Class Initialized
DEBUG - 2024-12-25 20:11:45 --> UTF-8 Support Enabled
INFO - 2024-12-25 20:11:45 --> Utf8 Class Initialized
INFO - 2024-12-25 20:11:45 --> URI Class Initialized
INFO - 2024-12-25 20:11:45 --> Router Class Initialized
INFO - 2024-12-25 20:11:45 --> Output Class Initialized
INFO - 2024-12-25 20:11:45 --> Security Class Initialized
DEBUG - 2024-12-25 20:11:45 --> Global POST, GET and COOKIE data sanitized
INFO - 2024-12-25 20:11:45 --> Input Class Initialized
INFO - 2024-12-25 20:11:45 --> Language Class Initialized
INFO - 2024-12-25 20:11:45 --> Language Class Initialized
INFO - 2024-12-25 20:11:45 --> Config Class Initialized
INFO - 2024-12-25 20:11:45 --> Loader Class Initialized
INFO - 2024-12-25 20:11:45 --> Helper loaded: url_helper
INFO - 2024-12-25 20:11:45 --> Helper loaded: easyui_helper
INFO - 2024-12-25 20:11:45 --> Helper loaded: param_helper
INFO - 2024-12-25 20:11:45 --> Helper loaded: credential_helper
INFO - 2024-12-25 20:11:45 --> Helper loaded: template_helper
INFO - 2024-12-25 20:11:45 --> Helper loaded: rest_helper
INFO - 2024-12-25 20:11:45 --> Database Driver Class Initialized
DEBUG - 2024-12-25 20:11:45 --> Idgenerator class already loaded. Second attempt ignored.
INFO - 2024-12-25 20:11:45 --> Controller Class Initialized
INFO - 2024-12-25 20:11:45 --> Model Class Initialized
DEBUG - 2024-12-25 20:11:45 --> File loaded: /apps/web-drc/application/modules/mapping_promo_active/models/Promo_active_model.php
INFO - 2024-12-25 20:11:45 --> Model Class Initialized
DEBUG - 2024-12-25 20:11:45 --> File loaded: /apps/web-drc/application/modules/mapping_promo_active/views/content.php
DEBUG - 2024-12-25 20:11:45 --> File loaded: /apps/web-drc/application/views/templates/header.php
DEBUG - 2024-12-25 20:11:45 --> File loaded: /apps/web-drc/application/views/templates/toolbar.php
DEBUG - 2024-12-25 20:11:45 --> File loaded: /apps/web-drc/application/views/templates/sidebar.php
DEBUG - 2024-12-25 20:11:45 --> File loaded: /apps/web-drc/application/views/templates/contents.php
DEBUG - 2024-12-25 20:11:45 --> File loaded: /apps/web-drc/application/views/templates/content_footer.php
DEBUG - 2024-12-25 20:11:45 --> File loaded: /apps/web-drc/application/views/templates/footer.php
DEBUG - 2024-12-25 20:11:45 --> File loaded: /apps/web-drc/application/views/templates/default.php
INFO - 2024-12-25 20:11:45 --> Final output sent to browser
DEBUG - 2024-12-25 20:11:45 --> Total execution time: 0.0067
INFO - 2024-12-25 20:11:45 --> Config Class Initialized
INFO - 2024-12-25 20:11:45 --> Hooks Class Initialized
DEBUG - 2024-12-25 20:11:45 --> UTF-8 Support Enabled
INFO - 2024-12-25 20:11:45 --> Utf8 Class Initialized
INFO - 2024-12-25 20:11:45 --> URI Class Initialized
INFO - 2024-12-25 20:11:45 --> Router Class Initialized
INFO - 2024-12-25 20:11:45 --> Output Class Initialized
INFO - 2024-12-25 20:11:45 --> Security Class Initialized
DEBUG - 2024-12-25 20:11:45 --> Global POST, GET and COOKIE data sanitized
INFO - 2024-12-25 20:11:45 --> Input Class Initialized
INFO - 2024-12-25 20:11:45 --> Language Class Initialized
ERROR - 2024-12-25 20:11:45 --> 404 Page Not Found: /index
INFO - 2024-12-25 20:11:45 --> Config Class Initialized
INFO - 2024-12-25 20:11:45 --> Hooks Class Initialized
DEBUG - 2024-12-25 20:11:45 --> UTF-8 Support Enabled
INFO - 2024-12-25 20:11:45 --> Utf8 Class Initialized
INFO - 2024-12-25 20:11:45 --> URI Class Initialized
INFO - 2024-12-25 20:11:45 --> Router Class Initialized
INFO - 2024-12-25 20:11:45 --> Output Class Initialized
INFO - 2024-12-25 20:11:45 --> Security Class Initialized
DEBUG - 2024-12-25 20:11:45 --> Global POST, GET and COOKIE data sanitized
INFO - 2024-12-25 20:11:45 --> Input Class Initialized
INFO - 2024-12-25 20:11:45 --> Language Class Initialized
INFO - 2024-12-25 20:11:45 --> Language Class Initialized
INFO - 2024-12-25 20:11:45 --> Config Class Initialized
INFO - 2024-12-25 20:11:45 --> Loader Class Initialized
INFO - 2024-12-25 20:11:45 --> Helper loaded: url_helper
INFO - 2024-12-25 20:11:45 --> Helper loaded: easyui_helper
INFO - 2024-12-25 20:11:45 --> Helper loaded: param_helper
INFO - 2024-12-25 20:11:45 --> Helper loaded: credential_helper
INFO - 2024-12-25 20:11:45 --> Helper loaded: template_helper
INFO - 2024-12-25 20:11:45 --> Helper loaded: rest_helper
INFO - 2024-12-25 20:11:45 --> Database Driver Class Initialized
DEBUG - 2024-12-25 20:11:45 --> Idgenerator class already loaded. Second attempt ignored.
INFO - 2024-12-25 20:11:45 --> Controller Class Initialized
INFO - 2024-12-25 20:11:45 --> Model Class Initialized
DEBUG - 2024-12-25 20:11:45 --> File loaded: /apps/web-drc/application/modules/mapping_promo_active/models/Promo_active_model.php
INFO - 2024-12-25 20:11:45 --> Model Class Initialized
INFO - 2024-12-25 20:11:45 --> Final output sent to browser
DEBUG - 2024-12-25 20:11:45 --> Total execution time: 0.0047
INFO - 2024-12-25 20:11:48 --> Config Class Initialized
INFO - 2024-12-25 20:11:48 --> Hooks Class Initialized
DEBUG - 2024-12-25 20:11:48 --> UTF-8 Support Enabled
INFO - 2024-12-25 20:11:48 --> Utf8 Class Initialized
INFO - 2024-12-25 20:11:48 --> URI Class Initialized
INFO - 2024-12-25 20:11:48 --> Router Class Initialized
INFO - 2024-12-25 20:11:48 --> Output Class Initialized
INFO - 2024-12-25 20:11:48 --> Security Class Initialized
DEBUG - 2024-12-25 20:11:48 --> Global POST, GET and COOKIE data sanitized
INFO - 2024-12-25 20:11:48 --> Input Class Initialized
INFO - 2024-12-25 20:11:48 --> Language Class Initialized
INFO - 2024-12-25 20:11:48 --> Language Class Initialized
INFO - 2024-12-25 20:11:48 --> Config Class Initialized
INFO - 2024-12-25 20:11:48 --> Loader Class Initialized
INFO - 2024-12-25 20:11:48 --> Helper loaded: url_helper
INFO - 2024-12-25 20:11:48 --> Helper loaded: easyui_helper
INFO - 2024-12-25 20:11:48 --> Helper loaded: param_helper
INFO - 2024-12-25 20:11:48 --> Helper loaded: credential_helper
INFO - 2024-12-25 20:11:48 --> Helper loaded: template_helper
INFO - 2024-12-25 20:11:48 --> Helper loaded: rest_helper
INFO - 2024-12-25 20:11:48 --> Database Driver Class Initialized
DEBUG - 2024-12-25 20:11:48 --> Idgenerator class already loaded. Second attempt ignored.
INFO - 2024-12-25 20:11:48 --> Controller Class Initialized
INFO - 2024-12-25 20:11:48 --> Model Class Initialized
DEBUG - 2024-12-25 20:11:48 --> File loaded: /apps/web-drc/application/modules/mapping_promo_active/models/Promo_active_model.php
INFO - 2024-12-25 20:11:48 --> Model Class Initialized
INFO - 2024-12-25 20:11:48 --> Final output sent to browser
DEBUG - 2024-12-25 20:11:48 --> Total execution time: 0.0102
INFO - 2024-12-25 20:41:36 --> Config Class Initialized
INFO - 2024-12-25 20:41:36 --> Hooks Class Initialized
DEBUG - 2024-12-25 20:41:36 --> UTF-8 Support Enabled
INFO - 2024-12-25 20:41:36 --> Utf8 Class Initialized
INFO - 2024-12-25 20:41:36 --> URI Class Initialized
INFO - 2024-12-25 20:41:36 --> Router Class Initialized
INFO - 2024-12-25 20:41:36 --> Output Class Initialized
INFO - 2024-12-25 20:41:36 --> Security Class Initialized
DEBUG - 2024-12-25 20:41:36 --> Global POST, GET and COOKIE data sanitized
INFO - 2024-12-25 20:41:36 --> Input Class Initialized
INFO - 2024-12-25 20:41:36 --> Language Class Initialized
INFO - 2024-12-25 20:41:36 --> Language Class Initialized
INFO - 2024-12-25 20:41:36 --> Config Class Initialized
INFO - 2024-12-25 20:41:36 --> Loader Class Initialized
INFO - 2024-12-25 20:41:36 --> Helper loaded: url_helper
INFO - 2024-12-25 20:41:36 --> Helper loaded: easyui_helper
INFO - 2024-12-25 20:41:36 --> Helper loaded: param_helper
INFO - 2024-12-25 20:41:36 --> Helper loaded: credential_helper
INFO - 2024-12-25 20:41:36 --> Helper loaded: template_helper
INFO - 2024-12-25 20:41:36 --> Helper loaded: rest_helper
INFO - 2024-12-25 20:41:36 --> Database Driver Class Initialized
DEBUG - 2024-12-25 20:41:36 --> Idgenerator class already loaded. Second attempt ignored.
INFO - 2024-12-25 20:41:36 --> Controller Class Initialized
INFO - 2024-12-25 20:41:36 --> Model Class Initialized
DEBUG - 2024-12-25 20:41:36 --> File loaded: /apps/web-drc/application/modules/mapping_promo_active/models/Promo_active_model.php
INFO - 2024-12-25 20:41:36 --> Model Class Initialized
DEBUG - 2024-12-25 20:41:36 --> File loaded: /apps/web-drc/application/modules/mapping_promo_active/views/form.php
DEBUG - 2024-12-25 20:41:36 --> File loaded: /apps/web-drc/application/views/templates/header.php
DEBUG - 2024-12-25 20:41:36 --> File loaded: /apps/web-drc/application/views/templates/toolbar.php
DEBUG - 2024-12-25 20:41:36 --> File loaded: /apps/web-drc/application/views/templates/sidebar.php
DEBUG - 2024-12-25 20:41:36 --> File loaded: /apps/web-drc/application/views/templates/contents.php
DEBUG - 2024-12-25 20:41:36 --> File loaded: /apps/web-drc/application/views/templates/content_footer.php
DEBUG - 2024-12-25 20:41:36 --> File loaded: /apps/web-drc/application/views/templates/footer.php
INFO - 2024-12-25 20:41:36 --> Config Class Initialized
INFO - 2024-12-25 20:41:36 --> Hooks Class Initialized
DEBUG - 2024-12-25 20:41:36 --> UTF-8 Support Enabled
INFO - 2024-12-25 20:41:36 --> Utf8 Class Initialized
INFO - 2024-12-25 20:41:36 --> URI Class Initialized
DEBUG - 2024-12-25 20:41:36 --> No URI present. Default controller set.
INFO - 2024-12-25 20:41:36 --> Router Class Initialized
INFO - 2024-12-25 20:41:36 --> Output Class Initialized
INFO - 2024-12-25 20:41:36 --> Security Class Initialized
DEBUG - 2024-12-25 20:41:36 --> Global POST, GET and COOKIE data sanitized
INFO - 2024-12-25 20:41:36 --> Input Class Initialized
INFO - 2024-12-25 20:41:36 --> Language Class Initialized
INFO - 2024-12-25 20:41:36 --> Language Class Initialized
INFO - 2024-12-25 20:41:36 --> Config Class Initialized
INFO - 2024-12-25 20:41:36 --> Loader Class Initialized
INFO - 2024-12-25 20:41:36 --> Helper loaded: url_helper
INFO - 2024-12-25 20:41:36 --> Helper loaded: easyui_helper
INFO - 2024-12-25 20:41:36 --> Helper loaded: param_helper
INFO - 2024-12-25 20:41:36 --> Helper loaded: credential_helper
INFO - 2024-12-25 20:41:36 --> Helper loaded: template_helper
INFO - 2024-12-25 20:41:36 --> Helper loaded: rest_helper
INFO - 2024-12-25 20:41:36 --> Database Driver Class Initialized
DEBUG - 2024-12-25 20:41:36 --> Idgenerator class already loaded. Second attempt ignored.
INFO - 2024-12-25 20:41:36 --> Controller Class Initialized
DEBUG - 2024-12-25 20:41:36 --> File loaded: /apps/web-drc/application/modules/app_auth/views/login_lte_template.php
DEBUG - 2024-12-25 20:41:36 --> File loaded: /apps/web-drc/application/views/template_login_lte/header.php
DEBUG - 2024-12-25 20:41:36 --> File loaded: /apps/web-drc/application/views/template_login_lte/contents.php
DEBUG - 2024-12-25 20:41:36 --> File loaded: /apps/web-drc/application/views/template_login_lte/default.php
INFO - 2024-12-25 20:41:36 --> Final output sent to browser
DEBUG - 2024-12-25 20:41:36 --> Total execution time: 0.0034
INFO - 2024-12-25 20:41:37 --> Config Class Initialized
INFO - 2024-12-25 20:41:37 --> Hooks Class Initialized
DEBUG - 2024-12-25 20:41:37 --> UTF-8 Support Enabled
INFO - 2024-12-25 20:41:37 --> Utf8 Class Initialized
INFO - 2024-12-25 20:41:37 --> URI Class Initialized
INFO - 2024-12-25 20:41:37 --> Router Class Initialized
INFO - 2024-12-25 20:41:37 --> Output Class Initialized
INFO - 2024-12-25 20:41:37 --> Security Class Initialized
DEBUG - 2024-12-25 20:41:37 --> Global POST, GET and COOKIE data sanitized
INFO - 2024-12-25 20:41:37 --> Input Class Initialized
INFO - 2024-12-25 20:41:37 --> Language Class Initialized
ERROR - 2024-12-25 20:41:37 --> 404 Page Not Found: /index
INFO - 2024-12-25 20:41:42 --> Config Class Initialized
INFO - 2024-12-25 20:41:42 --> Hooks Class Initialized
DEBUG - 2024-12-25 20:41:42 --> UTF-8 Support Enabled
INFO - 2024-12-25 20:41:42 --> Utf8 Class Initialized
INFO - 2024-12-25 20:41:42 --> URI Class Initialized
INFO - 2024-12-25 20:41:42 --> Router Class Initialized
INFO - 2024-12-25 20:41:42 --> Output Class Initialized
INFO - 2024-12-25 20:41:42 --> Security Class Initialized
DEBUG - 2024-12-25 20:41:42 --> Global POST, GET and COOKIE data sanitized
INFO - 2024-12-25 20:41:42 --> Input Class Initialized
INFO - 2024-12-25 20:41:42 --> Language Class Initialized
INFO - 2024-12-25 20:41:42 --> Language Class Initialized
INFO - 2024-12-25 20:41:42 --> Config Class Initialized
INFO - 2024-12-25 20:41:42 --> Loader Class Initialized
INFO - 2024-12-25 20:41:42 --> Helper loaded: url_helper
INFO - 2024-12-25 20:41:42 --> Helper loaded: easyui_helper
INFO - 2024-12-25 20:41:42 --> Helper loaded: param_helper
INFO - 2024-12-25 20:41:42 --> Helper loaded: credential_helper
INFO - 2024-12-25 20:41:42 --> Helper loaded: template_helper
INFO - 2024-12-25 20:41:42 --> Helper loaded: rest_helper
INFO - 2024-12-25 20:41:42 --> Database Driver Class Initialized
DEBUG - 2024-12-25 20:41:42 --> Idgenerator class already loaded. Second attempt ignored.
INFO - 2024-12-25 20:41:42 --> Controller Class Initialized
INFO - 2024-12-25 20:41:42 --> Final output sent to browser
DEBUG - 2024-12-25 20:41:42 --> Total execution time: 0.0047
INFO - 2024-12-25 20:41:43 --> Config Class Initialized
INFO - 2024-12-25 20:41:43 --> Hooks Class Initialized
DEBUG - 2024-12-25 20:41:43 --> UTF-8 Support Enabled
INFO - 2024-12-25 20:41:43 --> Utf8 Class Initialized
INFO - 2024-12-25 20:41:43 --> URI Class Initialized
INFO - 2024-12-25 20:41:43 --> Router Class Initialized
INFO - 2024-12-25 20:41:43 --> Output Class Initialized
INFO - 2024-12-25 20:41:43 --> Security Class Initialized
DEBUG - 2024-12-25 20:41:43 --> Global POST, GET and COOKIE data sanitized
INFO - 2024-12-25 20:41:43 --> Input Class Initialized
INFO - 2024-12-25 20:41:43 --> Language Class Initialized
INFO - 2024-12-25 20:41:43 --> Language Class Initialized
INFO - 2024-12-25 20:41:43 --> Config Class Initialized
INFO - 2024-12-25 20:41:43 --> Loader Class Initialized
INFO - 2024-12-25 20:41:43 --> Helper loaded: url_helper
INFO - 2024-12-25 20:41:43 --> Helper loaded: easyui_helper
INFO - 2024-12-25 20:41:43 --> Helper loaded: param_helper
INFO - 2024-12-25 20:41:43 --> Helper loaded: credential_helper
INFO - 2024-12-25 20:41:43 --> Helper loaded: template_helper
INFO - 2024-12-25 20:41:43 --> Helper loaded: rest_helper
INFO - 2024-12-25 20:41:43 --> Database Driver Class Initialized
DEBUG - 2024-12-25 20:41:43 --> Idgenerator class already loaded. Second attempt ignored.
INFO - 2024-12-25 20:41:43 --> Controller Class Initialized
INFO - 2024-12-25 20:41:43 --> Model Class Initialized
DEBUG - 2024-12-25 20:41:43 --> File loaded: /apps/web-drc/application/modules/app_dashboard/models/App_dashboard_model.php
INFO - 2024-12-25 20:41:43 --> Model Class Initialized
DEBUG - 2024-12-25 20:41:43 --> File loaded: /apps/web-drc/application/modules/app_dashboard/views/content.php
DEBUG - 2024-12-25 20:41:43 --> File loaded: /apps/web-drc/application/views/templates/header.php
DEBUG - 2024-12-25 20:41:43 --> File loaded: /apps/web-drc/application/views/templates/toolbar.php
DEBUG - 2024-12-25 20:41:43 --> File loaded: /apps/web-drc/application/views/templates/sidebar.php
DEBUG - 2024-12-25 20:41:43 --> File loaded: /apps/web-drc/application/views/templates/contents.php
DEBUG - 2024-12-25 20:41:43 --> File loaded: /apps/web-drc/application/views/templates/content_footer.php
DEBUG - 2024-12-25 20:41:43 --> File loaded: /apps/web-drc/application/views/templates/footer.php
DEBUG - 2024-12-25 20:41:43 --> File loaded: /apps/web-drc/application/views/templates/default.php
INFO - 2024-12-25 20:41:43 --> Final output sent to browser
DEBUG - 2024-12-25 20:41:43 --> Total execution time: 0.0070
INFO - 2024-12-25 20:41:43 --> Config Class Initialized
INFO - 2024-12-25 20:41:43 --> Hooks Class Initialized
DEBUG - 2024-12-25 20:41:43 --> UTF-8 Support Enabled
INFO - 2024-12-25 20:41:43 --> Utf8 Class Initialized
INFO - 2024-12-25 20:41:43 --> URI Class Initialized
INFO - 2024-12-25 20:41:43 --> Router Class Initialized
INFO - 2024-12-25 20:41:43 --> Output Class Initialized
INFO - 2024-12-25 20:41:43 --> Security Class Initialized
DEBUG - 2024-12-25 20:41:43 --> Global POST, GET and COOKIE data sanitized
INFO - 2024-12-25 20:41:43 --> Input Class Initialized
INFO - 2024-12-25 20:41:43 --> Language Class Initialized
ERROR - 2024-12-25 20:41:43 --> 404 Page Not Found: /index
INFO - 2024-12-25 20:41:43 --> Config Class Initialized
INFO - 2024-12-25 20:41:43 --> Hooks Class Initialized
DEBUG - 2024-12-25 20:41:43 --> UTF-8 Support Enabled
INFO - 2024-12-25 20:41:43 --> Utf8 Class Initialized
INFO - 2024-12-25 20:41:43 --> URI Class Initialized
INFO - 2024-12-25 20:41:43 --> Router Class Initialized
INFO - 2024-12-25 20:41:43 --> Output Class Initialized
INFO - 2024-12-25 20:41:43 --> Security Class Initialized
DEBUG - 2024-12-25 20:41:43 --> Global POST, GET and COOKIE data sanitized
INFO - 2024-12-25 20:41:43 --> Input Class Initialized
INFO - 2024-12-25 20:41:43 --> Language Class Initialized
INFO - 2024-12-25 20:41:43 --> Language Class Initialized
INFO - 2024-12-25 20:41:43 --> Config Class Initialized
INFO - 2024-12-25 20:41:43 --> Loader Class Initialized
INFO - 2024-12-25 20:41:43 --> Helper loaded: url_helper
INFO - 2024-12-25 20:41:43 --> Helper loaded: easyui_helper
INFO - 2024-12-25 20:41:43 --> Helper loaded: param_helper
INFO - 2024-12-25 20:41:43 --> Helper loaded: credential_helper
INFO - 2024-12-25 20:41:43 --> Helper loaded: template_helper
INFO - 2024-12-25 20:41:43 --> Helper loaded: rest_helper
INFO - 2024-12-25 20:41:43 --> Database Driver Class Initialized
DEBUG - 2024-12-25 20:41:43 --> Idgenerator class already loaded. Second attempt ignored.
INFO - 2024-12-25 20:41:43 --> Controller Class Initialized
INFO - 2024-12-25 20:41:43 --> Model Class Initialized
DEBUG - 2024-12-25 20:41:43 --> File loaded: /apps/web-drc/application/modules/app_dashboard/models/App_dashboard_model.php
INFO - 2024-12-25 20:41:43 --> Model Class Initialized
INFO - 2024-12-25 20:41:43 --> Final output sent to browser
DEBUG - 2024-12-25 20:41:43 --> Total execution time: 0.0127
INFO - 2024-12-25 20:41:43 --> Config Class Initialized
INFO - 2024-12-25 20:41:43 --> Hooks Class Initialized
DEBUG - 2024-12-25 20:41:43 --> UTF-8 Support Enabled
INFO - 2024-12-25 20:41:43 --> Utf8 Class Initialized
INFO - 2024-12-25 20:41:43 --> URI Class Initialized
INFO - 2024-12-25 20:41:43 --> Router Class Initialized
INFO - 2024-12-25 20:41:43 --> Output Class Initialized
INFO - 2024-12-25 20:41:43 --> Security Class Initialized
DEBUG - 2024-12-25 20:41:43 --> Global POST, GET and COOKIE data sanitized
INFO - 2024-12-25 20:41:43 --> Input Class Initialized
INFO - 2024-12-25 20:41:43 --> Language Class Initialized
INFO - 2024-12-25 20:41:43 --> Language Class Initialized
INFO - 2024-12-25 20:41:43 --> Config Class Initialized
INFO - 2024-12-25 20:41:43 --> Loader Class Initialized
INFO - 2024-12-25 20:41:43 --> Helper loaded: url_helper
INFO - 2024-12-25 20:41:43 --> Helper loaded: easyui_helper
INFO - 2024-12-25 20:41:43 --> Helper loaded: param_helper
INFO - 2024-12-25 20:41:43 --> Helper loaded: credential_helper
INFO - 2024-12-25 20:41:43 --> Helper loaded: template_helper
INFO - 2024-12-25 20:41:43 --> Helper loaded: rest_helper
INFO - 2024-12-25 20:41:43 --> Database Driver Class Initialized
DEBUG - 2024-12-25 20:41:43 --> Idgenerator class already loaded. Second attempt ignored.
INFO - 2024-12-25 20:41:43 --> Controller Class Initialized
INFO - 2024-12-25 20:41:43 --> Model Class Initialized
DEBUG - 2024-12-25 20:41:43 --> File loaded: /apps/web-drc/application/modules/api_v1/models/Api_v1_model.php
INFO - 2024-12-25 20:41:43 --> Model Class Initialized
INFO - 2024-12-25 20:41:43 --> Final output sent to browser
DEBUG - 2024-12-25 20:41:43 --> Total execution time: 0.0032
INFO - 2024-12-25 20:41:51 --> Config Class Initialized
INFO - 2024-12-25 20:41:51 --> Hooks Class Initialized
DEBUG - 2024-12-25 20:41:51 --> UTF-8 Support Enabled
INFO - 2024-12-25 20:41:51 --> Utf8 Class Initialized
INFO - 2024-12-25 20:41:51 --> URI Class Initialized
INFO - 2024-12-25 20:41:51 --> Router Class Initialized
INFO - 2024-12-25 20:41:51 --> Output Class Initialized
INFO - 2024-12-25 20:41:51 --> Security Class Initialized
DEBUG - 2024-12-25 20:41:51 --> Global POST, GET and COOKIE data sanitized
INFO - 2024-12-25 20:41:51 --> Input Class Initialized
INFO - 2024-12-25 20:41:51 --> Language Class Initialized
INFO - 2024-12-25 20:41:51 --> Language Class Initialized
INFO - 2024-12-25 20:41:51 --> Config Class Initialized
INFO - 2024-12-25 20:41:51 --> Loader Class Initialized
INFO - 2024-12-25 20:41:51 --> Helper loaded: url_helper
INFO - 2024-12-25 20:41:51 --> Helper loaded: easyui_helper
INFO - 2024-12-25 20:41:51 --> Helper loaded: param_helper
INFO - 2024-12-25 20:41:51 --> Helper loaded: credential_helper
INFO - 2024-12-25 20:41:51 --> Helper loaded: template_helper
INFO - 2024-12-25 20:41:51 --> Helper loaded: rest_helper
INFO - 2024-12-25 20:41:51 --> Database Driver Class Initialized
DEBUG - 2024-12-25 20:41:51 --> Idgenerator class already loaded. Second attempt ignored.
INFO - 2024-12-25 20:41:51 --> Controller Class Initialized
INFO - 2024-12-25 20:41:51 --> Model Class Initialized
DEBUG - 2024-12-25 20:41:51 --> File loaded: /apps/web-drc/application/modules/mapping_promo_active/models/Promo_active_model.php
INFO - 2024-12-25 20:41:51 --> Model Class Initialized
DEBUG - 2024-12-25 20:41:51 --> File loaded: /apps/web-drc/application/modules/mapping_promo_active/views/content.php
DEBUG - 2024-12-25 20:41:51 --> File loaded: /apps/web-drc/application/views/templates/header.php
DEBUG - 2024-12-25 20:41:51 --> File loaded: /apps/web-drc/application/views/templates/toolbar.php
DEBUG - 2024-12-25 20:41:51 --> File loaded: /apps/web-drc/application/views/templates/sidebar.php
DEBUG - 2024-12-25 20:41:51 --> File loaded: /apps/web-drc/application/views/templates/contents.php
DEBUG - 2024-12-25 20:41:51 --> File loaded: /apps/web-drc/application/views/templates/content_footer.php
DEBUG - 2024-12-25 20:41:51 --> File loaded: /apps/web-drc/application/views/templates/footer.php
DEBUG - 2024-12-25 20:41:51 --> File loaded: /apps/web-drc/application/views/templates/default.php
INFO - 2024-12-25 20:41:51 --> Final output sent to browser
DEBUG - 2024-12-25 20:41:51 --> Total execution time: 0.0090
INFO - 2024-12-25 20:41:52 --> Config Class Initialized
INFO - 2024-12-25 20:41:52 --> Hooks Class Initialized
DEBUG - 2024-12-25 20:41:52 --> UTF-8 Support Enabled
INFO - 2024-12-25 20:41:52 --> Utf8 Class Initialized
INFO - 2024-12-25 20:41:52 --> URI Class Initialized
INFO - 2024-12-25 20:41:52 --> Router Class Initialized
INFO - 2024-12-25 20:41:52 --> Output Class Initialized
INFO - 2024-12-25 20:41:52 --> Security Class Initialized
DEBUG - 2024-12-25 20:41:52 --> Global POST, GET and COOKIE data sanitized
INFO - 2024-12-25 20:41:52 --> Input Class Initialized
INFO - 2024-12-25 20:41:52 --> Language Class Initialized
ERROR - 2024-12-25 20:41:52 --> 404 Page Not Found: /index
INFO - 2024-12-25 20:41:52 --> Config Class Initialized
INFO - 2024-12-25 20:41:52 --> Hooks Class Initialized
DEBUG - 2024-12-25 20:41:52 --> UTF-8 Support Enabled
INFO - 2024-12-25 20:41:52 --> Utf8 Class Initialized
INFO - 2024-12-25 20:41:52 --> URI Class Initialized
INFO - 2024-12-25 20:41:52 --> Router Class Initialized
INFO - 2024-12-25 20:41:52 --> Output Class Initialized
INFO - 2024-12-25 20:41:52 --> Security Class Initialized
DEBUG - 2024-12-25 20:41:52 --> Global POST, GET and COOKIE data sanitized
INFO - 2024-12-25 20:41:52 --> Input Class Initialized
INFO - 2024-12-25 20:41:52 --> Language Class Initialized
INFO - 2024-12-25 20:41:52 --> Language Class Initialized
INFO - 2024-12-25 20:41:52 --> Config Class Initialized
INFO - 2024-12-25 20:41:52 --> Loader Class Initialized
INFO - 2024-12-25 20:41:52 --> Helper loaded: url_helper
INFO - 2024-12-25 20:41:52 --> Helper loaded: easyui_helper
INFO - 2024-12-25 20:41:52 --> Helper loaded: param_helper
INFO - 2024-12-25 20:41:52 --> Helper loaded: credential_helper
INFO - 2024-12-25 20:41:52 --> Helper loaded: template_helper
INFO - 2024-12-25 20:41:52 --> Helper loaded: rest_helper
INFO - 2024-12-25 20:41:52 --> Database Driver Class Initialized
DEBUG - 2024-12-25 20:41:52 --> Idgenerator class already loaded. Second attempt ignored.
INFO - 2024-12-25 20:41:52 --> Controller Class Initialized
INFO - 2024-12-25 20:41:52 --> Model Class Initialized
DEBUG - 2024-12-25 20:41:52 --> File loaded: /apps/web-drc/application/modules/mapping_promo_active/models/Promo_active_model.php
INFO - 2024-12-25 20:41:52 --> Model Class Initialized
INFO - 2024-12-25 20:41:52 --> Final output sent to browser
DEBUG - 2024-12-25 20:41:52 --> Total execution time: 0.0046
INFO - 2024-12-25 20:41:55 --> Config Class Initialized
INFO - 2024-12-25 20:41:55 --> Hooks Class Initialized
DEBUG - 2024-12-25 20:41:55 --> UTF-8 Support Enabled
INFO - 2024-12-25 20:41:55 --> Utf8 Class Initialized
INFO - 2024-12-25 20:41:55 --> URI Class Initialized
INFO - 2024-12-25 20:41:55 --> Router Class Initialized
INFO - 2024-12-25 20:41:55 --> Output Class Initialized
INFO - 2024-12-25 20:41:55 --> Security Class Initialized
DEBUG - 2024-12-25 20:41:55 --> Global POST, GET and COOKIE data sanitized
INFO - 2024-12-25 20:41:55 --> Input Class Initialized
INFO - 2024-12-25 20:41:55 --> Language Class Initialized
INFO - 2024-12-25 20:41:55 --> Language Class Initialized
INFO - 2024-12-25 20:41:55 --> Config Class Initialized
INFO - 2024-12-25 20:41:55 --> Loader Class Initialized
INFO - 2024-12-25 20:41:55 --> Helper loaded: url_helper
INFO - 2024-12-25 20:41:55 --> Helper loaded: easyui_helper
INFO - 2024-12-25 20:41:55 --> Helper loaded: param_helper
INFO - 2024-12-25 20:41:55 --> Helper loaded: credential_helper
INFO - 2024-12-25 20:41:55 --> Helper loaded: template_helper
INFO - 2024-12-25 20:41:55 --> Helper loaded: rest_helper
INFO - 2024-12-25 20:41:55 --> Database Driver Class Initialized
DEBUG - 2024-12-25 20:41:55 --> Idgenerator class already loaded. Second attempt ignored.
INFO - 2024-12-25 20:41:55 --> Controller Class Initialized
INFO - 2024-12-25 20:41:55 --> Model Class Initialized
DEBUG - 2024-12-25 20:41:55 --> File loaded: /apps/web-drc/application/modules/mapping_promo_active/models/Promo_active_model.php
INFO - 2024-12-25 20:41:55 --> Model Class Initialized
INFO - 2024-12-25 20:41:55 --> Final output sent to browser
DEBUG - 2024-12-25 20:41:55 --> Total execution time: 0.0128
INFO - 2024-12-25 20:41:56 --> Config Class Initialized
INFO - 2024-12-25 20:41:56 --> Hooks Class Initialized
DEBUG - 2024-12-25 20:41:56 --> UTF-8 Support Enabled
INFO - 2024-12-25 20:41:56 --> Utf8 Class Initialized
INFO - 2024-12-25 20:41:56 --> URI Class Initialized
INFO - 2024-12-25 20:41:56 --> Router Class Initialized
INFO - 2024-12-25 20:41:56 --> Output Class Initialized
INFO - 2024-12-25 20:41:56 --> Security Class Initialized
DEBUG - 2024-12-25 20:41:56 --> Global POST, GET and COOKIE data sanitized
INFO - 2024-12-25 20:41:56 --> Input Class Initialized
INFO - 2024-12-25 20:41:56 --> Language Class Initialized
INFO - 2024-12-25 20:41:56 --> Language Class Initialized
INFO - 2024-12-25 20:41:56 --> Config Class Initialized
INFO - 2024-12-25 20:41:56 --> Loader Class Initialized
INFO - 2024-12-25 20:41:56 --> Helper loaded: url_helper
INFO - 2024-12-25 20:41:56 --> Helper loaded: easyui_helper
INFO - 2024-12-25 20:41:56 --> Helper loaded: param_helper
INFO - 2024-12-25 20:41:56 --> Helper loaded: credential_helper
INFO - 2024-12-25 20:41:56 --> Helper loaded: template_helper
INFO - 2024-12-25 20:41:56 --> Helper loaded: rest_helper
INFO - 2024-12-25 20:41:56 --> Database Driver Class Initialized
DEBUG - 2024-12-25 20:41:56 --> Idgenerator class already loaded. Second attempt ignored.
INFO - 2024-12-25 20:41:56 --> Controller Class Initialized
INFO - 2024-12-25 20:41:56 --> Model Class Initialized
DEBUG - 2024-12-25 20:41:56 --> File loaded: /apps/web-drc/application/modules/mapping_promo_active/models/Promo_active_model.php
INFO - 2024-12-25 20:41:56 --> Model Class Initialized
DEBUG - 2024-12-25 20:41:56 --> File loaded: /apps/web-drc/application/modules/mapping_promo_active/views/form.php
DEBUG - 2024-12-25 20:41:56 --> File loaded: /apps/web-drc/application/views/templates/header.php
DEBUG - 2024-12-25 20:41:56 --> File loaded: /apps/web-drc/application/views/templates/toolbar.php
DEBUG - 2024-12-25 20:41:56 --> File loaded: /apps/web-drc/application/views/templates/sidebar.php
DEBUG - 2024-12-25 20:41:56 --> File loaded: /apps/web-drc/application/views/templates/contents.php
DEBUG - 2024-12-25 20:41:56 --> File loaded: /apps/web-drc/application/views/templates/content_footer.php
DEBUG - 2024-12-25 20:41:56 --> File loaded: /apps/web-drc/application/views/templates/footer.php
DEBUG - 2024-12-25 20:41:56 --> File loaded: /apps/web-drc/application/views/templates/default.php
INFO - 2024-12-25 20:41:56 --> Final output sent to browser
DEBUG - 2024-12-25 20:41:56 --> Total execution time: 0.0071
INFO - 2024-12-25 20:41:57 --> Config Class Initialized
INFO - 2024-12-25 20:41:57 --> Hooks Class Initialized
DEBUG - 2024-12-25 20:41:57 --> UTF-8 Support Enabled
INFO - 2024-12-25 20:41:57 --> Utf8 Class Initialized
INFO - 2024-12-25 20:41:57 --> URI Class Initialized
INFO - 2024-12-25 20:41:57 --> Router Class Initialized
INFO - 2024-12-25 20:41:57 --> Output Class Initialized
INFO - 2024-12-25 20:41:57 --> Security Class Initialized
DEBUG - 2024-12-25 20:41:57 --> Global POST, GET and COOKIE data sanitized
INFO - 2024-12-25 20:41:57 --> Input Class Initialized
INFO - 2024-12-25 20:41:57 --> Language Class Initialized
ERROR - 2024-12-25 20:41:57 --> 404 Page Not Found: /index
INFO - 2024-12-25 20:41:57 --> Config Class Initialized
INFO - 2024-12-25 20:41:57 --> Hooks Class Initialized
DEBUG - 2024-12-25 20:41:57 --> UTF-8 Support Enabled
INFO - 2024-12-25 20:41:57 --> Utf8 Class Initialized
INFO - 2024-12-25 20:41:57 --> URI Class Initialized
INFO - 2024-12-25 20:41:57 --> Router Class Initialized
INFO - 2024-12-25 20:41:57 --> Output Class Initialized
INFO - 2024-12-25 20:41:57 --> Security Class Initialized
DEBUG - 2024-12-25 20:41:57 --> Global POST, GET and COOKIE data sanitized
INFO - 2024-12-25 20:41:57 --> Input Class Initialized
INFO - 2024-12-25 20:41:57 --> Language Class Initialized
INFO - 2024-12-25 20:41:57 --> Language Class Initialized
INFO - 2024-12-25 20:41:57 --> Config Class Initialized
INFO - 2024-12-25 20:41:57 --> Loader Class Initialized
INFO - 2024-12-25 20:41:57 --> Helper loaded: url_helper
INFO - 2024-12-25 20:41:57 --> Helper loaded: easyui_helper
INFO - 2024-12-25 20:41:57 --> Helper loaded: param_helper
INFO - 2024-12-25 20:41:57 --> Helper loaded: credential_helper
INFO - 2024-12-25 20:41:57 --> Helper loaded: template_helper
INFO - 2024-12-25 20:41:57 --> Helper loaded: rest_helper
INFO - 2024-12-25 20:41:57 --> Database Driver Class Initialized
DEBUG - 2024-12-25 20:41:57 --> Idgenerator class already loaded. Second attempt ignored.
INFO - 2024-12-25 20:41:57 --> Controller Class Initialized
INFO - 2024-12-25 20:41:57 --> Model Class Initialized
DEBUG - 2024-12-25 20:41:57 --> File loaded: /apps/web-drc/application/modules/api_v1/models/Api_v1_model.php
INFO - 2024-12-25 20:41:57 --> Model Class Initialized
INFO - 2024-12-25 20:41:57 --> Final output sent to browser
DEBUG - 2024-12-25 20:41:57 --> Total execution time: 0.0039
INFO - 2024-12-25 20:41:57 --> Config Class Initialized
INFO - 2024-12-25 20:41:57 --> Hooks Class Initialized
DEBUG - 2024-12-25 20:41:57 --> UTF-8 Support Enabled
INFO - 2024-12-25 20:41:57 --> Utf8 Class Initialized
INFO - 2024-12-25 20:41:57 --> URI Class Initialized
INFO - 2024-12-25 20:41:57 --> Router Class Initialized
INFO - 2024-12-25 20:41:57 --> Output Class Initialized
INFO - 2024-12-25 20:41:57 --> Security Class Initialized
DEBUG - 2024-12-25 20:41:57 --> Global POST, GET and COOKIE data sanitized
INFO - 2024-12-25 20:41:57 --> Input Class Initialized
INFO - 2024-12-25 20:41:57 --> Language Class Initialized
INFO - 2024-12-25 20:41:57 --> Language Class Initialized
INFO - 2024-12-25 20:41:57 --> Config Class Initialized
INFO - 2024-12-25 20:41:57 --> Loader Class Initialized
INFO - 2024-12-25 20:41:57 --> Helper loaded: url_helper
INFO - 2024-12-25 20:41:57 --> Helper loaded: easyui_helper
INFO - 2024-12-25 20:41:57 --> Helper loaded: param_helper
INFO - 2024-12-25 20:41:57 --> Helper loaded: credential_helper
INFO - 2024-12-25 20:41:57 --> Helper loaded: template_helper
INFO - 2024-12-25 20:41:57 --> Helper loaded: rest_helper
INFO - 2024-12-25 20:41:57 --> Database Driver Class Initialized
DEBUG - 2024-12-25 20:41:57 --> Idgenerator class already loaded. Second attempt ignored.
INFO - 2024-12-25 20:41:57 --> Controller Class Initialized
INFO - 2024-12-25 20:41:57 --> Model Class Initialized
DEBUG - 2024-12-25 20:41:57 --> File loaded: /apps/web-drc/application/modules/api_v1/models/Api_v1_model.php
INFO - 2024-12-25 20:41:57 --> Model Class Initialized
INFO - 2024-12-25 20:41:57 --> Final output sent to browser
DEBUG - 2024-12-25 20:41:57 --> Total execution time: 0.0047
INFO - 2024-12-25 20:41:57 --> Config Class Initialized
INFO - 2024-12-25 20:41:57 --> Hooks Class Initialized
DEBUG - 2024-12-25 20:41:57 --> UTF-8 Support Enabled
INFO - 2024-12-25 20:41:57 --> Utf8 Class Initialized
INFO - 2024-12-25 20:41:57 --> URI Class Initialized
INFO - 2024-12-25 20:41:57 --> Router Class Initialized
INFO - 2024-12-25 20:41:57 --> Output Class Initialized
INFO - 2024-12-25 20:41:57 --> Security Class Initialized
DEBUG - 2024-12-25 20:41:57 --> Global POST, GET and COOKIE data sanitized
INFO - 2024-12-25 20:41:57 --> Input Class Initialized
INFO - 2024-12-25 20:41:57 --> Language Class Initialized
INFO - 2024-12-25 20:41:57 --> Language Class Initialized
INFO - 2024-12-25 20:41:57 --> Config Class Initialized
INFO - 2024-12-25 20:41:57 --> Loader Class Initialized
INFO - 2024-12-25 20:41:57 --> Helper loaded: url_helper
INFO - 2024-12-25 20:41:57 --> Helper loaded: easyui_helper
INFO - 2024-12-25 20:41:57 --> Helper loaded: param_helper
INFO - 2024-12-25 20:41:57 --> Helper loaded: credential_helper
INFO - 2024-12-25 20:41:57 --> Helper loaded: template_helper
INFO - 2024-12-25 20:41:57 --> Helper loaded: rest_helper
INFO - 2024-12-25 20:41:57 --> Database Driver Class Initialized
DEBUG - 2024-12-25 20:41:57 --> Idgenerator class already loaded. Second attempt ignored.
INFO - 2024-12-25 20:41:57 --> Controller Class Initialized
INFO - 2024-12-25 20:41:57 --> Model Class Initialized
DEBUG - 2024-12-25 20:41:57 --> File loaded: /apps/web-drc/application/modules/ref_customer_class/models/Customer_class_model.php
INFO - 2024-12-25 20:41:57 --> Model Class Initialized
INFO - 2024-12-25 20:41:57 --> Final output sent to browser
DEBUG - 2024-12-25 20:41:57 --> Total execution time: 0.0033
INFO - 2024-12-25 20:42:24 --> Config Class Initialized
INFO - 2024-12-25 20:42:24 --> Hooks Class Initialized
DEBUG - 2024-12-25 20:42:24 --> UTF-8 Support Enabled
INFO - 2024-12-25 20:42:24 --> Utf8 Class Initialized
INFO - 2024-12-25 20:42:24 --> URI Class Initialized
INFO - 2024-12-25 20:42:24 --> Router Class Initialized
INFO - 2024-12-25 20:42:24 --> Output Class Initialized
INFO - 2024-12-25 20:42:24 --> Security Class Initialized
DEBUG - 2024-12-25 20:42:24 --> Global POST, GET and COOKIE data sanitized
INFO - 2024-12-25 20:42:24 --> Input Class Initialized
INFO - 2024-12-25 20:42:24 --> Language Class Initialized
INFO - 2024-12-25 20:42:24 --> Language Class Initialized
INFO - 2024-12-25 20:42:24 --> Config Class Initialized
INFO - 2024-12-25 20:42:24 --> Loader Class Initialized
INFO - 2024-12-25 20:42:24 --> Helper loaded: url_helper
INFO - 2024-12-25 20:42:24 --> Helper loaded: easyui_helper
INFO - 2024-12-25 20:42:24 --> Helper loaded: param_helper
INFO - 2024-12-25 20:42:24 --> Helper loaded: credential_helper
INFO - 2024-12-25 20:42:24 --> Helper loaded: template_helper
INFO - 2024-12-25 20:42:24 --> Helper loaded: rest_helper
INFO - 2024-12-25 20:42:24 --> Database Driver Class Initialized
DEBUG - 2024-12-25 20:42:24 --> Idgenerator class already loaded. Second attempt ignored.
INFO - 2024-12-25 20:42:24 --> Controller Class Initialized
INFO - 2024-12-25 20:42:24 --> Model Class Initialized
DEBUG - 2024-12-25 20:42:24 --> File loaded: /apps/web-drc/application/modules/mapping_promo_active/models/Promo_active_model.php
INFO - 2024-12-25 20:42:24 --> Model Class Initialized
ERROR - 2024-12-25 20:42:24 --> Cache: Failed to initialize APC; extension not loaded/enabled?
INFO - 2024-12-25 20:42:24 --> Helper loaded: file_helper
ERROR - 2024-12-25 20:42:24 --> Cache adapter "apc" and backup "file" are both unavailable. Cache is now using "Dummy" adapter.
ERROR - 2024-12-25 20:42:24 --> Severity: Warning --> fopen(/apps/web-drc/resource/files/lock/lock.txt): failed to open stream: Permission denied /apps/web-drc/application/libraries/IDGenerator.php 30
ERROR - 2024-12-25 20:42:24 --> Severity: Warning --> flock() expects parameter 1 to be resource, bool given /apps/web-drc/application/libraries/IDGenerator.php 31
ERROR - 2024-12-25 20:42:24 --> Severity: Warning --> fclose() expects parameter 1 to be resource, bool given /apps/web-drc/application/libraries/IDGenerator.php 67
ERROR - 2024-12-25 20:42:24 --> Query error: Column 'idpromo' cannot be null - Invalid query: INSERT INTO `mapping_promo_product` (`idpromo`, `productid`) VALUES (NULL, 'AC05')
ERROR - 2024-12-25 20:42:24 --> Query error: Column 'idpromo' cannot be null - Invalid query: INSERT INTO `mapping_promo_product` (`idpromo`, `productid`) VALUES (NULL, 'NVTB60ML')
ERROR - 2024-12-25 20:42:24 --> Query error: Column 'idpromo' cannot be null - Invalid query: INSERT INTO `mapping_promo_product` (`idpromo`, `productid`) VALUES (NULL, 'NVTE60ML')
INFO - 2024-12-25 20:42:24 --> Final output sent to browser
DEBUG - 2024-12-25 20:42:24 --> Total execution time: 0.0052
INFO - 2024-12-25 20:42:30 --> Config Class Initialized
INFO - 2024-12-25 20:42:30 --> Hooks Class Initialized
DEBUG - 2024-12-25 20:42:30 --> UTF-8 Support Enabled
INFO - 2024-12-25 20:42:30 --> Utf8 Class Initialized
INFO - 2024-12-25 20:42:30 --> URI Class Initialized
INFO - 2024-12-25 20:42:30 --> Router Class Initialized
INFO - 2024-12-25 20:42:30 --> Output Class Initialized
INFO - 2024-12-25 20:42:30 --> Security Class Initialized
DEBUG - 2024-12-25 20:42:30 --> Global POST, GET and COOKIE data sanitized
INFO - 2024-12-25 20:42:30 --> Input Class Initialized
INFO - 2024-12-25 20:42:30 --> Language Class Initialized
INFO - 2024-12-25 20:42:30 --> Language Class Initialized
INFO - 2024-12-25 20:42:30 --> Config Class Initialized
INFO - 2024-12-25 20:42:30 --> Loader Class Initialized
INFO - 2024-12-25 20:42:30 --> Helper loaded: url_helper
INFO - 2024-12-25 20:42:30 --> Helper loaded: easyui_helper
INFO - 2024-12-25 20:42:30 --> Helper loaded: param_helper
INFO - 2024-12-25 20:42:30 --> Helper loaded: credential_helper
INFO - 2024-12-25 20:42:30 --> Helper loaded: template_helper
INFO - 2024-12-25 20:42:30 --> Helper loaded: rest_helper
INFO - 2024-12-25 20:42:30 --> Database Driver Class Initialized
DEBUG - 2024-12-25 20:42:30 --> Idgenerator class already loaded. Second attempt ignored.
INFO - 2024-12-25 20:42:30 --> Controller Class Initialized
INFO - 2024-12-25 20:42:30 --> Model Class Initialized
DEBUG - 2024-12-25 20:42:30 --> File loaded: /apps/web-drc/application/modules/mapping_promo_active/models/Promo_active_model.php
INFO - 2024-12-25 20:42:30 --> Model Class Initialized
DEBUG - 2024-12-25 20:42:30 --> File loaded: /apps/web-drc/application/modules/mapping_promo_active/views/content.php
DEBUG - 2024-12-25 20:42:30 --> File loaded: /apps/web-drc/application/views/templates/header.php
DEBUG - 2024-12-25 20:42:30 --> File loaded: /apps/web-drc/application/views/templates/toolbar.php
DEBUG - 2024-12-25 20:42:30 --> File loaded: /apps/web-drc/application/views/templates/sidebar.php
DEBUG - 2024-12-25 20:42:30 --> File loaded: /apps/web-drc/application/views/templates/contents.php
DEBUG - 2024-12-25 20:42:30 --> File loaded: /apps/web-drc/application/views/templates/content_footer.php
DEBUG - 2024-12-25 20:42:30 --> File loaded: /apps/web-drc/application/views/templates/footer.php
DEBUG - 2024-12-25 20:42:30 --> File loaded: /apps/web-drc/application/views/templates/default.php
INFO - 2024-12-25 20:42:30 --> Final output sent to browser
DEBUG - 2024-12-25 20:42:30 --> Total execution time: 0.0067
INFO - 2024-12-25 20:42:30 --> Config Class Initialized
INFO - 2024-12-25 20:42:30 --> Hooks Class Initialized
DEBUG - 2024-12-25 20:42:30 --> UTF-8 Support Enabled
INFO - 2024-12-25 20:42:30 --> Utf8 Class Initialized
INFO - 2024-12-25 20:42:30 --> URI Class Initialized
INFO - 2024-12-25 20:42:30 --> Router Class Initialized
INFO - 2024-12-25 20:42:30 --> Output Class Initialized
INFO - 2024-12-25 20:42:30 --> Security Class Initialized
DEBUG - 2024-12-25 20:42:30 --> Global POST, GET and COOKIE data sanitized
INFO - 2024-12-25 20:42:30 --> Input Class Initialized
INFO - 2024-12-25 20:42:30 --> Language Class Initialized
ERROR - 2024-12-25 20:42:30 --> 404 Page Not Found: /index
INFO - 2024-12-25 20:42:30 --> Config Class Initialized
INFO - 2024-12-25 20:42:30 --> Hooks Class Initialized
DEBUG - 2024-12-25 20:42:30 --> UTF-8 Support Enabled
INFO - 2024-12-25 20:42:30 --> Utf8 Class Initialized
INFO - 2024-12-25 20:42:30 --> URI Class Initialized
INFO - 2024-12-25 20:42:30 --> Router Class Initialized
INFO - 2024-12-25 20:42:30 --> Output Class Initialized
INFO - 2024-12-25 20:42:30 --> Security Class Initialized
DEBUG - 2024-12-25 20:42:30 --> Global POST, GET and COOKIE data sanitized
INFO - 2024-12-25 20:42:30 --> Input Class Initialized
INFO - 2024-12-25 20:42:30 --> Language Class Initialized
INFO - 2024-12-25 20:42:30 --> Language Class Initialized
INFO - 2024-12-25 20:42:30 --> Config Class Initialized
INFO - 2024-12-25 20:42:30 --> Loader Class Initialized
INFO - 2024-12-25 20:42:30 --> Helper loaded: url_helper
INFO - 2024-12-25 20:42:30 --> Helper loaded: easyui_helper
INFO - 2024-12-25 20:42:30 --> Helper loaded: param_helper
INFO - 2024-12-25 20:42:30 --> Helper loaded: credential_helper
INFO - 2024-12-25 20:42:30 --> Helper loaded: template_helper
INFO - 2024-12-25 20:42:30 --> Helper loaded: rest_helper
INFO - 2024-12-25 20:42:30 --> Database Driver Class Initialized
DEBUG - 2024-12-25 20:42:30 --> Idgenerator class already loaded. Second attempt ignored.
INFO - 2024-12-25 20:42:30 --> Controller Class Initialized
INFO - 2024-12-25 20:42:30 --> Model Class Initialized
DEBUG - 2024-12-25 20:42:30 --> File loaded: /apps/web-drc/application/modules/mapping_promo_active/models/Promo_active_model.php
INFO - 2024-12-25 20:42:30 --> Model Class Initialized
INFO - 2024-12-25 20:42:30 --> Final output sent to browser
DEBUG - 2024-12-25 20:42:30 --> Total execution time: 0.0058
INFO - 2024-12-25 20:42:33 --> Config Class Initialized
INFO - 2024-12-25 20:42:33 --> Hooks Class Initialized
DEBUG - 2024-12-25 20:42:33 --> UTF-8 Support Enabled
INFO - 2024-12-25 20:42:33 --> Utf8 Class Initialized
INFO - 2024-12-25 20:42:33 --> URI Class Initialized
INFO - 2024-12-25 20:42:33 --> Router Class Initialized
INFO - 2024-12-25 20:42:33 --> Output Class Initialized
INFO - 2024-12-25 20:42:33 --> Security Class Initialized
DEBUG - 2024-12-25 20:42:33 --> Global POST, GET and COOKIE data sanitized
INFO - 2024-12-25 20:42:33 --> Input Class Initialized
INFO - 2024-12-25 20:42:33 --> Language Class Initialized
INFO - 2024-12-25 20:42:33 --> Language Class Initialized
INFO - 2024-12-25 20:42:33 --> Config Class Initialized
INFO - 2024-12-25 20:42:33 --> Loader Class Initialized
INFO - 2024-12-25 20:42:33 --> Helper loaded: url_helper
INFO - 2024-12-25 20:42:33 --> Helper loaded: easyui_helper
INFO - 2024-12-25 20:42:33 --> Helper loaded: param_helper
INFO - 2024-12-25 20:42:33 --> Helper loaded: credential_helper
INFO - 2024-12-25 20:42:33 --> Helper loaded: template_helper
INFO - 2024-12-25 20:42:33 --> Helper loaded: rest_helper
INFO - 2024-12-25 20:42:33 --> Database Driver Class Initialized
DEBUG - 2024-12-25 20:42:33 --> Idgenerator class already loaded. Second attempt ignored.
INFO - 2024-12-25 20:42:33 --> Controller Class Initialized
INFO - 2024-12-25 20:42:33 --> Model Class Initialized
DEBUG - 2024-12-25 20:42:33 --> File loaded: /apps/web-drc/application/modules/mapping_promo_active/models/Promo_active_model.php
INFO - 2024-12-25 20:42:33 --> Model Class Initialized
INFO - 2024-12-25 20:42:33 --> Final output sent to browser
DEBUG - 2024-12-25 20:42:33 --> Total execution time: 0.0130
INFO - 2024-12-25 20:42:38 --> Config Class Initialized
INFO - 2024-12-25 20:42:38 --> Hooks Class Initialized
DEBUG - 2024-12-25 20:42:38 --> UTF-8 Support Enabled
INFO - 2024-12-25 20:42:38 --> Utf8 Class Initialized
INFO - 2024-12-25 20:42:38 --> URI Class Initialized
INFO - 2024-12-25 20:42:38 --> Router Class Initialized
INFO - 2024-12-25 20:42:38 --> Output Class Initialized
INFO - 2024-12-25 20:42:38 --> Security Class Initialized
DEBUG - 2024-12-25 20:42:38 --> Global POST, GET and COOKIE data sanitized
INFO - 2024-12-25 20:42:38 --> Input Class Initialized
INFO - 2024-12-25 20:42:38 --> Language Class Initialized
INFO - 2024-12-25 20:42:38 --> Language Class Initialized
INFO - 2024-12-25 20:42:38 --> Config Class Initialized
INFO - 2024-12-25 20:42:38 --> Loader Class Initialized
INFO - 2024-12-25 20:42:38 --> Helper loaded: url_helper
INFO - 2024-12-25 20:42:38 --> Helper loaded: easyui_helper
INFO - 2024-12-25 20:42:38 --> Helper loaded: param_helper
INFO - 2024-12-25 20:42:38 --> Helper loaded: credential_helper
INFO - 2024-12-25 20:42:38 --> Helper loaded: template_helper
INFO - 2024-12-25 20:42:38 --> Helper loaded: rest_helper
INFO - 2024-12-25 20:42:38 --> Database Driver Class Initialized
DEBUG - 2024-12-25 20:42:38 --> Idgenerator class already loaded. Second attempt ignored.
INFO - 2024-12-25 20:42:38 --> Controller Class Initialized
INFO - 2024-12-25 20:42:38 --> Model Class Initialized
DEBUG - 2024-12-25 20:42:38 --> File loaded: /apps/web-drc/application/modules/mapping_promo_active/models/Promo_active_model.php
INFO - 2024-12-25 20:42:38 --> Model Class Initialized
DEBUG - 2024-12-25 20:42:38 --> File loaded: /apps/web-drc/application/modules/mapping_promo_active/views/form.php
DEBUG - 2024-12-25 20:42:38 --> File loaded: /apps/web-drc/application/views/templates/header.php
DEBUG - 2024-12-25 20:42:38 --> File loaded: /apps/web-drc/application/views/templates/toolbar.php
DEBUG - 2024-12-25 20:42:38 --> File loaded: /apps/web-drc/application/views/templates/sidebar.php
DEBUG - 2024-12-25 20:42:38 --> File loaded: /apps/web-drc/application/views/templates/contents.php
DEBUG - 2024-12-25 20:42:38 --> File loaded: /apps/web-drc/application/views/templates/content_footer.php
DEBUG - 2024-12-25 20:42:38 --> File loaded: /apps/web-drc/application/views/templates/footer.php
DEBUG - 2024-12-25 20:42:38 --> File loaded: /apps/web-drc/application/views/templates/default.php
INFO - 2024-12-25 20:42:38 --> Final output sent to browser
DEBUG - 2024-12-25 20:42:38 --> Total execution time: 0.0065
INFO - 2024-12-25 20:42:38 --> Config Class Initialized
INFO - 2024-12-25 20:42:38 --> Hooks Class Initialized
DEBUG - 2024-12-25 20:42:38 --> UTF-8 Support Enabled
INFO - 2024-12-25 20:42:38 --> Utf8 Class Initialized
INFO - 2024-12-25 20:42:38 --> URI Class Initialized
INFO - 2024-12-25 20:42:38 --> Router Class Initialized
INFO - 2024-12-25 20:42:38 --> Output Class Initialized
INFO - 2024-12-25 20:42:38 --> Security Class Initialized
DEBUG - 2024-12-25 20:42:38 --> Global POST, GET and COOKIE data sanitized
INFO - 2024-12-25 20:42:38 --> Input Class Initialized
INFO - 2024-12-25 20:42:38 --> Language Class Initialized
ERROR - 2024-12-25 20:42:38 --> 404 Page Not Found: /index
INFO - 2024-12-25 20:42:38 --> Config Class Initialized
INFO - 2024-12-25 20:42:38 --> Hooks Class Initialized
DEBUG - 2024-12-25 20:42:38 --> UTF-8 Support Enabled
INFO - 2024-12-25 20:42:38 --> Utf8 Class Initialized
INFO - 2024-12-25 20:42:38 --> URI Class Initialized
INFO - 2024-12-25 20:42:38 --> Router Class Initialized
INFO - 2024-12-25 20:42:38 --> Output Class Initialized
INFO - 2024-12-25 20:42:38 --> Security Class Initialized
DEBUG - 2024-12-25 20:42:38 --> Global POST, GET and COOKIE data sanitized
INFO - 2024-12-25 20:42:38 --> Input Class Initialized
INFO - 2024-12-25 20:42:38 --> Language Class Initialized
INFO - 2024-12-25 20:42:38 --> Language Class Initialized
INFO - 2024-12-25 20:42:38 --> Config Class Initialized
INFO - 2024-12-25 20:42:38 --> Loader Class Initialized
INFO - 2024-12-25 20:42:38 --> Helper loaded: url_helper
INFO - 2024-12-25 20:42:38 --> Helper loaded: easyui_helper
INFO - 2024-12-25 20:42:38 --> Helper loaded: param_helper
INFO - 2024-12-25 20:42:38 --> Helper loaded: credential_helper
INFO - 2024-12-25 20:42:38 --> Helper loaded: template_helper
INFO - 2024-12-25 20:42:38 --> Helper loaded: rest_helper
INFO - 2024-12-25 20:42:38 --> Database Driver Class Initialized
DEBUG - 2024-12-25 20:42:38 --> Idgenerator class already loaded. Second attempt ignored.
INFO - 2024-12-25 20:42:38 --> Controller Class Initialized
INFO - 2024-12-25 20:42:38 --> Model Class Initialized
DEBUG - 2024-12-25 20:42:38 --> File loaded: /apps/web-drc/application/modules/api_v1/models/Api_v1_model.php
INFO - 2024-12-25 20:42:38 --> Model Class Initialized
INFO - 2024-12-25 20:42:38 --> Final output sent to browser
DEBUG - 2024-12-25 20:42:38 --> Total execution time: 0.0025
INFO - 2024-12-25 20:42:38 --> Config Class Initialized
INFO - 2024-12-25 20:42:38 --> Hooks Class Initialized
DEBUG - 2024-12-25 20:42:38 --> UTF-8 Support Enabled
INFO - 2024-12-25 20:42:38 --> Utf8 Class Initialized
INFO - 2024-12-25 20:42:38 --> URI Class Initialized
INFO - 2024-12-25 20:42:38 --> Router Class Initialized
INFO - 2024-12-25 20:42:38 --> Output Class Initialized
INFO - 2024-12-25 20:42:38 --> Security Class Initialized
DEBUG - 2024-12-25 20:42:38 --> Global POST, GET and COOKIE data sanitized
INFO - 2024-12-25 20:42:38 --> Input Class Initialized
INFO - 2024-12-25 20:42:38 --> Language Class Initialized
INFO - 2024-12-25 20:42:38 --> Language Class Initialized
INFO - 2024-12-25 20:42:38 --> Config Class Initialized
INFO - 2024-12-25 20:42:38 --> Loader Class Initialized
INFO - 2024-12-25 20:42:38 --> Helper loaded: url_helper
INFO - 2024-12-25 20:42:38 --> Helper loaded: easyui_helper
INFO - 2024-12-25 20:42:38 --> Helper loaded: param_helper
INFO - 2024-12-25 20:42:38 --> Helper loaded: credential_helper
INFO - 2024-12-25 20:42:38 --> Helper loaded: template_helper
INFO - 2024-12-25 20:42:38 --> Helper loaded: rest_helper
INFO - 2024-12-25 20:42:38 --> Database Driver Class Initialized
DEBUG - 2024-12-25 20:42:38 --> Idgenerator class already loaded. Second attempt ignored.
INFO - 2024-12-25 20:42:38 --> Controller Class Initialized
INFO - 2024-12-25 20:42:38 --> Model Class Initialized
DEBUG - 2024-12-25 20:42:38 --> File loaded: /apps/web-drc/application/modules/api_v1/models/Api_v1_model.php
INFO - 2024-12-25 20:42:38 --> Model Class Initialized
INFO - 2024-12-25 20:42:38 --> Final output sent to browser
DEBUG - 2024-12-25 20:42:38 --> Total execution time: 0.0036
INFO - 2024-12-25 20:42:38 --> Config Class Initialized
INFO - 2024-12-25 20:42:38 --> Hooks Class Initialized
DEBUG - 2024-12-25 20:42:38 --> UTF-8 Support Enabled
INFO - 2024-12-25 20:42:38 --> Utf8 Class Initialized
INFO - 2024-12-25 20:42:38 --> URI Class Initialized
INFO - 2024-12-25 20:42:38 --> Router Class Initialized
INFO - 2024-12-25 20:42:38 --> Output Class Initialized
INFO - 2024-12-25 20:42:38 --> Security Class Initialized
DEBUG - 2024-12-25 20:42:38 --> Global POST, GET and COOKIE data sanitized
INFO - 2024-12-25 20:42:38 --> Input Class Initialized
INFO - 2024-12-25 20:42:38 --> Language Class Initialized
INFO - 2024-12-25 20:42:38 --> Language Class Initialized
INFO - 2024-12-25 20:42:38 --> Config Class Initialized
INFO - 2024-12-25 20:42:38 --> Loader Class Initialized
INFO - 2024-12-25 20:42:38 --> Helper loaded: url_helper
INFO - 2024-12-25 20:42:38 --> Helper loaded: easyui_helper
INFO - 2024-12-25 20:42:38 --> Helper loaded: param_helper
INFO - 2024-12-25 20:42:38 --> Helper loaded: credential_helper
INFO - 2024-12-25 20:42:38 --> Helper loaded: template_helper
INFO - 2024-12-25 20:42:38 --> Helper loaded: rest_helper
INFO - 2024-12-25 20:42:38 --> Database Driver Class Initialized
DEBUG - 2024-12-25 20:42:38 --> Idgenerator class already loaded. Second attempt ignored.
INFO - 2024-12-25 20:42:38 --> Controller Class Initialized
INFO - 2024-12-25 20:42:38 --> Model Class Initialized
DEBUG - 2024-12-25 20:42:38 --> File loaded: /apps/web-drc/application/modules/ref_customer_class/models/Customer_class_model.php
INFO - 2024-12-25 20:42:38 --> Model Class Initialized
INFO - 2024-12-25 20:42:38 --> Final output sent to browser
DEBUG - 2024-12-25 20:42:38 --> Total execution time: 0.0065
INFO - 2024-12-25 20:47:48 --> Config Class Initialized
INFO - 2024-12-25 20:47:48 --> Hooks Class Initialized
DEBUG - 2024-12-25 20:47:48 --> UTF-8 Support Enabled
INFO - 2024-12-25 20:47:48 --> Utf8 Class Initialized
INFO - 2024-12-25 20:47:48 --> URI Class Initialized
INFO - 2024-12-25 20:47:48 --> Router Class Initialized
INFO - 2024-12-25 20:47:48 --> Output Class Initialized
INFO - 2024-12-25 20:47:48 --> Security Class Initialized
DEBUG - 2024-12-25 20:47:48 --> Global POST, GET and COOKIE data sanitized
INFO - 2024-12-25 20:47:48 --> Input Class Initialized
INFO - 2024-12-25 20:47:48 --> Language Class Initialized
INFO - 2024-12-25 20:47:48 --> Language Class Initialized
INFO - 2024-12-25 20:47:48 --> Config Class Initialized
INFO - 2024-12-25 20:47:48 --> Loader Class Initialized
INFO - 2024-12-25 20:47:48 --> Helper loaded: url_helper
INFO - 2024-12-25 20:47:48 --> Helper loaded: easyui_helper
INFO - 2024-12-25 20:47:48 --> Helper loaded: param_helper
INFO - 2024-12-25 20:47:48 --> Helper loaded: credential_helper
INFO - 2024-12-25 20:47:48 --> Helper loaded: template_helper
INFO - 2024-12-25 20:47:48 --> Helper loaded: rest_helper
INFO - 2024-12-25 20:47:48 --> Database Driver Class Initialized
DEBUG - 2024-12-25 20:47:48 --> Idgenerator class already loaded. Second attempt ignored.
INFO - 2024-12-25 20:47:48 --> Controller Class Initialized
INFO - 2024-12-25 20:47:48 --> Model Class Initialized
DEBUG - 2024-12-25 20:47:48 --> File loaded: /apps/web-drc/application/modules/mapping_promo_active/models/Promo_active_model.php
INFO - 2024-12-25 20:47:48 --> Model Class Initialized
INFO - 2024-12-25 20:47:48 --> Final output sent to browser
DEBUG - 2024-12-25 20:47:48 --> Total execution time: 0.0085
INFO - 2024-12-25 20:47:49 --> Config Class Initialized
INFO - 2024-12-25 20:47:49 --> Hooks Class Initialized
DEBUG - 2024-12-25 20:47:49 --> UTF-8 Support Enabled
INFO - 2024-12-25 20:47:49 --> Utf8 Class Initialized
INFO - 2024-12-25 20:47:49 --> URI Class Initialized
INFO - 2024-12-25 20:47:49 --> Router Class Initialized
INFO - 2024-12-25 20:47:49 --> Output Class Initialized
INFO - 2024-12-25 20:47:49 --> Security Class Initialized
DEBUG - 2024-12-25 20:47:49 --> Global POST, GET and COOKIE data sanitized
INFO - 2024-12-25 20:47:49 --> Input Class Initialized
INFO - 2024-12-25 20:47:49 --> Language Class Initialized
INFO - 2024-12-25 20:47:49 --> Language Class Initialized
INFO - 2024-12-25 20:47:49 --> Config Class Initialized
INFO - 2024-12-25 20:47:49 --> Loader Class Initialized
INFO - 2024-12-25 20:47:49 --> Helper loaded: url_helper
INFO - 2024-12-25 20:47:49 --> Helper loaded: easyui_helper
INFO - 2024-12-25 20:47:49 --> Helper loaded: param_helper
INFO - 2024-12-25 20:47:49 --> Helper loaded: credential_helper
INFO - 2024-12-25 20:47:49 --> Helper loaded: template_helper
INFO - 2024-12-25 20:47:49 --> Helper loaded: rest_helper
INFO - 2024-12-25 20:47:49 --> Database Driver Class Initialized
DEBUG - 2024-12-25 20:47:49 --> Idgenerator class already loaded. Second attempt ignored.
INFO - 2024-12-25 20:47:49 --> Controller Class Initialized
INFO - 2024-12-25 20:47:49 --> Model Class Initialized
DEBUG - 2024-12-25 20:47:49 --> File loaded: /apps/web-drc/application/modules/mapping_promo_active/models/Promo_active_model.php
INFO - 2024-12-25 20:47:49 --> Model Class Initialized
DEBUG - 2024-12-25 20:47:49 --> File loaded: /apps/web-drc/application/modules/mapping_promo_active/views/content.php
DEBUG - 2024-12-25 20:47:49 --> File loaded: /apps/web-drc/application/views/templates/header.php
DEBUG - 2024-12-25 20:47:49 --> File loaded: /apps/web-drc/application/views/templates/toolbar.php
DEBUG - 2024-12-25 20:47:49 --> File loaded: /apps/web-drc/application/views/templates/sidebar.php
DEBUG - 2024-12-25 20:47:49 --> File loaded: /apps/web-drc/application/views/templates/contents.php
DEBUG - 2024-12-25 20:47:49 --> File loaded: /apps/web-drc/application/views/templates/content_footer.php
DEBUG - 2024-12-25 20:47:49 --> File loaded: /apps/web-drc/application/views/templates/footer.php
DEBUG - 2024-12-25 20:47:49 --> File loaded: /apps/web-drc/application/views/templates/default.php
INFO - 2024-12-25 20:47:49 --> Final output sent to browser
DEBUG - 2024-12-25 20:47:49 --> Total execution time: 0.0153
INFO - 2024-12-25 20:47:49 --> Config Class Initialized
INFO - 2024-12-25 20:47:49 --> Hooks Class Initialized
DEBUG - 2024-12-25 20:47:49 --> UTF-8 Support Enabled
INFO - 2024-12-25 20:47:49 --> Utf8 Class Initialized
INFO - 2024-12-25 20:47:49 --> URI Class Initialized
INFO - 2024-12-25 20:47:49 --> Router Class Initialized
INFO - 2024-12-25 20:47:49 --> Output Class Initialized
INFO - 2024-12-25 20:47:49 --> Security Class Initialized
DEBUG - 2024-12-25 20:47:49 --> Global POST, GET and COOKIE data sanitized
INFO - 2024-12-25 20:47:49 --> Input Class Initialized
INFO - 2024-12-25 20:47:49 --> Language Class Initialized
ERROR - 2024-12-25 20:47:49 --> 404 Page Not Found: /index
INFO - 2024-12-25 20:47:49 --> Config Class Initialized
INFO - 2024-12-25 20:47:49 --> Hooks Class Initialized
DEBUG - 2024-12-25 20:47:49 --> UTF-8 Support Enabled
INFO - 2024-12-25 20:47:49 --> Utf8 Class Initialized
INFO - 2024-12-25 20:47:49 --> URI Class Initialized
INFO - 2024-12-25 20:47:49 --> Router Class Initialized
INFO - 2024-12-25 20:47:49 --> Output Class Initialized
INFO - 2024-12-25 20:47:49 --> Security Class Initialized
DEBUG - 2024-12-25 20:47:49 --> Global POST, GET and COOKIE data sanitized
INFO - 2024-12-25 20:47:49 --> Input Class Initialized
INFO - 2024-12-25 20:47:49 --> Language Class Initialized
INFO - 2024-12-25 20:47:49 --> Language Class Initialized
INFO - 2024-12-25 20:47:49 --> Config Class Initialized
INFO - 2024-12-25 20:47:49 --> Loader Class Initialized
INFO - 2024-12-25 20:47:49 --> Helper loaded: url_helper
INFO - 2024-12-25 20:47:49 --> Helper loaded: easyui_helper
INFO - 2024-12-25 20:47:49 --> Helper loaded: param_helper
INFO - 2024-12-25 20:47:49 --> Helper loaded: credential_helper
INFO - 2024-12-25 20:47:49 --> Helper loaded: template_helper
INFO - 2024-12-25 20:47:49 --> Helper loaded: rest_helper
INFO - 2024-12-25 20:47:49 --> Database Driver Class Initialized
DEBUG - 2024-12-25 20:47:49 --> Idgenerator class already loaded. Second attempt ignored.
INFO - 2024-12-25 20:47:49 --> Controller Class Initialized
INFO - 2024-12-25 20:47:49 --> Model Class Initialized
DEBUG - 2024-12-25 20:47:49 --> File loaded: /apps/web-drc/application/modules/mapping_promo_active/models/Promo_active_model.php
INFO - 2024-12-25 20:47:49 --> Model Class Initialized
INFO - 2024-12-25 20:47:49 --> Final output sent to browser
DEBUG - 2024-12-25 20:47:49 --> Total execution time: 0.0083
INFO - 2024-12-25 21:12:57 --> Config Class Initialized
INFO - 2024-12-25 21:12:57 --> Hooks Class Initialized
DEBUG - 2024-12-25 21:12:57 --> UTF-8 Support Enabled
INFO - 2024-12-25 21:12:57 --> Utf8 Class Initialized
INFO - 2024-12-25 21:12:57 --> URI Class Initialized
INFO - 2024-12-25 21:12:57 --> Router Class Initialized
INFO - 2024-12-25 21:12:57 --> Output Class Initialized
INFO - 2024-12-25 21:12:57 --> Security Class Initialized
DEBUG - 2024-12-25 21:12:57 --> Global POST, GET and COOKIE data sanitized
INFO - 2024-12-25 21:12:57 --> Input Class Initialized
INFO - 2024-12-25 21:12:57 --> Language Class Initialized
INFO - 2024-12-25 21:12:57 --> Language Class Initialized
INFO - 2024-12-25 21:12:57 --> Config Class Initialized
INFO - 2024-12-25 21:12:57 --> Loader Class Initialized
INFO - 2024-12-25 21:12:57 --> Helper loaded: url_helper
INFO - 2024-12-25 21:12:57 --> Helper loaded: easyui_helper
INFO - 2024-12-25 21:12:57 --> Helper loaded: param_helper
INFO - 2024-12-25 21:12:57 --> Helper loaded: credential_helper
INFO - 2024-12-25 21:12:57 --> Helper loaded: template_helper
INFO - 2024-12-25 21:12:57 --> Helper loaded: rest_helper
INFO - 2024-12-25 21:12:57 --> Database Driver Class Initialized
DEBUG - 2024-12-25 21:12:57 --> Idgenerator class already loaded. Second attempt ignored.
INFO - 2024-12-25 21:12:57 --> Controller Class Initialized
INFO - 2024-12-25 21:12:57 --> Model Class Initialized
DEBUG - 2024-12-25 21:12:57 --> File loaded: /apps/web-drc/application/modules/mapping_promo_active/models/Promo_active_model.php
INFO - 2024-12-25 21:12:57 --> Model Class Initialized
INFO - 2024-12-25 21:12:57 --> Final output sent to browser
DEBUG - 2024-12-25 21:12:57 --> Total execution time: 0.0110
INFO - 2024-12-25 21:13:01 --> Config Class Initialized
INFO - 2024-12-25 21:13:01 --> Hooks Class Initialized
DEBUG - 2024-12-25 21:13:01 --> UTF-8 Support Enabled
INFO - 2024-12-25 21:13:01 --> Utf8 Class Initialized
INFO - 2024-12-25 21:13:01 --> URI Class Initialized
INFO - 2024-12-25 21:13:01 --> Router Class Initialized
INFO - 2024-12-25 21:13:01 --> Output Class Initialized
INFO - 2024-12-25 21:13:01 --> Security Class Initialized
DEBUG - 2024-12-25 21:13:01 --> Global POST, GET and COOKIE data sanitized
INFO - 2024-12-25 21:13:01 --> Input Class Initialized
INFO - 2024-12-25 21:13:01 --> Language Class Initialized
INFO - 2024-12-25 21:13:01 --> Language Class Initialized
INFO - 2024-12-25 21:13:01 --> Config Class Initialized
INFO - 2024-12-25 21:13:01 --> Loader Class Initialized
INFO - 2024-12-25 21:13:01 --> Helper loaded: url_helper
INFO - 2024-12-25 21:13:01 --> Helper loaded: easyui_helper
INFO - 2024-12-25 21:13:01 --> Helper loaded: param_helper
INFO - 2024-12-25 21:13:01 --> Helper loaded: credential_helper
INFO - 2024-12-25 21:13:01 --> Helper loaded: template_helper
INFO - 2024-12-25 21:13:01 --> Helper loaded: rest_helper
INFO - 2024-12-25 21:13:01 --> Database Driver Class Initialized
DEBUG - 2024-12-25 21:13:01 --> Idgenerator class already loaded. Second attempt ignored.
INFO - 2024-12-25 21:13:01 --> Controller Class Initialized
INFO - 2024-12-25 21:13:01 --> Model Class Initialized
DEBUG - 2024-12-25 21:13:01 --> File loaded: /apps/web-drc/application/modules/mapping_promo_active/models/Promo_active_model.php
INFO - 2024-12-25 21:13:01 --> Model Class Initialized
INFO - 2024-12-25 21:13:01 --> Final output sent to browser
DEBUG - 2024-12-25 21:13:01 --> Total execution time: 0.0102
INFO - 2024-12-25 21:13:02 --> Config Class Initialized
INFO - 2024-12-25 21:13:02 --> Hooks Class Initialized
DEBUG - 2024-12-25 21:13:02 --> UTF-8 Support Enabled
INFO - 2024-12-25 21:13:02 --> Utf8 Class Initialized
INFO - 2024-12-25 21:13:02 --> URI Class Initialized
INFO - 2024-12-25 21:13:02 --> Router Class Initialized
INFO - 2024-12-25 21:13:02 --> Output Class Initialized
INFO - 2024-12-25 21:13:02 --> Security Class Initialized
DEBUG - 2024-12-25 21:13:02 --> Global POST, GET and COOKIE data sanitized
INFO - 2024-12-25 21:13:02 --> Input Class Initialized
INFO - 2024-12-25 21:13:02 --> Language Class Initialized
INFO - 2024-12-25 21:13:02 --> Language Class Initialized
INFO - 2024-12-25 21:13:02 --> Config Class Initialized
INFO - 2024-12-25 21:13:02 --> Loader Class Initialized
INFO - 2024-12-25 21:13:02 --> Helper loaded: url_helper
INFO - 2024-12-25 21:13:02 --> Helper loaded: easyui_helper
INFO - 2024-12-25 21:13:02 --> Helper loaded: param_helper
INFO - 2024-12-25 21:13:02 --> Helper loaded: credential_helper
INFO - 2024-12-25 21:13:02 --> Helper loaded: template_helper
INFO - 2024-12-25 21:13:02 --> Helper loaded: rest_helper
INFO - 2024-12-25 21:13:02 --> Database Driver Class Initialized
DEBUG - 2024-12-25 21:13:02 --> Idgenerator class already loaded. Second attempt ignored.
INFO - 2024-12-25 21:13:02 --> Controller Class Initialized
INFO - 2024-12-25 21:13:02 --> Model Class Initialized
DEBUG - 2024-12-25 21:13:02 --> File loaded: /apps/web-drc/application/modules/mapping_promo_active/models/Promo_active_model.php
INFO - 2024-12-25 21:13:02 --> Model Class Initialized
INFO - 2024-12-25 21:13:02 --> Final output sent to browser
DEBUG - 2024-12-25 21:13:02 --> Total execution time: 0.0265
INFO - 2024-12-25 21:13:06 --> Config Class Initialized
INFO - 2024-12-25 21:13:06 --> Hooks Class Initialized
DEBUG - 2024-12-25 21:13:06 --> UTF-8 Support Enabled
INFO - 2024-12-25 21:13:06 --> Utf8 Class Initialized
INFO - 2024-12-25 21:13:06 --> URI Class Initialized
INFO - 2024-12-25 21:13:06 --> Router Class Initialized
INFO - 2024-12-25 21:13:06 --> Output Class Initialized
INFO - 2024-12-25 21:13:06 --> Security Class Initialized
DEBUG - 2024-12-25 21:13:06 --> Global POST, GET and COOKIE data sanitized
INFO - 2024-12-25 21:13:06 --> Input Class Initialized
INFO - 2024-12-25 21:13:06 --> Language Class Initialized
INFO - 2024-12-25 21:13:06 --> Language Class Initialized
INFO - 2024-12-25 21:13:06 --> Config Class Initialized
INFO - 2024-12-25 21:13:06 --> Loader Class Initialized
INFO - 2024-12-25 21:13:06 --> Helper loaded: url_helper
INFO - 2024-12-25 21:13:06 --> Helper loaded: easyui_helper
INFO - 2024-12-25 21:13:06 --> Helper loaded: param_helper
INFO - 2024-12-25 21:13:06 --> Helper loaded: credential_helper
INFO - 2024-12-25 21:13:06 --> Helper loaded: template_helper
INFO - 2024-12-25 21:13:06 --> Helper loaded: rest_helper
INFO - 2024-12-25 21:13:06 --> Database Driver Class Initialized
DEBUG - 2024-12-25 21:13:06 --> Idgenerator class already loaded. Second attempt ignored.
INFO - 2024-12-25 21:13:06 --> Controller Class Initialized
INFO - 2024-12-25 21:13:06 --> Model Class Initialized
DEBUG - 2024-12-25 21:13:06 --> File loaded: /apps/web-drc/application/modules/mapping_promo_active/models/Promo_active_model.php
INFO - 2024-12-25 21:13:06 --> Model Class Initialized
INFO - 2024-12-25 21:13:06 --> Final output sent to browser
DEBUG - 2024-12-25 21:13:06 --> Total execution time: 0.0048
INFO - 2024-12-25 21:13:06 --> Config Class Initialized
INFO - 2024-12-25 21:13:06 --> Hooks Class Initialized
DEBUG - 2024-12-25 21:13:06 --> UTF-8 Support Enabled
INFO - 2024-12-25 21:13:06 --> Utf8 Class Initialized
INFO - 2024-12-25 21:13:06 --> URI Class Initialized
INFO - 2024-12-25 21:13:06 --> Router Class Initialized
INFO - 2024-12-25 21:13:06 --> Output Class Initialized
INFO - 2024-12-25 21:13:06 --> Security Class Initialized
DEBUG - 2024-12-25 21:13:06 --> Global POST, GET and COOKIE data sanitized
INFO - 2024-12-25 21:13:06 --> Input Class Initialized
INFO - 2024-12-25 21:13:06 --> Language Class Initialized
INFO - 2024-12-25 21:13:06 --> Language Class Initialized
INFO - 2024-12-25 21:13:06 --> Config Class Initialized
INFO - 2024-12-25 21:13:06 --> Loader Class Initialized
INFO - 2024-12-25 21:13:06 --> Helper loaded: url_helper
INFO - 2024-12-25 21:13:06 --> Helper loaded: easyui_helper
INFO - 2024-12-25 21:13:06 --> Helper loaded: param_helper
INFO - 2024-12-25 21:13:06 --> Helper loaded: credential_helper
INFO - 2024-12-25 21:13:06 --> Helper loaded: template_helper
INFO - 2024-12-25 21:13:06 --> Helper loaded: rest_helper
INFO - 2024-12-25 21:13:06 --> Database Driver Class Initialized
DEBUG - 2024-12-25 21:13:06 --> Idgenerator class already loaded. Second attempt ignored.
INFO - 2024-12-25 21:13:06 --> Controller Class Initialized
INFO - 2024-12-25 21:13:06 --> Model Class Initialized
DEBUG - 2024-12-25 21:13:06 --> File loaded: /apps/web-drc/application/modules/mapping_promo_active/models/Promo_active_model.php
INFO - 2024-12-25 21:13:06 --> Model Class Initialized
INFO - 2024-12-25 21:13:06 --> Final output sent to browser
DEBUG - 2024-12-25 21:13:06 --> Total execution time: 0.0102
INFO - 2024-12-25 21:13:08 --> Config Class Initialized
INFO - 2024-12-25 21:13:08 --> Hooks Class Initialized
DEBUG - 2024-12-25 21:13:08 --> UTF-8 Support Enabled
INFO - 2024-12-25 21:13:08 --> Utf8 Class Initialized
INFO - 2024-12-25 21:13:08 --> URI Class Initialized
INFO - 2024-12-25 21:13:08 --> Router Class Initialized
INFO - 2024-12-25 21:13:08 --> Output Class Initialized
INFO - 2024-12-25 21:13:08 --> Security Class Initialized
DEBUG - 2024-12-25 21:13:08 --> Global POST, GET and COOKIE data sanitized
INFO - 2024-12-25 21:13:08 --> Input Class Initialized
INFO - 2024-12-25 21:13:08 --> Language Class Initialized
INFO - 2024-12-25 21:13:08 --> Language Class Initialized
INFO - 2024-12-25 21:13:08 --> Config Class Initialized
INFO - 2024-12-25 21:13:08 --> Loader Class Initialized
INFO - 2024-12-25 21:13:08 --> Helper loaded: url_helper
INFO - 2024-12-25 21:13:08 --> Helper loaded: easyui_helper
INFO - 2024-12-25 21:13:08 --> Helper loaded: param_helper
INFO - 2024-12-25 21:13:08 --> Helper loaded: credential_helper
INFO - 2024-12-25 21:13:08 --> Helper loaded: template_helper
INFO - 2024-12-25 21:13:08 --> Helper loaded: rest_helper
INFO - 2024-12-25 21:13:08 --> Database Driver Class Initialized
DEBUG - 2024-12-25 21:13:08 --> Idgenerator class already loaded. Second attempt ignored.
INFO - 2024-12-25 21:13:08 --> Controller Class Initialized
INFO - 2024-12-25 21:13:08 --> Model Class Initialized
DEBUG - 2024-12-25 21:13:08 --> File loaded: /apps/web-drc/application/modules/mapping_promo_active/models/Promo_active_model.php
INFO - 2024-12-25 21:13:08 --> Model Class Initialized
DEBUG - 2024-12-25 21:13:08 --> File loaded: /apps/web-drc/application/modules/mapping_promo_active/views/form.php
DEBUG - 2024-12-25 21:13:08 --> File loaded: /apps/web-drc/application/views/templates/header.php
DEBUG - 2024-12-25 21:13:08 --> File loaded: /apps/web-drc/application/views/templates/toolbar.php
DEBUG - 2024-12-25 21:13:08 --> File loaded: /apps/web-drc/application/views/templates/sidebar.php
DEBUG - 2024-12-25 21:13:08 --> File loaded: /apps/web-drc/application/views/templates/contents.php
DEBUG - 2024-12-25 21:13:08 --> File loaded: /apps/web-drc/application/views/templates/content_footer.php
DEBUG - 2024-12-25 21:13:08 --> File loaded: /apps/web-drc/application/views/templates/footer.php
DEBUG - 2024-12-25 21:13:08 --> File loaded: /apps/web-drc/application/views/templates/default.php
INFO - 2024-12-25 21:13:08 --> Final output sent to browser
DEBUG - 2024-12-25 21:13:08 --> Total execution time: 0.0073
INFO - 2024-12-25 21:13:08 --> Config Class Initialized
INFO - 2024-12-25 21:13:08 --> Hooks Class Initialized
DEBUG - 2024-12-25 21:13:08 --> UTF-8 Support Enabled
INFO - 2024-12-25 21:13:08 --> Utf8 Class Initialized
INFO - 2024-12-25 21:13:08 --> URI Class Initialized
INFO - 2024-12-25 21:13:08 --> Router Class Initialized
INFO - 2024-12-25 21:13:08 --> Output Class Initialized
INFO - 2024-12-25 21:13:08 --> Security Class Initialized
DEBUG - 2024-12-25 21:13:08 --> Global POST, GET and COOKIE data sanitized
INFO - 2024-12-25 21:13:08 --> Input Class Initialized
INFO - 2024-12-25 21:13:08 --> Language Class Initialized
ERROR - 2024-12-25 21:13:08 --> 404 Page Not Found: /index
INFO - 2024-12-25 21:13:08 --> Config Class Initialized
INFO - 2024-12-25 21:13:08 --> Hooks Class Initialized
DEBUG - 2024-12-25 21:13:08 --> UTF-8 Support Enabled
INFO - 2024-12-25 21:13:08 --> Utf8 Class Initialized
INFO - 2024-12-25 21:13:08 --> URI Class Initialized
INFO - 2024-12-25 21:13:08 --> Router Class Initialized
INFO - 2024-12-25 21:13:08 --> Output Class Initialized
INFO - 2024-12-25 21:13:08 --> Security Class Initialized
DEBUG - 2024-12-25 21:13:08 --> Global POST, GET and COOKIE data sanitized
INFO - 2024-12-25 21:13:08 --> Input Class Initialized
INFO - 2024-12-25 21:13:08 --> Language Class Initialized
INFO - 2024-12-25 21:13:08 --> Language Class Initialized
INFO - 2024-12-25 21:13:08 --> Config Class Initialized
INFO - 2024-12-25 21:13:08 --> Loader Class Initialized
INFO - 2024-12-25 21:13:08 --> Helper loaded: url_helper
INFO - 2024-12-25 21:13:08 --> Helper loaded: easyui_helper
INFO - 2024-12-25 21:13:08 --> Helper loaded: param_helper
INFO - 2024-12-25 21:13:08 --> Helper loaded: credential_helper
INFO - 2024-12-25 21:13:08 --> Helper loaded: template_helper
INFO - 2024-12-25 21:13:08 --> Helper loaded: rest_helper
INFO - 2024-12-25 21:13:08 --> Database Driver Class Initialized
DEBUG - 2024-12-25 21:13:08 --> Idgenerator class already loaded. Second attempt ignored.
INFO - 2024-12-25 21:13:08 --> Controller Class Initialized
INFO - 2024-12-25 21:13:08 --> Model Class Initialized
DEBUG - 2024-12-25 21:13:08 --> File loaded: /apps/web-drc/application/modules/api_v1/models/Api_v1_model.php
INFO - 2024-12-25 21:13:08 --> Model Class Initialized
INFO - 2024-12-25 21:13:08 --> Final output sent to browser
DEBUG - 2024-12-25 21:13:08 --> Total execution time: 0.0040
INFO - 2024-12-25 21:13:08 --> Config Class Initialized
INFO - 2024-12-25 21:13:08 --> Hooks Class Initialized
DEBUG - 2024-12-25 21:13:08 --> UTF-8 Support Enabled
INFO - 2024-12-25 21:13:08 --> Utf8 Class Initialized
INFO - 2024-12-25 21:13:08 --> URI Class Initialized
INFO - 2024-12-25 21:13:08 --> Router Class Initialized
INFO - 2024-12-25 21:13:08 --> Output Class Initialized
INFO - 2024-12-25 21:13:08 --> Security Class Initialized
DEBUG - 2024-12-25 21:13:08 --> Global POST, GET and COOKIE data sanitized
INFO - 2024-12-25 21:13:08 --> Input Class Initialized
INFO - 2024-12-25 21:13:08 --> Language Class Initialized
INFO - 2024-12-25 21:13:08 --> Language Class Initialized
INFO - 2024-12-25 21:13:08 --> Config Class Initialized
INFO - 2024-12-25 21:13:08 --> Loader Class Initialized
INFO - 2024-12-25 21:13:08 --> Helper loaded: url_helper
INFO - 2024-12-25 21:13:08 --> Helper loaded: easyui_helper
INFO - 2024-12-25 21:13:08 --> Helper loaded: param_helper
INFO - 2024-12-25 21:13:08 --> Helper loaded: credential_helper
INFO - 2024-12-25 21:13:08 --> Helper loaded: template_helper
INFO - 2024-12-25 21:13:08 --> Helper loaded: rest_helper
INFO - 2024-12-25 21:13:08 --> Database Driver Class Initialized
DEBUG - 2024-12-25 21:13:08 --> Idgenerator class already loaded. Second attempt ignored.
INFO - 2024-12-25 21:13:08 --> Controller Class Initialized
INFO - 2024-12-25 21:13:08 --> Model Class Initialized
DEBUG - 2024-12-25 21:13:08 --> File loaded: /apps/web-drc/application/modules/api_v1/models/Api_v1_model.php
INFO - 2024-12-25 21:13:08 --> Model Class Initialized
INFO - 2024-12-25 21:13:08 --> Final output sent to browser
DEBUG - 2024-12-25 21:13:08 --> Total execution time: 0.0035
INFO - 2024-12-25 21:13:09 --> Config Class Initialized
INFO - 2024-12-25 21:13:09 --> Hooks Class Initialized
DEBUG - 2024-12-25 21:13:09 --> UTF-8 Support Enabled
INFO - 2024-12-25 21:13:09 --> Utf8 Class Initialized
INFO - 2024-12-25 21:13:09 --> URI Class Initialized
INFO - 2024-12-25 21:13:09 --> Router Class Initialized
INFO - 2024-12-25 21:13:09 --> Output Class Initialized
INFO - 2024-12-25 21:13:09 --> Security Class Initialized
DEBUG - 2024-12-25 21:13:09 --> Global POST, GET and COOKIE data sanitized
INFO - 2024-12-25 21:13:09 --> Input Class Initialized
INFO - 2024-12-25 21:13:09 --> Language Class Initialized
INFO - 2024-12-25 21:13:09 --> Language Class Initialized
INFO - 2024-12-25 21:13:09 --> Config Class Initialized
INFO - 2024-12-25 21:13:09 --> Loader Class Initialized
INFO - 2024-12-25 21:13:09 --> Helper loaded: url_helper
INFO - 2024-12-25 21:13:09 --> Helper loaded: easyui_helper
INFO - 2024-12-25 21:13:09 --> Helper loaded: param_helper
INFO - 2024-12-25 21:13:09 --> Helper loaded: credential_helper
INFO - 2024-12-25 21:13:09 --> Helper loaded: template_helper
INFO - 2024-12-25 21:13:09 --> Helper loaded: rest_helper
INFO - 2024-12-25 21:13:09 --> Database Driver Class Initialized
DEBUG - 2024-12-25 21:13:09 --> Idgenerator class already loaded. Second attempt ignored.
INFO - 2024-12-25 21:13:09 --> Controller Class Initialized
INFO - 2024-12-25 21:13:09 --> Model Class Initialized
DEBUG - 2024-12-25 21:13:09 --> File loaded: /apps/web-drc/application/modules/ref_customer_class/models/Customer_class_model.php
INFO - 2024-12-25 21:13:09 --> Model Class Initialized
INFO - 2024-12-25 21:13:09 --> Final output sent to browser
DEBUG - 2024-12-25 21:13:09 --> Total execution time: 0.0045
INFO - 2024-12-25 21:13:36 --> Config Class Initialized
INFO - 2024-12-25 21:13:36 --> Hooks Class Initialized
DEBUG - 2024-12-25 21:13:36 --> UTF-8 Support Enabled
INFO - 2024-12-25 21:13:36 --> Utf8 Class Initialized
INFO - 2024-12-25 21:13:36 --> URI Class Initialized
INFO - 2024-12-25 21:13:36 --> Router Class Initialized
INFO - 2024-12-25 21:13:36 --> Output Class Initialized
INFO - 2024-12-25 21:13:36 --> Security Class Initialized
DEBUG - 2024-12-25 21:13:36 --> Global POST, GET and COOKIE data sanitized
INFO - 2024-12-25 21:13:36 --> Input Class Initialized
INFO - 2024-12-25 21:13:36 --> Language Class Initialized
INFO - 2024-12-25 21:13:36 --> Language Class Initialized
INFO - 2024-12-25 21:13:36 --> Config Class Initialized
INFO - 2024-12-25 21:13:36 --> Loader Class Initialized
INFO - 2024-12-25 21:13:36 --> Helper loaded: url_helper
INFO - 2024-12-25 21:13:36 --> Helper loaded: easyui_helper
INFO - 2024-12-25 21:13:36 --> Helper loaded: param_helper
INFO - 2024-12-25 21:13:36 --> Helper loaded: credential_helper
INFO - 2024-12-25 21:13:36 --> Helper loaded: template_helper
INFO - 2024-12-25 21:13:36 --> Helper loaded: rest_helper
INFO - 2024-12-25 21:13:36 --> Database Driver Class Initialized
DEBUG - 2024-12-25 21:13:36 --> Idgenerator class already loaded. Second attempt ignored.
INFO - 2024-12-25 21:13:36 --> Controller Class Initialized
INFO - 2024-12-25 21:13:36 --> Model Class Initialized
DEBUG - 2024-12-25 21:13:36 --> File loaded: /apps/web-drc/application/modules/mapping_promo_active/models/Promo_active_model.php
INFO - 2024-12-25 21:13:36 --> Model Class Initialized
ERROR - 2024-12-25 21:13:36 --> Cache: Failed to initialize APC; extension not loaded/enabled?
INFO - 2024-12-25 21:13:36 --> Helper loaded: file_helper
ERROR - 2024-12-25 21:13:36 --> Cache adapter "apc" and backup "file" are both unavailable. Cache is now using "Dummy" adapter.
ERROR - 2024-12-25 21:13:36 --> Severity: Warning --> fopen(/apps/web-drc/resource/files/lock/lock.txt): failed to open stream: Permission denied /apps/web-drc/application/libraries/IDGenerator.php 30
ERROR - 2024-12-25 21:13:36 --> Severity: Warning --> flock() expects parameter 1 to be resource, bool given /apps/web-drc/application/libraries/IDGenerator.php 31
ERROR - 2024-12-25 21:13:36 --> Severity: Warning --> fclose() expects parameter 1 to be resource, bool given /apps/web-drc/application/libraries/IDGenerator.php 67
INFO - 2024-12-25 21:13:36 --> Final output sent to browser
DEBUG - 2024-12-25 21:13:36 --> Total execution time: 0.0071
INFO - 2024-12-25 21:14:19 --> Config Class Initialized
INFO - 2024-12-25 21:14:19 --> Hooks Class Initialized
DEBUG - 2024-12-25 21:14:19 --> UTF-8 Support Enabled
INFO - 2024-12-25 21:14:19 --> Utf8 Class Initialized
INFO - 2024-12-25 21:14:19 --> URI Class Initialized
INFO - 2024-12-25 21:14:19 --> Router Class Initialized
INFO - 2024-12-25 21:14:19 --> Output Class Initialized
INFO - 2024-12-25 21:14:19 --> Security Class Initialized
DEBUG - 2024-12-25 21:14:19 --> Global POST, GET and COOKIE data sanitized
INFO - 2024-12-25 21:14:19 --> Input Class Initialized
INFO - 2024-12-25 21:14:19 --> Language Class Initialized
INFO - 2024-12-25 21:14:19 --> Language Class Initialized
INFO - 2024-12-25 21:14:19 --> Config Class Initialized
INFO - 2024-12-25 21:14:19 --> Loader Class Initialized
INFO - 2024-12-25 21:14:19 --> Helper loaded: url_helper
INFO - 2024-12-25 21:14:19 --> Helper loaded: easyui_helper
INFO - 2024-12-25 21:14:19 --> Helper loaded: param_helper
INFO - 2024-12-25 21:14:19 --> Helper loaded: credential_helper
INFO - 2024-12-25 21:14:19 --> Helper loaded: template_helper
INFO - 2024-12-25 21:14:19 --> Helper loaded: rest_helper
INFO - 2024-12-25 21:14:19 --> Database Driver Class Initialized
DEBUG - 2024-12-25 21:14:19 --> Idgenerator class already loaded. Second attempt ignored.
INFO - 2024-12-25 21:14:19 --> Controller Class Initialized
INFO - 2024-12-25 21:14:19 --> Model Class Initialized
DEBUG - 2024-12-25 21:14:19 --> File loaded: /apps/web-drc/application/modules/mapping_promo_active/models/Promo_active_model.php
INFO - 2024-12-25 21:14:19 --> Model Class Initialized
DEBUG - 2024-12-25 21:14:19 --> File loaded: /apps/web-drc/application/modules/mapping_promo_active/views/content.php
DEBUG - 2024-12-25 21:14:19 --> File loaded: /apps/web-drc/application/views/templates/header.php
DEBUG - 2024-12-25 21:14:19 --> File loaded: /apps/web-drc/application/views/templates/toolbar.php
DEBUG - 2024-12-25 21:14:19 --> File loaded: /apps/web-drc/application/views/templates/sidebar.php
DEBUG - 2024-12-25 21:14:19 --> File loaded: /apps/web-drc/application/views/templates/contents.php
DEBUG - 2024-12-25 21:14:19 --> File loaded: /apps/web-drc/application/views/templates/content_footer.php
DEBUG - 2024-12-25 21:14:19 --> File loaded: /apps/web-drc/application/views/templates/footer.php
DEBUG - 2024-12-25 21:14:19 --> File loaded: /apps/web-drc/application/views/templates/default.php
INFO - 2024-12-25 21:14:19 --> Final output sent to browser
DEBUG - 2024-12-25 21:14:19 --> Total execution time: 0.0081
INFO - 2024-12-25 21:14:19 --> Config Class Initialized
INFO - 2024-12-25 21:14:19 --> Hooks Class Initialized
DEBUG - 2024-12-25 21:14:19 --> UTF-8 Support Enabled
INFO - 2024-12-25 21:14:19 --> Utf8 Class Initialized
INFO - 2024-12-25 21:14:19 --> URI Class Initialized
INFO - 2024-12-25 21:14:19 --> Router Class Initialized
INFO - 2024-12-25 21:14:19 --> Output Class Initialized
INFO - 2024-12-25 21:14:19 --> Security Class Initialized
DEBUG - 2024-12-25 21:14:19 --> Global POST, GET and COOKIE data sanitized
INFO - 2024-12-25 21:14:19 --> Input Class Initialized
INFO - 2024-12-25 21:14:19 --> Language Class Initialized
ERROR - 2024-12-25 21:14:19 --> 404 Page Not Found: /index
INFO - 2024-12-25 21:14:19 --> Config Class Initialized
INFO - 2024-12-25 21:14:19 --> Hooks Class Initialized
DEBUG - 2024-12-25 21:14:19 --> UTF-8 Support Enabled
INFO - 2024-12-25 21:14:19 --> Utf8 Class Initialized
INFO - 2024-12-25 21:14:19 --> URI Class Initialized
INFO - 2024-12-25 21:14:19 --> Router Class Initialized
INFO - 2024-12-25 21:14:19 --> Output Class Initialized
INFO - 2024-12-25 21:14:19 --> Security Class Initialized
DEBUG - 2024-12-25 21:14:19 --> Global POST, GET and COOKIE data sanitized
INFO - 2024-12-25 21:14:19 --> Input Class Initialized
INFO - 2024-12-25 21:14:19 --> Language Class Initialized
INFO - 2024-12-25 21:14:19 --> Language Class Initialized
INFO - 2024-12-25 21:14:19 --> Config Class Initialized
INFO - 2024-12-25 21:14:19 --> Loader Class Initialized
INFO - 2024-12-25 21:14:19 --> Helper loaded: url_helper
INFO - 2024-12-25 21:14:19 --> Helper loaded: easyui_helper
INFO - 2024-12-25 21:14:19 --> Helper loaded: param_helper
INFO - 2024-12-25 21:14:19 --> Helper loaded: credential_helper
INFO - 2024-12-25 21:14:19 --> Helper loaded: template_helper
INFO - 2024-12-25 21:14:19 --> Helper loaded: rest_helper
INFO - 2024-12-25 21:14:19 --> Database Driver Class Initialized
DEBUG - 2024-12-25 21:14:19 --> Idgenerator class already loaded. Second attempt ignored.
INFO - 2024-12-25 21:14:19 --> Controller Class Initialized
INFO - 2024-12-25 21:14:19 --> Model Class Initialized
DEBUG - 2024-12-25 21:14:19 --> File loaded: /apps/web-drc/application/modules/mapping_promo_active/models/Promo_active_model.php
INFO - 2024-12-25 21:14:19 --> Model Class Initialized
INFO - 2024-12-25 21:14:19 --> Final output sent to browser
DEBUG - 2024-12-25 21:14:19 --> Total execution time: 0.0054
INFO - 2024-12-25 21:14:22 --> Config Class Initialized
INFO - 2024-12-25 21:14:22 --> Hooks Class Initialized
DEBUG - 2024-12-25 21:14:22 --> UTF-8 Support Enabled
INFO - 2024-12-25 21:14:22 --> Utf8 Class Initialized
INFO - 2024-12-25 21:14:22 --> URI Class Initialized
INFO - 2024-12-25 21:14:22 --> Router Class Initialized
INFO - 2024-12-25 21:14:22 --> Output Class Initialized
INFO - 2024-12-25 21:14:22 --> Security Class Initialized
DEBUG - 2024-12-25 21:14:22 --> Global POST, GET and COOKIE data sanitized
INFO - 2024-12-25 21:14:22 --> Input Class Initialized
INFO - 2024-12-25 21:14:22 --> Language Class Initialized
INFO - 2024-12-25 21:14:22 --> Language Class Initialized
INFO - 2024-12-25 21:14:22 --> Config Class Initialized
INFO - 2024-12-25 21:14:22 --> Loader Class Initialized
INFO - 2024-12-25 21:14:22 --> Helper loaded: url_helper
INFO - 2024-12-25 21:14:22 --> Helper loaded: easyui_helper
INFO - 2024-12-25 21:14:22 --> Helper loaded: param_helper
INFO - 2024-12-25 21:14:22 --> Helper loaded: credential_helper
INFO - 2024-12-25 21:14:22 --> Helper loaded: template_helper
INFO - 2024-12-25 21:14:22 --> Helper loaded: rest_helper
INFO - 2024-12-25 21:14:22 --> Database Driver Class Initialized
DEBUG - 2024-12-25 21:14:22 --> Idgenerator class already loaded. Second attempt ignored.
INFO - 2024-12-25 21:14:22 --> Controller Class Initialized
INFO - 2024-12-25 21:14:22 --> Model Class Initialized
DEBUG - 2024-12-25 21:14:22 --> File loaded: /apps/web-drc/application/modules/mapping_promo_active/models/Promo_active_model.php
INFO - 2024-12-25 21:14:22 --> Model Class Initialized
INFO - 2024-12-25 21:14:22 --> Final output sent to browser
DEBUG - 2024-12-25 21:14:22 --> Total execution time: 0.0116
INFO - 2024-12-25 21:14:25 --> Config Class Initialized
INFO - 2024-12-25 21:14:25 --> Hooks Class Initialized
DEBUG - 2024-12-25 21:14:25 --> UTF-8 Support Enabled
INFO - 2024-12-25 21:14:25 --> Utf8 Class Initialized
INFO - 2024-12-25 21:14:25 --> URI Class Initialized
INFO - 2024-12-25 21:14:25 --> Router Class Initialized
INFO - 2024-12-25 21:14:25 --> Output Class Initialized
INFO - 2024-12-25 21:14:25 --> Security Class Initialized
DEBUG - 2024-12-25 21:14:25 --> Global POST, GET and COOKIE data sanitized
INFO - 2024-12-25 21:14:25 --> Input Class Initialized
INFO - 2024-12-25 21:14:25 --> Language Class Initialized
INFO - 2024-12-25 21:14:25 --> Language Class Initialized
INFO - 2024-12-25 21:14:25 --> Config Class Initialized
INFO - 2024-12-25 21:14:25 --> Loader Class Initialized
INFO - 2024-12-25 21:14:25 --> Helper loaded: url_helper
INFO - 2024-12-25 21:14:25 --> Helper loaded: easyui_helper
INFO - 2024-12-25 21:14:25 --> Helper loaded: param_helper
INFO - 2024-12-25 21:14:25 --> Helper loaded: credential_helper
INFO - 2024-12-25 21:14:25 --> Helper loaded: template_helper
INFO - 2024-12-25 21:14:25 --> Helper loaded: rest_helper
INFO - 2024-12-25 21:14:25 --> Database Driver Class Initialized
DEBUG - 2024-12-25 21:14:25 --> Idgenerator class already loaded. Second attempt ignored.
INFO - 2024-12-25 21:14:25 --> Controller Class Initialized
INFO - 2024-12-25 21:14:25 --> Model Class Initialized
DEBUG - 2024-12-25 21:14:25 --> File loaded: /apps/web-drc/application/modules/mapping_promo_active/models/Promo_active_model.php
INFO - 2024-12-25 21:14:25 --> Model Class Initialized
DEBUG - 2024-12-25 21:14:25 --> File loaded: /apps/web-drc/application/modules/mapping_promo_active/views/form.php
DEBUG - 2024-12-25 21:14:25 --> File loaded: /apps/web-drc/application/views/templates/header.php
DEBUG - 2024-12-25 21:14:25 --> File loaded: /apps/web-drc/application/views/templates/toolbar.php
DEBUG - 2024-12-25 21:14:25 --> File loaded: /apps/web-drc/application/views/templates/sidebar.php
DEBUG - 2024-12-25 21:14:25 --> File loaded: /apps/web-drc/application/views/templates/contents.php
DEBUG - 2024-12-25 21:14:25 --> File loaded: /apps/web-drc/application/views/templates/content_footer.php
DEBUG - 2024-12-25 21:14:25 --> File loaded: /apps/web-drc/application/views/templates/footer.php
DEBUG - 2024-12-25 21:14:25 --> File loaded: /apps/web-drc/application/views/templates/default.php
INFO - 2024-12-25 21:14:25 --> Final output sent to browser
DEBUG - 2024-12-25 21:14:25 --> Total execution time: 0.0073
INFO - 2024-12-25 21:14:25 --> Config Class Initialized
INFO - 2024-12-25 21:14:25 --> Hooks Class Initialized
DEBUG - 2024-12-25 21:14:25 --> UTF-8 Support Enabled
INFO - 2024-12-25 21:14:25 --> Utf8 Class Initialized
INFO - 2024-12-25 21:14:25 --> URI Class Initialized
INFO - 2024-12-25 21:14:25 --> Router Class Initialized
INFO - 2024-12-25 21:14:25 --> Output Class Initialized
INFO - 2024-12-25 21:14:25 --> Security Class Initialized
DEBUG - 2024-12-25 21:14:25 --> Global POST, GET and COOKIE data sanitized
INFO - 2024-12-25 21:14:25 --> Input Class Initialized
INFO - 2024-12-25 21:14:25 --> Language Class Initialized
ERROR - 2024-12-25 21:14:25 --> 404 Page Not Found: /index
INFO - 2024-12-25 21:14:25 --> Config Class Initialized
INFO - 2024-12-25 21:14:25 --> Hooks Class Initialized
DEBUG - 2024-12-25 21:14:25 --> UTF-8 Support Enabled
INFO - 2024-12-25 21:14:25 --> Utf8 Class Initialized
INFO - 2024-12-25 21:14:25 --> URI Class Initialized
INFO - 2024-12-25 21:14:25 --> Router Class Initialized
INFO - 2024-12-25 21:14:25 --> Output Class Initialized
INFO - 2024-12-25 21:14:25 --> Security Class Initialized
DEBUG - 2024-12-25 21:14:25 --> Global POST, GET and COOKIE data sanitized
INFO - 2024-12-25 21:14:25 --> Input Class Initialized
INFO - 2024-12-25 21:14:25 --> Language Class Initialized
INFO - 2024-12-25 21:14:25 --> Language Class Initialized
INFO - 2024-12-25 21:14:25 --> Config Class Initialized
INFO - 2024-12-25 21:14:25 --> Loader Class Initialized
INFO - 2024-12-25 21:14:25 --> Helper loaded: url_helper
INFO - 2024-12-25 21:14:25 --> Helper loaded: easyui_helper
INFO - 2024-12-25 21:14:25 --> Helper loaded: param_helper
INFO - 2024-12-25 21:14:25 --> Helper loaded: credential_helper
INFO - 2024-12-25 21:14:25 --> Helper loaded: template_helper
INFO - 2024-12-25 21:14:25 --> Helper loaded: rest_helper
INFO - 2024-12-25 21:14:25 --> Database Driver Class Initialized
DEBUG - 2024-12-25 21:14:25 --> Idgenerator class already loaded. Second attempt ignored.
INFO - 2024-12-25 21:14:25 --> Controller Class Initialized
INFO - 2024-12-25 21:14:25 --> Model Class Initialized
DEBUG - 2024-12-25 21:14:25 --> File loaded: /apps/web-drc/application/modules/api_v1/models/Api_v1_model.php
INFO - 2024-12-25 21:14:25 --> Model Class Initialized
INFO - 2024-12-25 21:14:25 --> Final output sent to browser
DEBUG - 2024-12-25 21:14:25 --> Total execution time: 0.0032
INFO - 2024-12-25 21:14:25 --> Config Class Initialized
INFO - 2024-12-25 21:14:25 --> Hooks Class Initialized
DEBUG - 2024-12-25 21:14:25 --> UTF-8 Support Enabled
INFO - 2024-12-25 21:14:25 --> Utf8 Class Initialized
INFO - 2024-12-25 21:14:25 --> URI Class Initialized
INFO - 2024-12-25 21:14:25 --> Router Class Initialized
INFO - 2024-12-25 21:14:25 --> Output Class Initialized
INFO - 2024-12-25 21:14:25 --> Security Class Initialized
DEBUG - 2024-12-25 21:14:25 --> Global POST, GET and COOKIE data sanitized
INFO - 2024-12-25 21:14:25 --> Input Class Initialized
INFO - 2024-12-25 21:14:25 --> Language Class Initialized
INFO - 2024-12-25 21:14:25 --> Language Class Initialized
INFO - 2024-12-25 21:14:25 --> Config Class Initialized
INFO - 2024-12-25 21:14:25 --> Loader Class Initialized
INFO - 2024-12-25 21:14:25 --> Helper loaded: url_helper
INFO - 2024-12-25 21:14:25 --> Helper loaded: easyui_helper
INFO - 2024-12-25 21:14:25 --> Helper loaded: param_helper
INFO - 2024-12-25 21:14:25 --> Helper loaded: credential_helper
INFO - 2024-12-25 21:14:25 --> Helper loaded: template_helper
INFO - 2024-12-25 21:14:25 --> Helper loaded: rest_helper
INFO - 2024-12-25 21:14:25 --> Database Driver Class Initialized
DEBUG - 2024-12-25 21:14:25 --> Idgenerator class already loaded. Second attempt ignored.
INFO - 2024-12-25 21:14:25 --> Controller Class Initialized
INFO - 2024-12-25 21:14:25 --> Model Class Initialized
DEBUG - 2024-12-25 21:14:25 --> File loaded: /apps/web-drc/application/modules/api_v1/models/Api_v1_model.php
INFO - 2024-12-25 21:14:25 --> Model Class Initialized
INFO - 2024-12-25 21:14:25 --> Final output sent to browser
DEBUG - 2024-12-25 21:14:25 --> Total execution time: 0.0036
INFO - 2024-12-25 21:14:25 --> Config Class Initialized
INFO - 2024-12-25 21:14:25 --> Hooks Class Initialized
DEBUG - 2024-12-25 21:14:25 --> UTF-8 Support Enabled
INFO - 2024-12-25 21:14:25 --> Utf8 Class Initialized
INFO - 2024-12-25 21:14:25 --> URI Class Initialized
INFO - 2024-12-25 21:14:25 --> Router Class Initialized
INFO - 2024-12-25 21:14:25 --> Output Class Initialized
INFO - 2024-12-25 21:14:25 --> Security Class Initialized
DEBUG - 2024-12-25 21:14:25 --> Global POST, GET and COOKIE data sanitized
INFO - 2024-12-25 21:14:25 --> Input Class Initialized
INFO - 2024-12-25 21:14:25 --> Language Class Initialized
INFO - 2024-12-25 21:14:25 --> Language Class Initialized
INFO - 2024-12-25 21:14:25 --> Config Class Initialized
INFO - 2024-12-25 21:14:25 --> Loader Class Initialized
INFO - 2024-12-25 21:14:25 --> Helper loaded: url_helper
INFO - 2024-12-25 21:14:25 --> Helper loaded: easyui_helper
INFO - 2024-12-25 21:14:25 --> Helper loaded: param_helper
INFO - 2024-12-25 21:14:25 --> Helper loaded: credential_helper
INFO - 2024-12-25 21:14:25 --> Helper loaded: template_helper
INFO - 2024-12-25 21:14:25 --> Helper loaded: rest_helper
INFO - 2024-12-25 21:14:25 --> Database Driver Class Initialized
DEBUG - 2024-12-25 21:14:25 --> Idgenerator class already loaded. Second attempt ignored.
INFO - 2024-12-25 21:14:25 --> Controller Class Initialized
INFO - 2024-12-25 21:14:25 --> Model Class Initialized
DEBUG - 2024-12-25 21:14:25 --> File loaded: /apps/web-drc/application/modules/ref_customer_class/models/Customer_class_model.php
INFO - 2024-12-25 21:14:25 --> Model Class Initialized
INFO - 2024-12-25 21:14:25 --> Final output sent to browser
DEBUG - 2024-12-25 21:14:25 --> Total execution time: 0.0036
INFO - 2024-12-25 21:14:28 --> Config Class Initialized
INFO - 2024-12-25 21:14:28 --> Hooks Class Initialized
DEBUG - 2024-12-25 21:14:28 --> UTF-8 Support Enabled
INFO - 2024-12-25 21:14:28 --> Utf8 Class Initialized
INFO - 2024-12-25 21:14:28 --> URI Class Initialized
INFO - 2024-12-25 21:14:28 --> Router Class Initialized
INFO - 2024-12-25 21:14:28 --> Output Class Initialized
INFO - 2024-12-25 21:14:28 --> Security Class Initialized
DEBUG - 2024-12-25 21:14:28 --> Global POST, GET and COOKIE data sanitized
INFO - 2024-12-25 21:14:28 --> Input Class Initialized
INFO - 2024-12-25 21:14:28 --> Language Class Initialized
INFO - 2024-12-25 21:14:28 --> Language Class Initialized
INFO - 2024-12-25 21:14:28 --> Config Class Initialized
INFO - 2024-12-25 21:14:28 --> Loader Class Initialized
INFO - 2024-12-25 21:14:28 --> Helper loaded: url_helper
INFO - 2024-12-25 21:14:28 --> Helper loaded: easyui_helper
INFO - 2024-12-25 21:14:28 --> Helper loaded: param_helper
INFO - 2024-12-25 21:14:28 --> Helper loaded: credential_helper
INFO - 2024-12-25 21:14:28 --> Helper loaded: template_helper
INFO - 2024-12-25 21:14:28 --> Helper loaded: rest_helper
INFO - 2024-12-25 21:14:28 --> Database Driver Class Initialized
DEBUG - 2024-12-25 21:14:28 --> Idgenerator class already loaded. Second attempt ignored.
INFO - 2024-12-25 21:14:28 --> Controller Class Initialized
INFO - 2024-12-25 21:14:28 --> Model Class Initialized
DEBUG - 2024-12-25 21:14:28 --> File loaded: /apps/web-drc/application/modules/mapping_promo_active/models/Promo_active_model.php
INFO - 2024-12-25 21:14:28 --> Model Class Initialized
DEBUG - 2024-12-25 21:14:28 --> File loaded: /apps/web-drc/application/modules/mapping_promo_active/views/content.php
DEBUG - 2024-12-25 21:14:28 --> File loaded: /apps/web-drc/application/views/templates/header.php
DEBUG - 2024-12-25 21:14:28 --> File loaded: /apps/web-drc/application/views/templates/toolbar.php
DEBUG - 2024-12-25 21:14:28 --> File loaded: /apps/web-drc/application/views/templates/sidebar.php
DEBUG - 2024-12-25 21:14:28 --> File loaded: /apps/web-drc/application/views/templates/contents.php
DEBUG - 2024-12-25 21:14:28 --> File loaded: /apps/web-drc/application/views/templates/content_footer.php
DEBUG - 2024-12-25 21:14:28 --> File loaded: /apps/web-drc/application/views/templates/footer.php
DEBUG - 2024-12-25 21:14:28 --> File loaded: /apps/web-drc/application/views/templates/default.php
INFO - 2024-12-25 21:14:28 --> Final output sent to browser
DEBUG - 2024-12-25 21:14:28 --> Total execution time: 0.0065
INFO - 2024-12-25 21:14:28 --> Config Class Initialized
INFO - 2024-12-25 21:14:28 --> Hooks Class Initialized
DEBUG - 2024-12-25 21:14:28 --> UTF-8 Support Enabled
INFO - 2024-12-25 21:14:28 --> Utf8 Class Initialized
INFO - 2024-12-25 21:14:28 --> URI Class Initialized
INFO - 2024-12-25 21:14:28 --> Router Class Initialized
INFO - 2024-12-25 21:14:28 --> Output Class Initialized
INFO - 2024-12-25 21:14:28 --> Security Class Initialized
DEBUG - 2024-12-25 21:14:28 --> Global POST, GET and COOKIE data sanitized
INFO - 2024-12-25 21:14:28 --> Input Class Initialized
INFO - 2024-12-25 21:14:28 --> Language Class Initialized
ERROR - 2024-12-25 21:14:28 --> 404 Page Not Found: /index
INFO - 2024-12-25 21:14:28 --> Config Class Initialized
INFO - 2024-12-25 21:14:28 --> Hooks Class Initialized
DEBUG - 2024-12-25 21:14:28 --> UTF-8 Support Enabled
INFO - 2024-12-25 21:14:28 --> Utf8 Class Initialized
INFO - 2024-12-25 21:14:28 --> URI Class Initialized
INFO - 2024-12-25 21:14:28 --> Router Class Initialized
INFO - 2024-12-25 21:14:28 --> Output Class Initialized
INFO - 2024-12-25 21:14:28 --> Security Class Initialized
DEBUG - 2024-12-25 21:14:28 --> Global POST, GET and COOKIE data sanitized
INFO - 2024-12-25 21:14:28 --> Input Class Initialized
INFO - 2024-12-25 21:14:28 --> Language Class Initialized
INFO - 2024-12-25 21:14:28 --> Language Class Initialized
INFO - 2024-12-25 21:14:28 --> Config Class Initialized
INFO - 2024-12-25 21:14:28 --> Loader Class Initialized
INFO - 2024-12-25 21:14:28 --> Helper loaded: url_helper
INFO - 2024-12-25 21:14:28 --> Helper loaded: easyui_helper
INFO - 2024-12-25 21:14:28 --> Helper loaded: param_helper
INFO - 2024-12-25 21:14:28 --> Helper loaded: credential_helper
INFO - 2024-12-25 21:14:28 --> Helper loaded: template_helper
INFO - 2024-12-25 21:14:28 --> Helper loaded: rest_helper
INFO - 2024-12-25 21:14:28 --> Database Driver Class Initialized
DEBUG - 2024-12-25 21:14:28 --> Idgenerator class already loaded. Second attempt ignored.
INFO - 2024-12-25 21:14:28 --> Controller Class Initialized
INFO - 2024-12-25 21:14:28 --> Model Class Initialized
DEBUG - 2024-12-25 21:14:28 --> File loaded: /apps/web-drc/application/modules/mapping_promo_active/models/Promo_active_model.php
INFO - 2024-12-25 21:14:28 --> Model Class Initialized
INFO - 2024-12-25 21:14:28 --> Final output sent to browser
DEBUG - 2024-12-25 21:14:28 --> Total execution time: 0.0077
INFO - 2024-12-25 21:14:31 --> Config Class Initialized
INFO - 2024-12-25 21:14:31 --> Hooks Class Initialized
DEBUG - 2024-12-25 21:14:31 --> UTF-8 Support Enabled
INFO - 2024-12-25 21:14:31 --> Utf8 Class Initialized
INFO - 2024-12-25 21:14:31 --> URI Class Initialized
INFO - 2024-12-25 21:14:31 --> Router Class Initialized
INFO - 2024-12-25 21:14:31 --> Output Class Initialized
INFO - 2024-12-25 21:14:31 --> Security Class Initialized
DEBUG - 2024-12-25 21:14:31 --> Global POST, GET and COOKIE data sanitized
INFO - 2024-12-25 21:14:31 --> Input Class Initialized
INFO - 2024-12-25 21:14:31 --> Language Class Initialized
INFO - 2024-12-25 21:14:31 --> Language Class Initialized
INFO - 2024-12-25 21:14:31 --> Config Class Initialized
INFO - 2024-12-25 21:14:31 --> Loader Class Initialized
INFO - 2024-12-25 21:14:31 --> Helper loaded: url_helper
INFO - 2024-12-25 21:14:31 --> Helper loaded: easyui_helper
INFO - 2024-12-25 21:14:31 --> Helper loaded: param_helper
INFO - 2024-12-25 21:14:31 --> Helper loaded: credential_helper
INFO - 2024-12-25 21:14:31 --> Helper loaded: template_helper
INFO - 2024-12-25 21:14:31 --> Helper loaded: rest_helper
INFO - 2024-12-25 21:14:31 --> Database Driver Class Initialized
DEBUG - 2024-12-25 21:14:31 --> Idgenerator class already loaded. Second attempt ignored.
INFO - 2024-12-25 21:14:31 --> Controller Class Initialized
INFO - 2024-12-25 21:14:31 --> Model Class Initialized
DEBUG - 2024-12-25 21:14:31 --> File loaded: /apps/web-drc/application/modules/mapping_promo_active/models/Promo_active_model.php
INFO - 2024-12-25 21:14:31 --> Model Class Initialized
INFO - 2024-12-25 21:14:31 --> Final output sent to browser
DEBUG - 2024-12-25 21:14:31 --> Total execution time: 0.0122
INFO - 2024-12-25 21:14:32 --> Config Class Initialized
INFO - 2024-12-25 21:14:32 --> Hooks Class Initialized
DEBUG - 2024-12-25 21:14:32 --> UTF-8 Support Enabled
INFO - 2024-12-25 21:14:32 --> Utf8 Class Initialized
INFO - 2024-12-25 21:14:32 --> URI Class Initialized
INFO - 2024-12-25 21:14:32 --> Router Class Initialized
INFO - 2024-12-25 21:14:32 --> Output Class Initialized
INFO - 2024-12-25 21:14:32 --> Security Class Initialized
DEBUG - 2024-12-25 21:14:32 --> Global POST, GET and COOKIE data sanitized
INFO - 2024-12-25 21:14:32 --> Input Class Initialized
INFO - 2024-12-25 21:14:32 --> Language Class Initialized
INFO - 2024-12-25 21:14:32 --> Language Class Initialized
INFO - 2024-12-25 21:14:32 --> Config Class Initialized
INFO - 2024-12-25 21:14:32 --> Loader Class Initialized
INFO - 2024-12-25 21:14:32 --> Helper loaded: url_helper
INFO - 2024-12-25 21:14:32 --> Helper loaded: easyui_helper
INFO - 2024-12-25 21:14:32 --> Helper loaded: param_helper
INFO - 2024-12-25 21:14:32 --> Helper loaded: credential_helper
INFO - 2024-12-25 21:14:32 --> Helper loaded: template_helper
INFO - 2024-12-25 21:14:32 --> Helper loaded: rest_helper
INFO - 2024-12-25 21:14:32 --> Database Driver Class Initialized
DEBUG - 2024-12-25 21:14:32 --> Idgenerator class already loaded. Second attempt ignored.
INFO - 2024-12-25 21:14:32 --> Controller Class Initialized
INFO - 2024-12-25 21:14:32 --> Model Class Initialized
DEBUG - 2024-12-25 21:14:32 --> File loaded: /apps/web-drc/application/modules/mapping_promo_active/models/Promo_active_model.php
INFO - 2024-12-25 21:14:32 --> Model Class Initialized
DEBUG - 2024-12-25 21:14:32 --> File loaded: /apps/web-drc/application/modules/mapping_promo_active/views/form.php
DEBUG - 2024-12-25 21:14:32 --> File loaded: /apps/web-drc/application/views/templates/header.php
DEBUG - 2024-12-25 21:14:32 --> File loaded: /apps/web-drc/application/views/templates/toolbar.php
DEBUG - 2024-12-25 21:14:32 --> File loaded: /apps/web-drc/application/views/templates/sidebar.php
DEBUG - 2024-12-25 21:14:32 --> File loaded: /apps/web-drc/application/views/templates/contents.php
DEBUG - 2024-12-25 21:14:32 --> File loaded: /apps/web-drc/application/views/templates/content_footer.php
DEBUG - 2024-12-25 21:14:32 --> File loaded: /apps/web-drc/application/views/templates/footer.php
DEBUG - 2024-12-25 21:14:32 --> File loaded: /apps/web-drc/application/views/templates/default.php
INFO - 2024-12-25 21:14:32 --> Final output sent to browser
DEBUG - 2024-12-25 21:14:32 --> Total execution time: 0.0054
INFO - 2024-12-25 21:14:32 --> Config Class Initialized
INFO - 2024-12-25 21:14:32 --> Hooks Class Initialized
DEBUG - 2024-12-25 21:14:32 --> UTF-8 Support Enabled
INFO - 2024-12-25 21:14:32 --> Utf8 Class Initialized
INFO - 2024-12-25 21:14:32 --> URI Class Initialized
INFO - 2024-12-25 21:14:32 --> Router Class Initialized
INFO - 2024-12-25 21:14:32 --> Output Class Initialized
INFO - 2024-12-25 21:14:32 --> Security Class Initialized
DEBUG - 2024-12-25 21:14:32 --> Global POST, GET and COOKIE data sanitized
INFO - 2024-12-25 21:14:32 --> Input Class Initialized
INFO - 2024-12-25 21:14:32 --> Language Class Initialized
ERROR - 2024-12-25 21:14:32 --> 404 Page Not Found: /index
INFO - 2024-12-25 21:14:32 --> Config Class Initialized
INFO - 2024-12-25 21:14:32 --> Hooks Class Initialized
DEBUG - 2024-12-25 21:14:32 --> UTF-8 Support Enabled
INFO - 2024-12-25 21:14:32 --> Utf8 Class Initialized
INFO - 2024-12-25 21:14:32 --> URI Class Initialized
INFO - 2024-12-25 21:14:32 --> Router Class Initialized
INFO - 2024-12-25 21:14:32 --> Output Class Initialized
INFO - 2024-12-25 21:14:32 --> Security Class Initialized
DEBUG - 2024-12-25 21:14:32 --> Global POST, GET and COOKIE data sanitized
INFO - 2024-12-25 21:14:32 --> Input Class Initialized
INFO - 2024-12-25 21:14:32 --> Language Class Initialized
INFO - 2024-12-25 21:14:32 --> Language Class Initialized
INFO - 2024-12-25 21:14:32 --> Config Class Initialized
INFO - 2024-12-25 21:14:32 --> Loader Class Initialized
INFO - 2024-12-25 21:14:32 --> Helper loaded: url_helper
INFO - 2024-12-25 21:14:32 --> Helper loaded: easyui_helper
INFO - 2024-12-25 21:14:32 --> Helper loaded: param_helper
INFO - 2024-12-25 21:14:32 --> Helper loaded: credential_helper
INFO - 2024-12-25 21:14:32 --> Helper loaded: template_helper
INFO - 2024-12-25 21:14:32 --> Helper loaded: rest_helper
INFO - 2024-12-25 21:14:32 --> Database Driver Class Initialized
DEBUG - 2024-12-25 21:14:32 --> Idgenerator class already loaded. Second attempt ignored.
INFO - 2024-12-25 21:14:32 --> Controller Class Initialized
INFO - 2024-12-25 21:14:32 --> Model Class Initialized
DEBUG - 2024-12-25 21:14:32 --> File loaded: /apps/web-drc/application/modules/api_v1/models/Api_v1_model.php
INFO - 2024-12-25 21:14:32 --> Model Class Initialized
INFO - 2024-12-25 21:14:32 --> Final output sent to browser
DEBUG - 2024-12-25 21:14:32 --> Total execution time: 0.0032
INFO - 2024-12-25 21:14:32 --> Config Class Initialized
INFO - 2024-12-25 21:14:32 --> Hooks Class Initialized
DEBUG - 2024-12-25 21:14:32 --> UTF-8 Support Enabled
INFO - 2024-12-25 21:14:32 --> Utf8 Class Initialized
INFO - 2024-12-25 21:14:32 --> URI Class Initialized
INFO - 2024-12-25 21:14:32 --> Router Class Initialized
INFO - 2024-12-25 21:14:32 --> Output Class Initialized
INFO - 2024-12-25 21:14:32 --> Security Class Initialized
DEBUG - 2024-12-25 21:14:32 --> Global POST, GET and COOKIE data sanitized
INFO - 2024-12-25 21:14:32 --> Input Class Initialized
INFO - 2024-12-25 21:14:32 --> Language Class Initialized
INFO - 2024-12-25 21:14:32 --> Language Class Initialized
INFO - 2024-12-25 21:14:32 --> Config Class Initialized
INFO - 2024-12-25 21:14:32 --> Loader Class Initialized
INFO - 2024-12-25 21:14:32 --> Helper loaded: url_helper
INFO - 2024-12-25 21:14:32 --> Helper loaded: easyui_helper
INFO - 2024-12-25 21:14:32 --> Helper loaded: param_helper
INFO - 2024-12-25 21:14:32 --> Helper loaded: credential_helper
INFO - 2024-12-25 21:14:32 --> Helper loaded: template_helper
INFO - 2024-12-25 21:14:32 --> Helper loaded: rest_helper
INFO - 2024-12-25 21:14:32 --> Database Driver Class Initialized
DEBUG - 2024-12-25 21:14:32 --> Idgenerator class already loaded. Second attempt ignored.
INFO - 2024-12-25 21:14:32 --> Controller Class Initialized
INFO - 2024-12-25 21:14:32 --> Model Class Initialized
DEBUG - 2024-12-25 21:14:32 --> File loaded: /apps/web-drc/application/modules/api_v1/models/Api_v1_model.php
INFO - 2024-12-25 21:14:32 --> Model Class Initialized
INFO - 2024-12-25 21:14:32 --> Final output sent to browser
DEBUG - 2024-12-25 21:14:32 --> Total execution time: 0.0029
INFO - 2024-12-25 21:14:32 --> Config Class Initialized
INFO - 2024-12-25 21:14:32 --> Hooks Class Initialized
DEBUG - 2024-12-25 21:14:32 --> UTF-8 Support Enabled
INFO - 2024-12-25 21:14:32 --> Utf8 Class Initialized
INFO - 2024-12-25 21:14:32 --> URI Class Initialized
INFO - 2024-12-25 21:14:32 --> Router Class Initialized
INFO - 2024-12-25 21:14:32 --> Output Class Initialized
INFO - 2024-12-25 21:14:32 --> Security Class Initialized
DEBUG - 2024-12-25 21:14:32 --> Global POST, GET and COOKIE data sanitized
INFO - 2024-12-25 21:14:32 --> Input Class Initialized
INFO - 2024-12-25 21:14:32 --> Language Class Initialized
INFO - 2024-12-25 21:14:32 --> Language Class Initialized
INFO - 2024-12-25 21:14:32 --> Config Class Initialized
INFO - 2024-12-25 21:14:32 --> Loader Class Initialized
INFO - 2024-12-25 21:14:32 --> Helper loaded: url_helper
INFO - 2024-12-25 21:14:32 --> Helper loaded: easyui_helper
INFO - 2024-12-25 21:14:32 --> Helper loaded: param_helper
INFO - 2024-12-25 21:14:32 --> Helper loaded: credential_helper
INFO - 2024-12-25 21:14:32 --> Helper loaded: template_helper
INFO - 2024-12-25 21:14:32 --> Helper loaded: rest_helper
INFO - 2024-12-25 21:14:32 --> Database Driver Class Initialized
DEBUG - 2024-12-25 21:14:32 --> Idgenerator class already loaded. Second attempt ignored.
INFO - 2024-12-25 21:14:32 --> Controller Class Initialized
INFO - 2024-12-25 21:14:32 --> Model Class Initialized
DEBUG - 2024-12-25 21:14:32 --> File loaded: /apps/web-drc/application/modules/ref_customer_class/models/Customer_class_model.php
INFO - 2024-12-25 21:14:32 --> Model Class Initialized
INFO - 2024-12-25 21:14:32 --> Final output sent to browser
DEBUG - 2024-12-25 21:14:32 --> Total execution time: 0.0033
INFO - 2024-12-25 21:14:46 --> Config Class Initialized
INFO - 2024-12-25 21:14:46 --> Hooks Class Initialized
DEBUG - 2024-12-25 21:14:46 --> UTF-8 Support Enabled
INFO - 2024-12-25 21:14:46 --> Utf8 Class Initialized
INFO - 2024-12-25 21:14:46 --> URI Class Initialized
INFO - 2024-12-25 21:14:46 --> Router Class Initialized
INFO - 2024-12-25 21:14:46 --> Output Class Initialized
INFO - 2024-12-25 21:14:46 --> Security Class Initialized
DEBUG - 2024-12-25 21:14:46 --> Global POST, GET and COOKIE data sanitized
INFO - 2024-12-25 21:14:46 --> Input Class Initialized
INFO - 2024-12-25 21:14:46 --> Language Class Initialized
INFO - 2024-12-25 21:14:46 --> Language Class Initialized
INFO - 2024-12-25 21:14:46 --> Config Class Initialized
INFO - 2024-12-25 21:14:46 --> Loader Class Initialized
INFO - 2024-12-25 21:14:46 --> Helper loaded: url_helper
INFO - 2024-12-25 21:14:46 --> Helper loaded: easyui_helper
INFO - 2024-12-25 21:14:46 --> Helper loaded: param_helper
INFO - 2024-12-25 21:14:46 --> Helper loaded: credential_helper
INFO - 2024-12-25 21:14:46 --> Helper loaded: template_helper
INFO - 2024-12-25 21:14:46 --> Helper loaded: rest_helper
INFO - 2024-12-25 21:14:46 --> Database Driver Class Initialized
DEBUG - 2024-12-25 21:14:46 --> Idgenerator class already loaded. Second attempt ignored.
INFO - 2024-12-25 21:14:46 --> Controller Class Initialized
INFO - 2024-12-25 21:14:46 --> Model Class Initialized
DEBUG - 2024-12-25 21:14:46 --> File loaded: /apps/web-drc/application/modules/mapping_promo_active/models/Promo_active_model.php
INFO - 2024-12-25 21:14:46 --> Model Class Initialized
INFO - 2024-12-25 21:14:46 --> Final output sent to browser
DEBUG - 2024-12-25 21:14:46 --> Total execution time: 0.0069
INFO - 2024-12-25 21:14:46 --> Config Class Initialized
INFO - 2024-12-25 21:14:46 --> Hooks Class Initialized
DEBUG - 2024-12-25 21:14:46 --> UTF-8 Support Enabled
INFO - 2024-12-25 21:14:46 --> Utf8 Class Initialized
INFO - 2024-12-25 21:14:46 --> URI Class Initialized
INFO - 2024-12-25 21:14:46 --> Router Class Initialized
INFO - 2024-12-25 21:14:46 --> Output Class Initialized
INFO - 2024-12-25 21:14:46 --> Security Class Initialized
DEBUG - 2024-12-25 21:14:46 --> Global POST, GET and COOKIE data sanitized
INFO - 2024-12-25 21:14:46 --> Input Class Initialized
INFO - 2024-12-25 21:14:46 --> Language Class Initialized
INFO - 2024-12-25 21:14:46 --> Language Class Initialized
INFO - 2024-12-25 21:14:46 --> Config Class Initialized
INFO - 2024-12-25 21:14:46 --> Loader Class Initialized
INFO - 2024-12-25 21:14:46 --> Helper loaded: url_helper
INFO - 2024-12-25 21:14:46 --> Helper loaded: easyui_helper
INFO - 2024-12-25 21:14:46 --> Helper loaded: param_helper
INFO - 2024-12-25 21:14:46 --> Helper loaded: credential_helper
INFO - 2024-12-25 21:14:46 --> Helper loaded: template_helper
INFO - 2024-12-25 21:14:46 --> Helper loaded: rest_helper
INFO - 2024-12-25 21:14:46 --> Database Driver Class Initialized
DEBUG - 2024-12-25 21:14:46 --> Idgenerator class already loaded. Second attempt ignored.
INFO - 2024-12-25 21:14:46 --> Controller Class Initialized
INFO - 2024-12-25 21:14:46 --> Model Class Initialized
DEBUG - 2024-12-25 21:14:46 --> File loaded: /apps/web-drc/application/modules/mapping_promo_active/models/Promo_active_model.php
INFO - 2024-12-25 21:14:46 --> Model Class Initialized
DEBUG - 2024-12-25 21:14:46 --> File loaded: /apps/web-drc/application/modules/mapping_promo_active/views/content.php
DEBUG - 2024-12-25 21:14:46 --> File loaded: /apps/web-drc/application/views/templates/header.php
DEBUG - 2024-12-25 21:14:46 --> File loaded: /apps/web-drc/application/views/templates/toolbar.php
DEBUG - 2024-12-25 21:14:46 --> File loaded: /apps/web-drc/application/views/templates/sidebar.php
DEBUG - 2024-12-25 21:14:46 --> File loaded: /apps/web-drc/application/views/templates/contents.php
DEBUG - 2024-12-25 21:14:46 --> File loaded: /apps/web-drc/application/views/templates/content_footer.php
DEBUG - 2024-12-25 21:14:46 --> File loaded: /apps/web-drc/application/views/templates/footer.php
DEBUG - 2024-12-25 21:14:46 --> File loaded: /apps/web-drc/application/views/templates/default.php
INFO - 2024-12-25 21:14:46 --> Final output sent to browser
DEBUG - 2024-12-25 21:14:46 --> Total execution time: 0.0063
INFO - 2024-12-25 21:14:46 --> Config Class Initialized
INFO - 2024-12-25 21:14:46 --> Hooks Class Initialized
DEBUG - 2024-12-25 21:14:46 --> UTF-8 Support Enabled
INFO - 2024-12-25 21:14:46 --> Utf8 Class Initialized
INFO - 2024-12-25 21:14:46 --> URI Class Initialized
INFO - 2024-12-25 21:14:46 --> Router Class Initialized
INFO - 2024-12-25 21:14:46 --> Output Class Initialized
INFO - 2024-12-25 21:14:46 --> Security Class Initialized
DEBUG - 2024-12-25 21:14:46 --> Global POST, GET and COOKIE data sanitized
INFO - 2024-12-25 21:14:46 --> Input Class Initialized
INFO - 2024-12-25 21:14:46 --> Language Class Initialized
ERROR - 2024-12-25 21:14:46 --> 404 Page Not Found: /index
INFO - 2024-12-25 21:14:46 --> Config Class Initialized
INFO - 2024-12-25 21:14:46 --> Hooks Class Initialized
DEBUG - 2024-12-25 21:14:46 --> UTF-8 Support Enabled
INFO - 2024-12-25 21:14:46 --> Utf8 Class Initialized
INFO - 2024-12-25 21:14:46 --> URI Class Initialized
INFO - 2024-12-25 21:14:46 --> Router Class Initialized
INFO - 2024-12-25 21:14:46 --> Output Class Initialized
INFO - 2024-12-25 21:14:46 --> Security Class Initialized
DEBUG - 2024-12-25 21:14:46 --> Global POST, GET and COOKIE data sanitized
INFO - 2024-12-25 21:14:46 --> Input Class Initialized
INFO - 2024-12-25 21:14:46 --> Language Class Initialized
INFO - 2024-12-25 21:14:46 --> Language Class Initialized
INFO - 2024-12-25 21:14:46 --> Config Class Initialized
INFO - 2024-12-25 21:14:46 --> Loader Class Initialized
INFO - 2024-12-25 21:14:46 --> Helper loaded: url_helper
INFO - 2024-12-25 21:14:46 --> Helper loaded: easyui_helper
INFO - 2024-12-25 21:14:46 --> Helper loaded: param_helper
INFO - 2024-12-25 21:14:46 --> Helper loaded: credential_helper
INFO - 2024-12-25 21:14:46 --> Helper loaded: template_helper
INFO - 2024-12-25 21:14:46 --> Helper loaded: rest_helper
INFO - 2024-12-25 21:14:46 --> Database Driver Class Initialized
DEBUG - 2024-12-25 21:14:46 --> Idgenerator class already loaded. Second attempt ignored.
INFO - 2024-12-25 21:14:46 --> Controller Class Initialized
INFO - 2024-12-25 21:14:46 --> Model Class Initialized
DEBUG - 2024-12-25 21:14:46 --> File loaded: /apps/web-drc/application/modules/mapping_promo_active/models/Promo_active_model.php
INFO - 2024-12-25 21:14:46 --> Model Class Initialized
INFO - 2024-12-25 21:14:46 --> Final output sent to browser
DEBUG - 2024-12-25 21:14:46 --> Total execution time: 0.0066
INFO - 2024-12-25 21:14:49 --> Config Class Initialized
INFO - 2024-12-25 21:14:49 --> Hooks Class Initialized
DEBUG - 2024-12-25 21:14:49 --> UTF-8 Support Enabled
INFO - 2024-12-25 21:14:49 --> Utf8 Class Initialized
INFO - 2024-12-25 21:14:49 --> URI Class Initialized
INFO - 2024-12-25 21:14:49 --> Router Class Initialized
INFO - 2024-12-25 21:14:49 --> Output Class Initialized
INFO - 2024-12-25 21:14:49 --> Security Class Initialized
DEBUG - 2024-12-25 21:14:49 --> Global POST, GET and COOKIE data sanitized
INFO - 2024-12-25 21:14:49 --> Input Class Initialized
INFO - 2024-12-25 21:14:49 --> Language Class Initialized
INFO - 2024-12-25 21:14:49 --> Language Class Initialized
INFO - 2024-12-25 21:14:49 --> Config Class Initialized
INFO - 2024-12-25 21:14:49 --> Loader Class Initialized
INFO - 2024-12-25 21:14:49 --> Helper loaded: url_helper
INFO - 2024-12-25 21:14:49 --> Helper loaded: easyui_helper
INFO - 2024-12-25 21:14:49 --> Helper loaded: param_helper
INFO - 2024-12-25 21:14:49 --> Helper loaded: credential_helper
INFO - 2024-12-25 21:14:49 --> Helper loaded: template_helper
INFO - 2024-12-25 21:14:49 --> Helper loaded: rest_helper
INFO - 2024-12-25 21:14:49 --> Database Driver Class Initialized
DEBUG - 2024-12-25 21:14:49 --> Idgenerator class already loaded. Second attempt ignored.
INFO - 2024-12-25 21:14:49 --> Controller Class Initialized
INFO - 2024-12-25 21:14:49 --> Model Class Initialized
DEBUG - 2024-12-25 21:14:49 --> File loaded: /apps/web-drc/application/modules/mapping_promo_active/models/Promo_active_model.php
INFO - 2024-12-25 21:14:49 --> Model Class Initialized
INFO - 2024-12-25 21:14:49 --> Final output sent to browser
DEBUG - 2024-12-25 21:14:49 --> Total execution time: 0.0099
INFO - 2024-12-25 21:23:52 --> Config Class Initialized
INFO - 2024-12-25 21:23:52 --> Hooks Class Initialized
DEBUG - 2024-12-25 21:23:52 --> UTF-8 Support Enabled
INFO - 2024-12-25 21:23:52 --> Utf8 Class Initialized
INFO - 2024-12-25 21:23:52 --> URI Class Initialized
INFO - 2024-12-25 21:23:52 --> Router Class Initialized
INFO - 2024-12-25 21:23:52 --> Output Class Initialized
INFO - 2024-12-25 21:23:52 --> Security Class Initialized
DEBUG - 2024-12-25 21:23:52 --> Global POST, GET and COOKIE data sanitized
INFO - 2024-12-25 21:23:52 --> Input Class Initialized
INFO - 2024-12-25 21:23:52 --> Language Class Initialized
INFO - 2024-12-25 21:23:52 --> Language Class Initialized
INFO - 2024-12-25 21:23:52 --> Config Class Initialized
INFO - 2024-12-25 21:23:52 --> Loader Class Initialized
INFO - 2024-12-25 21:23:52 --> Helper loaded: url_helper
INFO - 2024-12-25 21:23:52 --> Helper loaded: easyui_helper
INFO - 2024-12-25 21:23:52 --> Helper loaded: param_helper
INFO - 2024-12-25 21:23:52 --> Helper loaded: credential_helper
INFO - 2024-12-25 21:23:52 --> Helper loaded: template_helper
INFO - 2024-12-25 21:23:52 --> Helper loaded: rest_helper
INFO - 2024-12-25 21:23:52 --> Database Driver Class Initialized
DEBUG - 2024-12-25 21:23:52 --> Idgenerator class already loaded. Second attempt ignored.
INFO - 2024-12-25 21:23:52 --> Controller Class Initialized
INFO - 2024-12-25 21:23:52 --> Model Class Initialized
DEBUG - 2024-12-25 21:23:52 --> File loaded: /apps/web-drc/application/modules/mapping_promo_active/models/Promo_active_model.php
INFO - 2024-12-25 21:23:52 --> Model Class Initialized
DEBUG - 2024-12-25 21:23:52 --> File loaded: /apps/web-drc/application/modules/mapping_promo_active/views/content.php
DEBUG - 2024-12-25 21:23:52 --> File loaded: /apps/web-drc/application/views/templates/header.php
DEBUG - 2024-12-25 21:23:52 --> File loaded: /apps/web-drc/application/views/templates/toolbar.php
DEBUG - 2024-12-25 21:23:52 --> File loaded: /apps/web-drc/application/views/templates/sidebar.php
DEBUG - 2024-12-25 21:23:52 --> File loaded: /apps/web-drc/application/views/templates/contents.php
DEBUG - 2024-12-25 21:23:52 --> File loaded: /apps/web-drc/application/views/templates/content_footer.php
DEBUG - 2024-12-25 21:23:52 --> File loaded: /apps/web-drc/application/views/templates/footer.php
DEBUG - 2024-12-25 21:23:52 --> File loaded: /apps/web-drc/application/views/templates/default.php
INFO - 2024-12-25 21:23:52 --> Final output sent to browser
DEBUG - 2024-12-25 21:23:52 --> Total execution time: 0.0069
INFO - 2024-12-25 21:23:54 --> Config Class Initialized
INFO - 2024-12-25 21:23:54 --> Hooks Class Initialized
DEBUG - 2024-12-25 21:23:54 --> UTF-8 Support Enabled
INFO - 2024-12-25 21:23:54 --> Utf8 Class Initialized
INFO - 2024-12-25 21:23:54 --> URI Class Initialized
INFO - 2024-12-25 21:23:54 --> Router Class Initialized
INFO - 2024-12-25 21:23:54 --> Output Class Initialized
INFO - 2024-12-25 21:23:54 --> Security Class Initialized
DEBUG - 2024-12-25 21:23:54 --> Global POST, GET and COOKIE data sanitized
INFO - 2024-12-25 21:23:54 --> Input Class Initialized
INFO - 2024-12-25 21:23:54 --> Language Class Initialized
ERROR - 2024-12-25 21:23:54 --> 404 Page Not Found: /index
INFO - 2024-12-25 21:23:54 --> Config Class Initialized
INFO - 2024-12-25 21:23:54 --> Hooks Class Initialized
DEBUG - 2024-12-25 21:23:54 --> UTF-8 Support Enabled
INFO - 2024-12-25 21:23:54 --> Utf8 Class Initialized
INFO - 2024-12-25 21:23:54 --> URI Class Initialized
INFO - 2024-12-25 21:23:54 --> Router Class Initialized
INFO - 2024-12-25 21:23:54 --> Output Class Initialized
INFO - 2024-12-25 21:23:54 --> Security Class Initialized
DEBUG - 2024-12-25 21:23:54 --> Global POST, GET and COOKIE data sanitized
INFO - 2024-12-25 21:23:54 --> Input Class Initialized
INFO - 2024-12-25 21:23:54 --> Language Class Initialized
INFO - 2024-12-25 21:23:54 --> Language Class Initialized
INFO - 2024-12-25 21:23:54 --> Config Class Initialized
INFO - 2024-12-25 21:23:54 --> Loader Class Initialized
INFO - 2024-12-25 21:23:54 --> Helper loaded: url_helper
INFO - 2024-12-25 21:23:54 --> Helper loaded: easyui_helper
INFO - 2024-12-25 21:23:54 --> Helper loaded: param_helper
INFO - 2024-12-25 21:23:54 --> Helper loaded: credential_helper
INFO - 2024-12-25 21:23:54 --> Helper loaded: template_helper
INFO - 2024-12-25 21:23:54 --> Helper loaded: rest_helper
INFO - 2024-12-25 21:23:54 --> Database Driver Class Initialized
DEBUG - 2024-12-25 21:23:54 --> Idgenerator class already loaded. Second attempt ignored.
INFO - 2024-12-25 21:23:54 --> Controller Class Initialized
INFO - 2024-12-25 21:23:54 --> Model Class Initialized
DEBUG - 2024-12-25 21:23:54 --> File loaded: /apps/web-drc/application/modules/mapping_promo_active/models/Promo_active_model.php
INFO - 2024-12-25 21:23:54 --> Model Class Initialized
INFO - 2024-12-25 21:23:54 --> Final output sent to browser
DEBUG - 2024-12-25 21:23:54 --> Total execution time: 0.0046
INFO - 2024-12-25 21:23:54 --> Config Class Initialized
INFO - 2024-12-25 21:23:54 --> Hooks Class Initialized
DEBUG - 2024-12-25 21:23:54 --> UTF-8 Support Enabled
INFO - 2024-12-25 21:23:54 --> Utf8 Class Initialized
INFO - 2024-12-25 21:23:54 --> URI Class Initialized
INFO - 2024-12-25 21:23:54 --> Router Class Initialized
INFO - 2024-12-25 21:23:54 --> Output Class Initialized
INFO - 2024-12-25 21:23:54 --> Security Class Initialized
DEBUG - 2024-12-25 21:23:54 --> Global POST, GET and COOKIE data sanitized
INFO - 2024-12-25 21:23:54 --> Input Class Initialized
INFO - 2024-12-25 21:23:54 --> Language Class Initialized
ERROR - 2024-12-25 21:23:54 --> 404 Page Not Found: /index
INFO - 2024-12-25 21:23:57 --> Config Class Initialized
INFO - 2024-12-25 21:23:57 --> Hooks Class Initialized
DEBUG - 2024-12-25 21:23:57 --> UTF-8 Support Enabled
INFO - 2024-12-25 21:23:57 --> Utf8 Class Initialized
INFO - 2024-12-25 21:23:57 --> URI Class Initialized
INFO - 2024-12-25 21:23:57 --> Router Class Initialized
INFO - 2024-12-25 21:23:57 --> Output Class Initialized
INFO - 2024-12-25 21:23:57 --> Security Class Initialized
DEBUG - 2024-12-25 21:23:57 --> Global POST, GET and COOKIE data sanitized
INFO - 2024-12-25 21:23:57 --> Input Class Initialized
INFO - 2024-12-25 21:23:57 --> Language Class Initialized
INFO - 2024-12-25 21:23:57 --> Language Class Initialized
INFO - 2024-12-25 21:23:57 --> Config Class Initialized
INFO - 2024-12-25 21:23:57 --> Loader Class Initialized
INFO - 2024-12-25 21:23:57 --> Helper loaded: url_helper
INFO - 2024-12-25 21:23:57 --> Helper loaded: easyui_helper
INFO - 2024-12-25 21:23:57 --> Helper loaded: param_helper
INFO - 2024-12-25 21:23:57 --> Helper loaded: credential_helper
INFO - 2024-12-25 21:23:57 --> Helper loaded: template_helper
INFO - 2024-12-25 21:23:57 --> Helper loaded: rest_helper
INFO - 2024-12-25 21:23:57 --> Database Driver Class Initialized
DEBUG - 2024-12-25 21:23:57 --> Idgenerator class already loaded. Second attempt ignored.
INFO - 2024-12-25 21:23:57 --> Controller Class Initialized
INFO - 2024-12-25 21:23:57 --> Model Class Initialized
DEBUG - 2024-12-25 21:23:57 --> File loaded: /apps/web-drc/application/modules/mapping_promo_active/models/Promo_active_model.php
INFO - 2024-12-25 21:23:57 --> Model Class Initialized
INFO - 2024-12-25 21:23:57 --> Final output sent to browser
DEBUG - 2024-12-25 21:23:57 --> Total execution time: 0.0125
