INFO - 2025-01-08 12:15:34 --> Config Class Initialized
INFO - 2025-01-08 12:15:34 --> Hooks Class Initialized
DEBUG - 2025-01-08 12:15:34 --> UTF-8 Support Enabled
INFO - 2025-01-08 12:15:34 --> Utf8 Class Initialized
INFO - 2025-01-08 12:15:34 --> URI Class Initialized
INFO - 2025-01-08 12:15:34 --> Router Class Initialized
INFO - 2025-01-08 12:15:34 --> Output Class Initialized
INFO - 2025-01-08 12:15:34 --> Security Class Initialized
DEBUG - 2025-01-08 12:15:34 --> Global POST, GET and COOKIE data sanitized
INFO - 2025-01-08 12:15:34 --> Input Class Initialized
INFO - 2025-01-08 12:15:34 --> Language Class Initialized
INFO - 2025-01-08 12:15:34 --> Language Class Initialized
INFO - 2025-01-08 12:15:34 --> Config Class Initialized
INFO - 2025-01-08 12:15:34 --> Loader Class Initialized
INFO - 2025-01-08 12:15:34 --> Helper loaded: url_helper
INFO - 2025-01-08 12:15:34 --> Helper loaded: easyui_helper
INFO - 2025-01-08 12:15:34 --> Helper loaded: param_helper
INFO - 2025-01-08 12:15:34 --> Helper loaded: credential_helper
INFO - 2025-01-08 12:15:34 --> Helper loaded: template_helper
INFO - 2025-01-08 12:15:34 --> Helper loaded: rest_helper
INFO - 2025-01-08 12:15:34 --> Database Driver Class Initialized
DEBUG - 2025-01-08 12:15:34 --> Idgenerator class already loaded. Second attempt ignored.
INFO - 2025-01-08 12:15:34 --> Controller Class Initialized
INFO - 2025-01-08 12:15:34 --> Model Class Initialized
DEBUG - 2025-01-08 12:15:34 --> File loaded: /apps/web-drc/application/modules/rep_productivity/models/Rep_productivity_model.php
INFO - 2025-01-08 12:15:34 --> Model Class Initialized
DEBUG - 2025-01-08 12:15:34 --> File loaded: /apps/web-drc/application/modules/rep_productivity/views/form.php
DEBUG - 2025-01-08 12:15:34 --> File loaded: /apps/web-drc/application/views/templates/header.php
DEBUG - 2025-01-08 12:15:34 --> File loaded: /apps/web-drc/application/views/templates/toolbar.php
DEBUG - 2025-01-08 12:15:34 --> File loaded: /apps/web-drc/application/views/templates/sidebar.php
DEBUG - 2025-01-08 12:15:34 --> File loaded: /apps/web-drc/application/views/templates/contents.php
DEBUG - 2025-01-08 12:15:34 --> File loaded: /apps/web-drc/application/views/templates/content_footer.php
DEBUG - 2025-01-08 12:15:34 --> File loaded: /apps/web-drc/application/views/templates/footer.php
INFO - 2025-01-08 12:15:34 --> Config Class Initialized
INFO - 2025-01-08 12:15:34 --> Hooks Class Initialized
DEBUG - 2025-01-08 12:15:34 --> UTF-8 Support Enabled
INFO - 2025-01-08 12:15:34 --> Utf8 Class Initialized
INFO - 2025-01-08 12:15:34 --> URI Class Initialized
DEBUG - 2025-01-08 12:15:34 --> No URI present. Default controller set.
INFO - 2025-01-08 12:15:34 --> Router Class Initialized
INFO - 2025-01-08 12:15:34 --> Output Class Initialized
INFO - 2025-01-08 12:15:34 --> Security Class Initialized
DEBUG - 2025-01-08 12:15:34 --> Global POST, GET and COOKIE data sanitized
INFO - 2025-01-08 12:15:34 --> Input Class Initialized
INFO - 2025-01-08 12:15:34 --> Language Class Initialized
INFO - 2025-01-08 12:15:34 --> Language Class Initialized
INFO - 2025-01-08 12:15:34 --> Config Class Initialized
INFO - 2025-01-08 12:15:34 --> Loader Class Initialized
INFO - 2025-01-08 12:15:34 --> Helper loaded: url_helper
INFO - 2025-01-08 12:15:34 --> Helper loaded: easyui_helper
INFO - 2025-01-08 12:15:34 --> Helper loaded: param_helper
INFO - 2025-01-08 12:15:34 --> Helper loaded: credential_helper
INFO - 2025-01-08 12:15:34 --> Helper loaded: template_helper
INFO - 2025-01-08 12:15:34 --> Helper loaded: rest_helper
INFO - 2025-01-08 12:15:34 --> Database Driver Class Initialized
DEBUG - 2025-01-08 12:15:34 --> Idgenerator class already loaded. Second attempt ignored.
INFO - 2025-01-08 12:15:34 --> Controller Class Initialized
DEBUG - 2025-01-08 12:15:34 --> File loaded: /apps/web-drc/application/modules/app_auth/views/login_lte_template.php
DEBUG - 2025-01-08 12:15:34 --> File loaded: /apps/web-drc/application/views/template_login_lte/header.php
DEBUG - 2025-01-08 12:15:34 --> File loaded: /apps/web-drc/application/views/template_login_lte/contents.php
DEBUG - 2025-01-08 12:15:34 --> File loaded: /apps/web-drc/application/views/template_login_lte/default.php
INFO - 2025-01-08 12:15:34 --> Final output sent to browser
DEBUG - 2025-01-08 12:15:34 --> Total execution time: 0.0071
INFO - 2025-01-08 12:15:35 --> Config Class Initialized
INFO - 2025-01-08 12:15:35 --> Hooks Class Initialized
DEBUG - 2025-01-08 12:15:35 --> UTF-8 Support Enabled
INFO - 2025-01-08 12:15:35 --> Utf8 Class Initialized
INFO - 2025-01-08 12:15:35 --> URI Class Initialized
INFO - 2025-01-08 12:15:35 --> Router Class Initialized
INFO - 2025-01-08 12:15:35 --> Output Class Initialized
INFO - 2025-01-08 12:15:35 --> Security Class Initialized
DEBUG - 2025-01-08 12:15:35 --> Global POST, GET and COOKIE data sanitized
INFO - 2025-01-08 12:15:35 --> Input Class Initialized
INFO - 2025-01-08 12:15:35 --> Language Class Initialized
INFO - 2025-01-08 12:15:35 --> Language Class Initialized
INFO - 2025-01-08 12:15:35 --> Config Class Initialized
INFO - 2025-01-08 12:15:35 --> Loader Class Initialized
INFO - 2025-01-08 12:15:35 --> Helper loaded: url_helper
INFO - 2025-01-08 12:15:35 --> Helper loaded: easyui_helper
INFO - 2025-01-08 12:15:35 --> Helper loaded: param_helper
INFO - 2025-01-08 12:15:35 --> Helper loaded: credential_helper
INFO - 2025-01-08 12:15:35 --> Helper loaded: template_helper
INFO - 2025-01-08 12:15:35 --> Helper loaded: rest_helper
INFO - 2025-01-08 12:15:35 --> Database Driver Class Initialized
DEBUG - 2025-01-08 12:15:35 --> Idgenerator class already loaded. Second attempt ignored.
INFO - 2025-01-08 12:15:35 --> Controller Class Initialized
INFO - 2025-01-08 12:15:36 --> Final output sent to browser
DEBUG - 2025-01-08 12:15:36 --> Total execution time: 0.0171
INFO - 2025-01-08 12:15:36 --> Config Class Initialized
INFO - 2025-01-08 12:15:36 --> Hooks Class Initialized
DEBUG - 2025-01-08 12:15:36 --> UTF-8 Support Enabled
INFO - 2025-01-08 12:15:36 --> Utf8 Class Initialized
INFO - 2025-01-08 12:15:36 --> URI Class Initialized
INFO - 2025-01-08 12:15:36 --> Router Class Initialized
INFO - 2025-01-08 12:15:36 --> Output Class Initialized
INFO - 2025-01-08 12:15:36 --> Security Class Initialized
DEBUG - 2025-01-08 12:15:36 --> Global POST, GET and COOKIE data sanitized
INFO - 2025-01-08 12:15:36 --> Input Class Initialized
INFO - 2025-01-08 12:15:36 --> Language Class Initialized
INFO - 2025-01-08 12:15:36 --> Language Class Initialized
INFO - 2025-01-08 12:15:36 --> Config Class Initialized
INFO - 2025-01-08 12:15:36 --> Loader Class Initialized
INFO - 2025-01-08 12:15:36 --> Helper loaded: url_helper
INFO - 2025-01-08 12:15:36 --> Helper loaded: easyui_helper
INFO - 2025-01-08 12:15:36 --> Helper loaded: param_helper
INFO - 2025-01-08 12:15:36 --> Helper loaded: credential_helper
INFO - 2025-01-08 12:15:36 --> Helper loaded: template_helper
INFO - 2025-01-08 12:15:36 --> Helper loaded: rest_helper
INFO - 2025-01-08 12:15:36 --> Database Driver Class Initialized
DEBUG - 2025-01-08 12:15:36 --> Idgenerator class already loaded. Second attempt ignored.
INFO - 2025-01-08 12:15:36 --> Controller Class Initialized
INFO - 2025-01-08 12:15:36 --> Model Class Initialized
DEBUG - 2025-01-08 12:15:36 --> File loaded: /apps/web-drc/application/modules/app_dashboard/models/App_dashboard_model.php
INFO - 2025-01-08 12:15:36 --> Model Class Initialized
DEBUG - 2025-01-08 12:15:36 --> File loaded: /apps/web-drc/application/modules/app_dashboard/views/content.php
DEBUG - 2025-01-08 12:15:36 --> File loaded: /apps/web-drc/application/views/templates/header.php
DEBUG - 2025-01-08 12:15:36 --> File loaded: /apps/web-drc/application/views/templates/toolbar.php
DEBUG - 2025-01-08 12:15:36 --> File loaded: /apps/web-drc/application/views/templates/sidebar.php
DEBUG - 2025-01-08 12:15:36 --> File loaded: /apps/web-drc/application/views/templates/contents.php
DEBUG - 2025-01-08 12:15:36 --> File loaded: /apps/web-drc/application/views/templates/content_footer.php
DEBUG - 2025-01-08 12:15:36 --> File loaded: /apps/web-drc/application/views/templates/footer.php
DEBUG - 2025-01-08 12:15:36 --> File loaded: /apps/web-drc/application/views/templates/default.php
INFO - 2025-01-08 12:15:36 --> Final output sent to browser
DEBUG - 2025-01-08 12:15:36 --> Total execution time: 0.0221
INFO - 2025-01-08 12:15:36 --> Config Class Initialized
INFO - 2025-01-08 12:15:36 --> Hooks Class Initialized
DEBUG - 2025-01-08 12:15:36 --> UTF-8 Support Enabled
INFO - 2025-01-08 12:15:36 --> Utf8 Class Initialized
INFO - 2025-01-08 12:15:36 --> URI Class Initialized
INFO - 2025-01-08 12:15:36 --> Router Class Initialized
INFO - 2025-01-08 12:15:36 --> Output Class Initialized
INFO - 2025-01-08 12:15:36 --> Security Class Initialized
DEBUG - 2025-01-08 12:15:36 --> Global POST, GET and COOKIE data sanitized
INFO - 2025-01-08 12:15:36 --> Input Class Initialized
INFO - 2025-01-08 12:15:36 --> Language Class Initialized
INFO - 2025-01-08 12:15:36 --> Language Class Initialized
INFO - 2025-01-08 12:15:36 --> Config Class Initialized
INFO - 2025-01-08 12:15:36 --> Loader Class Initialized
INFO - 2025-01-08 12:15:36 --> Helper loaded: url_helper
INFO - 2025-01-08 12:15:36 --> Helper loaded: easyui_helper
INFO - 2025-01-08 12:15:36 --> Helper loaded: param_helper
INFO - 2025-01-08 12:15:36 --> Helper loaded: credential_helper
INFO - 2025-01-08 12:15:36 --> Helper loaded: template_helper
INFO - 2025-01-08 12:15:36 --> Helper loaded: rest_helper
INFO - 2025-01-08 12:15:36 --> Database Driver Class Initialized
DEBUG - 2025-01-08 12:15:36 --> Idgenerator class already loaded. Second attempt ignored.
INFO - 2025-01-08 12:15:36 --> Controller Class Initialized
INFO - 2025-01-08 12:15:36 --> Model Class Initialized
DEBUG - 2025-01-08 12:15:36 --> File loaded: /apps/web-drc/application/modules/app_dashboard/models/App_dashboard_model.php
INFO - 2025-01-08 12:15:36 --> Model Class Initialized
INFO - 2025-01-08 12:15:36 --> Final output sent to browser
DEBUG - 2025-01-08 12:15:36 --> Total execution time: 0.0628
INFO - 2025-01-08 12:15:36 --> Config Class Initialized
INFO - 2025-01-08 12:15:36 --> Hooks Class Initialized
DEBUG - 2025-01-08 12:15:36 --> UTF-8 Support Enabled
INFO - 2025-01-08 12:15:36 --> Utf8 Class Initialized
INFO - 2025-01-08 12:15:36 --> URI Class Initialized
INFO - 2025-01-08 12:15:36 --> Router Class Initialized
INFO - 2025-01-08 12:15:36 --> Output Class Initialized
INFO - 2025-01-08 12:15:36 --> Security Class Initialized
DEBUG - 2025-01-08 12:15:36 --> Global POST, GET and COOKIE data sanitized
INFO - 2025-01-08 12:15:36 --> Input Class Initialized
INFO - 2025-01-08 12:15:36 --> Language Class Initialized
INFO - 2025-01-08 12:15:36 --> Language Class Initialized
INFO - 2025-01-08 12:15:36 --> Config Class Initialized
INFO - 2025-01-08 12:15:36 --> Loader Class Initialized
INFO - 2025-01-08 12:15:36 --> Helper loaded: url_helper
INFO - 2025-01-08 12:15:36 --> Helper loaded: easyui_helper
INFO - 2025-01-08 12:15:36 --> Helper loaded: param_helper
INFO - 2025-01-08 12:15:36 --> Helper loaded: credential_helper
INFO - 2025-01-08 12:15:36 --> Helper loaded: template_helper
INFO - 2025-01-08 12:15:36 --> Helper loaded: rest_helper
INFO - 2025-01-08 12:15:36 --> Database Driver Class Initialized
DEBUG - 2025-01-08 12:15:36 --> Idgenerator class already loaded. Second attempt ignored.
INFO - 2025-01-08 12:15:36 --> Controller Class Initialized
INFO - 2025-01-08 12:15:36 --> Model Class Initialized
DEBUG - 2025-01-08 12:15:36 --> File loaded: /apps/web-drc/application/modules/api_v1/models/Api_v1_model.php
INFO - 2025-01-08 12:15:36 --> Model Class Initialized
INFO - 2025-01-08 12:15:36 --> Final output sent to browser
DEBUG - 2025-01-08 12:15:36 --> Total execution time: 0.0244
INFO - 2025-01-08 12:15:42 --> Config Class Initialized
INFO - 2025-01-08 12:15:42 --> Hooks Class Initialized
DEBUG - 2025-01-08 12:15:42 --> UTF-8 Support Enabled
INFO - 2025-01-08 12:15:42 --> Utf8 Class Initialized
INFO - 2025-01-08 12:15:42 --> URI Class Initialized
INFO - 2025-01-08 12:15:42 --> Router Class Initialized
INFO - 2025-01-08 12:15:42 --> Output Class Initialized
INFO - 2025-01-08 12:15:42 --> Security Class Initialized
DEBUG - 2025-01-08 12:15:42 --> Global POST, GET and COOKIE data sanitized
INFO - 2025-01-08 12:15:42 --> Input Class Initialized
INFO - 2025-01-08 12:15:42 --> Language Class Initialized
INFO - 2025-01-08 12:15:42 --> Language Class Initialized
INFO - 2025-01-08 12:15:42 --> Config Class Initialized
INFO - 2025-01-08 12:15:42 --> Loader Class Initialized
INFO - 2025-01-08 12:15:42 --> Helper loaded: url_helper
INFO - 2025-01-08 12:15:42 --> Helper loaded: easyui_helper
INFO - 2025-01-08 12:15:42 --> Helper loaded: param_helper
INFO - 2025-01-08 12:15:42 --> Helper loaded: credential_helper
INFO - 2025-01-08 12:15:42 --> Helper loaded: template_helper
INFO - 2025-01-08 12:15:42 --> Helper loaded: rest_helper
INFO - 2025-01-08 12:15:42 --> Database Driver Class Initialized
DEBUG - 2025-01-08 12:15:42 --> Idgenerator class already loaded. Second attempt ignored.
INFO - 2025-01-08 12:15:42 --> Controller Class Initialized
INFO - 2025-01-08 12:15:42 --> Model Class Initialized
DEBUG - 2025-01-08 12:15:42 --> File loaded: /apps/web-drc/application/modules/rep_productivity/models/Rep_productivity_model.php
INFO - 2025-01-08 12:15:42 --> Model Class Initialized
DEBUG - 2025-01-08 12:15:42 --> File loaded: /apps/web-drc/application/modules/rep_productivity/views/form.php
DEBUG - 2025-01-08 12:15:42 --> File loaded: /apps/web-drc/application/views/templates/header.php
DEBUG - 2025-01-08 12:15:42 --> File loaded: /apps/web-drc/application/views/templates/toolbar.php
DEBUG - 2025-01-08 12:15:42 --> File loaded: /apps/web-drc/application/views/templates/sidebar.php
DEBUG - 2025-01-08 12:15:42 --> File loaded: /apps/web-drc/application/views/templates/contents.php
DEBUG - 2025-01-08 12:15:42 --> File loaded: /apps/web-drc/application/views/templates/content_footer.php
DEBUG - 2025-01-08 12:15:42 --> File loaded: /apps/web-drc/application/views/templates/footer.php
DEBUG - 2025-01-08 12:15:42 --> File loaded: /apps/web-drc/application/views/templates/default.php
INFO - 2025-01-08 12:15:42 --> Final output sent to browser
DEBUG - 2025-01-08 12:15:42 --> Total execution time: 0.0132
INFO - 2025-01-08 12:15:42 --> Config Class Initialized
INFO - 2025-01-08 12:15:42 --> Hooks Class Initialized
DEBUG - 2025-01-08 12:15:42 --> UTF-8 Support Enabled
INFO - 2025-01-08 12:15:42 --> Utf8 Class Initialized
INFO - 2025-01-08 12:15:42 --> URI Class Initialized
INFO - 2025-01-08 12:15:42 --> Router Class Initialized
INFO - 2025-01-08 12:15:42 --> Output Class Initialized
INFO - 2025-01-08 12:15:42 --> Security Class Initialized
DEBUG - 2025-01-08 12:15:42 --> Global POST, GET and COOKIE data sanitized
INFO - 2025-01-08 12:15:42 --> Input Class Initialized
INFO - 2025-01-08 12:15:42 --> Language Class Initialized
INFO - 2025-01-08 12:15:42 --> Language Class Initialized
INFO - 2025-01-08 12:15:42 --> Config Class Initialized
INFO - 2025-01-08 12:15:42 --> Loader Class Initialized
INFO - 2025-01-08 12:15:42 --> Helper loaded: url_helper
INFO - 2025-01-08 12:15:42 --> Helper loaded: easyui_helper
INFO - 2025-01-08 12:15:42 --> Helper loaded: param_helper
INFO - 2025-01-08 12:15:42 --> Helper loaded: credential_helper
INFO - 2025-01-08 12:15:42 --> Helper loaded: template_helper
INFO - 2025-01-08 12:15:42 --> Helper loaded: rest_helper
INFO - 2025-01-08 12:15:42 --> Database Driver Class Initialized
DEBUG - 2025-01-08 12:15:42 --> Idgenerator class already loaded. Second attempt ignored.
INFO - 2025-01-08 12:15:42 --> Controller Class Initialized
INFO - 2025-01-08 12:15:42 --> Model Class Initialized
DEBUG - 2025-01-08 12:15:42 --> File loaded: /apps/web-drc/application/modules/rep_productivity/models/Rep_productivity_model.php
INFO - 2025-01-08 12:15:42 --> Model Class Initialized
INFO - 2025-01-08 12:15:42 --> Final output sent to browser
DEBUG - 2025-01-08 12:15:42 --> Total execution time: 0.0065
INFO - 2025-01-08 12:15:42 --> Config Class Initialized
INFO - 2025-01-08 12:15:42 --> Hooks Class Initialized
DEBUG - 2025-01-08 12:15:42 --> UTF-8 Support Enabled
INFO - 2025-01-08 12:15:42 --> Utf8 Class Initialized
INFO - 2025-01-08 12:15:42 --> URI Class Initialized
INFO - 2025-01-08 12:15:42 --> Router Class Initialized
INFO - 2025-01-08 12:15:42 --> Output Class Initialized
INFO - 2025-01-08 12:15:42 --> Security Class Initialized
DEBUG - 2025-01-08 12:15:42 --> Global POST, GET and COOKIE data sanitized
INFO - 2025-01-08 12:15:42 --> Input Class Initialized
INFO - 2025-01-08 12:15:42 --> Language Class Initialized
INFO - 2025-01-08 12:15:42 --> Language Class Initialized
INFO - 2025-01-08 12:15:42 --> Config Class Initialized
INFO - 2025-01-08 12:15:42 --> Loader Class Initialized
INFO - 2025-01-08 12:15:42 --> Helper loaded: url_helper
INFO - 2025-01-08 12:15:42 --> Helper loaded: easyui_helper
INFO - 2025-01-08 12:15:42 --> Helper loaded: param_helper
INFO - 2025-01-08 12:15:42 --> Helper loaded: credential_helper
INFO - 2025-01-08 12:15:42 --> Helper loaded: template_helper
INFO - 2025-01-08 12:15:42 --> Helper loaded: rest_helper
INFO - 2025-01-08 12:15:42 --> Database Driver Class Initialized
DEBUG - 2025-01-08 12:15:42 --> Idgenerator class already loaded. Second attempt ignored.
INFO - 2025-01-08 12:15:42 --> Controller Class Initialized
INFO - 2025-01-08 12:15:42 --> Model Class Initialized
DEBUG - 2025-01-08 12:15:42 --> File loaded: /apps/web-drc/application/modules/api_v1/models/Api_v1_model.php
INFO - 2025-01-08 12:15:42 --> Model Class Initialized
INFO - 2025-01-08 12:15:42 --> Final output sent to browser
DEBUG - 2025-01-08 12:15:42 --> Total execution time: 0.0050
INFO - 2025-01-08 12:15:54 --> Config Class Initialized
INFO - 2025-01-08 12:15:54 --> Hooks Class Initialized
DEBUG - 2025-01-08 12:15:54 --> UTF-8 Support Enabled
INFO - 2025-01-08 12:15:54 --> Utf8 Class Initialized
INFO - 2025-01-08 12:15:54 --> URI Class Initialized
INFO - 2025-01-08 12:15:54 --> Router Class Initialized
INFO - 2025-01-08 12:15:54 --> Output Class Initialized
INFO - 2025-01-08 12:15:54 --> Security Class Initialized
DEBUG - 2025-01-08 12:15:54 --> Global POST, GET and COOKIE data sanitized
INFO - 2025-01-08 12:15:54 --> Input Class Initialized
INFO - 2025-01-08 12:15:54 --> Language Class Initialized
INFO - 2025-01-08 12:15:54 --> Language Class Initialized
INFO - 2025-01-08 12:15:54 --> Config Class Initialized
INFO - 2025-01-08 12:15:54 --> Loader Class Initialized
INFO - 2025-01-08 12:15:54 --> Helper loaded: url_helper
INFO - 2025-01-08 12:15:54 --> Helper loaded: easyui_helper
INFO - 2025-01-08 12:15:54 --> Helper loaded: param_helper
INFO - 2025-01-08 12:15:54 --> Helper loaded: credential_helper
INFO - 2025-01-08 12:15:54 --> Helper loaded: template_helper
INFO - 2025-01-08 12:15:54 --> Helper loaded: rest_helper
INFO - 2025-01-08 12:15:54 --> Database Driver Class Initialized
DEBUG - 2025-01-08 12:15:54 --> Idgenerator class already loaded. Second attempt ignored.
INFO - 2025-01-08 12:15:54 --> Controller Class Initialized
INFO - 2025-01-08 12:15:54 --> Model Class Initialized
DEBUG - 2025-01-08 12:15:54 --> File loaded: /apps/web-drc/application/modules/rep_productivity/models/Rep_productivity_model.php
INFO - 2025-01-08 12:15:54 --> Model Class Initialized
INFO - 2025-01-08 12:16:00 --> Final output sent to browser
DEBUG - 2025-01-08 12:16:00 --> Total execution time: 6.0832
INFO - 2025-01-08 12:17:22 --> Config Class Initialized
INFO - 2025-01-08 12:17:22 --> Hooks Class Initialized
DEBUG - 2025-01-08 12:17:22 --> UTF-8 Support Enabled
INFO - 2025-01-08 12:17:22 --> Utf8 Class Initialized
INFO - 2025-01-08 12:17:22 --> URI Class Initialized
INFO - 2025-01-08 12:17:22 --> Router Class Initialized
INFO - 2025-01-08 12:17:22 --> Output Class Initialized
INFO - 2025-01-08 12:17:22 --> Security Class Initialized
DEBUG - 2025-01-08 12:17:22 --> Global POST, GET and COOKIE data sanitized
INFO - 2025-01-08 12:17:22 --> Input Class Initialized
INFO - 2025-01-08 12:17:22 --> Language Class Initialized
INFO - 2025-01-08 12:17:22 --> Language Class Initialized
INFO - 2025-01-08 12:17:22 --> Config Class Initialized
INFO - 2025-01-08 12:17:22 --> Loader Class Initialized
INFO - 2025-01-08 12:17:22 --> Helper loaded: url_helper
INFO - 2025-01-08 12:17:22 --> Helper loaded: easyui_helper
INFO - 2025-01-08 12:17:22 --> Helper loaded: param_helper
INFO - 2025-01-08 12:17:22 --> Helper loaded: credential_helper
INFO - 2025-01-08 12:17:22 --> Helper loaded: template_helper
INFO - 2025-01-08 12:17:22 --> Helper loaded: rest_helper
INFO - 2025-01-08 12:17:22 --> Database Driver Class Initialized
DEBUG - 2025-01-08 12:17:22 --> Idgenerator class already loaded. Second attempt ignored.
INFO - 2025-01-08 12:17:22 --> Controller Class Initialized
INFO - 2025-01-08 12:17:22 --> Model Class Initialized
DEBUG - 2025-01-08 12:17:22 --> File loaded: /apps/web-drc/application/modules/rep_productivity/models/Rep_productivity_model.php
INFO - 2025-01-08 12:17:22 --> Model Class Initialized
INFO - 2025-01-08 12:17:26 --> Final output sent to browser
DEBUG - 2025-01-08 12:17:26 --> Total execution time: 3.9527
INFO - 2025-01-08 12:18:19 --> Config Class Initialized
INFO - 2025-01-08 12:18:19 --> Hooks Class Initialized
DEBUG - 2025-01-08 12:18:19 --> UTF-8 Support Enabled
INFO - 2025-01-08 12:18:19 --> Utf8 Class Initialized
INFO - 2025-01-08 12:18:19 --> URI Class Initialized
INFO - 2025-01-08 12:18:19 --> Router Class Initialized
INFO - 2025-01-08 12:18:19 --> Output Class Initialized
INFO - 2025-01-08 12:18:19 --> Security Class Initialized
DEBUG - 2025-01-08 12:18:19 --> Global POST, GET and COOKIE data sanitized
INFO - 2025-01-08 12:18:19 --> Input Class Initialized
INFO - 2025-01-08 12:18:19 --> Language Class Initialized
INFO - 2025-01-08 12:18:19 --> Language Class Initialized
INFO - 2025-01-08 12:18:19 --> Config Class Initialized
INFO - 2025-01-08 12:18:19 --> Loader Class Initialized
INFO - 2025-01-08 12:18:19 --> Helper loaded: url_helper
INFO - 2025-01-08 12:18:19 --> Helper loaded: easyui_helper
INFO - 2025-01-08 12:18:19 --> Helper loaded: param_helper
INFO - 2025-01-08 12:18:19 --> Helper loaded: credential_helper
INFO - 2025-01-08 12:18:19 --> Helper loaded: template_helper
INFO - 2025-01-08 12:18:19 --> Helper loaded: rest_helper
INFO - 2025-01-08 12:18:19 --> Database Driver Class Initialized
DEBUG - 2025-01-08 12:18:19 --> Idgenerator class already loaded. Second attempt ignored.
INFO - 2025-01-08 12:18:19 --> Controller Class Initialized
INFO - 2025-01-08 12:18:19 --> Model Class Initialized
DEBUG - 2025-01-08 12:18:19 --> File loaded: /apps/web-drc/application/modules/drc_dashboard/models/Drc_dashboard_model.php
INFO - 2025-01-08 12:18:19 --> Model Class Initialized
DEBUG - 2025-01-08 12:18:19 --> File loaded: /apps/web-drc/application/modules/drc_dashboard/views/form.php
DEBUG - 2025-01-08 12:18:19 --> File loaded: /apps/web-drc/application/views/templates/header.php
DEBUG - 2025-01-08 12:18:19 --> File loaded: /apps/web-drc/application/views/templates/toolbar.php
DEBUG - 2025-01-08 12:18:19 --> File loaded: /apps/web-drc/application/views/templates/sidebar.php
DEBUG - 2025-01-08 12:18:19 --> File loaded: /apps/web-drc/application/views/templates/contents.php
DEBUG - 2025-01-08 12:18:19 --> File loaded: /apps/web-drc/application/views/templates/content_footer.php
DEBUG - 2025-01-08 12:18:19 --> File loaded: /apps/web-drc/application/views/templates/footer.php
DEBUG - 2025-01-08 12:18:19 --> File loaded: /apps/web-drc/application/views/templates/default.php
INFO - 2025-01-08 12:18:19 --> Final output sent to browser
DEBUG - 2025-01-08 12:18:19 --> Total execution time: 0.0865
INFO - 2025-01-08 12:18:21 --> Config Class Initialized
INFO - 2025-01-08 12:18:21 --> Hooks Class Initialized
DEBUG - 2025-01-08 12:18:21 --> UTF-8 Support Enabled
INFO - 2025-01-08 12:18:21 --> Utf8 Class Initialized
INFO - 2025-01-08 12:18:21 --> URI Class Initialized
INFO - 2025-01-08 12:18:21 --> Router Class Initialized
INFO - 2025-01-08 12:18:21 --> Output Class Initialized
INFO - 2025-01-08 12:18:21 --> Security Class Initialized
DEBUG - 2025-01-08 12:18:21 --> Global POST, GET and COOKIE data sanitized
INFO - 2025-01-08 12:18:21 --> Input Class Initialized
INFO - 2025-01-08 12:18:21 --> Language Class Initialized
INFO - 2025-01-08 12:18:21 --> Language Class Initialized
INFO - 2025-01-08 12:18:21 --> Config Class Initialized
INFO - 2025-01-08 12:18:21 --> Loader Class Initialized
INFO - 2025-01-08 12:18:21 --> Helper loaded: url_helper
INFO - 2025-01-08 12:18:21 --> Helper loaded: easyui_helper
INFO - 2025-01-08 12:18:21 --> Helper loaded: param_helper
INFO - 2025-01-08 12:18:21 --> Helper loaded: credential_helper
INFO - 2025-01-08 12:18:21 --> Helper loaded: template_helper
INFO - 2025-01-08 12:18:21 --> Helper loaded: rest_helper
INFO - 2025-01-08 12:18:21 --> Database Driver Class Initialized
DEBUG - 2025-01-08 12:18:21 --> Idgenerator class already loaded. Second attempt ignored.
INFO - 2025-01-08 12:18:21 --> Controller Class Initialized
INFO - 2025-01-08 12:18:21 --> Model Class Initialized
DEBUG - 2025-01-08 12:18:21 --> File loaded: /apps/web-drc/application/modules/ref_customer_class/models/Customer_class_model.php
INFO - 2025-01-08 12:18:21 --> Model Class Initialized
INFO - 2025-01-08 12:18:21 --> Final output sent to browser
DEBUG - 2025-01-08 12:18:21 --> Total execution time: 0.0098
INFO - 2025-01-08 12:18:21 --> Config Class Initialized
INFO - 2025-01-08 12:18:21 --> Hooks Class Initialized
DEBUG - 2025-01-08 12:18:21 --> UTF-8 Support Enabled
INFO - 2025-01-08 12:18:21 --> Utf8 Class Initialized
INFO - 2025-01-08 12:18:21 --> URI Class Initialized
INFO - 2025-01-08 12:18:21 --> Router Class Initialized
INFO - 2025-01-08 12:18:21 --> Output Class Initialized
INFO - 2025-01-08 12:18:21 --> Security Class Initialized
DEBUG - 2025-01-08 12:18:21 --> Global POST, GET and COOKIE data sanitized
INFO - 2025-01-08 12:18:21 --> Input Class Initialized
INFO - 2025-01-08 12:18:21 --> Language Class Initialized
INFO - 2025-01-08 12:18:21 --> Language Class Initialized
INFO - 2025-01-08 12:18:21 --> Config Class Initialized
INFO - 2025-01-08 12:18:21 --> Loader Class Initialized
INFO - 2025-01-08 12:18:21 --> Helper loaded: url_helper
INFO - 2025-01-08 12:18:21 --> Helper loaded: easyui_helper
INFO - 2025-01-08 12:18:21 --> Helper loaded: param_helper
INFO - 2025-01-08 12:18:21 --> Helper loaded: credential_helper
INFO - 2025-01-08 12:18:21 --> Helper loaded: template_helper
INFO - 2025-01-08 12:18:21 --> Helper loaded: rest_helper
INFO - 2025-01-08 12:18:21 --> Database Driver Class Initialized
DEBUG - 2025-01-08 12:18:21 --> Idgenerator class already loaded. Second attempt ignored.
INFO - 2025-01-08 12:18:21 --> Controller Class Initialized
INFO - 2025-01-08 12:18:21 --> Model Class Initialized
DEBUG - 2025-01-08 12:18:21 --> File loaded: /apps/web-drc/application/modules/api_v1/models/Api_v1_model.php
INFO - 2025-01-08 12:18:21 --> Model Class Initialized
INFO - 2025-01-08 12:18:21 --> Final output sent to browser
DEBUG - 2025-01-08 12:18:21 --> Total execution time: 0.0056
INFO - 2025-01-08 12:18:29 --> Config Class Initialized
INFO - 2025-01-08 12:18:29 --> Hooks Class Initialized
DEBUG - 2025-01-08 12:18:29 --> UTF-8 Support Enabled
INFO - 2025-01-08 12:18:29 --> Utf8 Class Initialized
INFO - 2025-01-08 12:18:29 --> URI Class Initialized
INFO - 2025-01-08 12:18:29 --> Router Class Initialized
INFO - 2025-01-08 12:18:29 --> Output Class Initialized
INFO - 2025-01-08 12:18:29 --> Security Class Initialized
DEBUG - 2025-01-08 12:18:29 --> Global POST, GET and COOKIE data sanitized
INFO - 2025-01-08 12:18:29 --> Input Class Initialized
INFO - 2025-01-08 12:18:29 --> Language Class Initialized
INFO - 2025-01-08 12:18:29 --> Language Class Initialized
INFO - 2025-01-08 12:18:29 --> Config Class Initialized
INFO - 2025-01-08 12:18:29 --> Loader Class Initialized
INFO - 2025-01-08 12:18:29 --> Helper loaded: url_helper
INFO - 2025-01-08 12:18:29 --> Helper loaded: easyui_helper
INFO - 2025-01-08 12:18:29 --> Helper loaded: param_helper
INFO - 2025-01-08 12:18:29 --> Helper loaded: credential_helper
INFO - 2025-01-08 12:18:29 --> Helper loaded: template_helper
INFO - 2025-01-08 12:18:29 --> Helper loaded: rest_helper
INFO - 2025-01-08 12:18:29 --> Database Driver Class Initialized
DEBUG - 2025-01-08 12:18:29 --> Idgenerator class already loaded. Second attempt ignored.
INFO - 2025-01-08 12:18:29 --> Controller Class Initialized
INFO - 2025-01-08 12:18:29 --> Model Class Initialized
DEBUG - 2025-01-08 12:18:29 --> File loaded: /apps/web-drc/application/modules/drc_dashboard/models/Drc_dashboard_model.php
INFO - 2025-01-08 12:18:29 --> Model Class Initialized
INFO - 2025-01-08 12:19:29 --> Final output sent to browser
DEBUG - 2025-01-08 12:19:29 --> Total execution time: 59.4443
INFO - 2025-01-08 12:19:59 --> Config Class Initialized
INFO - 2025-01-08 12:19:59 --> Hooks Class Initialized
DEBUG - 2025-01-08 12:19:59 --> UTF-8 Support Enabled
INFO - 2025-01-08 12:19:59 --> Utf8 Class Initialized
INFO - 2025-01-08 12:19:59 --> URI Class Initialized
INFO - 2025-01-08 12:19:59 --> Router Class Initialized
INFO - 2025-01-08 12:19:59 --> Output Class Initialized
INFO - 2025-01-08 12:19:59 --> Security Class Initialized
DEBUG - 2025-01-08 12:19:59 --> Global POST, GET and COOKIE data sanitized
INFO - 2025-01-08 12:19:59 --> Input Class Initialized
INFO - 2025-01-08 12:19:59 --> Language Class Initialized
INFO - 2025-01-08 12:19:59 --> Language Class Initialized
INFO - 2025-01-08 12:19:59 --> Config Class Initialized
INFO - 2025-01-08 12:19:59 --> Loader Class Initialized
INFO - 2025-01-08 12:19:59 --> Helper loaded: url_helper
INFO - 2025-01-08 12:19:59 --> Helper loaded: easyui_helper
INFO - 2025-01-08 12:19:59 --> Helper loaded: param_helper
INFO - 2025-01-08 12:19:59 --> Helper loaded: credential_helper
INFO - 2025-01-08 12:19:59 --> Helper loaded: template_helper
INFO - 2025-01-08 12:19:59 --> Helper loaded: rest_helper
INFO - 2025-01-08 12:19:59 --> Database Driver Class Initialized
DEBUG - 2025-01-08 12:19:59 --> Idgenerator class already loaded. Second attempt ignored.
INFO - 2025-01-08 12:19:59 --> Controller Class Initialized
INFO - 2025-01-08 12:19:59 --> Model Class Initialized
DEBUG - 2025-01-08 12:19:59 --> File loaded: /apps/web-drc/application/modules/drc_dashboard/models/Drc_dashboard_model.php
INFO - 2025-01-08 12:19:59 --> Model Class Initialized
INFO - 2025-01-08 12:20:13 --> Final output sent to browser
DEBUG - 2025-01-08 12:20:13 --> Total execution time: 13.8476
INFO - 2025-01-08 12:20:20 --> Config Class Initialized
INFO - 2025-01-08 12:20:20 --> Hooks Class Initialized
DEBUG - 2025-01-08 12:20:20 --> UTF-8 Support Enabled
INFO - 2025-01-08 12:20:20 --> Utf8 Class Initialized
INFO - 2025-01-08 12:20:20 --> URI Class Initialized
INFO - 2025-01-08 12:20:20 --> Router Class Initialized
INFO - 2025-01-08 12:20:20 --> Output Class Initialized
INFO - 2025-01-08 12:20:20 --> Security Class Initialized
DEBUG - 2025-01-08 12:20:20 --> Global POST, GET and COOKIE data sanitized
INFO - 2025-01-08 12:20:20 --> Input Class Initialized
INFO - 2025-01-08 12:20:20 --> Language Class Initialized
INFO - 2025-01-08 12:20:20 --> Language Class Initialized
INFO - 2025-01-08 12:20:20 --> Config Class Initialized
INFO - 2025-01-08 12:20:20 --> Loader Class Initialized
INFO - 2025-01-08 12:20:20 --> Helper loaded: url_helper
INFO - 2025-01-08 12:20:20 --> Helper loaded: easyui_helper
INFO - 2025-01-08 12:20:20 --> Helper loaded: param_helper
INFO - 2025-01-08 12:20:20 --> Helper loaded: credential_helper
INFO - 2025-01-08 12:20:20 --> Helper loaded: template_helper
INFO - 2025-01-08 12:20:20 --> Helper loaded: rest_helper
INFO - 2025-01-08 12:20:20 --> Database Driver Class Initialized
DEBUG - 2025-01-08 12:20:20 --> Idgenerator class already loaded. Second attempt ignored.
INFO - 2025-01-08 12:20:20 --> Controller Class Initialized
INFO - 2025-01-08 12:20:20 --> Model Class Initialized
DEBUG - 2025-01-08 12:20:20 --> File loaded: /apps/web-drc/application/modules/drc_dashboard/models/Drc_dashboard_model.php
INFO - 2025-01-08 12:20:20 --> Model Class Initialized
INFO - 2025-01-08 12:20:21 --> Final output sent to browser
DEBUG - 2025-01-08 12:20:21 --> Total execution time: 0.6582
INFO - 2025-01-08 12:20:23 --> Config Class Initialized
INFO - 2025-01-08 12:20:23 --> Hooks Class Initialized
DEBUG - 2025-01-08 12:20:23 --> UTF-8 Support Enabled
INFO - 2025-01-08 12:20:23 --> Utf8 Class Initialized
INFO - 2025-01-08 12:20:23 --> URI Class Initialized
INFO - 2025-01-08 12:20:23 --> Router Class Initialized
INFO - 2025-01-08 12:20:23 --> Output Class Initialized
INFO - 2025-01-08 12:20:23 --> Security Class Initialized
DEBUG - 2025-01-08 12:20:23 --> Global POST, GET and COOKIE data sanitized
INFO - 2025-01-08 12:20:23 --> Input Class Initialized
INFO - 2025-01-08 12:20:23 --> Language Class Initialized
INFO - 2025-01-08 12:20:23 --> Language Class Initialized
INFO - 2025-01-08 12:20:23 --> Config Class Initialized
INFO - 2025-01-08 12:20:23 --> Loader Class Initialized
INFO - 2025-01-08 12:20:23 --> Helper loaded: url_helper
INFO - 2025-01-08 12:20:23 --> Helper loaded: easyui_helper
INFO - 2025-01-08 12:20:23 --> Helper loaded: param_helper
INFO - 2025-01-08 12:20:23 --> Helper loaded: credential_helper
INFO - 2025-01-08 12:20:23 --> Helper loaded: template_helper
INFO - 2025-01-08 12:20:23 --> Helper loaded: rest_helper
INFO - 2025-01-08 12:20:23 --> Database Driver Class Initialized
DEBUG - 2025-01-08 12:20:23 --> Idgenerator class already loaded. Second attempt ignored.
INFO - 2025-01-08 12:20:23 --> Controller Class Initialized
INFO - 2025-01-08 12:20:23 --> Model Class Initialized
DEBUG - 2025-01-08 12:20:23 --> File loaded: /apps/web-drc/application/modules/ref_customer_class/models/Customer_class_model.php
INFO - 2025-01-08 12:20:23 --> Model Class Initialized
INFO - 2025-01-08 12:20:23 --> Final output sent to browser
DEBUG - 2025-01-08 12:20:23 --> Total execution time: 0.0038
INFO - 2025-01-08 12:20:32 --> Config Class Initialized
INFO - 2025-01-08 12:20:32 --> Hooks Class Initialized
DEBUG - 2025-01-08 12:20:32 --> UTF-8 Support Enabled
INFO - 2025-01-08 12:20:32 --> Utf8 Class Initialized
INFO - 2025-01-08 12:20:32 --> URI Class Initialized
INFO - 2025-01-08 12:20:32 --> Router Class Initialized
INFO - 2025-01-08 12:20:32 --> Output Class Initialized
INFO - 2025-01-08 12:20:32 --> Security Class Initialized
DEBUG - 2025-01-08 12:20:32 --> Global POST, GET and COOKIE data sanitized
INFO - 2025-01-08 12:20:32 --> Input Class Initialized
INFO - 2025-01-08 12:20:32 --> Language Class Initialized
INFO - 2025-01-08 12:20:32 --> Language Class Initialized
INFO - 2025-01-08 12:20:32 --> Config Class Initialized
INFO - 2025-01-08 12:20:32 --> Loader Class Initialized
INFO - 2025-01-08 12:20:32 --> Helper loaded: url_helper
INFO - 2025-01-08 12:20:32 --> Helper loaded: easyui_helper
INFO - 2025-01-08 12:20:32 --> Helper loaded: param_helper
INFO - 2025-01-08 12:20:32 --> Helper loaded: credential_helper
INFO - 2025-01-08 12:20:32 --> Helper loaded: template_helper
INFO - 2025-01-08 12:20:32 --> Helper loaded: rest_helper
INFO - 2025-01-08 12:20:32 --> Database Driver Class Initialized
DEBUG - 2025-01-08 12:20:32 --> Idgenerator class already loaded. Second attempt ignored.
INFO - 2025-01-08 12:20:32 --> Controller Class Initialized
INFO - 2025-01-08 12:20:32 --> Model Class Initialized
DEBUG - 2025-01-08 12:20:32 --> File loaded: /apps/web-drc/application/modules/drc_dashboard/models/Drc_dashboard_model.php
INFO - 2025-01-08 12:20:32 --> Model Class Initialized
INFO - 2025-01-08 12:20:47 --> Final output sent to browser
DEBUG - 2025-01-08 12:20:47 --> Total execution time: 15.2324
INFO - 2025-01-08 12:21:05 --> Config Class Initialized
INFO - 2025-01-08 12:21:05 --> Hooks Class Initialized
DEBUG - 2025-01-08 12:21:05 --> UTF-8 Support Enabled
INFO - 2025-01-08 12:21:05 --> Utf8 Class Initialized
INFO - 2025-01-08 12:21:05 --> URI Class Initialized
INFO - 2025-01-08 12:21:05 --> Router Class Initialized
INFO - 2025-01-08 12:21:05 --> Output Class Initialized
INFO - 2025-01-08 12:21:05 --> Security Class Initialized
DEBUG - 2025-01-08 12:21:05 --> Global POST, GET and COOKIE data sanitized
INFO - 2025-01-08 12:21:05 --> Input Class Initialized
INFO - 2025-01-08 12:21:05 --> Language Class Initialized
INFO - 2025-01-08 12:21:05 --> Language Class Initialized
INFO - 2025-01-08 12:21:05 --> Config Class Initialized
INFO - 2025-01-08 12:21:05 --> Loader Class Initialized
INFO - 2025-01-08 12:21:05 --> Helper loaded: url_helper
INFO - 2025-01-08 12:21:05 --> Helper loaded: easyui_helper
INFO - 2025-01-08 12:21:05 --> Helper loaded: param_helper
INFO - 2025-01-08 12:21:05 --> Helper loaded: credential_helper
INFO - 2025-01-08 12:21:05 --> Helper loaded: template_helper
INFO - 2025-01-08 12:21:05 --> Helper loaded: rest_helper
INFO - 2025-01-08 12:21:05 --> Database Driver Class Initialized
DEBUG - 2025-01-08 12:21:05 --> Idgenerator class already loaded. Second attempt ignored.
INFO - 2025-01-08 12:21:05 --> Controller Class Initialized
INFO - 2025-01-08 12:21:05 --> Model Class Initialized
DEBUG - 2025-01-08 12:21:05 --> File loaded: /apps/web-drc/application/modules/drc_dashboard/models/Drc_dashboard_model.php
INFO - 2025-01-08 12:21:05 --> Model Class Initialized
INFO - 2025-01-08 12:21:09 --> Final output sent to browser
DEBUG - 2025-01-08 12:21:09 --> Total execution time: 3.5564
INFO - 2025-01-08 12:21:11 --> Config Class Initialized
INFO - 2025-01-08 12:21:11 --> Hooks Class Initialized
DEBUG - 2025-01-08 12:21:11 --> UTF-8 Support Enabled
INFO - 2025-01-08 12:21:11 --> Utf8 Class Initialized
INFO - 2025-01-08 12:21:11 --> URI Class Initialized
INFO - 2025-01-08 12:21:11 --> Router Class Initialized
INFO - 2025-01-08 12:21:11 --> Output Class Initialized
INFO - 2025-01-08 12:21:11 --> Security Class Initialized
DEBUG - 2025-01-08 12:21:11 --> Global POST, GET and COOKIE data sanitized
INFO - 2025-01-08 12:21:11 --> Input Class Initialized
INFO - 2025-01-08 12:21:11 --> Language Class Initialized
INFO - 2025-01-08 12:21:11 --> Language Class Initialized
INFO - 2025-01-08 12:21:11 --> Config Class Initialized
INFO - 2025-01-08 12:21:11 --> Loader Class Initialized
INFO - 2025-01-08 12:21:11 --> Helper loaded: url_helper
INFO - 2025-01-08 12:21:11 --> Helper loaded: easyui_helper
INFO - 2025-01-08 12:21:11 --> Helper loaded: param_helper
INFO - 2025-01-08 12:21:11 --> Helper loaded: credential_helper
INFO - 2025-01-08 12:21:11 --> Helper loaded: template_helper
INFO - 2025-01-08 12:21:11 --> Helper loaded: rest_helper
INFO - 2025-01-08 12:21:11 --> Database Driver Class Initialized
DEBUG - 2025-01-08 12:21:11 --> Idgenerator class already loaded. Second attempt ignored.
INFO - 2025-01-08 12:21:11 --> Controller Class Initialized
INFO - 2025-01-08 12:21:11 --> Model Class Initialized
DEBUG - 2025-01-08 12:21:11 --> File loaded: /apps/web-drc/application/modules/drc_dashboard/models/Drc_dashboard_model.php
INFO - 2025-01-08 12:21:11 --> Model Class Initialized
INFO - 2025-01-08 12:21:13 --> Final output sent to browser
DEBUG - 2025-01-08 12:21:13 --> Total execution time: 1.4767
INFO - 2025-01-08 12:21:20 --> Config Class Initialized
INFO - 2025-01-08 12:21:20 --> Hooks Class Initialized
DEBUG - 2025-01-08 12:21:20 --> UTF-8 Support Enabled
INFO - 2025-01-08 12:21:20 --> Utf8 Class Initialized
INFO - 2025-01-08 12:21:20 --> URI Class Initialized
INFO - 2025-01-08 12:21:20 --> Router Class Initialized
INFO - 2025-01-08 12:21:20 --> Output Class Initialized
INFO - 2025-01-08 12:21:20 --> Security Class Initialized
DEBUG - 2025-01-08 12:21:20 --> Global POST, GET and COOKIE data sanitized
INFO - 2025-01-08 12:21:20 --> Input Class Initialized
INFO - 2025-01-08 12:21:20 --> Language Class Initialized
INFO - 2025-01-08 12:21:20 --> Language Class Initialized
INFO - 2025-01-08 12:21:20 --> Config Class Initialized
INFO - 2025-01-08 12:21:20 --> Loader Class Initialized
INFO - 2025-01-08 12:21:20 --> Helper loaded: url_helper
INFO - 2025-01-08 12:21:20 --> Helper loaded: easyui_helper
INFO - 2025-01-08 12:21:20 --> Helper loaded: param_helper
INFO - 2025-01-08 12:21:20 --> Helper loaded: credential_helper
INFO - 2025-01-08 12:21:20 --> Helper loaded: template_helper
INFO - 2025-01-08 12:21:20 --> Helper loaded: rest_helper
INFO - 2025-01-08 12:21:20 --> Database Driver Class Initialized
DEBUG - 2025-01-08 12:21:20 --> Idgenerator class already loaded. Second attempt ignored.
INFO - 2025-01-08 12:21:20 --> Controller Class Initialized
INFO - 2025-01-08 12:21:20 --> Model Class Initialized
DEBUG - 2025-01-08 12:21:20 --> File loaded: /apps/web-drc/application/modules/drc_dashboard/models/Drc_dashboard_model.php
INFO - 2025-01-08 12:21:20 --> Model Class Initialized
INFO - 2025-01-08 12:21:21 --> Final output sent to browser
DEBUG - 2025-01-08 12:21:21 --> Total execution time: 1.0615
INFO - 2025-01-08 12:21:46 --> Config Class Initialized
INFO - 2025-01-08 12:21:46 --> Hooks Class Initialized
DEBUG - 2025-01-08 12:21:46 --> UTF-8 Support Enabled
INFO - 2025-01-08 12:21:46 --> Utf8 Class Initialized
INFO - 2025-01-08 12:21:46 --> URI Class Initialized
INFO - 2025-01-08 12:21:46 --> Router Class Initialized
INFO - 2025-01-08 12:21:46 --> Output Class Initialized
INFO - 2025-01-08 12:21:46 --> Security Class Initialized
DEBUG - 2025-01-08 12:21:46 --> Global POST, GET and COOKIE data sanitized
INFO - 2025-01-08 12:21:46 --> Input Class Initialized
INFO - 2025-01-08 12:21:46 --> Language Class Initialized
INFO - 2025-01-08 12:21:46 --> Language Class Initialized
INFO - 2025-01-08 12:21:46 --> Config Class Initialized
INFO - 2025-01-08 12:21:46 --> Loader Class Initialized
INFO - 2025-01-08 12:21:46 --> Helper loaded: url_helper
INFO - 2025-01-08 12:21:46 --> Helper loaded: easyui_helper
INFO - 2025-01-08 12:21:46 --> Helper loaded: param_helper
INFO - 2025-01-08 12:21:46 --> Helper loaded: credential_helper
INFO - 2025-01-08 12:21:46 --> Helper loaded: template_helper
INFO - 2025-01-08 12:21:46 --> Helper loaded: rest_helper
INFO - 2025-01-08 12:21:46 --> Database Driver Class Initialized
DEBUG - 2025-01-08 12:21:46 --> Idgenerator class already loaded. Second attempt ignored.
INFO - 2025-01-08 12:21:46 --> Controller Class Initialized
INFO - 2025-01-08 12:21:46 --> Model Class Initialized
DEBUG - 2025-01-08 12:21:46 --> File loaded: /apps/web-drc/application/modules/drc_dashboard/models/Drc_dashboard_model.php
INFO - 2025-01-08 12:21:46 --> Model Class Initialized
INFO - 2025-01-08 12:21:46 --> Final output sent to browser
DEBUG - 2025-01-08 12:21:46 --> Total execution time: 0.4541
INFO - 2025-01-08 12:21:53 --> Config Class Initialized
INFO - 2025-01-08 12:21:53 --> Hooks Class Initialized
DEBUG - 2025-01-08 12:21:53 --> UTF-8 Support Enabled
INFO - 2025-01-08 12:21:53 --> Utf8 Class Initialized
INFO - 2025-01-08 12:21:53 --> URI Class Initialized
INFO - 2025-01-08 12:21:53 --> Router Class Initialized
INFO - 2025-01-08 12:21:53 --> Output Class Initialized
INFO - 2025-01-08 12:21:53 --> Security Class Initialized
DEBUG - 2025-01-08 12:21:53 --> Global POST, GET and COOKIE data sanitized
INFO - 2025-01-08 12:21:53 --> Input Class Initialized
INFO - 2025-01-08 12:21:53 --> Language Class Initialized
INFO - 2025-01-08 12:21:53 --> Language Class Initialized
INFO - 2025-01-08 12:21:53 --> Config Class Initialized
INFO - 2025-01-08 12:21:53 --> Loader Class Initialized
INFO - 2025-01-08 12:21:53 --> Helper loaded: url_helper
INFO - 2025-01-08 12:21:53 --> Helper loaded: easyui_helper
INFO - 2025-01-08 12:21:53 --> Helper loaded: param_helper
INFO - 2025-01-08 12:21:53 --> Helper loaded: credential_helper
INFO - 2025-01-08 12:21:53 --> Helper loaded: template_helper
INFO - 2025-01-08 12:21:53 --> Helper loaded: rest_helper
INFO - 2025-01-08 12:21:53 --> Database Driver Class Initialized
DEBUG - 2025-01-08 12:21:53 --> Idgenerator class already loaded. Second attempt ignored.
INFO - 2025-01-08 12:21:53 --> Controller Class Initialized
INFO - 2025-01-08 12:21:53 --> Model Class Initialized
DEBUG - 2025-01-08 12:21:53 --> File loaded: /apps/web-drc/application/modules/drc_dashboard/models/Drc_dashboard_model.php
INFO - 2025-01-08 12:21:53 --> Model Class Initialized
INFO - 2025-01-08 12:21:53 --> Final output sent to browser
DEBUG - 2025-01-08 12:21:53 --> Total execution time: 0.1253
INFO - 2025-01-08 12:21:59 --> Config Class Initialized
INFO - 2025-01-08 12:21:59 --> Hooks Class Initialized
DEBUG - 2025-01-08 12:21:59 --> UTF-8 Support Enabled
INFO - 2025-01-08 12:21:59 --> Utf8 Class Initialized
INFO - 2025-01-08 12:21:59 --> URI Class Initialized
INFO - 2025-01-08 12:21:59 --> Router Class Initialized
INFO - 2025-01-08 12:21:59 --> Output Class Initialized
INFO - 2025-01-08 12:21:59 --> Security Class Initialized
DEBUG - 2025-01-08 12:21:59 --> Global POST, GET and COOKIE data sanitized
INFO - 2025-01-08 12:21:59 --> Input Class Initialized
INFO - 2025-01-08 12:21:59 --> Language Class Initialized
INFO - 2025-01-08 12:21:59 --> Language Class Initialized
INFO - 2025-01-08 12:21:59 --> Config Class Initialized
INFO - 2025-01-08 12:21:59 --> Loader Class Initialized
INFO - 2025-01-08 12:21:59 --> Helper loaded: url_helper
INFO - 2025-01-08 12:21:59 --> Helper loaded: easyui_helper
INFO - 2025-01-08 12:21:59 --> Helper loaded: param_helper
INFO - 2025-01-08 12:21:59 --> Helper loaded: credential_helper
INFO - 2025-01-08 12:21:59 --> Helper loaded: template_helper
INFO - 2025-01-08 12:21:59 --> Helper loaded: rest_helper
INFO - 2025-01-08 12:21:59 --> Database Driver Class Initialized
DEBUG - 2025-01-08 12:21:59 --> Idgenerator class already loaded. Second attempt ignored.
INFO - 2025-01-08 12:21:59 --> Controller Class Initialized
INFO - 2025-01-08 12:21:59 --> Model Class Initialized
DEBUG - 2025-01-08 12:21:59 --> File loaded: /apps/web-drc/application/modules/rep_productivity/models/Rep_productivity_model.php
INFO - 2025-01-08 12:21:59 --> Model Class Initialized
DEBUG - 2025-01-08 12:21:59 --> File loaded: /apps/web-drc/application/modules/rep_productivity/views/form.php
DEBUG - 2025-01-08 12:21:59 --> File loaded: /apps/web-drc/application/views/templates/header.php
DEBUG - 2025-01-08 12:21:59 --> File loaded: /apps/web-drc/application/views/templates/toolbar.php
DEBUG - 2025-01-08 12:21:59 --> File loaded: /apps/web-drc/application/views/templates/sidebar.php
DEBUG - 2025-01-08 12:21:59 --> File loaded: /apps/web-drc/application/views/templates/contents.php
DEBUG - 2025-01-08 12:21:59 --> File loaded: /apps/web-drc/application/views/templates/content_footer.php
DEBUG - 2025-01-08 12:21:59 --> File loaded: /apps/web-drc/application/views/templates/footer.php
DEBUG - 2025-01-08 12:21:59 --> File loaded: /apps/web-drc/application/views/templates/default.php
INFO - 2025-01-08 12:21:59 --> Final output sent to browser
DEBUG - 2025-01-08 12:21:59 --> Total execution time: 0.0077
INFO - 2025-01-08 12:21:59 --> Config Class Initialized
INFO - 2025-01-08 12:21:59 --> Hooks Class Initialized
DEBUG - 2025-01-08 12:21:59 --> UTF-8 Support Enabled
INFO - 2025-01-08 12:21:59 --> Utf8 Class Initialized
INFO - 2025-01-08 12:21:59 --> URI Class Initialized
INFO - 2025-01-08 12:21:59 --> Router Class Initialized
INFO - 2025-01-08 12:21:59 --> Output Class Initialized
INFO - 2025-01-08 12:21:59 --> Security Class Initialized
DEBUG - 2025-01-08 12:21:59 --> Global POST, GET and COOKIE data sanitized
INFO - 2025-01-08 12:21:59 --> Input Class Initialized
INFO - 2025-01-08 12:21:59 --> Language Class Initialized
INFO - 2025-01-08 12:21:59 --> Language Class Initialized
INFO - 2025-01-08 12:21:59 --> Config Class Initialized
INFO - 2025-01-08 12:21:59 --> Loader Class Initialized
INFO - 2025-01-08 12:21:59 --> Helper loaded: url_helper
INFO - 2025-01-08 12:21:59 --> Helper loaded: easyui_helper
INFO - 2025-01-08 12:21:59 --> Helper loaded: param_helper
INFO - 2025-01-08 12:21:59 --> Helper loaded: credential_helper
INFO - 2025-01-08 12:21:59 --> Helper loaded: template_helper
INFO - 2025-01-08 12:21:59 --> Helper loaded: rest_helper
INFO - 2025-01-08 12:21:59 --> Database Driver Class Initialized
DEBUG - 2025-01-08 12:21:59 --> Idgenerator class already loaded. Second attempt ignored.
INFO - 2025-01-08 12:21:59 --> Controller Class Initialized
INFO - 2025-01-08 12:21:59 --> Model Class Initialized
DEBUG - 2025-01-08 12:21:59 --> File loaded: /apps/web-drc/application/modules/rep_productivity/models/Rep_productivity_model.php
INFO - 2025-01-08 12:21:59 --> Model Class Initialized
INFO - 2025-01-08 12:21:59 --> Final output sent to browser
DEBUG - 2025-01-08 12:21:59 --> Total execution time: 0.0037
INFO - 2025-01-08 12:21:59 --> Config Class Initialized
INFO - 2025-01-08 12:21:59 --> Hooks Class Initialized
DEBUG - 2025-01-08 12:21:59 --> UTF-8 Support Enabled
INFO - 2025-01-08 12:21:59 --> Utf8 Class Initialized
INFO - 2025-01-08 12:21:59 --> URI Class Initialized
INFO - 2025-01-08 12:21:59 --> Router Class Initialized
INFO - 2025-01-08 12:21:59 --> Output Class Initialized
INFO - 2025-01-08 12:21:59 --> Security Class Initialized
DEBUG - 2025-01-08 12:21:59 --> Global POST, GET and COOKIE data sanitized
INFO - 2025-01-08 12:21:59 --> Input Class Initialized
INFO - 2025-01-08 12:21:59 --> Language Class Initialized
INFO - 2025-01-08 12:21:59 --> Language Class Initialized
INFO - 2025-01-08 12:21:59 --> Config Class Initialized
INFO - 2025-01-08 12:21:59 --> Loader Class Initialized
INFO - 2025-01-08 12:21:59 --> Helper loaded: url_helper
INFO - 2025-01-08 12:21:59 --> Helper loaded: easyui_helper
INFO - 2025-01-08 12:21:59 --> Helper loaded: param_helper
INFO - 2025-01-08 12:21:59 --> Helper loaded: credential_helper
INFO - 2025-01-08 12:21:59 --> Helper loaded: template_helper
INFO - 2025-01-08 12:21:59 --> Helper loaded: rest_helper
INFO - 2025-01-08 12:21:59 --> Database Driver Class Initialized
DEBUG - 2025-01-08 12:21:59 --> Idgenerator class already loaded. Second attempt ignored.
INFO - 2025-01-08 12:21:59 --> Controller Class Initialized
INFO - 2025-01-08 12:21:59 --> Model Class Initialized
DEBUG - 2025-01-08 12:21:59 --> File loaded: /apps/web-drc/application/modules/api_v1/models/Api_v1_model.php
INFO - 2025-01-08 12:21:59 --> Model Class Initialized
INFO - 2025-01-08 12:21:59 --> Final output sent to browser
DEBUG - 2025-01-08 12:21:59 --> Total execution time: 0.0038
INFO - 2025-01-08 12:22:08 --> Config Class Initialized
INFO - 2025-01-08 12:22:08 --> Hooks Class Initialized
DEBUG - 2025-01-08 12:22:08 --> UTF-8 Support Enabled
INFO - 2025-01-08 12:22:08 --> Utf8 Class Initialized
INFO - 2025-01-08 12:22:08 --> URI Class Initialized
INFO - 2025-01-08 12:22:08 --> Router Class Initialized
INFO - 2025-01-08 12:22:08 --> Output Class Initialized
INFO - 2025-01-08 12:22:08 --> Security Class Initialized
DEBUG - 2025-01-08 12:22:08 --> Global POST, GET and COOKIE data sanitized
INFO - 2025-01-08 12:22:08 --> Input Class Initialized
INFO - 2025-01-08 12:22:08 --> Language Class Initialized
INFO - 2025-01-08 12:22:08 --> Language Class Initialized
INFO - 2025-01-08 12:22:08 --> Config Class Initialized
INFO - 2025-01-08 12:22:08 --> Loader Class Initialized
INFO - 2025-01-08 12:22:08 --> Helper loaded: url_helper
INFO - 2025-01-08 12:22:08 --> Helper loaded: easyui_helper
INFO - 2025-01-08 12:22:08 --> Helper loaded: param_helper
INFO - 2025-01-08 12:22:08 --> Helper loaded: credential_helper
INFO - 2025-01-08 12:22:08 --> Helper loaded: template_helper
INFO - 2025-01-08 12:22:08 --> Helper loaded: rest_helper
INFO - 2025-01-08 12:22:08 --> Database Driver Class Initialized
DEBUG - 2025-01-08 12:22:08 --> Idgenerator class already loaded. Second attempt ignored.
INFO - 2025-01-08 12:22:08 --> Controller Class Initialized
INFO - 2025-01-08 12:22:08 --> Model Class Initialized
DEBUG - 2025-01-08 12:22:08 --> File loaded: /apps/web-drc/application/modules/drc_dashboard/models/Drc_dashboard_model.php
INFO - 2025-01-08 12:22:08 --> Model Class Initialized
DEBUG - 2025-01-08 12:22:08 --> File loaded: /apps/web-drc/application/modules/drc_dashboard/views/form.php
DEBUG - 2025-01-08 12:22:08 --> File loaded: /apps/web-drc/application/views/templates/header.php
DEBUG - 2025-01-08 12:22:08 --> File loaded: /apps/web-drc/application/views/templates/toolbar.php
DEBUG - 2025-01-08 12:22:08 --> File loaded: /apps/web-drc/application/views/templates/sidebar.php
DEBUG - 2025-01-08 12:22:08 --> File loaded: /apps/web-drc/application/views/templates/contents.php
DEBUG - 2025-01-08 12:22:08 --> File loaded: /apps/web-drc/application/views/templates/content_footer.php
DEBUG - 2025-01-08 12:22:08 --> File loaded: /apps/web-drc/application/views/templates/footer.php
DEBUG - 2025-01-08 12:22:08 --> File loaded: /apps/web-drc/application/views/templates/default.php
INFO - 2025-01-08 12:22:08 --> Final output sent to browser
DEBUG - 2025-01-08 12:22:08 --> Total execution time: 0.0080
INFO - 2025-01-08 13:56:53 --> Config Class Initialized
INFO - 2025-01-08 13:56:53 --> Hooks Class Initialized
DEBUG - 2025-01-08 13:56:53 --> UTF-8 Support Enabled
INFO - 2025-01-08 13:56:53 --> Utf8 Class Initialized
INFO - 2025-01-08 13:56:53 --> URI Class Initialized
INFO - 2025-01-08 13:56:53 --> Router Class Initialized
INFO - 2025-01-08 13:56:53 --> Output Class Initialized
INFO - 2025-01-08 13:56:53 --> Security Class Initialized
DEBUG - 2025-01-08 13:56:53 --> Global POST, GET and COOKIE data sanitized
INFO - 2025-01-08 13:56:53 --> Input Class Initialized
INFO - 2025-01-08 13:56:53 --> Language Class Initialized
INFO - 2025-01-08 13:56:53 --> Language Class Initialized
INFO - 2025-01-08 13:56:53 --> Config Class Initialized
INFO - 2025-01-08 13:56:53 --> Loader Class Initialized
INFO - 2025-01-08 13:56:53 --> Helper loaded: url_helper
INFO - 2025-01-08 13:56:53 --> Helper loaded: easyui_helper
INFO - 2025-01-08 13:56:53 --> Helper loaded: param_helper
INFO - 2025-01-08 13:56:53 --> Helper loaded: credential_helper
INFO - 2025-01-08 13:56:53 --> Helper loaded: template_helper
INFO - 2025-01-08 13:56:53 --> Helper loaded: rest_helper
INFO - 2025-01-08 13:56:53 --> Database Driver Class Initialized
DEBUG - 2025-01-08 13:56:53 --> Idgenerator class already loaded. Second attempt ignored.
INFO - 2025-01-08 13:56:53 --> Controller Class Initialized
INFO - 2025-01-08 13:56:53 --> Model Class Initialized
DEBUG - 2025-01-08 13:56:53 --> File loaded: /apps/web-drc/application/modules/app_dashboard/models/App_dashboard_model.php
INFO - 2025-01-08 13:56:53 --> Model Class Initialized
DEBUG - 2025-01-08 13:56:53 --> File loaded: /apps/web-drc/application/modules/app_dashboard/views/content.php
DEBUG - 2025-01-08 13:56:53 --> File loaded: /apps/web-drc/application/views/templates/header.php
DEBUG - 2025-01-08 13:56:53 --> File loaded: /apps/web-drc/application/views/templates/toolbar.php
DEBUG - 2025-01-08 13:56:53 --> File loaded: /apps/web-drc/application/views/templates/sidebar.php
DEBUG - 2025-01-08 13:56:53 --> File loaded: /apps/web-drc/application/views/templates/contents.php
DEBUG - 2025-01-08 13:56:53 --> File loaded: /apps/web-drc/application/views/templates/content_footer.php
DEBUG - 2025-01-08 13:56:53 --> File loaded: /apps/web-drc/application/views/templates/footer.php
INFO - 2025-01-08 13:56:53 --> Config Class Initialized
INFO - 2025-01-08 13:56:53 --> Hooks Class Initialized
DEBUG - 2025-01-08 13:56:53 --> UTF-8 Support Enabled
INFO - 2025-01-08 13:56:53 --> Utf8 Class Initialized
INFO - 2025-01-08 13:56:53 --> URI Class Initialized
DEBUG - 2025-01-08 13:56:53 --> No URI present. Default controller set.
INFO - 2025-01-08 13:56:53 --> Router Class Initialized
INFO - 2025-01-08 13:56:53 --> Output Class Initialized
INFO - 2025-01-08 13:56:53 --> Security Class Initialized
DEBUG - 2025-01-08 13:56:53 --> Global POST, GET and COOKIE data sanitized
INFO - 2025-01-08 13:56:53 --> Input Class Initialized
INFO - 2025-01-08 13:56:53 --> Language Class Initialized
INFO - 2025-01-08 13:56:53 --> Language Class Initialized
INFO - 2025-01-08 13:56:53 --> Config Class Initialized
INFO - 2025-01-08 13:56:53 --> Loader Class Initialized
INFO - 2025-01-08 13:56:53 --> Helper loaded: url_helper
INFO - 2025-01-08 13:56:53 --> Helper loaded: easyui_helper
INFO - 2025-01-08 13:56:53 --> Helper loaded: param_helper
INFO - 2025-01-08 13:56:53 --> Helper loaded: credential_helper
INFO - 2025-01-08 13:56:53 --> Helper loaded: template_helper
INFO - 2025-01-08 13:56:53 --> Helper loaded: rest_helper
INFO - 2025-01-08 13:56:53 --> Database Driver Class Initialized
DEBUG - 2025-01-08 13:56:53 --> Idgenerator class already loaded. Second attempt ignored.
INFO - 2025-01-08 13:56:53 --> Controller Class Initialized
DEBUG - 2025-01-08 13:56:53 --> File loaded: /apps/web-drc/application/modules/app_auth/views/login_lte_template.php
DEBUG - 2025-01-08 13:56:53 --> File loaded: /apps/web-drc/application/views/template_login_lte/header.php
DEBUG - 2025-01-08 13:56:53 --> File loaded: /apps/web-drc/application/views/template_login_lte/contents.php
DEBUG - 2025-01-08 13:56:53 --> File loaded: /apps/web-drc/application/views/template_login_lte/default.php
INFO - 2025-01-08 13:56:53 --> Final output sent to browser
DEBUG - 2025-01-08 13:56:53 --> Total execution time: 0.0030
INFO - 2025-01-08 13:56:55 --> Config Class Initialized
INFO - 2025-01-08 13:56:55 --> Hooks Class Initialized
DEBUG - 2025-01-08 13:56:55 --> UTF-8 Support Enabled
INFO - 2025-01-08 13:56:55 --> Utf8 Class Initialized
INFO - 2025-01-08 13:56:55 --> URI Class Initialized
INFO - 2025-01-08 13:56:55 --> Router Class Initialized
INFO - 2025-01-08 13:56:55 --> Output Class Initialized
INFO - 2025-01-08 13:56:55 --> Security Class Initialized
DEBUG - 2025-01-08 13:56:55 --> Global POST, GET and COOKIE data sanitized
INFO - 2025-01-08 13:56:55 --> Input Class Initialized
INFO - 2025-01-08 13:56:55 --> Language Class Initialized
INFO - 2025-01-08 13:56:55 --> Language Class Initialized
INFO - 2025-01-08 13:56:55 --> Config Class Initialized
INFO - 2025-01-08 13:56:55 --> Loader Class Initialized
INFO - 2025-01-08 13:56:55 --> Helper loaded: url_helper
INFO - 2025-01-08 13:56:55 --> Helper loaded: easyui_helper
INFO - 2025-01-08 13:56:55 --> Helper loaded: param_helper
INFO - 2025-01-08 13:56:55 --> Helper loaded: credential_helper
INFO - 2025-01-08 13:56:55 --> Helper loaded: template_helper
INFO - 2025-01-08 13:56:55 --> Helper loaded: rest_helper
INFO - 2025-01-08 13:56:55 --> Database Driver Class Initialized
DEBUG - 2025-01-08 13:56:55 --> Idgenerator class already loaded. Second attempt ignored.
INFO - 2025-01-08 13:56:55 --> Controller Class Initialized
INFO - 2025-01-08 13:56:55 --> Final output sent to browser
DEBUG - 2025-01-08 13:56:55 --> Total execution time: 0.0042
INFO - 2025-01-08 13:56:55 --> Config Class Initialized
INFO - 2025-01-08 13:56:55 --> Hooks Class Initialized
DEBUG - 2025-01-08 13:56:55 --> UTF-8 Support Enabled
INFO - 2025-01-08 13:56:55 --> Utf8 Class Initialized
INFO - 2025-01-08 13:56:55 --> URI Class Initialized
INFO - 2025-01-08 13:56:55 --> Router Class Initialized
INFO - 2025-01-08 13:56:55 --> Output Class Initialized
INFO - 2025-01-08 13:56:55 --> Security Class Initialized
DEBUG - 2025-01-08 13:56:55 --> Global POST, GET and COOKIE data sanitized
INFO - 2025-01-08 13:56:55 --> Input Class Initialized
INFO - 2025-01-08 13:56:55 --> Language Class Initialized
INFO - 2025-01-08 13:56:55 --> Language Class Initialized
INFO - 2025-01-08 13:56:55 --> Config Class Initialized
INFO - 2025-01-08 13:56:55 --> Loader Class Initialized
INFO - 2025-01-08 13:56:55 --> Helper loaded: url_helper
INFO - 2025-01-08 13:56:55 --> Helper loaded: easyui_helper
INFO - 2025-01-08 13:56:55 --> Helper loaded: param_helper
INFO - 2025-01-08 13:56:55 --> Helper loaded: credential_helper
INFO - 2025-01-08 13:56:55 --> Helper loaded: template_helper
INFO - 2025-01-08 13:56:55 --> Helper loaded: rest_helper
INFO - 2025-01-08 13:56:55 --> Database Driver Class Initialized
DEBUG - 2025-01-08 13:56:55 --> Idgenerator class already loaded. Second attempt ignored.
INFO - 2025-01-08 13:56:55 --> Controller Class Initialized
INFO - 2025-01-08 13:56:55 --> Model Class Initialized
DEBUG - 2025-01-08 13:56:55 --> File loaded: /apps/web-drc/application/modules/app_dashboard/models/App_dashboard_model.php
INFO - 2025-01-08 13:56:55 --> Model Class Initialized
DEBUG - 2025-01-08 13:56:55 --> File loaded: /apps/web-drc/application/modules/app_dashboard/views/content.php
DEBUG - 2025-01-08 13:56:55 --> File loaded: /apps/web-drc/application/views/templates/header.php
DEBUG - 2025-01-08 13:56:55 --> File loaded: /apps/web-drc/application/views/templates/toolbar.php
DEBUG - 2025-01-08 13:56:55 --> File loaded: /apps/web-drc/application/views/templates/sidebar.php
DEBUG - 2025-01-08 13:56:55 --> File loaded: /apps/web-drc/application/views/templates/contents.php
DEBUG - 2025-01-08 13:56:55 --> File loaded: /apps/web-drc/application/views/templates/content_footer.php
DEBUG - 2025-01-08 13:56:55 --> File loaded: /apps/web-drc/application/views/templates/footer.php
DEBUG - 2025-01-08 13:56:55 --> File loaded: /apps/web-drc/application/views/templates/default.php
INFO - 2025-01-08 13:56:55 --> Final output sent to browser
DEBUG - 2025-01-08 13:56:55 --> Total execution time: 0.0085
INFO - 2025-01-08 13:56:55 --> Config Class Initialized
INFO - 2025-01-08 13:56:55 --> Hooks Class Initialized
DEBUG - 2025-01-08 13:56:55 --> UTF-8 Support Enabled
INFO - 2025-01-08 13:56:55 --> Utf8 Class Initialized
INFO - 2025-01-08 13:56:55 --> URI Class Initialized
INFO - 2025-01-08 13:56:55 --> Router Class Initialized
INFO - 2025-01-08 13:56:55 --> Output Class Initialized
INFO - 2025-01-08 13:56:55 --> Security Class Initialized
DEBUG - 2025-01-08 13:56:55 --> Global POST, GET and COOKIE data sanitized
INFO - 2025-01-08 13:56:55 --> Input Class Initialized
INFO - 2025-01-08 13:56:55 --> Language Class Initialized
INFO - 2025-01-08 13:56:55 --> Language Class Initialized
INFO - 2025-01-08 13:56:55 --> Config Class Initialized
INFO - 2025-01-08 13:56:55 --> Loader Class Initialized
INFO - 2025-01-08 13:56:55 --> Helper loaded: url_helper
INFO - 2025-01-08 13:56:55 --> Helper loaded: easyui_helper
INFO - 2025-01-08 13:56:55 --> Helper loaded: param_helper
INFO - 2025-01-08 13:56:55 --> Helper loaded: credential_helper
INFO - 2025-01-08 13:56:55 --> Helper loaded: template_helper
INFO - 2025-01-08 13:56:55 --> Helper loaded: rest_helper
INFO - 2025-01-08 13:56:55 --> Database Driver Class Initialized
DEBUG - 2025-01-08 13:56:55 --> Idgenerator class already loaded. Second attempt ignored.
INFO - 2025-01-08 13:56:55 --> Controller Class Initialized
INFO - 2025-01-08 13:56:55 --> Model Class Initialized
DEBUG - 2025-01-08 13:56:55 --> File loaded: /apps/web-drc/application/modules/app_dashboard/models/App_dashboard_model.php
INFO - 2025-01-08 13:56:55 --> Model Class Initialized
INFO - 2025-01-08 13:56:55 --> Final output sent to browser
DEBUG - 2025-01-08 13:56:55 --> Total execution time: 0.0062
INFO - 2025-01-08 13:56:55 --> Config Class Initialized
INFO - 2025-01-08 13:56:55 --> Hooks Class Initialized
DEBUG - 2025-01-08 13:56:55 --> UTF-8 Support Enabled
INFO - 2025-01-08 13:56:55 --> Utf8 Class Initialized
INFO - 2025-01-08 13:56:55 --> URI Class Initialized
INFO - 2025-01-08 13:56:55 --> Router Class Initialized
INFO - 2025-01-08 13:56:55 --> Output Class Initialized
INFO - 2025-01-08 13:56:55 --> Security Class Initialized
DEBUG - 2025-01-08 13:56:55 --> Global POST, GET and COOKIE data sanitized
INFO - 2025-01-08 13:56:55 --> Input Class Initialized
INFO - 2025-01-08 13:56:55 --> Language Class Initialized
INFO - 2025-01-08 13:56:55 --> Language Class Initialized
INFO - 2025-01-08 13:56:55 --> Config Class Initialized
INFO - 2025-01-08 13:56:55 --> Loader Class Initialized
INFO - 2025-01-08 13:56:55 --> Helper loaded: url_helper
INFO - 2025-01-08 13:56:55 --> Helper loaded: easyui_helper
INFO - 2025-01-08 13:56:55 --> Helper loaded: param_helper
INFO - 2025-01-08 13:56:55 --> Helper loaded: credential_helper
INFO - 2025-01-08 13:56:55 --> Helper loaded: template_helper
INFO - 2025-01-08 13:56:55 --> Helper loaded: rest_helper
INFO - 2025-01-08 13:56:55 --> Database Driver Class Initialized
DEBUG - 2025-01-08 13:56:55 --> Idgenerator class already loaded. Second attempt ignored.
INFO - 2025-01-08 13:56:55 --> Controller Class Initialized
INFO - 2025-01-08 13:56:55 --> Model Class Initialized
DEBUG - 2025-01-08 13:56:55 --> File loaded: /apps/web-drc/application/modules/api_v1/models/Api_v1_model.php
INFO - 2025-01-08 13:56:55 --> Model Class Initialized
INFO - 2025-01-08 13:56:55 --> Final output sent to browser
DEBUG - 2025-01-08 13:56:55 --> Total execution time: 0.0038
INFO - 2025-01-08 13:57:01 --> Config Class Initialized
INFO - 2025-01-08 13:57:01 --> Hooks Class Initialized
DEBUG - 2025-01-08 13:57:01 --> UTF-8 Support Enabled
INFO - 2025-01-08 13:57:01 --> Utf8 Class Initialized
INFO - 2025-01-08 13:57:01 --> URI Class Initialized
INFO - 2025-01-08 13:57:01 --> Router Class Initialized
INFO - 2025-01-08 13:57:01 --> Output Class Initialized
INFO - 2025-01-08 13:57:01 --> Security Class Initialized
DEBUG - 2025-01-08 13:57:01 --> Global POST, GET and COOKIE data sanitized
INFO - 2025-01-08 13:57:01 --> Input Class Initialized
INFO - 2025-01-08 13:57:01 --> Language Class Initialized
INFO - 2025-01-08 13:57:01 --> Language Class Initialized
INFO - 2025-01-08 13:57:01 --> Config Class Initialized
INFO - 2025-01-08 13:57:01 --> Loader Class Initialized
INFO - 2025-01-08 13:57:01 --> Helper loaded: url_helper
INFO - 2025-01-08 13:57:01 --> Helper loaded: easyui_helper
INFO - 2025-01-08 13:57:01 --> Helper loaded: param_helper
INFO - 2025-01-08 13:57:01 --> Helper loaded: credential_helper
INFO - 2025-01-08 13:57:01 --> Helper loaded: template_helper
INFO - 2025-01-08 13:57:01 --> Helper loaded: rest_helper
INFO - 2025-01-08 13:57:01 --> Database Driver Class Initialized
DEBUG - 2025-01-08 13:57:01 --> Idgenerator class already loaded. Second attempt ignored.
INFO - 2025-01-08 13:57:01 --> Controller Class Initialized
INFO - 2025-01-08 13:57:01 --> Model Class Initialized
DEBUG - 2025-01-08 13:57:01 --> File loaded: /apps/web-drc/application/modules/app_dashboard/models/App_dashboard_model.php
INFO - 2025-01-08 13:57:01 --> Model Class Initialized
INFO - 2025-01-08 13:57:01 --> Final output sent to browser
DEBUG - 2025-01-08 13:57:01 --> Total execution time: 0.0864
INFO - 2025-01-08 13:57:10 --> Config Class Initialized
INFO - 2025-01-08 13:57:10 --> Hooks Class Initialized
DEBUG - 2025-01-08 13:57:10 --> UTF-8 Support Enabled
INFO - 2025-01-08 13:57:10 --> Utf8 Class Initialized
INFO - 2025-01-08 13:57:10 --> URI Class Initialized
INFO - 2025-01-08 13:57:10 --> Router Class Initialized
INFO - 2025-01-08 13:57:10 --> Output Class Initialized
INFO - 2025-01-08 13:57:10 --> Security Class Initialized
DEBUG - 2025-01-08 13:57:10 --> Global POST, GET and COOKIE data sanitized
INFO - 2025-01-08 13:57:10 --> Input Class Initialized
INFO - 2025-01-08 13:57:10 --> Language Class Initialized
INFO - 2025-01-08 13:57:10 --> Language Class Initialized
INFO - 2025-01-08 13:57:10 --> Config Class Initialized
INFO - 2025-01-08 13:57:10 --> Loader Class Initialized
INFO - 2025-01-08 13:57:10 --> Helper loaded: url_helper
INFO - 2025-01-08 13:57:10 --> Helper loaded: easyui_helper
INFO - 2025-01-08 13:57:10 --> Helper loaded: param_helper
INFO - 2025-01-08 13:57:10 --> Helper loaded: credential_helper
INFO - 2025-01-08 13:57:10 --> Helper loaded: template_helper
INFO - 2025-01-08 13:57:10 --> Helper loaded: rest_helper
INFO - 2025-01-08 13:57:10 --> Database Driver Class Initialized
DEBUG - 2025-01-08 13:57:10 --> Idgenerator class already loaded. Second attempt ignored.
INFO - 2025-01-08 13:57:10 --> Controller Class Initialized
INFO - 2025-01-08 13:57:10 --> Model Class Initialized
DEBUG - 2025-01-08 13:57:10 --> File loaded: /apps/web-drc/application/modules/app_dashboard/models/App_dashboard_model.php
INFO - 2025-01-08 13:57:10 --> Model Class Initialized
INFO - 2025-01-08 13:57:10 --> Final output sent to browser
DEBUG - 2025-01-08 13:57:10 --> Total execution time: 0.3131
INFO - 2025-01-08 14:00:12 --> Config Class Initialized
INFO - 2025-01-08 14:00:12 --> Hooks Class Initialized
DEBUG - 2025-01-08 14:00:12 --> UTF-8 Support Enabled
INFO - 2025-01-08 14:00:12 --> Utf8 Class Initialized
INFO - 2025-01-08 14:00:12 --> URI Class Initialized
INFO - 2025-01-08 14:00:12 --> Router Class Initialized
INFO - 2025-01-08 14:00:12 --> Output Class Initialized
INFO - 2025-01-08 14:00:12 --> Security Class Initialized
DEBUG - 2025-01-08 14:00:12 --> Global POST, GET and COOKIE data sanitized
INFO - 2025-01-08 14:00:12 --> Input Class Initialized
INFO - 2025-01-08 14:00:12 --> Language Class Initialized
INFO - 2025-01-08 14:00:12 --> Language Class Initialized
INFO - 2025-01-08 14:00:12 --> Config Class Initialized
INFO - 2025-01-08 14:00:12 --> Loader Class Initialized
INFO - 2025-01-08 14:00:12 --> Helper loaded: url_helper
INFO - 2025-01-08 14:00:12 --> Helper loaded: easyui_helper
INFO - 2025-01-08 14:00:12 --> Helper loaded: param_helper
INFO - 2025-01-08 14:00:12 --> Helper loaded: credential_helper
INFO - 2025-01-08 14:00:12 --> Helper loaded: template_helper
INFO - 2025-01-08 14:00:12 --> Helper loaded: rest_helper
INFO - 2025-01-08 14:00:12 --> Database Driver Class Initialized
DEBUG - 2025-01-08 14:00:12 --> Idgenerator class already loaded. Second attempt ignored.
INFO - 2025-01-08 14:00:12 --> Controller Class Initialized
INFO - 2025-01-08 14:00:12 --> Model Class Initialized
DEBUG - 2025-01-08 14:00:12 --> File loaded: /apps/web-drc/application/modules/app_dashboard/models/App_dashboard_model.php
INFO - 2025-01-08 14:00:12 --> Model Class Initialized
INFO - 2025-01-08 14:00:12 --> Final output sent to browser
DEBUG - 2025-01-08 14:00:12 --> Total execution time: 0.2959
INFO - 2025-01-08 14:03:30 --> Config Class Initialized
INFO - 2025-01-08 14:03:30 --> Hooks Class Initialized
DEBUG - 2025-01-08 14:03:30 --> UTF-8 Support Enabled
INFO - 2025-01-08 14:03:30 --> Utf8 Class Initialized
INFO - 2025-01-08 14:03:30 --> URI Class Initialized
INFO - 2025-01-08 14:03:30 --> Router Class Initialized
INFO - 2025-01-08 14:03:30 --> Output Class Initialized
INFO - 2025-01-08 14:03:30 --> Security Class Initialized
DEBUG - 2025-01-08 14:03:30 --> Global POST, GET and COOKIE data sanitized
INFO - 2025-01-08 14:03:30 --> Input Class Initialized
INFO - 2025-01-08 14:03:30 --> Language Class Initialized
INFO - 2025-01-08 14:03:30 --> Language Class Initialized
INFO - 2025-01-08 14:03:30 --> Config Class Initialized
INFO - 2025-01-08 14:03:30 --> Loader Class Initialized
INFO - 2025-01-08 14:03:30 --> Helper loaded: url_helper
INFO - 2025-01-08 14:03:30 --> Helper loaded: easyui_helper
INFO - 2025-01-08 14:03:30 --> Helper loaded: param_helper
INFO - 2025-01-08 14:03:30 --> Helper loaded: credential_helper
INFO - 2025-01-08 14:03:30 --> Helper loaded: template_helper
INFO - 2025-01-08 14:03:30 --> Helper loaded: rest_helper
INFO - 2025-01-08 14:03:30 --> Database Driver Class Initialized
DEBUG - 2025-01-08 14:03:30 --> Idgenerator class already loaded. Second attempt ignored.
INFO - 2025-01-08 14:03:30 --> Controller Class Initialized
INFO - 2025-01-08 14:03:30 --> Model Class Initialized
DEBUG - 2025-01-08 14:03:30 --> File loaded: /apps/web-drc/application/modules/rep_gffaktif/models/Rep_gffaktif_model.php
INFO - 2025-01-08 14:03:30 --> Model Class Initialized
DEBUG - 2025-01-08 14:03:30 --> File loaded: /apps/web-drc/application/modules/rep_gffaktif/views/form.php
DEBUG - 2025-01-08 14:03:30 --> File loaded: /apps/web-drc/application/views/templates/header.php
DEBUG - 2025-01-08 14:03:30 --> File loaded: /apps/web-drc/application/views/templates/toolbar.php
DEBUG - 2025-01-08 14:03:30 --> File loaded: /apps/web-drc/application/views/templates/sidebar.php
DEBUG - 2025-01-08 14:03:30 --> File loaded: /apps/web-drc/application/views/templates/contents.php
DEBUG - 2025-01-08 14:03:30 --> File loaded: /apps/web-drc/application/views/templates/content_footer.php
DEBUG - 2025-01-08 14:03:30 --> File loaded: /apps/web-drc/application/views/templates/footer.php
DEBUG - 2025-01-08 14:03:30 --> File loaded: /apps/web-drc/application/views/templates/default.php
INFO - 2025-01-08 14:03:30 --> Final output sent to browser
DEBUG - 2025-01-08 14:03:30 --> Total execution time: 0.0219
INFO - 2025-01-08 14:03:30 --> Config Class Initialized
INFO - 2025-01-08 14:03:30 --> Hooks Class Initialized
DEBUG - 2025-01-08 14:03:30 --> UTF-8 Support Enabled
INFO - 2025-01-08 14:03:30 --> Utf8 Class Initialized
INFO - 2025-01-08 14:03:30 --> URI Class Initialized
INFO - 2025-01-08 14:03:30 --> Router Class Initialized
INFO - 2025-01-08 14:03:30 --> Output Class Initialized
INFO - 2025-01-08 14:03:30 --> Security Class Initialized
DEBUG - 2025-01-08 14:03:30 --> Global POST, GET and COOKIE data sanitized
INFO - 2025-01-08 14:03:30 --> Input Class Initialized
INFO - 2025-01-08 14:03:30 --> Language Class Initialized
INFO - 2025-01-08 14:03:30 --> Language Class Initialized
INFO - 2025-01-08 14:03:30 --> Config Class Initialized
INFO - 2025-01-08 14:03:30 --> Loader Class Initialized
INFO - 2025-01-08 14:03:30 --> Helper loaded: url_helper
INFO - 2025-01-08 14:03:30 --> Helper loaded: easyui_helper
INFO - 2025-01-08 14:03:30 --> Helper loaded: param_helper
INFO - 2025-01-08 14:03:30 --> Helper loaded: credential_helper
INFO - 2025-01-08 14:03:30 --> Helper loaded: template_helper
INFO - 2025-01-08 14:03:30 --> Helper loaded: rest_helper
INFO - 2025-01-08 14:03:30 --> Database Driver Class Initialized
DEBUG - 2025-01-08 14:03:30 --> Idgenerator class already loaded. Second attempt ignored.
INFO - 2025-01-08 14:03:30 --> Controller Class Initialized
INFO - 2025-01-08 14:03:30 --> Model Class Initialized
DEBUG - 2025-01-08 14:03:30 --> File loaded: /apps/web-drc/application/modules/rep_gffaktif/models/Rep_gffaktif_model.php
INFO - 2025-01-08 14:03:30 --> Model Class Initialized
INFO - 2025-01-08 14:03:30 --> Final output sent to browser
DEBUG - 2025-01-08 14:03:30 --> Total execution time: 0.0058
INFO - 2025-01-08 14:03:30 --> Config Class Initialized
INFO - 2025-01-08 14:03:30 --> Hooks Class Initialized
DEBUG - 2025-01-08 14:03:30 --> UTF-8 Support Enabled
INFO - 2025-01-08 14:03:30 --> Utf8 Class Initialized
INFO - 2025-01-08 14:03:30 --> URI Class Initialized
INFO - 2025-01-08 14:03:30 --> Router Class Initialized
INFO - 2025-01-08 14:03:30 --> Output Class Initialized
INFO - 2025-01-08 14:03:30 --> Security Class Initialized
DEBUG - 2025-01-08 14:03:30 --> Global POST, GET and COOKIE data sanitized
INFO - 2025-01-08 14:03:30 --> Input Class Initialized
INFO - 2025-01-08 14:03:30 --> Language Class Initialized
INFO - 2025-01-08 14:03:30 --> Language Class Initialized
INFO - 2025-01-08 14:03:30 --> Config Class Initialized
INFO - 2025-01-08 14:03:30 --> Loader Class Initialized
INFO - 2025-01-08 14:03:30 --> Helper loaded: url_helper
INFO - 2025-01-08 14:03:30 --> Helper loaded: easyui_helper
INFO - 2025-01-08 14:03:30 --> Helper loaded: param_helper
INFO - 2025-01-08 14:03:30 --> Helper loaded: credential_helper
INFO - 2025-01-08 14:03:30 --> Helper loaded: template_helper
INFO - 2025-01-08 14:03:30 --> Helper loaded: rest_helper
INFO - 2025-01-08 14:03:30 --> Database Driver Class Initialized
DEBUG - 2025-01-08 14:03:30 --> Idgenerator class already loaded. Second attempt ignored.
INFO - 2025-01-08 14:03:30 --> Controller Class Initialized
INFO - 2025-01-08 14:03:30 --> Model Class Initialized
DEBUG - 2025-01-08 14:03:30 --> File loaded: /apps/web-drc/application/modules/api_v1/models/Api_v1_model.php
INFO - 2025-01-08 14:03:30 --> Model Class Initialized
INFO - 2025-01-08 14:03:30 --> Final output sent to browser
DEBUG - 2025-01-08 14:03:30 --> Total execution time: 0.0035
INFO - 2025-01-08 14:03:34 --> Config Class Initialized
INFO - 2025-01-08 14:03:34 --> Hooks Class Initialized
DEBUG - 2025-01-08 14:03:34 --> UTF-8 Support Enabled
INFO - 2025-01-08 14:03:34 --> Utf8 Class Initialized
INFO - 2025-01-08 14:03:34 --> URI Class Initialized
INFO - 2025-01-08 14:03:34 --> Router Class Initialized
INFO - 2025-01-08 14:03:34 --> Output Class Initialized
INFO - 2025-01-08 14:03:34 --> Security Class Initialized
DEBUG - 2025-01-08 14:03:34 --> Global POST, GET and COOKIE data sanitized
INFO - 2025-01-08 14:03:34 --> Input Class Initialized
INFO - 2025-01-08 14:03:34 --> Language Class Initialized
INFO - 2025-01-08 14:03:34 --> Language Class Initialized
INFO - 2025-01-08 14:03:34 --> Config Class Initialized
INFO - 2025-01-08 14:03:34 --> Loader Class Initialized
INFO - 2025-01-08 14:03:34 --> Helper loaded: url_helper
INFO - 2025-01-08 14:03:34 --> Helper loaded: easyui_helper
INFO - 2025-01-08 14:03:34 --> Helper loaded: param_helper
INFO - 2025-01-08 14:03:34 --> Helper loaded: credential_helper
INFO - 2025-01-08 14:03:34 --> Helper loaded: template_helper
INFO - 2025-01-08 14:03:34 --> Helper loaded: rest_helper
INFO - 2025-01-08 14:03:34 --> Database Driver Class Initialized
DEBUG - 2025-01-08 14:03:34 --> Idgenerator class already loaded. Second attempt ignored.
INFO - 2025-01-08 14:03:34 --> Controller Class Initialized
INFO - 2025-01-08 14:03:34 --> Model Class Initialized
DEBUG - 2025-01-08 14:03:34 --> File loaded: /apps/web-drc/application/modules/ref_sales_salesman/models/Sales_salesman_model.php
INFO - 2025-01-08 14:03:34 --> Model Class Initialized
DEBUG - 2025-01-08 14:03:34 --> File loaded: /apps/web-drc/application/modules/ref_sales_salesman/views/content.php
DEBUG - 2025-01-08 14:03:34 --> File loaded: /apps/web-drc/application/views/templates/header.php
DEBUG - 2025-01-08 14:03:34 --> File loaded: /apps/web-drc/application/views/templates/toolbar.php
DEBUG - 2025-01-08 14:03:34 --> File loaded: /apps/web-drc/application/views/templates/sidebar.php
DEBUG - 2025-01-08 14:03:34 --> File loaded: /apps/web-drc/application/views/templates/contents.php
DEBUG - 2025-01-08 14:03:34 --> File loaded: /apps/web-drc/application/views/templates/content_footer.php
DEBUG - 2025-01-08 14:03:34 --> File loaded: /apps/web-drc/application/views/templates/footer.php
DEBUG - 2025-01-08 14:03:34 --> File loaded: /apps/web-drc/application/views/templates/default.php
INFO - 2025-01-08 14:03:34 --> Final output sent to browser
DEBUG - 2025-01-08 14:03:34 --> Total execution time: 0.0098
INFO - 2025-01-08 14:03:34 --> Config Class Initialized
INFO - 2025-01-08 14:03:34 --> Hooks Class Initialized
DEBUG - 2025-01-08 14:03:34 --> UTF-8 Support Enabled
INFO - 2025-01-08 14:03:34 --> Utf8 Class Initialized
INFO - 2025-01-08 14:03:34 --> URI Class Initialized
INFO - 2025-01-08 14:03:34 --> Router Class Initialized
INFO - 2025-01-08 14:03:34 --> Output Class Initialized
INFO - 2025-01-08 14:03:34 --> Security Class Initialized
DEBUG - 2025-01-08 14:03:34 --> Global POST, GET and COOKIE data sanitized
INFO - 2025-01-08 14:03:34 --> Input Class Initialized
INFO - 2025-01-08 14:03:34 --> Language Class Initialized
INFO - 2025-01-08 14:03:34 --> Language Class Initialized
INFO - 2025-01-08 14:03:34 --> Config Class Initialized
INFO - 2025-01-08 14:03:34 --> Loader Class Initialized
INFO - 2025-01-08 14:03:34 --> Helper loaded: url_helper
INFO - 2025-01-08 14:03:34 --> Helper loaded: easyui_helper
INFO - 2025-01-08 14:03:34 --> Helper loaded: param_helper
INFO - 2025-01-08 14:03:34 --> Helper loaded: credential_helper
INFO - 2025-01-08 14:03:34 --> Helper loaded: template_helper
INFO - 2025-01-08 14:03:34 --> Helper loaded: rest_helper
INFO - 2025-01-08 14:03:34 --> Database Driver Class Initialized
DEBUG - 2025-01-08 14:03:34 --> Idgenerator class already loaded. Second attempt ignored.
INFO - 2025-01-08 14:03:34 --> Controller Class Initialized
INFO - 2025-01-08 14:03:34 --> Model Class Initialized
DEBUG - 2025-01-08 14:03:34 --> File loaded: /apps/web-drc/application/modules/ref_sales_salesman/models/Sales_salesman_model.php
INFO - 2025-01-08 14:03:34 --> Model Class Initialized
INFO - 2025-01-08 14:03:34 --> Final output sent to browser
DEBUG - 2025-01-08 14:03:34 --> Total execution time: 0.0077
INFO - 2025-01-08 14:03:38 --> Config Class Initialized
INFO - 2025-01-08 14:03:38 --> Hooks Class Initialized
DEBUG - 2025-01-08 14:03:38 --> UTF-8 Support Enabled
INFO - 2025-01-08 14:03:38 --> Utf8 Class Initialized
INFO - 2025-01-08 14:03:38 --> URI Class Initialized
INFO - 2025-01-08 14:03:38 --> Router Class Initialized
INFO - 2025-01-08 14:03:38 --> Output Class Initialized
INFO - 2025-01-08 14:03:38 --> Security Class Initialized
DEBUG - 2025-01-08 14:03:38 --> Global POST, GET and COOKIE data sanitized
INFO - 2025-01-08 14:03:38 --> Input Class Initialized
INFO - 2025-01-08 14:03:38 --> Language Class Initialized
INFO - 2025-01-08 14:03:38 --> Language Class Initialized
INFO - 2025-01-08 14:03:38 --> Config Class Initialized
INFO - 2025-01-08 14:03:38 --> Loader Class Initialized
INFO - 2025-01-08 14:03:38 --> Helper loaded: url_helper
INFO - 2025-01-08 14:03:38 --> Helper loaded: easyui_helper
INFO - 2025-01-08 14:03:38 --> Helper loaded: param_helper
INFO - 2025-01-08 14:03:38 --> Helper loaded: credential_helper
INFO - 2025-01-08 14:03:38 --> Helper loaded: template_helper
INFO - 2025-01-08 14:03:38 --> Helper loaded: rest_helper
INFO - 2025-01-08 14:03:38 --> Database Driver Class Initialized
DEBUG - 2025-01-08 14:03:38 --> Idgenerator class already loaded. Second attempt ignored.
INFO - 2025-01-08 14:03:38 --> Controller Class Initialized
INFO - 2025-01-08 14:03:38 --> Model Class Initialized
DEBUG - 2025-01-08 14:03:38 --> File loaded: /apps/web-drc/application/modules/ref_sales_salesman/models/Sales_salesman_model.php
INFO - 2025-01-08 14:03:38 --> Model Class Initialized
INFO - 2025-01-08 14:03:38 --> Final output sent to browser
DEBUG - 2025-01-08 14:03:38 --> Total execution time: 0.0098
INFO - 2025-01-08 14:03:49 --> Config Class Initialized
INFO - 2025-01-08 14:03:49 --> Hooks Class Initialized
DEBUG - 2025-01-08 14:03:49 --> UTF-8 Support Enabled
INFO - 2025-01-08 14:03:49 --> Utf8 Class Initialized
INFO - 2025-01-08 14:03:49 --> URI Class Initialized
INFO - 2025-01-08 14:03:49 --> Router Class Initialized
INFO - 2025-01-08 14:03:49 --> Output Class Initialized
INFO - 2025-01-08 14:03:49 --> Security Class Initialized
DEBUG - 2025-01-08 14:03:49 --> Global POST, GET and COOKIE data sanitized
INFO - 2025-01-08 14:03:49 --> Input Class Initialized
INFO - 2025-01-08 14:03:49 --> Language Class Initialized
INFO - 2025-01-08 14:03:49 --> Language Class Initialized
INFO - 2025-01-08 14:03:49 --> Config Class Initialized
INFO - 2025-01-08 14:03:49 --> Loader Class Initialized
INFO - 2025-01-08 14:03:49 --> Helper loaded: url_helper
INFO - 2025-01-08 14:03:49 --> Helper loaded: easyui_helper
INFO - 2025-01-08 14:03:49 --> Helper loaded: param_helper
INFO - 2025-01-08 14:03:49 --> Helper loaded: credential_helper
INFO - 2025-01-08 14:03:49 --> Helper loaded: template_helper
INFO - 2025-01-08 14:03:49 --> Helper loaded: rest_helper
INFO - 2025-01-08 14:03:49 --> Database Driver Class Initialized
DEBUG - 2025-01-08 14:03:49 --> Idgenerator class already loaded. Second attempt ignored.
INFO - 2025-01-08 14:03:49 --> Controller Class Initialized
INFO - 2025-01-08 14:03:49 --> Model Class Initialized
DEBUG - 2025-01-08 14:03:49 --> File loaded: /apps/web-drc/application/modules/ref_sales_salesman/models/Sales_salesman_model.php
INFO - 2025-01-08 14:03:49 --> Model Class Initialized
INFO - 2025-01-08 14:03:49 --> Final output sent to browser
DEBUG - 2025-01-08 14:03:49 --> Total execution time: 0.0108
INFO - 2025-01-08 14:04:07 --> Config Class Initialized
INFO - 2025-01-08 14:04:07 --> Hooks Class Initialized
DEBUG - 2025-01-08 14:04:07 --> UTF-8 Support Enabled
INFO - 2025-01-08 14:04:07 --> Utf8 Class Initialized
INFO - 2025-01-08 14:04:07 --> URI Class Initialized
INFO - 2025-01-08 14:04:07 --> Router Class Initialized
INFO - 2025-01-08 14:04:07 --> Output Class Initialized
INFO - 2025-01-08 14:04:07 --> Security Class Initialized
DEBUG - 2025-01-08 14:04:07 --> Global POST, GET and COOKIE data sanitized
INFO - 2025-01-08 14:04:07 --> Input Class Initialized
INFO - 2025-01-08 14:04:07 --> Language Class Initialized
INFO - 2025-01-08 14:04:07 --> Language Class Initialized
INFO - 2025-01-08 14:04:07 --> Config Class Initialized
INFO - 2025-01-08 14:04:07 --> Loader Class Initialized
INFO - 2025-01-08 14:04:07 --> Helper loaded: url_helper
INFO - 2025-01-08 14:04:07 --> Helper loaded: easyui_helper
INFO - 2025-01-08 14:04:07 --> Helper loaded: param_helper
INFO - 2025-01-08 14:04:07 --> Helper loaded: credential_helper
INFO - 2025-01-08 14:04:07 --> Helper loaded: template_helper
INFO - 2025-01-08 14:04:07 --> Helper loaded: rest_helper
INFO - 2025-01-08 14:04:07 --> Database Driver Class Initialized
DEBUG - 2025-01-08 14:04:07 --> Idgenerator class already loaded. Second attempt ignored.
INFO - 2025-01-08 14:04:07 --> Controller Class Initialized
INFO - 2025-01-08 14:04:07 --> Model Class Initialized
DEBUG - 2025-01-08 14:04:07 --> File loaded: /apps/web-drc/application/modules/ref_sales_salesman/models/Sales_salesman_model.php
INFO - 2025-01-08 14:04:07 --> Model Class Initialized
DEBUG - 2025-01-08 14:04:07 --> File loaded: /apps/web-drc/application/modules/ref_sales_salesman/views/form.php
DEBUG - 2025-01-08 14:04:07 --> File loaded: /apps/web-drc/application/views/templates/header.php
DEBUG - 2025-01-08 14:04:07 --> File loaded: /apps/web-drc/application/views/templates/toolbar.php
DEBUG - 2025-01-08 14:04:07 --> File loaded: /apps/web-drc/application/views/templates/sidebar.php
DEBUG - 2025-01-08 14:04:07 --> File loaded: /apps/web-drc/application/views/templates/contents.php
DEBUG - 2025-01-08 14:04:07 --> File loaded: /apps/web-drc/application/views/templates/content_footer.php
DEBUG - 2025-01-08 14:04:07 --> File loaded: /apps/web-drc/application/views/templates/footer.php
DEBUG - 2025-01-08 14:04:07 --> File loaded: /apps/web-drc/application/views/templates/default.php
INFO - 2025-01-08 14:04:07 --> Final output sent to browser
DEBUG - 2025-01-08 14:04:07 --> Total execution time: 0.0122
INFO - 2025-01-08 14:04:07 --> Config Class Initialized
INFO - 2025-01-08 14:04:07 --> Hooks Class Initialized
DEBUG - 2025-01-08 14:04:07 --> UTF-8 Support Enabled
INFO - 2025-01-08 14:04:07 --> Utf8 Class Initialized
INFO - 2025-01-08 14:04:07 --> URI Class Initialized
INFO - 2025-01-08 14:04:07 --> Router Class Initialized
INFO - 2025-01-08 14:04:07 --> Output Class Initialized
INFO - 2025-01-08 14:04:07 --> Security Class Initialized
DEBUG - 2025-01-08 14:04:07 --> Global POST, GET and COOKIE data sanitized
INFO - 2025-01-08 14:04:07 --> Input Class Initialized
INFO - 2025-01-08 14:04:07 --> Language Class Initialized
INFO - 2025-01-08 14:04:07 --> Language Class Initialized
INFO - 2025-01-08 14:04:07 --> Config Class Initialized
INFO - 2025-01-08 14:04:07 --> Loader Class Initialized
INFO - 2025-01-08 14:04:07 --> Helper loaded: url_helper
INFO - 2025-01-08 14:04:07 --> Helper loaded: easyui_helper
INFO - 2025-01-08 14:04:07 --> Helper loaded: param_helper
INFO - 2025-01-08 14:04:07 --> Helper loaded: credential_helper
INFO - 2025-01-08 14:04:07 --> Helper loaded: template_helper
INFO - 2025-01-08 14:04:07 --> Helper loaded: rest_helper
INFO - 2025-01-08 14:04:07 --> Database Driver Class Initialized
DEBUG - 2025-01-08 14:04:07 --> Idgenerator class already loaded. Second attempt ignored.
INFO - 2025-01-08 14:04:07 --> Controller Class Initialized
INFO - 2025-01-08 14:04:07 --> Model Class Initialized
DEBUG - 2025-01-08 14:04:07 --> File loaded: /apps/web-drc/application/modules/api_v1/models/Api_v1_model.php
INFO - 2025-01-08 14:04:07 --> Model Class Initialized
INFO - 2025-01-08 14:04:07 --> Final output sent to browser
DEBUG - 2025-01-08 14:04:07 --> Total execution time: 0.0077
INFO - 2025-01-08 14:04:07 --> Config Class Initialized
INFO - 2025-01-08 14:04:07 --> Hooks Class Initialized
DEBUG - 2025-01-08 14:04:07 --> UTF-8 Support Enabled
INFO - 2025-01-08 14:04:07 --> Utf8 Class Initialized
INFO - 2025-01-08 14:04:07 --> URI Class Initialized
INFO - 2025-01-08 14:04:07 --> Router Class Initialized
INFO - 2025-01-08 14:04:07 --> Output Class Initialized
INFO - 2025-01-08 14:04:07 --> Security Class Initialized
DEBUG - 2025-01-08 14:04:07 --> Global POST, GET and COOKIE data sanitized
INFO - 2025-01-08 14:04:07 --> Input Class Initialized
INFO - 2025-01-08 14:04:07 --> Language Class Initialized
INFO - 2025-01-08 14:04:07 --> Language Class Initialized
INFO - 2025-01-08 14:04:07 --> Config Class Initialized
INFO - 2025-01-08 14:04:07 --> Loader Class Initialized
INFO - 2025-01-08 14:04:07 --> Helper loaded: url_helper
INFO - 2025-01-08 14:04:07 --> Helper loaded: easyui_helper
INFO - 2025-01-08 14:04:07 --> Helper loaded: param_helper
INFO - 2025-01-08 14:04:07 --> Helper loaded: credential_helper
INFO - 2025-01-08 14:04:07 --> Helper loaded: template_helper
INFO - 2025-01-08 14:04:07 --> Helper loaded: rest_helper
INFO - 2025-01-08 14:04:07 --> Database Driver Class Initialized
DEBUG - 2025-01-08 14:04:07 --> Idgenerator class already loaded. Second attempt ignored.
INFO - 2025-01-08 14:04:07 --> Controller Class Initialized
INFO - 2025-01-08 14:04:07 --> Model Class Initialized
DEBUG - 2025-01-08 14:04:07 --> File loaded: /apps/web-drc/application/modules/api_v1/models/Api_v1_model.php
INFO - 2025-01-08 14:04:07 --> Model Class Initialized
INFO - 2025-01-08 14:04:07 --> Final output sent to browser
DEBUG - 2025-01-08 14:04:07 --> Total execution time: 0.0083
INFO - 2025-01-08 14:04:07 --> Config Class Initialized
INFO - 2025-01-08 14:04:07 --> Hooks Class Initialized
DEBUG - 2025-01-08 14:04:07 --> UTF-8 Support Enabled
INFO - 2025-01-08 14:04:07 --> Utf8 Class Initialized
INFO - 2025-01-08 14:04:07 --> URI Class Initialized
INFO - 2025-01-08 14:04:07 --> Router Class Initialized
INFO - 2025-01-08 14:04:07 --> Output Class Initialized
INFO - 2025-01-08 14:04:07 --> Security Class Initialized
DEBUG - 2025-01-08 14:04:07 --> Global POST, GET and COOKIE data sanitized
INFO - 2025-01-08 14:04:07 --> Input Class Initialized
INFO - 2025-01-08 14:04:07 --> Language Class Initialized
INFO - 2025-01-08 14:04:07 --> Language Class Initialized
INFO - 2025-01-08 14:04:07 --> Config Class Initialized
INFO - 2025-01-08 14:04:07 --> Loader Class Initialized
INFO - 2025-01-08 14:04:07 --> Helper loaded: url_helper
INFO - 2025-01-08 14:04:07 --> Helper loaded: easyui_helper
INFO - 2025-01-08 14:04:07 --> Helper loaded: param_helper
INFO - 2025-01-08 14:04:07 --> Helper loaded: credential_helper
INFO - 2025-01-08 14:04:07 --> Helper loaded: template_helper
INFO - 2025-01-08 14:04:07 --> Helper loaded: rest_helper
INFO - 2025-01-08 14:04:07 --> Database Driver Class Initialized
DEBUG - 2025-01-08 14:04:07 --> Idgenerator class already loaded. Second attempt ignored.
INFO - 2025-01-08 14:04:07 --> Controller Class Initialized
INFO - 2025-01-08 14:04:07 --> Model Class Initialized
DEBUG - 2025-01-08 14:04:07 --> File loaded: /apps/web-drc/application/modules/api_v1/models/Api_v1_model.php
INFO - 2025-01-08 14:04:07 --> Model Class Initialized
INFO - 2025-01-08 14:04:07 --> Final output sent to browser
DEBUG - 2025-01-08 14:04:07 --> Total execution time: 0.0050
INFO - 2025-01-08 14:04:07 --> Config Class Initialized
INFO - 2025-01-08 14:04:07 --> Hooks Class Initialized
DEBUG - 2025-01-08 14:04:07 --> UTF-8 Support Enabled
INFO - 2025-01-08 14:04:07 --> Utf8 Class Initialized
INFO - 2025-01-08 14:04:07 --> URI Class Initialized
INFO - 2025-01-08 14:04:07 --> Router Class Initialized
INFO - 2025-01-08 14:04:07 --> Output Class Initialized
INFO - 2025-01-08 14:04:07 --> Security Class Initialized
DEBUG - 2025-01-08 14:04:07 --> Global POST, GET and COOKIE data sanitized
INFO - 2025-01-08 14:04:07 --> Input Class Initialized
INFO - 2025-01-08 14:04:07 --> Language Class Initialized
INFO - 2025-01-08 14:04:07 --> Language Class Initialized
INFO - 2025-01-08 14:04:07 --> Config Class Initialized
INFO - 2025-01-08 14:04:07 --> Loader Class Initialized
INFO - 2025-01-08 14:04:07 --> Helper loaded: url_helper
INFO - 2025-01-08 14:04:07 --> Helper loaded: easyui_helper
INFO - 2025-01-08 14:04:07 --> Helper loaded: param_helper
INFO - 2025-01-08 14:04:07 --> Helper loaded: credential_helper
INFO - 2025-01-08 14:04:07 --> Helper loaded: template_helper
INFO - 2025-01-08 14:04:07 --> Helper loaded: rest_helper
INFO - 2025-01-08 14:04:07 --> Database Driver Class Initialized
DEBUG - 2025-01-08 14:04:07 --> Idgenerator class already loaded. Second attempt ignored.
INFO - 2025-01-08 14:04:07 --> Controller Class Initialized
INFO - 2025-01-08 14:04:07 --> Model Class Initialized
DEBUG - 2025-01-08 14:04:07 --> File loaded: /apps/web-drc/application/modules/api_v1/models/Api_v1_model.php
INFO - 2025-01-08 14:04:07 --> Model Class Initialized
INFO - 2025-01-08 14:04:07 --> Final output sent to browser
DEBUG - 2025-01-08 14:04:07 --> Total execution time: 0.0046
INFO - 2025-01-08 14:04:08 --> Config Class Initialized
INFO - 2025-01-08 14:04:08 --> Hooks Class Initialized
DEBUG - 2025-01-08 14:04:08 --> UTF-8 Support Enabled
INFO - 2025-01-08 14:04:08 --> Utf8 Class Initialized
INFO - 2025-01-08 14:04:08 --> URI Class Initialized
INFO - 2025-01-08 14:04:08 --> Router Class Initialized
INFO - 2025-01-08 14:04:08 --> Output Class Initialized
INFO - 2025-01-08 14:04:08 --> Security Class Initialized
DEBUG - 2025-01-08 14:04:08 --> Global POST, GET and COOKIE data sanitized
INFO - 2025-01-08 14:04:08 --> Input Class Initialized
INFO - 2025-01-08 14:04:08 --> Language Class Initialized
INFO - 2025-01-08 14:04:08 --> Language Class Initialized
INFO - 2025-01-08 14:04:08 --> Config Class Initialized
INFO - 2025-01-08 14:04:08 --> Loader Class Initialized
INFO - 2025-01-08 14:04:08 --> Helper loaded: url_helper
INFO - 2025-01-08 14:04:08 --> Helper loaded: easyui_helper
INFO - 2025-01-08 14:04:08 --> Helper loaded: param_helper
INFO - 2025-01-08 14:04:08 --> Helper loaded: credential_helper
INFO - 2025-01-08 14:04:08 --> Helper loaded: template_helper
INFO - 2025-01-08 14:04:08 --> Helper loaded: rest_helper
INFO - 2025-01-08 14:04:08 --> Database Driver Class Initialized
DEBUG - 2025-01-08 14:04:08 --> Idgenerator class already loaded. Second attempt ignored.
INFO - 2025-01-08 14:04:08 --> Controller Class Initialized
INFO - 2025-01-08 14:04:08 --> Model Class Initialized
DEBUG - 2025-01-08 14:04:08 --> File loaded: /apps/web-drc/application/modules/conf_setup_site/models/Setup_site_model.php
INFO - 2025-01-08 14:04:08 --> Model Class Initialized
INFO - 2025-01-08 14:04:08 --> Final output sent to browser
DEBUG - 2025-01-08 14:04:08 --> Total execution time: 0.0057
INFO - 2025-01-08 14:04:08 --> Config Class Initialized
INFO - 2025-01-08 14:04:08 --> Hooks Class Initialized
DEBUG - 2025-01-08 14:04:08 --> UTF-8 Support Enabled
INFO - 2025-01-08 14:04:08 --> Utf8 Class Initialized
INFO - 2025-01-08 14:04:08 --> URI Class Initialized
INFO - 2025-01-08 14:04:08 --> Router Class Initialized
INFO - 2025-01-08 14:04:08 --> Output Class Initialized
INFO - 2025-01-08 14:04:08 --> Security Class Initialized
DEBUG - 2025-01-08 14:04:08 --> Global POST, GET and COOKIE data sanitized
INFO - 2025-01-08 14:04:08 --> Input Class Initialized
INFO - 2025-01-08 14:04:08 --> Language Class Initialized
INFO - 2025-01-08 14:04:08 --> Language Class Initialized
INFO - 2025-01-08 14:04:08 --> Config Class Initialized
INFO - 2025-01-08 14:04:08 --> Loader Class Initialized
INFO - 2025-01-08 14:04:08 --> Helper loaded: url_helper
INFO - 2025-01-08 14:04:08 --> Helper loaded: easyui_helper
INFO - 2025-01-08 14:04:08 --> Helper loaded: param_helper
INFO - 2025-01-08 14:04:08 --> Helper loaded: credential_helper
INFO - 2025-01-08 14:04:08 --> Helper loaded: template_helper
INFO - 2025-01-08 14:04:08 --> Helper loaded: rest_helper
INFO - 2025-01-08 14:04:08 --> Database Driver Class Initialized
DEBUG - 2025-01-08 14:04:08 --> Idgenerator class already loaded. Second attempt ignored.
INFO - 2025-01-08 14:04:08 --> Controller Class Initialized
INFO - 2025-01-08 14:04:08 --> Model Class Initialized
DEBUG - 2025-01-08 14:04:08 --> File loaded: /apps/web-drc/application/modules/api_v1/models/Api_v1_model.php
INFO - 2025-01-08 14:04:08 --> Model Class Initialized
INFO - 2025-01-08 14:04:08 --> Final output sent to browser
DEBUG - 2025-01-08 14:04:08 --> Total execution time: 0.0044
INFO - 2025-01-08 14:04:08 --> Config Class Initialized
INFO - 2025-01-08 14:04:08 --> Hooks Class Initialized
DEBUG - 2025-01-08 14:04:08 --> UTF-8 Support Enabled
INFO - 2025-01-08 14:04:08 --> Utf8 Class Initialized
INFO - 2025-01-08 14:04:08 --> URI Class Initialized
INFO - 2025-01-08 14:04:08 --> Router Class Initialized
INFO - 2025-01-08 14:04:08 --> Output Class Initialized
INFO - 2025-01-08 14:04:08 --> Security Class Initialized
DEBUG - 2025-01-08 14:04:08 --> Global POST, GET and COOKIE data sanitized
INFO - 2025-01-08 14:04:08 --> Input Class Initialized
INFO - 2025-01-08 14:04:08 --> Language Class Initialized
INFO - 2025-01-08 14:04:08 --> Language Class Initialized
INFO - 2025-01-08 14:04:08 --> Config Class Initialized
INFO - 2025-01-08 14:04:08 --> Loader Class Initialized
INFO - 2025-01-08 14:04:08 --> Helper loaded: url_helper
INFO - 2025-01-08 14:04:08 --> Helper loaded: easyui_helper
INFO - 2025-01-08 14:04:08 --> Helper loaded: param_helper
INFO - 2025-01-08 14:04:08 --> Helper loaded: credential_helper
INFO - 2025-01-08 14:04:08 --> Helper loaded: template_helper
INFO - 2025-01-08 14:04:08 --> Helper loaded: rest_helper
INFO - 2025-01-08 14:04:08 --> Database Driver Class Initialized
DEBUG - 2025-01-08 14:04:08 --> Idgenerator class already loaded. Second attempt ignored.
INFO - 2025-01-08 14:04:08 --> Controller Class Initialized
INFO - 2025-01-08 14:04:08 --> Model Class Initialized
DEBUG - 2025-01-08 14:04:08 --> File loaded: /apps/web-drc/application/modules/api_v1/models/Api_v1_model.php
INFO - 2025-01-08 14:04:08 --> Model Class Initialized
INFO - 2025-01-08 14:04:08 --> Final output sent to browser
DEBUG - 2025-01-08 14:04:08 --> Total execution time: 0.0044
INFO - 2025-01-08 14:04:13 --> Config Class Initialized
INFO - 2025-01-08 14:04:13 --> Hooks Class Initialized
DEBUG - 2025-01-08 14:04:13 --> UTF-8 Support Enabled
INFO - 2025-01-08 14:04:13 --> Utf8 Class Initialized
INFO - 2025-01-08 14:04:13 --> URI Class Initialized
INFO - 2025-01-08 14:04:13 --> Router Class Initialized
INFO - 2025-01-08 14:04:13 --> Output Class Initialized
INFO - 2025-01-08 14:04:13 --> Security Class Initialized
DEBUG - 2025-01-08 14:04:13 --> Global POST, GET and COOKIE data sanitized
INFO - 2025-01-08 14:04:13 --> Input Class Initialized
INFO - 2025-01-08 14:04:13 --> Language Class Initialized
INFO - 2025-01-08 14:04:13 --> Language Class Initialized
INFO - 2025-01-08 14:04:13 --> Config Class Initialized
INFO - 2025-01-08 14:04:13 --> Loader Class Initialized
INFO - 2025-01-08 14:04:13 --> Helper loaded: url_helper
INFO - 2025-01-08 14:04:13 --> Helper loaded: easyui_helper
INFO - 2025-01-08 14:04:13 --> Helper loaded: param_helper
INFO - 2025-01-08 14:04:13 --> Helper loaded: credential_helper
INFO - 2025-01-08 14:04:13 --> Helper loaded: template_helper
INFO - 2025-01-08 14:04:13 --> Helper loaded: rest_helper
INFO - 2025-01-08 14:04:13 --> Database Driver Class Initialized
DEBUG - 2025-01-08 14:04:13 --> Idgenerator class already loaded. Second attempt ignored.
INFO - 2025-01-08 14:04:13 --> Controller Class Initialized
INFO - 2025-01-08 14:04:13 --> Model Class Initialized
DEBUG - 2025-01-08 14:04:13 --> File loaded: /apps/web-drc/application/modules/ref_sales_salesman/models/Sales_salesman_model.php
INFO - 2025-01-08 14:04:13 --> Model Class Initialized
INFO - 2025-01-08 14:04:13 --> Final output sent to browser
DEBUG - 2025-01-08 14:04:13 --> Total execution time: 0.0046
INFO - 2025-01-08 14:04:14 --> Config Class Initialized
INFO - 2025-01-08 14:04:14 --> Hooks Class Initialized
DEBUG - 2025-01-08 14:04:14 --> UTF-8 Support Enabled
INFO - 2025-01-08 14:04:14 --> Utf8 Class Initialized
INFO - 2025-01-08 14:04:14 --> URI Class Initialized
INFO - 2025-01-08 14:04:14 --> Router Class Initialized
INFO - 2025-01-08 14:04:14 --> Output Class Initialized
INFO - 2025-01-08 14:04:14 --> Security Class Initialized
DEBUG - 2025-01-08 14:04:14 --> Global POST, GET and COOKIE data sanitized
INFO - 2025-01-08 14:04:14 --> Input Class Initialized
INFO - 2025-01-08 14:04:14 --> Language Class Initialized
INFO - 2025-01-08 14:04:14 --> Language Class Initialized
INFO - 2025-01-08 14:04:14 --> Config Class Initialized
INFO - 2025-01-08 14:04:14 --> Loader Class Initialized
INFO - 2025-01-08 14:04:14 --> Helper loaded: url_helper
INFO - 2025-01-08 14:04:14 --> Helper loaded: easyui_helper
INFO - 2025-01-08 14:04:14 --> Helper loaded: param_helper
INFO - 2025-01-08 14:04:14 --> Helper loaded: credential_helper
INFO - 2025-01-08 14:04:14 --> Helper loaded: template_helper
INFO - 2025-01-08 14:04:14 --> Helper loaded: rest_helper
INFO - 2025-01-08 14:04:14 --> Database Driver Class Initialized
DEBUG - 2025-01-08 14:04:14 --> Idgenerator class already loaded. Second attempt ignored.
INFO - 2025-01-08 14:04:14 --> Controller Class Initialized
INFO - 2025-01-08 14:04:14 --> Model Class Initialized
DEBUG - 2025-01-08 14:04:14 --> File loaded: /apps/web-drc/application/modules/ref_sales_salesman/models/Sales_salesman_model.php
INFO - 2025-01-08 14:04:14 --> Model Class Initialized
INFO - 2025-01-08 14:04:14 --> Final output sent to browser
DEBUG - 2025-01-08 14:04:14 --> Total execution time: 0.0054
INFO - 2025-01-08 14:04:14 --> Config Class Initialized
INFO - 2025-01-08 14:04:14 --> Hooks Class Initialized
DEBUG - 2025-01-08 14:04:14 --> UTF-8 Support Enabled
INFO - 2025-01-08 14:04:14 --> Utf8 Class Initialized
INFO - 2025-01-08 14:04:14 --> URI Class Initialized
INFO - 2025-01-08 14:04:14 --> Router Class Initialized
INFO - 2025-01-08 14:04:14 --> Output Class Initialized
INFO - 2025-01-08 14:04:14 --> Security Class Initialized
DEBUG - 2025-01-08 14:04:14 --> Global POST, GET and COOKIE data sanitized
INFO - 2025-01-08 14:04:14 --> Input Class Initialized
INFO - 2025-01-08 14:04:14 --> Language Class Initialized
INFO - 2025-01-08 14:04:14 --> Language Class Initialized
INFO - 2025-01-08 14:04:14 --> Config Class Initialized
INFO - 2025-01-08 14:04:14 --> Loader Class Initialized
INFO - 2025-01-08 14:04:14 --> Helper loaded: url_helper
INFO - 2025-01-08 14:04:14 --> Helper loaded: easyui_helper
INFO - 2025-01-08 14:04:14 --> Helper loaded: param_helper
INFO - 2025-01-08 14:04:14 --> Helper loaded: credential_helper
INFO - 2025-01-08 14:04:14 --> Helper loaded: template_helper
INFO - 2025-01-08 14:04:14 --> Helper loaded: rest_helper
INFO - 2025-01-08 14:04:14 --> Database Driver Class Initialized
DEBUG - 2025-01-08 14:04:14 --> Idgenerator class already loaded. Second attempt ignored.
INFO - 2025-01-08 14:04:14 --> Controller Class Initialized
INFO - 2025-01-08 14:04:14 --> Model Class Initialized
DEBUG - 2025-01-08 14:04:14 --> File loaded: /apps/web-drc/application/modules/ref_sales_salesman/models/Sales_salesman_model.php
INFO - 2025-01-08 14:04:14 --> Model Class Initialized
DEBUG - 2025-01-08 14:04:14 --> File loaded: /apps/web-drc/application/modules/ref_sales_salesman/views/content.php
DEBUG - 2025-01-08 14:04:14 --> File loaded: /apps/web-drc/application/views/templates/header.php
DEBUG - 2025-01-08 14:04:14 --> File loaded: /apps/web-drc/application/views/templates/toolbar.php
DEBUG - 2025-01-08 14:04:14 --> File loaded: /apps/web-drc/application/views/templates/sidebar.php
DEBUG - 2025-01-08 14:04:14 --> File loaded: /apps/web-drc/application/views/templates/contents.php
DEBUG - 2025-01-08 14:04:14 --> File loaded: /apps/web-drc/application/views/templates/content_footer.php
DEBUG - 2025-01-08 14:04:14 --> File loaded: /apps/web-drc/application/views/templates/footer.php
DEBUG - 2025-01-08 14:04:14 --> File loaded: /apps/web-drc/application/views/templates/default.php
INFO - 2025-01-08 14:04:14 --> Final output sent to browser
DEBUG - 2025-01-08 14:04:14 --> Total execution time: 0.0069
INFO - 2025-01-08 14:04:14 --> Config Class Initialized
INFO - 2025-01-08 14:04:14 --> Hooks Class Initialized
DEBUG - 2025-01-08 14:04:14 --> UTF-8 Support Enabled
INFO - 2025-01-08 14:04:14 --> Utf8 Class Initialized
INFO - 2025-01-08 14:04:14 --> URI Class Initialized
INFO - 2025-01-08 14:04:14 --> Router Class Initialized
INFO - 2025-01-08 14:04:14 --> Output Class Initialized
INFO - 2025-01-08 14:04:14 --> Security Class Initialized
DEBUG - 2025-01-08 14:04:14 --> Global POST, GET and COOKIE data sanitized
INFO - 2025-01-08 14:04:14 --> Input Class Initialized
INFO - 2025-01-08 14:04:14 --> Language Class Initialized
INFO - 2025-01-08 14:04:14 --> Language Class Initialized
INFO - 2025-01-08 14:04:14 --> Config Class Initialized
INFO - 2025-01-08 14:04:14 --> Loader Class Initialized
INFO - 2025-01-08 14:04:14 --> Helper loaded: url_helper
INFO - 2025-01-08 14:04:14 --> Helper loaded: easyui_helper
INFO - 2025-01-08 14:04:14 --> Helper loaded: param_helper
INFO - 2025-01-08 14:04:14 --> Helper loaded: credential_helper
INFO - 2025-01-08 14:04:14 --> Helper loaded: template_helper
INFO - 2025-01-08 14:04:14 --> Helper loaded: rest_helper
INFO - 2025-01-08 14:04:14 --> Database Driver Class Initialized
DEBUG - 2025-01-08 14:04:14 --> Idgenerator class already loaded. Second attempt ignored.
INFO - 2025-01-08 14:04:14 --> Controller Class Initialized
INFO - 2025-01-08 14:04:14 --> Model Class Initialized
DEBUG - 2025-01-08 14:04:14 --> File loaded: /apps/web-drc/application/modules/ref_sales_salesman/models/Sales_salesman_model.php
INFO - 2025-01-08 14:04:14 --> Model Class Initialized
INFO - 2025-01-08 14:04:14 --> Final output sent to browser
DEBUG - 2025-01-08 14:04:14 --> Total execution time: 0.0094
INFO - 2025-01-08 16:00:26 --> Config Class Initialized
INFO - 2025-01-08 16:00:26 --> Hooks Class Initialized
DEBUG - 2025-01-08 16:00:26 --> UTF-8 Support Enabled
INFO - 2025-01-08 16:00:26 --> Utf8 Class Initialized
INFO - 2025-01-08 16:00:26 --> URI Class Initialized
INFO - 2025-01-08 16:00:26 --> Router Class Initialized
INFO - 2025-01-08 16:00:26 --> Output Class Initialized
INFO - 2025-01-08 16:00:26 --> Security Class Initialized
DEBUG - 2025-01-08 16:00:26 --> Global POST, GET and COOKIE data sanitized
INFO - 2025-01-08 16:00:26 --> Input Class Initialized
INFO - 2025-01-08 16:00:26 --> Language Class Initialized
INFO - 2025-01-08 16:00:26 --> Language Class Initialized
INFO - 2025-01-08 16:00:26 --> Config Class Initialized
INFO - 2025-01-08 16:00:26 --> Loader Class Initialized
INFO - 2025-01-08 16:00:26 --> Helper loaded: url_helper
INFO - 2025-01-08 16:00:26 --> Helper loaded: easyui_helper
INFO - 2025-01-08 16:00:26 --> Helper loaded: param_helper
INFO - 2025-01-08 16:00:26 --> Helper loaded: credential_helper
INFO - 2025-01-08 16:00:26 --> Helper loaded: template_helper
INFO - 2025-01-08 16:00:26 --> Helper loaded: rest_helper
INFO - 2025-01-08 16:00:26 --> Database Driver Class Initialized
DEBUG - 2025-01-08 16:00:26 --> Idgenerator class already loaded. Second attempt ignored.
INFO - 2025-01-08 16:00:26 --> Controller Class Initialized
INFO - 2025-01-08 16:00:26 --> Model Class Initialized
DEBUG - 2025-01-08 16:00:26 --> File loaded: /apps/web-drc/application/modules/app_dashboard/models/App_dashboard_model.php
INFO - 2025-01-08 16:00:26 --> Model Class Initialized
DEBUG - 2025-01-08 16:00:26 --> File loaded: /apps/web-drc/application/modules/app_dashboard/views/content.php
DEBUG - 2025-01-08 16:00:26 --> File loaded: /apps/web-drc/application/views/templates/header.php
DEBUG - 2025-01-08 16:00:26 --> File loaded: /apps/web-drc/application/views/templates/toolbar.php
DEBUG - 2025-01-08 16:00:26 --> File loaded: /apps/web-drc/application/views/templates/sidebar.php
DEBUG - 2025-01-08 16:00:26 --> File loaded: /apps/web-drc/application/views/templates/contents.php
DEBUG - 2025-01-08 16:00:26 --> File loaded: /apps/web-drc/application/views/templates/content_footer.php
DEBUG - 2025-01-08 16:00:26 --> File loaded: /apps/web-drc/application/views/templates/footer.php
INFO - 2025-01-08 16:00:26 --> Config Class Initialized
INFO - 2025-01-08 16:00:26 --> Hooks Class Initialized
DEBUG - 2025-01-08 16:00:26 --> UTF-8 Support Enabled
INFO - 2025-01-08 16:00:26 --> Utf8 Class Initialized
INFO - 2025-01-08 16:00:26 --> URI Class Initialized
DEBUG - 2025-01-08 16:00:26 --> No URI present. Default controller set.
INFO - 2025-01-08 16:00:26 --> Router Class Initialized
INFO - 2025-01-08 16:00:26 --> Output Class Initialized
INFO - 2025-01-08 16:00:26 --> Security Class Initialized
DEBUG - 2025-01-08 16:00:26 --> Global POST, GET and COOKIE data sanitized
INFO - 2025-01-08 16:00:26 --> Input Class Initialized
INFO - 2025-01-08 16:00:26 --> Language Class Initialized
INFO - 2025-01-08 16:00:26 --> Language Class Initialized
INFO - 2025-01-08 16:00:26 --> Config Class Initialized
INFO - 2025-01-08 16:00:26 --> Loader Class Initialized
INFO - 2025-01-08 16:00:26 --> Helper loaded: url_helper
INFO - 2025-01-08 16:00:26 --> Helper loaded: easyui_helper
INFO - 2025-01-08 16:00:26 --> Helper loaded: param_helper
INFO - 2025-01-08 16:00:26 --> Helper loaded: credential_helper
INFO - 2025-01-08 16:00:26 --> Helper loaded: template_helper
INFO - 2025-01-08 16:00:26 --> Helper loaded: rest_helper
INFO - 2025-01-08 16:00:26 --> Database Driver Class Initialized
DEBUG - 2025-01-08 16:00:26 --> Idgenerator class already loaded. Second attempt ignored.
INFO - 2025-01-08 16:00:26 --> Controller Class Initialized
DEBUG - 2025-01-08 16:00:26 --> File loaded: /apps/web-drc/application/modules/app_auth/views/login_lte_template.php
DEBUG - 2025-01-08 16:00:26 --> File loaded: /apps/web-drc/application/views/template_login_lte/header.php
DEBUG - 2025-01-08 16:00:26 --> File loaded: /apps/web-drc/application/views/template_login_lte/contents.php
DEBUG - 2025-01-08 16:00:26 --> File loaded: /apps/web-drc/application/views/template_login_lte/default.php
INFO - 2025-01-08 16:00:26 --> Final output sent to browser
DEBUG - 2025-01-08 16:00:26 --> Total execution time: 0.0040
INFO - 2025-01-08 16:00:28 --> Config Class Initialized
INFO - 2025-01-08 16:00:28 --> Hooks Class Initialized
DEBUG - 2025-01-08 16:00:28 --> UTF-8 Support Enabled
INFO - 2025-01-08 16:00:28 --> Utf8 Class Initialized
INFO - 2025-01-08 16:00:28 --> URI Class Initialized
INFO - 2025-01-08 16:00:28 --> Router Class Initialized
INFO - 2025-01-08 16:00:28 --> Output Class Initialized
INFO - 2025-01-08 16:00:28 --> Security Class Initialized
DEBUG - 2025-01-08 16:00:28 --> Global POST, GET and COOKIE data sanitized
INFO - 2025-01-08 16:00:28 --> Input Class Initialized
INFO - 2025-01-08 16:00:28 --> Language Class Initialized
INFO - 2025-01-08 16:00:28 --> Language Class Initialized
INFO - 2025-01-08 16:00:28 --> Config Class Initialized
INFO - 2025-01-08 16:00:28 --> Loader Class Initialized
INFO - 2025-01-08 16:00:28 --> Helper loaded: url_helper
INFO - 2025-01-08 16:00:28 --> Helper loaded: easyui_helper
INFO - 2025-01-08 16:00:28 --> Helper loaded: param_helper
INFO - 2025-01-08 16:00:28 --> Helper loaded: credential_helper
INFO - 2025-01-08 16:00:28 --> Helper loaded: template_helper
INFO - 2025-01-08 16:00:28 --> Helper loaded: rest_helper
INFO - 2025-01-08 16:00:28 --> Database Driver Class Initialized
DEBUG - 2025-01-08 16:00:28 --> Idgenerator class already loaded. Second attempt ignored.
INFO - 2025-01-08 16:00:28 --> Controller Class Initialized
INFO - 2025-01-08 16:00:28 --> Final output sent to browser
DEBUG - 2025-01-08 16:00:28 --> Total execution time: 0.0038
INFO - 2025-01-08 16:00:28 --> Config Class Initialized
INFO - 2025-01-08 16:00:28 --> Hooks Class Initialized
DEBUG - 2025-01-08 16:00:28 --> UTF-8 Support Enabled
INFO - 2025-01-08 16:00:28 --> Utf8 Class Initialized
INFO - 2025-01-08 16:00:28 --> URI Class Initialized
INFO - 2025-01-08 16:00:28 --> Router Class Initialized
INFO - 2025-01-08 16:00:28 --> Output Class Initialized
INFO - 2025-01-08 16:00:28 --> Security Class Initialized
DEBUG - 2025-01-08 16:00:28 --> Global POST, GET and COOKIE data sanitized
INFO - 2025-01-08 16:00:28 --> Input Class Initialized
INFO - 2025-01-08 16:00:28 --> Language Class Initialized
INFO - 2025-01-08 16:00:28 --> Language Class Initialized
INFO - 2025-01-08 16:00:28 --> Config Class Initialized
INFO - 2025-01-08 16:00:28 --> Loader Class Initialized
INFO - 2025-01-08 16:00:28 --> Helper loaded: url_helper
INFO - 2025-01-08 16:00:28 --> Helper loaded: easyui_helper
INFO - 2025-01-08 16:00:28 --> Helper loaded: param_helper
INFO - 2025-01-08 16:00:28 --> Helper loaded: credential_helper
INFO - 2025-01-08 16:00:28 --> Helper loaded: template_helper
INFO - 2025-01-08 16:00:28 --> Helper loaded: rest_helper
INFO - 2025-01-08 16:00:28 --> Database Driver Class Initialized
DEBUG - 2025-01-08 16:00:28 --> Idgenerator class already loaded. Second attempt ignored.
INFO - 2025-01-08 16:00:28 --> Controller Class Initialized
INFO - 2025-01-08 16:00:28 --> Model Class Initialized
DEBUG - 2025-01-08 16:00:28 --> File loaded: /apps/web-drc/application/modules/app_dashboard/models/App_dashboard_model.php
INFO - 2025-01-08 16:00:28 --> Model Class Initialized
DEBUG - 2025-01-08 16:00:28 --> File loaded: /apps/web-drc/application/modules/app_dashboard/views/content.php
DEBUG - 2025-01-08 16:00:28 --> File loaded: /apps/web-drc/application/views/templates/header.php
DEBUG - 2025-01-08 16:00:28 --> File loaded: /apps/web-drc/application/views/templates/toolbar.php
DEBUG - 2025-01-08 16:00:28 --> File loaded: /apps/web-drc/application/views/templates/sidebar.php
DEBUG - 2025-01-08 16:00:28 --> File loaded: /apps/web-drc/application/views/templates/contents.php
DEBUG - 2025-01-08 16:00:28 --> File loaded: /apps/web-drc/application/views/templates/content_footer.php
DEBUG - 2025-01-08 16:00:28 --> File loaded: /apps/web-drc/application/views/templates/footer.php
DEBUG - 2025-01-08 16:00:28 --> File loaded: /apps/web-drc/application/views/templates/default.php
INFO - 2025-01-08 16:00:28 --> Final output sent to browser
DEBUG - 2025-01-08 16:00:28 --> Total execution time: 0.0091
INFO - 2025-01-08 16:00:28 --> Config Class Initialized
INFO - 2025-01-08 16:00:28 --> Hooks Class Initialized
DEBUG - 2025-01-08 16:00:28 --> UTF-8 Support Enabled
INFO - 2025-01-08 16:00:28 --> Utf8 Class Initialized
INFO - 2025-01-08 16:00:28 --> URI Class Initialized
INFO - 2025-01-08 16:00:28 --> Router Class Initialized
INFO - 2025-01-08 16:00:28 --> Output Class Initialized
INFO - 2025-01-08 16:00:28 --> Security Class Initialized
DEBUG - 2025-01-08 16:00:28 --> Global POST, GET and COOKIE data sanitized
INFO - 2025-01-08 16:00:28 --> Input Class Initialized
INFO - 2025-01-08 16:00:28 --> Language Class Initialized
INFO - 2025-01-08 16:00:28 --> Language Class Initialized
INFO - 2025-01-08 16:00:28 --> Config Class Initialized
INFO - 2025-01-08 16:00:28 --> Loader Class Initialized
INFO - 2025-01-08 16:00:28 --> Helper loaded: url_helper
INFO - 2025-01-08 16:00:28 --> Helper loaded: easyui_helper
INFO - 2025-01-08 16:00:28 --> Helper loaded: param_helper
INFO - 2025-01-08 16:00:28 --> Helper loaded: credential_helper
INFO - 2025-01-08 16:00:28 --> Helper loaded: template_helper
INFO - 2025-01-08 16:00:28 --> Helper loaded: rest_helper
INFO - 2025-01-08 16:00:28 --> Database Driver Class Initialized
DEBUG - 2025-01-08 16:00:28 --> Idgenerator class already loaded. Second attempt ignored.
INFO - 2025-01-08 16:00:28 --> Controller Class Initialized
INFO - 2025-01-08 16:00:28 --> Model Class Initialized
DEBUG - 2025-01-08 16:00:28 --> File loaded: /apps/web-drc/application/modules/app_dashboard/models/App_dashboard_model.php
INFO - 2025-01-08 16:00:28 --> Model Class Initialized
INFO - 2025-01-08 16:00:28 --> Final output sent to browser
DEBUG - 2025-01-08 16:00:28 --> Total execution time: 0.0058
INFO - 2025-01-08 16:00:28 --> Config Class Initialized
INFO - 2025-01-08 16:00:28 --> Hooks Class Initialized
DEBUG - 2025-01-08 16:00:28 --> UTF-8 Support Enabled
INFO - 2025-01-08 16:00:28 --> Utf8 Class Initialized
INFO - 2025-01-08 16:00:28 --> URI Class Initialized
INFO - 2025-01-08 16:00:28 --> Router Class Initialized
INFO - 2025-01-08 16:00:28 --> Output Class Initialized
INFO - 2025-01-08 16:00:28 --> Security Class Initialized
DEBUG - 2025-01-08 16:00:28 --> Global POST, GET and COOKIE data sanitized
INFO - 2025-01-08 16:00:28 --> Input Class Initialized
INFO - 2025-01-08 16:00:28 --> Language Class Initialized
INFO - 2025-01-08 16:00:28 --> Language Class Initialized
INFO - 2025-01-08 16:00:28 --> Config Class Initialized
INFO - 2025-01-08 16:00:28 --> Loader Class Initialized
INFO - 2025-01-08 16:00:28 --> Helper loaded: url_helper
INFO - 2025-01-08 16:00:28 --> Helper loaded: easyui_helper
INFO - 2025-01-08 16:00:28 --> Helper loaded: param_helper
INFO - 2025-01-08 16:00:28 --> Helper loaded: credential_helper
INFO - 2025-01-08 16:00:28 --> Helper loaded: template_helper
INFO - 2025-01-08 16:00:28 --> Helper loaded: rest_helper
INFO - 2025-01-08 16:00:28 --> Database Driver Class Initialized
DEBUG - 2025-01-08 16:00:28 --> Idgenerator class already loaded. Second attempt ignored.
INFO - 2025-01-08 16:00:28 --> Controller Class Initialized
INFO - 2025-01-08 16:00:28 --> Model Class Initialized
DEBUG - 2025-01-08 16:00:28 --> File loaded: /apps/web-drc/application/modules/api_v1/models/Api_v1_model.php
INFO - 2025-01-08 16:00:28 --> Model Class Initialized
INFO - 2025-01-08 16:00:28 --> Final output sent to browser
DEBUG - 2025-01-08 16:00:28 --> Total execution time: 0.0038
INFO - 2025-01-08 16:00:31 --> Config Class Initialized
INFO - 2025-01-08 16:00:31 --> Hooks Class Initialized
DEBUG - 2025-01-08 16:00:31 --> UTF-8 Support Enabled
INFO - 2025-01-08 16:00:31 --> Utf8 Class Initialized
INFO - 2025-01-08 16:00:31 --> URI Class Initialized
INFO - 2025-01-08 16:00:31 --> Router Class Initialized
INFO - 2025-01-08 16:00:31 --> Output Class Initialized
INFO - 2025-01-08 16:00:31 --> Security Class Initialized
DEBUG - 2025-01-08 16:00:31 --> Global POST, GET and COOKIE data sanitized
INFO - 2025-01-08 16:00:31 --> Input Class Initialized
INFO - 2025-01-08 16:00:31 --> Language Class Initialized
INFO - 2025-01-08 16:00:31 --> Language Class Initialized
INFO - 2025-01-08 16:00:31 --> Config Class Initialized
INFO - 2025-01-08 16:00:31 --> Loader Class Initialized
INFO - 2025-01-08 16:00:31 --> Helper loaded: url_helper
INFO - 2025-01-08 16:00:31 --> Helper loaded: easyui_helper
INFO - 2025-01-08 16:00:31 --> Helper loaded: param_helper
INFO - 2025-01-08 16:00:31 --> Helper loaded: credential_helper
INFO - 2025-01-08 16:00:31 --> Helper loaded: template_helper
INFO - 2025-01-08 16:00:31 --> Helper loaded: rest_helper
INFO - 2025-01-08 16:00:31 --> Database Driver Class Initialized
DEBUG - 2025-01-08 16:00:31 --> Idgenerator class already loaded. Second attempt ignored.
INFO - 2025-01-08 16:00:31 --> Controller Class Initialized
INFO - 2025-01-08 16:00:31 --> Model Class Initialized
DEBUG - 2025-01-08 16:00:31 --> File loaded: /apps/web-drc/application/modules/app_dashboard/models/App_dashboard_model.php
INFO - 2025-01-08 16:00:31 --> Model Class Initialized
INFO - 2025-01-08 16:00:31 --> Final output sent to browser
DEBUG - 2025-01-08 16:00:31 --> Total execution time: 0.0061
INFO - 2025-01-08 16:00:34 --> Config Class Initialized
INFO - 2025-01-08 16:00:34 --> Hooks Class Initialized
DEBUG - 2025-01-08 16:00:34 --> UTF-8 Support Enabled
INFO - 2025-01-08 16:00:34 --> Utf8 Class Initialized
INFO - 2025-01-08 16:00:34 --> URI Class Initialized
INFO - 2025-01-08 16:00:34 --> Router Class Initialized
INFO - 2025-01-08 16:00:34 --> Output Class Initialized
INFO - 2025-01-08 16:00:34 --> Security Class Initialized
DEBUG - 2025-01-08 16:00:34 --> Global POST, GET and COOKIE data sanitized
INFO - 2025-01-08 16:00:34 --> Input Class Initialized
INFO - 2025-01-08 16:00:34 --> Language Class Initialized
INFO - 2025-01-08 16:00:34 --> Language Class Initialized
INFO - 2025-01-08 16:00:34 --> Config Class Initialized
INFO - 2025-01-08 16:00:34 --> Loader Class Initialized
INFO - 2025-01-08 16:00:34 --> Helper loaded: url_helper
INFO - 2025-01-08 16:00:34 --> Helper loaded: easyui_helper
INFO - 2025-01-08 16:00:34 --> Helper loaded: param_helper
INFO - 2025-01-08 16:00:34 --> Helper loaded: credential_helper
INFO - 2025-01-08 16:00:34 --> Helper loaded: template_helper
INFO - 2025-01-08 16:00:34 --> Helper loaded: rest_helper
INFO - 2025-01-08 16:00:34 --> Database Driver Class Initialized
DEBUG - 2025-01-08 16:00:34 --> Idgenerator class already loaded. Second attempt ignored.
INFO - 2025-01-08 16:00:34 --> Controller Class Initialized
INFO - 2025-01-08 16:00:34 --> Model Class Initialized
DEBUG - 2025-01-08 16:00:34 --> File loaded: /apps/web-drc/application/modules/app_dashboard/models/App_dashboard_model.php
INFO - 2025-01-08 16:00:34 --> Model Class Initialized
INFO - 2025-01-08 16:00:34 --> Final output sent to browser
DEBUG - 2025-01-08 16:00:34 --> Total execution time: 0.0791
INFO - 2025-01-08 16:00:37 --> Config Class Initialized
INFO - 2025-01-08 16:00:37 --> Hooks Class Initialized
DEBUG - 2025-01-08 16:00:37 --> UTF-8 Support Enabled
INFO - 2025-01-08 16:00:37 --> Utf8 Class Initialized
INFO - 2025-01-08 16:00:37 --> URI Class Initialized
INFO - 2025-01-08 16:00:37 --> Router Class Initialized
INFO - 2025-01-08 16:00:37 --> Output Class Initialized
INFO - 2025-01-08 16:00:37 --> Security Class Initialized
DEBUG - 2025-01-08 16:00:37 --> Global POST, GET and COOKIE data sanitized
INFO - 2025-01-08 16:00:37 --> Input Class Initialized
INFO - 2025-01-08 16:00:37 --> Language Class Initialized
INFO - 2025-01-08 16:00:37 --> Language Class Initialized
INFO - 2025-01-08 16:00:37 --> Config Class Initialized
INFO - 2025-01-08 16:00:37 --> Loader Class Initialized
INFO - 2025-01-08 16:00:37 --> Helper loaded: url_helper
INFO - 2025-01-08 16:00:37 --> Helper loaded: easyui_helper
INFO - 2025-01-08 16:00:37 --> Helper loaded: param_helper
INFO - 2025-01-08 16:00:37 --> Helper loaded: credential_helper
INFO - 2025-01-08 16:00:37 --> Helper loaded: template_helper
INFO - 2025-01-08 16:00:37 --> Helper loaded: rest_helper
INFO - 2025-01-08 16:00:37 --> Database Driver Class Initialized
DEBUG - 2025-01-08 16:00:37 --> Idgenerator class already loaded. Second attempt ignored.
INFO - 2025-01-08 16:00:37 --> Controller Class Initialized
INFO - 2025-01-08 16:00:37 --> Model Class Initialized
DEBUG - 2025-01-08 16:00:37 --> File loaded: /apps/web-drc/application/modules/app_dashboard/models/App_dashboard_model.php
INFO - 2025-01-08 16:00:37 --> Model Class Initialized
INFO - 2025-01-08 16:00:37 --> Final output sent to browser
DEBUG - 2025-01-08 16:00:37 --> Total execution time: 0.1876
INFO - 2025-01-08 16:08:15 --> Config Class Initialized
INFO - 2025-01-08 16:08:15 --> Hooks Class Initialized
DEBUG - 2025-01-08 16:08:15 --> UTF-8 Support Enabled
INFO - 2025-01-08 16:08:15 --> Utf8 Class Initialized
INFO - 2025-01-08 16:08:15 --> URI Class Initialized
INFO - 2025-01-08 16:08:15 --> Router Class Initialized
INFO - 2025-01-08 16:08:15 --> Output Class Initialized
INFO - 2025-01-08 16:08:15 --> Security Class Initialized
DEBUG - 2025-01-08 16:08:15 --> Global POST, GET and COOKIE data sanitized
INFO - 2025-01-08 16:08:15 --> Input Class Initialized
INFO - 2025-01-08 16:08:15 --> Language Class Initialized
INFO - 2025-01-08 16:08:15 --> Language Class Initialized
INFO - 2025-01-08 16:08:15 --> Config Class Initialized
INFO - 2025-01-08 16:08:15 --> Loader Class Initialized
INFO - 2025-01-08 16:08:15 --> Helper loaded: url_helper
INFO - 2025-01-08 16:08:15 --> Helper loaded: easyui_helper
INFO - 2025-01-08 16:08:15 --> Helper loaded: param_helper
INFO - 2025-01-08 16:08:15 --> Helper loaded: credential_helper
INFO - 2025-01-08 16:08:15 --> Helper loaded: template_helper
INFO - 2025-01-08 16:08:15 --> Helper loaded: rest_helper
INFO - 2025-01-08 16:08:15 --> Database Driver Class Initialized
DEBUG - 2025-01-08 16:08:15 --> Idgenerator class already loaded. Second attempt ignored.
INFO - 2025-01-08 16:08:15 --> Controller Class Initialized
INFO - 2025-01-08 16:08:15 --> Model Class Initialized
DEBUG - 2025-01-08 16:08:15 --> File loaded: /apps/web-drc/application/modules/app_dashboard/models/App_dashboard_model.php
INFO - 2025-01-08 16:08:15 --> Model Class Initialized
INFO - 2025-01-08 16:08:15 --> Final output sent to browser
DEBUG - 2025-01-08 16:08:15 --> Total execution time: 0.0555
INFO - 2025-01-08 23:24:24 --> Config Class Initialized
INFO - 2025-01-08 23:24:24 --> Hooks Class Initialized
DEBUG - 2025-01-08 23:24:24 --> UTF-8 Support Enabled
INFO - 2025-01-08 23:24:24 --> Utf8 Class Initialized
INFO - 2025-01-08 23:24:24 --> URI Class Initialized
INFO - 2025-01-08 23:24:24 --> Router Class Initialized
INFO - 2025-01-08 23:24:24 --> Output Class Initialized
INFO - 2025-01-08 23:24:24 --> Security Class Initialized
DEBUG - 2025-01-08 23:24:24 --> Global POST, GET and COOKIE data sanitized
INFO - 2025-01-08 23:24:24 --> Input Class Initialized
INFO - 2025-01-08 23:24:24 --> Language Class Initialized
INFO - 2025-01-08 23:24:24 --> Language Class Initialized
INFO - 2025-01-08 23:24:24 --> Config Class Initialized
INFO - 2025-01-08 23:24:24 --> Loader Class Initialized
INFO - 2025-01-08 23:24:24 --> Helper loaded: url_helper
INFO - 2025-01-08 23:24:24 --> Helper loaded: easyui_helper
INFO - 2025-01-08 23:24:24 --> Helper loaded: param_helper
INFO - 2025-01-08 23:24:24 --> Helper loaded: credential_helper
INFO - 2025-01-08 23:24:24 --> Helper loaded: template_helper
INFO - 2025-01-08 23:24:24 --> Helper loaded: rest_helper
INFO - 2025-01-08 23:24:24 --> Database Driver Class Initialized
DEBUG - 2025-01-08 23:24:24 --> Idgenerator class already loaded. Second attempt ignored.
INFO - 2025-01-08 23:24:24 --> Controller Class Initialized
INFO - 2025-01-08 23:24:24 --> Model Class Initialized
DEBUG - 2025-01-08 23:24:24 --> File loaded: /apps/web-drc/application/modules/app_dashboard/models/App_dashboard_model.php
INFO - 2025-01-08 23:24:24 --> Model Class Initialized
INFO - 2025-01-08 23:24:24 --> Final output sent to browser
DEBUG - 2025-01-08 23:24:24 --> Total execution time: 0.1519
INFO - 2025-01-08 23:24:26 --> Config Class Initialized
INFO - 2025-01-08 23:24:26 --> Hooks Class Initialized
DEBUG - 2025-01-08 23:24:26 --> UTF-8 Support Enabled
INFO - 2025-01-08 23:24:26 --> Utf8 Class Initialized
INFO - 2025-01-08 23:24:26 --> URI Class Initialized
INFO - 2025-01-08 23:24:26 --> Router Class Initialized
INFO - 2025-01-08 23:24:26 --> Output Class Initialized
INFO - 2025-01-08 23:24:26 --> Security Class Initialized
DEBUG - 2025-01-08 23:24:26 --> Global POST, GET and COOKIE data sanitized
INFO - 2025-01-08 23:24:26 --> Input Class Initialized
INFO - 2025-01-08 23:24:26 --> Language Class Initialized
INFO - 2025-01-08 23:24:26 --> Language Class Initialized
INFO - 2025-01-08 23:24:26 --> Config Class Initialized
INFO - 2025-01-08 23:24:26 --> Loader Class Initialized
INFO - 2025-01-08 23:24:26 --> Helper loaded: url_helper
INFO - 2025-01-08 23:24:26 --> Helper loaded: easyui_helper
INFO - 2025-01-08 23:24:26 --> Helper loaded: param_helper
INFO - 2025-01-08 23:24:26 --> Helper loaded: credential_helper
INFO - 2025-01-08 23:24:26 --> Helper loaded: template_helper
INFO - 2025-01-08 23:24:26 --> Helper loaded: rest_helper
INFO - 2025-01-08 23:24:26 --> Database Driver Class Initialized
DEBUG - 2025-01-08 23:24:26 --> Idgenerator class already loaded. Second attempt ignored.
INFO - 2025-01-08 23:24:26 --> Controller Class Initialized
INFO - 2025-01-08 23:24:26 --> Model Class Initialized
DEBUG - 2025-01-08 23:24:26 --> File loaded: /apps/web-drc/application/modules/app_dashboard/models/App_dashboard_model.php
INFO - 2025-01-08 23:24:26 --> Model Class Initialized
INFO - 2025-01-08 23:24:26 --> Final output sent to browser
DEBUG - 2025-01-08 23:24:26 --> Total execution time: 0.5376
INFO - 2025-01-08 23:25:10 --> Config Class Initialized
INFO - 2025-01-08 23:25:10 --> Hooks Class Initialized
DEBUG - 2025-01-08 23:25:10 --> UTF-8 Support Enabled
INFO - 2025-01-08 23:25:10 --> Utf8 Class Initialized
INFO - 2025-01-08 23:25:10 --> URI Class Initialized
INFO - 2025-01-08 23:25:10 --> Router Class Initialized
INFO - 2025-01-08 23:25:10 --> Output Class Initialized
INFO - 2025-01-08 23:25:10 --> Security Class Initialized
DEBUG - 2025-01-08 23:25:10 --> Global POST, GET and COOKIE data sanitized
INFO - 2025-01-08 23:25:10 --> Input Class Initialized
INFO - 2025-01-08 23:25:10 --> Language Class Initialized
ERROR - 2025-01-08 23:25:10 --> 404 Page Not Found: /index
INFO - 2025-01-08 23:30:20 --> Config Class Initialized
INFO - 2025-01-08 23:30:20 --> Hooks Class Initialized
DEBUG - 2025-01-08 23:30:20 --> UTF-8 Support Enabled
INFO - 2025-01-08 23:30:20 --> Utf8 Class Initialized
INFO - 2025-01-08 23:30:20 --> URI Class Initialized
INFO - 2025-01-08 23:30:20 --> Router Class Initialized
INFO - 2025-01-08 23:30:20 --> Output Class Initialized
INFO - 2025-01-08 23:30:20 --> Security Class Initialized
DEBUG - 2025-01-08 23:30:20 --> Global POST, GET and COOKIE data sanitized
INFO - 2025-01-08 23:30:20 --> Input Class Initialized
INFO - 2025-01-08 23:30:20 --> Language Class Initialized
INFO - 2025-01-08 23:30:20 --> Language Class Initialized
INFO - 2025-01-08 23:30:20 --> Config Class Initialized
INFO - 2025-01-08 23:30:20 --> Loader Class Initialized
INFO - 2025-01-08 23:30:20 --> Helper loaded: url_helper
INFO - 2025-01-08 23:30:20 --> Helper loaded: easyui_helper
INFO - 2025-01-08 23:30:20 --> Helper loaded: param_helper
INFO - 2025-01-08 23:30:20 --> Helper loaded: credential_helper
INFO - 2025-01-08 23:30:20 --> Helper loaded: template_helper
INFO - 2025-01-08 23:30:20 --> Helper loaded: rest_helper
INFO - 2025-01-08 23:30:20 --> Database Driver Class Initialized
DEBUG - 2025-01-08 23:30:20 --> Idgenerator class already loaded. Second attempt ignored.
INFO - 2025-01-08 23:30:20 --> Controller Class Initialized
INFO - 2025-01-08 23:30:20 --> Model Class Initialized
DEBUG - 2025-01-08 23:30:20 --> File loaded: /apps/web-drc/application/modules/drc_dashboard/models/Drc_dashboard_model.php
INFO - 2025-01-08 23:30:20 --> Model Class Initialized
DEBUG - 2025-01-08 23:30:20 --> File loaded: /apps/web-drc/application/modules/drc_dashboard/views/form.php
DEBUG - 2025-01-08 23:30:20 --> File loaded: /apps/web-drc/application/views/templates/header.php
DEBUG - 2025-01-08 23:30:20 --> File loaded: /apps/web-drc/application/views/templates/toolbar.php
DEBUG - 2025-01-08 23:30:20 --> File loaded: /apps/web-drc/application/views/templates/sidebar.php
DEBUG - 2025-01-08 23:30:20 --> File loaded: /apps/web-drc/application/views/templates/contents.php
DEBUG - 2025-01-08 23:30:20 --> File loaded: /apps/web-drc/application/views/templates/content_footer.php
DEBUG - 2025-01-08 23:30:20 --> File loaded: /apps/web-drc/application/views/templates/footer.php
INFO - 2025-01-08 23:30:20 --> Config Class Initialized
INFO - 2025-01-08 23:30:20 --> Hooks Class Initialized
DEBUG - 2025-01-08 23:30:20 --> UTF-8 Support Enabled
INFO - 2025-01-08 23:30:20 --> Utf8 Class Initialized
INFO - 2025-01-08 23:30:20 --> URI Class Initialized
DEBUG - 2025-01-08 23:30:20 --> No URI present. Default controller set.
INFO - 2025-01-08 23:30:20 --> Router Class Initialized
INFO - 2025-01-08 23:30:20 --> Output Class Initialized
INFO - 2025-01-08 23:30:20 --> Security Class Initialized
DEBUG - 2025-01-08 23:30:20 --> Global POST, GET and COOKIE data sanitized
INFO - 2025-01-08 23:30:20 --> Input Class Initialized
INFO - 2025-01-08 23:30:20 --> Language Class Initialized
INFO - 2025-01-08 23:30:20 --> Language Class Initialized
INFO - 2025-01-08 23:30:20 --> Config Class Initialized
INFO - 2025-01-08 23:30:20 --> Loader Class Initialized
INFO - 2025-01-08 23:30:20 --> Helper loaded: url_helper
INFO - 2025-01-08 23:30:20 --> Helper loaded: easyui_helper
INFO - 2025-01-08 23:30:20 --> Helper loaded: param_helper
INFO - 2025-01-08 23:30:20 --> Helper loaded: credential_helper
INFO - 2025-01-08 23:30:20 --> Helper loaded: template_helper
INFO - 2025-01-08 23:30:20 --> Helper loaded: rest_helper
INFO - 2025-01-08 23:30:20 --> Database Driver Class Initialized
DEBUG - 2025-01-08 23:30:20 --> Idgenerator class already loaded. Second attempt ignored.
INFO - 2025-01-08 23:30:20 --> Controller Class Initialized
DEBUG - 2025-01-08 23:30:20 --> File loaded: /apps/web-drc/application/modules/app_auth/views/login_lte_template.php
DEBUG - 2025-01-08 23:30:20 --> File loaded: /apps/web-drc/application/views/template_login_lte/header.php
DEBUG - 2025-01-08 23:30:20 --> File loaded: /apps/web-drc/application/views/template_login_lte/contents.php
DEBUG - 2025-01-08 23:30:20 --> File loaded: /apps/web-drc/application/views/template_login_lte/default.php
INFO - 2025-01-08 23:30:20 --> Final output sent to browser
DEBUG - 2025-01-08 23:30:20 --> Total execution time: 0.0065
INFO - 2025-01-08 23:30:20 --> Config Class Initialized
INFO - 2025-01-08 23:30:20 --> Hooks Class Initialized
DEBUG - 2025-01-08 23:30:20 --> UTF-8 Support Enabled
INFO - 2025-01-08 23:30:20 --> Utf8 Class Initialized
INFO - 2025-01-08 23:30:20 --> URI Class Initialized
INFO - 2025-01-08 23:30:20 --> Router Class Initialized
INFO - 2025-01-08 23:30:20 --> Output Class Initialized
INFO - 2025-01-08 23:30:20 --> Security Class Initialized
DEBUG - 2025-01-08 23:30:20 --> Global POST, GET and COOKIE data sanitized
INFO - 2025-01-08 23:30:20 --> Input Class Initialized
INFO - 2025-01-08 23:30:20 --> Language Class Initialized
ERROR - 2025-01-08 23:30:20 --> 404 Page Not Found: /index
INFO - 2025-01-08 23:30:23 --> Config Class Initialized
INFO - 2025-01-08 23:30:23 --> Hooks Class Initialized
DEBUG - 2025-01-08 23:30:23 --> UTF-8 Support Enabled
INFO - 2025-01-08 23:30:23 --> Utf8 Class Initialized
INFO - 2025-01-08 23:30:23 --> URI Class Initialized
INFO - 2025-01-08 23:30:23 --> Router Class Initialized
INFO - 2025-01-08 23:30:23 --> Output Class Initialized
INFO - 2025-01-08 23:30:23 --> Security Class Initialized
DEBUG - 2025-01-08 23:30:23 --> Global POST, GET and COOKIE data sanitized
INFO - 2025-01-08 23:30:23 --> Input Class Initialized
INFO - 2025-01-08 23:30:23 --> Language Class Initialized
INFO - 2025-01-08 23:30:23 --> Language Class Initialized
INFO - 2025-01-08 23:30:23 --> Config Class Initialized
INFO - 2025-01-08 23:30:23 --> Loader Class Initialized
INFO - 2025-01-08 23:30:23 --> Helper loaded: url_helper
INFO - 2025-01-08 23:30:23 --> Helper loaded: easyui_helper
INFO - 2025-01-08 23:30:23 --> Helper loaded: param_helper
INFO - 2025-01-08 23:30:23 --> Helper loaded: credential_helper
INFO - 2025-01-08 23:30:23 --> Helper loaded: template_helper
INFO - 2025-01-08 23:30:23 --> Helper loaded: rest_helper
INFO - 2025-01-08 23:30:23 --> Database Driver Class Initialized
DEBUG - 2025-01-08 23:30:23 --> Idgenerator class already loaded. Second attempt ignored.
INFO - 2025-01-08 23:30:23 --> Controller Class Initialized
INFO - 2025-01-08 23:30:23 --> Final output sent to browser
DEBUG - 2025-01-08 23:30:23 --> Total execution time: 0.0169
INFO - 2025-01-08 23:30:23 --> Config Class Initialized
INFO - 2025-01-08 23:30:23 --> Hooks Class Initialized
DEBUG - 2025-01-08 23:30:23 --> UTF-8 Support Enabled
INFO - 2025-01-08 23:30:23 --> Utf8 Class Initialized
INFO - 2025-01-08 23:30:23 --> URI Class Initialized
INFO - 2025-01-08 23:30:23 --> Router Class Initialized
INFO - 2025-01-08 23:30:23 --> Output Class Initialized
INFO - 2025-01-08 23:30:23 --> Security Class Initialized
DEBUG - 2025-01-08 23:30:23 --> Global POST, GET and COOKIE data sanitized
INFO - 2025-01-08 23:30:23 --> Input Class Initialized
INFO - 2025-01-08 23:30:23 --> Language Class Initialized
INFO - 2025-01-08 23:30:23 --> Language Class Initialized
INFO - 2025-01-08 23:30:23 --> Config Class Initialized
INFO - 2025-01-08 23:30:23 --> Loader Class Initialized
INFO - 2025-01-08 23:30:23 --> Helper loaded: url_helper
INFO - 2025-01-08 23:30:23 --> Helper loaded: easyui_helper
INFO - 2025-01-08 23:30:23 --> Helper loaded: param_helper
INFO - 2025-01-08 23:30:23 --> Helper loaded: credential_helper
INFO - 2025-01-08 23:30:23 --> Helper loaded: template_helper
INFO - 2025-01-08 23:30:23 --> Helper loaded: rest_helper
INFO - 2025-01-08 23:30:23 --> Database Driver Class Initialized
DEBUG - 2025-01-08 23:30:23 --> Idgenerator class already loaded. Second attempt ignored.
INFO - 2025-01-08 23:30:23 --> Controller Class Initialized
INFO - 2025-01-08 23:30:23 --> Model Class Initialized
DEBUG - 2025-01-08 23:30:23 --> File loaded: /apps/web-drc/application/modules/app_dashboard/models/App_dashboard_model.php
INFO - 2025-01-08 23:30:23 --> Model Class Initialized
DEBUG - 2025-01-08 23:30:23 --> File loaded: /apps/web-drc/application/modules/app_dashboard/views/content.php
DEBUG - 2025-01-08 23:30:23 --> File loaded: /apps/web-drc/application/views/templates/header.php
DEBUG - 2025-01-08 23:30:23 --> File loaded: /apps/web-drc/application/views/templates/toolbar.php
DEBUG - 2025-01-08 23:30:23 --> File loaded: /apps/web-drc/application/views/templates/sidebar.php
DEBUG - 2025-01-08 23:30:23 --> File loaded: /apps/web-drc/application/views/templates/contents.php
DEBUG - 2025-01-08 23:30:23 --> File loaded: /apps/web-drc/application/views/templates/content_footer.php
DEBUG - 2025-01-08 23:30:23 --> File loaded: /apps/web-drc/application/views/templates/footer.php
DEBUG - 2025-01-08 23:30:23 --> File loaded: /apps/web-drc/application/views/templates/default.php
INFO - 2025-01-08 23:30:23 --> Final output sent to browser
DEBUG - 2025-01-08 23:30:23 --> Total execution time: 0.0224
INFO - 2025-01-08 23:30:23 --> Config Class Initialized
INFO - 2025-01-08 23:30:23 --> Hooks Class Initialized
DEBUG - 2025-01-08 23:30:23 --> UTF-8 Support Enabled
INFO - 2025-01-08 23:30:23 --> Utf8 Class Initialized
INFO - 2025-01-08 23:30:23 --> URI Class Initialized
INFO - 2025-01-08 23:30:23 --> Router Class Initialized
INFO - 2025-01-08 23:30:23 --> Output Class Initialized
INFO - 2025-01-08 23:30:23 --> Security Class Initialized
DEBUG - 2025-01-08 23:30:23 --> Global POST, GET and COOKIE data sanitized
INFO - 2025-01-08 23:30:23 --> Input Class Initialized
INFO - 2025-01-08 23:30:23 --> Language Class Initialized
ERROR - 2025-01-08 23:30:23 --> 404 Page Not Found: /index
INFO - 2025-01-08 23:30:23 --> Config Class Initialized
INFO - 2025-01-08 23:30:23 --> Hooks Class Initialized
DEBUG - 2025-01-08 23:30:23 --> UTF-8 Support Enabled
INFO - 2025-01-08 23:30:23 --> Utf8 Class Initialized
INFO - 2025-01-08 23:30:23 --> URI Class Initialized
INFO - 2025-01-08 23:30:23 --> Router Class Initialized
INFO - 2025-01-08 23:30:23 --> Output Class Initialized
INFO - 2025-01-08 23:30:23 --> Security Class Initialized
DEBUG - 2025-01-08 23:30:23 --> Global POST, GET and COOKIE data sanitized
INFO - 2025-01-08 23:30:23 --> Input Class Initialized
INFO - 2025-01-08 23:30:23 --> Language Class Initialized
INFO - 2025-01-08 23:30:23 --> Language Class Initialized
INFO - 2025-01-08 23:30:23 --> Config Class Initialized
INFO - 2025-01-08 23:30:23 --> Loader Class Initialized
INFO - 2025-01-08 23:30:23 --> Helper loaded: url_helper
INFO - 2025-01-08 23:30:23 --> Helper loaded: easyui_helper
INFO - 2025-01-08 23:30:23 --> Helper loaded: param_helper
INFO - 2025-01-08 23:30:23 --> Helper loaded: credential_helper
INFO - 2025-01-08 23:30:23 --> Helper loaded: template_helper
INFO - 2025-01-08 23:30:23 --> Helper loaded: rest_helper
INFO - 2025-01-08 23:30:23 --> Database Driver Class Initialized
DEBUG - 2025-01-08 23:30:23 --> Idgenerator class already loaded. Second attempt ignored.
INFO - 2025-01-08 23:30:23 --> Controller Class Initialized
INFO - 2025-01-08 23:30:23 --> Model Class Initialized
DEBUG - 2025-01-08 23:30:23 --> File loaded: /apps/web-drc/application/modules/app_dashboard/models/App_dashboard_model.php
INFO - 2025-01-08 23:30:23 --> Model Class Initialized
INFO - 2025-01-08 23:30:23 --> Final output sent to browser
DEBUG - 2025-01-08 23:30:23 --> Total execution time: 0.0117
INFO - 2025-01-08 23:30:23 --> Config Class Initialized
INFO - 2025-01-08 23:30:23 --> Hooks Class Initialized
DEBUG - 2025-01-08 23:30:23 --> UTF-8 Support Enabled
INFO - 2025-01-08 23:30:23 --> Utf8 Class Initialized
INFO - 2025-01-08 23:30:23 --> URI Class Initialized
INFO - 2025-01-08 23:30:23 --> Router Class Initialized
INFO - 2025-01-08 23:30:23 --> Output Class Initialized
INFO - 2025-01-08 23:30:23 --> Security Class Initialized
DEBUG - 2025-01-08 23:30:23 --> Global POST, GET and COOKIE data sanitized
INFO - 2025-01-08 23:30:23 --> Input Class Initialized
INFO - 2025-01-08 23:30:23 --> Language Class Initialized
INFO - 2025-01-08 23:30:23 --> Language Class Initialized
INFO - 2025-01-08 23:30:23 --> Config Class Initialized
INFO - 2025-01-08 23:30:23 --> Loader Class Initialized
INFO - 2025-01-08 23:30:23 --> Helper loaded: url_helper
INFO - 2025-01-08 23:30:23 --> Helper loaded: easyui_helper
INFO - 2025-01-08 23:30:23 --> Helper loaded: param_helper
INFO - 2025-01-08 23:30:23 --> Helper loaded: credential_helper
INFO - 2025-01-08 23:30:23 --> Helper loaded: template_helper
INFO - 2025-01-08 23:30:23 --> Helper loaded: rest_helper
INFO - 2025-01-08 23:30:23 --> Database Driver Class Initialized
DEBUG - 2025-01-08 23:30:23 --> Idgenerator class already loaded. Second attempt ignored.
INFO - 2025-01-08 23:30:23 --> Controller Class Initialized
INFO - 2025-01-08 23:30:23 --> Model Class Initialized
DEBUG - 2025-01-08 23:30:23 --> File loaded: /apps/web-drc/application/modules/api_v1/models/Api_v1_model.php
INFO - 2025-01-08 23:30:23 --> Model Class Initialized
INFO - 2025-01-08 23:30:23 --> Final output sent to browser
DEBUG - 2025-01-08 23:30:23 --> Total execution time: 0.0079
INFO - 2025-01-08 23:46:50 --> Config Class Initialized
INFO - 2025-01-08 23:46:50 --> Hooks Class Initialized
DEBUG - 2025-01-08 23:46:50 --> UTF-8 Support Enabled
INFO - 2025-01-08 23:46:50 --> Utf8 Class Initialized
INFO - 2025-01-08 23:46:50 --> URI Class Initialized
INFO - 2025-01-08 23:46:50 --> Router Class Initialized
INFO - 2025-01-08 23:46:50 --> Output Class Initialized
INFO - 2025-01-08 23:46:50 --> Security Class Initialized
DEBUG - 2025-01-08 23:46:50 --> Global POST, GET and COOKIE data sanitized
INFO - 2025-01-08 23:46:50 --> Input Class Initialized
INFO - 2025-01-08 23:46:50 --> Language Class Initialized
INFO - 2025-01-08 23:46:50 --> Language Class Initialized
INFO - 2025-01-08 23:46:50 --> Config Class Initialized
INFO - 2025-01-08 23:46:50 --> Loader Class Initialized
INFO - 2025-01-08 23:46:50 --> Helper loaded: url_helper
INFO - 2025-01-08 23:46:50 --> Helper loaded: easyui_helper
INFO - 2025-01-08 23:46:50 --> Helper loaded: param_helper
INFO - 2025-01-08 23:46:50 --> Helper loaded: credential_helper
INFO - 2025-01-08 23:46:50 --> Helper loaded: template_helper
INFO - 2025-01-08 23:46:50 --> Helper loaded: rest_helper
INFO - 2025-01-08 23:46:50 --> Database Driver Class Initialized
DEBUG - 2025-01-08 23:46:50 --> Idgenerator class already loaded. Second attempt ignored.
INFO - 2025-01-08 23:46:50 --> Controller Class Initialized
INFO - 2025-01-08 23:46:50 --> Model Class Initialized
DEBUG - 2025-01-08 23:46:50 --> File loaded: /apps/web-drc/application/modules/app_dashboard/models/App_dashboard_model.php
INFO - 2025-01-08 23:46:50 --> Model Class Initialized
INFO - 2025-01-08 23:46:50 --> Final output sent to browser
DEBUG - 2025-01-08 23:46:50 --> Total execution time: 0.1001
INFO - 2025-01-08 23:47:11 --> Config Class Initialized
INFO - 2025-01-08 23:47:11 --> Hooks Class Initialized
DEBUG - 2025-01-08 23:47:11 --> UTF-8 Support Enabled
INFO - 2025-01-08 23:47:11 --> Utf8 Class Initialized
INFO - 2025-01-08 23:47:11 --> URI Class Initialized
INFO - 2025-01-08 23:47:11 --> Router Class Initialized
INFO - 2025-01-08 23:47:11 --> Output Class Initialized
INFO - 2025-01-08 23:47:11 --> Security Class Initialized
DEBUG - 2025-01-08 23:47:11 --> Global POST, GET and COOKIE data sanitized
INFO - 2025-01-08 23:47:11 --> Input Class Initialized
INFO - 2025-01-08 23:47:11 --> Language Class Initialized
INFO - 2025-01-08 23:47:11 --> Language Class Initialized
INFO - 2025-01-08 23:47:11 --> Config Class Initialized
INFO - 2025-01-08 23:47:11 --> Loader Class Initialized
INFO - 2025-01-08 23:47:11 --> Helper loaded: url_helper
INFO - 2025-01-08 23:47:11 --> Helper loaded: easyui_helper
INFO - 2025-01-08 23:47:11 --> Helper loaded: param_helper
INFO - 2025-01-08 23:47:11 --> Helper loaded: credential_helper
INFO - 2025-01-08 23:47:11 --> Helper loaded: template_helper
INFO - 2025-01-08 23:47:11 --> Helper loaded: rest_helper
INFO - 2025-01-08 23:47:11 --> Database Driver Class Initialized
DEBUG - 2025-01-08 23:47:11 --> Idgenerator class already loaded. Second attempt ignored.
INFO - 2025-01-08 23:47:11 --> Controller Class Initialized
INFO - 2025-01-08 23:47:11 --> Model Class Initialized
DEBUG - 2025-01-08 23:47:11 --> File loaded: /apps/web-drc/application/modules/app_dashboard/models/App_dashboard_model.php
INFO - 2025-01-08 23:47:11 --> Model Class Initialized
INFO - 2025-01-08 23:47:11 --> Final output sent to browser
DEBUG - 2025-01-08 23:47:11 --> Total execution time: 0.0256
INFO - 2025-01-08 23:47:24 --> Config Class Initialized
INFO - 2025-01-08 23:47:24 --> Hooks Class Initialized
DEBUG - 2025-01-08 23:47:24 --> UTF-8 Support Enabled
INFO - 2025-01-08 23:47:24 --> Utf8 Class Initialized
INFO - 2025-01-08 23:47:24 --> URI Class Initialized
INFO - 2025-01-08 23:47:24 --> Router Class Initialized
INFO - 2025-01-08 23:47:24 --> Output Class Initialized
INFO - 2025-01-08 23:47:24 --> Security Class Initialized
DEBUG - 2025-01-08 23:47:24 --> Global POST, GET and COOKIE data sanitized
INFO - 2025-01-08 23:47:24 --> Input Class Initialized
INFO - 2025-01-08 23:47:24 --> Language Class Initialized
INFO - 2025-01-08 23:47:24 --> Language Class Initialized
INFO - 2025-01-08 23:47:24 --> Config Class Initialized
INFO - 2025-01-08 23:47:24 --> Loader Class Initialized
INFO - 2025-01-08 23:47:24 --> Helper loaded: url_helper
INFO - 2025-01-08 23:47:24 --> Helper loaded: easyui_helper
INFO - 2025-01-08 23:47:24 --> Helper loaded: param_helper
INFO - 2025-01-08 23:47:24 --> Helper loaded: credential_helper
INFO - 2025-01-08 23:47:24 --> Helper loaded: template_helper
INFO - 2025-01-08 23:47:24 --> Helper loaded: rest_helper
INFO - 2025-01-08 23:47:24 --> Database Driver Class Initialized
DEBUG - 2025-01-08 23:47:24 --> Idgenerator class already loaded. Second attempt ignored.
INFO - 2025-01-08 23:47:24 --> Controller Class Initialized
INFO - 2025-01-08 23:47:24 --> Model Class Initialized
DEBUG - 2025-01-08 23:47:24 --> File loaded: /apps/web-drc/application/modules/app_dashboard/models/App_dashboard_model.php
INFO - 2025-01-08 23:47:24 --> Model Class Initialized
INFO - 2025-01-08 23:47:24 --> Final output sent to browser
DEBUG - 2025-01-08 23:47:24 --> Total execution time: 0.0213
INFO - 2025-01-08 23:47:44 --> Config Class Initialized
INFO - 2025-01-08 23:47:44 --> Hooks Class Initialized
DEBUG - 2025-01-08 23:47:44 --> UTF-8 Support Enabled
INFO - 2025-01-08 23:47:44 --> Utf8 Class Initialized
INFO - 2025-01-08 23:47:44 --> URI Class Initialized
INFO - 2025-01-08 23:47:44 --> Router Class Initialized
INFO - 2025-01-08 23:47:44 --> Output Class Initialized
INFO - 2025-01-08 23:47:44 --> Security Class Initialized
DEBUG - 2025-01-08 23:47:44 --> Global POST, GET and COOKIE data sanitized
INFO - 2025-01-08 23:47:44 --> Input Class Initialized
INFO - 2025-01-08 23:47:44 --> Language Class Initialized
INFO - 2025-01-08 23:47:44 --> Language Class Initialized
INFO - 2025-01-08 23:47:44 --> Config Class Initialized
INFO - 2025-01-08 23:47:44 --> Loader Class Initialized
INFO - 2025-01-08 23:47:44 --> Helper loaded: url_helper
INFO - 2025-01-08 23:47:44 --> Helper loaded: easyui_helper
INFO - 2025-01-08 23:47:44 --> Helper loaded: param_helper
INFO - 2025-01-08 23:47:44 --> Helper loaded: credential_helper
INFO - 2025-01-08 23:47:44 --> Helper loaded: template_helper
INFO - 2025-01-08 23:47:44 --> Helper loaded: rest_helper
INFO - 2025-01-08 23:47:44 --> Database Driver Class Initialized
DEBUG - 2025-01-08 23:47:44 --> Idgenerator class already loaded. Second attempt ignored.
INFO - 2025-01-08 23:47:44 --> Controller Class Initialized
INFO - 2025-01-08 23:47:44 --> Model Class Initialized
DEBUG - 2025-01-08 23:47:44 --> File loaded: /apps/web-drc/application/modules/app_dashboard/models/App_dashboard_model.php
INFO - 2025-01-08 23:47:44 --> Model Class Initialized
INFO - 2025-01-08 23:47:44 --> Final output sent to browser
DEBUG - 2025-01-08 23:47:44 --> Total execution time: 0.0054
INFO - 2025-01-08 23:47:58 --> Config Class Initialized
INFO - 2025-01-08 23:47:58 --> Hooks Class Initialized
DEBUG - 2025-01-08 23:47:58 --> UTF-8 Support Enabled
INFO - 2025-01-08 23:47:58 --> Utf8 Class Initialized
INFO - 2025-01-08 23:47:58 --> URI Class Initialized
INFO - 2025-01-08 23:47:58 --> Router Class Initialized
INFO - 2025-01-08 23:47:58 --> Output Class Initialized
INFO - 2025-01-08 23:47:58 --> Security Class Initialized
DEBUG - 2025-01-08 23:47:58 --> Global POST, GET and COOKIE data sanitized
INFO - 2025-01-08 23:47:58 --> Input Class Initialized
INFO - 2025-01-08 23:47:58 --> Language Class Initialized
INFO - 2025-01-08 23:47:58 --> Language Class Initialized
INFO - 2025-01-08 23:47:58 --> Config Class Initialized
INFO - 2025-01-08 23:47:58 --> Loader Class Initialized
INFO - 2025-01-08 23:47:58 --> Helper loaded: url_helper
INFO - 2025-01-08 23:47:58 --> Helper loaded: easyui_helper
INFO - 2025-01-08 23:47:58 --> Helper loaded: param_helper
INFO - 2025-01-08 23:47:58 --> Helper loaded: credential_helper
INFO - 2025-01-08 23:47:58 --> Helper loaded: template_helper
INFO - 2025-01-08 23:47:58 --> Helper loaded: rest_helper
INFO - 2025-01-08 23:47:58 --> Database Driver Class Initialized
DEBUG - 2025-01-08 23:47:58 --> Idgenerator class already loaded. Second attempt ignored.
INFO - 2025-01-08 23:47:58 --> Controller Class Initialized
INFO - 2025-01-08 23:47:58 --> Model Class Initialized
DEBUG - 2025-01-08 23:47:58 --> File loaded: /apps/web-drc/application/modules/app_dashboard/models/App_dashboard_model.php
INFO - 2025-01-08 23:47:58 --> Model Class Initialized
INFO - 2025-01-08 23:47:58 --> Final output sent to browser
DEBUG - 2025-01-08 23:47:58 --> Total execution time: 0.4164
