INFO - 2025-02-09 02:30:52 --> Config Class Initialized
INFO - 2025-02-09 02:30:52 --> Hooks Class Initialized
DEBUG - 2025-02-09 02:30:52 --> UTF-8 Support Enabled
INFO - 2025-02-09 02:30:52 --> Utf8 Class Initialized
INFO - 2025-02-09 02:30:52 --> URI Class Initialized
DEBUG - 2025-02-09 02:30:52 --> No URI present. Default controller set.
INFO - 2025-02-09 02:30:52 --> Router Class Initialized
INFO - 2025-02-09 02:30:52 --> Output Class Initialized
INFO - 2025-02-09 02:30:52 --> Security Class Initialized
DEBUG - 2025-02-09 02:30:52 --> Global POST, GET and COOKIE data sanitized
INFO - 2025-02-09 02:30:52 --> Input Class Initialized
INFO - 2025-02-09 02:30:52 --> Language Class Initialized
INFO - 2025-02-09 02:30:52 --> Language Class Initialized
INFO - 2025-02-09 02:30:52 --> Config Class Initialized
INFO - 2025-02-09 02:30:52 --> Loader Class Initialized
INFO - 2025-02-09 02:30:52 --> Helper loaded: url_helper
INFO - 2025-02-09 02:30:52 --> Helper loaded: easyui_helper
INFO - 2025-02-09 02:30:52 --> Helper loaded: param_helper
INFO - 2025-02-09 02:30:52 --> Helper loaded: credential_helper
INFO - 2025-02-09 02:30:52 --> Helper loaded: template_helper
INFO - 2025-02-09 02:30:52 --> Helper loaded: rest_helper
INFO - 2025-02-09 02:30:52 --> Database Driver Class Initialized
DEBUG - 2025-02-09 02:30:52 --> Idgenerator class already loaded. Second attempt ignored.
INFO - 2025-02-09 02:30:52 --> Controller Class Initialized
DEBUG - 2025-02-09 02:30:52 --> File loaded: /apps/web-drc/application/modules/app_auth/views/login_lte_template.php
DEBUG - 2025-02-09 02:30:52 --> File loaded: /apps/web-drc/application/views/template_login_lte/header.php
DEBUG - 2025-02-09 02:30:52 --> File loaded: /apps/web-drc/application/views/template_login_lte/contents.php
DEBUG - 2025-02-09 02:30:52 --> File loaded: /apps/web-drc/application/views/template_login_lte/default.php
INFO - 2025-02-09 02:30:52 --> Final output sent to browser
DEBUG - 2025-02-09 02:30:52 --> Total execution time: 0.0961
INFO - 2025-02-09 02:30:56 --> Config Class Initialized
INFO - 2025-02-09 02:30:56 --> Hooks Class Initialized
DEBUG - 2025-02-09 02:30:56 --> UTF-8 Support Enabled
INFO - 2025-02-09 02:30:56 --> Utf8 Class Initialized
INFO - 2025-02-09 02:30:56 --> URI Class Initialized
INFO - 2025-02-09 02:30:56 --> Router Class Initialized
INFO - 2025-02-09 02:30:56 --> Output Class Initialized
INFO - 2025-02-09 02:30:56 --> Security Class Initialized
DEBUG - 2025-02-09 02:30:56 --> Global POST, GET and COOKIE data sanitized
INFO - 2025-02-09 02:30:56 --> Input Class Initialized
INFO - 2025-02-09 02:30:56 --> Language Class Initialized
INFO - 2025-02-09 02:30:56 --> Language Class Initialized
INFO - 2025-02-09 02:30:56 --> Config Class Initialized
INFO - 2025-02-09 02:30:56 --> Loader Class Initialized
INFO - 2025-02-09 02:30:56 --> Helper loaded: url_helper
INFO - 2025-02-09 02:30:56 --> Helper loaded: easyui_helper
INFO - 2025-02-09 02:30:56 --> Helper loaded: param_helper
INFO - 2025-02-09 02:30:56 --> Helper loaded: credential_helper
INFO - 2025-02-09 02:30:56 --> Helper loaded: template_helper
INFO - 2025-02-09 02:30:56 --> Helper loaded: rest_helper
INFO - 2025-02-09 02:30:56 --> Database Driver Class Initialized
DEBUG - 2025-02-09 02:30:56 --> Idgenerator class already loaded. Second attempt ignored.
INFO - 2025-02-09 02:30:56 --> Controller Class Initialized
INFO - 2025-02-09 02:30:56 --> Final output sent to browser
DEBUG - 2025-02-09 02:30:56 --> Total execution time: 0.0292
INFO - 2025-02-09 02:30:56 --> Config Class Initialized
INFO - 2025-02-09 02:30:56 --> Hooks Class Initialized
DEBUG - 2025-02-09 02:30:56 --> UTF-8 Support Enabled
INFO - 2025-02-09 02:30:56 --> Utf8 Class Initialized
INFO - 2025-02-09 02:30:56 --> URI Class Initialized
INFO - 2025-02-09 02:30:56 --> Router Class Initialized
INFO - 2025-02-09 02:30:56 --> Output Class Initialized
INFO - 2025-02-09 02:30:56 --> Security Class Initialized
DEBUG - 2025-02-09 02:30:56 --> Global POST, GET and COOKIE data sanitized
INFO - 2025-02-09 02:30:56 --> Input Class Initialized
INFO - 2025-02-09 02:30:56 --> Language Class Initialized
INFO - 2025-02-09 02:30:56 --> Language Class Initialized
INFO - 2025-02-09 02:30:56 --> Config Class Initialized
INFO - 2025-02-09 02:30:56 --> Loader Class Initialized
INFO - 2025-02-09 02:30:56 --> Helper loaded: url_helper
INFO - 2025-02-09 02:30:56 --> Helper loaded: easyui_helper
INFO - 2025-02-09 02:30:56 --> Helper loaded: param_helper
INFO - 2025-02-09 02:30:56 --> Helper loaded: credential_helper
INFO - 2025-02-09 02:30:56 --> Helper loaded: template_helper
INFO - 2025-02-09 02:30:56 --> Helper loaded: rest_helper
INFO - 2025-02-09 02:30:56 --> Database Driver Class Initialized
DEBUG - 2025-02-09 02:30:56 --> Idgenerator class already loaded. Second attempt ignored.
INFO - 2025-02-09 02:30:56 --> Controller Class Initialized
INFO - 2025-02-09 02:30:56 --> Model Class Initialized
DEBUG - 2025-02-09 02:30:56 --> File loaded: /apps/web-drc/application/modules/app_dashboard/models/App_dashboard_model.php
INFO - 2025-02-09 02:30:56 --> Model Class Initialized
DEBUG - 2025-02-09 02:30:56 --> File loaded: /apps/web-drc/application/modules/app_dashboard/views/content.php
DEBUG - 2025-02-09 02:30:56 --> File loaded: /apps/web-drc/application/views/templates/header.php
DEBUG - 2025-02-09 02:30:56 --> File loaded: /apps/web-drc/application/views/templates/toolbar.php
DEBUG - 2025-02-09 02:30:56 --> File loaded: /apps/web-drc/application/views/templates/sidebar.php
DEBUG - 2025-02-09 02:30:56 --> File loaded: /apps/web-drc/application/views/templates/contents.php
DEBUG - 2025-02-09 02:30:56 --> File loaded: /apps/web-drc/application/views/templates/content_footer.php
DEBUG - 2025-02-09 02:30:56 --> File loaded: /apps/web-drc/application/views/templates/footer.php
DEBUG - 2025-02-09 02:30:56 --> File loaded: /apps/web-drc/application/views/templates/default.php
INFO - 2025-02-09 02:30:56 --> Final output sent to browser
DEBUG - 2025-02-09 02:30:56 --> Total execution time: 0.0299
INFO - 2025-02-09 02:30:58 --> Config Class Initialized
INFO - 2025-02-09 02:30:58 --> Hooks Class Initialized
DEBUG - 2025-02-09 02:30:58 --> UTF-8 Support Enabled
INFO - 2025-02-09 02:30:58 --> Utf8 Class Initialized
INFO - 2025-02-09 02:30:58 --> URI Class Initialized
INFO - 2025-02-09 02:30:58 --> Router Class Initialized
INFO - 2025-02-09 02:30:58 --> Output Class Initialized
INFO - 2025-02-09 02:30:58 --> Security Class Initialized
DEBUG - 2025-02-09 02:30:58 --> Global POST, GET and COOKIE data sanitized
INFO - 2025-02-09 02:30:58 --> Input Class Initialized
INFO - 2025-02-09 02:30:58 --> Language Class Initialized
INFO - 2025-02-09 02:30:58 --> Language Class Initialized
INFO - 2025-02-09 02:30:58 --> Config Class Initialized
INFO - 2025-02-09 02:30:58 --> Loader Class Initialized
INFO - 2025-02-09 02:30:58 --> Helper loaded: url_helper
INFO - 2025-02-09 02:30:58 --> Helper loaded: easyui_helper
INFO - 2025-02-09 02:30:58 --> Helper loaded: param_helper
INFO - 2025-02-09 02:30:58 --> Helper loaded: credential_helper
INFO - 2025-02-09 02:30:58 --> Helper loaded: template_helper
INFO - 2025-02-09 02:30:58 --> Helper loaded: rest_helper
INFO - 2025-02-09 02:30:58 --> Database Driver Class Initialized
DEBUG - 2025-02-09 02:30:58 --> Idgenerator class already loaded. Second attempt ignored.
INFO - 2025-02-09 02:30:58 --> Controller Class Initialized
INFO - 2025-02-09 02:30:58 --> Model Class Initialized
DEBUG - 2025-02-09 02:30:58 --> File loaded: /apps/web-drc/application/modules/app_dashboard/models/App_dashboard_model.php
INFO - 2025-02-09 02:30:58 --> Model Class Initialized
INFO - 2025-02-09 02:30:58 --> Final output sent to browser
DEBUG - 2025-02-09 02:30:58 --> Total execution time: 0.0220
INFO - 2025-02-09 02:30:58 --> Config Class Initialized
INFO - 2025-02-09 02:30:58 --> Hooks Class Initialized
DEBUG - 2025-02-09 02:30:58 --> UTF-8 Support Enabled
INFO - 2025-02-09 02:30:58 --> Utf8 Class Initialized
INFO - 2025-02-09 02:30:58 --> URI Class Initialized
INFO - 2025-02-09 02:30:58 --> Router Class Initialized
INFO - 2025-02-09 02:30:58 --> Output Class Initialized
INFO - 2025-02-09 02:30:58 --> Security Class Initialized
DEBUG - 2025-02-09 02:30:58 --> Global POST, GET and COOKIE data sanitized
INFO - 2025-02-09 02:30:58 --> Input Class Initialized
INFO - 2025-02-09 02:30:58 --> Language Class Initialized
INFO - 2025-02-09 02:30:58 --> Language Class Initialized
INFO - 2025-02-09 02:30:58 --> Config Class Initialized
INFO - 2025-02-09 02:30:58 --> Loader Class Initialized
INFO - 2025-02-09 02:30:58 --> Helper loaded: url_helper
INFO - 2025-02-09 02:30:58 --> Helper loaded: easyui_helper
INFO - 2025-02-09 02:30:58 --> Helper loaded: param_helper
INFO - 2025-02-09 02:30:58 --> Helper loaded: credential_helper
INFO - 2025-02-09 02:30:58 --> Helper loaded: template_helper
INFO - 2025-02-09 02:30:58 --> Helper loaded: rest_helper
INFO - 2025-02-09 02:30:58 --> Database Driver Class Initialized
DEBUG - 2025-02-09 02:30:58 --> Idgenerator class already loaded. Second attempt ignored.
INFO - 2025-02-09 02:30:58 --> Controller Class Initialized
INFO - 2025-02-09 02:30:58 --> Model Class Initialized
DEBUG - 2025-02-09 02:30:58 --> File loaded: /apps/web-drc/application/modules/api_v1/models/Api_v1_model.php
INFO - 2025-02-09 02:30:58 --> Model Class Initialized
INFO - 2025-02-09 02:30:58 --> Final output sent to browser
DEBUG - 2025-02-09 02:30:58 --> Total execution time: 0.0133
INFO - 2025-02-09 02:31:07 --> Config Class Initialized
INFO - 2025-02-09 02:31:07 --> Hooks Class Initialized
DEBUG - 2025-02-09 02:31:07 --> UTF-8 Support Enabled
INFO - 2025-02-09 02:31:07 --> Utf8 Class Initialized
INFO - 2025-02-09 02:31:07 --> URI Class Initialized
INFO - 2025-02-09 02:31:07 --> Router Class Initialized
INFO - 2025-02-09 02:31:07 --> Output Class Initialized
INFO - 2025-02-09 02:31:07 --> Security Class Initialized
DEBUG - 2025-02-09 02:31:07 --> Global POST, GET and COOKIE data sanitized
INFO - 2025-02-09 02:31:07 --> Input Class Initialized
INFO - 2025-02-09 02:31:07 --> Language Class Initialized
INFO - 2025-02-09 02:31:07 --> Language Class Initialized
INFO - 2025-02-09 02:31:07 --> Config Class Initialized
INFO - 2025-02-09 02:31:07 --> Loader Class Initialized
INFO - 2025-02-09 02:31:07 --> Helper loaded: url_helper
INFO - 2025-02-09 02:31:07 --> Helper loaded: easyui_helper
INFO - 2025-02-09 02:31:07 --> Helper loaded: param_helper
INFO - 2025-02-09 02:31:07 --> Helper loaded: credential_helper
INFO - 2025-02-09 02:31:07 --> Helper loaded: template_helper
INFO - 2025-02-09 02:31:07 --> Helper loaded: rest_helper
INFO - 2025-02-09 02:31:07 --> Database Driver Class Initialized
DEBUG - 2025-02-09 02:31:07 --> Idgenerator class already loaded. Second attempt ignored.
INFO - 2025-02-09 02:31:07 --> Controller Class Initialized
INFO - 2025-02-09 02:31:07 --> Model Class Initialized
DEBUG - 2025-02-09 02:31:07 --> File loaded: /apps/web-drc/application/modules/app_dashboard/models/App_dashboard_model.php
INFO - 2025-02-09 02:31:07 --> Model Class Initialized
INFO - 2025-02-09 02:31:07 --> Final output sent to browser
DEBUG - 2025-02-09 02:31:07 --> Total execution time: 0.0473
INFO - 2025-02-09 02:31:13 --> Config Class Initialized
INFO - 2025-02-09 02:31:13 --> Hooks Class Initialized
DEBUG - 2025-02-09 02:31:13 --> UTF-8 Support Enabled
INFO - 2025-02-09 02:31:13 --> Utf8 Class Initialized
INFO - 2025-02-09 02:31:13 --> URI Class Initialized
INFO - 2025-02-09 02:31:13 --> Router Class Initialized
INFO - 2025-02-09 02:31:13 --> Output Class Initialized
INFO - 2025-02-09 02:31:13 --> Security Class Initialized
DEBUG - 2025-02-09 02:31:13 --> Global POST, GET and COOKIE data sanitized
INFO - 2025-02-09 02:31:13 --> Input Class Initialized
INFO - 2025-02-09 02:31:13 --> Language Class Initialized
INFO - 2025-02-09 02:31:13 --> Language Class Initialized
INFO - 2025-02-09 02:31:13 --> Config Class Initialized
INFO - 2025-02-09 02:31:13 --> Loader Class Initialized
INFO - 2025-02-09 02:31:13 --> Helper loaded: url_helper
INFO - 2025-02-09 02:31:13 --> Helper loaded: easyui_helper
INFO - 2025-02-09 02:31:13 --> Helper loaded: param_helper
INFO - 2025-02-09 02:31:13 --> Helper loaded: credential_helper
INFO - 2025-02-09 02:31:13 --> Helper loaded: template_helper
INFO - 2025-02-09 02:31:13 --> Helper loaded: rest_helper
INFO - 2025-02-09 02:31:13 --> Database Driver Class Initialized
DEBUG - 2025-02-09 02:31:13 --> Idgenerator class already loaded. Second attempt ignored.
INFO - 2025-02-09 02:31:13 --> Controller Class Initialized
INFO - 2025-02-09 02:31:13 --> Model Class Initialized
DEBUG - 2025-02-09 02:31:13 --> File loaded: /apps/web-drc/application/modules/app_dashboard/models/App_dashboard_model.php
INFO - 2025-02-09 02:31:13 --> Model Class Initialized
INFO - 2025-02-09 02:31:14 --> Final output sent to browser
DEBUG - 2025-02-09 02:31:14 --> Total execution time: 0.4911
INFO - 2025-02-09 02:32:02 --> Config Class Initialized
INFO - 2025-02-09 02:32:02 --> Hooks Class Initialized
DEBUG - 2025-02-09 02:32:02 --> UTF-8 Support Enabled
INFO - 2025-02-09 02:32:02 --> Utf8 Class Initialized
INFO - 2025-02-09 02:32:02 --> URI Class Initialized
INFO - 2025-02-09 02:32:02 --> Router Class Initialized
INFO - 2025-02-09 02:32:02 --> Output Class Initialized
INFO - 2025-02-09 02:32:02 --> Security Class Initialized
DEBUG - 2025-02-09 02:32:02 --> Global POST, GET and COOKIE data sanitized
INFO - 2025-02-09 02:32:02 --> Input Class Initialized
INFO - 2025-02-09 02:32:02 --> Language Class Initialized
ERROR - 2025-02-09 02:32:02 --> 404 Page Not Found: /index
INFO - 2025-02-09 02:32:09 --> Config Class Initialized
INFO - 2025-02-09 02:32:09 --> Hooks Class Initialized
DEBUG - 2025-02-09 02:32:09 --> UTF-8 Support Enabled
INFO - 2025-02-09 02:32:09 --> Utf8 Class Initialized
INFO - 2025-02-09 02:32:09 --> URI Class Initialized
INFO - 2025-02-09 02:32:09 --> Router Class Initialized
INFO - 2025-02-09 02:32:09 --> Output Class Initialized
INFO - 2025-02-09 02:32:09 --> Security Class Initialized
DEBUG - 2025-02-09 02:32:09 --> Global POST, GET and COOKIE data sanitized
INFO - 2025-02-09 02:32:09 --> Input Class Initialized
INFO - 2025-02-09 02:32:09 --> Language Class Initialized
INFO - 2025-02-09 02:32:09 --> Language Class Initialized
INFO - 2025-02-09 02:32:09 --> Config Class Initialized
INFO - 2025-02-09 02:32:09 --> Loader Class Initialized
INFO - 2025-02-09 02:32:09 --> Helper loaded: url_helper
INFO - 2025-02-09 02:32:09 --> Helper loaded: easyui_helper
INFO - 2025-02-09 02:32:09 --> Helper loaded: param_helper
INFO - 2025-02-09 02:32:09 --> Helper loaded: credential_helper
INFO - 2025-02-09 02:32:09 --> Helper loaded: template_helper
INFO - 2025-02-09 02:32:09 --> Helper loaded: rest_helper
INFO - 2025-02-09 02:32:09 --> Database Driver Class Initialized
DEBUG - 2025-02-09 02:32:09 --> Idgenerator class already loaded. Second attempt ignored.
INFO - 2025-02-09 02:32:09 --> Controller Class Initialized
INFO - 2025-02-09 02:32:09 --> Model Class Initialized
DEBUG - 2025-02-09 02:32:09 --> File loaded: /apps/web-drc/application/modules/app_dashboard/models/App_dashboard_model.php
INFO - 2025-02-09 02:32:09 --> Model Class Initialized
DEBUG - 2025-02-09 02:32:09 --> File loaded: /apps/web-drc/application/modules/app_dashboard/views/content.php
DEBUG - 2025-02-09 02:32:09 --> File loaded: /apps/web-drc/application/views/templates/header.php
DEBUG - 2025-02-09 02:32:09 --> File loaded: /apps/web-drc/application/views/templates/toolbar.php
DEBUG - 2025-02-09 02:32:09 --> File loaded: /apps/web-drc/application/views/templates/sidebar.php
DEBUG - 2025-02-09 02:32:09 --> File loaded: /apps/web-drc/application/views/templates/contents.php
DEBUG - 2025-02-09 02:32:09 --> File loaded: /apps/web-drc/application/views/templates/content_footer.php
DEBUG - 2025-02-09 02:32:09 --> File loaded: /apps/web-drc/application/views/templates/footer.php
DEBUG - 2025-02-09 02:32:09 --> File loaded: /apps/web-drc/application/views/templates/default.php
INFO - 2025-02-09 02:32:09 --> Final output sent to browser
DEBUG - 2025-02-09 02:32:09 --> Total execution time: 0.0066
INFO - 2025-02-09 02:32:10 --> Config Class Initialized
INFO - 2025-02-09 02:32:10 --> Hooks Class Initialized
DEBUG - 2025-02-09 02:32:10 --> UTF-8 Support Enabled
INFO - 2025-02-09 02:32:10 --> Utf8 Class Initialized
INFO - 2025-02-09 02:32:10 --> URI Class Initialized
INFO - 2025-02-09 02:32:10 --> Router Class Initialized
INFO - 2025-02-09 02:32:10 --> Output Class Initialized
INFO - 2025-02-09 02:32:10 --> Security Class Initialized
DEBUG - 2025-02-09 02:32:10 --> Global POST, GET and COOKIE data sanitized
INFO - 2025-02-09 02:32:10 --> Input Class Initialized
INFO - 2025-02-09 02:32:10 --> Language Class Initialized
INFO - 2025-02-09 02:32:10 --> Language Class Initialized
INFO - 2025-02-09 02:32:10 --> Config Class Initialized
INFO - 2025-02-09 02:32:10 --> Loader Class Initialized
INFO - 2025-02-09 02:32:10 --> Helper loaded: url_helper
INFO - 2025-02-09 02:32:10 --> Helper loaded: easyui_helper
INFO - 2025-02-09 02:32:10 --> Helper loaded: param_helper
INFO - 2025-02-09 02:32:10 --> Helper loaded: credential_helper
INFO - 2025-02-09 02:32:10 --> Helper loaded: template_helper
INFO - 2025-02-09 02:32:10 --> Helper loaded: rest_helper
INFO - 2025-02-09 02:32:10 --> Database Driver Class Initialized
DEBUG - 2025-02-09 02:32:10 --> Idgenerator class already loaded. Second attempt ignored.
INFO - 2025-02-09 02:32:10 --> Controller Class Initialized
INFO - 2025-02-09 02:32:10 --> Model Class Initialized
DEBUG - 2025-02-09 02:32:10 --> File loaded: /apps/web-drc/application/modules/app_dashboard/models/App_dashboard_model.php
INFO - 2025-02-09 02:32:10 --> Model Class Initialized
INFO - 2025-02-09 02:32:10 --> Final output sent to browser
DEBUG - 2025-02-09 02:32:10 --> Total execution time: 0.0050
INFO - 2025-02-09 02:32:10 --> Config Class Initialized
INFO - 2025-02-09 02:32:10 --> Hooks Class Initialized
DEBUG - 2025-02-09 02:32:10 --> UTF-8 Support Enabled
INFO - 2025-02-09 02:32:10 --> Utf8 Class Initialized
INFO - 2025-02-09 02:32:10 --> URI Class Initialized
INFO - 2025-02-09 02:32:10 --> Router Class Initialized
INFO - 2025-02-09 02:32:10 --> Output Class Initialized
INFO - 2025-02-09 02:32:10 --> Security Class Initialized
DEBUG - 2025-02-09 02:32:10 --> Global POST, GET and COOKIE data sanitized
INFO - 2025-02-09 02:32:10 --> Input Class Initialized
INFO - 2025-02-09 02:32:10 --> Language Class Initialized
INFO - 2025-02-09 02:32:10 --> Language Class Initialized
INFO - 2025-02-09 02:32:10 --> Config Class Initialized
INFO - 2025-02-09 02:32:10 --> Loader Class Initialized
INFO - 2025-02-09 02:32:10 --> Helper loaded: url_helper
INFO - 2025-02-09 02:32:10 --> Helper loaded: easyui_helper
INFO - 2025-02-09 02:32:10 --> Helper loaded: param_helper
INFO - 2025-02-09 02:32:10 --> Helper loaded: credential_helper
INFO - 2025-02-09 02:32:10 --> Helper loaded: template_helper
INFO - 2025-02-09 02:32:10 --> Helper loaded: rest_helper
INFO - 2025-02-09 02:32:10 --> Database Driver Class Initialized
DEBUG - 2025-02-09 02:32:10 --> Idgenerator class already loaded. Second attempt ignored.
INFO - 2025-02-09 02:32:10 --> Controller Class Initialized
INFO - 2025-02-09 02:32:10 --> Model Class Initialized
DEBUG - 2025-02-09 02:32:10 --> File loaded: /apps/web-drc/application/modules/api_v1/models/Api_v1_model.php
INFO - 2025-02-09 02:32:10 --> Model Class Initialized
INFO - 2025-02-09 02:32:10 --> Final output sent to browser
DEBUG - 2025-02-09 02:32:10 --> Total execution time: 0.0048
INFO - 2025-02-09 02:32:10 --> Config Class Initialized
INFO - 2025-02-09 02:32:10 --> Hooks Class Initialized
DEBUG - 2025-02-09 02:32:10 --> UTF-8 Support Enabled
INFO - 2025-02-09 02:32:10 --> Utf8 Class Initialized
INFO - 2025-02-09 02:32:10 --> URI Class Initialized
INFO - 2025-02-09 02:32:10 --> Router Class Initialized
INFO - 2025-02-09 02:32:10 --> Output Class Initialized
INFO - 2025-02-09 02:32:10 --> Security Class Initialized
DEBUG - 2025-02-09 02:32:10 --> Global POST, GET and COOKIE data sanitized
INFO - 2025-02-09 02:32:10 --> Input Class Initialized
INFO - 2025-02-09 02:32:10 --> Language Class Initialized
ERROR - 2025-02-09 02:32:10 --> 404 Page Not Found: /index
INFO - 2025-02-09 02:32:23 --> Config Class Initialized
INFO - 2025-02-09 02:32:23 --> Hooks Class Initialized
DEBUG - 2025-02-09 02:32:23 --> UTF-8 Support Enabled
INFO - 2025-02-09 02:32:23 --> Utf8 Class Initialized
INFO - 2025-02-09 02:32:23 --> URI Class Initialized
INFO - 2025-02-09 02:32:23 --> Router Class Initialized
INFO - 2025-02-09 02:32:23 --> Output Class Initialized
INFO - 2025-02-09 02:32:23 --> Security Class Initialized
DEBUG - 2025-02-09 02:32:23 --> Global POST, GET and COOKIE data sanitized
INFO - 2025-02-09 02:32:23 --> Input Class Initialized
INFO - 2025-02-09 02:32:23 --> Language Class Initialized
INFO - 2025-02-09 02:32:23 --> Language Class Initialized
INFO - 2025-02-09 02:32:23 --> Config Class Initialized
INFO - 2025-02-09 02:32:23 --> Loader Class Initialized
INFO - 2025-02-09 02:32:23 --> Helper loaded: url_helper
INFO - 2025-02-09 02:32:23 --> Helper loaded: easyui_helper
INFO - 2025-02-09 02:32:23 --> Helper loaded: param_helper
INFO - 2025-02-09 02:32:23 --> Helper loaded: credential_helper
INFO - 2025-02-09 02:32:23 --> Helper loaded: template_helper
INFO - 2025-02-09 02:32:23 --> Helper loaded: rest_helper
INFO - 2025-02-09 02:32:23 --> Database Driver Class Initialized
DEBUG - 2025-02-09 02:32:23 --> Idgenerator class already loaded. Second attempt ignored.
INFO - 2025-02-09 02:32:23 --> Controller Class Initialized
INFO - 2025-02-09 02:32:23 --> Model Class Initialized
DEBUG - 2025-02-09 02:32:23 --> File loaded: /apps/web-drc/application/modules/app_dashboard/models/App_dashboard_model.php
INFO - 2025-02-09 02:32:23 --> Model Class Initialized
INFO - 2025-02-09 02:32:23 --> Final output sent to browser
DEBUG - 2025-02-09 02:32:23 --> Total execution time: 0.0439
INFO - 2025-02-09 02:32:29 --> Config Class Initialized
INFO - 2025-02-09 02:32:29 --> Hooks Class Initialized
DEBUG - 2025-02-09 02:32:29 --> UTF-8 Support Enabled
INFO - 2025-02-09 02:32:29 --> Utf8 Class Initialized
INFO - 2025-02-09 02:32:29 --> URI Class Initialized
INFO - 2025-02-09 02:32:29 --> Router Class Initialized
INFO - 2025-02-09 02:32:29 --> Output Class Initialized
INFO - 2025-02-09 02:32:29 --> Security Class Initialized
DEBUG - 2025-02-09 02:32:29 --> Global POST, GET and COOKIE data sanitized
INFO - 2025-02-09 02:32:29 --> Input Class Initialized
INFO - 2025-02-09 02:32:29 --> Language Class Initialized
INFO - 2025-02-09 02:32:29 --> Language Class Initialized
INFO - 2025-02-09 02:32:29 --> Config Class Initialized
INFO - 2025-02-09 02:32:29 --> Loader Class Initialized
INFO - 2025-02-09 02:32:29 --> Helper loaded: url_helper
INFO - 2025-02-09 02:32:29 --> Helper loaded: easyui_helper
INFO - 2025-02-09 02:32:29 --> Helper loaded: param_helper
INFO - 2025-02-09 02:32:29 --> Helper loaded: credential_helper
INFO - 2025-02-09 02:32:29 --> Helper loaded: template_helper
INFO - 2025-02-09 02:32:29 --> Helper loaded: rest_helper
INFO - 2025-02-09 02:32:29 --> Database Driver Class Initialized
DEBUG - 2025-02-09 02:32:29 --> Idgenerator class already loaded. Second attempt ignored.
INFO - 2025-02-09 02:32:29 --> Controller Class Initialized
INFO - 2025-02-09 02:32:29 --> Model Class Initialized
DEBUG - 2025-02-09 02:32:29 --> File loaded: /apps/web-drc/application/modules/app_dashboard/models/App_dashboard_model.php
INFO - 2025-02-09 02:32:29 --> Model Class Initialized
INFO - 2025-02-09 02:32:29 --> Final output sent to browser
DEBUG - 2025-02-09 02:32:29 --> Total execution time: 0.0069
INFO - 2025-02-09 02:33:10 --> Config Class Initialized
INFO - 2025-02-09 02:33:10 --> Hooks Class Initialized
DEBUG - 2025-02-09 02:33:10 --> UTF-8 Support Enabled
INFO - 2025-02-09 02:33:10 --> Utf8 Class Initialized
INFO - 2025-02-09 02:33:10 --> URI Class Initialized
INFO - 2025-02-09 02:33:10 --> Router Class Initialized
INFO - 2025-02-09 02:33:10 --> Output Class Initialized
INFO - 2025-02-09 02:33:10 --> Security Class Initialized
DEBUG - 2025-02-09 02:33:10 --> Global POST, GET and COOKIE data sanitized
INFO - 2025-02-09 02:33:10 --> Input Class Initialized
INFO - 2025-02-09 02:33:10 --> Language Class Initialized
INFO - 2025-02-09 02:33:10 --> Language Class Initialized
INFO - 2025-02-09 02:33:10 --> Config Class Initialized
INFO - 2025-02-09 02:33:10 --> Loader Class Initialized
INFO - 2025-02-09 02:33:10 --> Helper loaded: url_helper
INFO - 2025-02-09 02:33:10 --> Helper loaded: easyui_helper
INFO - 2025-02-09 02:33:10 --> Helper loaded: param_helper
INFO - 2025-02-09 02:33:10 --> Helper loaded: credential_helper
INFO - 2025-02-09 02:33:10 --> Helper loaded: template_helper
INFO - 2025-02-09 02:33:10 --> Helper loaded: rest_helper
INFO - 2025-02-09 02:33:10 --> Database Driver Class Initialized
DEBUG - 2025-02-09 02:33:10 --> Idgenerator class already loaded. Second attempt ignored.
INFO - 2025-02-09 02:33:10 --> Controller Class Initialized
INFO - 2025-02-09 02:33:10 --> Model Class Initialized
DEBUG - 2025-02-09 02:33:10 --> File loaded: /apps/web-drc/application/modules/app_dashboard/models/App_dashboard_model.php
INFO - 2025-02-09 02:33:10 --> Model Class Initialized
INFO - 2025-02-09 02:33:10 --> Final output sent to browser
DEBUG - 2025-02-09 02:33:10 --> Total execution time: 0.0904
INFO - 2025-02-09 02:33:54 --> Config Class Initialized
INFO - 2025-02-09 02:33:54 --> Hooks Class Initialized
DEBUG - 2025-02-09 02:33:54 --> UTF-8 Support Enabled
INFO - 2025-02-09 02:33:54 --> Utf8 Class Initialized
INFO - 2025-02-09 02:33:54 --> URI Class Initialized
INFO - 2025-02-09 02:33:54 --> Router Class Initialized
INFO - 2025-02-09 02:33:54 --> Output Class Initialized
INFO - 2025-02-09 02:33:54 --> Security Class Initialized
DEBUG - 2025-02-09 02:33:54 --> Global POST, GET and COOKIE data sanitized
INFO - 2025-02-09 02:33:54 --> Input Class Initialized
INFO - 2025-02-09 02:33:54 --> Language Class Initialized
INFO - 2025-02-09 02:33:54 --> Language Class Initialized
INFO - 2025-02-09 02:33:54 --> Config Class Initialized
INFO - 2025-02-09 02:33:54 --> Loader Class Initialized
INFO - 2025-02-09 02:33:54 --> Helper loaded: url_helper
INFO - 2025-02-09 02:33:54 --> Helper loaded: easyui_helper
INFO - 2025-02-09 02:33:54 --> Helper loaded: param_helper
INFO - 2025-02-09 02:33:54 --> Helper loaded: credential_helper
INFO - 2025-02-09 02:33:54 --> Helper loaded: template_helper
INFO - 2025-02-09 02:33:54 --> Helper loaded: rest_helper
INFO - 2025-02-09 02:33:54 --> Database Driver Class Initialized
DEBUG - 2025-02-09 02:33:54 --> Idgenerator class already loaded. Second attempt ignored.
INFO - 2025-02-09 02:33:54 --> Controller Class Initialized
INFO - 2025-02-09 02:33:54 --> Model Class Initialized
DEBUG - 2025-02-09 02:33:54 --> File loaded: /apps/web-drc/application/modules/app_dashboard/models/App_dashboard_model.php
INFO - 2025-02-09 02:33:54 --> Model Class Initialized
INFO - 2025-02-09 02:33:54 --> Final output sent to browser
DEBUG - 2025-02-09 02:33:54 --> Total execution time: 0.2855
INFO - 2025-02-09 02:34:11 --> Config Class Initialized
INFO - 2025-02-09 02:34:11 --> Hooks Class Initialized
DEBUG - 2025-02-09 02:34:11 --> UTF-8 Support Enabled
INFO - 2025-02-09 02:34:11 --> Utf8 Class Initialized
INFO - 2025-02-09 02:34:11 --> URI Class Initialized
INFO - 2025-02-09 02:34:11 --> Router Class Initialized
INFO - 2025-02-09 02:34:11 --> Output Class Initialized
INFO - 2025-02-09 02:34:11 --> Security Class Initialized
DEBUG - 2025-02-09 02:34:11 --> Global POST, GET and COOKIE data sanitized
INFO - 2025-02-09 02:34:11 --> Input Class Initialized
INFO - 2025-02-09 02:34:11 --> Language Class Initialized
INFO - 2025-02-09 02:34:11 --> Language Class Initialized
INFO - 2025-02-09 02:34:11 --> Config Class Initialized
INFO - 2025-02-09 02:34:11 --> Loader Class Initialized
INFO - 2025-02-09 02:34:11 --> Helper loaded: url_helper
INFO - 2025-02-09 02:34:11 --> Helper loaded: easyui_helper
INFO - 2025-02-09 02:34:11 --> Helper loaded: param_helper
INFO - 2025-02-09 02:34:11 --> Helper loaded: credential_helper
INFO - 2025-02-09 02:34:11 --> Helper loaded: template_helper
INFO - 2025-02-09 02:34:11 --> Helper loaded: rest_helper
INFO - 2025-02-09 02:34:11 --> Database Driver Class Initialized
DEBUG - 2025-02-09 02:34:11 --> Idgenerator class already loaded. Second attempt ignored.
INFO - 2025-02-09 02:34:11 --> Controller Class Initialized
INFO - 2025-02-09 02:34:11 --> Model Class Initialized
DEBUG - 2025-02-09 02:34:11 --> File loaded: /apps/web-drc/application/modules/app_dashboard/models/App_dashboard_model.php
INFO - 2025-02-09 02:34:11 --> Model Class Initialized
DEBUG - 2025-02-09 02:34:11 --> File loaded: /apps/web-drc/application/modules/app_dashboard/views/content.php
DEBUG - 2025-02-09 02:34:11 --> File loaded: /apps/web-drc/application/views/templates/header.php
DEBUG - 2025-02-09 02:34:11 --> File loaded: /apps/web-drc/application/views/templates/toolbar.php
DEBUG - 2025-02-09 02:34:11 --> File loaded: /apps/web-drc/application/views/templates/sidebar.php
DEBUG - 2025-02-09 02:34:11 --> File loaded: /apps/web-drc/application/views/templates/contents.php
DEBUG - 2025-02-09 02:34:11 --> File loaded: /apps/web-drc/application/views/templates/content_footer.php
DEBUG - 2025-02-09 02:34:11 --> File loaded: /apps/web-drc/application/views/templates/footer.php
DEBUG - 2025-02-09 02:34:11 --> File loaded: /apps/web-drc/application/views/templates/default.php
INFO - 2025-02-09 02:34:11 --> Final output sent to browser
DEBUG - 2025-02-09 02:34:11 --> Total execution time: 0.0067
INFO - 2025-02-09 02:34:11 --> Config Class Initialized
INFO - 2025-02-09 02:34:11 --> Hooks Class Initialized
DEBUG - 2025-02-09 02:34:11 --> UTF-8 Support Enabled
INFO - 2025-02-09 02:34:11 --> Utf8 Class Initialized
INFO - 2025-02-09 02:34:11 --> URI Class Initialized
INFO - 2025-02-09 02:34:11 --> Router Class Initialized
INFO - 2025-02-09 02:34:11 --> Output Class Initialized
INFO - 2025-02-09 02:34:11 --> Security Class Initialized
DEBUG - 2025-02-09 02:34:11 --> Global POST, GET and COOKIE data sanitized
INFO - 2025-02-09 02:34:11 --> Input Class Initialized
INFO - 2025-02-09 02:34:11 --> Language Class Initialized
ERROR - 2025-02-09 02:34:11 --> 404 Page Not Found: /index
INFO - 2025-02-09 02:34:11 --> Config Class Initialized
INFO - 2025-02-09 02:34:11 --> Hooks Class Initialized
DEBUG - 2025-02-09 02:34:11 --> UTF-8 Support Enabled
INFO - 2025-02-09 02:34:11 --> Utf8 Class Initialized
INFO - 2025-02-09 02:34:11 --> URI Class Initialized
INFO - 2025-02-09 02:34:11 --> Router Class Initialized
INFO - 2025-02-09 02:34:11 --> Output Class Initialized
INFO - 2025-02-09 02:34:11 --> Security Class Initialized
DEBUG - 2025-02-09 02:34:11 --> Global POST, GET and COOKIE data sanitized
INFO - 2025-02-09 02:34:11 --> Input Class Initialized
INFO - 2025-02-09 02:34:11 --> Language Class Initialized
INFO - 2025-02-09 02:34:11 --> Language Class Initialized
INFO - 2025-02-09 02:34:11 --> Config Class Initialized
INFO - 2025-02-09 02:34:11 --> Loader Class Initialized
INFO - 2025-02-09 02:34:11 --> Helper loaded: url_helper
INFO - 2025-02-09 02:34:11 --> Helper loaded: easyui_helper
INFO - 2025-02-09 02:34:11 --> Helper loaded: param_helper
INFO - 2025-02-09 02:34:11 --> Helper loaded: credential_helper
INFO - 2025-02-09 02:34:11 --> Helper loaded: template_helper
INFO - 2025-02-09 02:34:11 --> Helper loaded: rest_helper
INFO - 2025-02-09 02:34:11 --> Database Driver Class Initialized
DEBUG - 2025-02-09 02:34:11 --> Idgenerator class already loaded. Second attempt ignored.
INFO - 2025-02-09 02:34:11 --> Controller Class Initialized
INFO - 2025-02-09 02:34:11 --> Model Class Initialized
DEBUG - 2025-02-09 02:34:11 --> File loaded: /apps/web-drc/application/modules/api_v1/models/Api_v1_model.php
INFO - 2025-02-09 02:34:11 --> Model Class Initialized
INFO - 2025-02-09 02:34:11 --> Final output sent to browser
DEBUG - 2025-02-09 02:34:11 --> Total execution time: 0.0029
INFO - 2025-02-09 02:34:11 --> Config Class Initialized
INFO - 2025-02-09 02:34:11 --> Hooks Class Initialized
DEBUG - 2025-02-09 02:34:11 --> UTF-8 Support Enabled
INFO - 2025-02-09 02:34:11 --> Utf8 Class Initialized
INFO - 2025-02-09 02:34:11 --> URI Class Initialized
INFO - 2025-02-09 02:34:11 --> Router Class Initialized
INFO - 2025-02-09 02:34:11 --> Output Class Initialized
INFO - 2025-02-09 02:34:11 --> Security Class Initialized
DEBUG - 2025-02-09 02:34:11 --> Global POST, GET and COOKIE data sanitized
INFO - 2025-02-09 02:34:11 --> Input Class Initialized
INFO - 2025-02-09 02:34:11 --> Language Class Initialized
INFO - 2025-02-09 02:34:11 --> Language Class Initialized
INFO - 2025-02-09 02:34:11 --> Config Class Initialized
INFO - 2025-02-09 02:34:11 --> Loader Class Initialized
INFO - 2025-02-09 02:34:11 --> Helper loaded: url_helper
INFO - 2025-02-09 02:34:11 --> Helper loaded: easyui_helper
INFO - 2025-02-09 02:34:11 --> Helper loaded: param_helper
INFO - 2025-02-09 02:34:11 --> Helper loaded: credential_helper
INFO - 2025-02-09 02:34:11 --> Helper loaded: template_helper
INFO - 2025-02-09 02:34:11 --> Helper loaded: rest_helper
INFO - 2025-02-09 02:34:11 --> Database Driver Class Initialized
DEBUG - 2025-02-09 02:34:11 --> Idgenerator class already loaded. Second attempt ignored.
INFO - 2025-02-09 02:34:11 --> Controller Class Initialized
INFO - 2025-02-09 02:34:11 --> Model Class Initialized
DEBUG - 2025-02-09 02:34:11 --> File loaded: /apps/web-drc/application/modules/app_dashboard/models/App_dashboard_model.php
INFO - 2025-02-09 02:34:11 --> Model Class Initialized
INFO - 2025-02-09 02:34:11 --> Final output sent to browser
DEBUG - 2025-02-09 02:34:11 --> Total execution time: 0.0051
INFO - 2025-02-09 02:34:16 --> Config Class Initialized
INFO - 2025-02-09 02:34:16 --> Hooks Class Initialized
DEBUG - 2025-02-09 02:34:16 --> UTF-8 Support Enabled
INFO - 2025-02-09 02:34:16 --> Utf8 Class Initialized
INFO - 2025-02-09 02:34:16 --> URI Class Initialized
INFO - 2025-02-09 02:34:16 --> Router Class Initialized
INFO - 2025-02-09 02:34:16 --> Output Class Initialized
INFO - 2025-02-09 02:34:16 --> Security Class Initialized
DEBUG - 2025-02-09 02:34:16 --> Global POST, GET and COOKIE data sanitized
INFO - 2025-02-09 02:34:16 --> Input Class Initialized
INFO - 2025-02-09 02:34:16 --> Language Class Initialized
INFO - 2025-02-09 02:34:16 --> Language Class Initialized
INFO - 2025-02-09 02:34:16 --> Config Class Initialized
INFO - 2025-02-09 02:34:16 --> Loader Class Initialized
INFO - 2025-02-09 02:34:16 --> Helper loaded: url_helper
INFO - 2025-02-09 02:34:16 --> Helper loaded: easyui_helper
INFO - 2025-02-09 02:34:16 --> Helper loaded: param_helper
INFO - 2025-02-09 02:34:16 --> Helper loaded: credential_helper
INFO - 2025-02-09 02:34:16 --> Helper loaded: template_helper
INFO - 2025-02-09 02:34:16 --> Helper loaded: rest_helper
INFO - 2025-02-09 02:34:16 --> Database Driver Class Initialized
DEBUG - 2025-02-09 02:34:16 --> Idgenerator class already loaded. Second attempt ignored.
INFO - 2025-02-09 02:34:16 --> Controller Class Initialized
INFO - 2025-02-09 02:34:16 --> Model Class Initialized
DEBUG - 2025-02-09 02:34:16 --> File loaded: /apps/web-drc/application/modules/drc_dashboard/models/Drc_dashboard_model.php
INFO - 2025-02-09 02:34:16 --> Model Class Initialized
DEBUG - 2025-02-09 02:34:16 --> File loaded: /apps/web-drc/application/modules/drc_dashboard/views/form.php
DEBUG - 2025-02-09 02:34:16 --> File loaded: /apps/web-drc/application/views/templates/header.php
DEBUG - 2025-02-09 02:34:16 --> File loaded: /apps/web-drc/application/views/templates/toolbar.php
DEBUG - 2025-02-09 02:34:16 --> File loaded: /apps/web-drc/application/views/templates/sidebar.php
DEBUG - 2025-02-09 02:34:16 --> File loaded: /apps/web-drc/application/views/templates/contents.php
DEBUG - 2025-02-09 02:34:16 --> File loaded: /apps/web-drc/application/views/templates/content_footer.php
DEBUG - 2025-02-09 02:34:16 --> File loaded: /apps/web-drc/application/views/templates/footer.php
DEBUG - 2025-02-09 02:34:16 --> File loaded: /apps/web-drc/application/views/templates/default.php
INFO - 2025-02-09 02:34:16 --> Final output sent to browser
DEBUG - 2025-02-09 02:34:16 --> Total execution time: 0.0507
INFO - 2025-02-09 02:34:16 --> Config Class Initialized
INFO - 2025-02-09 02:34:16 --> Hooks Class Initialized
DEBUG - 2025-02-09 02:34:16 --> UTF-8 Support Enabled
INFO - 2025-02-09 02:34:16 --> Utf8 Class Initialized
INFO - 2025-02-09 02:34:16 --> URI Class Initialized
INFO - 2025-02-09 02:34:16 --> Router Class Initialized
INFO - 2025-02-09 02:34:16 --> Output Class Initialized
INFO - 2025-02-09 02:34:16 --> Security Class Initialized
DEBUG - 2025-02-09 02:34:16 --> Global POST, GET and COOKIE data sanitized
INFO - 2025-02-09 02:34:16 --> Input Class Initialized
INFO - 2025-02-09 02:34:16 --> Language Class Initialized
ERROR - 2025-02-09 02:34:16 --> 404 Page Not Found: /index
INFO - 2025-02-09 02:34:22 --> Config Class Initialized
INFO - 2025-02-09 02:34:22 --> Hooks Class Initialized
DEBUG - 2025-02-09 02:34:22 --> UTF-8 Support Enabled
INFO - 2025-02-09 02:34:22 --> Utf8 Class Initialized
INFO - 2025-02-09 02:34:22 --> URI Class Initialized
INFO - 2025-02-09 02:34:22 --> Router Class Initialized
INFO - 2025-02-09 02:34:22 --> Output Class Initialized
INFO - 2025-02-09 02:34:22 --> Security Class Initialized
DEBUG - 2025-02-09 02:34:22 --> Global POST, GET and COOKIE data sanitized
INFO - 2025-02-09 02:34:22 --> Input Class Initialized
INFO - 2025-02-09 02:34:22 --> Language Class Initialized
INFO - 2025-02-09 02:34:22 --> Language Class Initialized
INFO - 2025-02-09 02:34:22 --> Config Class Initialized
INFO - 2025-02-09 02:34:22 --> Loader Class Initialized
INFO - 2025-02-09 02:34:22 --> Helper loaded: url_helper
INFO - 2025-02-09 02:34:22 --> Helper loaded: easyui_helper
INFO - 2025-02-09 02:34:22 --> Helper loaded: param_helper
INFO - 2025-02-09 02:34:22 --> Helper loaded: credential_helper
INFO - 2025-02-09 02:34:22 --> Helper loaded: template_helper
INFO - 2025-02-09 02:34:22 --> Helper loaded: rest_helper
INFO - 2025-02-09 02:34:22 --> Database Driver Class Initialized
DEBUG - 2025-02-09 02:34:22 --> Idgenerator class already loaded. Second attempt ignored.
INFO - 2025-02-09 02:34:22 --> Controller Class Initialized
INFO - 2025-02-09 02:34:22 --> Model Class Initialized
DEBUG - 2025-02-09 02:34:22 --> File loaded: /apps/web-drc/application/modules/change_mypassword/models/Change_mypassword_model.php
INFO - 2025-02-09 02:34:22 --> Model Class Initialized
DEBUG - 2025-02-09 02:34:22 --> File loaded: /apps/web-drc/application/modules/change_mypassword/views/form.php
DEBUG - 2025-02-09 02:34:22 --> File loaded: /apps/web-drc/application/views/templates/header.php
DEBUG - 2025-02-09 02:34:22 --> File loaded: /apps/web-drc/application/views/templates/toolbar.php
DEBUG - 2025-02-09 02:34:22 --> File loaded: /apps/web-drc/application/views/templates/sidebar.php
DEBUG - 2025-02-09 02:34:22 --> File loaded: /apps/web-drc/application/views/templates/contents.php
DEBUG - 2025-02-09 02:34:22 --> File loaded: /apps/web-drc/application/views/templates/content_footer.php
DEBUG - 2025-02-09 02:34:22 --> File loaded: /apps/web-drc/application/views/templates/footer.php
DEBUG - 2025-02-09 02:34:22 --> File loaded: /apps/web-drc/application/views/templates/default.php
INFO - 2025-02-09 02:34:22 --> Final output sent to browser
DEBUG - 2025-02-09 02:34:22 --> Total execution time: 0.0203
INFO - 2025-02-09 02:34:22 --> Config Class Initialized
INFO - 2025-02-09 02:34:22 --> Hooks Class Initialized
DEBUG - 2025-02-09 02:34:22 --> UTF-8 Support Enabled
INFO - 2025-02-09 02:34:22 --> Utf8 Class Initialized
INFO - 2025-02-09 02:34:22 --> URI Class Initialized
INFO - 2025-02-09 02:34:22 --> Router Class Initialized
INFO - 2025-02-09 02:34:22 --> Output Class Initialized
INFO - 2025-02-09 02:34:22 --> Security Class Initialized
DEBUG - 2025-02-09 02:34:22 --> Global POST, GET and COOKIE data sanitized
INFO - 2025-02-09 02:34:22 --> Input Class Initialized
INFO - 2025-02-09 02:34:22 --> Language Class Initialized
ERROR - 2025-02-09 02:34:22 --> 404 Page Not Found: /index
INFO - 2025-02-09 02:34:24 --> Config Class Initialized
INFO - 2025-02-09 02:34:24 --> Hooks Class Initialized
DEBUG - 2025-02-09 02:34:24 --> UTF-8 Support Enabled
INFO - 2025-02-09 02:34:24 --> Utf8 Class Initialized
INFO - 2025-02-09 02:34:24 --> URI Class Initialized
INFO - 2025-02-09 02:34:24 --> Router Class Initialized
INFO - 2025-02-09 02:34:24 --> Output Class Initialized
INFO - 2025-02-09 02:34:24 --> Security Class Initialized
DEBUG - 2025-02-09 02:34:24 --> Global POST, GET and COOKIE data sanitized
INFO - 2025-02-09 02:34:24 --> Input Class Initialized
INFO - 2025-02-09 02:34:24 --> Language Class Initialized
INFO - 2025-02-09 02:34:24 --> Language Class Initialized
INFO - 2025-02-09 02:34:24 --> Config Class Initialized
INFO - 2025-02-09 02:34:24 --> Loader Class Initialized
INFO - 2025-02-09 02:34:24 --> Helper loaded: url_helper
INFO - 2025-02-09 02:34:24 --> Helper loaded: easyui_helper
INFO - 2025-02-09 02:34:24 --> Helper loaded: param_helper
INFO - 2025-02-09 02:34:24 --> Helper loaded: credential_helper
INFO - 2025-02-09 02:34:24 --> Helper loaded: template_helper
INFO - 2025-02-09 02:34:24 --> Helper loaded: rest_helper
INFO - 2025-02-09 02:34:24 --> Database Driver Class Initialized
DEBUG - 2025-02-09 02:34:24 --> Idgenerator class already loaded. Second attempt ignored.
INFO - 2025-02-09 02:34:24 --> Controller Class Initialized
INFO - 2025-02-09 02:34:24 --> Model Class Initialized
DEBUG - 2025-02-09 02:34:24 --> File loaded: /apps/web-drc/application/modules/app_dashboard/models/App_dashboard_model.php
INFO - 2025-02-09 02:34:24 --> Model Class Initialized
DEBUG - 2025-02-09 02:34:24 --> File loaded: /apps/web-drc/application/modules/app_dashboard/views/content.php
DEBUG - 2025-02-09 02:34:24 --> File loaded: /apps/web-drc/application/views/templates/header.php
DEBUG - 2025-02-09 02:34:24 --> File loaded: /apps/web-drc/application/views/templates/toolbar.php
DEBUG - 2025-02-09 02:34:24 --> File loaded: /apps/web-drc/application/views/templates/sidebar.php
DEBUG - 2025-02-09 02:34:24 --> File loaded: /apps/web-drc/application/views/templates/contents.php
DEBUG - 2025-02-09 02:34:24 --> File loaded: /apps/web-drc/application/views/templates/content_footer.php
DEBUG - 2025-02-09 02:34:24 --> File loaded: /apps/web-drc/application/views/templates/footer.php
DEBUG - 2025-02-09 02:34:24 --> File loaded: /apps/web-drc/application/views/templates/default.php
INFO - 2025-02-09 02:34:24 --> Final output sent to browser
DEBUG - 2025-02-09 02:34:24 --> Total execution time: 0.0085
INFO - 2025-02-09 02:34:24 --> Config Class Initialized
INFO - 2025-02-09 02:34:24 --> Hooks Class Initialized
DEBUG - 2025-02-09 02:34:24 --> UTF-8 Support Enabled
INFO - 2025-02-09 02:34:24 --> Utf8 Class Initialized
INFO - 2025-02-09 02:34:24 --> URI Class Initialized
INFO - 2025-02-09 02:34:24 --> Router Class Initialized
INFO - 2025-02-09 02:34:24 --> Output Class Initialized
INFO - 2025-02-09 02:34:24 --> Security Class Initialized
DEBUG - 2025-02-09 02:34:24 --> Global POST, GET and COOKIE data sanitized
INFO - 2025-02-09 02:34:24 --> Input Class Initialized
INFO - 2025-02-09 02:34:24 --> Language Class Initialized
ERROR - 2025-02-09 02:34:24 --> 404 Page Not Found: /index
INFO - 2025-02-09 02:34:24 --> Config Class Initialized
INFO - 2025-02-09 02:34:24 --> Hooks Class Initialized
DEBUG - 2025-02-09 02:34:24 --> UTF-8 Support Enabled
INFO - 2025-02-09 02:34:24 --> Utf8 Class Initialized
INFO - 2025-02-09 02:34:24 --> URI Class Initialized
INFO - 2025-02-09 02:34:24 --> Router Class Initialized
INFO - 2025-02-09 02:34:24 --> Output Class Initialized
INFO - 2025-02-09 02:34:24 --> Security Class Initialized
DEBUG - 2025-02-09 02:34:24 --> Global POST, GET and COOKIE data sanitized
INFO - 2025-02-09 02:34:24 --> Input Class Initialized
INFO - 2025-02-09 02:34:24 --> Language Class Initialized
INFO - 2025-02-09 02:34:24 --> Language Class Initialized
INFO - 2025-02-09 02:34:24 --> Config Class Initialized
INFO - 2025-02-09 02:34:24 --> Loader Class Initialized
INFO - 2025-02-09 02:34:24 --> Helper loaded: url_helper
INFO - 2025-02-09 02:34:24 --> Helper loaded: easyui_helper
INFO - 2025-02-09 02:34:24 --> Helper loaded: param_helper
INFO - 2025-02-09 02:34:24 --> Helper loaded: credential_helper
INFO - 2025-02-09 02:34:24 --> Helper loaded: template_helper
INFO - 2025-02-09 02:34:24 --> Helper loaded: rest_helper
INFO - 2025-02-09 02:34:24 --> Database Driver Class Initialized
DEBUG - 2025-02-09 02:34:24 --> Idgenerator class already loaded. Second attempt ignored.
INFO - 2025-02-09 02:34:24 --> Controller Class Initialized
INFO - 2025-02-09 02:34:24 --> Model Class Initialized
DEBUG - 2025-02-09 02:34:24 --> File loaded: /apps/web-drc/application/modules/app_dashboard/models/App_dashboard_model.php
INFO - 2025-02-09 02:34:24 --> Model Class Initialized
INFO - 2025-02-09 02:34:24 --> Final output sent to browser
DEBUG - 2025-02-09 02:34:24 --> Total execution time: 0.0057
INFO - 2025-02-09 02:34:24 --> Config Class Initialized
INFO - 2025-02-09 02:34:24 --> Hooks Class Initialized
DEBUG - 2025-02-09 02:34:24 --> UTF-8 Support Enabled
INFO - 2025-02-09 02:34:24 --> Utf8 Class Initialized
INFO - 2025-02-09 02:34:24 --> URI Class Initialized
INFO - 2025-02-09 02:34:24 --> Router Class Initialized
INFO - 2025-02-09 02:34:24 --> Output Class Initialized
INFO - 2025-02-09 02:34:24 --> Security Class Initialized
DEBUG - 2025-02-09 02:34:24 --> Global POST, GET and COOKIE data sanitized
INFO - 2025-02-09 02:34:24 --> Input Class Initialized
INFO - 2025-02-09 02:34:24 --> Language Class Initialized
INFO - 2025-02-09 02:34:24 --> Language Class Initialized
INFO - 2025-02-09 02:34:24 --> Config Class Initialized
INFO - 2025-02-09 02:34:24 --> Loader Class Initialized
INFO - 2025-02-09 02:34:24 --> Helper loaded: url_helper
INFO - 2025-02-09 02:34:24 --> Helper loaded: easyui_helper
INFO - 2025-02-09 02:34:24 --> Helper loaded: param_helper
INFO - 2025-02-09 02:34:24 --> Helper loaded: credential_helper
INFO - 2025-02-09 02:34:24 --> Helper loaded: template_helper
INFO - 2025-02-09 02:34:24 --> Helper loaded: rest_helper
INFO - 2025-02-09 02:34:24 --> Database Driver Class Initialized
DEBUG - 2025-02-09 02:34:24 --> Idgenerator class already loaded. Second attempt ignored.
INFO - 2025-02-09 02:34:24 --> Controller Class Initialized
INFO - 2025-02-09 02:34:24 --> Model Class Initialized
DEBUG - 2025-02-09 02:34:24 --> File loaded: /apps/web-drc/application/modules/api_v1/models/Api_v1_model.php
INFO - 2025-02-09 02:34:24 --> Model Class Initialized
INFO - 2025-02-09 02:34:24 --> Final output sent to browser
DEBUG - 2025-02-09 02:34:24 --> Total execution time: 0.0031
INFO - 2025-02-09 02:34:32 --> Config Class Initialized
INFO - 2025-02-09 02:34:32 --> Hooks Class Initialized
DEBUG - 2025-02-09 02:34:32 --> UTF-8 Support Enabled
INFO - 2025-02-09 02:34:32 --> Utf8 Class Initialized
INFO - 2025-02-09 02:34:32 --> URI Class Initialized
INFO - 2025-02-09 02:34:32 --> Router Class Initialized
INFO - 2025-02-09 02:34:32 --> Output Class Initialized
INFO - 2025-02-09 02:34:32 --> Security Class Initialized
DEBUG - 2025-02-09 02:34:32 --> Global POST, GET and COOKIE data sanitized
INFO - 2025-02-09 02:34:32 --> Input Class Initialized
INFO - 2025-02-09 02:34:32 --> Language Class Initialized
INFO - 2025-02-09 02:34:32 --> Language Class Initialized
INFO - 2025-02-09 02:34:32 --> Config Class Initialized
INFO - 2025-02-09 02:34:32 --> Loader Class Initialized
INFO - 2025-02-09 02:34:32 --> Helper loaded: url_helper
INFO - 2025-02-09 02:34:32 --> Helper loaded: easyui_helper
INFO - 2025-02-09 02:34:32 --> Helper loaded: param_helper
INFO - 2025-02-09 02:34:32 --> Helper loaded: credential_helper
INFO - 2025-02-09 02:34:32 --> Helper loaded: template_helper
INFO - 2025-02-09 02:34:32 --> Helper loaded: rest_helper
INFO - 2025-02-09 02:34:32 --> Database Driver Class Initialized
DEBUG - 2025-02-09 02:34:32 --> Idgenerator class already loaded. Second attempt ignored.
INFO - 2025-02-09 02:34:32 --> Controller Class Initialized
INFO - 2025-02-09 02:34:32 --> Model Class Initialized
DEBUG - 2025-02-09 02:34:32 --> File loaded: /apps/web-drc/application/modules/app_dashboard/models/App_dashboard_model.php
INFO - 2025-02-09 02:34:32 --> Model Class Initialized
INFO - 2025-02-09 02:34:32 --> Final output sent to browser
DEBUG - 2025-02-09 02:34:32 --> Total execution time: 0.0570
INFO - 2025-02-09 02:34:34 --> Config Class Initialized
INFO - 2025-02-09 02:34:34 --> Hooks Class Initialized
DEBUG - 2025-02-09 02:34:34 --> UTF-8 Support Enabled
INFO - 2025-02-09 02:34:34 --> Utf8 Class Initialized
INFO - 2025-02-09 02:34:34 --> URI Class Initialized
INFO - 2025-02-09 02:34:34 --> Router Class Initialized
INFO - 2025-02-09 02:34:34 --> Output Class Initialized
INFO - 2025-02-09 02:34:34 --> Security Class Initialized
DEBUG - 2025-02-09 02:34:34 --> Global POST, GET and COOKIE data sanitized
INFO - 2025-02-09 02:34:34 --> Input Class Initialized
INFO - 2025-02-09 02:34:34 --> Language Class Initialized
INFO - 2025-02-09 02:34:34 --> Language Class Initialized
INFO - 2025-02-09 02:34:34 --> Config Class Initialized
INFO - 2025-02-09 02:34:34 --> Loader Class Initialized
INFO - 2025-02-09 02:34:34 --> Helper loaded: url_helper
INFO - 2025-02-09 02:34:34 --> Helper loaded: easyui_helper
INFO - 2025-02-09 02:34:34 --> Helper loaded: param_helper
INFO - 2025-02-09 02:34:34 --> Helper loaded: credential_helper
INFO - 2025-02-09 02:34:34 --> Helper loaded: template_helper
INFO - 2025-02-09 02:34:34 --> Helper loaded: rest_helper
INFO - 2025-02-09 02:34:34 --> Database Driver Class Initialized
DEBUG - 2025-02-09 02:34:34 --> Idgenerator class already loaded. Second attempt ignored.
INFO - 2025-02-09 02:34:34 --> Controller Class Initialized
INFO - 2025-02-09 02:34:34 --> Model Class Initialized
DEBUG - 2025-02-09 02:34:34 --> File loaded: /apps/web-drc/application/modules/app_dashboard/models/App_dashboard_model.php
INFO - 2025-02-09 02:34:34 --> Model Class Initialized
INFO - 2025-02-09 02:34:34 --> Final output sent to browser
DEBUG - 2025-02-09 02:34:34 --> Total execution time: 0.4861
INFO - 2025-02-09 02:34:55 --> Config Class Initialized
INFO - 2025-02-09 02:34:55 --> Hooks Class Initialized
DEBUG - 2025-02-09 02:34:55 --> UTF-8 Support Enabled
INFO - 2025-02-09 02:34:55 --> Utf8 Class Initialized
INFO - 2025-02-09 02:34:55 --> URI Class Initialized
INFO - 2025-02-09 02:34:55 --> Router Class Initialized
INFO - 2025-02-09 02:34:55 --> Output Class Initialized
INFO - 2025-02-09 02:34:55 --> Security Class Initialized
DEBUG - 2025-02-09 02:34:55 --> Global POST, GET and COOKIE data sanitized
INFO - 2025-02-09 02:34:55 --> Input Class Initialized
INFO - 2025-02-09 02:34:55 --> Language Class Initialized
INFO - 2025-02-09 02:34:55 --> Language Class Initialized
INFO - 2025-02-09 02:34:55 --> Config Class Initialized
INFO - 2025-02-09 02:34:55 --> Loader Class Initialized
INFO - 2025-02-09 02:34:55 --> Helper loaded: url_helper
INFO - 2025-02-09 02:34:55 --> Helper loaded: easyui_helper
INFO - 2025-02-09 02:34:55 --> Helper loaded: param_helper
INFO - 2025-02-09 02:34:55 --> Helper loaded: credential_helper
INFO - 2025-02-09 02:34:55 --> Helper loaded: template_helper
INFO - 2025-02-09 02:34:55 --> Helper loaded: rest_helper
INFO - 2025-02-09 02:34:55 --> Database Driver Class Initialized
DEBUG - 2025-02-09 02:34:55 --> Idgenerator class already loaded. Second attempt ignored.
INFO - 2025-02-09 02:34:55 --> Controller Class Initialized
INFO - 2025-02-09 02:34:55 --> Model Class Initialized
DEBUG - 2025-02-09 02:34:55 --> File loaded: /apps/web-drc/application/modules/change_mypassword/models/Change_mypassword_model.php
INFO - 2025-02-09 02:34:55 --> Model Class Initialized
DEBUG - 2025-02-09 02:34:55 --> File loaded: /apps/web-drc/application/modules/change_mypassword/views/form.php
DEBUG - 2025-02-09 02:34:55 --> File loaded: /apps/web-drc/application/views/templates/header.php
DEBUG - 2025-02-09 02:34:55 --> File loaded: /apps/web-drc/application/views/templates/toolbar.php
DEBUG - 2025-02-09 02:34:55 --> File loaded: /apps/web-drc/application/views/templates/sidebar.php
DEBUG - 2025-02-09 02:34:55 --> File loaded: /apps/web-drc/application/views/templates/contents.php
DEBUG - 2025-02-09 02:34:55 --> File loaded: /apps/web-drc/application/views/templates/content_footer.php
DEBUG - 2025-02-09 02:34:55 --> File loaded: /apps/web-drc/application/views/templates/footer.php
DEBUG - 2025-02-09 02:34:55 --> File loaded: /apps/web-drc/application/views/templates/default.php
INFO - 2025-02-09 02:34:55 --> Final output sent to browser
DEBUG - 2025-02-09 02:34:55 --> Total execution time: 0.0082
INFO - 2025-02-09 02:34:55 --> Config Class Initialized
INFO - 2025-02-09 02:34:55 --> Hooks Class Initialized
DEBUG - 2025-02-09 02:34:55 --> UTF-8 Support Enabled
INFO - 2025-02-09 02:34:55 --> Utf8 Class Initialized
INFO - 2025-02-09 02:34:55 --> URI Class Initialized
INFO - 2025-02-09 02:34:55 --> Router Class Initialized
INFO - 2025-02-09 02:34:55 --> Output Class Initialized
INFO - 2025-02-09 02:34:55 --> Security Class Initialized
DEBUG - 2025-02-09 02:34:55 --> Global POST, GET and COOKIE data sanitized
INFO - 2025-02-09 02:34:55 --> Input Class Initialized
INFO - 2025-02-09 02:34:55 --> Language Class Initialized
ERROR - 2025-02-09 02:34:55 --> 404 Page Not Found: /index
INFO - 2025-02-09 02:35:08 --> Config Class Initialized
INFO - 2025-02-09 02:35:08 --> Hooks Class Initialized
DEBUG - 2025-02-09 02:35:08 --> UTF-8 Support Enabled
INFO - 2025-02-09 02:35:08 --> Utf8 Class Initialized
INFO - 2025-02-09 02:35:08 --> URI Class Initialized
INFO - 2025-02-09 02:35:08 --> Router Class Initialized
INFO - 2025-02-09 02:35:08 --> Output Class Initialized
INFO - 2025-02-09 02:35:08 --> Security Class Initialized
DEBUG - 2025-02-09 02:35:08 --> Global POST, GET and COOKIE data sanitized
INFO - 2025-02-09 02:35:08 --> Input Class Initialized
INFO - 2025-02-09 02:35:08 --> Language Class Initialized
INFO - 2025-02-09 02:35:08 --> Language Class Initialized
INFO - 2025-02-09 02:35:08 --> Config Class Initialized
INFO - 2025-02-09 02:35:08 --> Loader Class Initialized
INFO - 2025-02-09 02:35:08 --> Helper loaded: url_helper
INFO - 2025-02-09 02:35:08 --> Helper loaded: easyui_helper
INFO - 2025-02-09 02:35:08 --> Helper loaded: param_helper
INFO - 2025-02-09 02:35:08 --> Helper loaded: credential_helper
INFO - 2025-02-09 02:35:08 --> Helper loaded: template_helper
INFO - 2025-02-09 02:35:08 --> Helper loaded: rest_helper
INFO - 2025-02-09 02:35:08 --> Database Driver Class Initialized
DEBUG - 2025-02-09 02:35:08 --> Idgenerator class already loaded. Second attempt ignored.
INFO - 2025-02-09 02:35:08 --> Controller Class Initialized
INFO - 2025-02-09 02:35:08 --> Model Class Initialized
DEBUG - 2025-02-09 02:35:08 --> File loaded: /apps/web-drc/application/modules/app_resource/models/Resource_model.php
INFO - 2025-02-09 02:35:08 --> Model Class Initialized
DEBUG - 2025-02-09 02:35:08 --> File loaded: /apps/web-drc/application/modules/app_resource/views/content.php
DEBUG - 2025-02-09 02:35:08 --> File loaded: /apps/web-drc/application/views/templates/header.php
DEBUG - 2025-02-09 02:35:08 --> File loaded: /apps/web-drc/application/views/templates/toolbar.php
DEBUG - 2025-02-09 02:35:08 --> File loaded: /apps/web-drc/application/views/templates/sidebar.php
DEBUG - 2025-02-09 02:35:08 --> File loaded: /apps/web-drc/application/views/templates/contents.php
DEBUG - 2025-02-09 02:35:08 --> File loaded: /apps/web-drc/application/views/templates/content_footer.php
DEBUG - 2025-02-09 02:35:08 --> File loaded: /apps/web-drc/application/views/templates/footer.php
DEBUG - 2025-02-09 02:35:08 --> File loaded: /apps/web-drc/application/views/templates/default.php
INFO - 2025-02-09 02:35:08 --> Final output sent to browser
DEBUG - 2025-02-09 02:35:08 --> Total execution time: 0.0113
INFO - 2025-02-09 02:35:08 --> Config Class Initialized
INFO - 2025-02-09 02:35:08 --> Hooks Class Initialized
DEBUG - 2025-02-09 02:35:08 --> UTF-8 Support Enabled
INFO - 2025-02-09 02:35:08 --> Utf8 Class Initialized
INFO - 2025-02-09 02:35:08 --> URI Class Initialized
INFO - 2025-02-09 02:35:08 --> Router Class Initialized
INFO - 2025-02-09 02:35:08 --> Output Class Initialized
INFO - 2025-02-09 02:35:08 --> Security Class Initialized
DEBUG - 2025-02-09 02:35:08 --> Global POST, GET and COOKIE data sanitized
INFO - 2025-02-09 02:35:08 --> Input Class Initialized
INFO - 2025-02-09 02:35:08 --> Language Class Initialized
ERROR - 2025-02-09 02:35:08 --> 404 Page Not Found: /index
INFO - 2025-02-09 02:35:09 --> Config Class Initialized
INFO - 2025-02-09 02:35:09 --> Hooks Class Initialized
DEBUG - 2025-02-09 02:35:09 --> UTF-8 Support Enabled
INFO - 2025-02-09 02:35:09 --> Utf8 Class Initialized
INFO - 2025-02-09 02:35:09 --> URI Class Initialized
INFO - 2025-02-09 02:35:09 --> Router Class Initialized
INFO - 2025-02-09 02:35:09 --> Output Class Initialized
INFO - 2025-02-09 02:35:09 --> Security Class Initialized
DEBUG - 2025-02-09 02:35:09 --> Global POST, GET and COOKIE data sanitized
INFO - 2025-02-09 02:35:09 --> Input Class Initialized
INFO - 2025-02-09 02:35:09 --> Language Class Initialized
INFO - 2025-02-09 02:35:09 --> Language Class Initialized
INFO - 2025-02-09 02:35:09 --> Config Class Initialized
INFO - 2025-02-09 02:35:09 --> Loader Class Initialized
INFO - 2025-02-09 02:35:09 --> Helper loaded: url_helper
INFO - 2025-02-09 02:35:09 --> Helper loaded: easyui_helper
INFO - 2025-02-09 02:35:09 --> Helper loaded: param_helper
INFO - 2025-02-09 02:35:09 --> Helper loaded: credential_helper
INFO - 2025-02-09 02:35:09 --> Helper loaded: template_helper
INFO - 2025-02-09 02:35:09 --> Helper loaded: rest_helper
INFO - 2025-02-09 02:35:09 --> Database Driver Class Initialized
DEBUG - 2025-02-09 02:35:09 --> Idgenerator class already loaded. Second attempt ignored.
INFO - 2025-02-09 02:35:09 --> Controller Class Initialized
INFO - 2025-02-09 02:35:09 --> Model Class Initialized
DEBUG - 2025-02-09 02:35:09 --> File loaded: /apps/web-drc/application/modules/app_resource/models/Resource_model.php
INFO - 2025-02-09 02:35:09 --> Model Class Initialized
INFO - 2025-02-09 02:35:09 --> Final output sent to browser
DEBUG - 2025-02-09 02:35:09 --> Total execution time: 0.0558
INFO - 2025-02-09 02:35:21 --> Config Class Initialized
INFO - 2025-02-09 02:35:21 --> Hooks Class Initialized
DEBUG - 2025-02-09 02:35:21 --> UTF-8 Support Enabled
INFO - 2025-02-09 02:35:21 --> Utf8 Class Initialized
INFO - 2025-02-09 02:35:21 --> URI Class Initialized
INFO - 2025-02-09 02:35:21 --> Router Class Initialized
INFO - 2025-02-09 02:35:21 --> Output Class Initialized
INFO - 2025-02-09 02:35:21 --> Security Class Initialized
DEBUG - 2025-02-09 02:35:21 --> Global POST, GET and COOKIE data sanitized
INFO - 2025-02-09 02:35:21 --> Input Class Initialized
INFO - 2025-02-09 02:35:21 --> Language Class Initialized
INFO - 2025-02-09 02:35:21 --> Language Class Initialized
INFO - 2025-02-09 02:35:21 --> Config Class Initialized
INFO - 2025-02-09 02:35:21 --> Loader Class Initialized
INFO - 2025-02-09 02:35:21 --> Helper loaded: url_helper
INFO - 2025-02-09 02:35:21 --> Helper loaded: easyui_helper
INFO - 2025-02-09 02:35:21 --> Helper loaded: param_helper
INFO - 2025-02-09 02:35:21 --> Helper loaded: credential_helper
INFO - 2025-02-09 02:35:21 --> Helper loaded: template_helper
INFO - 2025-02-09 02:35:21 --> Helper loaded: rest_helper
INFO - 2025-02-09 02:35:21 --> Database Driver Class Initialized
DEBUG - 2025-02-09 02:35:21 --> Idgenerator class already loaded. Second attempt ignored.
INFO - 2025-02-09 02:35:21 --> Controller Class Initialized
INFO - 2025-02-09 02:35:21 --> Model Class Initialized
DEBUG - 2025-02-09 02:35:21 --> File loaded: /apps/web-drc/application/modules/app_resource/models/Resource_model.php
INFO - 2025-02-09 02:35:21 --> Model Class Initialized
INFO - 2025-02-09 02:35:21 --> Final output sent to browser
DEBUG - 2025-02-09 02:35:21 --> Total execution time: 0.0063
INFO - 2025-02-09 02:35:23 --> Config Class Initialized
INFO - 2025-02-09 02:35:23 --> Hooks Class Initialized
DEBUG - 2025-02-09 02:35:23 --> UTF-8 Support Enabled
INFO - 2025-02-09 02:35:23 --> Utf8 Class Initialized
INFO - 2025-02-09 02:35:23 --> URI Class Initialized
INFO - 2025-02-09 02:35:23 --> Router Class Initialized
INFO - 2025-02-09 02:35:23 --> Output Class Initialized
INFO - 2025-02-09 02:35:23 --> Security Class Initialized
DEBUG - 2025-02-09 02:35:23 --> Global POST, GET and COOKIE data sanitized
INFO - 2025-02-09 02:35:23 --> Input Class Initialized
INFO - 2025-02-09 02:35:23 --> Language Class Initialized
INFO - 2025-02-09 02:35:23 --> Language Class Initialized
INFO - 2025-02-09 02:35:23 --> Config Class Initialized
INFO - 2025-02-09 02:35:23 --> Loader Class Initialized
INFO - 2025-02-09 02:35:23 --> Helper loaded: url_helper
INFO - 2025-02-09 02:35:23 --> Helper loaded: easyui_helper
INFO - 2025-02-09 02:35:23 --> Helper loaded: param_helper
INFO - 2025-02-09 02:35:23 --> Helper loaded: credential_helper
INFO - 2025-02-09 02:35:23 --> Helper loaded: template_helper
INFO - 2025-02-09 02:35:23 --> Helper loaded: rest_helper
INFO - 2025-02-09 02:35:23 --> Database Driver Class Initialized
DEBUG - 2025-02-09 02:35:23 --> Idgenerator class already loaded. Second attempt ignored.
INFO - 2025-02-09 02:35:23 --> Controller Class Initialized
INFO - 2025-02-09 02:35:23 --> Model Class Initialized
DEBUG - 2025-02-09 02:35:23 --> File loaded: /apps/web-drc/application/modules/app_resource/models/Resource_model.php
INFO - 2025-02-09 02:35:23 --> Model Class Initialized
INFO - 2025-02-09 02:35:23 --> Final output sent to browser
DEBUG - 2025-02-09 02:35:23 --> Total execution time: 0.0056
INFO - 2025-02-09 02:35:24 --> Config Class Initialized
INFO - 2025-02-09 02:35:24 --> Hooks Class Initialized
DEBUG - 2025-02-09 02:35:24 --> UTF-8 Support Enabled
INFO - 2025-02-09 02:35:24 --> Utf8 Class Initialized
INFO - 2025-02-09 02:35:24 --> URI Class Initialized
INFO - 2025-02-09 02:35:24 --> Router Class Initialized
INFO - 2025-02-09 02:35:24 --> Output Class Initialized
INFO - 2025-02-09 02:35:24 --> Security Class Initialized
DEBUG - 2025-02-09 02:35:24 --> Global POST, GET and COOKIE data sanitized
INFO - 2025-02-09 02:35:24 --> Input Class Initialized
INFO - 2025-02-09 02:35:24 --> Language Class Initialized
INFO - 2025-02-09 02:35:24 --> Language Class Initialized
INFO - 2025-02-09 02:35:24 --> Config Class Initialized
INFO - 2025-02-09 02:35:24 --> Loader Class Initialized
INFO - 2025-02-09 02:35:24 --> Helper loaded: url_helper
INFO - 2025-02-09 02:35:24 --> Helper loaded: easyui_helper
INFO - 2025-02-09 02:35:24 --> Helper loaded: param_helper
INFO - 2025-02-09 02:35:24 --> Helper loaded: credential_helper
INFO - 2025-02-09 02:35:24 --> Helper loaded: template_helper
INFO - 2025-02-09 02:35:24 --> Helper loaded: rest_helper
INFO - 2025-02-09 02:35:24 --> Database Driver Class Initialized
DEBUG - 2025-02-09 02:35:24 --> Idgenerator class already loaded. Second attempt ignored.
INFO - 2025-02-09 02:35:24 --> Controller Class Initialized
INFO - 2025-02-09 02:35:24 --> Model Class Initialized
DEBUG - 2025-02-09 02:35:24 --> File loaded: /apps/web-drc/application/modules/app_resource/models/Resource_model.php
INFO - 2025-02-09 02:35:24 --> Model Class Initialized
INFO - 2025-02-09 02:35:24 --> Final output sent to browser
DEBUG - 2025-02-09 02:35:24 --> Total execution time: 0.0043
INFO - 2025-02-09 02:35:25 --> Config Class Initialized
INFO - 2025-02-09 02:35:25 --> Hooks Class Initialized
DEBUG - 2025-02-09 02:35:25 --> UTF-8 Support Enabled
INFO - 2025-02-09 02:35:25 --> Utf8 Class Initialized
INFO - 2025-02-09 02:35:25 --> URI Class Initialized
INFO - 2025-02-09 02:35:25 --> Router Class Initialized
INFO - 2025-02-09 02:35:25 --> Output Class Initialized
INFO - 2025-02-09 02:35:25 --> Security Class Initialized
DEBUG - 2025-02-09 02:35:25 --> Global POST, GET and COOKIE data sanitized
INFO - 2025-02-09 02:35:25 --> Input Class Initialized
INFO - 2025-02-09 02:35:25 --> Language Class Initialized
INFO - 2025-02-09 02:35:25 --> Language Class Initialized
INFO - 2025-02-09 02:35:25 --> Config Class Initialized
INFO - 2025-02-09 02:35:25 --> Loader Class Initialized
INFO - 2025-02-09 02:35:25 --> Helper loaded: url_helper
INFO - 2025-02-09 02:35:25 --> Helper loaded: easyui_helper
INFO - 2025-02-09 02:35:25 --> Helper loaded: param_helper
INFO - 2025-02-09 02:35:25 --> Helper loaded: credential_helper
INFO - 2025-02-09 02:35:25 --> Helper loaded: template_helper
INFO - 2025-02-09 02:35:25 --> Helper loaded: rest_helper
INFO - 2025-02-09 02:35:25 --> Database Driver Class Initialized
DEBUG - 2025-02-09 02:35:25 --> Idgenerator class already loaded. Second attempt ignored.
INFO - 2025-02-09 02:35:25 --> Controller Class Initialized
INFO - 2025-02-09 02:35:25 --> Model Class Initialized
DEBUG - 2025-02-09 02:35:25 --> File loaded: /apps/web-drc/application/modules/app_resource/models/Resource_model.php
INFO - 2025-02-09 02:35:25 --> Model Class Initialized
INFO - 2025-02-09 02:35:25 --> Final output sent to browser
DEBUG - 2025-02-09 02:35:25 --> Total execution time: 0.0353
INFO - 2025-02-09 02:35:39 --> Config Class Initialized
INFO - 2025-02-09 02:35:39 --> Hooks Class Initialized
DEBUG - 2025-02-09 02:35:39 --> UTF-8 Support Enabled
INFO - 2025-02-09 02:35:39 --> Utf8 Class Initialized
INFO - 2025-02-09 02:35:39 --> URI Class Initialized
INFO - 2025-02-09 02:35:39 --> Router Class Initialized
INFO - 2025-02-09 02:35:39 --> Output Class Initialized
INFO - 2025-02-09 02:35:39 --> Security Class Initialized
DEBUG - 2025-02-09 02:35:39 --> Global POST, GET and COOKIE data sanitized
INFO - 2025-02-09 02:35:39 --> Input Class Initialized
INFO - 2025-02-09 02:35:39 --> Language Class Initialized
INFO - 2025-02-09 02:35:39 --> Language Class Initialized
INFO - 2025-02-09 02:35:39 --> Config Class Initialized
INFO - 2025-02-09 02:35:39 --> Loader Class Initialized
INFO - 2025-02-09 02:35:39 --> Helper loaded: url_helper
INFO - 2025-02-09 02:35:39 --> Helper loaded: easyui_helper
INFO - 2025-02-09 02:35:39 --> Helper loaded: param_helper
INFO - 2025-02-09 02:35:39 --> Helper loaded: credential_helper
INFO - 2025-02-09 02:35:39 --> Helper loaded: template_helper
INFO - 2025-02-09 02:35:39 --> Helper loaded: rest_helper
INFO - 2025-02-09 02:35:39 --> Database Driver Class Initialized
DEBUG - 2025-02-09 02:35:39 --> Idgenerator class already loaded. Second attempt ignored.
INFO - 2025-02-09 02:35:39 --> Controller Class Initialized
INFO - 2025-02-09 02:35:39 --> Model Class Initialized
DEBUG - 2025-02-09 02:35:39 --> File loaded: /apps/web-drc/application/modules/app_dashboard/models/App_dashboard_model.php
INFO - 2025-02-09 02:35:39 --> Model Class Initialized
DEBUG - 2025-02-09 02:35:39 --> File loaded: /apps/web-drc/application/modules/app_dashboard/views/content.php
DEBUG - 2025-02-09 02:35:39 --> File loaded: /apps/web-drc/application/views/templates/header.php
DEBUG - 2025-02-09 02:35:39 --> File loaded: /apps/web-drc/application/views/templates/toolbar.php
DEBUG - 2025-02-09 02:35:39 --> File loaded: /apps/web-drc/application/views/templates/sidebar.php
DEBUG - 2025-02-09 02:35:39 --> File loaded: /apps/web-drc/application/views/templates/contents.php
DEBUG - 2025-02-09 02:35:39 --> File loaded: /apps/web-drc/application/views/templates/content_footer.php
DEBUG - 2025-02-09 02:35:39 --> File loaded: /apps/web-drc/application/views/templates/footer.php
DEBUG - 2025-02-09 02:35:39 --> File loaded: /apps/web-drc/application/views/templates/default.php
INFO - 2025-02-09 02:35:39 --> Final output sent to browser
DEBUG - 2025-02-09 02:35:39 --> Total execution time: 0.0068
INFO - 2025-02-09 02:35:39 --> Config Class Initialized
INFO - 2025-02-09 02:35:39 --> Hooks Class Initialized
DEBUG - 2025-02-09 02:35:39 --> UTF-8 Support Enabled
INFO - 2025-02-09 02:35:39 --> Utf8 Class Initialized
INFO - 2025-02-09 02:35:39 --> URI Class Initialized
INFO - 2025-02-09 02:35:39 --> Router Class Initialized
INFO - 2025-02-09 02:35:39 --> Output Class Initialized
INFO - 2025-02-09 02:35:39 --> Security Class Initialized
DEBUG - 2025-02-09 02:35:39 --> Global POST, GET and COOKIE data sanitized
INFO - 2025-02-09 02:35:39 --> Input Class Initialized
INFO - 2025-02-09 02:35:39 --> Language Class Initialized
ERROR - 2025-02-09 02:35:39 --> 404 Page Not Found: /index
INFO - 2025-02-09 02:35:39 --> Config Class Initialized
INFO - 2025-02-09 02:35:39 --> Hooks Class Initialized
DEBUG - 2025-02-09 02:35:39 --> UTF-8 Support Enabled
INFO - 2025-02-09 02:35:39 --> Utf8 Class Initialized
INFO - 2025-02-09 02:35:39 --> URI Class Initialized
INFO - 2025-02-09 02:35:39 --> Router Class Initialized
INFO - 2025-02-09 02:35:39 --> Output Class Initialized
INFO - 2025-02-09 02:35:39 --> Security Class Initialized
DEBUG - 2025-02-09 02:35:39 --> Global POST, GET and COOKIE data sanitized
INFO - 2025-02-09 02:35:39 --> Input Class Initialized
INFO - 2025-02-09 02:35:39 --> Language Class Initialized
INFO - 2025-02-09 02:35:39 --> Language Class Initialized
INFO - 2025-02-09 02:35:39 --> Config Class Initialized
INFO - 2025-02-09 02:35:39 --> Loader Class Initialized
INFO - 2025-02-09 02:35:39 --> Helper loaded: url_helper
INFO - 2025-02-09 02:35:39 --> Helper loaded: easyui_helper
INFO - 2025-02-09 02:35:39 --> Helper loaded: param_helper
INFO - 2025-02-09 02:35:39 --> Helper loaded: credential_helper
INFO - 2025-02-09 02:35:39 --> Helper loaded: template_helper
INFO - 2025-02-09 02:35:39 --> Helper loaded: rest_helper
INFO - 2025-02-09 02:35:39 --> Database Driver Class Initialized
DEBUG - 2025-02-09 02:35:39 --> Idgenerator class already loaded. Second attempt ignored.
INFO - 2025-02-09 02:35:39 --> Controller Class Initialized
INFO - 2025-02-09 02:35:39 --> Model Class Initialized
DEBUG - 2025-02-09 02:35:39 --> File loaded: /apps/web-drc/application/modules/app_dashboard/models/App_dashboard_model.php
INFO - 2025-02-09 02:35:39 --> Model Class Initialized
INFO - 2025-02-09 02:35:39 --> Final output sent to browser
DEBUG - 2025-02-09 02:35:39 --> Total execution time: 0.0046
INFO - 2025-02-09 02:35:39 --> Config Class Initialized
INFO - 2025-02-09 02:35:39 --> Hooks Class Initialized
DEBUG - 2025-02-09 02:35:39 --> UTF-8 Support Enabled
INFO - 2025-02-09 02:35:39 --> Utf8 Class Initialized
INFO - 2025-02-09 02:35:39 --> URI Class Initialized
INFO - 2025-02-09 02:35:39 --> Router Class Initialized
INFO - 2025-02-09 02:35:39 --> Output Class Initialized
INFO - 2025-02-09 02:35:39 --> Security Class Initialized
DEBUG - 2025-02-09 02:35:39 --> Global POST, GET and COOKIE data sanitized
INFO - 2025-02-09 02:35:39 --> Input Class Initialized
INFO - 2025-02-09 02:35:39 --> Language Class Initialized
INFO - 2025-02-09 02:35:39 --> Language Class Initialized
INFO - 2025-02-09 02:35:39 --> Config Class Initialized
INFO - 2025-02-09 02:35:39 --> Loader Class Initialized
INFO - 2025-02-09 02:35:39 --> Helper loaded: url_helper
INFO - 2025-02-09 02:35:39 --> Helper loaded: easyui_helper
INFO - 2025-02-09 02:35:39 --> Helper loaded: param_helper
INFO - 2025-02-09 02:35:39 --> Helper loaded: credential_helper
INFO - 2025-02-09 02:35:39 --> Helper loaded: template_helper
INFO - 2025-02-09 02:35:39 --> Helper loaded: rest_helper
INFO - 2025-02-09 02:35:39 --> Database Driver Class Initialized
DEBUG - 2025-02-09 02:35:39 --> Idgenerator class already loaded. Second attempt ignored.
INFO - 2025-02-09 02:35:39 --> Controller Class Initialized
INFO - 2025-02-09 02:35:39 --> Model Class Initialized
DEBUG - 2025-02-09 02:35:39 --> File loaded: /apps/web-drc/application/modules/api_v1/models/Api_v1_model.php
INFO - 2025-02-09 02:35:39 --> Model Class Initialized
INFO - 2025-02-09 02:35:39 --> Final output sent to browser
DEBUG - 2025-02-09 02:35:39 --> Total execution time: 0.0029
INFO - 2025-02-09 02:35:53 --> Config Class Initialized
INFO - 2025-02-09 02:35:53 --> Hooks Class Initialized
DEBUG - 2025-02-09 02:35:53 --> UTF-8 Support Enabled
INFO - 2025-02-09 02:35:53 --> Utf8 Class Initialized
INFO - 2025-02-09 02:35:53 --> URI Class Initialized
INFO - 2025-02-09 02:35:53 --> Router Class Initialized
INFO - 2025-02-09 02:35:53 --> Output Class Initialized
INFO - 2025-02-09 02:35:53 --> Security Class Initialized
DEBUG - 2025-02-09 02:35:53 --> Global POST, GET and COOKIE data sanitized
INFO - 2025-02-09 02:35:53 --> Input Class Initialized
INFO - 2025-02-09 02:35:53 --> Language Class Initialized
INFO - 2025-02-09 02:35:53 --> Language Class Initialized
INFO - 2025-02-09 02:35:53 --> Config Class Initialized
INFO - 2025-02-09 02:35:53 --> Loader Class Initialized
INFO - 2025-02-09 02:35:53 --> Helper loaded: url_helper
INFO - 2025-02-09 02:35:53 --> Helper loaded: easyui_helper
INFO - 2025-02-09 02:35:53 --> Helper loaded: param_helper
INFO - 2025-02-09 02:35:53 --> Helper loaded: credential_helper
INFO - 2025-02-09 02:35:53 --> Helper loaded: template_helper
INFO - 2025-02-09 02:35:53 --> Helper loaded: rest_helper
INFO - 2025-02-09 02:35:53 --> Database Driver Class Initialized
DEBUG - 2025-02-09 02:35:53 --> Idgenerator class already loaded. Second attempt ignored.
INFO - 2025-02-09 02:35:53 --> Controller Class Initialized
INFO - 2025-02-09 02:35:53 --> Model Class Initialized
DEBUG - 2025-02-09 02:35:53 --> File loaded: /apps/web-drc/application/modules/app_resource/models/Resource_model.php
INFO - 2025-02-09 02:35:53 --> Model Class Initialized
DEBUG - 2025-02-09 02:35:53 --> File loaded: /apps/web-drc/application/modules/app_resource/views/content.php
DEBUG - 2025-02-09 02:35:53 --> File loaded: /apps/web-drc/application/views/templates/header.php
DEBUG - 2025-02-09 02:35:53 --> File loaded: /apps/web-drc/application/views/templates/toolbar.php
DEBUG - 2025-02-09 02:35:53 --> File loaded: /apps/web-drc/application/views/templates/sidebar.php
DEBUG - 2025-02-09 02:35:53 --> File loaded: /apps/web-drc/application/views/templates/contents.php
DEBUG - 2025-02-09 02:35:53 --> File loaded: /apps/web-drc/application/views/templates/content_footer.php
DEBUG - 2025-02-09 02:35:53 --> File loaded: /apps/web-drc/application/views/templates/footer.php
DEBUG - 2025-02-09 02:35:53 --> File loaded: /apps/web-drc/application/views/templates/default.php
INFO - 2025-02-09 02:35:53 --> Final output sent to browser
DEBUG - 2025-02-09 02:35:53 --> Total execution time: 0.0066
INFO - 2025-02-09 02:35:53 --> Config Class Initialized
INFO - 2025-02-09 02:35:53 --> Hooks Class Initialized
DEBUG - 2025-02-09 02:35:53 --> UTF-8 Support Enabled
INFO - 2025-02-09 02:35:53 --> Utf8 Class Initialized
INFO - 2025-02-09 02:35:53 --> URI Class Initialized
INFO - 2025-02-09 02:35:53 --> Router Class Initialized
INFO - 2025-02-09 02:35:53 --> Output Class Initialized
INFO - 2025-02-09 02:35:53 --> Security Class Initialized
DEBUG - 2025-02-09 02:35:53 --> Global POST, GET and COOKIE data sanitized
INFO - 2025-02-09 02:35:53 --> Input Class Initialized
INFO - 2025-02-09 02:35:53 --> Language Class Initialized
ERROR - 2025-02-09 02:35:53 --> 404 Page Not Found: /index
INFO - 2025-02-09 02:35:53 --> Config Class Initialized
INFO - 2025-02-09 02:35:53 --> Hooks Class Initialized
DEBUG - 2025-02-09 02:35:53 --> UTF-8 Support Enabled
INFO - 2025-02-09 02:35:53 --> Utf8 Class Initialized
INFO - 2025-02-09 02:35:53 --> URI Class Initialized
INFO - 2025-02-09 02:35:53 --> Router Class Initialized
INFO - 2025-02-09 02:35:53 --> Output Class Initialized
INFO - 2025-02-09 02:35:53 --> Security Class Initialized
DEBUG - 2025-02-09 02:35:53 --> Global POST, GET and COOKIE data sanitized
INFO - 2025-02-09 02:35:53 --> Input Class Initialized
INFO - 2025-02-09 02:35:53 --> Language Class Initialized
INFO - 2025-02-09 02:35:53 --> Language Class Initialized
INFO - 2025-02-09 02:35:53 --> Config Class Initialized
INFO - 2025-02-09 02:35:53 --> Loader Class Initialized
INFO - 2025-02-09 02:35:53 --> Helper loaded: url_helper
INFO - 2025-02-09 02:35:53 --> Helper loaded: easyui_helper
INFO - 2025-02-09 02:35:53 --> Helper loaded: param_helper
INFO - 2025-02-09 02:35:53 --> Helper loaded: credential_helper
INFO - 2025-02-09 02:35:53 --> Helper loaded: template_helper
INFO - 2025-02-09 02:35:53 --> Helper loaded: rest_helper
INFO - 2025-02-09 02:35:53 --> Database Driver Class Initialized
DEBUG - 2025-02-09 02:35:53 --> Idgenerator class already loaded. Second attempt ignored.
INFO - 2025-02-09 02:35:53 --> Controller Class Initialized
INFO - 2025-02-09 02:35:53 --> Model Class Initialized
DEBUG - 2025-02-09 02:35:53 --> File loaded: /apps/web-drc/application/modules/app_resource/models/Resource_model.php
INFO - 2025-02-09 02:35:53 --> Model Class Initialized
INFO - 2025-02-09 02:35:53 --> Final output sent to browser
DEBUG - 2025-02-09 02:35:53 --> Total execution time: 0.0377
INFO - 2025-02-09 02:36:04 --> Config Class Initialized
INFO - 2025-02-09 02:36:04 --> Hooks Class Initialized
DEBUG - 2025-02-09 02:36:04 --> UTF-8 Support Enabled
INFO - 2025-02-09 02:36:04 --> Utf8 Class Initialized
INFO - 2025-02-09 02:36:04 --> URI Class Initialized
INFO - 2025-02-09 02:36:04 --> Router Class Initialized
INFO - 2025-02-09 02:36:04 --> Output Class Initialized
INFO - 2025-02-09 02:36:04 --> Security Class Initialized
DEBUG - 2025-02-09 02:36:04 --> Global POST, GET and COOKIE data sanitized
INFO - 2025-02-09 02:36:04 --> Input Class Initialized
INFO - 2025-02-09 02:36:04 --> Language Class Initialized
INFO - 2025-02-09 02:36:04 --> Language Class Initialized
INFO - 2025-02-09 02:36:04 --> Config Class Initialized
INFO - 2025-02-09 02:36:04 --> Loader Class Initialized
INFO - 2025-02-09 02:36:04 --> Helper loaded: url_helper
INFO - 2025-02-09 02:36:04 --> Helper loaded: easyui_helper
INFO - 2025-02-09 02:36:04 --> Helper loaded: param_helper
INFO - 2025-02-09 02:36:04 --> Helper loaded: credential_helper
INFO - 2025-02-09 02:36:04 --> Helper loaded: template_helper
INFO - 2025-02-09 02:36:04 --> Helper loaded: rest_helper
INFO - 2025-02-09 02:36:04 --> Database Driver Class Initialized
DEBUG - 2025-02-09 02:36:04 --> Idgenerator class already loaded. Second attempt ignored.
INFO - 2025-02-09 02:36:04 --> Controller Class Initialized
INFO - 2025-02-09 02:36:04 --> Model Class Initialized
DEBUG - 2025-02-09 02:36:04 --> File loaded: /apps/web-drc/application/modules/app_resource/models/Resource_model.php
INFO - 2025-02-09 02:36:04 --> Model Class Initialized
INFO - 2025-02-09 02:36:04 --> Final output sent to browser
DEBUG - 2025-02-09 02:36:04 --> Total execution time: 0.0410
INFO - 2025-02-09 02:36:05 --> Config Class Initialized
INFO - 2025-02-09 02:36:05 --> Hooks Class Initialized
DEBUG - 2025-02-09 02:36:05 --> UTF-8 Support Enabled
INFO - 2025-02-09 02:36:05 --> Utf8 Class Initialized
INFO - 2025-02-09 02:36:05 --> URI Class Initialized
INFO - 2025-02-09 02:36:05 --> Router Class Initialized
INFO - 2025-02-09 02:36:05 --> Output Class Initialized
INFO - 2025-02-09 02:36:05 --> Security Class Initialized
DEBUG - 2025-02-09 02:36:05 --> Global POST, GET and COOKIE data sanitized
INFO - 2025-02-09 02:36:05 --> Input Class Initialized
INFO - 2025-02-09 02:36:05 --> Language Class Initialized
INFO - 2025-02-09 02:36:05 --> Language Class Initialized
INFO - 2025-02-09 02:36:05 --> Config Class Initialized
INFO - 2025-02-09 02:36:05 --> Loader Class Initialized
INFO - 2025-02-09 02:36:05 --> Helper loaded: url_helper
INFO - 2025-02-09 02:36:05 --> Helper loaded: easyui_helper
INFO - 2025-02-09 02:36:05 --> Helper loaded: param_helper
INFO - 2025-02-09 02:36:05 --> Helper loaded: credential_helper
INFO - 2025-02-09 02:36:05 --> Helper loaded: template_helper
INFO - 2025-02-09 02:36:05 --> Helper loaded: rest_helper
INFO - 2025-02-09 02:36:05 --> Database Driver Class Initialized
DEBUG - 2025-02-09 02:36:05 --> Idgenerator class already loaded. Second attempt ignored.
INFO - 2025-02-09 02:36:05 --> Controller Class Initialized
INFO - 2025-02-09 02:36:05 --> Model Class Initialized
DEBUG - 2025-02-09 02:36:05 --> File loaded: /apps/web-drc/application/modules/app_resource/models/Resource_model.php
INFO - 2025-02-09 02:36:05 --> Model Class Initialized
INFO - 2025-02-09 02:36:05 --> Final output sent to browser
DEBUG - 2025-02-09 02:36:05 --> Total execution time: 0.0502
INFO - 2025-02-09 02:36:06 --> Config Class Initialized
INFO - 2025-02-09 02:36:06 --> Hooks Class Initialized
DEBUG - 2025-02-09 02:36:06 --> UTF-8 Support Enabled
INFO - 2025-02-09 02:36:06 --> Utf8 Class Initialized
INFO - 2025-02-09 02:36:06 --> URI Class Initialized
INFO - 2025-02-09 02:36:06 --> Router Class Initialized
INFO - 2025-02-09 02:36:06 --> Output Class Initialized
INFO - 2025-02-09 02:36:06 --> Security Class Initialized
DEBUG - 2025-02-09 02:36:06 --> Global POST, GET and COOKIE data sanitized
INFO - 2025-02-09 02:36:06 --> Input Class Initialized
INFO - 2025-02-09 02:36:06 --> Language Class Initialized
INFO - 2025-02-09 02:36:06 --> Language Class Initialized
INFO - 2025-02-09 02:36:06 --> Config Class Initialized
INFO - 2025-02-09 02:36:06 --> Loader Class Initialized
INFO - 2025-02-09 02:36:06 --> Helper loaded: url_helper
INFO - 2025-02-09 02:36:06 --> Helper loaded: easyui_helper
INFO - 2025-02-09 02:36:06 --> Helper loaded: param_helper
INFO - 2025-02-09 02:36:06 --> Helper loaded: credential_helper
INFO - 2025-02-09 02:36:06 --> Helper loaded: template_helper
INFO - 2025-02-09 02:36:06 --> Helper loaded: rest_helper
INFO - 2025-02-09 02:36:06 --> Database Driver Class Initialized
DEBUG - 2025-02-09 02:36:06 --> Idgenerator class already loaded. Second attempt ignored.
INFO - 2025-02-09 02:36:06 --> Controller Class Initialized
INFO - 2025-02-09 02:36:06 --> Model Class Initialized
DEBUG - 2025-02-09 02:36:06 --> File loaded: /apps/web-drc/application/modules/app_resource/models/Resource_model.php
INFO - 2025-02-09 02:36:06 --> Model Class Initialized
INFO - 2025-02-09 02:36:06 --> Final output sent to browser
DEBUG - 2025-02-09 02:36:06 --> Total execution time: 0.0363
INFO - 2025-02-09 02:36:08 --> Config Class Initialized
INFO - 2025-02-09 02:36:08 --> Hooks Class Initialized
DEBUG - 2025-02-09 02:36:08 --> UTF-8 Support Enabled
INFO - 2025-02-09 02:36:08 --> Utf8 Class Initialized
INFO - 2025-02-09 02:36:08 --> URI Class Initialized
INFO - 2025-02-09 02:36:08 --> Router Class Initialized
INFO - 2025-02-09 02:36:08 --> Output Class Initialized
INFO - 2025-02-09 02:36:08 --> Security Class Initialized
DEBUG - 2025-02-09 02:36:08 --> Global POST, GET and COOKIE data sanitized
INFO - 2025-02-09 02:36:08 --> Input Class Initialized
INFO - 2025-02-09 02:36:08 --> Language Class Initialized
INFO - 2025-02-09 02:36:08 --> Language Class Initialized
INFO - 2025-02-09 02:36:08 --> Config Class Initialized
INFO - 2025-02-09 02:36:08 --> Loader Class Initialized
INFO - 2025-02-09 02:36:08 --> Helper loaded: url_helper
INFO - 2025-02-09 02:36:08 --> Helper loaded: easyui_helper
INFO - 2025-02-09 02:36:08 --> Helper loaded: param_helper
INFO - 2025-02-09 02:36:08 --> Helper loaded: credential_helper
INFO - 2025-02-09 02:36:08 --> Helper loaded: template_helper
INFO - 2025-02-09 02:36:08 --> Helper loaded: rest_helper
INFO - 2025-02-09 02:36:08 --> Database Driver Class Initialized
DEBUG - 2025-02-09 02:36:08 --> Idgenerator class already loaded. Second attempt ignored.
INFO - 2025-02-09 02:36:08 --> Controller Class Initialized
INFO - 2025-02-09 02:36:08 --> Model Class Initialized
DEBUG - 2025-02-09 02:36:08 --> File loaded: /apps/web-drc/application/modules/app_resource/models/Resource_model.php
INFO - 2025-02-09 02:36:08 --> Model Class Initialized
INFO - 2025-02-09 02:36:08 --> Final output sent to browser
DEBUG - 2025-02-09 02:36:08 --> Total execution time: 0.0417
INFO - 2025-02-09 02:36:09 --> Config Class Initialized
INFO - 2025-02-09 02:36:09 --> Hooks Class Initialized
DEBUG - 2025-02-09 02:36:09 --> UTF-8 Support Enabled
INFO - 2025-02-09 02:36:09 --> Utf8 Class Initialized
INFO - 2025-02-09 02:36:09 --> URI Class Initialized
INFO - 2025-02-09 02:36:09 --> Router Class Initialized
INFO - 2025-02-09 02:36:09 --> Output Class Initialized
INFO - 2025-02-09 02:36:09 --> Security Class Initialized
DEBUG - 2025-02-09 02:36:09 --> Global POST, GET and COOKIE data sanitized
INFO - 2025-02-09 02:36:09 --> Input Class Initialized
INFO - 2025-02-09 02:36:09 --> Language Class Initialized
INFO - 2025-02-09 02:36:09 --> Language Class Initialized
INFO - 2025-02-09 02:36:09 --> Config Class Initialized
INFO - 2025-02-09 02:36:09 --> Loader Class Initialized
INFO - 2025-02-09 02:36:09 --> Helper loaded: url_helper
INFO - 2025-02-09 02:36:09 --> Helper loaded: easyui_helper
INFO - 2025-02-09 02:36:09 --> Helper loaded: param_helper
INFO - 2025-02-09 02:36:09 --> Helper loaded: credential_helper
INFO - 2025-02-09 02:36:09 --> Helper loaded: template_helper
INFO - 2025-02-09 02:36:09 --> Helper loaded: rest_helper
INFO - 2025-02-09 02:36:09 --> Database Driver Class Initialized
DEBUG - 2025-02-09 02:36:09 --> Idgenerator class already loaded. Second attempt ignored.
INFO - 2025-02-09 02:36:09 --> Controller Class Initialized
INFO - 2025-02-09 02:36:09 --> Model Class Initialized
DEBUG - 2025-02-09 02:36:09 --> File loaded: /apps/web-drc/application/modules/app_resource/models/Resource_model.php
INFO - 2025-02-09 02:36:09 --> Model Class Initialized
INFO - 2025-02-09 02:36:09 --> Final output sent to browser
DEBUG - 2025-02-09 02:36:09 --> Total execution time: 0.0484
INFO - 2025-02-09 02:36:16 --> Config Class Initialized
INFO - 2025-02-09 02:36:16 --> Hooks Class Initialized
DEBUG - 2025-02-09 02:36:16 --> UTF-8 Support Enabled
INFO - 2025-02-09 02:36:16 --> Utf8 Class Initialized
INFO - 2025-02-09 02:36:16 --> URI Class Initialized
INFO - 2025-02-09 02:36:16 --> Router Class Initialized
INFO - 2025-02-09 02:36:16 --> Output Class Initialized
INFO - 2025-02-09 02:36:16 --> Security Class Initialized
DEBUG - 2025-02-09 02:36:16 --> Global POST, GET and COOKIE data sanitized
INFO - 2025-02-09 02:36:16 --> Input Class Initialized
INFO - 2025-02-09 02:36:16 --> Language Class Initialized
INFO - 2025-02-09 02:36:16 --> Language Class Initialized
INFO - 2025-02-09 02:36:16 --> Config Class Initialized
INFO - 2025-02-09 02:36:16 --> Loader Class Initialized
INFO - 2025-02-09 02:36:16 --> Helper loaded: url_helper
INFO - 2025-02-09 02:36:16 --> Helper loaded: easyui_helper
INFO - 2025-02-09 02:36:16 --> Helper loaded: param_helper
INFO - 2025-02-09 02:36:16 --> Helper loaded: credential_helper
INFO - 2025-02-09 02:36:16 --> Helper loaded: template_helper
INFO - 2025-02-09 02:36:16 --> Helper loaded: rest_helper
INFO - 2025-02-09 02:36:16 --> Database Driver Class Initialized
DEBUG - 2025-02-09 02:36:16 --> Idgenerator class already loaded. Second attempt ignored.
INFO - 2025-02-09 02:36:16 --> Controller Class Initialized
INFO - 2025-02-09 02:36:16 --> Model Class Initialized
DEBUG - 2025-02-09 02:36:16 --> File loaded: /apps/web-drc/application/modules/app_resource/models/Resource_model.php
INFO - 2025-02-09 02:36:16 --> Model Class Initialized
INFO - 2025-02-09 02:36:16 --> Final output sent to browser
DEBUG - 2025-02-09 02:36:16 --> Total execution time: 0.0373
INFO - 2025-02-09 02:36:29 --> Config Class Initialized
INFO - 2025-02-09 02:36:29 --> Hooks Class Initialized
DEBUG - 2025-02-09 02:36:29 --> UTF-8 Support Enabled
INFO - 2025-02-09 02:36:29 --> Utf8 Class Initialized
INFO - 2025-02-09 02:36:29 --> URI Class Initialized
INFO - 2025-02-09 02:36:29 --> Router Class Initialized
INFO - 2025-02-09 02:36:29 --> Output Class Initialized
INFO - 2025-02-09 02:36:29 --> Security Class Initialized
DEBUG - 2025-02-09 02:36:29 --> Global POST, GET and COOKIE data sanitized
INFO - 2025-02-09 02:36:29 --> Input Class Initialized
INFO - 2025-02-09 02:36:29 --> Language Class Initialized
INFO - 2025-02-09 02:36:29 --> Language Class Initialized
INFO - 2025-02-09 02:36:29 --> Config Class Initialized
INFO - 2025-02-09 02:36:29 --> Loader Class Initialized
INFO - 2025-02-09 02:36:29 --> Helper loaded: url_helper
INFO - 2025-02-09 02:36:29 --> Helper loaded: easyui_helper
INFO - 2025-02-09 02:36:29 --> Helper loaded: param_helper
INFO - 2025-02-09 02:36:29 --> Helper loaded: credential_helper
INFO - 2025-02-09 02:36:29 --> Helper loaded: template_helper
INFO - 2025-02-09 02:36:29 --> Helper loaded: rest_helper
INFO - 2025-02-09 02:36:29 --> Database Driver Class Initialized
DEBUG - 2025-02-09 02:36:29 --> Idgenerator class already loaded. Second attempt ignored.
INFO - 2025-02-09 02:36:29 --> Controller Class Initialized
INFO - 2025-02-09 02:36:29 --> Model Class Initialized
DEBUG - 2025-02-09 02:36:29 --> File loaded: /apps/web-drc/application/modules/app_resource/models/Resource_model.php
INFO - 2025-02-09 02:36:29 --> Model Class Initialized
DEBUG - 2025-02-09 02:36:29 --> File loaded: /apps/web-drc/application/modules/app_resource/views/form.php
DEBUG - 2025-02-09 02:36:29 --> File loaded: /apps/web-drc/application/views/templates/header.php
DEBUG - 2025-02-09 02:36:29 --> File loaded: /apps/web-drc/application/views/templates/toolbar.php
DEBUG - 2025-02-09 02:36:29 --> File loaded: /apps/web-drc/application/views/templates/sidebar.php
DEBUG - 2025-02-09 02:36:29 --> File loaded: /apps/web-drc/application/views/templates/contents.php
DEBUG - 2025-02-09 02:36:29 --> File loaded: /apps/web-drc/application/views/templates/content_footer.php
DEBUG - 2025-02-09 02:36:29 --> File loaded: /apps/web-drc/application/views/templates/footer.php
DEBUG - 2025-02-09 02:36:29 --> File loaded: /apps/web-drc/application/views/templates/default.php
INFO - 2025-02-09 02:36:29 --> Final output sent to browser
DEBUG - 2025-02-09 02:36:29 --> Total execution time: 0.0071
INFO - 2025-02-09 02:36:29 --> Config Class Initialized
INFO - 2025-02-09 02:36:29 --> Hooks Class Initialized
DEBUG - 2025-02-09 02:36:29 --> UTF-8 Support Enabled
INFO - 2025-02-09 02:36:29 --> Utf8 Class Initialized
INFO - 2025-02-09 02:36:29 --> URI Class Initialized
INFO - 2025-02-09 02:36:29 --> Router Class Initialized
INFO - 2025-02-09 02:36:29 --> Output Class Initialized
INFO - 2025-02-09 02:36:29 --> Security Class Initialized
DEBUG - 2025-02-09 02:36:29 --> Global POST, GET and COOKIE data sanitized
INFO - 2025-02-09 02:36:29 --> Input Class Initialized
INFO - 2025-02-09 02:36:29 --> Language Class Initialized
ERROR - 2025-02-09 02:36:29 --> 404 Page Not Found: /index
INFO - 2025-02-09 02:36:29 --> Config Class Initialized
INFO - 2025-02-09 02:36:29 --> Hooks Class Initialized
DEBUG - 2025-02-09 02:36:29 --> UTF-8 Support Enabled
INFO - 2025-02-09 02:36:29 --> Utf8 Class Initialized
INFO - 2025-02-09 02:36:29 --> URI Class Initialized
INFO - 2025-02-09 02:36:29 --> Router Class Initialized
INFO - 2025-02-09 02:36:29 --> Output Class Initialized
INFO - 2025-02-09 02:36:29 --> Security Class Initialized
DEBUG - 2025-02-09 02:36:29 --> Global POST, GET and COOKIE data sanitized
INFO - 2025-02-09 02:36:29 --> Input Class Initialized
INFO - 2025-02-09 02:36:29 --> Language Class Initialized
INFO - 2025-02-09 02:36:29 --> Language Class Initialized
INFO - 2025-02-09 02:36:29 --> Config Class Initialized
INFO - 2025-02-09 02:36:29 --> Loader Class Initialized
INFO - 2025-02-09 02:36:29 --> Helper loaded: url_helper
INFO - 2025-02-09 02:36:29 --> Helper loaded: easyui_helper
INFO - 2025-02-09 02:36:29 --> Helper loaded: param_helper
INFO - 2025-02-09 02:36:29 --> Helper loaded: credential_helper
INFO - 2025-02-09 02:36:29 --> Helper loaded: template_helper
INFO - 2025-02-09 02:36:29 --> Helper loaded: rest_helper
INFO - 2025-02-09 02:36:29 --> Database Driver Class Initialized
DEBUG - 2025-02-09 02:36:29 --> Idgenerator class already loaded. Second attempt ignored.
INFO - 2025-02-09 02:36:29 --> Controller Class Initialized
INFO - 2025-02-09 02:36:29 --> Model Class Initialized
DEBUG - 2025-02-09 02:36:29 --> File loaded: /apps/web-drc/application/modules/api_v1/models/Api_v1_model.php
INFO - 2025-02-09 02:36:29 --> Model Class Initialized
INFO - 2025-02-09 02:36:29 --> Final output sent to browser
DEBUG - 2025-02-09 02:36:29 --> Total execution time: 0.0041
INFO - 2025-02-09 02:36:29 --> Config Class Initialized
INFO - 2025-02-09 02:36:29 --> Hooks Class Initialized
DEBUG - 2025-02-09 02:36:29 --> UTF-8 Support Enabled
INFO - 2025-02-09 02:36:29 --> Utf8 Class Initialized
INFO - 2025-02-09 02:36:29 --> URI Class Initialized
INFO - 2025-02-09 02:36:29 --> Router Class Initialized
INFO - 2025-02-09 02:36:29 --> Output Class Initialized
INFO - 2025-02-09 02:36:29 --> Security Class Initialized
DEBUG - 2025-02-09 02:36:29 --> Global POST, GET and COOKIE data sanitized
INFO - 2025-02-09 02:36:29 --> Input Class Initialized
INFO - 2025-02-09 02:36:29 --> Language Class Initialized
INFO - 2025-02-09 02:36:29 --> Language Class Initialized
INFO - 2025-02-09 02:36:29 --> Config Class Initialized
INFO - 2025-02-09 02:36:29 --> Loader Class Initialized
INFO - 2025-02-09 02:36:29 --> Helper loaded: url_helper
INFO - 2025-02-09 02:36:29 --> Helper loaded: easyui_helper
INFO - 2025-02-09 02:36:29 --> Helper loaded: param_helper
INFO - 2025-02-09 02:36:29 --> Helper loaded: credential_helper
INFO - 2025-02-09 02:36:29 --> Helper loaded: template_helper
INFO - 2025-02-09 02:36:29 --> Helper loaded: rest_helper
INFO - 2025-02-09 02:36:29 --> Database Driver Class Initialized
DEBUG - 2025-02-09 02:36:29 --> Idgenerator class already loaded. Second attempt ignored.
INFO - 2025-02-09 02:36:29 --> Controller Class Initialized
INFO - 2025-02-09 02:36:29 --> Model Class Initialized
DEBUG - 2025-02-09 02:36:29 --> File loaded: /apps/web-drc/application/modules/app_resource/models/Resource_model.php
INFO - 2025-02-09 02:36:29 --> Model Class Initialized
INFO - 2025-02-09 02:36:29 --> Final output sent to browser
DEBUG - 2025-02-09 02:36:29 --> Total execution time: 0.0039
INFO - 2025-02-09 02:36:29 --> Config Class Initialized
INFO - 2025-02-09 02:36:29 --> Hooks Class Initialized
DEBUG - 2025-02-09 02:36:29 --> UTF-8 Support Enabled
INFO - 2025-02-09 02:36:29 --> Utf8 Class Initialized
INFO - 2025-02-09 02:36:29 --> URI Class Initialized
INFO - 2025-02-09 02:36:29 --> Router Class Initialized
INFO - 2025-02-09 02:36:29 --> Output Class Initialized
INFO - 2025-02-09 02:36:29 --> Security Class Initialized
DEBUG - 2025-02-09 02:36:29 --> Global POST, GET and COOKIE data sanitized
INFO - 2025-02-09 02:36:29 --> Input Class Initialized
INFO - 2025-02-09 02:36:29 --> Language Class Initialized
INFO - 2025-02-09 02:36:29 --> Language Class Initialized
INFO - 2025-02-09 02:36:29 --> Config Class Initialized
INFO - 2025-02-09 02:36:29 --> Loader Class Initialized
INFO - 2025-02-09 02:36:29 --> Helper loaded: url_helper
INFO - 2025-02-09 02:36:29 --> Helper loaded: easyui_helper
INFO - 2025-02-09 02:36:29 --> Helper loaded: param_helper
INFO - 2025-02-09 02:36:29 --> Helper loaded: credential_helper
INFO - 2025-02-09 02:36:29 --> Helper loaded: template_helper
INFO - 2025-02-09 02:36:29 --> Helper loaded: rest_helper
INFO - 2025-02-09 02:36:29 --> Database Driver Class Initialized
DEBUG - 2025-02-09 02:36:29 --> Idgenerator class already loaded. Second attempt ignored.
INFO - 2025-02-09 02:36:29 --> Controller Class Initialized
INFO - 2025-02-09 02:36:29 --> Model Class Initialized
DEBUG - 2025-02-09 02:36:29 --> File loaded: /apps/web-drc/application/modules/app_role/models/Role_model.php
INFO - 2025-02-09 02:36:29 --> Model Class Initialized
INFO - 2025-02-09 02:36:29 --> Final output sent to browser
DEBUG - 2025-02-09 02:36:29 --> Total execution time: 0.0056
INFO - 2025-02-09 02:36:29 --> Config Class Initialized
INFO - 2025-02-09 02:36:29 --> Hooks Class Initialized
DEBUG - 2025-02-09 02:36:29 --> UTF-8 Support Enabled
INFO - 2025-02-09 02:36:29 --> Utf8 Class Initialized
INFO - 2025-02-09 02:36:29 --> URI Class Initialized
INFO - 2025-02-09 02:36:29 --> Router Class Initialized
INFO - 2025-02-09 02:36:29 --> Output Class Initialized
INFO - 2025-02-09 02:36:29 --> Security Class Initialized
DEBUG - 2025-02-09 02:36:29 --> Global POST, GET and COOKIE data sanitized
INFO - 2025-02-09 02:36:29 --> Input Class Initialized
INFO - 2025-02-09 02:36:29 --> Language Class Initialized
INFO - 2025-02-09 02:36:29 --> Language Class Initialized
INFO - 2025-02-09 02:36:29 --> Config Class Initialized
INFO - 2025-02-09 02:36:29 --> Loader Class Initialized
INFO - 2025-02-09 02:36:29 --> Helper loaded: url_helper
INFO - 2025-02-09 02:36:29 --> Helper loaded: easyui_helper
INFO - 2025-02-09 02:36:29 --> Helper loaded: param_helper
INFO - 2025-02-09 02:36:29 --> Helper loaded: credential_helper
INFO - 2025-02-09 02:36:29 --> Helper loaded: template_helper
INFO - 2025-02-09 02:36:29 --> Helper loaded: rest_helper
INFO - 2025-02-09 02:36:29 --> Database Driver Class Initialized
DEBUG - 2025-02-09 02:36:29 --> Idgenerator class already loaded. Second attempt ignored.
INFO - 2025-02-09 02:36:29 --> Controller Class Initialized
INFO - 2025-02-09 02:36:29 --> Model Class Initialized
DEBUG - 2025-02-09 02:36:29 --> File loaded: /apps/web-drc/application/modules/app_resource/models/Resource_model.php
INFO - 2025-02-09 02:36:29 --> Model Class Initialized
INFO - 2025-02-09 02:36:29 --> Final output sent to browser
DEBUG - 2025-02-09 02:36:29 --> Total execution time: 0.0037
INFO - 2025-02-09 02:36:29 --> Config Class Initialized
INFO - 2025-02-09 02:36:29 --> Hooks Class Initialized
DEBUG - 2025-02-09 02:36:29 --> UTF-8 Support Enabled
INFO - 2025-02-09 02:36:29 --> Utf8 Class Initialized
INFO - 2025-02-09 02:36:29 --> URI Class Initialized
INFO - 2025-02-09 02:36:29 --> Router Class Initialized
INFO - 2025-02-09 02:36:29 --> Output Class Initialized
INFO - 2025-02-09 02:36:29 --> Security Class Initialized
DEBUG - 2025-02-09 02:36:29 --> Global POST, GET and COOKIE data sanitized
INFO - 2025-02-09 02:36:29 --> Input Class Initialized
INFO - 2025-02-09 02:36:29 --> Language Class Initialized
INFO - 2025-02-09 02:36:29 --> Language Class Initialized
INFO - 2025-02-09 02:36:29 --> Config Class Initialized
INFO - 2025-02-09 02:36:29 --> Loader Class Initialized
INFO - 2025-02-09 02:36:29 --> Helper loaded: url_helper
INFO - 2025-02-09 02:36:29 --> Helper loaded: easyui_helper
INFO - 2025-02-09 02:36:29 --> Helper loaded: param_helper
INFO - 2025-02-09 02:36:29 --> Helper loaded: credential_helper
INFO - 2025-02-09 02:36:29 --> Helper loaded: template_helper
INFO - 2025-02-09 02:36:29 --> Helper loaded: rest_helper
INFO - 2025-02-09 02:36:29 --> Database Driver Class Initialized
DEBUG - 2025-02-09 02:36:29 --> Idgenerator class already loaded. Second attempt ignored.
INFO - 2025-02-09 02:36:29 --> Controller Class Initialized
INFO - 2025-02-09 02:36:29 --> Model Class Initialized
DEBUG - 2025-02-09 02:36:29 --> File loaded: /apps/web-drc/application/modules/ref_jabatan/models/Jabatan_model.php
INFO - 2025-02-09 02:36:29 --> Model Class Initialized
INFO - 2025-02-09 02:36:29 --> Final output sent to browser
DEBUG - 2025-02-09 02:36:29 --> Total execution time: 0.0070
INFO - 2025-02-09 02:36:45 --> Config Class Initialized
INFO - 2025-02-09 02:36:45 --> Hooks Class Initialized
DEBUG - 2025-02-09 02:36:45 --> UTF-8 Support Enabled
INFO - 2025-02-09 02:36:45 --> Utf8 Class Initialized
INFO - 2025-02-09 02:36:45 --> URI Class Initialized
INFO - 2025-02-09 02:36:45 --> Router Class Initialized
INFO - 2025-02-09 02:36:45 --> Output Class Initialized
INFO - 2025-02-09 02:36:45 --> Security Class Initialized
DEBUG - 2025-02-09 02:36:45 --> Global POST, GET and COOKIE data sanitized
INFO - 2025-02-09 02:36:45 --> Input Class Initialized
INFO - 2025-02-09 02:36:45 --> Language Class Initialized
INFO - 2025-02-09 02:36:45 --> Language Class Initialized
INFO - 2025-02-09 02:36:45 --> Config Class Initialized
INFO - 2025-02-09 02:36:45 --> Loader Class Initialized
INFO - 2025-02-09 02:36:45 --> Helper loaded: url_helper
INFO - 2025-02-09 02:36:45 --> Helper loaded: easyui_helper
INFO - 2025-02-09 02:36:45 --> Helper loaded: param_helper
INFO - 2025-02-09 02:36:45 --> Helper loaded: credential_helper
INFO - 2025-02-09 02:36:45 --> Helper loaded: template_helper
INFO - 2025-02-09 02:36:45 --> Helper loaded: rest_helper
INFO - 2025-02-09 02:36:45 --> Database Driver Class Initialized
DEBUG - 2025-02-09 02:36:45 --> Idgenerator class already loaded. Second attempt ignored.
INFO - 2025-02-09 02:36:45 --> Controller Class Initialized
INFO - 2025-02-09 02:36:45 --> Model Class Initialized
DEBUG - 2025-02-09 02:36:45 --> File loaded: /apps/web-drc/application/modules/app_resource/models/Resource_model.php
INFO - 2025-02-09 02:36:45 --> Model Class Initialized
DEBUG - 2025-02-09 02:36:45 --> File loaded: /apps/web-drc/application/modules/app_resource/views/content.php
DEBUG - 2025-02-09 02:36:45 --> File loaded: /apps/web-drc/application/views/templates/header.php
DEBUG - 2025-02-09 02:36:45 --> File loaded: /apps/web-drc/application/views/templates/toolbar.php
DEBUG - 2025-02-09 02:36:45 --> File loaded: /apps/web-drc/application/views/templates/sidebar.php
DEBUG - 2025-02-09 02:36:45 --> File loaded: /apps/web-drc/application/views/templates/contents.php
DEBUG - 2025-02-09 02:36:45 --> File loaded: /apps/web-drc/application/views/templates/content_footer.php
DEBUG - 2025-02-09 02:36:45 --> File loaded: /apps/web-drc/application/views/templates/footer.php
DEBUG - 2025-02-09 02:36:45 --> File loaded: /apps/web-drc/application/views/templates/default.php
INFO - 2025-02-09 02:36:45 --> Final output sent to browser
DEBUG - 2025-02-09 02:36:45 --> Total execution time: 0.0057
INFO - 2025-02-09 02:36:45 --> Config Class Initialized
INFO - 2025-02-09 02:36:45 --> Hooks Class Initialized
DEBUG - 2025-02-09 02:36:45 --> UTF-8 Support Enabled
INFO - 2025-02-09 02:36:45 --> Utf8 Class Initialized
INFO - 2025-02-09 02:36:45 --> URI Class Initialized
INFO - 2025-02-09 02:36:45 --> Router Class Initialized
INFO - 2025-02-09 02:36:45 --> Output Class Initialized
INFO - 2025-02-09 02:36:45 --> Security Class Initialized
DEBUG - 2025-02-09 02:36:45 --> Global POST, GET and COOKIE data sanitized
INFO - 2025-02-09 02:36:45 --> Input Class Initialized
INFO - 2025-02-09 02:36:45 --> Language Class Initialized
ERROR - 2025-02-09 02:36:45 --> 404 Page Not Found: /index
INFO - 2025-02-09 02:36:46 --> Config Class Initialized
INFO - 2025-02-09 02:36:46 --> Hooks Class Initialized
DEBUG - 2025-02-09 02:36:46 --> UTF-8 Support Enabled
INFO - 2025-02-09 02:36:46 --> Utf8 Class Initialized
INFO - 2025-02-09 02:36:46 --> URI Class Initialized
INFO - 2025-02-09 02:36:46 --> Router Class Initialized
INFO - 2025-02-09 02:36:46 --> Output Class Initialized
INFO - 2025-02-09 02:36:46 --> Security Class Initialized
DEBUG - 2025-02-09 02:36:46 --> Global POST, GET and COOKIE data sanitized
INFO - 2025-02-09 02:36:46 --> Input Class Initialized
INFO - 2025-02-09 02:36:46 --> Language Class Initialized
INFO - 2025-02-09 02:36:46 --> Language Class Initialized
INFO - 2025-02-09 02:36:46 --> Config Class Initialized
INFO - 2025-02-09 02:36:46 --> Loader Class Initialized
INFO - 2025-02-09 02:36:46 --> Helper loaded: url_helper
INFO - 2025-02-09 02:36:46 --> Helper loaded: easyui_helper
INFO - 2025-02-09 02:36:46 --> Helper loaded: param_helper
INFO - 2025-02-09 02:36:46 --> Helper loaded: credential_helper
INFO - 2025-02-09 02:36:46 --> Helper loaded: template_helper
INFO - 2025-02-09 02:36:46 --> Helper loaded: rest_helper
INFO - 2025-02-09 02:36:46 --> Database Driver Class Initialized
DEBUG - 2025-02-09 02:36:46 --> Idgenerator class already loaded. Second attempt ignored.
INFO - 2025-02-09 02:36:46 --> Controller Class Initialized
INFO - 2025-02-09 02:36:46 --> Model Class Initialized
DEBUG - 2025-02-09 02:36:46 --> File loaded: /apps/web-drc/application/modules/app_resource/models/Resource_model.php
INFO - 2025-02-09 02:36:46 --> Model Class Initialized
INFO - 2025-02-09 02:36:46 --> Final output sent to browser
DEBUG - 2025-02-09 02:36:46 --> Total execution time: 0.0357
INFO - 2025-02-09 02:36:52 --> Config Class Initialized
INFO - 2025-02-09 02:36:52 --> Hooks Class Initialized
DEBUG - 2025-02-09 02:36:52 --> UTF-8 Support Enabled
INFO - 2025-02-09 02:36:52 --> Utf8 Class Initialized
INFO - 2025-02-09 02:36:52 --> URI Class Initialized
INFO - 2025-02-09 02:36:52 --> Router Class Initialized
INFO - 2025-02-09 02:36:52 --> Output Class Initialized
INFO - 2025-02-09 02:36:52 --> Security Class Initialized
DEBUG - 2025-02-09 02:36:52 --> Global POST, GET and COOKIE data sanitized
INFO - 2025-02-09 02:36:52 --> Input Class Initialized
INFO - 2025-02-09 02:36:52 --> Language Class Initialized
INFO - 2025-02-09 02:36:52 --> Language Class Initialized
INFO - 2025-02-09 02:36:52 --> Config Class Initialized
INFO - 2025-02-09 02:36:52 --> Loader Class Initialized
INFO - 2025-02-09 02:36:52 --> Helper loaded: url_helper
INFO - 2025-02-09 02:36:52 --> Helper loaded: easyui_helper
INFO - 2025-02-09 02:36:52 --> Helper loaded: param_helper
INFO - 2025-02-09 02:36:52 --> Helper loaded: credential_helper
INFO - 2025-02-09 02:36:52 --> Helper loaded: template_helper
INFO - 2025-02-09 02:36:52 --> Helper loaded: rest_helper
INFO - 2025-02-09 02:36:52 --> Database Driver Class Initialized
DEBUG - 2025-02-09 02:36:52 --> Idgenerator class already loaded. Second attempt ignored.
INFO - 2025-02-09 02:36:52 --> Controller Class Initialized
INFO - 2025-02-09 02:36:52 --> Model Class Initialized
DEBUG - 2025-02-09 02:36:52 --> File loaded: /apps/web-drc/application/modules/change_mypassword/models/Change_mypassword_model.php
INFO - 2025-02-09 02:36:52 --> Model Class Initialized
DEBUG - 2025-02-09 02:36:52 --> File loaded: /apps/web-drc/application/modules/change_mypassword/views/form.php
DEBUG - 2025-02-09 02:36:52 --> File loaded: /apps/web-drc/application/views/templates/header.php
DEBUG - 2025-02-09 02:36:52 --> File loaded: /apps/web-drc/application/views/templates/toolbar.php
DEBUG - 2025-02-09 02:36:52 --> File loaded: /apps/web-drc/application/views/templates/sidebar.php
DEBUG - 2025-02-09 02:36:52 --> File loaded: /apps/web-drc/application/views/templates/contents.php
DEBUG - 2025-02-09 02:36:52 --> File loaded: /apps/web-drc/application/views/templates/content_footer.php
DEBUG - 2025-02-09 02:36:52 --> File loaded: /apps/web-drc/application/views/templates/footer.php
DEBUG - 2025-02-09 02:36:52 --> File loaded: /apps/web-drc/application/views/templates/default.php
INFO - 2025-02-09 02:36:52 --> Final output sent to browser
DEBUG - 2025-02-09 02:36:52 --> Total execution time: 0.0066
INFO - 2025-02-09 02:36:52 --> Config Class Initialized
INFO - 2025-02-09 02:36:52 --> Hooks Class Initialized
DEBUG - 2025-02-09 02:36:52 --> UTF-8 Support Enabled
INFO - 2025-02-09 02:36:52 --> Utf8 Class Initialized
INFO - 2025-02-09 02:36:52 --> URI Class Initialized
INFO - 2025-02-09 02:36:52 --> Router Class Initialized
INFO - 2025-02-09 02:36:52 --> Output Class Initialized
INFO - 2025-02-09 02:36:52 --> Security Class Initialized
DEBUG - 2025-02-09 02:36:52 --> Global POST, GET and COOKIE data sanitized
INFO - 2025-02-09 02:36:52 --> Input Class Initialized
INFO - 2025-02-09 02:36:52 --> Language Class Initialized
ERROR - 2025-02-09 02:36:52 --> 404 Page Not Found: /index
INFO - 2025-02-09 02:36:54 --> Config Class Initialized
INFO - 2025-02-09 02:36:54 --> Hooks Class Initialized
DEBUG - 2025-02-09 02:36:54 --> UTF-8 Support Enabled
INFO - 2025-02-09 02:36:54 --> Utf8 Class Initialized
INFO - 2025-02-09 02:36:54 --> URI Class Initialized
INFO - 2025-02-09 02:36:54 --> Router Class Initialized
INFO - 2025-02-09 02:36:54 --> Output Class Initialized
INFO - 2025-02-09 02:36:54 --> Security Class Initialized
DEBUG - 2025-02-09 02:36:54 --> Global POST, GET and COOKIE data sanitized
INFO - 2025-02-09 02:36:54 --> Input Class Initialized
INFO - 2025-02-09 02:36:54 --> Language Class Initialized
INFO - 2025-02-09 02:36:54 --> Language Class Initialized
INFO - 2025-02-09 02:36:54 --> Config Class Initialized
INFO - 2025-02-09 02:36:54 --> Loader Class Initialized
INFO - 2025-02-09 02:36:54 --> Helper loaded: url_helper
INFO - 2025-02-09 02:36:54 --> Helper loaded: easyui_helper
INFO - 2025-02-09 02:36:54 --> Helper loaded: param_helper
INFO - 2025-02-09 02:36:54 --> Helper loaded: credential_helper
INFO - 2025-02-09 02:36:54 --> Helper loaded: template_helper
INFO - 2025-02-09 02:36:54 --> Helper loaded: rest_helper
INFO - 2025-02-09 02:36:54 --> Database Driver Class Initialized
DEBUG - 2025-02-09 02:36:54 --> Idgenerator class already loaded. Second attempt ignored.
INFO - 2025-02-09 02:36:54 --> Controller Class Initialized
INFO - 2025-02-09 02:36:54 --> Model Class Initialized
DEBUG - 2025-02-09 02:36:54 --> File loaded: /apps/web-drc/application/modules/app_dashboard/models/App_dashboard_model.php
INFO - 2025-02-09 02:36:54 --> Model Class Initialized
DEBUG - 2025-02-09 02:36:54 --> File loaded: /apps/web-drc/application/modules/app_dashboard/views/content.php
DEBUG - 2025-02-09 02:36:54 --> File loaded: /apps/web-drc/application/views/templates/header.php
DEBUG - 2025-02-09 02:36:54 --> File loaded: /apps/web-drc/application/views/templates/toolbar.php
DEBUG - 2025-02-09 02:36:54 --> File loaded: /apps/web-drc/application/views/templates/sidebar.php
DEBUG - 2025-02-09 02:36:54 --> File loaded: /apps/web-drc/application/views/templates/contents.php
DEBUG - 2025-02-09 02:36:54 --> File loaded: /apps/web-drc/application/views/templates/content_footer.php
DEBUG - 2025-02-09 02:36:54 --> File loaded: /apps/web-drc/application/views/templates/footer.php
DEBUG - 2025-02-09 02:36:54 --> File loaded: /apps/web-drc/application/views/templates/default.php
INFO - 2025-02-09 02:36:54 --> Final output sent to browser
DEBUG - 2025-02-09 02:36:54 --> Total execution time: 0.0072
INFO - 2025-02-09 02:36:54 --> Config Class Initialized
INFO - 2025-02-09 02:36:54 --> Hooks Class Initialized
DEBUG - 2025-02-09 02:36:54 --> UTF-8 Support Enabled
INFO - 2025-02-09 02:36:54 --> Utf8 Class Initialized
INFO - 2025-02-09 02:36:54 --> URI Class Initialized
INFO - 2025-02-09 02:36:54 --> Router Class Initialized
INFO - 2025-02-09 02:36:54 --> Output Class Initialized
INFO - 2025-02-09 02:36:54 --> Security Class Initialized
DEBUG - 2025-02-09 02:36:54 --> Global POST, GET and COOKIE data sanitized
INFO - 2025-02-09 02:36:54 --> Input Class Initialized
INFO - 2025-02-09 02:36:54 --> Language Class Initialized
ERROR - 2025-02-09 02:36:54 --> 404 Page Not Found: /index
INFO - 2025-02-09 02:36:54 --> Config Class Initialized
INFO - 2025-02-09 02:36:54 --> Hooks Class Initialized
DEBUG - 2025-02-09 02:36:54 --> UTF-8 Support Enabled
INFO - 2025-02-09 02:36:54 --> Utf8 Class Initialized
INFO - 2025-02-09 02:36:54 --> URI Class Initialized
INFO - 2025-02-09 02:36:54 --> Router Class Initialized
INFO - 2025-02-09 02:36:54 --> Output Class Initialized
INFO - 2025-02-09 02:36:54 --> Security Class Initialized
DEBUG - 2025-02-09 02:36:54 --> Global POST, GET and COOKIE data sanitized
INFO - 2025-02-09 02:36:54 --> Input Class Initialized
INFO - 2025-02-09 02:36:54 --> Language Class Initialized
ERROR - 2025-02-09 02:36:54 --> 404 Page Not Found: /index
INFO - 2025-02-09 02:36:54 --> Config Class Initialized
INFO - 2025-02-09 02:36:54 --> Hooks Class Initialized
DEBUG - 2025-02-09 02:36:54 --> UTF-8 Support Enabled
INFO - 2025-02-09 02:36:54 --> Utf8 Class Initialized
INFO - 2025-02-09 02:36:54 --> URI Class Initialized
INFO - 2025-02-09 02:36:54 --> Router Class Initialized
INFO - 2025-02-09 02:36:54 --> Output Class Initialized
INFO - 2025-02-09 02:36:54 --> Security Class Initialized
DEBUG - 2025-02-09 02:36:54 --> Global POST, GET and COOKIE data sanitized
INFO - 2025-02-09 02:36:54 --> Input Class Initialized
INFO - 2025-02-09 02:36:54 --> Language Class Initialized
INFO - 2025-02-09 02:36:54 --> Language Class Initialized
INFO - 2025-02-09 02:36:54 --> Config Class Initialized
INFO - 2025-02-09 02:36:54 --> Loader Class Initialized
INFO - 2025-02-09 02:36:54 --> Helper loaded: url_helper
INFO - 2025-02-09 02:36:54 --> Helper loaded: easyui_helper
INFO - 2025-02-09 02:36:54 --> Helper loaded: param_helper
INFO - 2025-02-09 02:36:54 --> Helper loaded: credential_helper
INFO - 2025-02-09 02:36:54 --> Helper loaded: template_helper
INFO - 2025-02-09 02:36:54 --> Helper loaded: rest_helper
INFO - 2025-02-09 02:36:54 --> Database Driver Class Initialized
DEBUG - 2025-02-09 02:36:54 --> Idgenerator class already loaded. Second attempt ignored.
INFO - 2025-02-09 02:36:54 --> Controller Class Initialized
INFO - 2025-02-09 02:36:54 --> Model Class Initialized
DEBUG - 2025-02-09 02:36:54 --> File loaded: /apps/web-drc/application/modules/app_dashboard/models/App_dashboard_model.php
INFO - 2025-02-09 02:36:54 --> Model Class Initialized
INFO - 2025-02-09 02:36:54 --> Final output sent to browser
DEBUG - 2025-02-09 02:36:54 --> Total execution time: 0.0041
INFO - 2025-02-09 02:36:54 --> Config Class Initialized
INFO - 2025-02-09 02:36:54 --> Hooks Class Initialized
DEBUG - 2025-02-09 02:36:54 --> UTF-8 Support Enabled
INFO - 2025-02-09 02:36:54 --> Utf8 Class Initialized
INFO - 2025-02-09 02:36:54 --> URI Class Initialized
INFO - 2025-02-09 02:36:54 --> Router Class Initialized
INFO - 2025-02-09 02:36:54 --> Output Class Initialized
INFO - 2025-02-09 02:36:54 --> Security Class Initialized
DEBUG - 2025-02-09 02:36:54 --> Global POST, GET and COOKIE data sanitized
INFO - 2025-02-09 02:36:54 --> Input Class Initialized
INFO - 2025-02-09 02:36:54 --> Language Class Initialized
INFO - 2025-02-09 02:36:54 --> Language Class Initialized
INFO - 2025-02-09 02:36:54 --> Config Class Initialized
INFO - 2025-02-09 02:36:54 --> Loader Class Initialized
INFO - 2025-02-09 02:36:54 --> Helper loaded: url_helper
INFO - 2025-02-09 02:36:54 --> Helper loaded: easyui_helper
INFO - 2025-02-09 02:36:54 --> Helper loaded: param_helper
INFO - 2025-02-09 02:36:54 --> Helper loaded: credential_helper
INFO - 2025-02-09 02:36:54 --> Helper loaded: template_helper
INFO - 2025-02-09 02:36:54 --> Helper loaded: rest_helper
INFO - 2025-02-09 02:36:54 --> Database Driver Class Initialized
DEBUG - 2025-02-09 02:36:54 --> Idgenerator class already loaded. Second attempt ignored.
INFO - 2025-02-09 02:36:54 --> Controller Class Initialized
INFO - 2025-02-09 02:36:54 --> Model Class Initialized
DEBUG - 2025-02-09 02:36:54 --> File loaded: /apps/web-drc/application/modules/api_v1/models/Api_v1_model.php
INFO - 2025-02-09 02:36:54 --> Model Class Initialized
INFO - 2025-02-09 02:36:54 --> Final output sent to browser
DEBUG - 2025-02-09 02:36:54 --> Total execution time: 0.0032
INFO - 2025-02-09 02:37:00 --> Config Class Initialized
INFO - 2025-02-09 02:37:00 --> Hooks Class Initialized
DEBUG - 2025-02-09 02:37:00 --> UTF-8 Support Enabled
INFO - 2025-02-09 02:37:00 --> Utf8 Class Initialized
INFO - 2025-02-09 02:37:00 --> URI Class Initialized
INFO - 2025-02-09 02:37:00 --> Router Class Initialized
INFO - 2025-02-09 02:37:00 --> Output Class Initialized
INFO - 2025-02-09 02:37:00 --> Security Class Initialized
DEBUG - 2025-02-09 02:37:00 --> Global POST, GET and COOKIE data sanitized
INFO - 2025-02-09 02:37:00 --> Input Class Initialized
INFO - 2025-02-09 02:37:00 --> Language Class Initialized
INFO - 2025-02-09 02:37:00 --> Language Class Initialized
INFO - 2025-02-09 02:37:00 --> Config Class Initialized
INFO - 2025-02-09 02:37:00 --> Loader Class Initialized
INFO - 2025-02-09 02:37:00 --> Helper loaded: url_helper
INFO - 2025-02-09 02:37:00 --> Helper loaded: easyui_helper
INFO - 2025-02-09 02:37:00 --> Helper loaded: param_helper
INFO - 2025-02-09 02:37:00 --> Helper loaded: credential_helper
INFO - 2025-02-09 02:37:00 --> Helper loaded: template_helper
INFO - 2025-02-09 02:37:00 --> Helper loaded: rest_helper
INFO - 2025-02-09 02:37:00 --> Database Driver Class Initialized
DEBUG - 2025-02-09 02:37:00 --> Idgenerator class already loaded. Second attempt ignored.
INFO - 2025-02-09 02:37:00 --> Controller Class Initialized
INFO - 2025-02-09 02:37:00 --> Model Class Initialized
DEBUG - 2025-02-09 02:37:00 --> File loaded: /apps/web-drc/application/modules/app_dashboard/models/App_dashboard_model.php
INFO - 2025-02-09 02:37:00 --> Model Class Initialized
INFO - 2025-02-09 02:37:00 --> Final output sent to browser
DEBUG - 2025-02-09 02:37:00 --> Total execution time: 0.0435
INFO - 2025-02-09 02:37:04 --> Config Class Initialized
INFO - 2025-02-09 02:37:04 --> Hooks Class Initialized
DEBUG - 2025-02-09 02:37:04 --> UTF-8 Support Enabled
INFO - 2025-02-09 02:37:04 --> Utf8 Class Initialized
INFO - 2025-02-09 02:37:04 --> URI Class Initialized
INFO - 2025-02-09 02:37:04 --> Router Class Initialized
INFO - 2025-02-09 02:37:04 --> Output Class Initialized
INFO - 2025-02-09 02:37:04 --> Security Class Initialized
DEBUG - 2025-02-09 02:37:04 --> Global POST, GET and COOKIE data sanitized
INFO - 2025-02-09 02:37:04 --> Input Class Initialized
INFO - 2025-02-09 02:37:04 --> Language Class Initialized
INFO - 2025-02-09 02:37:04 --> Language Class Initialized
INFO - 2025-02-09 02:37:04 --> Config Class Initialized
INFO - 2025-02-09 02:37:04 --> Loader Class Initialized
INFO - 2025-02-09 02:37:04 --> Helper loaded: url_helper
INFO - 2025-02-09 02:37:04 --> Helper loaded: easyui_helper
INFO - 2025-02-09 02:37:04 --> Helper loaded: param_helper
INFO - 2025-02-09 02:37:04 --> Helper loaded: credential_helper
INFO - 2025-02-09 02:37:04 --> Helper loaded: template_helper
INFO - 2025-02-09 02:37:04 --> Helper loaded: rest_helper
INFO - 2025-02-09 02:37:04 --> Database Driver Class Initialized
DEBUG - 2025-02-09 02:37:04 --> Idgenerator class already loaded. Second attempt ignored.
INFO - 2025-02-09 02:37:04 --> Controller Class Initialized
INFO - 2025-02-09 02:37:04 --> Model Class Initialized
DEBUG - 2025-02-09 02:37:04 --> File loaded: /apps/web-drc/application/modules/app_dashboard/models/App_dashboard_model.php
INFO - 2025-02-09 02:37:04 --> Model Class Initialized
INFO - 2025-02-09 02:37:04 --> Final output sent to browser
DEBUG - 2025-02-09 02:37:04 --> Total execution time: 0.3049
INFO - 2025-02-09 02:37:37 --> Config Class Initialized
INFO - 2025-02-09 02:37:37 --> Hooks Class Initialized
DEBUG - 2025-02-09 02:37:37 --> UTF-8 Support Enabled
INFO - 2025-02-09 02:37:37 --> Utf8 Class Initialized
INFO - 2025-02-09 02:37:37 --> URI Class Initialized
INFO - 2025-02-09 02:37:37 --> Router Class Initialized
INFO - 2025-02-09 02:37:37 --> Output Class Initialized
INFO - 2025-02-09 02:37:37 --> Security Class Initialized
DEBUG - 2025-02-09 02:37:37 --> Global POST, GET and COOKIE data sanitized
INFO - 2025-02-09 02:37:37 --> Input Class Initialized
INFO - 2025-02-09 02:37:37 --> Language Class Initialized
INFO - 2025-02-09 02:37:37 --> Language Class Initialized
INFO - 2025-02-09 02:37:37 --> Config Class Initialized
INFO - 2025-02-09 02:37:37 --> Loader Class Initialized
INFO - 2025-02-09 02:37:37 --> Helper loaded: url_helper
INFO - 2025-02-09 02:37:37 --> Helper loaded: easyui_helper
INFO - 2025-02-09 02:37:37 --> Helper loaded: param_helper
INFO - 2025-02-09 02:37:37 --> Helper loaded: credential_helper
INFO - 2025-02-09 02:37:37 --> Helper loaded: template_helper
INFO - 2025-02-09 02:37:37 --> Helper loaded: rest_helper
INFO - 2025-02-09 02:37:37 --> Database Driver Class Initialized
DEBUG - 2025-02-09 02:37:37 --> Idgenerator class already loaded. Second attempt ignored.
INFO - 2025-02-09 02:37:37 --> Controller Class Initialized
INFO - 2025-02-09 02:37:37 --> Model Class Initialized
DEBUG - 2025-02-09 02:37:37 --> File loaded: /apps/web-drc/application/modules/app_dashboard/models/App_dashboard_model.php
INFO - 2025-02-09 02:37:37 --> Model Class Initialized
DEBUG - 2025-02-09 02:37:37 --> File loaded: /apps/web-drc/application/modules/app_dashboard/views/content.php
DEBUG - 2025-02-09 02:37:37 --> File loaded: /apps/web-drc/application/views/templates/header.php
DEBUG - 2025-02-09 02:37:37 --> File loaded: /apps/web-drc/application/views/templates/toolbar.php
DEBUG - 2025-02-09 02:37:37 --> File loaded: /apps/web-drc/application/views/templates/sidebar.php
DEBUG - 2025-02-09 02:37:37 --> File loaded: /apps/web-drc/application/views/templates/contents.php
DEBUG - 2025-02-09 02:37:37 --> File loaded: /apps/web-drc/application/views/templates/content_footer.php
DEBUG - 2025-02-09 02:37:37 --> File loaded: /apps/web-drc/application/views/templates/footer.php
DEBUG - 2025-02-09 02:37:37 --> File loaded: /apps/web-drc/application/views/templates/default.php
INFO - 2025-02-09 02:37:37 --> Final output sent to browser
DEBUG - 2025-02-09 02:37:37 --> Total execution time: 0.0060
INFO - 2025-02-09 02:37:37 --> Config Class Initialized
INFO - 2025-02-09 02:37:37 --> Hooks Class Initialized
DEBUG - 2025-02-09 02:37:37 --> UTF-8 Support Enabled
INFO - 2025-02-09 02:37:37 --> Utf8 Class Initialized
INFO - 2025-02-09 02:37:37 --> URI Class Initialized
INFO - 2025-02-09 02:37:37 --> Router Class Initialized
INFO - 2025-02-09 02:37:37 --> Output Class Initialized
INFO - 2025-02-09 02:37:37 --> Security Class Initialized
DEBUG - 2025-02-09 02:37:37 --> Global POST, GET and COOKIE data sanitized
INFO - 2025-02-09 02:37:37 --> Input Class Initialized
INFO - 2025-02-09 02:37:37 --> Language Class Initialized
ERROR - 2025-02-09 02:37:37 --> 404 Page Not Found: /index
INFO - 2025-02-09 02:37:37 --> Config Class Initialized
INFO - 2025-02-09 02:37:37 --> Hooks Class Initialized
DEBUG - 2025-02-09 02:37:37 --> UTF-8 Support Enabled
INFO - 2025-02-09 02:37:37 --> Utf8 Class Initialized
INFO - 2025-02-09 02:37:37 --> URI Class Initialized
INFO - 2025-02-09 02:37:37 --> Router Class Initialized
INFO - 2025-02-09 02:37:37 --> Output Class Initialized
INFO - 2025-02-09 02:37:37 --> Security Class Initialized
DEBUG - 2025-02-09 02:37:37 --> Global POST, GET and COOKIE data sanitized
INFO - 2025-02-09 02:37:37 --> Input Class Initialized
INFO - 2025-02-09 02:37:37 --> Language Class Initialized
INFO - 2025-02-09 02:37:37 --> Language Class Initialized
INFO - 2025-02-09 02:37:37 --> Config Class Initialized
INFO - 2025-02-09 02:37:37 --> Loader Class Initialized
INFO - 2025-02-09 02:37:37 --> Helper loaded: url_helper
INFO - 2025-02-09 02:37:37 --> Helper loaded: easyui_helper
INFO - 2025-02-09 02:37:37 --> Helper loaded: param_helper
INFO - 2025-02-09 02:37:37 --> Helper loaded: credential_helper
INFO - 2025-02-09 02:37:37 --> Helper loaded: template_helper
INFO - 2025-02-09 02:37:37 --> Helper loaded: rest_helper
INFO - 2025-02-09 02:37:37 --> Database Driver Class Initialized
DEBUG - 2025-02-09 02:37:37 --> Idgenerator class already loaded. Second attempt ignored.
INFO - 2025-02-09 02:37:37 --> Controller Class Initialized
INFO - 2025-02-09 02:37:37 --> Model Class Initialized
DEBUG - 2025-02-09 02:37:37 --> File loaded: /apps/web-drc/application/modules/app_dashboard/models/App_dashboard_model.php
INFO - 2025-02-09 02:37:37 --> Model Class Initialized
INFO - 2025-02-09 02:37:37 --> Final output sent to browser
DEBUG - 2025-02-09 02:37:37 --> Total execution time: 0.0052
INFO - 2025-02-09 02:37:37 --> Config Class Initialized
INFO - 2025-02-09 02:37:37 --> Hooks Class Initialized
DEBUG - 2025-02-09 02:37:37 --> UTF-8 Support Enabled
INFO - 2025-02-09 02:37:37 --> Utf8 Class Initialized
INFO - 2025-02-09 02:37:37 --> URI Class Initialized
INFO - 2025-02-09 02:37:37 --> Router Class Initialized
INFO - 2025-02-09 02:37:37 --> Output Class Initialized
INFO - 2025-02-09 02:37:37 --> Security Class Initialized
DEBUG - 2025-02-09 02:37:37 --> Global POST, GET and COOKIE data sanitized
INFO - 2025-02-09 02:37:37 --> Input Class Initialized
INFO - 2025-02-09 02:37:37 --> Language Class Initialized
INFO - 2025-02-09 02:37:37 --> Language Class Initialized
INFO - 2025-02-09 02:37:37 --> Config Class Initialized
INFO - 2025-02-09 02:37:37 --> Loader Class Initialized
INFO - 2025-02-09 02:37:37 --> Helper loaded: url_helper
INFO - 2025-02-09 02:37:37 --> Helper loaded: easyui_helper
INFO - 2025-02-09 02:37:37 --> Helper loaded: param_helper
INFO - 2025-02-09 02:37:37 --> Helper loaded: credential_helper
INFO - 2025-02-09 02:37:37 --> Helper loaded: template_helper
INFO - 2025-02-09 02:37:37 --> Helper loaded: rest_helper
INFO - 2025-02-09 02:37:37 --> Database Driver Class Initialized
DEBUG - 2025-02-09 02:37:37 --> Idgenerator class already loaded. Second attempt ignored.
INFO - 2025-02-09 02:37:37 --> Controller Class Initialized
INFO - 2025-02-09 02:37:37 --> Model Class Initialized
DEBUG - 2025-02-09 02:37:37 --> File loaded: /apps/web-drc/application/modules/api_v1/models/Api_v1_model.php
INFO - 2025-02-09 02:37:37 --> Model Class Initialized
INFO - 2025-02-09 02:37:37 --> Final output sent to browser
DEBUG - 2025-02-09 02:37:37 --> Total execution time: 0.0028
INFO - 2025-02-09 02:37:42 --> Config Class Initialized
INFO - 2025-02-09 02:37:42 --> Hooks Class Initialized
DEBUG - 2025-02-09 02:37:42 --> UTF-8 Support Enabled
INFO - 2025-02-09 02:37:42 --> Utf8 Class Initialized
INFO - 2025-02-09 02:37:42 --> URI Class Initialized
INFO - 2025-02-09 02:37:42 --> Router Class Initialized
INFO - 2025-02-09 02:37:42 --> Output Class Initialized
INFO - 2025-02-09 02:37:42 --> Security Class Initialized
DEBUG - 2025-02-09 02:37:42 --> Global POST, GET and COOKIE data sanitized
INFO - 2025-02-09 02:37:42 --> Input Class Initialized
INFO - 2025-02-09 02:37:42 --> Language Class Initialized
INFO - 2025-02-09 02:37:42 --> Language Class Initialized
INFO - 2025-02-09 02:37:42 --> Config Class Initialized
INFO - 2025-02-09 02:37:42 --> Loader Class Initialized
INFO - 2025-02-09 02:37:42 --> Helper loaded: url_helper
INFO - 2025-02-09 02:37:42 --> Helper loaded: easyui_helper
INFO - 2025-02-09 02:37:42 --> Helper loaded: param_helper
INFO - 2025-02-09 02:37:42 --> Helper loaded: credential_helper
INFO - 2025-02-09 02:37:42 --> Helper loaded: template_helper
INFO - 2025-02-09 02:37:42 --> Helper loaded: rest_helper
INFO - 2025-02-09 02:37:42 --> Database Driver Class Initialized
DEBUG - 2025-02-09 02:37:42 --> Idgenerator class already loaded. Second attempt ignored.
INFO - 2025-02-09 02:37:42 --> Controller Class Initialized
INFO - 2025-02-09 02:37:42 --> Model Class Initialized
DEBUG - 2025-02-09 02:37:42 --> File loaded: /apps/web-drc/application/modules/app_dashboard/models/App_dashboard_model.php
INFO - 2025-02-09 02:37:42 --> Model Class Initialized
INFO - 2025-02-09 02:37:42 --> Final output sent to browser
DEBUG - 2025-02-09 02:37:42 --> Total execution time: 0.0429
INFO - 2025-02-09 02:37:45 --> Config Class Initialized
INFO - 2025-02-09 02:37:45 --> Hooks Class Initialized
DEBUG - 2025-02-09 02:37:45 --> UTF-8 Support Enabled
INFO - 2025-02-09 02:37:45 --> Utf8 Class Initialized
INFO - 2025-02-09 02:37:45 --> URI Class Initialized
INFO - 2025-02-09 02:37:45 --> Router Class Initialized
INFO - 2025-02-09 02:37:45 --> Output Class Initialized
INFO - 2025-02-09 02:37:45 --> Security Class Initialized
DEBUG - 2025-02-09 02:37:45 --> Global POST, GET and COOKIE data sanitized
INFO - 2025-02-09 02:37:45 --> Input Class Initialized
INFO - 2025-02-09 02:37:45 --> Language Class Initialized
INFO - 2025-02-09 02:37:45 --> Language Class Initialized
INFO - 2025-02-09 02:37:45 --> Config Class Initialized
INFO - 2025-02-09 02:37:45 --> Loader Class Initialized
INFO - 2025-02-09 02:37:45 --> Helper loaded: url_helper
INFO - 2025-02-09 02:37:45 --> Helper loaded: easyui_helper
INFO - 2025-02-09 02:37:45 --> Helper loaded: param_helper
INFO - 2025-02-09 02:37:45 --> Helper loaded: credential_helper
INFO - 2025-02-09 02:37:45 --> Helper loaded: template_helper
INFO - 2025-02-09 02:37:45 --> Helper loaded: rest_helper
INFO - 2025-02-09 02:37:45 --> Database Driver Class Initialized
DEBUG - 2025-02-09 02:37:45 --> Idgenerator class already loaded. Second attempt ignored.
INFO - 2025-02-09 02:37:45 --> Controller Class Initialized
INFO - 2025-02-09 02:37:45 --> Model Class Initialized
DEBUG - 2025-02-09 02:37:45 --> File loaded: /apps/web-drc/application/modules/app_dashboard/models/App_dashboard_model.php
INFO - 2025-02-09 02:37:45 --> Model Class Initialized
INFO - 2025-02-09 02:37:45 --> Final output sent to browser
DEBUG - 2025-02-09 02:37:45 --> Total execution time: 0.0052
INFO - 2025-02-09 02:37:49 --> Config Class Initialized
INFO - 2025-02-09 02:37:49 --> Hooks Class Initialized
DEBUG - 2025-02-09 02:37:49 --> UTF-8 Support Enabled
INFO - 2025-02-09 02:37:49 --> Utf8 Class Initialized
INFO - 2025-02-09 02:37:49 --> URI Class Initialized
INFO - 2025-02-09 02:37:49 --> Router Class Initialized
INFO - 2025-02-09 02:37:49 --> Output Class Initialized
INFO - 2025-02-09 02:37:49 --> Security Class Initialized
DEBUG - 2025-02-09 02:37:49 --> Global POST, GET and COOKIE data sanitized
INFO - 2025-02-09 02:37:49 --> Input Class Initialized
INFO - 2025-02-09 02:37:49 --> Language Class Initialized
INFO - 2025-02-09 02:37:49 --> Language Class Initialized
INFO - 2025-02-09 02:37:49 --> Config Class Initialized
INFO - 2025-02-09 02:37:49 --> Loader Class Initialized
INFO - 2025-02-09 02:37:49 --> Helper loaded: url_helper
INFO - 2025-02-09 02:37:49 --> Helper loaded: easyui_helper
INFO - 2025-02-09 02:37:49 --> Helper loaded: param_helper
INFO - 2025-02-09 02:37:49 --> Helper loaded: credential_helper
INFO - 2025-02-09 02:37:49 --> Helper loaded: template_helper
INFO - 2025-02-09 02:37:49 --> Helper loaded: rest_helper
INFO - 2025-02-09 02:37:49 --> Database Driver Class Initialized
DEBUG - 2025-02-09 02:37:49 --> Idgenerator class already loaded. Second attempt ignored.
INFO - 2025-02-09 02:37:49 --> Controller Class Initialized
INFO - 2025-02-09 02:37:49 --> Model Class Initialized
DEBUG - 2025-02-09 02:37:49 --> File loaded: /apps/web-drc/application/modules/app_dashboard/models/App_dashboard_model.php
INFO - 2025-02-09 02:37:49 --> Model Class Initialized
INFO - 2025-02-09 02:37:49 --> Final output sent to browser
DEBUG - 2025-02-09 02:37:49 --> Total execution time: 0.0785
INFO - 2025-02-09 22:10:35 --> Config Class Initialized
INFO - 2025-02-09 22:10:35 --> Hooks Class Initialized
DEBUG - 2025-02-09 22:10:35 --> UTF-8 Support Enabled
INFO - 2025-02-09 22:10:35 --> Utf8 Class Initialized
INFO - 2025-02-09 22:10:35 --> URI Class Initialized
DEBUG - 2025-02-09 22:10:36 --> No URI present. Default controller set.
INFO - 2025-02-09 22:10:36 --> Router Class Initialized
INFO - 2025-02-09 22:10:36 --> Output Class Initialized
INFO - 2025-02-09 22:10:36 --> Security Class Initialized
DEBUG - 2025-02-09 22:10:36 --> Global POST, GET and COOKIE data sanitized
INFO - 2025-02-09 22:10:36 --> Input Class Initialized
INFO - 2025-02-09 22:10:36 --> Language Class Initialized
INFO - 2025-02-09 22:10:36 --> Language Class Initialized
INFO - 2025-02-09 22:10:36 --> Config Class Initialized
INFO - 2025-02-09 22:10:36 --> Loader Class Initialized
INFO - 2025-02-09 22:10:36 --> Helper loaded: url_helper
INFO - 2025-02-09 22:10:36 --> Helper loaded: easyui_helper
INFO - 2025-02-09 22:10:36 --> Helper loaded: param_helper
INFO - 2025-02-09 22:10:36 --> Helper loaded: credential_helper
INFO - 2025-02-09 22:10:36 --> Helper loaded: template_helper
INFO - 2025-02-09 22:10:36 --> Helper loaded: rest_helper
INFO - 2025-02-09 22:10:36 --> Database Driver Class Initialized
DEBUG - 2025-02-09 22:10:36 --> Idgenerator class already loaded. Second attempt ignored.
INFO - 2025-02-09 22:10:36 --> Controller Class Initialized
DEBUG - 2025-02-09 22:10:36 --> File loaded: /apps/web-drc/application/modules/app_auth/views/login_lte_template.php
DEBUG - 2025-02-09 22:10:36 --> File loaded: /apps/web-drc/application/views/template_login_lte/header.php
DEBUG - 2025-02-09 22:10:36 --> File loaded: /apps/web-drc/application/views/template_login_lte/contents.php
DEBUG - 2025-02-09 22:10:36 --> File loaded: /apps/web-drc/application/views/template_login_lte/default.php
INFO - 2025-02-09 22:10:36 --> Final output sent to browser
DEBUG - 2025-02-09 22:10:36 --> Total execution time: 0.0830
INFO - 2025-02-09 22:10:48 --> Config Class Initialized
INFO - 2025-02-09 22:10:48 --> Hooks Class Initialized
DEBUG - 2025-02-09 22:10:48 --> UTF-8 Support Enabled
INFO - 2025-02-09 22:10:48 --> Utf8 Class Initialized
INFO - 2025-02-09 22:10:48 --> URI Class Initialized
INFO - 2025-02-09 22:10:48 --> Router Class Initialized
INFO - 2025-02-09 22:10:48 --> Output Class Initialized
INFO - 2025-02-09 22:10:48 --> Security Class Initialized
DEBUG - 2025-02-09 22:10:48 --> Global POST, GET and COOKIE data sanitized
INFO - 2025-02-09 22:10:48 --> Input Class Initialized
INFO - 2025-02-09 22:10:48 --> Language Class Initialized
ERROR - 2025-02-09 22:10:48 --> 404 Page Not Found: /index
INFO - 2025-02-09 22:10:50 --> Config Class Initialized
INFO - 2025-02-09 22:10:50 --> Hooks Class Initialized
DEBUG - 2025-02-09 22:10:50 --> UTF-8 Support Enabled
INFO - 2025-02-09 22:10:50 --> Utf8 Class Initialized
INFO - 2025-02-09 22:10:50 --> URI Class Initialized
INFO - 2025-02-09 22:10:50 --> Router Class Initialized
INFO - 2025-02-09 22:10:50 --> Output Class Initialized
INFO - 2025-02-09 22:10:50 --> Security Class Initialized
DEBUG - 2025-02-09 22:10:50 --> Global POST, GET and COOKIE data sanitized
INFO - 2025-02-09 22:10:50 --> Input Class Initialized
INFO - 2025-02-09 22:10:50 --> Language Class Initialized
ERROR - 2025-02-09 22:10:50 --> 404 Page Not Found: /index
